ISO-10303-21;
HEADER;
FILE_DESCRIPTION(('Open CASCADE Model'),'2;1');
FILE_NAME('Open CASCADE Shape Model','2026-10-02T01:33:59',('Author'),(
    'Open CASCADE'),'Open CASCADE STEP processor 7.9','Open CASCADE 7.9'
  ,'Unknown');
FILE_SCHEMA(('AUTOMOTIVE_DESIGN { 1 0 10303 214 1 1 1 1 }'));
ENDSEC;
DATA;
#1 = APPLICATION_PROTOCOL_DEFINITION('international standard',
  'automotive_design',2000,#2);
#2 = APPLICATION_CONTEXT(
  'core data for automotive mechanical design processes');
#3 = SHAPE_DEFINITION_REPRESENTATION(#4,#10);
#4 = PRODUCT_DEFINITION_SHAPE('','',#5);
#5 = PRODUCT_DEFINITION('design','',#6,#9);
#6 = PRODUCT_DEFINITION_FORMATION('','',#7);
#7 = PRODUCT('Open CASCADE STEP translator 7.9 3',
  'Open CASCADE STEP translator 7.9 3','',(#8));
#8 = PRODUCT_CONTEXT('',#2,'mechanical');
#9 = PRODUCT_DEFINITION_CONTEXT('part definition',#2,'design');
#10 = ADVANCED_BREP_SHAPE_REPRESENTATION('',(#11,#15),#3104);
#11 = AXIS2_PLACEMENT_3D('',#12,#13,#14);
#12 = CARTESIAN_POINT('',(0.,0.,0.));
#13 = DIRECTION('',(0.,0.,1.));
#14 = DIRECTION('',(1.,0.,-0.));
#15 = MANIFOLD_SOLID_BREP('',#16);
#16 = CLOSED_SHELL('',(#17,#105,#158,#193,#197,#252,#318,#371,#424,#479,
    #1193,#1200,#1277,#1378,#1459,#1528,#1646,#1700,#1749,#1818,#1936,
    #1990,#2039,#2108,#2226,#2275,#2366,#2398,#2516,#2570,#2619,#2688,
    #2713,#2944,#3019,#3026,#3033,#3040,#3047,#3097));
#17 = ADVANCED_FACE('',(#18),#32,.T.);
#18 = FACE_BOUND('',#19,.T.);
#19 = EDGE_LOOP('',(#20,#50,#77,#78));
#20 = ORIENTED_EDGE('',*,*,#21,.T.);
#21 = EDGE_CURVE('',#22,#24,#26,.T.);
#22 = VERTEX_POINT('',#23);
#23 = CARTESIAN_POINT('',(52.415,138.6,-3.526982781544E-15));
#24 = VERTEX_POINT('',#25);
#25 = CARTESIAN_POINT('',(138.695,138.6,0.));
#26 = SEAM_CURVE('',#27,(#31,#43),.PCURVE_S1.);
#27 = LINE('',#28,#29);
#28 = CARTESIAN_POINT('',(52.415,138.6,-3.526982781544E-15));
#29 = VECTOR('',#30,1.);
#30 = DIRECTION('',(1.,0.,0.));
#31 = PCURVE('',#32,#37);
#32 = CYLINDRICAL_SURFACE('',#33,14.4);
#33 = AXIS2_PLACEMENT_3D('',#34,#35,#36);
#34 = CARTESIAN_POINT('',(52.415,124.2,0.));
#35 = DIRECTION('',(1.,0.,0.));
#36 = DIRECTION('',(0.,1.,0.));
#37 = DEFINITIONAL_REPRESENTATION('',(#38),#42);
#38 = LINE('',#39,#40);
#39 = CARTESIAN_POINT('',(6.28318530718,-0.));
#40 = VECTOR('',#41,1.);
#41 = DIRECTION('',(0.,1.));
#42 = ( GEOMETRIC_REPRESENTATION_CONTEXT(2) 
PARAMETRIC_REPRESENTATION_CONTEXT() REPRESENTATION_CONTEXT('2D SPACE',''
  ) );
#43 = PCURVE('',#32,#44);
#44 = DEFINITIONAL_REPRESENTATION('',(#45),#49);
#45 = LINE('',#46,#47);
#46 = CARTESIAN_POINT('',(0.,-0.));
#47 = VECTOR('',#48,1.);
#48 = DIRECTION('',(0.,1.));
#49 = ( GEOMETRIC_REPRESENTATION_CONTEXT(2) 
PARAMETRIC_REPRESENTATION_CONTEXT() REPRESENTATION_CONTEXT('2D SPACE',''
  ) );
#50 = ORIENTED_EDGE('',*,*,#51,.F.);
#51 = EDGE_CURVE('',#24,#24,#52,.T.);
#52 = SURFACE_CURVE('',#53,(#58,#65),.PCURVE_S1.);
#53 = CIRCLE('',#54,14.4);
#54 = AXIS2_PLACEMENT_3D('',#55,#56,#57);
#55 = CARTESIAN_POINT('',(138.695,124.2,0.));
#56 = DIRECTION('',(1.,0.,0.));
#57 = DIRECTION('',(-0.,1.,0.));
#58 = PCURVE('',#32,#59);
#59 = DEFINITIONAL_REPRESENTATION('',(#60),#64);
#60 = LINE('',#61,#62);
#61 = CARTESIAN_POINT('',(0.,86.28));
#62 = VECTOR('',#63,1.);
#63 = DIRECTION('',(1.,0.));
#64 = ( GEOMETRIC_REPRESENTATION_CONTEXT(2) 
PARAMETRIC_REPRESENTATION_CONTEXT() REPRESENTATION_CONTEXT('2D SPACE',''
  ) );
#65 = PCURVE('',#66,#71);
#66 = CONICAL_SURFACE('',#67,14.4,0.785398163397);
#67 = AXIS2_PLACEMENT_3D('',#68,#69,#70);
#68 = CARTESIAN_POINT('',(138.695,124.2,0.));
#69 = DIRECTION('',(-1.,-0.,-0.));
#70 = DIRECTION('',(0.,1.,0.));
#71 = DEFINITIONAL_REPRESENTATION('',(#72),#76);
#72 = LINE('',#73,#74);
#73 = CARTESIAN_POINT('',(-0.,-0.));
#74 = VECTOR('',#75,1.);
#75 = DIRECTION('',(-1.,-0.));
#76 = ( GEOMETRIC_REPRESENTATION_CONTEXT(2) 
PARAMETRIC_REPRESENTATION_CONTEXT() REPRESENTATION_CONTEXT('2D SPACE',''
  ) );
#77 = ORIENTED_EDGE('',*,*,#21,.F.);
#78 = ORIENTED_EDGE('',*,*,#79,.T.);
#79 = EDGE_CURVE('',#22,#22,#80,.T.);
#80 = SURFACE_CURVE('',#81,(#86,#93),.PCURVE_S1.);
#81 = CIRCLE('',#82,14.4);
#82 = AXIS2_PLACEMENT_3D('',#83,#84,#85);
#83 = CARTESIAN_POINT('',(52.415,124.2,0.));
#84 = DIRECTION('',(1.,0.,0.));
#85 = DIRECTION('',(0.,1.,0.));
#86 = PCURVE('',#32,#87);
#87 = DEFINITIONAL_REPRESENTATION('',(#88),#92);
#88 = LINE('',#89,#90);
#89 = CARTESIAN_POINT('',(0.,0.));
#90 = VECTOR('',#91,1.);
#91 = DIRECTION('',(1.,0.));
#92 = ( GEOMETRIC_REPRESENTATION_CONTEXT(2) 
PARAMETRIC_REPRESENTATION_CONTEXT() REPRESENTATION_CONTEXT('2D SPACE',''
  ) );
#93 = PCURVE('',#94,#99);
#94 = PLANE('',#95);
#95 = AXIS2_PLACEMENT_3D('',#96,#97,#98);
#96 = CARTESIAN_POINT('',(52.415,124.2,0.));
#97 = DIRECTION('',(1.,0.,0.));
#98 = DIRECTION('',(0.,1.,0.));
#99 = DEFINITIONAL_REPRESENTATION('',(#100),#104);
#100 = CIRCLE('',#101,14.4);
#101 = AXIS2_PLACEMENT_2D('',#102,#103);
#102 = CARTESIAN_POINT('',(0.,0.));
#103 = DIRECTION('',(1.,0.));
#104 = ( GEOMETRIC_REPRESENTATION_CONTEXT(2) 
PARAMETRIC_REPRESENTATION_CONTEXT() REPRESENTATION_CONTEXT('2D SPACE',''
  ) );
#105 = ADVANCED_FACE('',(#106),#66,.T.);
#106 = FACE_BOUND('',#107,.T.);
#107 = EDGE_LOOP('',(#108,#129,#130,#131));
#108 = ORIENTED_EDGE('',*,*,#109,.F.);
#109 = EDGE_CURVE('',#24,#110,#112,.T.);
#110 = VERTEX_POINT('',#111);
#111 = CARTESIAN_POINT('',(144.215,133.08,0.));
#112 = SEAM_CURVE('',#113,(#117,#123),.PCURVE_S1.);
#113 = LINE('',#114,#115);
#114 = CARTESIAN_POINT('',(138.695,138.6,0.));
#115 = VECTOR('',#116,1.);
#116 = DIRECTION('',(0.707106781187,-0.707106781187,0.));
#117 = PCURVE('',#66,#118);
#118 = DEFINITIONAL_REPRESENTATION('',(#119),#122);
#119 = B_SPLINE_CURVE_WITH_KNOTS('',1,(#120,#121),.UNSPECIFIED.,.F.,.F.,
  (2,2),(0.,7.806458864299),.PIECEWISE_BEZIER_KNOTS.);
#120 = CARTESIAN_POINT('',(0.,0.));
#121 = CARTESIAN_POINT('',(0.,-5.52));
#122 = ( GEOMETRIC_REPRESENTATION_CONTEXT(2) 
PARAMETRIC_REPRESENTATION_CONTEXT() REPRESENTATION_CONTEXT('2D SPACE',''
  ) );
#123 = PCURVE('',#66,#124);
#124 = DEFINITIONAL_REPRESENTATION('',(#125),#128);
#125 = B_SPLINE_CURVE_WITH_KNOTS('',1,(#126,#127),.UNSPECIFIED.,.F.,.F.,
  (2,2),(0.,7.806458864299),.PIECEWISE_BEZIER_KNOTS.);
#126 = CARTESIAN_POINT('',(-6.28318530718,0.));
#127 = CARTESIAN_POINT('',(-6.28318530718,-5.52));
#128 = ( GEOMETRIC_REPRESENTATION_CONTEXT(2) 
PARAMETRIC_REPRESENTATION_CONTEXT() REPRESENTATION_CONTEXT('2D SPACE',''
  ) );
#129 = ORIENTED_EDGE('',*,*,#51,.T.);
#130 = ORIENTED_EDGE('',*,*,#109,.T.);
#131 = ORIENTED_EDGE('',*,*,#132,.F.);
#132 = EDGE_CURVE('',#110,#110,#133,.T.);
#133 = SURFACE_CURVE('',#134,(#139,#146),.PCURVE_S1.);
#134 = CIRCLE('',#135,8.88);
#135 = AXIS2_PLACEMENT_3D('',#136,#137,#138);
#136 = CARTESIAN_POINT('',(144.215,124.2,0.));
#137 = DIRECTION('',(1.,0.,0.));
#138 = DIRECTION('',(-0.,1.,0.));
#139 = PCURVE('',#66,#140);
#140 = DEFINITIONAL_REPRESENTATION('',(#141),#145);
#141 = LINE('',#142,#143);
#142 = CARTESIAN_POINT('',(-0.,-5.52));
#143 = VECTOR('',#144,1.);
#144 = DIRECTION('',(-1.,-0.));
#145 = ( GEOMETRIC_REPRESENTATION_CONTEXT(2) 
PARAMETRIC_REPRESENTATION_CONTEXT() REPRESENTATION_CONTEXT('2D SPACE',''
  ) );
#146 = PCURVE('',#147,#152);
#147 = PLANE('',#148);
#148 = AXIS2_PLACEMENT_3D('',#149,#150,#151);
#149 = CARTESIAN_POINT('',(144.215,124.2,0.));
#150 = DIRECTION('',(1.,0.,0.));
#151 = DIRECTION('',(0.,1.,0.));
#152 = DEFINITIONAL_REPRESENTATION('',(#153),#157);
#153 = CIRCLE('',#154,8.88);
#154 = AXIS2_PLACEMENT_2D('',#155,#156);
#155 = CARTESIAN_POINT('',(0.,0.));
#156 = DIRECTION('',(1.,0.));
#157 = ( GEOMETRIC_REPRESENTATION_CONTEXT(2) 
PARAMETRIC_REPRESENTATION_CONTEXT() REPRESENTATION_CONTEXT('2D SPACE',''
  ) );
#158 = ADVANCED_FACE('',(#159,#162),#94,.F.);
#159 = FACE_BOUND('',#160,.F.);
#160 = EDGE_LOOP('',(#161));
#161 = ORIENTED_EDGE('',*,*,#79,.T.);
#162 = FACE_BOUND('',#163,.F.);
#163 = EDGE_LOOP('',(#164));
#164 = ORIENTED_EDGE('',*,*,#165,.F.);
#165 = EDGE_CURVE('',#166,#166,#168,.T.);
#166 = VERTEX_POINT('',#167);
#167 = CARTESIAN_POINT('',(52.415,133.2,-2.204364238465E-15));
#168 = SURFACE_CURVE('',#169,(#174,#181),.PCURVE_S1.);
#169 = CIRCLE('',#170,9.);
#170 = AXIS2_PLACEMENT_3D('',#171,#172,#173);
#171 = CARTESIAN_POINT('',(52.415,124.2,0.));
#172 = DIRECTION('',(1.,0.,0.));
#173 = DIRECTION('',(0.,1.,0.));
#174 = PCURVE('',#94,#175);
#175 = DEFINITIONAL_REPRESENTATION('',(#176),#180);
#176 = CIRCLE('',#177,9.);
#177 = AXIS2_PLACEMENT_2D('',#178,#179);
#178 = CARTESIAN_POINT('',(0.,0.));
#179 = DIRECTION('',(1.,0.));
#180 = ( GEOMETRIC_REPRESENTATION_CONTEXT(2) 
PARAMETRIC_REPRESENTATION_CONTEXT() REPRESENTATION_CONTEXT('2D SPACE',''
  ) );
#181 = PCURVE('',#182,#187);
#182 = CYLINDRICAL_SURFACE('',#183,9.);
#183 = AXIS2_PLACEMENT_3D('',#184,#185,#186);
#184 = CARTESIAN_POINT('',(44.415,124.2,0.));
#185 = DIRECTION('',(1.,0.,0.));
#186 = DIRECTION('',(0.,1.,0.));
#187 = DEFINITIONAL_REPRESENTATION('',(#188),#192);
#188 = LINE('',#189,#190);
#189 = CARTESIAN_POINT('',(0.,8.));
#190 = VECTOR('',#191,1.);
#191 = DIRECTION('',(1.,0.));
#192 = ( GEOMETRIC_REPRESENTATION_CONTEXT(2) 
PARAMETRIC_REPRESENTATION_CONTEXT() REPRESENTATION_CONTEXT('2D SPACE',''
  ) );
#193 = ADVANCED_FACE('',(#194),#147,.T.);
#194 = FACE_BOUND('',#195,.T.);
#195 = EDGE_LOOP('',(#196));
#196 = ORIENTED_EDGE('',*,*,#132,.T.);
#197 = ADVANCED_FACE('',(#198),#182,.T.);
#198 = FACE_BOUND('',#199,.T.);
#199 = EDGE_LOOP('',(#200,#201,#224,#251));
#200 = ORIENTED_EDGE('',*,*,#165,.F.);
#201 = ORIENTED_EDGE('',*,*,#202,.F.);
#202 = EDGE_CURVE('',#203,#166,#205,.T.);
#203 = VERTEX_POINT('',#204);
#204 = CARTESIAN_POINT('',(44.415,133.2,-2.204364238465E-15));
#205 = SEAM_CURVE('',#206,(#210,#217),.PCURVE_S1.);
#206 = LINE('',#207,#208);
#207 = CARTESIAN_POINT('',(44.415,133.2,-2.204364238465E-15));
#208 = VECTOR('',#209,1.);
#209 = DIRECTION('',(1.,0.,0.));
#210 = PCURVE('',#182,#211);
#211 = DEFINITIONAL_REPRESENTATION('',(#212),#216);
#212 = LINE('',#213,#214);
#213 = CARTESIAN_POINT('',(6.28318530718,-0.));
#214 = VECTOR('',#215,1.);
#215 = DIRECTION('',(0.,1.));
#216 = ( GEOMETRIC_REPRESENTATION_CONTEXT(2) 
PARAMETRIC_REPRESENTATION_CONTEXT() REPRESENTATION_CONTEXT('2D SPACE',''
  ) );
#217 = PCURVE('',#182,#218);
#218 = DEFINITIONAL_REPRESENTATION('',(#219),#223);
#219 = LINE('',#220,#221);
#220 = CARTESIAN_POINT('',(0.,-0.));
#221 = VECTOR('',#222,1.);
#222 = DIRECTION('',(0.,1.));
#223 = ( GEOMETRIC_REPRESENTATION_CONTEXT(2) 
PARAMETRIC_REPRESENTATION_CONTEXT() REPRESENTATION_CONTEXT('2D SPACE',''
  ) );
#224 = ORIENTED_EDGE('',*,*,#225,.T.);
#225 = EDGE_CURVE('',#203,#203,#226,.T.);
#226 = SURFACE_CURVE('',#227,(#232,#239),.PCURVE_S1.);
#227 = CIRCLE('',#228,9.);
#228 = AXIS2_PLACEMENT_3D('',#229,#230,#231);
#229 = CARTESIAN_POINT('',(44.415,124.2,0.));
#230 = DIRECTION('',(1.,0.,0.));
#231 = DIRECTION('',(0.,1.,0.));
#232 = PCURVE('',#182,#233);
#233 = DEFINITIONAL_REPRESENTATION('',(#234),#238);
#234 = LINE('',#235,#236);
#235 = CARTESIAN_POINT('',(0.,0.));
#236 = VECTOR('',#237,1.);
#237 = DIRECTION('',(1.,0.));
#238 = ( GEOMETRIC_REPRESENTATION_CONTEXT(2) 
PARAMETRIC_REPRESENTATION_CONTEXT() REPRESENTATION_CONTEXT('2D SPACE',''
  ) );
#239 = PCURVE('',#240,#245);
#240 = PLANE('',#241);
#241 = AXIS2_PLACEMENT_3D('',#242,#243,#244);
#242 = CARTESIAN_POINT('',(44.415,0.,0.));
#243 = DIRECTION('',(1.,0.,0.));
#244 = DIRECTION('',(0.,1.,0.));
#245 = DEFINITIONAL_REPRESENTATION('',(#246),#250);
#246 = CIRCLE('',#247,9.);
#247 = AXIS2_PLACEMENT_2D('',#248,#249);
#248 = CARTESIAN_POINT('',(124.2,0.));
#249 = DIRECTION('',(1.,0.));
#250 = ( GEOMETRIC_REPRESENTATION_CONTEXT(2) 
PARAMETRIC_REPRESENTATION_CONTEXT() REPRESENTATION_CONTEXT('2D SPACE',''
  ) );
#251 = ORIENTED_EDGE('',*,*,#202,.T.);
#252 = ADVANCED_FACE('',(#253,#284,#315),#240,.T.);
#253 = FACE_BOUND('',#254,.T.);
#254 = EDGE_LOOP('',(#255));
#255 = ORIENTED_EDGE('',*,*,#256,.T.);
#256 = EDGE_CURVE('',#257,#257,#259,.T.);
#257 = VERTEX_POINT('',#258);
#258 = CARTESIAN_POINT('',(44.415,136.815,0.));
#259 = SURFACE_CURVE('',#260,(#265,#272),.PCURVE_S1.);
#260 = CIRCLE('',#261,136.815);
#261 = AXIS2_PLACEMENT_3D('',#262,#263,#264);
#262 = CARTESIAN_POINT('',(44.415,0.,0.));
#263 = DIRECTION('',(1.,0.,0.));
#264 = DIRECTION('',(-0.,1.,0.));
#265 = PCURVE('',#240,#266);
#266 = DEFINITIONAL_REPRESENTATION('',(#267),#271);
#267 = CIRCLE('',#268,136.815);
#268 = AXIS2_PLACEMENT_2D('',#269,#270);
#269 = CARTESIAN_POINT('',(0.,0.));
#270 = DIRECTION('',(1.,0.));
#271 = ( GEOMETRIC_REPRESENTATION_CONTEXT(2) 
PARAMETRIC_REPRESENTATION_CONTEXT() REPRESENTATION_CONTEXT('2D SPACE',''
  ) );
#272 = PCURVE('',#273,#278);
#273 = CONICAL_SURFACE('',#274,138.615,0.785398163397);
#274 = AXIS2_PLACEMENT_3D('',#275,#276,#277);
#275 = CARTESIAN_POINT('',(42.615,0.,0.));
#276 = DIRECTION('',(-1.,-0.,-0.));
#277 = DIRECTION('',(0.,1.,0.));
#278 = DEFINITIONAL_REPRESENTATION('',(#279),#283);
#279 = LINE('',#280,#281);
#280 = CARTESIAN_POINT('',(-0.,-1.8));
#281 = VECTOR('',#282,1.);
#282 = DIRECTION('',(-1.,0.));
#283 = ( GEOMETRIC_REPRESENTATION_CONTEXT(2) 
PARAMETRIC_REPRESENTATION_CONTEXT() REPRESENTATION_CONTEXT('2D SPACE',''
  ) );
#284 = FACE_BOUND('',#285,.T.);
#285 = EDGE_LOOP('',(#286));
#286 = ORIENTED_EDGE('',*,*,#287,.F.);
#287 = EDGE_CURVE('',#288,#288,#290,.T.);
#288 = VERTEX_POINT('',#289);
#289 = CARTESIAN_POINT('',(44.415,111.585,0.));
#290 = SURFACE_CURVE('',#291,(#296,#303),.PCURVE_S1.);
#291 = CIRCLE('',#292,111.585);
#292 = AXIS2_PLACEMENT_3D('',#293,#294,#295);
#293 = CARTESIAN_POINT('',(44.415,0.,0.));
#294 = DIRECTION('',(1.,0.,0.));
#295 = DIRECTION('',(-0.,1.,0.));
#296 = PCURVE('',#240,#297);
#297 = DEFINITIONAL_REPRESENTATION('',(#298),#302);
#298 = CIRCLE('',#299,111.585);
#299 = AXIS2_PLACEMENT_2D('',#300,#301);
#300 = CARTESIAN_POINT('',(0.,0.));
#301 = DIRECTION('',(1.,0.));
#302 = ( GEOMETRIC_REPRESENTATION_CONTEXT(2) 
PARAMETRIC_REPRESENTATION_CONTEXT() REPRESENTATION_CONTEXT('2D SPACE',''
  ) );
#303 = PCURVE('',#304,#309);
#304 = CONICAL_SURFACE('',#305,109.785,0.785398163397);
#305 = AXIS2_PLACEMENT_3D('',#306,#307,#308);
#306 = CARTESIAN_POINT('',(42.615,0.,0.));
#307 = DIRECTION('',(1.,0.,0.));
#308 = DIRECTION('',(-0.,1.,0.));
#309 = DEFINITIONAL_REPRESENTATION('',(#310),#314);
#310 = LINE('',#311,#312);
#311 = CARTESIAN_POINT('',(0.,1.8));
#312 = VECTOR('',#313,1.);
#313 = DIRECTION('',(1.,0.));
#314 = ( GEOMETRIC_REPRESENTATION_CONTEXT(2) 
PARAMETRIC_REPRESENTATION_CONTEXT() REPRESENTATION_CONTEXT('2D SPACE',''
  ) );
#315 = FACE_BOUND('',#316,.T.);
#316 = EDGE_LOOP('',(#317));
#317 = ORIENTED_EDGE('',*,*,#225,.F.);
#318 = ADVANCED_FACE('',(#319),#273,.T.);
#319 = FACE_BOUND('',#320,.F.);
#320 = EDGE_LOOP('',(#321,#342,#343,#344));
#321 = ORIENTED_EDGE('',*,*,#322,.F.);
#322 = EDGE_CURVE('',#257,#323,#325,.T.);
#323 = VERTEX_POINT('',#324);
#324 = CARTESIAN_POINT('',(42.615,138.615,0.));
#325 = SEAM_CURVE('',#326,(#330,#336),.PCURVE_S1.);
#326 = LINE('',#327,#328);
#327 = CARTESIAN_POINT('',(42.615,138.615,0.));
#328 = VECTOR('',#329,1.);
#329 = DIRECTION('',(-0.707106781187,0.707106781187,0.));
#330 = PCURVE('',#273,#331);
#331 = DEFINITIONAL_REPRESENTATION('',(#332),#335);
#332 = B_SPLINE_CURVE_WITH_KNOTS('',1,(#333,#334),.UNSPECIFIED.,.F.,.F.,
  (2,2),(-2.545584412272,0.),.PIECEWISE_BEZIER_KNOTS.);
#333 = CARTESIAN_POINT('',(0.,-1.8));
#334 = CARTESIAN_POINT('',(0.,0.));
#335 = ( GEOMETRIC_REPRESENTATION_CONTEXT(2) 
PARAMETRIC_REPRESENTATION_CONTEXT() REPRESENTATION_CONTEXT('2D SPACE',''
  ) );
#336 = PCURVE('',#273,#337);
#337 = DEFINITIONAL_REPRESENTATION('',(#338),#341);
#338 = B_SPLINE_CURVE_WITH_KNOTS('',1,(#339,#340),.UNSPECIFIED.,.F.,.F.,
  (2,2),(-2.545584412272,0.),.PIECEWISE_BEZIER_KNOTS.);
#339 = CARTESIAN_POINT('',(-6.28318530718,-1.8));
#340 = CARTESIAN_POINT('',(-6.28318530718,0.));
#341 = ( GEOMETRIC_REPRESENTATION_CONTEXT(2) 
PARAMETRIC_REPRESENTATION_CONTEXT() REPRESENTATION_CONTEXT('2D SPACE',''
  ) );
#342 = ORIENTED_EDGE('',*,*,#256,.T.);
#343 = ORIENTED_EDGE('',*,*,#322,.T.);
#344 = ORIENTED_EDGE('',*,*,#345,.F.);
#345 = EDGE_CURVE('',#323,#323,#346,.T.);
#346 = SURFACE_CURVE('',#347,(#352,#359),.PCURVE_S1.);
#347 = CIRCLE('',#348,138.615);
#348 = AXIS2_PLACEMENT_3D('',#349,#350,#351);
#349 = CARTESIAN_POINT('',(42.615,0.,0.));
#350 = DIRECTION('',(1.,0.,0.));
#351 = DIRECTION('',(-0.,1.,0.));
#352 = PCURVE('',#273,#353);
#353 = DEFINITIONAL_REPRESENTATION('',(#354),#358);
#354 = LINE('',#355,#356);
#355 = CARTESIAN_POINT('',(-0.,0.));
#356 = VECTOR('',#357,1.);
#357 = DIRECTION('',(-1.,0.));
#358 = ( GEOMETRIC_REPRESENTATION_CONTEXT(2) 
PARAMETRIC_REPRESENTATION_CONTEXT() REPRESENTATION_CONTEXT('2D SPACE',''
  ) );
#359 = PCURVE('',#360,#365);
#360 = CYLINDRICAL_SURFACE('',#361,138.615);
#361 = AXIS2_PLACEMENT_3D('',#362,#363,#364);
#362 = CARTESIAN_POINT('',(15.585,0.,0.));
#363 = DIRECTION('',(1.,0.,0.));
#364 = DIRECTION('',(0.,1.,0.));
#365 = DEFINITIONAL_REPRESENTATION('',(#366),#370);
#366 = LINE('',#367,#368);
#367 = CARTESIAN_POINT('',(0.,27.03));
#368 = VECTOR('',#369,1.);
#369 = DIRECTION('',(1.,0.));
#370 = ( GEOMETRIC_REPRESENTATION_CONTEXT(2) 
PARAMETRIC_REPRESENTATION_CONTEXT() REPRESENTATION_CONTEXT('2D SPACE',''
  ) );
#371 = ADVANCED_FACE('',(#372),#304,.F.);
#372 = FACE_BOUND('',#373,.F.);
#373 = EDGE_LOOP('',(#374,#395,#422,#423));
#374 = ORIENTED_EDGE('',*,*,#375,.F.);
#375 = EDGE_CURVE('',#376,#288,#378,.T.);
#376 = VERTEX_POINT('',#377);
#377 = CARTESIAN_POINT('',(42.615,109.785,0.));
#378 = SEAM_CURVE('',#379,(#383,#389),.PCURVE_S1.);
#379 = LINE('',#380,#381);
#380 = CARTESIAN_POINT('',(42.615,109.785,0.));
#381 = VECTOR('',#382,1.);
#382 = DIRECTION('',(0.707106781187,0.707106781187,0.));
#383 = PCURVE('',#304,#384);
#384 = DEFINITIONAL_REPRESENTATION('',(#385),#388);
#385 = B_SPLINE_CURVE_WITH_KNOTS('',1,(#386,#387),.UNSPECIFIED.,.F.,.F.,
  (2,2),(0.,2.545584412272),.PIECEWISE_BEZIER_KNOTS.);
#386 = CARTESIAN_POINT('',(0.,0.));
#387 = CARTESIAN_POINT('',(0.,1.8));
#388 = ( GEOMETRIC_REPRESENTATION_CONTEXT(2) 
PARAMETRIC_REPRESENTATION_CONTEXT() REPRESENTATION_CONTEXT('2D SPACE',''
  ) );
#389 = PCURVE('',#304,#390);
#390 = DEFINITIONAL_REPRESENTATION('',(#391),#394);
#391 = B_SPLINE_CURVE_WITH_KNOTS('',1,(#392,#393),.UNSPECIFIED.,.F.,.F.,
  (2,2),(0.,2.545584412272),.PIECEWISE_BEZIER_KNOTS.);
#392 = CARTESIAN_POINT('',(6.28318530718,0.));
#393 = CARTESIAN_POINT('',(6.28318530718,1.8));
#394 = ( GEOMETRIC_REPRESENTATION_CONTEXT(2) 
PARAMETRIC_REPRESENTATION_CONTEXT() REPRESENTATION_CONTEXT('2D SPACE',''
  ) );
#395 = ORIENTED_EDGE('',*,*,#396,.T.);
#396 = EDGE_CURVE('',#376,#376,#397,.T.);
#397 = SURFACE_CURVE('',#398,(#403,#410),.PCURVE_S1.);
#398 = CIRCLE('',#399,109.785);
#399 = AXIS2_PLACEMENT_3D('',#400,#401,#402);
#400 = CARTESIAN_POINT('',(42.615,0.,0.));
#401 = DIRECTION('',(1.,0.,0.));
#402 = DIRECTION('',(-0.,1.,0.));
#403 = PCURVE('',#304,#404);
#404 = DEFINITIONAL_REPRESENTATION('',(#405),#409);
#405 = LINE('',#406,#407);
#406 = CARTESIAN_POINT('',(0.,0.));
#407 = VECTOR('',#408,1.);
#408 = DIRECTION('',(1.,0.));
#409 = ( GEOMETRIC_REPRESENTATION_CONTEXT(2) 
PARAMETRIC_REPRESENTATION_CONTEXT() REPRESENTATION_CONTEXT('2D SPACE',''
  ) );
#410 = PCURVE('',#411,#416);
#411 = CYLINDRICAL_SURFACE('',#412,109.785);
#412 = AXIS2_PLACEMENT_3D('',#413,#414,#415);
#413 = CARTESIAN_POINT('',(13.585,0.,0.));
#414 = DIRECTION('',(1.,0.,0.));
#415 = DIRECTION('',(0.,1.,0.));
#416 = DEFINITIONAL_REPRESENTATION('',(#417),#421);
#417 = LINE('',#418,#419);
#418 = CARTESIAN_POINT('',(0.,29.03));
#419 = VECTOR('',#420,1.);
#420 = DIRECTION('',(1.,0.));
#421 = ( GEOMETRIC_REPRESENTATION_CONTEXT(2) 
PARAMETRIC_REPRESENTATION_CONTEXT() REPRESENTATION_CONTEXT('2D SPACE',''
  ) );
#422 = ORIENTED_EDGE('',*,*,#375,.T.);
#423 = ORIENTED_EDGE('',*,*,#287,.F.);
#424 = ADVANCED_FACE('',(#425),#360,.T.);
#425 = FACE_BOUND('',#426,.T.);
#426 = EDGE_LOOP('',(#427,#450,#451,#452));
#427 = ORIENTED_EDGE('',*,*,#428,.T.);
#428 = EDGE_CURVE('',#429,#323,#431,.T.);
#429 = VERTEX_POINT('',#430);
#430 = CARTESIAN_POINT('',(15.585,138.615,-3.395088321276E-14));
#431 = SEAM_CURVE('',#432,(#436,#443),.PCURVE_S1.);
#432 = LINE('',#433,#434);
#433 = CARTESIAN_POINT('',(15.585,138.615,-3.395088321276E-14));
#434 = VECTOR('',#435,1.);
#435 = DIRECTION('',(1.,0.,0.));
#436 = PCURVE('',#360,#437);
#437 = DEFINITIONAL_REPRESENTATION('',(#438),#442);
#438 = LINE('',#439,#440);
#439 = CARTESIAN_POINT('',(6.28318530718,-0.));
#440 = VECTOR('',#441,1.);
#441 = DIRECTION('',(0.,1.));
#442 = ( GEOMETRIC_REPRESENTATION_CONTEXT(2) 
PARAMETRIC_REPRESENTATION_CONTEXT() REPRESENTATION_CONTEXT('2D SPACE',''
  ) );
#443 = PCURVE('',#360,#444);
#444 = DEFINITIONAL_REPRESENTATION('',(#445),#449);
#445 = LINE('',#446,#447);
#446 = CARTESIAN_POINT('',(0.,-0.));
#447 = VECTOR('',#448,1.);
#448 = DIRECTION('',(0.,1.));
#449 = ( GEOMETRIC_REPRESENTATION_CONTEXT(2) 
PARAMETRIC_REPRESENTATION_CONTEXT() REPRESENTATION_CONTEXT('2D SPACE',''
  ) );
#450 = ORIENTED_EDGE('',*,*,#345,.F.);
#451 = ORIENTED_EDGE('',*,*,#428,.F.);
#452 = ORIENTED_EDGE('',*,*,#453,.T.);
#453 = EDGE_CURVE('',#429,#429,#454,.T.);
#454 = SURFACE_CURVE('',#455,(#460,#467),.PCURVE_S1.);
#455 = CIRCLE('',#456,138.615);
#456 = AXIS2_PLACEMENT_3D('',#457,#458,#459);
#457 = CARTESIAN_POINT('',(15.585,0.,0.));
#458 = DIRECTION('',(1.,0.,0.));
#459 = DIRECTION('',(0.,1.,0.));
#460 = PCURVE('',#360,#461);
#461 = DEFINITIONAL_REPRESENTATION('',(#462),#466);
#462 = LINE('',#463,#464);
#463 = CARTESIAN_POINT('',(0.,0.));
#464 = VECTOR('',#465,1.);
#465 = DIRECTION('',(1.,0.));
#466 = ( GEOMETRIC_REPRESENTATION_CONTEXT(2) 
PARAMETRIC_REPRESENTATION_CONTEXT() REPRESENTATION_CONTEXT('2D SPACE',''
  ) );
#467 = PCURVE('',#468,#473);
#468 = PLANE('',#469);
#469 = AXIS2_PLACEMENT_3D('',#470,#471,#472);
#470 = CARTESIAN_POINT('',(15.585,0.,0.));
#471 = DIRECTION('',(1.,0.,0.));
#472 = DIRECTION('',(0.,1.,0.));
#473 = DEFINITIONAL_REPRESENTATION('',(#474),#478);
#474 = CIRCLE('',#475,138.615);
#475 = AXIS2_PLACEMENT_2D('',#476,#477);
#476 = CARTESIAN_POINT('',(0.,0.));
#477 = DIRECTION('',(1.,0.));
#478 = ( GEOMETRIC_REPRESENTATION_CONTEXT(2) 
PARAMETRIC_REPRESENTATION_CONTEXT() REPRESENTATION_CONTEXT('2D SPACE',''
  ) );
#479 = ADVANCED_FACE('',(#480,#721,#839,#957,#1075),#411,.F.);
#480 = FACE_BOUND('',#481,.F.);
#481 = EDGE_LOOP('',(#482,#505,#537,#563,#595,#618,#640,#641,#668,#694,
    #719,#720));
#482 = ORIENTED_EDGE('',*,*,#483,.F.);
#483 = EDGE_CURVE('',#484,#376,#486,.T.);
#484 = VERTEX_POINT('',#485);
#485 = CARTESIAN_POINT('',(41.964276749029,109.785,-2.688956976888E-14)
  );
#486 = SEAM_CURVE('',#487,(#491,#498),.PCURVE_S1.);
#487 = LINE('',#488,#489);
#488 = CARTESIAN_POINT('',(13.585,109.785,-2.688956976888E-14));
#489 = VECTOR('',#490,1.);
#490 = DIRECTION('',(1.,0.,0.));
#491 = PCURVE('',#411,#492);
#492 = DEFINITIONAL_REPRESENTATION('',(#493),#497);
#493 = LINE('',#494,#495);
#494 = CARTESIAN_POINT('',(0.,-0.));
#495 = VECTOR('',#496,1.);
#496 = DIRECTION('',(0.,1.));
#497 = ( GEOMETRIC_REPRESENTATION_CONTEXT(2) 
PARAMETRIC_REPRESENTATION_CONTEXT() REPRESENTATION_CONTEXT('2D SPACE',''
  ) );
#498 = PCURVE('',#411,#499);
#499 = DEFINITIONAL_REPRESENTATION('',(#500),#504);
#500 = LINE('',#501,#502);
#501 = CARTESIAN_POINT('',(6.28318530718,-0.));
#502 = VECTOR('',#503,1.);
#503 = DIRECTION('',(0.,1.));
#504 = ( GEOMETRIC_REPRESENTATION_CONTEXT(2) 
PARAMETRIC_REPRESENTATION_CONTEXT() REPRESENTATION_CONTEXT('2D SPACE',''
  ) );
#505 = ORIENTED_EDGE('',*,*,#506,.T.);
#506 = EDGE_CURVE('',#484,#507,#509,.T.);
#507 = VERTEX_POINT('',#508);
#508 = CARTESIAN_POINT('',(41.924318237859,109.60769159142,6.237));
#509 = SURFACE_CURVE('',#510,(#515,#525),.PCURVE_S1.);
#510 = ELLIPSE('',#511,112.53834653088,109.785);
#511 = AXIS2_PLACEMENT_3D('',#512,#513,#514);
#512 = CARTESIAN_POINT('',(17.222950695109,0.,0.));
#513 = DIRECTION('',(0.975534147997,-0.219847961309,1.083060472414E-16)
  );
#514 = DIRECTION('',(0.219847961309,0.975534147997,-4.805877975371E-16)
  );
#515 = PCURVE('',#411,#516);
#516 = DEFINITIONAL_REPRESENTATION('',(#517),#524);
#517 = B_SPLINE_CURVE_WITH_KNOTS('',5,(#518,#519,#520,#521,#522,#523),
  .UNSPECIFIED.,.F.,.F.,(6,6),(2.480264934149E-16,6.822616536256E-02),
  .PIECEWISE_BEZIER_KNOTS.);
#518 = CARTESIAN_POINT('',(0.,28.379276749029));
#519 = CARTESIAN_POINT('',(1.364523307251E-02,28.379276749029));
#520 = CARTESIAN_POINT('',(2.729046614502E-02,28.373518440954));
#521 = CARTESIAN_POINT('',(4.093569921754E-02,28.362001824305));
#522 = CARTESIAN_POINT('',(5.458093229005E-02,28.34473136812));
#523 = CARTESIAN_POINT('',(6.822616536256E-02,28.321716000575));
#524 = ( GEOMETRIC_REPRESENTATION_CONTEXT(2) 
PARAMETRIC_REPRESENTATION_CONTEXT() REPRESENTATION_CONTEXT('2D SPACE',''
  ) );
#525 = PCURVE('',#526,#531);
#526 = PLANE('',#527);
#527 = AXIS2_PLACEMENT_3D('',#528,#529,#530);
#528 = CARTESIAN_POINT('',(22.395,22.95,2.486344463648E-15));
#529 = DIRECTION('',(0.975534147997,-0.219847961309,1.083060472414E-16)
  );
#530 = DIRECTION('',(0.219847961309,0.975534147997,2.440802685623E-17));
#531 = DEFINITIONAL_REPRESENTATION('',(#532),#536);
#532 = ELLIPSE('',#533,112.53834653088,109.785);
#533 = AXIS2_PLACEMENT_2D('',#534,#535);
#534 = CARTESIAN_POINT('',(-23.525573192,-1.912131641369E-15));
#535 = DIRECTION('',(1.,-5.049958243933E-16));
#536 = ( GEOMETRIC_REPRESENTATION_CONTEXT(2) 
PARAMETRIC_REPRESENTATION_CONTEXT() REPRESENTATION_CONTEXT('2D SPACE',''
  ) );
#537 = ORIENTED_EDGE('',*,*,#538,.F.);
#538 = EDGE_CURVE('',#539,#507,#541,.T.);
#539 = VERTEX_POINT('',#540);
#540 = CARTESIAN_POINT('',(16.605107050431,109.60769159142,6.237));
#541 = SURFACE_CURVE('',#542,(#546,#552),.PCURVE_S1.);
#542 = LINE('',#543,#544);
#543 = CARTESIAN_POINT('',(13.585,109.60769159142,6.237));
#544 = VECTOR('',#545,1.);
#545 = DIRECTION('',(1.,0.,0.));
#546 = PCURVE('',#411,#547);
#547 = DEFINITIONAL_REPRESENTATION('',(#548),#551);
#548 = B_SPLINE_CURVE_WITH_KNOTS('',1,(#549,#550),.UNSPECIFIED.,.F.,.F.,
  (2,2),(1.9999994,30.8300006),.PIECEWISE_BEZIER_KNOTS.);
#549 = CARTESIAN_POINT('',(5.684164377942E-02,1.9999994));
#550 = CARTESIAN_POINT('',(5.684164377942E-02,30.8300006));
#551 = ( GEOMETRIC_REPRESENTATION_CONTEXT(2) 
PARAMETRIC_REPRESENTATION_CONTEXT() REPRESENTATION_CONTEXT('2D SPACE',''
  ) );
#552 = PCURVE('',#553,#558);
#553 = PLANE('',#554);
#554 = AXIS2_PLACEMENT_3D('',#555,#556,#557);
#555 = CARTESIAN_POINT('',(13.411501358448,63.932498898508,6.237));
#556 = DIRECTION('',(0.,0.,1.));
#557 = DIRECTION('',(1.,0.,-0.));
#558 = DEFINITIONAL_REPRESENTATION('',(#559),#562);
#559 = B_SPLINE_CURVE_WITH_KNOTS('',1,(#560,#561),.UNSPECIFIED.,.F.,.F.,
  (2,2),(1.9999994,30.8300006),.PIECEWISE_BEZIER_KNOTS.);
#560 = CARTESIAN_POINT('',(2.173498041552,45.675192692913));
#561 = CARTESIAN_POINT('',(31.003499241552,45.675192692913));
#562 = ( GEOMETRIC_REPRESENTATION_CONTEXT(2) 
PARAMETRIC_REPRESENTATION_CONTEXT() REPRESENTATION_CONTEXT('2D SPACE',''
  ) );
#563 = ORIENTED_EDGE('',*,*,#564,.T.);
#564 = EDGE_CURVE('',#539,#565,#567,.T.);
#565 = VERTEX_POINT('',#566);
#566 = CARTESIAN_POINT('',(16.684904316992,109.785,-2.688956976888E-14)
  );
#567 = SURFACE_CURVE('',#568,(#573,#583),.PCURVE_S1.);
#568 = ELLIPSE('',#569,120.39080663615,109.785);
#569 = AXIS2_PLACEMENT_3D('',#570,#571,#572);
#570 = CARTESIAN_POINT('',(-32.72359796251,0.,0.));
#571 = DIRECTION('',(-0.911905178373,0.410400957183,-1.012418125305E-16)
  );
#572 = DIRECTION('',(0.410400957183,0.911905178373,-2.249578893482E-16)
  );
#573 = PCURVE('',#411,#574);
#574 = DEFINITIONAL_REPRESENTATION('',(#575),#582);
#575 = B_SPLINE_CURVE_WITH_KNOTS('',5,(#576,#577,#578,#579,#580,#581),
  .UNSPECIFIED.,.F.,.F.,(6,6),(6.214959141817,6.28318530718),
  .PIECEWISE_BEZIER_KNOTS.);
#576 = CARTESIAN_POINT('',(6.822616536256E-02,2.98495532982));
#577 = CARTESIAN_POINT('',(5.458093229005E-02,3.030917087783));
#578 = CARTESIAN_POINT('',(4.093569921754E-02,3.065406240545));
#579 = CARTESIAN_POINT('',(2.729046614502E-02,3.088404958508));
#580 = CARTESIAN_POINT('',(1.364523307251E-02,3.099904316992));
#581 = CARTESIAN_POINT('',(0.,3.099904316992));
#582 = ( GEOMETRIC_REPRESENTATION_CONTEXT(2) 
PARAMETRIC_REPRESENTATION_CONTEXT() REPRESENTATION_CONTEXT('2D SPACE',''
  ) );
#583 = PCURVE('',#584,#589);
#584 = PLANE('',#585);
#585 = AXIS2_PLACEMENT_3D('',#586,#587,#588);
#586 = CARTESIAN_POINT('',(17.585,111.785,1.952327188803E-15));
#587 = DIRECTION('',(-0.911905178373,0.410400957183,-1.012418125305E-16)
  );
#588 = DIRECTION('',(-0.410400957183,-0.911905178373,-4.556365919927E-17
    ));
#589 = DEFINITIONAL_REPRESENTATION('',(#590),#594);
#590 = ELLIPSE('',#591,120.39080663615,109.785);
#591 = AXIS2_PLACEMENT_2D('',#592,#593);
#592 = CARTESIAN_POINT('',(122.58401712276,3.633049190656E-15));
#593 = DIRECTION('',(-1.,-2.705215485475E-16));
#594 = ( GEOMETRIC_REPRESENTATION_CONTEXT(2) 
PARAMETRIC_REPRESENTATION_CONTEXT() REPRESENTATION_CONTEXT('2D SPACE',''
  ) );
#595 = ORIENTED_EDGE('',*,*,#596,.F.);
#596 = EDGE_CURVE('',#597,#565,#599,.T.);
#597 = VERTEX_POINT('',#598);
#598 = CARTESIAN_POINT('',(15.585,109.785,-2.688956976888E-14));
#599 = SEAM_CURVE('',#600,(#604,#611),.PCURVE_S1.);
#600 = LINE('',#601,#602);
#601 = CARTESIAN_POINT('',(13.585,109.785,-2.688956976888E-14));
#602 = VECTOR('',#603,1.);
#603 = DIRECTION('',(1.,0.,0.));
#604 = PCURVE('',#411,#605);
#605 = DEFINITIONAL_REPRESENTATION('',(#606),#610);
#606 = LINE('',#607,#608);
#607 = CARTESIAN_POINT('',(0.,-0.));
#608 = VECTOR('',#609,1.);
#609 = DIRECTION('',(0.,1.));
#610 = ( GEOMETRIC_REPRESENTATION_CONTEXT(2) 
PARAMETRIC_REPRESENTATION_CONTEXT() REPRESENTATION_CONTEXT('2D SPACE',''
  ) );
#611 = PCURVE('',#411,#612);
#612 = DEFINITIONAL_REPRESENTATION('',(#613),#617);
#613 = LINE('',#614,#615);
#614 = CARTESIAN_POINT('',(6.28318530718,-0.));
#615 = VECTOR('',#616,1.);
#616 = DIRECTION('',(0.,1.));
#617 = ( GEOMETRIC_REPRESENTATION_CONTEXT(2) 
PARAMETRIC_REPRESENTATION_CONTEXT() REPRESENTATION_CONTEXT('2D SPACE',''
  ) );
#618 = ORIENTED_EDGE('',*,*,#619,.T.);
#619 = EDGE_CURVE('',#597,#597,#620,.T.);
#620 = SURFACE_CURVE('',#621,(#626,#633),.PCURVE_S1.);
#621 = CIRCLE('',#622,109.785);
#622 = AXIS2_PLACEMENT_3D('',#623,#624,#625);
#623 = CARTESIAN_POINT('',(15.585,0.,0.));
#624 = DIRECTION('',(1.,0.,0.));
#625 = DIRECTION('',(-0.,1.,0.));
#626 = PCURVE('',#411,#627);
#627 = DEFINITIONAL_REPRESENTATION('',(#628),#632);
#628 = LINE('',#629,#630);
#629 = CARTESIAN_POINT('',(0.,2.));
#630 = VECTOR('',#631,1.);
#631 = DIRECTION('',(1.,0.));
#632 = ( GEOMETRIC_REPRESENTATION_CONTEXT(2) 
PARAMETRIC_REPRESENTATION_CONTEXT() REPRESENTATION_CONTEXT('2D SPACE',''
  ) );
#633 = PCURVE('',#468,#634);
#634 = DEFINITIONAL_REPRESENTATION('',(#635),#639);
#635 = CIRCLE('',#636,109.785);
#636 = AXIS2_PLACEMENT_2D('',#637,#638);
#637 = CARTESIAN_POINT('',(0.,0.));
#638 = DIRECTION('',(1.,0.));
#639 = ( GEOMETRIC_REPRESENTATION_CONTEXT(2) 
PARAMETRIC_REPRESENTATION_CONTEXT() REPRESENTATION_CONTEXT('2D SPACE',''
  ) );
#640 = ORIENTED_EDGE('',*,*,#596,.T.);
#641 = ORIENTED_EDGE('',*,*,#642,.T.);
#642 = EDGE_CURVE('',#565,#643,#645,.T.);
#643 = VERTEX_POINT('',#644);
#644 = CARTESIAN_POINT('',(16.605107050431,109.60769159142,-6.237));
#645 = SURFACE_CURVE('',#646,(#651,#661),.PCURVE_S1.);
#646 = ELLIPSE('',#647,120.39080663615,109.785);
#647 = AXIS2_PLACEMENT_3D('',#648,#649,#650);
#648 = CARTESIAN_POINT('',(-32.72359796251,0.,0.));
#649 = DIRECTION('',(-0.911905178373,0.410400957183,-1.012418125305E-16)
  );
#650 = DIRECTION('',(0.410400957183,0.911905178373,-2.249578893482E-16)
  );
#651 = PCURVE('',#411,#652);
#652 = DEFINITIONAL_REPRESENTATION('',(#653),#660);
#653 = B_SPLINE_CURVE_WITH_KNOTS('',5,(#654,#655,#656,#657,#658,#659),
  .UNSPECIFIED.,.F.,.F.,(6,6),(0.,6.822616536256E-02),
  .PIECEWISE_BEZIER_KNOTS.);
#654 = CARTESIAN_POINT('',(6.28318530718,3.099904316992));
#655 = CARTESIAN_POINT('',(6.269540074107,3.099904316992));
#656 = CARTESIAN_POINT('',(6.255894841035,3.088404958508));
#657 = CARTESIAN_POINT('',(6.242249607962,3.065406240545));
#658 = CARTESIAN_POINT('',(6.22860437489,3.030917087783));
#659 = CARTESIAN_POINT('',(6.214959141817,2.98495532982));
#660 = ( GEOMETRIC_REPRESENTATION_CONTEXT(2) 
PARAMETRIC_REPRESENTATION_CONTEXT() REPRESENTATION_CONTEXT('2D SPACE',''
  ) );
#661 = PCURVE('',#584,#662);
#662 = DEFINITIONAL_REPRESENTATION('',(#663),#667);
#663 = ELLIPSE('',#664,120.39080663615,109.785);
#664 = AXIS2_PLACEMENT_2D('',#665,#666);
#665 = CARTESIAN_POINT('',(122.58401712276,3.633049190656E-15));
#666 = DIRECTION('',(-1.,-2.705215485475E-16));
#667 = ( GEOMETRIC_REPRESENTATION_CONTEXT(2) 
PARAMETRIC_REPRESENTATION_CONTEXT() REPRESENTATION_CONTEXT('2D SPACE',''
  ) );
#668 = ORIENTED_EDGE('',*,*,#669,.T.);
#669 = EDGE_CURVE('',#643,#670,#672,.T.);
#670 = VERTEX_POINT('',#671);
#671 = CARTESIAN_POINT('',(41.924318237859,109.60769159142,-6.237));
#672 = SURFACE_CURVE('',#673,(#677,#683),.PCURVE_S1.);
#673 = LINE('',#674,#675);
#674 = CARTESIAN_POINT('',(13.585,109.60769159142,-6.237));
#675 = VECTOR('',#676,1.);
#676 = DIRECTION('',(1.,0.,0.));
#677 = PCURVE('',#411,#678);
#678 = DEFINITIONAL_REPRESENTATION('',(#679),#682);
#679 = B_SPLINE_CURVE_WITH_KNOTS('',1,(#680,#681),.UNSPECIFIED.,.F.,.F.,
  (2,2),(1.9999994,30.8300006),.PIECEWISE_BEZIER_KNOTS.);
#680 = CARTESIAN_POINT('',(6.2263436634,1.9999994));
#681 = CARTESIAN_POINT('',(6.2263436634,30.8300006));
#682 = ( GEOMETRIC_REPRESENTATION_CONTEXT(2) 
PARAMETRIC_REPRESENTATION_CONTEXT() REPRESENTATION_CONTEXT('2D SPACE',''
  ) );
#683 = PCURVE('',#684,#689);
#684 = PLANE('',#685);
#685 = AXIS2_PLACEMENT_3D('',#686,#687,#688);
#686 = CARTESIAN_POINT('',(13.411501358448,63.932498898508,-6.237));
#687 = DIRECTION('',(0.,0.,1.));
#688 = DIRECTION('',(1.,0.,-0.));
#689 = DEFINITIONAL_REPRESENTATION('',(#690),#693);
#690 = B_SPLINE_CURVE_WITH_KNOTS('',1,(#691,#692),.UNSPECIFIED.,.F.,.F.,
  (2,2),(1.9999994,30.8300006),.PIECEWISE_BEZIER_KNOTS.);
#691 = CARTESIAN_POINT('',(2.173498041552,45.675192692913));
#692 = CARTESIAN_POINT('',(31.003499241552,45.675192692913));
#693 = ( GEOMETRIC_REPRESENTATION_CONTEXT(2) 
PARAMETRIC_REPRESENTATION_CONTEXT() REPRESENTATION_CONTEXT('2D SPACE',''
  ) );
#694 = ORIENTED_EDGE('',*,*,#695,.T.);
#695 = EDGE_CURVE('',#670,#484,#696,.T.);
#696 = SURFACE_CURVE('',#697,(#702,#712),.PCURVE_S1.);
#697 = ELLIPSE('',#698,112.53834653088,109.785);
#698 = AXIS2_PLACEMENT_3D('',#699,#700,#701);
#699 = CARTESIAN_POINT('',(17.222950695109,0.,0.));
#700 = DIRECTION('',(0.975534147997,-0.219847961309,1.083060472414E-16)
  );
#701 = DIRECTION('',(0.219847961309,0.975534147997,-4.805877975371E-16)
  );
#702 = PCURVE('',#411,#703);
#703 = DEFINITIONAL_REPRESENTATION('',(#704),#711);
#704 = B_SPLINE_CURVE_WITH_KNOTS('',5,(#705,#706,#707,#708,#709,#710),
  .UNSPECIFIED.,.F.,.F.,(6,6),(6.214959141817,6.28318530718),
  .PIECEWISE_BEZIER_KNOTS.);
#705 = CARTESIAN_POINT('',(6.214959141817,28.321716000575));
#706 = CARTESIAN_POINT('',(6.22860437489,28.34473136812));
#707 = CARTESIAN_POINT('',(6.242249607962,28.362001824305));
#708 = CARTESIAN_POINT('',(6.255894841035,28.373518440954));
#709 = CARTESIAN_POINT('',(6.269540074107,28.379276749029));
#710 = CARTESIAN_POINT('',(6.28318530718,28.379276749029));
#711 = ( GEOMETRIC_REPRESENTATION_CONTEXT(2) 
PARAMETRIC_REPRESENTATION_CONTEXT() REPRESENTATION_CONTEXT('2D SPACE',''
  ) );
#712 = PCURVE('',#526,#713);
#713 = DEFINITIONAL_REPRESENTATION('',(#714),#718);
#714 = ELLIPSE('',#715,112.53834653088,109.785);
#715 = AXIS2_PLACEMENT_2D('',#716,#717);
#716 = CARTESIAN_POINT('',(-23.525573192,-1.912131641369E-15));
#717 = DIRECTION('',(1.,-5.049958243933E-16));
#718 = ( GEOMETRIC_REPRESENTATION_CONTEXT(2) 
PARAMETRIC_REPRESENTATION_CONTEXT() REPRESENTATION_CONTEXT('2D SPACE',''
  ) );
#719 = ORIENTED_EDGE('',*,*,#483,.T.);
#720 = ORIENTED_EDGE('',*,*,#396,.F.);
#721 = FACE_BOUND('',#722,.F.);
#722 = EDGE_LOOP('',(#723,#751,#783,#809));
#723 = ORIENTED_EDGE('',*,*,#724,.F.);
#724 = EDGE_CURVE('',#725,#727,#729,.T.);
#725 = VERTEX_POINT('',#726);
#726 = CARTESIAN_POINT('',(16.605107050431,27.938899923824,106.170448318
    ));
#727 = VERTEX_POINT('',#728);
#728 = CARTESIAN_POINT('',(41.924318237859,27.938899923824,106.170448318
    ));
#729 = SURFACE_CURVE('',#730,(#734,#740),.PCURVE_S1.);
#730 = LINE('',#731,#732);
#731 = CARTESIAN_POINT('',(13.585,27.938899923824,106.170448318));
#732 = VECTOR('',#733,1.);
#733 = DIRECTION('',(1.,0.,0.));
#734 = PCURVE('',#411,#735);
#735 = DEFINITIONAL_REPRESENTATION('',(#736),#739);
#736 = B_SPLINE_CURVE_WITH_KNOTS('',1,(#737,#738),.UNSPECIFIED.,.F.,.F.,
  (2,2),(1.9999994,30.8300006),.PIECEWISE_BEZIER_KNOTS.);
#737 = CARTESIAN_POINT('',(1.313478705215,1.9999994));
#738 = CARTESIAN_POINT('',(1.313478705215,30.8300006));
#739 = ( GEOMETRIC_REPRESENTATION_CONTEXT(2) 
PARAMETRIC_REPRESENTATION_CONTEXT() REPRESENTATION_CONTEXT('2D SPACE',''
  ) );
#740 = PCURVE('',#741,#746);
#741 = PLANE('',#742);
#742 = AXIS2_PLACEMENT_3D('',#743,#744,#745);
#743 = CARTESIAN_POINT('',(13.411501358448,13.824489160364,
    62.730758674375));
#744 = DIRECTION('',(-2.092200513309E-16,-0.951056516295,0.309016994375)
  );
#745 = DIRECTION('',(-3.190148448259E-33,-0.309016994375,-0.951056516295
    ));
#746 = DEFINITIONAL_REPRESENTATION('',(#747),#750);
#747 = B_SPLINE_CURVE_WITH_KNOTS('',1,(#748,#749),.UNSPECIFIED.,.F.,.F.,
  (2,2),(1.9999994,30.8300006),.PIECEWISE_BEZIER_KNOTS.);
#748 = CARTESIAN_POINT('',(-45.67519269291,2.173498041552));
#749 = CARTESIAN_POINT('',(-45.67519269291,31.003499241552));
#750 = ( GEOMETRIC_REPRESENTATION_CONTEXT(2) 
PARAMETRIC_REPRESENTATION_CONTEXT() REPRESENTATION_CONTEXT('2D SPACE',''
  ) );
#751 = ORIENTED_EDGE('',*,*,#752,.T.);
#752 = EDGE_CURVE('',#725,#753,#755,.T.);
#753 = VERTEX_POINT('',#754);
#754 = CARTESIAN_POINT('',(16.605107050431,39.80237890809,
    102.31577033017));
#755 = SURFACE_CURVE('',#756,(#761,#771),.PCURVE_S1.);
#756 = ELLIPSE('',#757,120.39080663615,109.785);
#757 = AXIS2_PLACEMENT_3D('',#758,#759,#760);
#758 = CARTESIAN_POINT('',(-32.72359796251,0.,0.));
#759 = DIRECTION('',(-0.911905178373,0.126820870277,0.390314504623));
#760 = DIRECTION('',(0.410400957183,0.281794197376,0.867273362135));
#761 = PCURVE('',#411,#762);
#762 = DEFINITIONAL_REPRESENTATION('',(#763),#770);
#763 = B_SPLINE_CURVE_WITH_KNOTS('',5,(#764,#765,#766,#767,#768,#769),
  .UNSPECIFIED.,.F.,.F.,(6,6),(6.214959141817,6.351411472542),
  .PIECEWISE_BEZIER_KNOTS.);
#764 = CARTESIAN_POINT('',(1.324863226798,2.98495532982));
#765 = CARTESIAN_POINT('',(1.297572760653,3.076878845746));
#766 = CARTESIAN_POINT('',(1.270282294508,3.122911949955));
#767 = CARTESIAN_POINT('',(1.242991828363,3.122911949955));
#768 = CARTESIAN_POINT('',(1.215701362218,3.076878845746));
#769 = CARTESIAN_POINT('',(1.188410896073,2.98495532982));
#770 = ( GEOMETRIC_REPRESENTATION_CONTEXT(2) 
PARAMETRIC_REPRESENTATION_CONTEXT() REPRESENTATION_CONTEXT('2D SPACE',''
  ) );
#771 = PCURVE('',#772,#777);
#772 = PLANE('',#773);
#773 = AXIS2_PLACEMENT_3D('',#774,#775,#776);
#774 = CARTESIAN_POINT('',(17.585,34.543464716204,106.31385267405));
#775 = DIRECTION('',(-0.911905178373,0.126820870277,0.390314504623));
#776 = DIRECTION('',(-0.410400957183,-0.281794197376,-0.867273362135));
#777 = DEFINITIONAL_REPRESENTATION('',(#778),#782);
#778 = ELLIPSE('',#779,120.39080663615,109.785);
#779 = AXIS2_PLACEMENT_2D('',#780,#781);
#780 = CARTESIAN_POINT('',(122.58401712276,1.365399164281E-15));
#781 = DIRECTION('',(-1.,-2.85538369188E-17));
#782 = ( GEOMETRIC_REPRESENTATION_CONTEXT(2) 
PARAMETRIC_REPRESENTATION_CONTEXT() REPRESENTATION_CONTEXT('2D SPACE',''
  ) );
#783 = ORIENTED_EDGE('',*,*,#784,.T.);
#784 = EDGE_CURVE('',#753,#785,#787,.T.);
#785 = VERTEX_POINT('',#786);
#786 = CARTESIAN_POINT('',(41.924318237859,39.80237890809,
    102.31577033017));
#787 = SURFACE_CURVE('',#788,(#792,#798),.PCURVE_S1.);
#788 = LINE('',#789,#790);
#789 = CARTESIAN_POINT('',(13.585,39.80237890809,102.31577033017));
#790 = VECTOR('',#791,1.);
#791 = DIRECTION('',(1.,0.,0.));
#792 = PCURVE('',#411,#793);
#793 = DEFINITIONAL_REPRESENTATION('',(#794),#797);
#794 = B_SPLINE_CURVE_WITH_KNOTS('',1,(#795,#796),.UNSPECIFIED.,.F.,.F.,
  (2,2),(1.9999994,30.8300006),.PIECEWISE_BEZIER_KNOTS.);
#795 = CARTESIAN_POINT('',(1.199795417656,1.9999994));
#796 = CARTESIAN_POINT('',(1.199795417656,30.8300006));
#797 = ( GEOMETRIC_REPRESENTATION_CONTEXT(2) 
PARAMETRIC_REPRESENTATION_CONTEXT() REPRESENTATION_CONTEXT('2D SPACE',''
  ) );
#798 = PCURVE('',#799,#804);
#799 = PLANE('',#800);
#800 = AXIS2_PLACEMENT_3D('',#801,#802,#803);
#801 = CARTESIAN_POINT('',(13.411501358448,25.687968144629,
    58.876080686542));
#802 = DIRECTION('',(-2.092200513309E-16,-0.951056516295,0.309016994375)
  );
#803 = DIRECTION('',(-3.190148448259E-33,-0.309016994375,-0.951056516295
    ));
#804 = DEFINITIONAL_REPRESENTATION('',(#805),#808);
#805 = B_SPLINE_CURVE_WITH_KNOTS('',1,(#806,#807),.UNSPECIFIED.,.F.,.F.,
  (2,2),(1.9999994,30.8300006),.PIECEWISE_BEZIER_KNOTS.);
#806 = CARTESIAN_POINT('',(-45.67519269291,2.173498041552));
#807 = CARTESIAN_POINT('',(-45.67519269291,31.003499241552));
#808 = ( GEOMETRIC_REPRESENTATION_CONTEXT(2) 
PARAMETRIC_REPRESENTATION_CONTEXT() REPRESENTATION_CONTEXT('2D SPACE',''
  ) );
#809 = ORIENTED_EDGE('',*,*,#810,.T.);
#810 = EDGE_CURVE('',#785,#727,#811,.T.);
#811 = SURFACE_CURVE('',#812,(#817,#827),.PCURVE_S1.);
#812 = ELLIPSE('',#813,112.53834653088,109.785);
#813 = AXIS2_PLACEMENT_3D('',#814,#815,#816);
#814 = CARTESIAN_POINT('',(17.222950695109,0.,0.));
#815 = DIRECTION('',(0.975534147997,-6.793675622322E-02,-0.209087836197)
  );
#816 = DIRECTION('',(0.219847961309,0.301456630324,0.927788108321));
#817 = PCURVE('',#411,#818);
#818 = DEFINITIONAL_REPRESENTATION('',(#819),#826);
#819 = B_SPLINE_CURVE_WITH_KNOTS('',5,(#820,#821,#822,#823,#824,#825),
  .UNSPECIFIED.,.F.,.F.,(6,6),(6.214959141817,6.351411472542),
  .PIECEWISE_BEZIER_KNOTS.);
#820 = CARTESIAN_POINT('',(1.188410896073,28.321716000575));
#821 = CARTESIAN_POINT('',(1.215701362218,28.367746735664));
#822 = CARTESIAN_POINT('',(1.242991828363,28.390797829868));
#823 = CARTESIAN_POINT('',(1.270282294508,28.390797829868));
#824 = CARTESIAN_POINT('',(1.297572760653,28.367746735664));
#825 = CARTESIAN_POINT('',(1.324863226798,28.321716000575));
#826 = ( GEOMETRIC_REPRESENTATION_CONTEXT(2) 
PARAMETRIC_REPRESENTATION_CONTEXT() REPRESENTATION_CONTEXT('2D SPACE',''
  ) );
#827 = PCURVE('',#828,#833);
#828 = PLANE('',#829);
#829 = AXIS2_PLACEMENT_3D('',#830,#831,#832);
#830 = CARTESIAN_POINT('',(22.395,7.091940020905,21.826747048974));
#831 = DIRECTION('',(0.975534147997,-6.793675622322E-02,-0.209087836197)
  );
#832 = DIRECTION('',(0.219847961309,0.301456630324,0.927788108321));
#833 = DEFINITIONAL_REPRESENTATION('',(#834),#838);
#834 = ELLIPSE('',#835,112.53834653088,109.785);
#835 = AXIS2_PLACEMENT_2D('',#836,#837);
#836 = CARTESIAN_POINT('',(-23.525573192,-1.453918909748E-15));
#837 = DIRECTION('',(1.,3.053753743694E-17));
#838 = ( GEOMETRIC_REPRESENTATION_CONTEXT(2) 
PARAMETRIC_REPRESENTATION_CONTEXT() REPRESENTATION_CONTEXT('2D SPACE',''
  ) );
#839 = FACE_BOUND('',#840,.F.);
#840 = EDGE_LOOP('',(#841,#869,#901,#927));
#841 = ORIENTED_EDGE('',*,*,#842,.F.);
#842 = EDGE_CURVE('',#843,#845,#847,.T.);
#843 = VERTEX_POINT('',#844);
#844 = CARTESIAN_POINT('',(16.605107050431,-92.34050183021,
    59.379945661342));
#845 = VERTEX_POINT('',#846);
#846 = CARTESIAN_POINT('',(41.924318237859,-92.34050183021,
    59.379945661342));
#847 = SURFACE_CURVE('',#848,(#852,#858),.PCURVE_S1.);
#848 = LINE('',#849,#850);
#849 = CARTESIAN_POINT('',(13.585,-92.34050183021,59.379945661342));
#850 = VECTOR('',#851,1.);
#851 = DIRECTION('',(1.,0.,0.));
#852 = PCURVE('',#411,#853);
#853 = DEFINITIONAL_REPRESENTATION('',(#854),#857);
#854 = B_SPLINE_CURVE_WITH_KNOTS('',1,(#855,#856),.UNSPECIFIED.,.F.,.F.,
  (2,2),(1.9999994,30.8300006),.PIECEWISE_BEZIER_KNOTS.);
#855 = CARTESIAN_POINT('',(2.570115766651,1.9999994));
#856 = CARTESIAN_POINT('',(2.570115766651,30.8300006));
#857 = ( GEOMETRIC_REPRESENTATION_CONTEXT(2) 
PARAMETRIC_REPRESENTATION_CONTEXT() REPRESENTATION_CONTEXT('2D SPACE',''
  ) );
#858 = PCURVE('',#859,#864);
#859 = PLANE('',#860);
#860 = AXIS2_PLACEMENT_3D('',#861,#862,#863);
#861 = CARTESIAN_POINT('',(13.411501358448,-55.38849472029,
    32.532741000831));
#862 = DIRECTION('',(-0.,-0.587785252292,-0.809016994375));
#863 = DIRECTION('',(0.,-0.809016994375,0.587785252292));
#864 = DEFINITIONAL_REPRESENTATION('',(#865),#868);
#865 = B_SPLINE_CURVE_WITH_KNOTS('',1,(#866,#867),.UNSPECIFIED.,.F.,.F.,
  (2,2),(1.9999994,30.8300006),.PIECEWISE_BEZIER_KNOTS.);
#866 = CARTESIAN_POINT('',(45.675192692913,-2.173498041552));
#867 = CARTESIAN_POINT('',(45.675192692913,-31.00349924155));
#868 = ( GEOMETRIC_REPRESENTATION_CONTEXT(2) 
PARAMETRIC_REPRESENTATION_CONTEXT() REPRESENTATION_CONTEXT('2D SPACE',''
  ) );
#869 = ORIENTED_EDGE('',*,*,#870,.T.);
#870 = EDGE_CURVE('',#843,#871,#873,.T.);
#871 = VERTEX_POINT('',#872);
#872 = CARTESIAN_POINT('',(16.605107050431,-85.00846859311,
    69.471623649175));
#873 = SURFACE_CURVE('',#874,(#879,#889),.PCURVE_S1.);
#874 = ELLIPSE('',#875,120.39080663615,109.785);
#875 = AXIS2_PLACEMENT_3D('',#876,#877,#878);
#876 = CARTESIAN_POINT('',(-32.72359796251,0.,0.));
#877 = DIRECTION('',(-0.911905178373,-0.332021348869,0.241227630159));
#878 = DIRECTION('',(0.410400957183,-0.737746786562,0.536004415337));
#879 = PCURVE('',#411,#880);
#880 = DEFINITIONAL_REPRESENTATION('',(#881),#888);
#881 = B_SPLINE_CURVE_WITH_KNOTS('',5,(#882,#883,#884,#885,#886,#887),
  .UNSPECIFIED.,.F.,.F.,(6,6),(6.214959141817,6.351411472542),
  .PIECEWISE_BEZIER_KNOTS.);
#882 = CARTESIAN_POINT('',(2.581500288234,2.98495532982));
#883 = CARTESIAN_POINT('',(2.554209822089,3.076878845746));
#884 = CARTESIAN_POINT('',(2.526919355944,3.122911949955));
#885 = CARTESIAN_POINT('',(2.499628889799,3.122911949955));
#886 = CARTESIAN_POINT('',(2.472338423654,3.076878845746));
#887 = CARTESIAN_POINT('',(2.445047957509,2.98495532982));
#888 = ( GEOMETRIC_REPRESENTATION_CONTEXT(2) 
PARAMETRIC_REPRESENTATION_CONTEXT() REPRESENTATION_CONTEXT('2D SPACE',''
  ) );
#889 = PCURVE('',#890,#895);
#890 = PLANE('',#891);
#891 = AXIS2_PLACEMENT_3D('',#892,#893,#894);
#892 = CARTESIAN_POINT('',(17.585,-90.4359647162,65.705574427514));
#893 = DIRECTION('',(-0.911905178373,-0.332021348869,0.241227630159));
#894 = DIRECTION('',(-0.410400957183,0.737746786562,-0.536004415337));
#895 = DEFINITIONAL_REPRESENTATION('',(#896),#900);
#896 = ELLIPSE('',#897,120.39080663615,109.785);
#897 = AXIS2_PLACEMENT_2D('',#898,#899);
#898 = CARTESIAN_POINT('',(122.58401712276,-5.766004626826E-16));
#899 = DIRECTION('',(-1.,1.390901624739E-16));
#900 = ( GEOMETRIC_REPRESENTATION_CONTEXT(2) 
PARAMETRIC_REPRESENTATION_CONTEXT() REPRESENTATION_CONTEXT('2D SPACE',''
  ) );
#901 = ORIENTED_EDGE('',*,*,#902,.T.);
#902 = EDGE_CURVE('',#871,#903,#905,.T.);
#903 = VERTEX_POINT('',#904);
#904 = CARTESIAN_POINT('',(41.924318237859,-85.00846859311,
    69.471623649175));
#905 = SURFACE_CURVE('',#906,(#910,#916),.PCURVE_S1.);
#906 = LINE('',#907,#908);
#907 = CARTESIAN_POINT('',(13.585,-85.00846859311,69.471623649175));
#908 = VECTOR('',#909,1.);
#909 = DIRECTION('',(1.,0.,0.));
#910 = PCURVE('',#411,#911);
#911 = DEFINITIONAL_REPRESENTATION('',(#912),#915);
#912 = B_SPLINE_CURVE_WITH_KNOTS('',1,(#913,#914),.UNSPECIFIED.,.F.,.F.,
  (2,2),(1.9999994,30.8300006),.PIECEWISE_BEZIER_KNOTS.);
#913 = CARTESIAN_POINT('',(2.456432479092,1.9999994));
#914 = CARTESIAN_POINT('',(2.456432479092,30.8300006));
#915 = ( GEOMETRIC_REPRESENTATION_CONTEXT(2) 
PARAMETRIC_REPRESENTATION_CONTEXT() REPRESENTATION_CONTEXT('2D SPACE',''
  ) );
#916 = PCURVE('',#917,#922);
#917 = PLANE('',#918);
#918 = AXIS2_PLACEMENT_3D('',#919,#920,#921);
#919 = CARTESIAN_POINT('',(13.411501358448,-48.0564614832,
    42.624418988664));
#920 = DIRECTION('',(-0.,-0.587785252292,-0.809016994375));
#921 = DIRECTION('',(0.,-0.809016994375,0.587785252292));
#922 = DEFINITIONAL_REPRESENTATION('',(#923),#926);
#923 = B_SPLINE_CURVE_WITH_KNOTS('',1,(#924,#925),.UNSPECIFIED.,.F.,.F.,
  (2,2),(1.9999994,30.8300006),.PIECEWISE_BEZIER_KNOTS.);
#924 = CARTESIAN_POINT('',(45.675192692913,-2.173498041552));
#925 = CARTESIAN_POINT('',(45.675192692913,-31.00349924155));
#926 = ( GEOMETRIC_REPRESENTATION_CONTEXT(2) 
PARAMETRIC_REPRESENTATION_CONTEXT() REPRESENTATION_CONTEXT('2D SPACE',''
  ) );
#927 = ORIENTED_EDGE('',*,*,#928,.T.);
#928 = EDGE_CURVE('',#903,#845,#929,.T.);
#929 = SURFACE_CURVE('',#930,(#935,#945),.PCURVE_S1.);
#930 = ELLIPSE('',#931,112.53834653088,109.785);
#931 = AXIS2_PLACEMENT_3D('',#932,#933,#934);
#932 = CARTESIAN_POINT('',(17.222950695109,0.,0.));
#933 = DIRECTION('',(0.975534147997,0.177860736878,-0.129223389404));
#934 = DIRECTION('',(0.219847961309,-0.789223704323,0.5734045853));
#935 = PCURVE('',#411,#936);
#936 = DEFINITIONAL_REPRESENTATION('',(#937),#944);
#937 = B_SPLINE_CURVE_WITH_KNOTS('',5,(#938,#939,#940,#941,#942,#943),
  .UNSPECIFIED.,.F.,.F.,(6,6),(6.214959141817,6.351411472542),
  .PIECEWISE_BEZIER_KNOTS.);
#938 = CARTESIAN_POINT('',(2.445047957509,28.321716000575));
#939 = CARTESIAN_POINT('',(2.472338423654,28.367746735664));
#940 = CARTESIAN_POINT('',(2.499628889799,28.390797829868));
#941 = CARTESIAN_POINT('',(2.526919355944,28.390797829868));
#942 = CARTESIAN_POINT('',(2.554209822089,28.367746735664));
#943 = CARTESIAN_POINT('',(2.581500288234,28.321716000575));
#944 = ( GEOMETRIC_REPRESENTATION_CONTEXT(2) 
PARAMETRIC_REPRESENTATION_CONTEXT() REPRESENTATION_CONTEXT('2D SPACE',''
  ) );
#945 = PCURVE('',#946,#951);
#946 = PLANE('',#947);
#947 = AXIS2_PLACEMENT_3D('',#948,#949,#950);
#948 = CARTESIAN_POINT('',(22.395,-18.5669400209,13.489671540112));
#949 = DIRECTION('',(0.975534147997,0.177860736878,-0.129223389404));
#950 = DIRECTION('',(0.219847961309,-0.789223704323,0.5734045853));
#951 = DEFINITIONAL_REPRESENTATION('',(#952),#956);
#952 = ELLIPSE('',#953,112.53834653088,109.785);
#953 = AXIS2_PLACEMENT_2D('',#954,#955);
#954 = CARTESIAN_POINT('',(-23.525573192,-1.817092689648E-15));
#955 = DIRECTION('',(1.,9.089957633014E-17));
#956 = ( GEOMETRIC_REPRESENTATION_CONTEXT(2) 
PARAMETRIC_REPRESENTATION_CONTEXT() REPRESENTATION_CONTEXT('2D SPACE',''
  ) );
#957 = FACE_BOUND('',#958,.F.);
#958 = EDGE_LOOP('',(#959,#987,#1019,#1045));
#959 = ORIENTED_EDGE('',*,*,#960,.F.);
#960 = EDGE_CURVE('',#961,#963,#965,.T.);
#961 = VERTEX_POINT('',#962);
#962 = CARTESIAN_POINT('',(16.605107050431,39.80237890809,
    -102.3157703301));
#963 = VERTEX_POINT('',#964);
#964 = CARTESIAN_POINT('',(41.924318237859,39.80237890809,
    -102.3157703301));
#965 = SURFACE_CURVE('',#966,(#970,#976),.PCURVE_S1.);
#966 = LINE('',#967,#968);
#967 = CARTESIAN_POINT('',(13.585,39.80237890809,-102.3157703301));
#968 = VECTOR('',#969,1.);
#969 = DIRECTION('',(1.,0.,0.));
#970 = PCURVE('',#411,#971);
#971 = DEFINITIONAL_REPRESENTATION('',(#972),#975);
#972 = B_SPLINE_CURVE_WITH_KNOTS('',1,(#973,#974),.UNSPECIFIED.,.F.,.F.,
  (2,2),(1.9999994,30.8300006),.PIECEWISE_BEZIER_KNOTS.);
#973 = CARTESIAN_POINT('',(5.083389889523,1.9999994));
#974 = CARTESIAN_POINT('',(5.083389889523,30.8300006));
#975 = ( GEOMETRIC_REPRESENTATION_CONTEXT(2) 
PARAMETRIC_REPRESENTATION_CONTEXT() REPRESENTATION_CONTEXT('2D SPACE',''
  ) );
#976 = PCURVE('',#977,#982);
#977 = PLANE('',#978);
#978 = AXIS2_PLACEMENT_3D('',#979,#980,#981);
#979 = CARTESIAN_POINT('',(13.411501358448,25.687968144629,
    -58.87608068654));
#980 = DIRECTION('',(-1.754276005342E-16,0.951056516295,0.309016994375)
  );
#981 = DIRECTION('',(1.91339519694E-33,-0.309016994375,0.951056516295));
#982 = DEFINITIONAL_REPRESENTATION('',(#983),#986);
#983 = B_SPLINE_CURVE_WITH_KNOTS('',1,(#984,#985),.UNSPECIFIED.,.F.,.F.,
  (2,2),(1.9999994,30.8300006),.PIECEWISE_BEZIER_KNOTS.);
#984 = CARTESIAN_POINT('',(-45.67519269291,2.173498041552));
#985 = CARTESIAN_POINT('',(-45.67519269291,31.003499241552));
#986 = ( GEOMETRIC_REPRESENTATION_CONTEXT(2) 
PARAMETRIC_REPRESENTATION_CONTEXT() REPRESENTATION_CONTEXT('2D SPACE',''
  ) );
#987 = ORIENTED_EDGE('',*,*,#988,.T.);
#988 = EDGE_CURVE('',#961,#989,#991,.T.);
#989 = VERTEX_POINT('',#990);
#990 = CARTESIAN_POINT('',(16.605107050431,27.938899923824,
    -106.170448318));
#991 = SURFACE_CURVE('',#992,(#997,#1007),.PCURVE_S1.);
#992 = ELLIPSE('',#993,120.39080663615,109.785);
#993 = AXIS2_PLACEMENT_3D('',#994,#995,#996);
#994 = CARTESIAN_POINT('',(-32.72359796251,0.,0.));
#995 = DIRECTION('',(-0.911905178373,0.126820870277,-0.390314504623));
#996 = DIRECTION('',(0.410400957183,0.281794197376,-0.867273362135));
#997 = PCURVE('',#411,#998);
#998 = DEFINITIONAL_REPRESENTATION('',(#999),#1006);
#999 = B_SPLINE_CURVE_WITH_KNOTS('',5,(#1000,#1001,#1002,#1003,#1004,
    #1005),.UNSPECIFIED.,.F.,.F.,(6,6),(6.214959141817,6.351411472542),
  .PIECEWISE_BEZIER_KNOTS.);
#1000 = CARTESIAN_POINT('',(5.094774411106,2.98495532982));
#1001 = CARTESIAN_POINT('',(5.067483944961,3.076878845746));
#1002 = CARTESIAN_POINT('',(5.040193478816,3.122911949955));
#1003 = CARTESIAN_POINT('',(5.012903012671,3.122911949955));
#1004 = CARTESIAN_POINT('',(4.985612546526,3.076878845746));
#1005 = CARTESIAN_POINT('',(4.958322080381,2.98495532982));
#1006 = ( GEOMETRIC_REPRESENTATION_CONTEXT(2) 
PARAMETRIC_REPRESENTATION_CONTEXT() REPRESENTATION_CONTEXT('2D SPACE',''
  ) );
#1007 = PCURVE('',#1008,#1013);
#1008 = PLANE('',#1009);
#1009 = AXIS2_PLACEMENT_3D('',#1010,#1011,#1012);
#1010 = CARTESIAN_POINT('',(17.585,34.543464716203,-106.313852674));
#1011 = DIRECTION('',(-0.911905178373,0.126820870277,-0.390314504623));
#1012 = DIRECTION('',(-0.410400957183,-0.281794197376,0.867273362135));
#1013 = DEFINITIONAL_REPRESENTATION('',(#1014),#1018);
#1014 = ELLIPSE('',#1015,120.39080663615,109.785);
#1015 = AXIS2_PLACEMENT_2D('',#1016,#1017);
#1016 = CARTESIAN_POINT('',(122.58401712276,2.976351989309E-15));
#1017 = DIRECTION('',(-1.,-2.091264373253E-16));
#1018 = ( GEOMETRIC_REPRESENTATION_CONTEXT(2) 
PARAMETRIC_REPRESENTATION_CONTEXT() REPRESENTATION_CONTEXT('2D SPACE',''
  ) );
#1019 = ORIENTED_EDGE('',*,*,#1020,.T.);
#1020 = EDGE_CURVE('',#989,#1021,#1023,.T.);
#1021 = VERTEX_POINT('',#1022);
#1022 = CARTESIAN_POINT('',(41.924318237859,27.938899923824,
    -106.170448318));
#1023 = SURFACE_CURVE('',#1024,(#1028,#1034),.PCURVE_S1.);
#1024 = LINE('',#1025,#1026);
#1025 = CARTESIAN_POINT('',(13.585,27.938899923824,-106.170448318));
#1026 = VECTOR('',#1027,1.);
#1027 = DIRECTION('',(1.,0.,0.));
#1028 = PCURVE('',#411,#1029);
#1029 = DEFINITIONAL_REPRESENTATION('',(#1030),#1033);
#1030 = B_SPLINE_CURVE_WITH_KNOTS('',1,(#1031,#1032),.UNSPECIFIED.,.F.,
  .F.,(2,2),(1.9999994,30.8300006),.PIECEWISE_BEZIER_KNOTS.);
#1031 = CARTESIAN_POINT('',(4.969706601964,1.9999994));
#1032 = CARTESIAN_POINT('',(4.969706601964,30.8300006));
#1033 = ( GEOMETRIC_REPRESENTATION_CONTEXT(2) 
PARAMETRIC_REPRESENTATION_CONTEXT() REPRESENTATION_CONTEXT('2D SPACE',''
  ) );
#1034 = PCURVE('',#1035,#1040);
#1035 = PLANE('',#1036);
#1036 = AXIS2_PLACEMENT_3D('',#1037,#1038,#1039);
#1037 = CARTESIAN_POINT('',(13.411501358448,13.824489160364,
    -62.73075867437));
#1038 = DIRECTION('',(-1.754276005342E-16,0.951056516295,0.309016994375)
  );
#1039 = DIRECTION('',(1.91339519694E-33,-0.309016994375,0.951056516295)
  );
#1040 = DEFINITIONAL_REPRESENTATION('',(#1041),#1044);
#1041 = B_SPLINE_CURVE_WITH_KNOTS('',1,(#1042,#1043),.UNSPECIFIED.,.F.,
  .F.,(2,2),(1.9999994,30.8300006),.PIECEWISE_BEZIER_KNOTS.);
#1042 = CARTESIAN_POINT('',(-45.67519269291,2.173498041552));
#1043 = CARTESIAN_POINT('',(-45.67519269291,31.003499241552));
#1044 = ( GEOMETRIC_REPRESENTATION_CONTEXT(2) 
PARAMETRIC_REPRESENTATION_CONTEXT() REPRESENTATION_CONTEXT('2D SPACE',''
  ) );
#1045 = ORIENTED_EDGE('',*,*,#1046,.T.);
#1046 = EDGE_CURVE('',#1021,#963,#1047,.T.);
#1047 = SURFACE_CURVE('',#1048,(#1053,#1063),.PCURVE_S1.);
#1048 = ELLIPSE('',#1049,112.53834653088,109.785);
#1049 = AXIS2_PLACEMENT_3D('',#1050,#1051,#1052);
#1050 = CARTESIAN_POINT('',(17.222950695109,0.,0.));
#1051 = DIRECTION('',(0.975534147997,-6.793675622322E-02,0.209087836197)
  );
#1052 = DIRECTION('',(0.219847961309,0.301456630324,-0.927788108321));
#1053 = PCURVE('',#411,#1054);
#1054 = DEFINITIONAL_REPRESENTATION('',(#1055),#1062);
#1055 = B_SPLINE_CURVE_WITH_KNOTS('',5,(#1056,#1057,#1058,#1059,#1060,
    #1061),.UNSPECIFIED.,.F.,.F.,(6,6),(6.214959141817,6.351411472542),
  .PIECEWISE_BEZIER_KNOTS.);
#1056 = CARTESIAN_POINT('',(4.958322080381,28.321716000575));
#1057 = CARTESIAN_POINT('',(4.985612546526,28.367746735664));
#1058 = CARTESIAN_POINT('',(5.012903012671,28.390797829868));
#1059 = CARTESIAN_POINT('',(5.040193478816,28.390797829868));
#1060 = CARTESIAN_POINT('',(5.067483944961,28.367746735664));
#1061 = CARTESIAN_POINT('',(5.094774411106,28.321716000575));
#1062 = ( GEOMETRIC_REPRESENTATION_CONTEXT(2) 
PARAMETRIC_REPRESENTATION_CONTEXT() REPRESENTATION_CONTEXT('2D SPACE',''
  ) );
#1063 = PCURVE('',#1064,#1069);
#1064 = PLANE('',#1065);
#1065 = AXIS2_PLACEMENT_3D('',#1066,#1067,#1068);
#1066 = CARTESIAN_POINT('',(22.395,7.091940020905,-21.82674704897));
#1067 = DIRECTION('',(0.975534147997,-6.793675622322E-02,0.209087836197)
  );
#1068 = DIRECTION('',(0.219847961309,0.301456630324,-0.927788108321));
#1069 = DEFINITIONAL_REPRESENTATION('',(#1070),#1074);
#1070 = ELLIPSE('',#1071,112.53834653088,109.785);
#1071 = AXIS2_PLACEMENT_2D('',#1072,#1073);
#1072 = CARTESIAN_POINT('',(-23.525573192,-2.586583986006E-15));
#1073 = DIRECTION('',(1.,-4.047688067022E-16));
#1074 = ( GEOMETRIC_REPRESENTATION_CONTEXT(2) 
PARAMETRIC_REPRESENTATION_CONTEXT() REPRESENTATION_CONTEXT('2D SPACE',''
  ) );
#1075 = FACE_BOUND('',#1076,.F.);
#1076 = EDGE_LOOP('',(#1077,#1105,#1137,#1163));
#1077 = ORIENTED_EDGE('',*,*,#1078,.F.);
#1078 = EDGE_CURVE('',#1079,#1081,#1083,.T.);
#1079 = VERTEX_POINT('',#1080);
#1080 = CARTESIAN_POINT('',(16.605107050431,-85.00846859311,
    -69.47162364917));
#1081 = VERTEX_POINT('',#1082);
#1082 = CARTESIAN_POINT('',(41.924318237859,-85.00846859311,
    -69.47162364917));
#1083 = SURFACE_CURVE('',#1084,(#1088,#1094),.PCURVE_S1.);
#1084 = LINE('',#1085,#1086);
#1085 = CARTESIAN_POINT('',(13.585,-85.00846859311,-69.47162364917));
#1086 = VECTOR('',#1087,1.);
#1087 = DIRECTION('',(1.,0.,0.));
#1088 = PCURVE('',#411,#1089);
#1089 = DEFINITIONAL_REPRESENTATION('',(#1090),#1093);
#1090 = B_SPLINE_CURVE_WITH_KNOTS('',1,(#1091,#1092),.UNSPECIFIED.,.F.,
  .F.,(2,2),(1.9999994,30.8300006),.PIECEWISE_BEZIER_KNOTS.);
#1091 = CARTESIAN_POINT('',(3.826752828087,1.9999994));
#1092 = CARTESIAN_POINT('',(3.826752828087,30.8300006));
#1093 = ( GEOMETRIC_REPRESENTATION_CONTEXT(2) 
PARAMETRIC_REPRESENTATION_CONTEXT() REPRESENTATION_CONTEXT('2D SPACE',''
  ) );
#1094 = PCURVE('',#1095,#1100);
#1095 = PLANE('',#1096);
#1096 = AXIS2_PLACEMENT_3D('',#1097,#1098,#1099);
#1097 = CARTESIAN_POINT('',(13.411501358448,-48.0564614832,
    -42.62441898866));
#1098 = DIRECTION('',(-0.,0.587785252292,-0.809016994375));
#1099 = DIRECTION('',(0.,-0.809016994375,-0.587785252292));
#1100 = DEFINITIONAL_REPRESENTATION('',(#1101),#1104);
#1101 = B_SPLINE_CURVE_WITH_KNOTS('',1,(#1102,#1103),.UNSPECIFIED.,.F.,
  .F.,(2,2),(1.9999994,30.8300006),.PIECEWISE_BEZIER_KNOTS.);
#1102 = CARTESIAN_POINT('',(45.675192692913,-2.173498041552));
#1103 = CARTESIAN_POINT('',(45.675192692913,-31.00349924155));
#1104 = ( GEOMETRIC_REPRESENTATION_CONTEXT(2) 
PARAMETRIC_REPRESENTATION_CONTEXT() REPRESENTATION_CONTEXT('2D SPACE',''
  ) );
#1105 = ORIENTED_EDGE('',*,*,#1106,.T.);
#1106 = EDGE_CURVE('',#1079,#1107,#1109,.T.);
#1107 = VERTEX_POINT('',#1108);
#1108 = CARTESIAN_POINT('',(16.605107050431,-92.34050183021,
    -59.37994566134));
#1109 = SURFACE_CURVE('',#1110,(#1115,#1125),.PCURVE_S1.);
#1110 = ELLIPSE('',#1111,120.39080663615,109.785);
#1111 = AXIS2_PLACEMENT_3D('',#1112,#1113,#1114);
#1112 = CARTESIAN_POINT('',(-32.72359796251,0.,0.));
#1113 = DIRECTION('',(-0.911905178373,-0.332021348869,-0.241227630159));
#1114 = DIRECTION('',(0.410400957183,-0.737746786562,-0.536004415337));
#1115 = PCURVE('',#411,#1116);
#1116 = DEFINITIONAL_REPRESENTATION('',(#1117),#1124);
#1117 = B_SPLINE_CURVE_WITH_KNOTS('',5,(#1118,#1119,#1120,#1121,#1122,
    #1123),.UNSPECIFIED.,.F.,.F.,(6,6),(6.214959141817,6.351411472542),
  .PIECEWISE_BEZIER_KNOTS.);
#1118 = CARTESIAN_POINT('',(3.83813734967,2.98495532982));
#1119 = CARTESIAN_POINT('',(3.810846883525,3.076878845746));
#1120 = CARTESIAN_POINT('',(3.78355641738,3.122911949955));
#1121 = CARTESIAN_POINT('',(3.756265951235,3.122911949955));
#1122 = CARTESIAN_POINT('',(3.72897548509,3.076878845746));
#1123 = CARTESIAN_POINT('',(3.701685018945,2.98495532982));
#1124 = ( GEOMETRIC_REPRESENTATION_CONTEXT(2) 
PARAMETRIC_REPRESENTATION_CONTEXT() REPRESENTATION_CONTEXT('2D SPACE',''
  ) );
#1125 = PCURVE('',#1126,#1131);
#1126 = PLANE('',#1127);
#1127 = AXIS2_PLACEMENT_3D('',#1128,#1129,#1130);
#1128 = CARTESIAN_POINT('',(17.585,-90.4359647162,-65.70557442751));
#1129 = DIRECTION('',(-0.911905178373,-0.332021348869,-0.241227630159));
#1130 = DIRECTION('',(-0.410400957183,0.737746786562,0.536004415337));
#1131 = DEFINITIONAL_REPRESENTATION('',(#1132),#1136);
#1132 = ELLIPSE('',#1133,120.39080663615,109.785);
#1133 = AXIS2_PLACEMENT_2D('',#1134,#1135);
#1134 = CARTESIAN_POINT('',(122.58401712276,-9.621572240856E-15));
#1135 = DIRECTION('',(-1.,2.233347219904E-17));
#1136 = ( GEOMETRIC_REPRESENTATION_CONTEXT(2) 
PARAMETRIC_REPRESENTATION_CONTEXT() REPRESENTATION_CONTEXT('2D SPACE',''
  ) );
#1137 = ORIENTED_EDGE('',*,*,#1138,.T.);
#1138 = EDGE_CURVE('',#1107,#1139,#1141,.T.);
#1139 = VERTEX_POINT('',#1140);
#1140 = CARTESIAN_POINT('',(41.924318237859,-92.34050183021,
    -59.37994566134));
#1141 = SURFACE_CURVE('',#1142,(#1146,#1152),.PCURVE_S1.);
#1142 = LINE('',#1143,#1144);
#1143 = CARTESIAN_POINT('',(13.585,-92.34050183021,-59.37994566134));
#1144 = VECTOR('',#1145,1.);
#1145 = DIRECTION('',(1.,0.,0.));
#1146 = PCURVE('',#411,#1147);
#1147 = DEFINITIONAL_REPRESENTATION('',(#1148),#1151);
#1148 = B_SPLINE_CURVE_WITH_KNOTS('',1,(#1149,#1150),.UNSPECIFIED.,.F.,
  .F.,(2,2),(1.9999994,30.8300006),.PIECEWISE_BEZIER_KNOTS.);
#1149 = CARTESIAN_POINT('',(3.713069540528,1.9999994));
#1150 = CARTESIAN_POINT('',(3.713069540528,30.8300006));
#1151 = ( GEOMETRIC_REPRESENTATION_CONTEXT(2) 
PARAMETRIC_REPRESENTATION_CONTEXT() REPRESENTATION_CONTEXT('2D SPACE',''
  ) );
#1152 = PCURVE('',#1153,#1158);
#1153 = PLANE('',#1154);
#1154 = AXIS2_PLACEMENT_3D('',#1155,#1156,#1157);
#1155 = CARTESIAN_POINT('',(13.411501358448,-55.38849472029,
    -32.53274100083));
#1156 = DIRECTION('',(-0.,0.587785252292,-0.809016994375));
#1157 = DIRECTION('',(0.,-0.809016994375,-0.587785252292));
#1158 = DEFINITIONAL_REPRESENTATION('',(#1159),#1162);
#1159 = B_SPLINE_CURVE_WITH_KNOTS('',1,(#1160,#1161),.UNSPECIFIED.,.F.,
  .F.,(2,2),(1.9999994,30.8300006),.PIECEWISE_BEZIER_KNOTS.);
#1160 = CARTESIAN_POINT('',(45.675192692913,-2.173498041552));
#1161 = CARTESIAN_POINT('',(45.675192692913,-31.00349924155));
#1162 = ( GEOMETRIC_REPRESENTATION_CONTEXT(2) 
PARAMETRIC_REPRESENTATION_CONTEXT() REPRESENTATION_CONTEXT('2D SPACE',''
  ) );
#1163 = ORIENTED_EDGE('',*,*,#1164,.T.);
#1164 = EDGE_CURVE('',#1139,#1081,#1165,.T.);
#1165 = SURFACE_CURVE('',#1166,(#1171,#1181),.PCURVE_S1.);
#1166 = ELLIPSE('',#1167,112.53834653088,109.785);
#1167 = AXIS2_PLACEMENT_3D('',#1168,#1169,#1170);
#1168 = CARTESIAN_POINT('',(17.222950695109,0.,0.));
#1169 = DIRECTION('',(0.975534147997,0.177860736878,0.129223389404));
#1170 = DIRECTION('',(0.219847961309,-0.789223704323,-0.5734045853));
#1171 = PCURVE('',#411,#1172);
#1172 = DEFINITIONAL_REPRESENTATION('',(#1173),#1180);
#1173 = B_SPLINE_CURVE_WITH_KNOTS('',5,(#1174,#1175,#1176,#1177,#1178,
    #1179),.UNSPECIFIED.,.F.,.F.,(6,6),(6.214959141817,6.351411472542),
  .PIECEWISE_BEZIER_KNOTS.);
#1174 = CARTESIAN_POINT('',(3.701685018945,28.321716000575));
#1175 = CARTESIAN_POINT('',(3.72897548509,28.367746735664));
#1176 = CARTESIAN_POINT('',(3.756265951235,28.390797829868));
#1177 = CARTESIAN_POINT('',(3.78355641738,28.390797829868));
#1178 = CARTESIAN_POINT('',(3.810846883525,28.367746735664));
#1179 = CARTESIAN_POINT('',(3.83813734967,28.321716000575));
#1180 = ( GEOMETRIC_REPRESENTATION_CONTEXT(2) 
PARAMETRIC_REPRESENTATION_CONTEXT() REPRESENTATION_CONTEXT('2D SPACE',''
  ) );
#1181 = PCURVE('',#1182,#1187);
#1182 = PLANE('',#1183);
#1183 = AXIS2_PLACEMENT_3D('',#1184,#1185,#1186);
#1184 = CARTESIAN_POINT('',(22.395,-18.5669400209,-13.48967154011));
#1185 = DIRECTION('',(0.975534147997,0.177860736878,0.129223389404));
#1186 = DIRECTION('',(0.219847961309,-0.789223704323,-0.5734045853));
#1187 = DEFINITIONAL_REPRESENTATION('',(#1188),#1192);
#1188 = ELLIPSE('',#1189,112.53834653088,109.785);
#1189 = AXIS2_PLACEMENT_2D('',#1190,#1191);
#1190 = CARTESIAN_POINT('',(-23.525573192,3.532898006351E-15));
#1191 = DIRECTION('',(1.,-2.723887902753E-17));
#1192 = ( GEOMETRIC_REPRESENTATION_CONTEXT(2) 
PARAMETRIC_REPRESENTATION_CONTEXT() REPRESENTATION_CONTEXT('2D SPACE',''
  ) );
#1193 = ADVANCED_FACE('',(#1194,#1197),#468,.F.);
#1194 = FACE_BOUND('',#1195,.F.);
#1195 = EDGE_LOOP('',(#1196));
#1196 = ORIENTED_EDGE('',*,*,#453,.T.);
#1197 = FACE_BOUND('',#1198,.F.);
#1198 = EDGE_LOOP('',(#1199));
#1199 = ORIENTED_EDGE('',*,*,#619,.F.);
#1200 = ADVANCED_FACE('',(#1201),#526,.T.);
#1201 = FACE_BOUND('',#1202,.T.);
#1202 = EDGE_LOOP('',(#1203,#1233,#1254,#1255,#1256));
#1203 = ORIENTED_EDGE('',*,*,#1204,.F.);
#1204 = EDGE_CURVE('',#1205,#1207,#1209,.T.);
#1205 = VERTEX_POINT('',#1206);
#1206 = CARTESIAN_POINT('',(22.395,22.95,-6.237));
#1207 = VERTEX_POINT('',#1208);
#1208 = CARTESIAN_POINT('',(22.395,22.95,6.237));
#1209 = SURFACE_CURVE('',#1210,(#1214,#1221),.PCURVE_S1.);
#1210 = LINE('',#1211,#1212);
#1211 = CARTESIAN_POINT('',(22.395,22.95,-6.237));
#1212 = VECTOR('',#1213,1.);
#1213 = DIRECTION('',(0.,0.,1.));
#1214 = PCURVE('',#526,#1215);
#1215 = DEFINITIONAL_REPRESENTATION('',(#1216),#1220);
#1216 = LINE('',#1217,#1218);
#1217 = CARTESIAN_POINT('',(-1.522328635023E-16,-6.237));
#1218 = VECTOR('',#1219,1.);
#1219 = DIRECTION('',(2.440802685623E-17,1.));
#1220 = ( GEOMETRIC_REPRESENTATION_CONTEXT(2) 
PARAMETRIC_REPRESENTATION_CONTEXT() REPRESENTATION_CONTEXT('2D SPACE',''
  ) );
#1221 = PCURVE('',#1222,#1227);
#1222 = PLANE('',#1223);
#1223 = AXIS2_PLACEMENT_3D('',#1224,#1225,#1226);
#1224 = CARTESIAN_POINT('',(-22.395,22.95,-2.486344463648E-15));
#1225 = DIRECTION('',(0.,-1.,0.));
#1226 = DIRECTION('',(1.,0.,1.110223024625E-16));
#1227 = DEFINITIONAL_REPRESENTATION('',(#1228),#1232);
#1228 = LINE('',#1229,#1230);
#1229 = CARTESIAN_POINT('',(44.79,-6.237));
#1230 = VECTOR('',#1231,1.);
#1231 = DIRECTION('',(1.110223024625E-16,1.));
#1232 = ( GEOMETRIC_REPRESENTATION_CONTEXT(2) 
PARAMETRIC_REPRESENTATION_CONTEXT() REPRESENTATION_CONTEXT('2D SPACE',''
  ) );
#1233 = ORIENTED_EDGE('',*,*,#1234,.T.);
#1234 = EDGE_CURVE('',#1205,#670,#1235,.T.);
#1235 = SURFACE_CURVE('',#1236,(#1240,#1247),.PCURVE_S1.);
#1236 = LINE('',#1237,#1238);
#1237 = CARTESIAN_POINT('',(22.395,22.95,-6.237));
#1238 = VECTOR('',#1239,1.);
#1239 = DIRECTION('',(0.219847961309,0.975534147997,2.440802685623E-17)
  );
#1240 = PCURVE('',#526,#1241);
#1241 = DEFINITIONAL_REPRESENTATION('',(#1242),#1246);
#1242 = LINE('',#1243,#1244);
#1243 = CARTESIAN_POINT('',(-1.522328635023E-16,-6.237));
#1244 = VECTOR('',#1245,1.);
#1245 = DIRECTION('',(1.,0.));
#1246 = ( GEOMETRIC_REPRESENTATION_CONTEXT(2) 
PARAMETRIC_REPRESENTATION_CONTEXT() REPRESENTATION_CONTEXT('2D SPACE',''
  ) );
#1247 = PCURVE('',#684,#1248);
#1248 = DEFINITIONAL_REPRESENTATION('',(#1249),#1253);
#1249 = LINE('',#1250,#1251);
#1250 = CARTESIAN_POINT('',(8.983498641552,-40.9824988985));
#1251 = VECTOR('',#1252,1.);
#1252 = DIRECTION('',(0.219847961309,0.975534147997));
#1253 = ( GEOMETRIC_REPRESENTATION_CONTEXT(2) 
PARAMETRIC_REPRESENTATION_CONTEXT() REPRESENTATION_CONTEXT('2D SPACE',''
  ) );
#1254 = ORIENTED_EDGE('',*,*,#695,.T.);
#1255 = ORIENTED_EDGE('',*,*,#506,.T.);
#1256 = ORIENTED_EDGE('',*,*,#1257,.F.);
#1257 = EDGE_CURVE('',#1207,#507,#1258,.T.);
#1258 = SURFACE_CURVE('',#1259,(#1263,#1270),.PCURVE_S1.);
#1259 = LINE('',#1260,#1261);
#1260 = CARTESIAN_POINT('',(22.395,22.95,6.237));
#1261 = VECTOR('',#1262,1.);
#1262 = DIRECTION('',(0.219847961309,0.975534147997,2.440802685623E-17)
  );
#1263 = PCURVE('',#526,#1264);
#1264 = DEFINITIONAL_REPRESENTATION('',(#1265),#1269);
#1265 = LINE('',#1266,#1267);
#1266 = CARTESIAN_POINT('',(1.522328635023E-16,6.237));
#1267 = VECTOR('',#1268,1.);
#1268 = DIRECTION('',(1.,0.));
#1269 = ( GEOMETRIC_REPRESENTATION_CONTEXT(2) 
PARAMETRIC_REPRESENTATION_CONTEXT() REPRESENTATION_CONTEXT('2D SPACE',''
  ) );
#1270 = PCURVE('',#553,#1271);
#1271 = DEFINITIONAL_REPRESENTATION('',(#1272),#1276);
#1272 = LINE('',#1273,#1274);
#1273 = CARTESIAN_POINT('',(8.983498641552,-40.9824988985));
#1274 = VECTOR('',#1275,1.);
#1275 = DIRECTION('',(0.219847961309,0.975534147997));
#1276 = ( GEOMETRIC_REPRESENTATION_CONTEXT(2) 
PARAMETRIC_REPRESENTATION_CONTEXT() REPRESENTATION_CONTEXT('2D SPACE',''
  ) );
#1277 = ADVANCED_FACE('',(#1278),#553,.T.);
#1278 = FACE_BOUND('',#1279,.T.);
#1279 = EDGE_LOOP('',(#1280,#1308,#1329,#1330,#1331,#1354));
#1280 = ORIENTED_EDGE('',*,*,#1281,.T.);
#1281 = EDGE_CURVE('',#1282,#1284,#1286,.T.);
#1282 = VERTEX_POINT('',#1283);
#1283 = CARTESIAN_POINT('',(13.585,24.157862715894,6.237));
#1284 = VERTEX_POINT('',#1285);
#1285 = CARTESIAN_POINT('',(13.585,22.95,6.237));
#1286 = SURFACE_CURVE('',#1287,(#1291,#1297),.PCURVE_S1.);
#1287 = LINE('',#1288,#1289);
#1288 = CARTESIAN_POINT('',(13.585,31.966249449254,6.237));
#1289 = VECTOR('',#1290,1.);
#1290 = DIRECTION('',(0.,-1.,0.));
#1291 = PCURVE('',#553,#1292);
#1292 = DEFINITIONAL_REPRESENTATION('',(#1293),#1296);
#1293 = B_SPLINE_CURVE_WITH_KNOTS('',1,(#1294,#1295),.UNSPECIFIED.,.F.,
  .F.,(2,2),(7.016249449254,9.016249449254),.PIECEWISE_BEZIER_KNOTS.);
#1294 = CARTESIAN_POINT('',(0.173498641552,-38.9824988985));
#1295 = CARTESIAN_POINT('',(0.173498641552,-40.9824988985));
#1296 = ( GEOMETRIC_REPRESENTATION_CONTEXT(2) 
PARAMETRIC_REPRESENTATION_CONTEXT() REPRESENTATION_CONTEXT('2D SPACE',''
  ) );
#1297 = PCURVE('',#1298,#1303);
#1298 = PLANE('',#1299);
#1299 = AXIS2_PLACEMENT_3D('',#1300,#1301,#1302);
#1300 = CARTESIAN_POINT('',(13.585,0.,0.));
#1301 = DIRECTION('',(1.,0.,0.));
#1302 = DIRECTION('',(0.,1.,0.));
#1303 = DEFINITIONAL_REPRESENTATION('',(#1304),#1307);
#1304 = B_SPLINE_CURVE_WITH_KNOTS('',1,(#1305,#1306),.UNSPECIFIED.,.F.,
  .F.,(2,2),(7.016249449254,9.016249449254),.PIECEWISE_BEZIER_KNOTS.);
#1305 = CARTESIAN_POINT('',(24.95,6.237));
#1306 = CARTESIAN_POINT('',(22.95,6.237));
#1307 = ( GEOMETRIC_REPRESENTATION_CONTEXT(2) 
PARAMETRIC_REPRESENTATION_CONTEXT() REPRESENTATION_CONTEXT('2D SPACE',''
  ) );
#1308 = ORIENTED_EDGE('',*,*,#1309,.T.);
#1309 = EDGE_CURVE('',#1284,#1207,#1310,.T.);
#1310 = SURFACE_CURVE('',#1311,(#1315,#1322),.PCURVE_S1.);
#1311 = LINE('',#1312,#1313);
#1312 = CARTESIAN_POINT('',(-22.395,22.95,6.237));
#1313 = VECTOR('',#1314,1.);
#1314 = DIRECTION('',(1.,0.,1.110223024625E-16));
#1315 = PCURVE('',#553,#1316);
#1316 = DEFINITIONAL_REPRESENTATION('',(#1317),#1321);
#1317 = LINE('',#1318,#1319);
#1318 = CARTESIAN_POINT('',(-35.80650135844,-40.9824988985));
#1319 = VECTOR('',#1320,1.);
#1320 = DIRECTION('',(1.,0.));
#1321 = ( GEOMETRIC_REPRESENTATION_CONTEXT(2) 
PARAMETRIC_REPRESENTATION_CONTEXT() REPRESENTATION_CONTEXT('2D SPACE',''
  ) );
#1322 = PCURVE('',#1222,#1323);
#1323 = DEFINITIONAL_REPRESENTATION('',(#1324),#1328);
#1324 = LINE('',#1325,#1326);
#1325 = CARTESIAN_POINT('',(6.924461004587E-16,6.237));
#1326 = VECTOR('',#1327,1.);
#1327 = DIRECTION('',(1.,0.));
#1328 = ( GEOMETRIC_REPRESENTATION_CONTEXT(2) 
PARAMETRIC_REPRESENTATION_CONTEXT() REPRESENTATION_CONTEXT('2D SPACE',''
  ) );
#1329 = ORIENTED_EDGE('',*,*,#1257,.T.);
#1330 = ORIENTED_EDGE('',*,*,#538,.F.);
#1331 = ORIENTED_EDGE('',*,*,#1332,.T.);
#1332 = EDGE_CURVE('',#539,#1333,#1335,.T.);
#1333 = VERTEX_POINT('',#1334);
#1334 = CARTESIAN_POINT('',(-21.85140399187,24.157862715894,6.237));
#1335 = SURFACE_CURVE('',#1336,(#1340,#1347),.PCURVE_S1.);
#1336 = LINE('',#1337,#1338);
#1337 = CARTESIAN_POINT('',(17.585,111.785,6.237));
#1338 = VECTOR('',#1339,1.);
#1339 = DIRECTION('',(-0.410400957183,-0.911905178373,
    -4.556365919927E-17));
#1340 = PCURVE('',#553,#1341);
#1341 = DEFINITIONAL_REPRESENTATION('',(#1342),#1346);
#1342 = LINE('',#1343,#1344);
#1343 = CARTESIAN_POINT('',(4.173498641552,47.852501101492));
#1344 = VECTOR('',#1345,1.);
#1345 = DIRECTION('',(-0.410400957183,-0.911905178373));
#1346 = ( GEOMETRIC_REPRESENTATION_CONTEXT(2) 
PARAMETRIC_REPRESENTATION_CONTEXT() REPRESENTATION_CONTEXT('2D SPACE',''
  ) );
#1347 = PCURVE('',#584,#1348);
#1348 = DEFINITIONAL_REPRESENTATION('',(#1349),#1353);
#1349 = LINE('',#1350,#1351);
#1350 = CARTESIAN_POINT('',(-2.841805424259E-16,6.237));
#1351 = VECTOR('',#1352,1.);
#1352 = DIRECTION('',(1.,-1.232595164408E-32));
#1353 = ( GEOMETRIC_REPRESENTATION_CONTEXT(2) 
PARAMETRIC_REPRESENTATION_CONTEXT() REPRESENTATION_CONTEXT('2D SPACE',''
  ) );
#1354 = ORIENTED_EDGE('',*,*,#1355,.T.);
#1355 = EDGE_CURVE('',#1333,#1282,#1356,.T.);
#1356 = SURFACE_CURVE('',#1357,(#1361,#1367),.PCURVE_S1.);
#1357 = LINE('',#1358,#1359);
#1358 = CARTESIAN_POINT('',(-24.395,24.157862715894,6.237));
#1359 = VECTOR('',#1360,1.);
#1360 = DIRECTION('',(1.,0.,0.));
#1361 = PCURVE('',#553,#1362);
#1362 = DEFINITIONAL_REPRESENTATION('',(#1363),#1366);
#1363 = B_SPLINE_CURVE_WITH_KNOTS('',1,(#1364,#1365),.UNSPECIFIED.,.F.,
  .F.,(2,2),(-5.999999999062E-07,37.9800006),.PIECEWISE_BEZIER_KNOTS.);
#1364 = CARTESIAN_POINT('',(-37.80650195844,-39.77463618261));
#1365 = CARTESIAN_POINT('',(0.173499241552,-39.77463618261));
#1366 = ( GEOMETRIC_REPRESENTATION_CONTEXT(2) 
PARAMETRIC_REPRESENTATION_CONTEXT() REPRESENTATION_CONTEXT('2D SPACE',''
  ) );
#1367 = PCURVE('',#1368,#1373);
#1368 = CYLINDRICAL_SURFACE('',#1369,24.95);
#1369 = AXIS2_PLACEMENT_3D('',#1370,#1371,#1372);
#1370 = CARTESIAN_POINT('',(-24.395,0.,0.));
#1371 = DIRECTION('',(1.,0.,0.));
#1372 = DIRECTION('',(0.,1.,0.));
#1373 = DEFINITIONAL_REPRESENTATION('',(#1374),#1377);
#1374 = B_SPLINE_CURVE_WITH_KNOTS('',1,(#1375,#1376),.UNSPECIFIED.,.F.,
  .F.,(2,2),(-5.999999999062E-07,37.9800006),.PIECEWISE_BEZIER_KNOTS.);
#1375 = CARTESIAN_POINT('',(0.252659557892,-5.999999999062E-07));
#1376 = CARTESIAN_POINT('',(0.252659557892,37.9800006));
#1377 = ( GEOMETRIC_REPRESENTATION_CONTEXT(2) 
PARAMETRIC_REPRESENTATION_CONTEXT() REPRESENTATION_CONTEXT('2D SPACE',''
  ) );
#1378 = ADVANCED_FACE('',(#1379),#584,.T.);
#1379 = FACE_BOUND('',#1380,.T.);
#1380 = EDGE_LOOP('',(#1381,#1382,#1405,#1432,#1457,#1458));
#1381 = ORIENTED_EDGE('',*,*,#642,.T.);
#1382 = ORIENTED_EDGE('',*,*,#1383,.T.);
#1383 = EDGE_CURVE('',#643,#1384,#1386,.T.);
#1384 = VERTEX_POINT('',#1385);
#1385 = CARTESIAN_POINT('',(-21.85140399187,24.157862715894,-6.237));
#1386 = SURFACE_CURVE('',#1387,(#1391,#1398),.PCURVE_S1.);
#1387 = LINE('',#1388,#1389);
#1388 = CARTESIAN_POINT('',(17.585,111.785,-6.237));
#1389 = VECTOR('',#1390,1.);
#1390 = DIRECTION('',(-0.410400957183,-0.911905178373,
    -4.556365919927E-17));
#1391 = PCURVE('',#584,#1392);
#1392 = DEFINITIONAL_REPRESENTATION('',(#1393),#1397);
#1393 = LINE('',#1394,#1395);
#1394 = CARTESIAN_POINT('',(2.841805424259E-16,-6.237));
#1395 = VECTOR('',#1396,1.);
#1396 = DIRECTION('',(1.,-1.232595164408E-32));
#1397 = ( GEOMETRIC_REPRESENTATION_CONTEXT(2) 
PARAMETRIC_REPRESENTATION_CONTEXT() REPRESENTATION_CONTEXT('2D SPACE',''
  ) );
#1398 = PCURVE('',#684,#1399);
#1399 = DEFINITIONAL_REPRESENTATION('',(#1400),#1404);
#1400 = LINE('',#1401,#1402);
#1401 = CARTESIAN_POINT('',(4.173498641552,47.852501101492));
#1402 = VECTOR('',#1403,1.);
#1403 = DIRECTION('',(-0.410400957183,-0.911905178373));
#1404 = ( GEOMETRIC_REPRESENTATION_CONTEXT(2) 
PARAMETRIC_REPRESENTATION_CONTEXT() REPRESENTATION_CONTEXT('2D SPACE',''
  ) );
#1405 = ORIENTED_EDGE('',*,*,#1406,.F.);
#1406 = EDGE_CURVE('',#1407,#1384,#1409,.T.);
#1407 = VERTEX_POINT('',#1408);
#1408 = CARTESIAN_POINT('',(-21.49490431699,24.95,-6.110987527745E-15));
#1409 = SURFACE_CURVE('',#1410,(#1415,#1422),.PCURVE_S1.);
#1410 = ELLIPSE('',#1411,27.360300820441,24.95);
#1411 = AXIS2_PLACEMENT_3D('',#1412,#1413,#1414);
#1412 = CARTESIAN_POINT('',(-32.72359796251,0.,0.));
#1413 = DIRECTION('',(-0.911905178373,0.410400957183,-1.012418125305E-16
    ));
#1414 = DIRECTION('',(0.410400957183,0.911905178373,-2.249578893482E-16)
  );
#1415 = PCURVE('',#584,#1416);
#1416 = DEFINITIONAL_REPRESENTATION('',(#1417),#1421);
#1417 = ELLIPSE('',#1418,27.360300820441,24.95);
#1418 = AXIS2_PLACEMENT_2D('',#1419,#1420);
#1419 = CARTESIAN_POINT('',(122.58401712276,3.633049190656E-15));
#1420 = DIRECTION('',(-1.,-2.705215485475E-16));
#1421 = ( GEOMETRIC_REPRESENTATION_CONTEXT(2) 
PARAMETRIC_REPRESENTATION_CONTEXT() REPRESENTATION_CONTEXT('2D SPACE',''
  ) );
#1422 = PCURVE('',#1368,#1423);
#1423 = DEFINITIONAL_REPRESENTATION('',(#1424),#1431);
#1424 = B_SPLINE_CURVE_WITH_KNOTS('',5,(#1425,#1426,#1427,#1428,#1429,
    #1430),.UNSPECIFIED.,.F.,.F.,(6,6),(0.,0.304667444861),
  .PIECEWISE_BEZIER_KNOTS.);
#1425 = CARTESIAN_POINT('',(6.28318530718,2.900095683008));
#1426 = CARTESIAN_POINT('',(6.222251818207,2.900095683008));
#1427 = CARTESIAN_POINT('',(6.161318329235,2.847982321708));
#1428 = CARTESIAN_POINT('',(6.100384840263,2.743753822341));
#1429 = CARTESIAN_POINT('',(6.039451351291,2.588222593345));
#1430 = CARTESIAN_POINT('',(5.978517862319,2.382978003009));
#1431 = ( GEOMETRIC_REPRESENTATION_CONTEXT(2) 
PARAMETRIC_REPRESENTATION_CONTEXT() REPRESENTATION_CONTEXT('2D SPACE',''
  ) );
#1432 = ORIENTED_EDGE('',*,*,#1433,.F.);
#1433 = EDGE_CURVE('',#1333,#1407,#1434,.T.);
#1434 = SURFACE_CURVE('',#1435,(#1440,#1447),.PCURVE_S1.);
#1435 = ELLIPSE('',#1436,27.360300820441,24.95);
#1436 = AXIS2_PLACEMENT_3D('',#1437,#1438,#1439);
#1437 = CARTESIAN_POINT('',(-32.72359796251,0.,0.));
#1438 = DIRECTION('',(-0.911905178373,0.410400957183,-1.012418125305E-16
    ));
#1439 = DIRECTION('',(0.410400957183,0.911905178373,-2.249578893482E-16)
  );
#1440 = PCURVE('',#584,#1441);
#1441 = DEFINITIONAL_REPRESENTATION('',(#1442),#1446);
#1442 = ELLIPSE('',#1443,27.360300820441,24.95);
#1443 = AXIS2_PLACEMENT_2D('',#1444,#1445);
#1444 = CARTESIAN_POINT('',(122.58401712276,3.633049190656E-15));
#1445 = DIRECTION('',(-1.,-2.705215485475E-16));
#1446 = ( GEOMETRIC_REPRESENTATION_CONTEXT(2) 
PARAMETRIC_REPRESENTATION_CONTEXT() REPRESENTATION_CONTEXT('2D SPACE',''
  ) );
#1447 = PCURVE('',#1368,#1448);
#1448 = DEFINITIONAL_REPRESENTATION('',(#1449),#1456);
#1449 = B_SPLINE_CURVE_WITH_KNOTS('',5,(#1450,#1451,#1452,#1453,#1454,
    #1455),.UNSPECIFIED.,.F.,.F.,(6,6),(5.978517862319,6.28318530718),
  .PIECEWISE_BEZIER_KNOTS.);
#1450 = CARTESIAN_POINT('',(0.304667444861,2.382978003009));
#1451 = CARTESIAN_POINT('',(0.243733955889,2.588222593345));
#1452 = CARTESIAN_POINT('',(0.182800466916,2.743753822341));
#1453 = CARTESIAN_POINT('',(0.121866977944,2.847982321708));
#1454 = CARTESIAN_POINT('',(6.093348897215E-02,2.900095683008));
#1455 = CARTESIAN_POINT('',(0.,2.900095683008));
#1456 = ( GEOMETRIC_REPRESENTATION_CONTEXT(2) 
PARAMETRIC_REPRESENTATION_CONTEXT() REPRESENTATION_CONTEXT('2D SPACE',''
  ) );
#1457 = ORIENTED_EDGE('',*,*,#1332,.F.);
#1458 = ORIENTED_EDGE('',*,*,#564,.T.);
#1459 = ADVANCED_FACE('',(#1460),#684,.F.);
#1460 = FACE_BOUND('',#1461,.F.);
#1461 = EDGE_LOOP('',(#1462,#1485,#1506,#1507,#1508,#1509));
#1462 = ORIENTED_EDGE('',*,*,#1463,.T.);
#1463 = EDGE_CURVE('',#1464,#1466,#1468,.T.);
#1464 = VERTEX_POINT('',#1465);
#1465 = CARTESIAN_POINT('',(13.585,24.157862715894,-6.237));
#1466 = VERTEX_POINT('',#1467);
#1467 = CARTESIAN_POINT('',(13.585,22.95,-6.237));
#1468 = SURFACE_CURVE('',#1469,(#1473,#1479),.PCURVE_S1.);
#1469 = LINE('',#1470,#1471);
#1470 = CARTESIAN_POINT('',(13.585,31.966249449254,-6.237));
#1471 = VECTOR('',#1472,1.);
#1472 = DIRECTION('',(0.,-1.,0.));
#1473 = PCURVE('',#684,#1474);
#1474 = DEFINITIONAL_REPRESENTATION('',(#1475),#1478);
#1475 = B_SPLINE_CURVE_WITH_KNOTS('',1,(#1476,#1477),.UNSPECIFIED.,.F.,
  .F.,(2,2),(7.016249449254,9.016249449254),.PIECEWISE_BEZIER_KNOTS.);
#1476 = CARTESIAN_POINT('',(0.173498641552,-38.9824988985));
#1477 = CARTESIAN_POINT('',(0.173498641552,-40.9824988985));
#1478 = ( GEOMETRIC_REPRESENTATION_CONTEXT(2) 
PARAMETRIC_REPRESENTATION_CONTEXT() REPRESENTATION_CONTEXT('2D SPACE',''
  ) );
#1479 = PCURVE('',#1298,#1480);
#1480 = DEFINITIONAL_REPRESENTATION('',(#1481),#1484);
#1481 = B_SPLINE_CURVE_WITH_KNOTS('',1,(#1482,#1483),.UNSPECIFIED.,.F.,
  .F.,(2,2),(7.016249449254,9.016249449254),.PIECEWISE_BEZIER_KNOTS.);
#1482 = CARTESIAN_POINT('',(24.95,-6.237));
#1483 = CARTESIAN_POINT('',(22.95,-6.237));
#1484 = ( GEOMETRIC_REPRESENTATION_CONTEXT(2) 
PARAMETRIC_REPRESENTATION_CONTEXT() REPRESENTATION_CONTEXT('2D SPACE',''
  ) );
#1485 = ORIENTED_EDGE('',*,*,#1486,.T.);
#1486 = EDGE_CURVE('',#1466,#1205,#1487,.T.);
#1487 = SURFACE_CURVE('',#1488,(#1492,#1499),.PCURVE_S1.);
#1488 = LINE('',#1489,#1490);
#1489 = CARTESIAN_POINT('',(-22.395,22.95,-6.237));
#1490 = VECTOR('',#1491,1.);
#1491 = DIRECTION('',(1.,0.,1.110223024625E-16));
#1492 = PCURVE('',#684,#1493);
#1493 = DEFINITIONAL_REPRESENTATION('',(#1494),#1498);
#1494 = LINE('',#1495,#1496);
#1495 = CARTESIAN_POINT('',(-35.80650135844,-40.9824988985));
#1496 = VECTOR('',#1497,1.);
#1497 = DIRECTION('',(1.,0.));
#1498 = ( GEOMETRIC_REPRESENTATION_CONTEXT(2) 
PARAMETRIC_REPRESENTATION_CONTEXT() REPRESENTATION_CONTEXT('2D SPACE',''
  ) );
#1499 = PCURVE('',#1222,#1500);
#1500 = DEFINITIONAL_REPRESENTATION('',(#1501),#1505);
#1501 = LINE('',#1502,#1503);
#1502 = CARTESIAN_POINT('',(-6.924461004587E-16,-6.237));
#1503 = VECTOR('',#1504,1.);
#1504 = DIRECTION('',(1.,0.));
#1505 = ( GEOMETRIC_REPRESENTATION_CONTEXT(2) 
PARAMETRIC_REPRESENTATION_CONTEXT() REPRESENTATION_CONTEXT('2D SPACE',''
  ) );
#1506 = ORIENTED_EDGE('',*,*,#1234,.T.);
#1507 = ORIENTED_EDGE('',*,*,#669,.F.);
#1508 = ORIENTED_EDGE('',*,*,#1383,.T.);
#1509 = ORIENTED_EDGE('',*,*,#1510,.T.);
#1510 = EDGE_CURVE('',#1384,#1464,#1511,.T.);
#1511 = SURFACE_CURVE('',#1512,(#1516,#1522),.PCURVE_S1.);
#1512 = LINE('',#1513,#1514);
#1513 = CARTESIAN_POINT('',(-24.395,24.157862715894,-6.237));
#1514 = VECTOR('',#1515,1.);
#1515 = DIRECTION('',(1.,0.,0.));
#1516 = PCURVE('',#684,#1517);
#1517 = DEFINITIONAL_REPRESENTATION('',(#1518),#1521);
#1518 = B_SPLINE_CURVE_WITH_KNOTS('',1,(#1519,#1520),.UNSPECIFIED.,.F.,
  .F.,(2,2),(-5.999999999062E-07,37.9800006),.PIECEWISE_BEZIER_KNOTS.);
#1519 = CARTESIAN_POINT('',(-37.80650195844,-39.77463618261));
#1520 = CARTESIAN_POINT('',(0.173499241552,-39.77463618261));
#1521 = ( GEOMETRIC_REPRESENTATION_CONTEXT(2) 
PARAMETRIC_REPRESENTATION_CONTEXT() REPRESENTATION_CONTEXT('2D SPACE',''
  ) );
#1522 = PCURVE('',#1368,#1523);
#1523 = DEFINITIONAL_REPRESENTATION('',(#1524),#1527);
#1524 = B_SPLINE_CURVE_WITH_KNOTS('',1,(#1525,#1526),.UNSPECIFIED.,.F.,
  .F.,(2,2),(-5.999999999062E-07,37.9800006),.PIECEWISE_BEZIER_KNOTS.);
#1525 = CARTESIAN_POINT('',(6.030525749288,-5.999999999062E-07));
#1526 = CARTESIAN_POINT('',(6.030525749288,37.9800006));
#1527 = ( GEOMETRIC_REPRESENTATION_CONTEXT(2) 
PARAMETRIC_REPRESENTATION_CONTEXT() REPRESENTATION_CONTEXT('2D SPACE',''
  ) );
#1528 = ADVANCED_FACE('',(#1529),#741,.T.);
#1529 = FACE_BOUND('',#1530,.T.);
#1530 = EDGE_LOOP('',(#1531,#1554,#1582,#1603,#1604,#1627));
#1531 = ORIENTED_EDGE('',*,*,#1532,.T.);
#1532 = EDGE_CURVE('',#1533,#1535,#1537,.T.);
#1533 = VERTEX_POINT('',#1534);
#1534 = CARTESIAN_POINT('',(13.585,1.533450634855,24.902831749632));
#1535 = VERTEX_POINT('',#1536);
#1536 = CARTESIAN_POINT('',(13.585,1.160200528772,23.75408604289));
#1537 = SURFACE_CURVE('',#1538,(#1542,#1548),.PCURVE_S1.);
#1538 = LINE('',#1539,#1540);
#1539 = CARTESIAN_POINT('',(13.585,3.946374834115,32.329048834146));
#1540 = VECTOR('',#1541,1.);
#1541 = DIRECTION('',(0.,-0.309016994375,-0.951056516295));
#1542 = PCURVE('',#741,#1543);
#1543 = DEFINITIONAL_REPRESENTATION('',(#1544),#1547);
#1544 = B_SPLINE_CURVE_WITH_KNOTS('',1,(#1545,#1546),.UNSPECIFIED.,.F.,
  .F.,(2,2),(7.758791099914,9.016249449254),.PIECEWISE_BEZIER_KNOTS.);
#1545 = CARTESIAN_POINT('',(39.725040549168,0.173498641552));
#1546 = CARTESIAN_POINT('',(40.982498898508,0.173498641552));
#1547 = ( GEOMETRIC_REPRESENTATION_CONTEXT(2) 
PARAMETRIC_REPRESENTATION_CONTEXT() REPRESENTATION_CONTEXT('2D SPACE',''
  ) );
#1548 = PCURVE('',#1298,#1549);
#1549 = DEFINITIONAL_REPRESENTATION('',(#1550),#1553);
#1550 = B_SPLINE_CURVE_WITH_KNOTS('',1,(#1551,#1552),.UNSPECIFIED.,.F.,
  .F.,(2,2),(7.758791099914,9.016249449254),.PIECEWISE_BEZIER_KNOTS.);
#1551 = CARTESIAN_POINT('',(1.548776528437,24.95));
#1552 = CARTESIAN_POINT('',(1.160200528772,23.75408604289));
#1553 = ( GEOMETRIC_REPRESENTATION_CONTEXT(2) 
PARAMETRIC_REPRESENTATION_CONTEXT() REPRESENTATION_CONTEXT('2D SPACE',''
  ) );
#1554 = ORIENTED_EDGE('',*,*,#1555,.T.);
#1555 = EDGE_CURVE('',#1535,#1556,#1558,.T.);
#1556 = VERTEX_POINT('',#1557);
#1557 = CARTESIAN_POINT('',(22.395,1.160200528772,23.75408604289));
#1558 = SURFACE_CURVE('',#1559,(#1563,#1570),.PCURVE_S1.);
#1559 = LINE('',#1560,#1561);
#1560 = CARTESIAN_POINT('',(-22.395,1.160200528772,23.75408604289));
#1561 = VECTOR('',#1562,1.);
#1562 = DIRECTION('',(1.,0.,0.));
#1563 = PCURVE('',#741,#1564);
#1564 = DEFINITIONAL_REPRESENTATION('',(#1565),#1569);
#1565 = LINE('',#1566,#1567);
#1566 = CARTESIAN_POINT('',(40.982498898508,-35.80650135844));
#1567 = VECTOR('',#1568,1.);
#1568 = DIRECTION('',(3.190148448259E-33,1.));
#1569 = ( GEOMETRIC_REPRESENTATION_CONTEXT(2) 
PARAMETRIC_REPRESENTATION_CONTEXT() REPRESENTATION_CONTEXT('2D SPACE',''
  ) );
#1570 = PCURVE('',#1571,#1576);
#1571 = PLANE('',#1572);
#1572 = AXIS2_PLACEMENT_3D('',#1573,#1574,#1575);
#1573 = CARTESIAN_POINT('',(-22.395,7.091940020905,21.826747048974));
#1574 = DIRECTION('',(0.,-0.309016994375,-0.951056516295));
#1575 = DIRECTION('',(1.,0.,0.));
#1576 = DEFINITIONAL_REPRESENTATION('',(#1577),#1581);
#1577 = LINE('',#1578,#1579);
#1578 = CARTESIAN_POINT('',(0.,6.237));
#1579 = VECTOR('',#1580,1.);
#1580 = DIRECTION('',(1.,0.));
#1581 = ( GEOMETRIC_REPRESENTATION_CONTEXT(2) 
PARAMETRIC_REPRESENTATION_CONTEXT() REPRESENTATION_CONTEXT('2D SPACE',''
  ) );
#1582 = ORIENTED_EDGE('',*,*,#1583,.T.);
#1583 = EDGE_CURVE('',#1556,#727,#1584,.T.);
#1584 = SURFACE_CURVE('',#1585,(#1589,#1596),.PCURVE_S1.);
#1585 = LINE('',#1586,#1587);
#1586 = CARTESIAN_POINT('',(22.395,1.160200528772,23.75408604289));
#1587 = VECTOR('',#1588,1.);
#1588 = DIRECTION('',(0.219847961309,0.301456630324,0.927788108321));
#1589 = PCURVE('',#741,#1590);
#1590 = DEFINITIONAL_REPRESENTATION('',(#1591),#1595);
#1591 = LINE('',#1592,#1593);
#1592 = CARTESIAN_POINT('',(40.982498898508,8.983498641552));
#1593 = VECTOR('',#1594,1.);
#1594 = DIRECTION('',(-0.975534147997,0.219847961309));
#1595 = ( GEOMETRIC_REPRESENTATION_CONTEXT(2) 
PARAMETRIC_REPRESENTATION_CONTEXT() REPRESENTATION_CONTEXT('2D SPACE',''
  ) );
#1596 = PCURVE('',#828,#1597);
#1597 = DEFINITIONAL_REPRESENTATION('',(#1598),#1602);
#1598 = LINE('',#1599,#1600);
#1599 = CARTESIAN_POINT('',(-1.813829606105E-15,6.237));
#1600 = VECTOR('',#1601,1.);
#1601 = DIRECTION('',(1.,-2.497361379432E-17));
#1602 = ( GEOMETRIC_REPRESENTATION_CONTEXT(2) 
PARAMETRIC_REPRESENTATION_CONTEXT() REPRESENTATION_CONTEXT('2D SPACE',''
  ) );
#1603 = ORIENTED_EDGE('',*,*,#724,.F.);
#1604 = ORIENTED_EDGE('',*,*,#1605,.T.);
#1605 = EDGE_CURVE('',#725,#1606,#1608,.T.);
#1606 = VERTEX_POINT('',#1607);
#1607 = CARTESIAN_POINT('',(-21.85140399187,1.533450634855,
    24.902831749632));
#1608 = SURFACE_CURVE('',#1609,(#1613,#1620),.PCURVE_S1.);
#1609 = LINE('',#1610,#1611);
#1610 = CARTESIAN_POINT('',(17.585,28.611725224071,108.24119166797));
#1611 = VECTOR('',#1612,1.);
#1612 = DIRECTION('',(-0.410400957183,-0.281794197376,-0.867273362135));
#1613 = PCURVE('',#741,#1614);
#1614 = DEFINITIONAL_REPRESENTATION('',(#1615),#1619);
#1615 = LINE('',#1616,#1617);
#1616 = CARTESIAN_POINT('',(-47.85250110149,4.173498641552));
#1617 = VECTOR('',#1618,1.);
#1618 = DIRECTION('',(0.911905178373,-0.410400957183));
#1619 = ( GEOMETRIC_REPRESENTATION_CONTEXT(2) 
PARAMETRIC_REPRESENTATION_CONTEXT() REPRESENTATION_CONTEXT('2D SPACE',''
  ) );
#1620 = PCURVE('',#772,#1621);
#1621 = DEFINITIONAL_REPRESENTATION('',(#1622),#1626);
#1622 = LINE('',#1623,#1624);
#1623 = CARTESIAN_POINT('',(-1.412790718823E-15,6.237));
#1624 = VECTOR('',#1625,1.);
#1625 = DIRECTION('',(1.,2.85538369188E-17));
#1626 = ( GEOMETRIC_REPRESENTATION_CONTEXT(2) 
PARAMETRIC_REPRESENTATION_CONTEXT() REPRESENTATION_CONTEXT('2D SPACE',''
  ) );
#1627 = ORIENTED_EDGE('',*,*,#1628,.T.);
#1628 = EDGE_CURVE('',#1606,#1533,#1629,.T.);
#1629 = SURFACE_CURVE('',#1630,(#1634,#1640),.PCURVE_S1.);
#1630 = LINE('',#1631,#1632);
#1631 = CARTESIAN_POINT('',(-24.395,1.533450634855,24.902831749632));
#1632 = VECTOR('',#1633,1.);
#1633 = DIRECTION('',(1.,0.,0.));
#1634 = PCURVE('',#741,#1635);
#1635 = DEFINITIONAL_REPRESENTATION('',(#1636),#1639);
#1636 = B_SPLINE_CURVE_WITH_KNOTS('',1,(#1637,#1638),.UNSPECIFIED.,.F.,
  .F.,(2,2),(-5.999999999062E-07,37.9800006),.PIECEWISE_BEZIER_KNOTS.);
#1637 = CARTESIAN_POINT('',(39.774636182613,-37.80650195844));
#1638 = CARTESIAN_POINT('',(39.774636182613,0.173499241552));
#1639 = ( GEOMETRIC_REPRESENTATION_CONTEXT(2) 
PARAMETRIC_REPRESENTATION_CONTEXT() REPRESENTATION_CONTEXT('2D SPACE',''
  ) );
#1640 = PCURVE('',#1368,#1641);
#1641 = DEFINITIONAL_REPRESENTATION('',(#1642),#1645);
#1642 = B_SPLINE_CURVE_WITH_KNOTS('',1,(#1643,#1644),.UNSPECIFIED.,.F.,
  .F.,(2,2),(-5.999999999062E-07,37.9800006),.PIECEWISE_BEZIER_KNOTS.);
#1643 = CARTESIAN_POINT('',(1.509296619328,-5.999999999062E-07));
#1644 = CARTESIAN_POINT('',(1.509296619328,37.9800006));
#1645 = ( GEOMETRIC_REPRESENTATION_CONTEXT(2) 
PARAMETRIC_REPRESENTATION_CONTEXT() REPRESENTATION_CONTEXT('2D SPACE',''
  ) );
#1646 = ADVANCED_FACE('',(#1647),#772,.T.);
#1647 = FACE_BOUND('',#1648,.T.);
#1648 = EDGE_LOOP('',(#1649,#1650,#1673,#1699));
#1649 = ORIENTED_EDGE('',*,*,#752,.T.);
#1650 = ORIENTED_EDGE('',*,*,#1651,.T.);
#1651 = EDGE_CURVE('',#753,#1652,#1654,.T.);
#1652 = VERTEX_POINT('',#1653);
#1653 = CARTESIAN_POINT('',(-21.85140399187,13.396929619121,
    21.048153761799));
#1654 = SURFACE_CURVE('',#1655,(#1659,#1666),.PCURVE_S1.);
#1655 = LINE('',#1656,#1657);
#1656 = CARTESIAN_POINT('',(17.585,40.475204208336,104.38651368013));
#1657 = VECTOR('',#1658,1.);
#1658 = DIRECTION('',(-0.410400957183,-0.281794197376,-0.867273362135));
#1659 = PCURVE('',#772,#1660);
#1660 = DEFINITIONAL_REPRESENTATION('',(#1661),#1665);
#1661 = LINE('',#1662,#1663);
#1662 = CARTESIAN_POINT('',(5.246122991232E-16,-6.237));
#1663 = VECTOR('',#1664,1.);
#1664 = DIRECTION('',(1.,2.85538369188E-17));
#1665 = ( GEOMETRIC_REPRESENTATION_CONTEXT(2) 
PARAMETRIC_REPRESENTATION_CONTEXT() REPRESENTATION_CONTEXT('2D SPACE',''
  ) );
#1666 = PCURVE('',#799,#1667);
#1667 = DEFINITIONAL_REPRESENTATION('',(#1668),#1672);
#1668 = LINE('',#1669,#1670);
#1669 = CARTESIAN_POINT('',(-47.85250110149,4.173498641552));
#1670 = VECTOR('',#1671,1.);
#1671 = DIRECTION('',(0.911905178373,-0.410400957183));
#1672 = ( GEOMETRIC_REPRESENTATION_CONTEXT(2) 
PARAMETRIC_REPRESENTATION_CONTEXT() REPRESENTATION_CONTEXT('2D SPACE',''
  ) );
#1673 = ORIENTED_EDGE('',*,*,#1674,.F.);
#1674 = EDGE_CURVE('',#1606,#1652,#1675,.T.);
#1675 = SURFACE_CURVE('',#1676,(#1681,#1688),.PCURVE_S1.);
#1676 = ELLIPSE('',#1677,27.360300820441,24.95);
#1677 = AXIS2_PLACEMENT_3D('',#1678,#1679,#1680);
#1678 = CARTESIAN_POINT('',(-32.72359796251,0.,0.));
#1679 = DIRECTION('',(-0.911905178373,0.126820870277,0.390314504623));
#1680 = DIRECTION('',(0.410400957183,0.281794197376,0.867273362135));
#1681 = PCURVE('',#772,#1682);
#1682 = DEFINITIONAL_REPRESENTATION('',(#1683),#1687);
#1683 = ELLIPSE('',#1684,27.360300820441,24.95);
#1684 = AXIS2_PLACEMENT_2D('',#1685,#1686);
#1685 = CARTESIAN_POINT('',(122.58401712276,1.365399164281E-15));
#1686 = DIRECTION('',(-1.,-2.85538369188E-17));
#1687 = ( GEOMETRIC_REPRESENTATION_CONTEXT(2) 
PARAMETRIC_REPRESENTATION_CONTEXT() REPRESENTATION_CONTEXT('2D SPACE',''
  ) );
#1688 = PCURVE('',#1368,#1689);
#1689 = DEFINITIONAL_REPRESENTATION('',(#1690),#1698);
#1690 = B_SPLINE_CURVE_WITH_KNOTS('',6,(#1691,#1692,#1693,#1694,#1695,
    #1696,#1697),.UNSPECIFIED.,.F.,.F.,(7,7),(5.978517862319,
    6.58785275204),.PIECEWISE_BEZIER_KNOTS.);
#1691 = CARTESIAN_POINT('',(1.561304506297,2.382978003009));
#1692 = CARTESIAN_POINT('',(1.459748691343,2.725052320235));
#1693 = CARTESIAN_POINT('',(1.358192876389,2.934556945927));
#1694 = CARTESIAN_POINT('',(1.256637061436,3.005141572492));
#1695 = CARTESIAN_POINT('',(1.155081246482,2.934556945927));
#1696 = CARTESIAN_POINT('',(1.053525431529,2.725052320235));
#1697 = CARTESIAN_POINT('',(0.951969616575,2.382978003009));
#1698 = ( GEOMETRIC_REPRESENTATION_CONTEXT(2) 
PARAMETRIC_REPRESENTATION_CONTEXT() REPRESENTATION_CONTEXT('2D SPACE',''
  ) );
#1699 = ORIENTED_EDGE('',*,*,#1605,.F.);
#1700 = ADVANCED_FACE('',(#1701),#828,.T.);
#1701 = FACE_BOUND('',#1702,.T.);
#1702 = EDGE_LOOP('',(#1703,#1726,#1747,#1748));
#1703 = ORIENTED_EDGE('',*,*,#1704,.F.);
#1704 = EDGE_CURVE('',#1705,#1556,#1707,.T.);
#1705 = VERTEX_POINT('',#1706);
#1706 = CARTESIAN_POINT('',(22.395,13.023679513038,19.899408055057));
#1707 = SURFACE_CURVE('',#1708,(#1712,#1719),.PCURVE_S1.);
#1708 = LINE('',#1709,#1710);
#1709 = CARTESIAN_POINT('',(22.395,13.023679513038,19.899408055057));
#1710 = VECTOR('',#1711,1.);
#1711 = DIRECTION('',(0.,-0.951056516295,0.309016994375));
#1712 = PCURVE('',#828,#1713);
#1713 = DEFINITIONAL_REPRESENTATION('',(#1714),#1718);
#1714 = LINE('',#1715,#1716);
#1715 = CARTESIAN_POINT('',(2.03587421103E-15,-6.237));
#1716 = VECTOR('',#1717,1.);
#1717 = DIRECTION('',(-2.824865437522E-16,1.));
#1718 = ( GEOMETRIC_REPRESENTATION_CONTEXT(2) 
PARAMETRIC_REPRESENTATION_CONTEXT() REPRESENTATION_CONTEXT('2D SPACE',''
  ) );
#1719 = PCURVE('',#1571,#1720);
#1720 = DEFINITIONAL_REPRESENTATION('',(#1721),#1725);
#1721 = LINE('',#1722,#1723);
#1722 = CARTESIAN_POINT('',(44.79,-6.237));
#1723 = VECTOR('',#1724,1.);
#1724 = DIRECTION('',(0.,1.));
#1725 = ( GEOMETRIC_REPRESENTATION_CONTEXT(2) 
PARAMETRIC_REPRESENTATION_CONTEXT() REPRESENTATION_CONTEXT('2D SPACE',''
  ) );
#1726 = ORIENTED_EDGE('',*,*,#1727,.T.);
#1727 = EDGE_CURVE('',#1705,#785,#1728,.T.);
#1728 = SURFACE_CURVE('',#1729,(#1733,#1740),.PCURVE_S1.);
#1729 = LINE('',#1730,#1731);
#1730 = CARTESIAN_POINT('',(22.395,13.023679513038,19.899408055057));
#1731 = VECTOR('',#1732,1.);
#1732 = DIRECTION('',(0.219847961309,0.301456630324,0.927788108321));
#1733 = PCURVE('',#828,#1734);
#1734 = DEFINITIONAL_REPRESENTATION('',(#1735),#1739);
#1735 = LINE('',#1736,#1737);
#1736 = CARTESIAN_POINT('',(2.03587421103E-15,-6.237));
#1737 = VECTOR('',#1738,1.);
#1738 = DIRECTION('',(1.,-2.497361379432E-17));
#1739 = ( GEOMETRIC_REPRESENTATION_CONTEXT(2) 
PARAMETRIC_REPRESENTATION_CONTEXT() REPRESENTATION_CONTEXT('2D SPACE',''
  ) );
#1740 = PCURVE('',#799,#1741);
#1741 = DEFINITIONAL_REPRESENTATION('',(#1742),#1746);
#1742 = LINE('',#1743,#1744);
#1743 = CARTESIAN_POINT('',(40.982498898508,8.983498641552));
#1744 = VECTOR('',#1745,1.);
#1745 = DIRECTION('',(-0.975534147997,0.219847961309));
#1746 = ( GEOMETRIC_REPRESENTATION_CONTEXT(2) 
PARAMETRIC_REPRESENTATION_CONTEXT() REPRESENTATION_CONTEXT('2D SPACE',''
  ) );
#1747 = ORIENTED_EDGE('',*,*,#810,.T.);
#1748 = ORIENTED_EDGE('',*,*,#1583,.F.);
#1749 = ADVANCED_FACE('',(#1750),#799,.F.);
#1750 = FACE_BOUND('',#1751,.F.);
#1751 = EDGE_LOOP('',(#1752,#1775,#1796,#1797,#1798,#1799));
#1752 = ORIENTED_EDGE('',*,*,#1753,.T.);
#1753 = EDGE_CURVE('',#1754,#1756,#1758,.T.);
#1754 = VERTEX_POINT('',#1755);
#1755 = CARTESIAN_POINT('',(13.585,13.396929619121,21.048153761799));
#1756 = VERTEX_POINT('',#1757);
#1757 = CARTESIAN_POINT('',(13.585,13.023679513038,19.899408055057));
#1758 = SURFACE_CURVE('',#1759,(#1763,#1769),.PCURVE_S1.);
#1759 = LINE('',#1760,#1761);
#1760 = CARTESIAN_POINT('',(13.585,15.809853818381,28.474370846313));
#1761 = VECTOR('',#1762,1.);
#1762 = DIRECTION('',(0.,-0.309016994375,-0.951056516295));
#1763 = PCURVE('',#799,#1764);
#1764 = DEFINITIONAL_REPRESENTATION('',(#1765),#1768);
#1765 = B_SPLINE_CURVE_WITH_KNOTS('',1,(#1766,#1767),.UNSPECIFIED.,.F.,
  .F.,(2,2),(3.705742809105,9.016249449254),.PIECEWISE_BEZIER_KNOTS.);
#1766 = CARTESIAN_POINT('',(35.671992258358,0.173498641552));
#1767 = CARTESIAN_POINT('',(40.982498898508,0.173498641552));
#1768 = ( GEOMETRIC_REPRESENTATION_CONTEXT(2) 
PARAMETRIC_REPRESENTATION_CONTEXT() REPRESENTATION_CONTEXT('2D SPACE',''
  ) );
#1769 = PCURVE('',#1298,#1770);
#1770 = DEFINITIONAL_REPRESENTATION('',(#1771),#1774);
#1771 = B_SPLINE_CURVE_WITH_KNOTS('',1,(#1772,#1773),.UNSPECIFIED.,.F.,
  .F.,(2,2),(3.705742809105,9.016249449254),.PIECEWISE_BEZIER_KNOTS.);
#1772 = CARTESIAN_POINT('',(14.664716313585,24.95));
#1773 = CARTESIAN_POINT('',(13.023679513038,19.899408055057));
#1774 = ( GEOMETRIC_REPRESENTATION_CONTEXT(2) 
PARAMETRIC_REPRESENTATION_CONTEXT() REPRESENTATION_CONTEXT('2D SPACE',''
  ) );
#1775 = ORIENTED_EDGE('',*,*,#1776,.T.);
#1776 = EDGE_CURVE('',#1756,#1705,#1777,.T.);
#1777 = SURFACE_CURVE('',#1778,(#1782,#1789),.PCURVE_S1.);
#1778 = LINE('',#1779,#1780);
#1779 = CARTESIAN_POINT('',(-22.395,13.023679513038,19.899408055057));
#1780 = VECTOR('',#1781,1.);
#1781 = DIRECTION('',(1.,0.,0.));
#1782 = PCURVE('',#799,#1783);
#1783 = DEFINITIONAL_REPRESENTATION('',(#1784),#1788);
#1784 = LINE('',#1785,#1786);
#1785 = CARTESIAN_POINT('',(40.982498898508,-35.80650135844));
#1786 = VECTOR('',#1787,1.);
#1787 = DIRECTION('',(3.190148448259E-33,1.));
#1788 = ( GEOMETRIC_REPRESENTATION_CONTEXT(2) 
PARAMETRIC_REPRESENTATION_CONTEXT() REPRESENTATION_CONTEXT('2D SPACE',''
  ) );
#1789 = PCURVE('',#1571,#1790);
#1790 = DEFINITIONAL_REPRESENTATION('',(#1791),#1795);
#1791 = LINE('',#1792,#1793);
#1792 = CARTESIAN_POINT('',(0.,-6.237));
#1793 = VECTOR('',#1794,1.);
#1794 = DIRECTION('',(1.,0.));
#1795 = ( GEOMETRIC_REPRESENTATION_CONTEXT(2) 
PARAMETRIC_REPRESENTATION_CONTEXT() REPRESENTATION_CONTEXT('2D SPACE',''
  ) );
#1796 = ORIENTED_EDGE('',*,*,#1727,.T.);
#1797 = ORIENTED_EDGE('',*,*,#784,.F.);
#1798 = ORIENTED_EDGE('',*,*,#1651,.T.);
#1799 = ORIENTED_EDGE('',*,*,#1800,.T.);
#1800 = EDGE_CURVE('',#1652,#1754,#1801,.T.);
#1801 = SURFACE_CURVE('',#1802,(#1806,#1812),.PCURVE_S1.);
#1802 = LINE('',#1803,#1804);
#1803 = CARTESIAN_POINT('',(-24.395,13.396929619121,21.048153761799));
#1804 = VECTOR('',#1805,1.);
#1805 = DIRECTION('',(1.,0.,0.));
#1806 = PCURVE('',#799,#1807);
#1807 = DEFINITIONAL_REPRESENTATION('',(#1808),#1811);
#1808 = B_SPLINE_CURVE_WITH_KNOTS('',1,(#1809,#1810),.UNSPECIFIED.,.F.,
  .F.,(2,2),(-5.999999999062E-07,37.9800006),.PIECEWISE_BEZIER_KNOTS.);
#1809 = CARTESIAN_POINT('',(39.774636182613,-37.80650195844));
#1810 = CARTESIAN_POINT('',(39.774636182613,0.173499241552));
#1811 = ( GEOMETRIC_REPRESENTATION_CONTEXT(2) 
PARAMETRIC_REPRESENTATION_CONTEXT() REPRESENTATION_CONTEXT('2D SPACE',''
  ) );
#1812 = PCURVE('',#1368,#1813);
#1813 = DEFINITIONAL_REPRESENTATION('',(#1814),#1817);
#1814 = B_SPLINE_CURVE_WITH_KNOTS('',1,(#1815,#1816),.UNSPECIFIED.,.F.,
  .F.,(2,2),(-5.999999999062E-07,37.9800006),.PIECEWISE_BEZIER_KNOTS.);
#1815 = CARTESIAN_POINT('',(1.003977503544,-5.999999999062E-07));
#1816 = CARTESIAN_POINT('',(1.003977503544,37.9800006));
#1817 = ( GEOMETRIC_REPRESENTATION_CONTEXT(2) 
PARAMETRIC_REPRESENTATION_CONTEXT() REPRESENTATION_CONTEXT('2D SPACE',''
  ) );
#1818 = ADVANCED_FACE('',(#1819),#859,.T.);
#1819 = FACE_BOUND('',#1820,.T.);
#1820 = EDGE_LOOP('',(#1821,#1844,#1872,#1893,#1894,#1917));
#1821 = ORIENTED_EDGE('',*,*,#1822,.T.);
#1822 = EDGE_CURVE('',#1823,#1825,#1827,.T.);
#1823 = VERTEX_POINT('',#1824);
#1824 = CARTESIAN_POINT('',(13.585,-23.21013810348,9.153796437392));
#1825 = VERTEX_POINT('',#1826);
#1826 = CARTESIAN_POINT('',(13.585,-22.23295663945,8.443832546196));
#1827 = SURFACE_CURVE('',#1828,(#1832,#1838),.PCURVE_S1.);
#1828 = LINE('',#1829,#1830);
#1829 = CARTESIAN_POINT('',(13.585,-29.52725566942,13.743451003457));
#1830 = VECTOR('',#1831,1.);
#1831 = DIRECTION('',(0.,0.809016994375,-0.587785252292));
#1832 = PCURVE('',#859,#1833);
#1833 = DEFINITIONAL_REPRESENTATION('',(#1834),#1837);
#1834 = B_SPLINE_CURVE_WITH_KNOTS('',1,(#1835,#1836),.UNSPECIFIED.,.F.,
  .F.,(2,2),(5.657799157804,9.016249449254),.PIECEWISE_BEZIER_KNOTS.);
#1835 = CARTESIAN_POINT('',(-37.62404860705,-0.173498641552));
#1836 = CARTESIAN_POINT('',(-40.9824988985,-0.173498641552));
#1837 = ( GEOMETRIC_REPRESENTATION_CONTEXT(2) 
PARAMETRIC_REPRESENTATION_CONTEXT() REPRESENTATION_CONTEXT('2D SPACE',''
  ) );
#1838 = PCURVE('',#1298,#1839);
#1839 = DEFINITIONAL_REPRESENTATION('',(#1840),#1843);
#1840 = B_SPLINE_CURVE_WITH_KNOTS('',1,(#1841,#1842),.UNSPECIFIED.,.F.,
  .F.,(2,2),(5.657799157804,9.016249449254),.PIECEWISE_BEZIER_KNOTS.);
#1841 = CARTESIAN_POINT('',(-24.95,10.417880098068));
#1842 = CARTESIAN_POINT('',(-22.23295663945,8.443832546196));
#1843 = ( GEOMETRIC_REPRESENTATION_CONTEXT(2) 
PARAMETRIC_REPRESENTATION_CONTEXT() REPRESENTATION_CONTEXT('2D SPACE',''
  ) );
#1844 = ORIENTED_EDGE('',*,*,#1845,.T.);
#1845 = EDGE_CURVE('',#1825,#1846,#1848,.T.);
#1846 = VERTEX_POINT('',#1847);
#1847 = CARTESIAN_POINT('',(22.395,-22.23295663945,8.443832546196));
#1848 = SURFACE_CURVE('',#1849,(#1853,#1860),.PCURVE_S1.);
#1849 = LINE('',#1850,#1851);
#1850 = CARTESIAN_POINT('',(-22.395,-22.23295663945,8.443832546196));
#1851 = VECTOR('',#1852,1.);
#1852 = DIRECTION('',(1.,0.,0.));
#1853 = PCURVE('',#859,#1854);
#1854 = DEFINITIONAL_REPRESENTATION('',(#1855),#1859);
#1855 = LINE('',#1856,#1857);
#1856 = CARTESIAN_POINT('',(-40.9824988985,35.806501358448));
#1857 = VECTOR('',#1858,1.);
#1858 = DIRECTION('',(0.,-1.));
#1859 = ( GEOMETRIC_REPRESENTATION_CONTEXT(2) 
PARAMETRIC_REPRESENTATION_CONTEXT() REPRESENTATION_CONTEXT('2D SPACE',''
  ) );
#1860 = PCURVE('',#1861,#1866);
#1861 = PLANE('',#1862);
#1862 = AXIS2_PLACEMENT_3D('',#1863,#1864,#1865);
#1863 = CARTESIAN_POINT('',(-22.395,-18.5669400209,13.489671540112));
#1864 = DIRECTION('',(0.,0.809016994375,-0.587785252292));
#1865 = DIRECTION('',(1.,0.,0.));
#1866 = DEFINITIONAL_REPRESENTATION('',(#1867),#1871);
#1867 = LINE('',#1868,#1869);
#1868 = CARTESIAN_POINT('',(0.,6.237));
#1869 = VECTOR('',#1870,1.);
#1870 = DIRECTION('',(1.,0.));
#1871 = ( GEOMETRIC_REPRESENTATION_CONTEXT(2) 
PARAMETRIC_REPRESENTATION_CONTEXT() REPRESENTATION_CONTEXT('2D SPACE',''
  ) );
#1872 = ORIENTED_EDGE('',*,*,#1873,.T.);
#1873 = EDGE_CURVE('',#1846,#845,#1874,.T.);
#1874 = SURFACE_CURVE('',#1875,(#1879,#1886),.PCURVE_S1.);
#1875 = LINE('',#1876,#1877);
#1876 = CARTESIAN_POINT('',(22.395,-22.23295663945,8.443832546196));
#1877 = VECTOR('',#1878,1.);
#1878 = DIRECTION('',(0.219847961309,-0.789223704323,0.5734045853));
#1879 = PCURVE('',#859,#1880);
#1880 = DEFINITIONAL_REPRESENTATION('',(#1881),#1885);
#1881 = LINE('',#1882,#1883);
#1882 = CARTESIAN_POINT('',(-40.9824988985,-8.983498641552));
#1883 = VECTOR('',#1884,1.);
#1884 = DIRECTION('',(0.975534147997,-0.219847961309));
#1885 = ( GEOMETRIC_REPRESENTATION_CONTEXT(2) 
PARAMETRIC_REPRESENTATION_CONTEXT() REPRESENTATION_CONTEXT('2D SPACE',''
  ) );
#1886 = PCURVE('',#946,#1887);
#1887 = DEFINITIONAL_REPRESENTATION('',(#1888),#1892);
#1888 = LINE('',#1889,#1890);
#1889 = CARTESIAN_POINT('',(4.456177844175E-16,6.237));
#1890 = VECTOR('',#1891,1.);
#1891 = DIRECTION('',(1.,9.089957633014E-17));
#1892 = ( GEOMETRIC_REPRESENTATION_CONTEXT(2) 
PARAMETRIC_REPRESENTATION_CONTEXT() REPRESENTATION_CONTEXT('2D SPACE',''
  ) );
#1893 = ORIENTED_EDGE('',*,*,#842,.F.);
#1894 = ORIENTED_EDGE('',*,*,#1895,.T.);
#1895 = EDGE_CURVE('',#843,#1896,#1898,.T.);
#1896 = VERTEX_POINT('',#1897);
#1897 = CARTESIAN_POINT('',(-21.85140399187,-23.21013810348,
    9.153796437392));
#1898 = SURFACE_CURVE('',#1899,(#1903,#1910),.PCURVE_S1.);
#1899 = LINE('',#1900,#1901);
#1900 = CARTESIAN_POINT('',(17.585,-94.10198133475,60.659735433598));
#1901 = VECTOR('',#1902,1.);
#1902 = DIRECTION('',(-0.410400957183,0.737746786562,-0.536004415337));
#1903 = PCURVE('',#859,#1904);
#1904 = DEFINITIONAL_REPRESENTATION('',(#1905),#1909);
#1905 = LINE('',#1906,#1907);
#1906 = CARTESIAN_POINT('',(47.852501101492,-4.173498641552));
#1907 = VECTOR('',#1908,1.);
#1908 = DIRECTION('',(-0.911905178373,0.410400957183));
#1909 = ( GEOMETRIC_REPRESENTATION_CONTEXT(2) 
PARAMETRIC_REPRESENTATION_CONTEXT() REPRESENTATION_CONTEXT('2D SPACE',''
  ) );
#1910 = PCURVE('',#890,#1911);
#1911 = DEFINITIONAL_REPRESENTATION('',(#1912),#1916);
#1912 = LINE('',#1913,#1914);
#1913 = CARTESIAN_POINT('',(4.237978149874E-16,6.237));
#1914 = VECTOR('',#1915,1.);
#1915 = DIRECTION('',(1.,6.175106943544E-17));
#1916 = ( GEOMETRIC_REPRESENTATION_CONTEXT(2) 
PARAMETRIC_REPRESENTATION_CONTEXT() REPRESENTATION_CONTEXT('2D SPACE',''
  ) );
#1917 = ORIENTED_EDGE('',*,*,#1918,.T.);
#1918 = EDGE_CURVE('',#1896,#1823,#1919,.T.);
#1919 = SURFACE_CURVE('',#1920,(#1924,#1930),.PCURVE_S1.);
#1920 = LINE('',#1921,#1922);
#1921 = CARTESIAN_POINT('',(-24.395,-23.21013810348,9.153796437392));
#1922 = VECTOR('',#1923,1.);
#1923 = DIRECTION('',(1.,0.,0.));
#1924 = PCURVE('',#859,#1925);
#1925 = DEFINITIONAL_REPRESENTATION('',(#1926),#1929);
#1926 = B_SPLINE_CURVE_WITH_KNOTS('',1,(#1927,#1928),.UNSPECIFIED.,.F.,
  .F.,(2,2),(-5.999999999062E-07,37.9800006),.PIECEWISE_BEZIER_KNOTS.);
#1927 = CARTESIAN_POINT('',(-39.77463618261,37.806501958448));
#1928 = CARTESIAN_POINT('',(-39.77463618261,-0.173499241552));
#1929 = ( GEOMETRIC_REPRESENTATION_CONTEXT(2) 
PARAMETRIC_REPRESENTATION_CONTEXT() REPRESENTATION_CONTEXT('2D SPACE',''
  ) );
#1930 = PCURVE('',#1368,#1931);
#1931 = DEFINITIONAL_REPRESENTATION('',(#1932),#1935);
#1932 = B_SPLINE_CURVE_WITH_KNOTS('',1,(#1933,#1934),.UNSPECIFIED.,.F.,
  .F.,(2,2),(-5.999999999062E-07,37.9800006),.PIECEWISE_BEZIER_KNOTS.);
#1933 = CARTESIAN_POINT('',(2.765933680763,-5.999999999062E-07));
#1934 = CARTESIAN_POINT('',(2.765933680763,37.9800006));
#1935 = ( GEOMETRIC_REPRESENTATION_CONTEXT(2) 
PARAMETRIC_REPRESENTATION_CONTEXT() REPRESENTATION_CONTEXT('2D SPACE',''
  ) );
#1936 = ADVANCED_FACE('',(#1937),#890,.T.);
#1937 = FACE_BOUND('',#1938,.T.);
#1938 = EDGE_LOOP('',(#1939,#1940,#1963,#1989));
#1939 = ORIENTED_EDGE('',*,*,#870,.T.);
#1940 = ORIENTED_EDGE('',*,*,#1941,.T.);
#1941 = EDGE_CURVE('',#871,#1942,#1944,.T.);
#1942 = VERTEX_POINT('',#1943);
#1943 = CARTESIAN_POINT('',(-21.85140399187,-15.87810486638,
    19.245474425225));
#1944 = SURFACE_CURVE('',#1945,(#1949,#1956),.PCURVE_S1.);
#1945 = LINE('',#1946,#1947);
#1946 = CARTESIAN_POINT('',(17.585,-86.76994809765,70.751413421431));
#1947 = VECTOR('',#1948,1.);
#1948 = DIRECTION('',(-0.410400957183,0.737746786562,-0.536004415337));
#1949 = PCURVE('',#890,#1950);
#1950 = DEFINITIONAL_REPRESENTATION('',(#1951),#1955);
#1951 = LINE('',#1952,#1953);
#1952 = CARTESIAN_POINT('',(-4.237978149874E-16,-6.237));
#1953 = VECTOR('',#1954,1.);
#1954 = DIRECTION('',(1.,6.175106943544E-17));
#1955 = ( GEOMETRIC_REPRESENTATION_CONTEXT(2) 
PARAMETRIC_REPRESENTATION_CONTEXT() REPRESENTATION_CONTEXT('2D SPACE',''
  ) );
#1956 = PCURVE('',#917,#1957);
#1957 = DEFINITIONAL_REPRESENTATION('',(#1958),#1962);
#1958 = LINE('',#1959,#1960);
#1959 = CARTESIAN_POINT('',(47.852501101492,-4.173498641552));
#1960 = VECTOR('',#1961,1.);
#1961 = DIRECTION('',(-0.911905178373,0.410400957183));
#1962 = ( GEOMETRIC_REPRESENTATION_CONTEXT(2) 
PARAMETRIC_REPRESENTATION_CONTEXT() REPRESENTATION_CONTEXT('2D SPACE',''
  ) );
#1963 = ORIENTED_EDGE('',*,*,#1964,.F.);
#1964 = EDGE_CURVE('',#1896,#1942,#1965,.T.);
#1965 = SURFACE_CURVE('',#1966,(#1971,#1978),.PCURVE_S1.);
#1966 = ELLIPSE('',#1967,27.360300820441,24.95);
#1967 = AXIS2_PLACEMENT_3D('',#1968,#1969,#1970);
#1968 = CARTESIAN_POINT('',(-32.72359796251,0.,0.));
#1969 = DIRECTION('',(-0.911905178373,-0.332021348869,0.241227630159));
#1970 = DIRECTION('',(0.410400957183,-0.737746786562,0.536004415337));
#1971 = PCURVE('',#890,#1972);
#1972 = DEFINITIONAL_REPRESENTATION('',(#1973),#1977);
#1973 = ELLIPSE('',#1974,27.360300820441,24.95);
#1974 = AXIS2_PLACEMENT_2D('',#1975,#1976);
#1975 = CARTESIAN_POINT('',(122.58401712276,-5.766004626826E-16));
#1976 = DIRECTION('',(-1.,1.390901624739E-16));
#1977 = ( GEOMETRIC_REPRESENTATION_CONTEXT(2) 
PARAMETRIC_REPRESENTATION_CONTEXT() REPRESENTATION_CONTEXT('2D SPACE',''
  ) );
#1978 = PCURVE('',#1368,#1979);
#1979 = DEFINITIONAL_REPRESENTATION('',(#1980),#1988);
#1980 = B_SPLINE_CURVE_WITH_KNOTS('',6,(#1981,#1982,#1983,#1984,#1985,
    #1986,#1987),.UNSPECIFIED.,.F.,.F.,(7,7),(5.978517862319,
    6.58785275204),.PIECEWISE_BEZIER_KNOTS.);
#1981 = CARTESIAN_POINT('',(2.817941567733,2.382978003009));
#1982 = CARTESIAN_POINT('',(2.716385752779,2.725052320235));
#1983 = CARTESIAN_POINT('',(2.614829937825,2.934556945927));
#1984 = CARTESIAN_POINT('',(2.513274122872,3.005141572492));
#1985 = CARTESIAN_POINT('',(2.411718307918,2.934556945927));
#1986 = CARTESIAN_POINT('',(2.310162492965,2.725052320235));
#1987 = CARTESIAN_POINT('',(2.208606678011,2.382978003009));
#1988 = ( GEOMETRIC_REPRESENTATION_CONTEXT(2) 
PARAMETRIC_REPRESENTATION_CONTEXT() REPRESENTATION_CONTEXT('2D SPACE',''
  ) );
#1989 = ORIENTED_EDGE('',*,*,#1895,.F.);
#1990 = ADVANCED_FACE('',(#1991),#946,.T.);
#1991 = FACE_BOUND('',#1992,.T.);
#1992 = EDGE_LOOP('',(#1993,#2016,#2037,#2038));
#1993 = ORIENTED_EDGE('',*,*,#1994,.F.);
#1994 = EDGE_CURVE('',#1995,#1846,#1997,.T.);
#1995 = VERTEX_POINT('',#1996);
#1996 = CARTESIAN_POINT('',(22.395,-14.90092340235,18.535510534029));
#1997 = SURFACE_CURVE('',#1998,(#2002,#2009),.PCURVE_S1.);
#1998 = LINE('',#1999,#2000);
#1999 = CARTESIAN_POINT('',(22.395,-14.90092340235,18.535510534029));
#2000 = VECTOR('',#2001,1.);
#2001 = DIRECTION('',(0.,-0.587785252292,-0.809016994375));
#2002 = PCURVE('',#946,#2003);
#2003 = DEFINITIONAL_REPRESENTATION('',(#2004),#2008);
#2004 = LINE('',#2005,#2006);
#2005 = CARTESIAN_POINT('',(5.729533724242E-16,-6.237));
#2006 = VECTOR('',#2007,1.);
#2007 = DIRECTION('',(-2.827227220373E-17,1.));
#2008 = ( GEOMETRIC_REPRESENTATION_CONTEXT(2) 
PARAMETRIC_REPRESENTATION_CONTEXT() REPRESENTATION_CONTEXT('2D SPACE',''
  ) );
#2009 = PCURVE('',#1861,#2010);
#2010 = DEFINITIONAL_REPRESENTATION('',(#2011),#2015);
#2011 = LINE('',#2012,#2013);
#2012 = CARTESIAN_POINT('',(44.79,-6.237));
#2013 = VECTOR('',#2014,1.);
#2014 = DIRECTION('',(0.,1.));
#2015 = ( GEOMETRIC_REPRESENTATION_CONTEXT(2) 
PARAMETRIC_REPRESENTATION_CONTEXT() REPRESENTATION_CONTEXT('2D SPACE',''
  ) );
#2016 = ORIENTED_EDGE('',*,*,#2017,.T.);
#2017 = EDGE_CURVE('',#1995,#903,#2018,.T.);
#2018 = SURFACE_CURVE('',#2019,(#2023,#2030),.PCURVE_S1.);
#2019 = LINE('',#2020,#2021);
#2020 = CARTESIAN_POINT('',(22.395,-14.90092340235,18.535510534029));
#2021 = VECTOR('',#2022,1.);
#2022 = DIRECTION('',(0.219847961309,-0.789223704323,0.5734045853));
#2023 = PCURVE('',#946,#2024);
#2024 = DEFINITIONAL_REPRESENTATION('',(#2025),#2029);
#2025 = LINE('',#2026,#2027);
#2026 = CARTESIAN_POINT('',(5.729533724242E-16,-6.237));
#2027 = VECTOR('',#2028,1.);
#2028 = DIRECTION('',(1.,9.089957633014E-17));
#2029 = ( GEOMETRIC_REPRESENTATION_CONTEXT(2) 
PARAMETRIC_REPRESENTATION_CONTEXT() REPRESENTATION_CONTEXT('2D SPACE',''
  ) );
#2030 = PCURVE('',#917,#2031);
#2031 = DEFINITIONAL_REPRESENTATION('',(#2032),#2036);
#2032 = LINE('',#2033,#2034);
#2033 = CARTESIAN_POINT('',(-40.9824988985,-8.983498641552));
#2034 = VECTOR('',#2035,1.);
#2035 = DIRECTION('',(0.975534147997,-0.219847961309));
#2036 = ( GEOMETRIC_REPRESENTATION_CONTEXT(2) 
PARAMETRIC_REPRESENTATION_CONTEXT() REPRESENTATION_CONTEXT('2D SPACE',''
  ) );
#2037 = ORIENTED_EDGE('',*,*,#928,.T.);
#2038 = ORIENTED_EDGE('',*,*,#1873,.F.);
#2039 = ADVANCED_FACE('',(#2040),#917,.F.);
#2040 = FACE_BOUND('',#2041,.F.);
#2041 = EDGE_LOOP('',(#2042,#2065,#2086,#2087,#2088,#2089));
#2042 = ORIENTED_EDGE('',*,*,#2043,.T.);
#2043 = EDGE_CURVE('',#2044,#2046,#2048,.T.);
#2044 = VERTEX_POINT('',#2045);
#2045 = CARTESIAN_POINT('',(13.585,-15.87810486638,19.245474425225));
#2046 = VERTEX_POINT('',#2047);
#2047 = CARTESIAN_POINT('',(13.585,-14.90092340235,18.535510534029));
#2048 = SURFACE_CURVE('',#2049,(#2053,#2059),.PCURVE_S1.);
#2049 = LINE('',#2050,#2051);
#2050 = CARTESIAN_POINT('',(13.585,-22.19522243232,23.83512899129));
#2051 = VECTOR('',#2052,1.);
#2052 = DIRECTION('',(0.,0.809016994375,-0.587785252292));
#2053 = PCURVE('',#917,#2054);
#2054 = DEFINITIONAL_REPRESENTATION('',(#2055),#2058);
#2055 = B_SPLINE_CURVE_WITH_KNOTS('',1,(#2056,#2057),.UNSPECIFIED.,.F.,
  .F.,(2,2),(-1.896731849534,9.016249449254),.PIECEWISE_BEZIER_KNOTS.);
#2056 = CARTESIAN_POINT('',(-30.06951759972,-0.173498641552));
#2057 = CARTESIAN_POINT('',(-40.9824988985,-0.173498641552));
#2058 = ( GEOMETRIC_REPRESENTATION_CONTEXT(2) 
PARAMETRIC_REPRESENTATION_CONTEXT() REPRESENTATION_CONTEXT('2D SPACE',''
  ) );
#2059 = PCURVE('',#1298,#2060);
#2060 = DEFINITIONAL_REPRESENTATION('',(#2061),#2064);
#2061 = B_SPLINE_CURVE_WITH_KNOTS('',1,(#2062,#2063),.UNSPECIFIED.,.F.,
  .F.,(2,2),(-1.896731849534,9.016249449254),.PIECEWISE_BEZIER_KNOTS.);
#2062 = CARTESIAN_POINT('',(-23.72971073237,24.95));
#2063 = CARTESIAN_POINT('',(-14.90092340235,18.535510534029));
#2064 = ( GEOMETRIC_REPRESENTATION_CONTEXT(2) 
PARAMETRIC_REPRESENTATION_CONTEXT() REPRESENTATION_CONTEXT('2D SPACE',''
  ) );
#2065 = ORIENTED_EDGE('',*,*,#2066,.T.);
#2066 = EDGE_CURVE('',#2046,#1995,#2067,.T.);
#2067 = SURFACE_CURVE('',#2068,(#2072,#2079),.PCURVE_S1.);
#2068 = LINE('',#2069,#2070);
#2069 = CARTESIAN_POINT('',(-22.395,-14.90092340235,18.535510534029));
#2070 = VECTOR('',#2071,1.);
#2071 = DIRECTION('',(1.,0.,0.));
#2072 = PCURVE('',#917,#2073);
#2073 = DEFINITIONAL_REPRESENTATION('',(#2074),#2078);
#2074 = LINE('',#2075,#2076);
#2075 = CARTESIAN_POINT('',(-40.9824988985,35.806501358448));
#2076 = VECTOR('',#2077,1.);
#2077 = DIRECTION('',(0.,-1.));
#2078 = ( GEOMETRIC_REPRESENTATION_CONTEXT(2) 
PARAMETRIC_REPRESENTATION_CONTEXT() REPRESENTATION_CONTEXT('2D SPACE',''
  ) );
#2079 = PCURVE('',#1861,#2080);
#2080 = DEFINITIONAL_REPRESENTATION('',(#2081),#2085);
#2081 = LINE('',#2082,#2083);
#2082 = CARTESIAN_POINT('',(0.,-6.237));
#2083 = VECTOR('',#2084,1.);
#2084 = DIRECTION('',(1.,0.));
#2085 = ( GEOMETRIC_REPRESENTATION_CONTEXT(2) 
PARAMETRIC_REPRESENTATION_CONTEXT() REPRESENTATION_CONTEXT('2D SPACE',''
  ) );
#2086 = ORIENTED_EDGE('',*,*,#2017,.T.);
#2087 = ORIENTED_EDGE('',*,*,#902,.F.);
#2088 = ORIENTED_EDGE('',*,*,#1941,.T.);
#2089 = ORIENTED_EDGE('',*,*,#2090,.T.);
#2090 = EDGE_CURVE('',#1942,#2044,#2091,.T.);
#2091 = SURFACE_CURVE('',#2092,(#2096,#2102),.PCURVE_S1.);
#2092 = LINE('',#2093,#2094);
#2093 = CARTESIAN_POINT('',(-24.395,-15.87810486638,19.245474425225));
#2094 = VECTOR('',#2095,1.);
#2095 = DIRECTION('',(1.,0.,0.));
#2096 = PCURVE('',#917,#2097);
#2097 = DEFINITIONAL_REPRESENTATION('',(#2098),#2101);
#2098 = B_SPLINE_CURVE_WITH_KNOTS('',1,(#2099,#2100),.UNSPECIFIED.,.F.,
  .F.,(2,2),(-5.999999999062E-07,37.9800006),.PIECEWISE_BEZIER_KNOTS.);
#2099 = CARTESIAN_POINT('',(-39.77463618261,37.806501958448));
#2100 = CARTESIAN_POINT('',(-39.77463618261,-0.173499241552));
#2101 = ( GEOMETRIC_REPRESENTATION_CONTEXT(2) 
PARAMETRIC_REPRESENTATION_CONTEXT() REPRESENTATION_CONTEXT('2D SPACE',''
  ) );
#2102 = PCURVE('',#1368,#2103);
#2103 = DEFINITIONAL_REPRESENTATION('',(#2104),#2107);
#2104 = B_SPLINE_CURVE_WITH_KNOTS('',1,(#2105,#2106),.UNSPECIFIED.,.F.,
  .F.,(2,2),(-5.999999999062E-07,37.9800006),.PIECEWISE_BEZIER_KNOTS.);
#2105 = CARTESIAN_POINT('',(2.26061456498,-5.999999999062E-07));
#2106 = CARTESIAN_POINT('',(2.26061456498,37.9800006));
#2107 = ( GEOMETRIC_REPRESENTATION_CONTEXT(2) 
PARAMETRIC_REPRESENTATION_CONTEXT() REPRESENTATION_CONTEXT('2D SPACE',''
  ) );
#2108 = ADVANCED_FACE('',(#2109),#977,.T.);
#2109 = FACE_BOUND('',#2110,.T.);
#2110 = EDGE_LOOP('',(#2111,#2134,#2162,#2183,#2184,#2207));
#2111 = ORIENTED_EDGE('',*,*,#2112,.T.);
#2112 = EDGE_CURVE('',#2113,#2115,#2117,.T.);
#2113 = VERTEX_POINT('',#2114);
#2114 = CARTESIAN_POINT('',(13.585,13.396929619121,-21.04815376179));
#2115 = VERTEX_POINT('',#2116);
#2116 = CARTESIAN_POINT('',(13.585,13.023679513038,-19.89940805505));
#2117 = SURFACE_CURVE('',#2118,(#2122,#2128),.PCURVE_S1.);
#2118 = LINE('',#2119,#2120);
#2119 = CARTESIAN_POINT('',(13.585,15.809853818381,-28.47437084631));
#2120 = VECTOR('',#2121,1.);
#2121 = DIRECTION('',(0.,-0.309016994375,0.951056516295));
#2122 = PCURVE('',#977,#2123);
#2123 = DEFINITIONAL_REPRESENTATION('',(#2124),#2127);
#2124 = B_SPLINE_CURVE_WITH_KNOTS('',1,(#2125,#2126),.UNSPECIFIED.,.F.,
  .F.,(2,2),(3.705742809105,9.016249449254),.PIECEWISE_BEZIER_KNOTS.);
#2125 = CARTESIAN_POINT('',(35.671992258358,0.173498641552));
#2126 = CARTESIAN_POINT('',(40.982498898508,0.173498641552));
#2127 = ( GEOMETRIC_REPRESENTATION_CONTEXT(2) 
PARAMETRIC_REPRESENTATION_CONTEXT() REPRESENTATION_CONTEXT('2D SPACE',''
  ) );
#2128 = PCURVE('',#1298,#2129);
#2129 = DEFINITIONAL_REPRESENTATION('',(#2130),#2133);
#2130 = B_SPLINE_CURVE_WITH_KNOTS('',1,(#2131,#2132),.UNSPECIFIED.,.F.,
  .F.,(2,2),(3.705742809105,9.016249449254),.PIECEWISE_BEZIER_KNOTS.);
#2131 = CARTESIAN_POINT('',(14.664716313585,-24.95));
#2132 = CARTESIAN_POINT('',(13.023679513038,-19.89940805505));
#2133 = ( GEOMETRIC_REPRESENTATION_CONTEXT(2) 
PARAMETRIC_REPRESENTATION_CONTEXT() REPRESENTATION_CONTEXT('2D SPACE',''
  ) );
#2134 = ORIENTED_EDGE('',*,*,#2135,.T.);
#2135 = EDGE_CURVE('',#2115,#2136,#2138,.T.);
#2136 = VERTEX_POINT('',#2137);
#2137 = CARTESIAN_POINT('',(22.395,13.023679513038,-19.89940805505));
#2138 = SURFACE_CURVE('',#2139,(#2143,#2150),.PCURVE_S1.);
#2139 = LINE('',#2140,#2141);
#2140 = CARTESIAN_POINT('',(-22.395,13.023679513038,-19.89940805505));
#2141 = VECTOR('',#2142,1.);
#2142 = DIRECTION('',(1.,1.189790247421E-16,0.));
#2143 = PCURVE('',#977,#2144);
#2144 = DEFINITIONAL_REPRESENTATION('',(#2145),#2149);
#2145 = LINE('',#2146,#2147);
#2146 = CARTESIAN_POINT('',(40.982498898508,-35.80650135844));
#2147 = VECTOR('',#2148,1.);
#2148 = DIRECTION('',(-3.676654061948E-17,1.));
#2149 = ( GEOMETRIC_REPRESENTATION_CONTEXT(2) 
PARAMETRIC_REPRESENTATION_CONTEXT() REPRESENTATION_CONTEXT('2D SPACE',''
  ) );
#2150 = PCURVE('',#2151,#2156);
#2151 = PLANE('',#2152);
#2152 = AXIS2_PLACEMENT_3D('',#2153,#2154,#2155);
#2153 = CARTESIAN_POINT('',(-22.395,7.091940020905,-21.82674704897));
#2154 = DIRECTION('',(3.676654061948E-17,-0.309016994375,0.951056516295)
  );
#2155 = DIRECTION('',(1.,1.189790247421E-16,6.146596054831E-34));
#2156 = DEFINITIONAL_REPRESENTATION('',(#2157),#2161);
#2157 = LINE('',#2158,#2159);
#2158 = CARTESIAN_POINT('',(7.057525797984E-16,6.237));
#2159 = VECTOR('',#2160,1.);
#2160 = DIRECTION('',(1.,0.));
#2161 = ( GEOMETRIC_REPRESENTATION_CONTEXT(2) 
PARAMETRIC_REPRESENTATION_CONTEXT() REPRESENTATION_CONTEXT('2D SPACE',''
  ) );
#2162 = ORIENTED_EDGE('',*,*,#2163,.T.);
#2163 = EDGE_CURVE('',#2136,#963,#2164,.T.);
#2164 = SURFACE_CURVE('',#2165,(#2169,#2176),.PCURVE_S1.);
#2165 = LINE('',#2166,#2167);
#2166 = CARTESIAN_POINT('',(22.395,13.023679513038,-19.89940805505));
#2167 = VECTOR('',#2168,1.);
#2168 = DIRECTION('',(0.219847961309,0.301456630324,-0.927788108321));
#2169 = PCURVE('',#977,#2170);
#2170 = DEFINITIONAL_REPRESENTATION('',(#2171),#2175);
#2171 = LINE('',#2172,#2173);
#2172 = CARTESIAN_POINT('',(40.982498898508,8.983498641552));
#2173 = VECTOR('',#2174,1.);
#2174 = DIRECTION('',(-0.975534147997,0.219847961309));
#2175 = ( GEOMETRIC_REPRESENTATION_CONTEXT(2) 
PARAMETRIC_REPRESENTATION_CONTEXT() REPRESENTATION_CONTEXT('2D SPACE',''
  ) );
#2176 = PCURVE('',#1064,#2177);
#2177 = DEFINITIONAL_REPRESENTATION('',(#2178),#2182);
#2178 = LINE('',#2179,#2180);
#2179 = CARTESIAN_POINT('',(5.3606751094E-17,6.237));
#2180 = VECTOR('',#2181,1.);
#2181 = DIRECTION('',(1.,7.362818136345E-17));
#2182 = ( GEOMETRIC_REPRESENTATION_CONTEXT(2) 
PARAMETRIC_REPRESENTATION_CONTEXT() REPRESENTATION_CONTEXT('2D SPACE',''
  ) );
#2183 = ORIENTED_EDGE('',*,*,#960,.F.);
#2184 = ORIENTED_EDGE('',*,*,#2185,.T.);
#2185 = EDGE_CURVE('',#961,#2186,#2188,.T.);
#2186 = VERTEX_POINT('',#2187);
#2187 = CARTESIAN_POINT('',(-21.85140399187,13.396929619121,
    -21.04815376179));
#2188 = SURFACE_CURVE('',#2189,(#2193,#2200),.PCURVE_S1.);
#2189 = LINE('',#2190,#2191);
#2190 = CARTESIAN_POINT('',(17.585,40.475204208336,-104.3865136801));
#2191 = VECTOR('',#2192,1.);
#2192 = DIRECTION('',(-0.410400957183,-0.281794197376,0.867273362135));
#2193 = PCURVE('',#977,#2194);
#2194 = DEFINITIONAL_REPRESENTATION('',(#2195),#2199);
#2195 = LINE('',#2196,#2197);
#2196 = CARTESIAN_POINT('',(-47.85250110149,4.173498641552));
#2197 = VECTOR('',#2198,1.);
#2198 = DIRECTION('',(0.911905178373,-0.410400957183));
#2199 = ( GEOMETRIC_REPRESENTATION_CONTEXT(2) 
PARAMETRIC_REPRESENTATION_CONTEXT() REPRESENTATION_CONTEXT('2D SPACE',''
  ) );
#2200 = PCURVE('',#1008,#2201);
#2201 = DEFINITIONAL_REPRESENTATION('',(#2202),#2206);
#2202 = LINE('',#2203,#2204);
#2203 = CARTESIAN_POINT('',(2.078924533598E-15,6.237));
#2204 = VECTOR('',#2205,1.);
#2205 = DIRECTION('',(1.,6.37963566472E-17));
#2206 = ( GEOMETRIC_REPRESENTATION_CONTEXT(2) 
PARAMETRIC_REPRESENTATION_CONTEXT() REPRESENTATION_CONTEXT('2D SPACE',''
  ) );
#2207 = ORIENTED_EDGE('',*,*,#2208,.T.);
#2208 = EDGE_CURVE('',#2186,#2113,#2209,.T.);
#2209 = SURFACE_CURVE('',#2210,(#2214,#2220),.PCURVE_S1.);
#2210 = LINE('',#2211,#2212);
#2211 = CARTESIAN_POINT('',(-24.395,13.396929619121,-21.04815376179));
#2212 = VECTOR('',#2213,1.);
#2213 = DIRECTION('',(1.,0.,0.));
#2214 = PCURVE('',#977,#2215);
#2215 = DEFINITIONAL_REPRESENTATION('',(#2216),#2219);
#2216 = B_SPLINE_CURVE_WITH_KNOTS('',1,(#2217,#2218),.UNSPECIFIED.,.F.,
  .F.,(2,2),(-5.999999999062E-07,37.9800006),.PIECEWISE_BEZIER_KNOTS.);
#2217 = CARTESIAN_POINT('',(39.774636182613,-37.80650195844));
#2218 = CARTESIAN_POINT('',(39.774636182613,0.173499241552));
#2219 = ( GEOMETRIC_REPRESENTATION_CONTEXT(2) 
PARAMETRIC_REPRESENTATION_CONTEXT() REPRESENTATION_CONTEXT('2D SPACE',''
  ) );
#2220 = PCURVE('',#1368,#2221);
#2221 = DEFINITIONAL_REPRESENTATION('',(#2222),#2225);
#2222 = B_SPLINE_CURVE_WITH_KNOTS('',1,(#2223,#2224),.UNSPECIFIED.,.F.,
  .F.,(2,2),(-5.999999999062E-07,37.9800006),.PIECEWISE_BEZIER_KNOTS.);
#2223 = CARTESIAN_POINT('',(5.279207803635,-5.999999999062E-07));
#2224 = CARTESIAN_POINT('',(5.279207803635,37.9800006));
#2225 = ( GEOMETRIC_REPRESENTATION_CONTEXT(2) 
PARAMETRIC_REPRESENTATION_CONTEXT() REPRESENTATION_CONTEXT('2D SPACE',''
  ) );
#2226 = ADVANCED_FACE('',(#2227),#1064,.T.);
#2227 = FACE_BOUND('',#2228,.T.);
#2228 = EDGE_LOOP('',(#2229,#2252,#2273,#2274));
#2229 = ORIENTED_EDGE('',*,*,#2230,.F.);
#2230 = EDGE_CURVE('',#2231,#2136,#2233,.T.);
#2231 = VERTEX_POINT('',#2232);
#2232 = CARTESIAN_POINT('',(22.395,1.160200528772,-23.75408604289));
#2233 = SURFACE_CURVE('',#2234,(#2238,#2245),.PCURVE_S1.);
#2234 = LINE('',#2235,#2236);
#2235 = CARTESIAN_POINT('',(22.395,1.160200528772,-23.75408604289));
#2236 = VECTOR('',#2237,1.);
#2237 = DIRECTION('',(0.,0.951056516295,0.309016994375));
#2238 = PCURVE('',#1064,#2239);
#2239 = DEFINITIONAL_REPRESENTATION('',(#2240),#2244);
#2240 = LINE('',#2241,#2242);
#2241 = CARTESIAN_POINT('',(3.904824587561E-16,-6.237));
#2242 = VECTOR('',#2243,1.);
#2243 = DIRECTION('',(-6.368476883523E-17,1.));
#2244 = ( GEOMETRIC_REPRESENTATION_CONTEXT(2) 
PARAMETRIC_REPRESENTATION_CONTEXT() REPRESENTATION_CONTEXT('2D SPACE',''
  ) );
#2245 = PCURVE('',#2151,#2246);
#2246 = DEFINITIONAL_REPRESENTATION('',(#2247),#2251);
#2247 = LINE('',#2248,#2249);
#2248 = CARTESIAN_POINT('',(44.79,-6.237));
#2249 = VECTOR('',#2250,1.);
#2250 = DIRECTION('',(1.131557767835E-16,1.));
#2251 = ( GEOMETRIC_REPRESENTATION_CONTEXT(2) 
PARAMETRIC_REPRESENTATION_CONTEXT() REPRESENTATION_CONTEXT('2D SPACE',''
  ) );
#2252 = ORIENTED_EDGE('',*,*,#2253,.T.);
#2253 = EDGE_CURVE('',#2231,#1021,#2254,.T.);
#2254 = SURFACE_CURVE('',#2255,(#2259,#2266),.PCURVE_S1.);
#2255 = LINE('',#2256,#2257);
#2256 = CARTESIAN_POINT('',(22.395,1.160200528772,-23.75408604289));
#2257 = VECTOR('',#2258,1.);
#2258 = DIRECTION('',(0.219847961309,0.301456630324,-0.927788108321));
#2259 = PCURVE('',#1064,#2260);
#2260 = DEFINITIONAL_REPRESENTATION('',(#2261),#2265);
#2261 = LINE('',#2262,#2263);
#2262 = CARTESIAN_POINT('',(3.904824587561E-16,-6.237));
#2263 = VECTOR('',#2264,1.);
#2264 = DIRECTION('',(1.,7.362818136345E-17));
#2265 = ( GEOMETRIC_REPRESENTATION_CONTEXT(2) 
PARAMETRIC_REPRESENTATION_CONTEXT() REPRESENTATION_CONTEXT('2D SPACE',''
  ) );
#2266 = PCURVE('',#1035,#2267);
#2267 = DEFINITIONAL_REPRESENTATION('',(#2268),#2272);
#2268 = LINE('',#2269,#2270);
#2269 = CARTESIAN_POINT('',(40.982498898508,8.983498641552));
#2270 = VECTOR('',#2271,1.);
#2271 = DIRECTION('',(-0.975534147997,0.219847961309));
#2272 = ( GEOMETRIC_REPRESENTATION_CONTEXT(2) 
PARAMETRIC_REPRESENTATION_CONTEXT() REPRESENTATION_CONTEXT('2D SPACE',''
  ) );
#2273 = ORIENTED_EDGE('',*,*,#1046,.T.);
#2274 = ORIENTED_EDGE('',*,*,#2163,.F.);
#2275 = ADVANCED_FACE('',(#2276),#1035,.F.);
#2276 = FACE_BOUND('',#2277,.F.);
#2277 = EDGE_LOOP('',(#2278,#2301,#2322,#2323,#2324,#2347));
#2278 = ORIENTED_EDGE('',*,*,#2279,.T.);
#2279 = EDGE_CURVE('',#2280,#2282,#2284,.T.);
#2280 = VERTEX_POINT('',#2281);
#2281 = CARTESIAN_POINT('',(13.585,1.533450634855,-24.90283174963));
#2282 = VERTEX_POINT('',#2283);
#2283 = CARTESIAN_POINT('',(13.585,1.160200528772,-23.75408604289));
#2284 = SURFACE_CURVE('',#2285,(#2289,#2295),.PCURVE_S1.);
#2285 = LINE('',#2286,#2287);
#2286 = CARTESIAN_POINT('',(13.585,3.946374834115,-32.32904883414));
#2287 = VECTOR('',#2288,1.);
#2288 = DIRECTION('',(0.,-0.309016994375,0.951056516295));
#2289 = PCURVE('',#1035,#2290);
#2290 = DEFINITIONAL_REPRESENTATION('',(#2291),#2294);
#2291 = B_SPLINE_CURVE_WITH_KNOTS('',1,(#2292,#2293),.UNSPECIFIED.,.F.,
  .F.,(2,2),(7.758791099914,9.016249449254),.PIECEWISE_BEZIER_KNOTS.);
#2292 = CARTESIAN_POINT('',(39.725040549168,0.173498641552));
#2293 = CARTESIAN_POINT('',(40.982498898508,0.173498641552));
#2294 = ( GEOMETRIC_REPRESENTATION_CONTEXT(2) 
PARAMETRIC_REPRESENTATION_CONTEXT() REPRESENTATION_CONTEXT('2D SPACE',''
  ) );
#2295 = PCURVE('',#1298,#2296);
#2296 = DEFINITIONAL_REPRESENTATION('',(#2297),#2300);
#2297 = B_SPLINE_CURVE_WITH_KNOTS('',1,(#2298,#2299),.UNSPECIFIED.,.F.,
  .F.,(2,2),(7.758791099914,9.016249449254),.PIECEWISE_BEZIER_KNOTS.);
#2298 = CARTESIAN_POINT('',(1.548776528437,-24.95));
#2299 = CARTESIAN_POINT('',(1.160200528772,-23.75408604289));
#2300 = ( GEOMETRIC_REPRESENTATION_CONTEXT(2) 
PARAMETRIC_REPRESENTATION_CONTEXT() REPRESENTATION_CONTEXT('2D SPACE',''
  ) );
#2301 = ORIENTED_EDGE('',*,*,#2302,.T.);
#2302 = EDGE_CURVE('',#2282,#2231,#2303,.T.);
#2303 = SURFACE_CURVE('',#2304,(#2308,#2315),.PCURVE_S1.);
#2304 = LINE('',#2305,#2306);
#2305 = CARTESIAN_POINT('',(-22.395,1.160200528772,-23.75408604289));
#2306 = VECTOR('',#2307,1.);
#2307 = DIRECTION('',(1.,1.189790247421E-16,0.));
#2308 = PCURVE('',#1035,#2309);
#2309 = DEFINITIONAL_REPRESENTATION('',(#2310),#2314);
#2310 = LINE('',#2311,#2312);
#2311 = CARTESIAN_POINT('',(40.982498898508,-35.80650135844));
#2312 = VECTOR('',#2313,1.);
#2313 = DIRECTION('',(-3.676654061948E-17,1.));
#2314 = ( GEOMETRIC_REPRESENTATION_CONTEXT(2) 
PARAMETRIC_REPRESENTATION_CONTEXT() REPRESENTATION_CONTEXT('2D SPACE',''
  ) );
#2315 = PCURVE('',#2151,#2316);
#2316 = DEFINITIONAL_REPRESENTATION('',(#2317),#2321);
#2317 = LINE('',#2318,#2319);
#2318 = CARTESIAN_POINT('',(-7.057525797984E-16,-6.237));
#2319 = VECTOR('',#2320,1.);
#2320 = DIRECTION('',(1.,0.));
#2321 = ( GEOMETRIC_REPRESENTATION_CONTEXT(2) 
PARAMETRIC_REPRESENTATION_CONTEXT() REPRESENTATION_CONTEXT('2D SPACE',''
  ) );
#2322 = ORIENTED_EDGE('',*,*,#2253,.T.);
#2323 = ORIENTED_EDGE('',*,*,#1020,.F.);
#2324 = ORIENTED_EDGE('',*,*,#2325,.T.);
#2325 = EDGE_CURVE('',#989,#2326,#2328,.T.);
#2326 = VERTEX_POINT('',#2327);
#2327 = CARTESIAN_POINT('',(-21.85140399187,1.533450634855,
    -24.90283174963));
#2328 = SURFACE_CURVE('',#2329,(#2333,#2340),.PCURVE_S1.);
#2329 = LINE('',#2330,#2331);
#2330 = CARTESIAN_POINT('',(17.585,28.611725224071,-108.2411916679));
#2331 = VECTOR('',#2332,1.);
#2332 = DIRECTION('',(-0.410400957183,-0.281794197376,0.867273362135));
#2333 = PCURVE('',#1035,#2334);
#2334 = DEFINITIONAL_REPRESENTATION('',(#2335),#2339);
#2335 = LINE('',#2336,#2337);
#2336 = CARTESIAN_POINT('',(-47.85250110149,4.173498641552));
#2337 = VECTOR('',#2338,1.);
#2338 = DIRECTION('',(0.911905178373,-0.410400957183));
#2339 = ( GEOMETRIC_REPRESENTATION_CONTEXT(2) 
PARAMETRIC_REPRESENTATION_CONTEXT() REPRESENTATION_CONTEXT('2D SPACE',''
  ) );
#2340 = PCURVE('',#1008,#2341);
#2341 = DEFINITIONAL_REPRESENTATION('',(#2342),#2346);
#2342 = LINE('',#2343,#2344);
#2343 = CARTESIAN_POINT('',(-4.743459792699E-15,-6.237));
#2344 = VECTOR('',#2345,1.);
#2345 = DIRECTION('',(1.,6.37963566472E-17));
#2346 = ( GEOMETRIC_REPRESENTATION_CONTEXT(2) 
PARAMETRIC_REPRESENTATION_CONTEXT() REPRESENTATION_CONTEXT('2D SPACE',''
  ) );
#2347 = ORIENTED_EDGE('',*,*,#2348,.T.);
#2348 = EDGE_CURVE('',#2326,#2280,#2349,.T.);
#2349 = SURFACE_CURVE('',#2350,(#2354,#2360),.PCURVE_S1.);
#2350 = LINE('',#2351,#2352);
#2351 = CARTESIAN_POINT('',(-24.395,1.533450634855,-24.90283174963));
#2352 = VECTOR('',#2353,1.);
#2353 = DIRECTION('',(1.,0.,0.));
#2354 = PCURVE('',#1035,#2355);
#2355 = DEFINITIONAL_REPRESENTATION('',(#2356),#2359);
#2356 = B_SPLINE_CURVE_WITH_KNOTS('',1,(#2357,#2358),.UNSPECIFIED.,.F.,
  .F.,(2,2),(-5.999999999062E-07,37.9800006),.PIECEWISE_BEZIER_KNOTS.);
#2357 = CARTESIAN_POINT('',(39.774636182613,-37.80650195844));
#2358 = CARTESIAN_POINT('',(39.774636182613,0.173499241552));
#2359 = ( GEOMETRIC_REPRESENTATION_CONTEXT(2) 
PARAMETRIC_REPRESENTATION_CONTEXT() REPRESENTATION_CONTEXT('2D SPACE',''
  ) );
#2360 = PCURVE('',#1368,#2361);
#2361 = DEFINITIONAL_REPRESENTATION('',(#2362),#2365);
#2362 = B_SPLINE_CURVE_WITH_KNOTS('',1,(#2363,#2364),.UNSPECIFIED.,.F.,
  .F.,(2,2),(-5.999999999062E-07,37.9800006),.PIECEWISE_BEZIER_KNOTS.);
#2363 = CARTESIAN_POINT('',(4.773888687852,-5.999999999062E-07));
#2364 = CARTESIAN_POINT('',(4.773888687852,37.9800006));
#2365 = ( GEOMETRIC_REPRESENTATION_CONTEXT(2) 
PARAMETRIC_REPRESENTATION_CONTEXT() REPRESENTATION_CONTEXT('2D SPACE',''
  ) );
#2366 = ADVANCED_FACE('',(#2367),#1008,.T.);
#2367 = FACE_BOUND('',#2368,.T.);
#2368 = EDGE_LOOP('',(#2369,#2370,#2371,#2397));
#2369 = ORIENTED_EDGE('',*,*,#988,.T.);
#2370 = ORIENTED_EDGE('',*,*,#2325,.T.);
#2371 = ORIENTED_EDGE('',*,*,#2372,.F.);
#2372 = EDGE_CURVE('',#2186,#2326,#2373,.T.);
#2373 = SURFACE_CURVE('',#2374,(#2379,#2386),.PCURVE_S1.);
#2374 = ELLIPSE('',#2375,27.360300820441,24.95);
#2375 = AXIS2_PLACEMENT_3D('',#2376,#2377,#2378);
#2376 = CARTESIAN_POINT('',(-32.72359796251,0.,0.));
#2377 = DIRECTION('',(-0.911905178373,0.126820870277,-0.390314504623));
#2378 = DIRECTION('',(0.410400957183,0.281794197376,-0.867273362135));
#2379 = PCURVE('',#1008,#2380);
#2380 = DEFINITIONAL_REPRESENTATION('',(#2381),#2385);
#2381 = ELLIPSE('',#2382,27.360300820441,24.95);
#2382 = AXIS2_PLACEMENT_2D('',#2383,#2384);
#2383 = CARTESIAN_POINT('',(122.58401712276,2.976351989309E-15));
#2384 = DIRECTION('',(-1.,-2.091264373253E-16));
#2385 = ( GEOMETRIC_REPRESENTATION_CONTEXT(2) 
PARAMETRIC_REPRESENTATION_CONTEXT() REPRESENTATION_CONTEXT('2D SPACE',''
  ) );
#2386 = PCURVE('',#1368,#2387);
#2387 = DEFINITIONAL_REPRESENTATION('',(#2388),#2396);
#2388 = B_SPLINE_CURVE_WITH_KNOTS('',6,(#2389,#2390,#2391,#2392,#2393,
    #2394,#2395),.UNSPECIFIED.,.F.,.F.,(7,7),(5.978517862319,
    6.58785275204),.PIECEWISE_BEZIER_KNOTS.);
#2389 = CARTESIAN_POINT('',(5.331215690604,2.382978003009));
#2390 = CARTESIAN_POINT('',(5.229659875651,2.725052320235));
#2391 = CARTESIAN_POINT('',(5.128104060697,2.934556945927));
#2392 = CARTESIAN_POINT('',(5.026548245743,3.005141572492));
#2393 = CARTESIAN_POINT('',(4.92499243079,2.934556945927));
#2394 = CARTESIAN_POINT('',(4.823436615837,2.725052320235));
#2395 = CARTESIAN_POINT('',(4.721880800883,2.382978003009));
#2396 = ( GEOMETRIC_REPRESENTATION_CONTEXT(2) 
PARAMETRIC_REPRESENTATION_CONTEXT() REPRESENTATION_CONTEXT('2D SPACE',''
  ) );
#2397 = ORIENTED_EDGE('',*,*,#2185,.F.);
#2398 = ADVANCED_FACE('',(#2399),#1095,.T.);
#2399 = FACE_BOUND('',#2400,.T.);
#2400 = EDGE_LOOP('',(#2401,#2424,#2452,#2473,#2474,#2497));
#2401 = ORIENTED_EDGE('',*,*,#2402,.T.);
#2402 = EDGE_CURVE('',#2403,#2405,#2407,.T.);
#2403 = VERTEX_POINT('',#2404);
#2404 = CARTESIAN_POINT('',(13.585,-15.87810486638,-19.24547442522));
#2405 = VERTEX_POINT('',#2406);
#2406 = CARTESIAN_POINT('',(13.585,-14.90092340235,-18.53551053402));
#2407 = SURFACE_CURVE('',#2408,(#2412,#2418),.PCURVE_S1.);
#2408 = LINE('',#2409,#2410);
#2409 = CARTESIAN_POINT('',(13.585,-22.19522243232,-23.83512899129));
#2410 = VECTOR('',#2411,1.);
#2411 = DIRECTION('',(-0.,0.809016994375,0.587785252292));
#2412 = PCURVE('',#1095,#2413);
#2413 = DEFINITIONAL_REPRESENTATION('',(#2414),#2417);
#2414 = B_SPLINE_CURVE_WITH_KNOTS('',1,(#2415,#2416),.UNSPECIFIED.,.F.,
  .F.,(2,2),(-1.896731849534,9.016249449254),.PIECEWISE_BEZIER_KNOTS.);
#2415 = CARTESIAN_POINT('',(-30.06951759972,-0.173498641552));
#2416 = CARTESIAN_POINT('',(-40.9824988985,-0.173498641552));
#2417 = ( GEOMETRIC_REPRESENTATION_CONTEXT(2) 
PARAMETRIC_REPRESENTATION_CONTEXT() REPRESENTATION_CONTEXT('2D SPACE',''
  ) );
#2418 = PCURVE('',#1298,#2419);
#2419 = DEFINITIONAL_REPRESENTATION('',(#2420),#2423);
#2420 = B_SPLINE_CURVE_WITH_KNOTS('',1,(#2421,#2422),.UNSPECIFIED.,.F.,
  .F.,(2,2),(-1.896731849534,9.016249449254),.PIECEWISE_BEZIER_KNOTS.);
#2421 = CARTESIAN_POINT('',(-23.72971073237,-24.95));
#2422 = CARTESIAN_POINT('',(-14.90092340235,-18.53551053402));
#2423 = ( GEOMETRIC_REPRESENTATION_CONTEXT(2) 
PARAMETRIC_REPRESENTATION_CONTEXT() REPRESENTATION_CONTEXT('2D SPACE',''
  ) );
#2424 = ORIENTED_EDGE('',*,*,#2425,.T.);
#2425 = EDGE_CURVE('',#2405,#2426,#2428,.T.);
#2426 = VERTEX_POINT('',#2427);
#2427 = CARTESIAN_POINT('',(22.395,-14.90092340235,-18.53551053402));
#2428 = SURFACE_CURVE('',#2429,(#2433,#2440),.PCURVE_S1.);
#2429 = LINE('',#2430,#2431);
#2430 = CARTESIAN_POINT('',(-22.395,-14.90092340235,-18.53551053402));
#2431 = VECTOR('',#2432,1.);
#2432 = DIRECTION('',(1.,0.,0.));
#2433 = PCURVE('',#1095,#2434);
#2434 = DEFINITIONAL_REPRESENTATION('',(#2435),#2439);
#2435 = LINE('',#2436,#2437);
#2436 = CARTESIAN_POINT('',(-40.9824988985,35.806501358448));
#2437 = VECTOR('',#2438,1.);
#2438 = DIRECTION('',(0.,-1.));
#2439 = ( GEOMETRIC_REPRESENTATION_CONTEXT(2) 
PARAMETRIC_REPRESENTATION_CONTEXT() REPRESENTATION_CONTEXT('2D SPACE',''
  ) );
#2440 = PCURVE('',#2441,#2446);
#2441 = PLANE('',#2442);
#2442 = AXIS2_PLACEMENT_3D('',#2443,#2444,#2445);
#2443 = CARTESIAN_POINT('',(-22.395,-18.5669400209,-13.48967154011));
#2444 = DIRECTION('',(-0.,0.809016994375,0.587785252292));
#2445 = DIRECTION('',(1.,0.,0.));
#2446 = DEFINITIONAL_REPRESENTATION('',(#2447),#2451);
#2447 = LINE('',#2448,#2449);
#2448 = CARTESIAN_POINT('',(0.,6.237));
#2449 = VECTOR('',#2450,1.);
#2450 = DIRECTION('',(1.,0.));
#2451 = ( GEOMETRIC_REPRESENTATION_CONTEXT(2) 
PARAMETRIC_REPRESENTATION_CONTEXT() REPRESENTATION_CONTEXT('2D SPACE',''
  ) );
#2452 = ORIENTED_EDGE('',*,*,#2453,.T.);
#2453 = EDGE_CURVE('',#2426,#1081,#2454,.T.);
#2454 = SURFACE_CURVE('',#2455,(#2459,#2466),.PCURVE_S1.);
#2455 = LINE('',#2456,#2457);
#2456 = CARTESIAN_POINT('',(22.395,-14.90092340235,-18.53551053402));
#2457 = VECTOR('',#2458,1.);
#2458 = DIRECTION('',(0.219847961309,-0.789223704323,-0.5734045853));
#2459 = PCURVE('',#1095,#2460);
#2460 = DEFINITIONAL_REPRESENTATION('',(#2461),#2465);
#2461 = LINE('',#2462,#2463);
#2462 = CARTESIAN_POINT('',(-40.9824988985,-8.983498641552));
#2463 = VECTOR('',#2464,1.);
#2464 = DIRECTION('',(0.975534147997,-0.219847961309));
#2465 = ( GEOMETRIC_REPRESENTATION_CONTEXT(2) 
PARAMETRIC_REPRESENTATION_CONTEXT() REPRESENTATION_CONTEXT('2D SPACE',''
  ) );
#2466 = PCURVE('',#1182,#2467);
#2467 = DEFINITIONAL_REPRESENTATION('',(#2468),#2472);
#2468 = LINE('',#2469,#2470);
#2469 = CARTESIAN_POINT('',(-4.456177844175E-16,6.237));
#2470 = VECTOR('',#2471,1.);
#2471 = DIRECTION('',(1.,-1.170578084743E-16));
#2472 = ( GEOMETRIC_REPRESENTATION_CONTEXT(2) 
PARAMETRIC_REPRESENTATION_CONTEXT() REPRESENTATION_CONTEXT('2D SPACE',''
  ) );
#2473 = ORIENTED_EDGE('',*,*,#1078,.F.);
#2474 = ORIENTED_EDGE('',*,*,#2475,.T.);
#2475 = EDGE_CURVE('',#1079,#2476,#2478,.T.);
#2476 = VERTEX_POINT('',#2477);
#2477 = CARTESIAN_POINT('',(-21.85140399187,-15.87810486638,
    -19.24547442522));
#2478 = SURFACE_CURVE('',#2479,(#2483,#2490),.PCURVE_S1.);
#2479 = LINE('',#2480,#2481);
#2480 = CARTESIAN_POINT('',(17.585,-86.76994809765,-70.75141342143));
#2481 = VECTOR('',#2482,1.);
#2482 = DIRECTION('',(-0.410400957183,0.737746786562,0.536004415337));
#2483 = PCURVE('',#1095,#2484);
#2484 = DEFINITIONAL_REPRESENTATION('',(#2485),#2489);
#2485 = LINE('',#2486,#2487);
#2486 = CARTESIAN_POINT('',(47.852501101492,-4.173498641552));
#2487 = VECTOR('',#2488,1.);
#2488 = DIRECTION('',(-0.911905178373,0.410400957183));
#2489 = ( GEOMETRIC_REPRESENTATION_CONTEXT(2) 
PARAMETRIC_REPRESENTATION_CONTEXT() REPRESENTATION_CONTEXT('2D SPACE',''
  ) );
#2490 = PCURVE('',#1126,#2491);
#2491 = DEFINITIONAL_REPRESENTATION('',(#2492),#2496);
#2492 = LINE('',#2493,#2494);
#2493 = CARTESIAN_POINT('',(1.256804173892E-15,6.237));
#2494 = VECTOR('',#2495,1.);
#2495 = DIRECTION('',(1.,-1.121524016459E-16));
#2496 = ( GEOMETRIC_REPRESENTATION_CONTEXT(2) 
PARAMETRIC_REPRESENTATION_CONTEXT() REPRESENTATION_CONTEXT('2D SPACE',''
  ) );
#2497 = ORIENTED_EDGE('',*,*,#2498,.T.);
#2498 = EDGE_CURVE('',#2476,#2403,#2499,.T.);
#2499 = SURFACE_CURVE('',#2500,(#2504,#2510),.PCURVE_S1.);
#2500 = LINE('',#2501,#2502);
#2501 = CARTESIAN_POINT('',(-24.395,-15.87810486638,-19.24547442522));
#2502 = VECTOR('',#2503,1.);
#2503 = DIRECTION('',(1.,0.,0.));
#2504 = PCURVE('',#1095,#2505);
#2505 = DEFINITIONAL_REPRESENTATION('',(#2506),#2509);
#2506 = B_SPLINE_CURVE_WITH_KNOTS('',1,(#2507,#2508),.UNSPECIFIED.,.F.,
  .F.,(2,2),(-5.999999999062E-07,37.9800006),.PIECEWISE_BEZIER_KNOTS.);
#2507 = CARTESIAN_POINT('',(-39.77463618261,37.806501958448));
#2508 = CARTESIAN_POINT('',(-39.77463618261,-0.173499241552));
#2509 = ( GEOMETRIC_REPRESENTATION_CONTEXT(2) 
PARAMETRIC_REPRESENTATION_CONTEXT() REPRESENTATION_CONTEXT('2D SPACE',''
  ) );
#2510 = PCURVE('',#1368,#2511);
#2511 = DEFINITIONAL_REPRESENTATION('',(#2512),#2515);
#2512 = B_SPLINE_CURVE_WITH_KNOTS('',1,(#2513,#2514),.UNSPECIFIED.,.F.,
  .F.,(2,2),(-5.999999999062E-07,37.9800006),.PIECEWISE_BEZIER_KNOTS.);
#2513 = CARTESIAN_POINT('',(4.022570742199,-5.999999999062E-07));
#2514 = CARTESIAN_POINT('',(4.022570742199,37.9800006));
#2515 = ( GEOMETRIC_REPRESENTATION_CONTEXT(2) 
PARAMETRIC_REPRESENTATION_CONTEXT() REPRESENTATION_CONTEXT('2D SPACE',''
  ) );
#2516 = ADVANCED_FACE('',(#2517),#1126,.T.);
#2517 = FACE_BOUND('',#2518,.T.);
#2518 = EDGE_LOOP('',(#2519,#2520,#2543,#2569));
#2519 = ORIENTED_EDGE('',*,*,#1106,.T.);
#2520 = ORIENTED_EDGE('',*,*,#2521,.T.);
#2521 = EDGE_CURVE('',#1107,#2522,#2524,.T.);
#2522 = VERTEX_POINT('',#2523);
#2523 = CARTESIAN_POINT('',(-21.85140399187,-23.21013810348,
    -9.153796437392));
#2524 = SURFACE_CURVE('',#2525,(#2529,#2536),.PCURVE_S1.);
#2525 = LINE('',#2526,#2527);
#2526 = CARTESIAN_POINT('',(17.585,-94.10198133475,-60.65973543359));
#2527 = VECTOR('',#2528,1.);
#2528 = DIRECTION('',(-0.410400957183,0.737746786562,0.536004415337));
#2529 = PCURVE('',#1126,#2530);
#2530 = DEFINITIONAL_REPRESENTATION('',(#2531),#2535);
#2531 = LINE('',#2532,#2533);
#2532 = CARTESIAN_POINT('',(-1.256804173892E-15,-6.237));
#2533 = VECTOR('',#2534,1.);
#2534 = DIRECTION('',(1.,-1.121524016459E-16));
#2535 = ( GEOMETRIC_REPRESENTATION_CONTEXT(2) 
PARAMETRIC_REPRESENTATION_CONTEXT() REPRESENTATION_CONTEXT('2D SPACE',''
  ) );
#2536 = PCURVE('',#1153,#2537);
#2537 = DEFINITIONAL_REPRESENTATION('',(#2538),#2542);
#2538 = LINE('',#2539,#2540);
#2539 = CARTESIAN_POINT('',(47.852501101492,-4.173498641552));
#2540 = VECTOR('',#2541,1.);
#2541 = DIRECTION('',(-0.911905178373,0.410400957183));
#2542 = ( GEOMETRIC_REPRESENTATION_CONTEXT(2) 
PARAMETRIC_REPRESENTATION_CONTEXT() REPRESENTATION_CONTEXT('2D SPACE',''
  ) );
#2543 = ORIENTED_EDGE('',*,*,#2544,.F.);
#2544 = EDGE_CURVE('',#2476,#2522,#2545,.T.);
#2545 = SURFACE_CURVE('',#2546,(#2551,#2558),.PCURVE_S1.);
#2546 = ELLIPSE('',#2547,27.360300820441,24.95);
#2547 = AXIS2_PLACEMENT_3D('',#2548,#2549,#2550);
#2548 = CARTESIAN_POINT('',(-32.72359796251,0.,0.));
#2549 = DIRECTION('',(-0.911905178373,-0.332021348869,-0.241227630159));
#2550 = DIRECTION('',(0.410400957183,-0.737746786562,-0.536004415337));
#2551 = PCURVE('',#1126,#2552);
#2552 = DEFINITIONAL_REPRESENTATION('',(#2553),#2557);
#2553 = ELLIPSE('',#2554,27.360300820441,24.95);
#2554 = AXIS2_PLACEMENT_2D('',#2555,#2556);
#2555 = CARTESIAN_POINT('',(122.58401712276,-9.621572240856E-15));
#2556 = DIRECTION('',(-1.,2.233347219904E-17));
#2557 = ( GEOMETRIC_REPRESENTATION_CONTEXT(2) 
PARAMETRIC_REPRESENTATION_CONTEXT() REPRESENTATION_CONTEXT('2D SPACE',''
  ) );
#2558 = PCURVE('',#1368,#2559);
#2559 = DEFINITIONAL_REPRESENTATION('',(#2560),#2568);
#2560 = B_SPLINE_CURVE_WITH_KNOTS('',6,(#2561,#2562,#2563,#2564,#2565,
    #2566,#2567),.UNSPECIFIED.,.F.,.F.,(7,7),(5.978517862319,
    6.58785275204),.PIECEWISE_BEZIER_KNOTS.);
#2561 = CARTESIAN_POINT('',(4.074578629168,2.382978003009));
#2562 = CARTESIAN_POINT('',(3.973022814215,2.725052320235));
#2563 = CARTESIAN_POINT('',(3.871466999261,2.934556945927));
#2564 = CARTESIAN_POINT('',(3.769911184308,3.005141572492));
#2565 = CARTESIAN_POINT('',(3.668355369354,2.934556945927));
#2566 = CARTESIAN_POINT('',(3.566799554401,2.725052320235));
#2567 = CARTESIAN_POINT('',(3.465243739447,2.382978003009));
#2568 = ( GEOMETRIC_REPRESENTATION_CONTEXT(2) 
PARAMETRIC_REPRESENTATION_CONTEXT() REPRESENTATION_CONTEXT('2D SPACE',''
  ) );
#2569 = ORIENTED_EDGE('',*,*,#2475,.F.);
#2570 = ADVANCED_FACE('',(#2571),#1182,.T.);
#2571 = FACE_BOUND('',#2572,.T.);
#2572 = EDGE_LOOP('',(#2573,#2596,#2617,#2618));
#2573 = ORIENTED_EDGE('',*,*,#2574,.F.);
#2574 = EDGE_CURVE('',#2575,#2426,#2577,.T.);
#2575 = VERTEX_POINT('',#2576);
#2576 = CARTESIAN_POINT('',(22.395,-22.23295663945,-8.443832546196));
#2577 = SURFACE_CURVE('',#2578,(#2582,#2589),.PCURVE_S1.);
#2578 = LINE('',#2579,#2580);
#2579 = CARTESIAN_POINT('',(22.395,-22.23295663945,-8.443832546196));
#2580 = VECTOR('',#2581,1.);
#2581 = DIRECTION('',(0.,0.587785252292,-0.809016994375));
#2582 = PCURVE('',#1182,#2583);
#2583 = DEFINITIONAL_REPRESENTATION('',(#2584),#2588);
#2584 = LINE('',#2585,#2586);
#2585 = CARTESIAN_POINT('',(4.456177844175E-16,-6.237));
#2586 = VECTOR('',#2587,1.);
#2587 = DIRECTION('',(-2.723887902753E-17,1.));
#2588 = ( GEOMETRIC_REPRESENTATION_CONTEXT(2) 
PARAMETRIC_REPRESENTATION_CONTEXT() REPRESENTATION_CONTEXT('2D SPACE',''
  ) );
#2589 = PCURVE('',#2441,#2590);
#2590 = DEFINITIONAL_REPRESENTATION('',(#2591),#2595);
#2591 = LINE('',#2592,#2593);
#2592 = CARTESIAN_POINT('',(44.79,-6.237));
#2593 = VECTOR('',#2594,1.);
#2594 = DIRECTION('',(0.,1.));
#2595 = ( GEOMETRIC_REPRESENTATION_CONTEXT(2) 
PARAMETRIC_REPRESENTATION_CONTEXT() REPRESENTATION_CONTEXT('2D SPACE',''
  ) );
#2596 = ORIENTED_EDGE('',*,*,#2597,.T.);
#2597 = EDGE_CURVE('',#2575,#1139,#2598,.T.);
#2598 = SURFACE_CURVE('',#2599,(#2603,#2610),.PCURVE_S1.);
#2599 = LINE('',#2600,#2601);
#2600 = CARTESIAN_POINT('',(22.395,-22.23295663945,-8.443832546196));
#2601 = VECTOR('',#2602,1.);
#2602 = DIRECTION('',(0.219847961309,-0.789223704323,-0.5734045853));
#2603 = PCURVE('',#1182,#2604);
#2604 = DEFINITIONAL_REPRESENTATION('',(#2605),#2609);
#2605 = LINE('',#2606,#2607);
#2606 = CARTESIAN_POINT('',(4.456177844175E-16,-6.237));
#2607 = VECTOR('',#2608,1.);
#2608 = DIRECTION('',(1.,-1.170578084743E-16));
#2609 = ( GEOMETRIC_REPRESENTATION_CONTEXT(2) 
PARAMETRIC_REPRESENTATION_CONTEXT() REPRESENTATION_CONTEXT('2D SPACE',''
  ) );
#2610 = PCURVE('',#1153,#2611);
#2611 = DEFINITIONAL_REPRESENTATION('',(#2612),#2616);
#2612 = LINE('',#2613,#2614);
#2613 = CARTESIAN_POINT('',(-40.9824988985,-8.983498641552));
#2614 = VECTOR('',#2615,1.);
#2615 = DIRECTION('',(0.975534147997,-0.219847961309));
#2616 = ( GEOMETRIC_REPRESENTATION_CONTEXT(2) 
PARAMETRIC_REPRESENTATION_CONTEXT() REPRESENTATION_CONTEXT('2D SPACE',''
  ) );
#2617 = ORIENTED_EDGE('',*,*,#1164,.T.);
#2618 = ORIENTED_EDGE('',*,*,#2453,.F.);
#2619 = ADVANCED_FACE('',(#2620),#1153,.F.);
#2620 = FACE_BOUND('',#2621,.F.);
#2621 = EDGE_LOOP('',(#2622,#2645,#2666,#2667,#2668,#2669));
#2622 = ORIENTED_EDGE('',*,*,#2623,.T.);
#2623 = EDGE_CURVE('',#2624,#2626,#2628,.T.);
#2624 = VERTEX_POINT('',#2625);
#2625 = CARTESIAN_POINT('',(13.585,-23.21013810348,-9.153796437392));
#2626 = VERTEX_POINT('',#2627);
#2627 = CARTESIAN_POINT('',(13.585,-22.23295663945,-8.443832546196));
#2628 = SURFACE_CURVE('',#2629,(#2633,#2639),.PCURVE_S1.);
#2629 = LINE('',#2630,#2631);
#2630 = CARTESIAN_POINT('',(13.585,-29.52725566942,-13.74345100345));
#2631 = VECTOR('',#2632,1.);
#2632 = DIRECTION('',(-0.,0.809016994375,0.587785252292));
#2633 = PCURVE('',#1153,#2634);
#2634 = DEFINITIONAL_REPRESENTATION('',(#2635),#2638);
#2635 = B_SPLINE_CURVE_WITH_KNOTS('',1,(#2636,#2637),.UNSPECIFIED.,.F.,
  .F.,(2,2),(5.657799157804,9.016249449254),.PIECEWISE_BEZIER_KNOTS.);
#2636 = CARTESIAN_POINT('',(-37.62404860705,-0.173498641552));
#2637 = CARTESIAN_POINT('',(-40.9824988985,-0.173498641552));
#2638 = ( GEOMETRIC_REPRESENTATION_CONTEXT(2) 
PARAMETRIC_REPRESENTATION_CONTEXT() REPRESENTATION_CONTEXT('2D SPACE',''
  ) );
#2639 = PCURVE('',#1298,#2640);
#2640 = DEFINITIONAL_REPRESENTATION('',(#2641),#2644);
#2641 = B_SPLINE_CURVE_WITH_KNOTS('',1,(#2642,#2643),.UNSPECIFIED.,.F.,
  .F.,(2,2),(5.657799157804,9.016249449254),.PIECEWISE_BEZIER_KNOTS.);
#2642 = CARTESIAN_POINT('',(-24.95,-10.41788009806));
#2643 = CARTESIAN_POINT('',(-22.23295663945,-8.443832546196));
#2644 = ( GEOMETRIC_REPRESENTATION_CONTEXT(2) 
PARAMETRIC_REPRESENTATION_CONTEXT() REPRESENTATION_CONTEXT('2D SPACE',''
  ) );
#2645 = ORIENTED_EDGE('',*,*,#2646,.T.);
#2646 = EDGE_CURVE('',#2626,#2575,#2647,.T.);
#2647 = SURFACE_CURVE('',#2648,(#2652,#2659),.PCURVE_S1.);
#2648 = LINE('',#2649,#2650);
#2649 = CARTESIAN_POINT('',(-22.395,-22.23295663945,-8.443832546196));
#2650 = VECTOR('',#2651,1.);
#2651 = DIRECTION('',(1.,0.,0.));
#2652 = PCURVE('',#1153,#2653);
#2653 = DEFINITIONAL_REPRESENTATION('',(#2654),#2658);
#2654 = LINE('',#2655,#2656);
#2655 = CARTESIAN_POINT('',(-40.9824988985,35.806501358448));
#2656 = VECTOR('',#2657,1.);
#2657 = DIRECTION('',(0.,-1.));
#2658 = ( GEOMETRIC_REPRESENTATION_CONTEXT(2) 
PARAMETRIC_REPRESENTATION_CONTEXT() REPRESENTATION_CONTEXT('2D SPACE',''
  ) );
#2659 = PCURVE('',#2441,#2660);
#2660 = DEFINITIONAL_REPRESENTATION('',(#2661),#2665);
#2661 = LINE('',#2662,#2663);
#2662 = CARTESIAN_POINT('',(0.,-6.237));
#2663 = VECTOR('',#2664,1.);
#2664 = DIRECTION('',(1.,0.));
#2665 = ( GEOMETRIC_REPRESENTATION_CONTEXT(2) 
PARAMETRIC_REPRESENTATION_CONTEXT() REPRESENTATION_CONTEXT('2D SPACE',''
  ) );
#2666 = ORIENTED_EDGE('',*,*,#2597,.T.);
#2667 = ORIENTED_EDGE('',*,*,#1138,.F.);
#2668 = ORIENTED_EDGE('',*,*,#2521,.T.);
#2669 = ORIENTED_EDGE('',*,*,#2670,.T.);
#2670 = EDGE_CURVE('',#2522,#2624,#2671,.T.);
#2671 = SURFACE_CURVE('',#2672,(#2676,#2682),.PCURVE_S1.);
#2672 = LINE('',#2673,#2674);
#2673 = CARTESIAN_POINT('',(-24.395,-23.21013810348,-9.153796437392));
#2674 = VECTOR('',#2675,1.);
#2675 = DIRECTION('',(1.,0.,0.));
#2676 = PCURVE('',#1153,#2677);
#2677 = DEFINITIONAL_REPRESENTATION('',(#2678),#2681);
#2678 = B_SPLINE_CURVE_WITH_KNOTS('',1,(#2679,#2680),.UNSPECIFIED.,.F.,
  .F.,(2,2),(-5.999999999062E-07,37.9800006),.PIECEWISE_BEZIER_KNOTS.);
#2679 = CARTESIAN_POINT('',(-39.77463618261,37.806501958448));
#2680 = CARTESIAN_POINT('',(-39.77463618261,-0.173499241552));
#2681 = ( GEOMETRIC_REPRESENTATION_CONTEXT(2) 
PARAMETRIC_REPRESENTATION_CONTEXT() REPRESENTATION_CONTEXT('2D SPACE',''
  ) );
#2682 = PCURVE('',#1368,#2683);
#2683 = DEFINITIONAL_REPRESENTATION('',(#2684),#2687);
#2684 = B_SPLINE_CURVE_WITH_KNOTS('',1,(#2685,#2686),.UNSPECIFIED.,.F.,
  .F.,(2,2),(-5.999999999062E-07,37.9800006),.PIECEWISE_BEZIER_KNOTS.);
#2685 = CARTESIAN_POINT('',(3.517251626416,-5.999999999062E-07));
#2686 = CARTESIAN_POINT('',(3.517251626416,37.9800006));
#2687 = ( GEOMETRIC_REPRESENTATION_CONTEXT(2) 
PARAMETRIC_REPRESENTATION_CONTEXT() REPRESENTATION_CONTEXT('2D SPACE',''
  ) );
#2688 = ADVANCED_FACE('',(#2689),#1222,.T.);
#2689 = FACE_BOUND('',#2690,.T.);
#2690 = EDGE_LOOP('',(#2691,#2710,#2711,#2712));
#2691 = ORIENTED_EDGE('',*,*,#2692,.T.);
#2692 = EDGE_CURVE('',#1284,#1466,#2693,.T.);
#2693 = SURFACE_CURVE('',#2694,(#2698,#2704),.PCURVE_S1.);
#2694 = LINE('',#2695,#2696);
#2695 = CARTESIAN_POINT('',(13.585,22.95,-1.243172231824E-15));
#2696 = VECTOR('',#2697,1.);
#2697 = DIRECTION('',(0.,0.,-1.));
#2698 = PCURVE('',#1222,#2699);
#2699 = DEFINITIONAL_REPRESENTATION('',(#2700),#2703);
#2700 = B_SPLINE_CURVE_WITH_KNOTS('',1,(#2701,#2702),.UNSPECIFIED.,.F.,
  .F.,(2,2),(-6.237,6.237),.PIECEWISE_BEZIER_KNOTS.);
#2701 = CARTESIAN_POINT('',(35.98,6.237));
#2702 = CARTESIAN_POINT('',(35.98,-6.237));
#2703 = ( GEOMETRIC_REPRESENTATION_CONTEXT(2) 
PARAMETRIC_REPRESENTATION_CONTEXT() REPRESENTATION_CONTEXT('2D SPACE',''
  ) );
#2704 = PCURVE('',#1298,#2705);
#2705 = DEFINITIONAL_REPRESENTATION('',(#2706),#2709);
#2706 = B_SPLINE_CURVE_WITH_KNOTS('',1,(#2707,#2708),.UNSPECIFIED.,.F.,
  .F.,(2,2),(-6.237,6.237),.PIECEWISE_BEZIER_KNOTS.);
#2707 = CARTESIAN_POINT('',(22.95,6.237));
#2708 = CARTESIAN_POINT('',(22.95,-6.237));
#2709 = ( GEOMETRIC_REPRESENTATION_CONTEXT(2) 
PARAMETRIC_REPRESENTATION_CONTEXT() REPRESENTATION_CONTEXT('2D SPACE',''
  ) );
#2710 = ORIENTED_EDGE('',*,*,#1486,.T.);
#2711 = ORIENTED_EDGE('',*,*,#1204,.T.);
#2712 = ORIENTED_EDGE('',*,*,#1309,.F.);
#2713 = ADVANCED_FACE('',(#2714,#2913),#1298,.T.);
#2714 = FACE_BOUND('',#2715,.T.);
#2715 = EDGE_LOOP('',(#2716,#2717,#2739,#2740,#2759,#2760,#2782,#2783,
    #2802,#2803,#2825,#2826,#2845,#2846,#2868,#2869,#2888,#2889,#2911,
    #2912));
#2716 = ORIENTED_EDGE('',*,*,#1281,.F.);
#2717 = ORIENTED_EDGE('',*,*,#2718,.T.);
#2718 = EDGE_CURVE('',#1282,#1754,#2719,.T.);
#2719 = SURFACE_CURVE('',#2720,(#2725,#2732),.PCURVE_S1.);
#2720 = CIRCLE('',#2721,24.95);
#2721 = AXIS2_PLACEMENT_3D('',#2722,#2723,#2724);
#2722 = CARTESIAN_POINT('',(13.585,0.,0.));
#2723 = DIRECTION('',(1.,0.,0.));
#2724 = DIRECTION('',(-0.,1.,0.));
#2725 = PCURVE('',#1298,#2726);
#2726 = DEFINITIONAL_REPRESENTATION('',(#2727),#2731);
#2727 = CIRCLE('',#2728,24.95);
#2728 = AXIS2_PLACEMENT_2D('',#2729,#2730);
#2729 = CARTESIAN_POINT('',(0.,0.));
#2730 = DIRECTION('',(1.,0.));
#2731 = ( GEOMETRIC_REPRESENTATION_CONTEXT(2) 
PARAMETRIC_REPRESENTATION_CONTEXT() REPRESENTATION_CONTEXT('2D SPACE',''
  ) );
#2732 = PCURVE('',#1368,#2733);
#2733 = DEFINITIONAL_REPRESENTATION('',(#2734),#2738);
#2734 = LINE('',#2735,#2736);
#2735 = CARTESIAN_POINT('',(0.,37.98));
#2736 = VECTOR('',#2737,1.);
#2737 = DIRECTION('',(1.,0.));
#2738 = ( GEOMETRIC_REPRESENTATION_CONTEXT(2) 
PARAMETRIC_REPRESENTATION_CONTEXT() REPRESENTATION_CONTEXT('2D SPACE',''
  ) );
#2739 = ORIENTED_EDGE('',*,*,#1753,.T.);
#2740 = ORIENTED_EDGE('',*,*,#2741,.F.);
#2741 = EDGE_CURVE('',#1535,#1756,#2742,.T.);
#2742 = SURFACE_CURVE('',#2743,(#2747,#2753),.PCURVE_S1.);
#2743 = LINE('',#2744,#2745);
#2744 = CARTESIAN_POINT('',(13.585,7.091940020905,21.826747048974));
#2745 = VECTOR('',#2746,1.);
#2746 = DIRECTION('',(0.,0.951056516295,-0.309016994375));
#2747 = PCURVE('',#1298,#2748);
#2748 = DEFINITIONAL_REPRESENTATION('',(#2749),#2752);
#2749 = B_SPLINE_CURVE_WITH_KNOTS('',1,(#2750,#2751),.UNSPECIFIED.,.F.,
  .F.,(2,2),(-6.237,6.237),.PIECEWISE_BEZIER_KNOTS.);
#2750 = CARTESIAN_POINT('',(1.160200528772,23.75408604289));
#2751 = CARTESIAN_POINT('',(13.023679513038,19.899408055057));
#2752 = ( GEOMETRIC_REPRESENTATION_CONTEXT(2) 
PARAMETRIC_REPRESENTATION_CONTEXT() REPRESENTATION_CONTEXT('2D SPACE',''
  ) );
#2753 = PCURVE('',#1571,#2754);
#2754 = DEFINITIONAL_REPRESENTATION('',(#2755),#2758);
#2755 = B_SPLINE_CURVE_WITH_KNOTS('',1,(#2756,#2757),.UNSPECIFIED.,.F.,
  .F.,(2,2),(-6.237,6.237),.PIECEWISE_BEZIER_KNOTS.);
#2756 = CARTESIAN_POINT('',(35.98,6.237));
#2757 = CARTESIAN_POINT('',(35.98,-6.237));
#2758 = ( GEOMETRIC_REPRESENTATION_CONTEXT(2) 
PARAMETRIC_REPRESENTATION_CONTEXT() REPRESENTATION_CONTEXT('2D SPACE',''
  ) );
#2759 = ORIENTED_EDGE('',*,*,#1532,.F.);
#2760 = ORIENTED_EDGE('',*,*,#2761,.T.);
#2761 = EDGE_CURVE('',#1533,#2044,#2762,.T.);
#2762 = SURFACE_CURVE('',#2763,(#2768,#2775),.PCURVE_S1.);
#2763 = CIRCLE('',#2764,24.95);
#2764 = AXIS2_PLACEMENT_3D('',#2765,#2766,#2767);
#2765 = CARTESIAN_POINT('',(13.585,0.,0.));
#2766 = DIRECTION('',(1.,0.,0.));
#2767 = DIRECTION('',(-0.,1.,0.));
#2768 = PCURVE('',#1298,#2769);
#2769 = DEFINITIONAL_REPRESENTATION('',(#2770),#2774);
#2770 = CIRCLE('',#2771,24.95);
#2771 = AXIS2_PLACEMENT_2D('',#2772,#2773);
#2772 = CARTESIAN_POINT('',(0.,0.));
#2773 = DIRECTION('',(1.,0.));
#2774 = ( GEOMETRIC_REPRESENTATION_CONTEXT(2) 
PARAMETRIC_REPRESENTATION_CONTEXT() REPRESENTATION_CONTEXT('2D SPACE',''
  ) );
#2775 = PCURVE('',#1368,#2776);
#2776 = DEFINITIONAL_REPRESENTATION('',(#2777),#2781);
#2777 = LINE('',#2778,#2779);
#2778 = CARTESIAN_POINT('',(0.,37.98));
#2779 = VECTOR('',#2780,1.);
#2780 = DIRECTION('',(1.,0.));
#2781 = ( GEOMETRIC_REPRESENTATION_CONTEXT(2) 
PARAMETRIC_REPRESENTATION_CONTEXT() REPRESENTATION_CONTEXT('2D SPACE',''
  ) );
#2782 = ORIENTED_EDGE('',*,*,#2043,.T.);
#2783 = ORIENTED_EDGE('',*,*,#2784,.F.);
#2784 = EDGE_CURVE('',#1825,#2046,#2785,.T.);
#2785 = SURFACE_CURVE('',#2786,(#2790,#2796),.PCURVE_S1.);
#2786 = LINE('',#2787,#2788);
#2787 = CARTESIAN_POINT('',(13.585,-18.5669400209,13.489671540112));
#2788 = VECTOR('',#2789,1.);
#2789 = DIRECTION('',(-0.,0.587785252292,0.809016994375));
#2790 = PCURVE('',#1298,#2791);
#2791 = DEFINITIONAL_REPRESENTATION('',(#2792),#2795);
#2792 = B_SPLINE_CURVE_WITH_KNOTS('',1,(#2793,#2794),.UNSPECIFIED.,.F.,
  .F.,(2,2),(-6.237,6.237),.PIECEWISE_BEZIER_KNOTS.);
#2793 = CARTESIAN_POINT('',(-22.23295663945,8.443832546196));
#2794 = CARTESIAN_POINT('',(-14.90092340235,18.535510534029));
#2795 = ( GEOMETRIC_REPRESENTATION_CONTEXT(2) 
PARAMETRIC_REPRESENTATION_CONTEXT() REPRESENTATION_CONTEXT('2D SPACE',''
  ) );
#2796 = PCURVE('',#1861,#2797);
#2797 = DEFINITIONAL_REPRESENTATION('',(#2798),#2801);
#2798 = B_SPLINE_CURVE_WITH_KNOTS('',1,(#2799,#2800),.UNSPECIFIED.,.F.,
  .F.,(2,2),(-6.237,6.237),.PIECEWISE_BEZIER_KNOTS.);
#2799 = CARTESIAN_POINT('',(35.98,6.237));
#2800 = CARTESIAN_POINT('',(35.98,-6.237));
#2801 = ( GEOMETRIC_REPRESENTATION_CONTEXT(2) 
PARAMETRIC_REPRESENTATION_CONTEXT() REPRESENTATION_CONTEXT('2D SPACE',''
  ) );
#2802 = ORIENTED_EDGE('',*,*,#1822,.F.);
#2803 = ORIENTED_EDGE('',*,*,#2804,.T.);
#2804 = EDGE_CURVE('',#1823,#2624,#2805,.T.);
#2805 = SURFACE_CURVE('',#2806,(#2811,#2818),.PCURVE_S1.);
#2806 = CIRCLE('',#2807,24.95);
#2807 = AXIS2_PLACEMENT_3D('',#2808,#2809,#2810);
#2808 = CARTESIAN_POINT('',(13.585,0.,0.));
#2809 = DIRECTION('',(1.,0.,0.));
#2810 = DIRECTION('',(-0.,1.,0.));
#2811 = PCURVE('',#1298,#2812);
#2812 = DEFINITIONAL_REPRESENTATION('',(#2813),#2817);
#2813 = CIRCLE('',#2814,24.95);
#2814 = AXIS2_PLACEMENT_2D('',#2815,#2816);
#2815 = CARTESIAN_POINT('',(0.,0.));
#2816 = DIRECTION('',(1.,0.));
#2817 = ( GEOMETRIC_REPRESENTATION_CONTEXT(2) 
PARAMETRIC_REPRESENTATION_CONTEXT() REPRESENTATION_CONTEXT('2D SPACE',''
  ) );
#2818 = PCURVE('',#1368,#2819);
#2819 = DEFINITIONAL_REPRESENTATION('',(#2820),#2824);
#2820 = LINE('',#2821,#2822);
#2821 = CARTESIAN_POINT('',(0.,37.98));
#2822 = VECTOR('',#2823,1.);
#2823 = DIRECTION('',(1.,0.));
#2824 = ( GEOMETRIC_REPRESENTATION_CONTEXT(2) 
PARAMETRIC_REPRESENTATION_CONTEXT() REPRESENTATION_CONTEXT('2D SPACE',''
  ) );
#2825 = ORIENTED_EDGE('',*,*,#2623,.T.);
#2826 = ORIENTED_EDGE('',*,*,#2827,.F.);
#2827 = EDGE_CURVE('',#2405,#2626,#2828,.T.);
#2828 = SURFACE_CURVE('',#2829,(#2833,#2839),.PCURVE_S1.);
#2829 = LINE('',#2830,#2831);
#2830 = CARTESIAN_POINT('',(13.585,-18.5669400209,-13.48967154011));
#2831 = VECTOR('',#2832,1.);
#2832 = DIRECTION('',(0.,-0.587785252292,0.809016994375));
#2833 = PCURVE('',#1298,#2834);
#2834 = DEFINITIONAL_REPRESENTATION('',(#2835),#2838);
#2835 = B_SPLINE_CURVE_WITH_KNOTS('',1,(#2836,#2837),.UNSPECIFIED.,.F.,
  .F.,(2,2),(-6.237,6.237),.PIECEWISE_BEZIER_KNOTS.);
#2836 = CARTESIAN_POINT('',(-14.90092340235,-18.53551053402));
#2837 = CARTESIAN_POINT('',(-22.23295663945,-8.443832546196));
#2838 = ( GEOMETRIC_REPRESENTATION_CONTEXT(2) 
PARAMETRIC_REPRESENTATION_CONTEXT() REPRESENTATION_CONTEXT('2D SPACE',''
  ) );
#2839 = PCURVE('',#2441,#2840);
#2840 = DEFINITIONAL_REPRESENTATION('',(#2841),#2844);
#2841 = B_SPLINE_CURVE_WITH_KNOTS('',1,(#2842,#2843),.UNSPECIFIED.,.F.,
  .F.,(2,2),(-6.237,6.237),.PIECEWISE_BEZIER_KNOTS.);
#2842 = CARTESIAN_POINT('',(35.98,6.237));
#2843 = CARTESIAN_POINT('',(35.98,-6.237));
#2844 = ( GEOMETRIC_REPRESENTATION_CONTEXT(2) 
PARAMETRIC_REPRESENTATION_CONTEXT() REPRESENTATION_CONTEXT('2D SPACE',''
  ) );
#2845 = ORIENTED_EDGE('',*,*,#2402,.F.);
#2846 = ORIENTED_EDGE('',*,*,#2847,.T.);
#2847 = EDGE_CURVE('',#2403,#2280,#2848,.T.);
#2848 = SURFACE_CURVE('',#2849,(#2854,#2861),.PCURVE_S1.);
#2849 = CIRCLE('',#2850,24.95);
#2850 = AXIS2_PLACEMENT_3D('',#2851,#2852,#2853);
#2851 = CARTESIAN_POINT('',(13.585,0.,0.));
#2852 = DIRECTION('',(1.,0.,0.));
#2853 = DIRECTION('',(-0.,1.,0.));
#2854 = PCURVE('',#1298,#2855);
#2855 = DEFINITIONAL_REPRESENTATION('',(#2856),#2860);
#2856 = CIRCLE('',#2857,24.95);
#2857 = AXIS2_PLACEMENT_2D('',#2858,#2859);
#2858 = CARTESIAN_POINT('',(0.,0.));
#2859 = DIRECTION('',(1.,0.));
#2860 = ( GEOMETRIC_REPRESENTATION_CONTEXT(2) 
PARAMETRIC_REPRESENTATION_CONTEXT() REPRESENTATION_CONTEXT('2D SPACE',''
  ) );
#2861 = PCURVE('',#1368,#2862);
#2862 = DEFINITIONAL_REPRESENTATION('',(#2863),#2867);
#2863 = LINE('',#2864,#2865);
#2864 = CARTESIAN_POINT('',(0.,37.98));
#2865 = VECTOR('',#2866,1.);
#2866 = DIRECTION('',(1.,0.));
#2867 = ( GEOMETRIC_REPRESENTATION_CONTEXT(2) 
PARAMETRIC_REPRESENTATION_CONTEXT() REPRESENTATION_CONTEXT('2D SPACE',''
  ) );
#2868 = ORIENTED_EDGE('',*,*,#2279,.T.);
#2869 = ORIENTED_EDGE('',*,*,#2870,.F.);
#2870 = EDGE_CURVE('',#2115,#2282,#2871,.T.);
#2871 = SURFACE_CURVE('',#2872,(#2876,#2882),.PCURVE_S1.);
#2872 = LINE('',#2873,#2874);
#2873 = CARTESIAN_POINT('',(13.585,7.091940020905,-21.82674704897));
#2874 = VECTOR('',#2875,1.);
#2875 = DIRECTION('',(0.,-0.951056516295,-0.309016994375));
#2876 = PCURVE('',#1298,#2877);
#2877 = DEFINITIONAL_REPRESENTATION('',(#2878),#2881);
#2878 = B_SPLINE_CURVE_WITH_KNOTS('',1,(#2879,#2880),.UNSPECIFIED.,.F.,
  .F.,(2,2),(-6.237,6.237),.PIECEWISE_BEZIER_KNOTS.);
#2879 = CARTESIAN_POINT('',(13.023679513038,-19.89940805505));
#2880 = CARTESIAN_POINT('',(1.160200528772,-23.75408604289));
#2881 = ( GEOMETRIC_REPRESENTATION_CONTEXT(2) 
PARAMETRIC_REPRESENTATION_CONTEXT() REPRESENTATION_CONTEXT('2D SPACE',''
  ) );
#2882 = PCURVE('',#2151,#2883);
#2883 = DEFINITIONAL_REPRESENTATION('',(#2884),#2887);
#2884 = B_SPLINE_CURVE_WITH_KNOTS('',1,(#2885,#2886),.UNSPECIFIED.,.F.,
  .F.,(2,2),(-6.237,6.237),.PIECEWISE_BEZIER_KNOTS.);
#2885 = CARTESIAN_POINT('',(35.98,6.237));
#2886 = CARTESIAN_POINT('',(35.98,-6.237));
#2887 = ( GEOMETRIC_REPRESENTATION_CONTEXT(2) 
PARAMETRIC_REPRESENTATION_CONTEXT() REPRESENTATION_CONTEXT('2D SPACE',''
  ) );
#2888 = ORIENTED_EDGE('',*,*,#2112,.F.);
#2889 = ORIENTED_EDGE('',*,*,#2890,.T.);
#2890 = EDGE_CURVE('',#2113,#1464,#2891,.T.);
#2891 = SURFACE_CURVE('',#2892,(#2897,#2904),.PCURVE_S1.);
#2892 = CIRCLE('',#2893,24.95);
#2893 = AXIS2_PLACEMENT_3D('',#2894,#2895,#2896);
#2894 = CARTESIAN_POINT('',(13.585,0.,0.));
#2895 = DIRECTION('',(1.,0.,0.));
#2896 = DIRECTION('',(-0.,1.,0.));
#2897 = PCURVE('',#1298,#2898);
#2898 = DEFINITIONAL_REPRESENTATION('',(#2899),#2903);
#2899 = CIRCLE('',#2900,24.95);
#2900 = AXIS2_PLACEMENT_2D('',#2901,#2902);
#2901 = CARTESIAN_POINT('',(0.,0.));
#2902 = DIRECTION('',(1.,0.));
#2903 = ( GEOMETRIC_REPRESENTATION_CONTEXT(2) 
PARAMETRIC_REPRESENTATION_CONTEXT() REPRESENTATION_CONTEXT('2D SPACE',''
  ) );
#2904 = PCURVE('',#1368,#2905);
#2905 = DEFINITIONAL_REPRESENTATION('',(#2906),#2910);
#2906 = LINE('',#2907,#2908);
#2907 = CARTESIAN_POINT('',(0.,37.98));
#2908 = VECTOR('',#2909,1.);
#2909 = DIRECTION('',(1.,0.));
#2910 = ( GEOMETRIC_REPRESENTATION_CONTEXT(2) 
PARAMETRIC_REPRESENTATION_CONTEXT() REPRESENTATION_CONTEXT('2D SPACE',''
  ) );
#2911 = ORIENTED_EDGE('',*,*,#1463,.T.);
#2912 = ORIENTED_EDGE('',*,*,#2692,.F.);
#2913 = FACE_BOUND('',#2914,.T.);
#2914 = EDGE_LOOP('',(#2915));
#2915 = ORIENTED_EDGE('',*,*,#2916,.F.);
#2916 = EDGE_CURVE('',#2917,#2917,#2919,.T.);
#2917 = VERTEX_POINT('',#2918);
#2918 = CARTESIAN_POINT('',(13.585,12.865,-3.151016214206E-15));
#2919 = SURFACE_CURVE('',#2920,(#2925,#2932),.PCURVE_S1.);
#2920 = CIRCLE('',#2921,12.865);
#2921 = AXIS2_PLACEMENT_3D('',#2922,#2923,#2924);
#2922 = CARTESIAN_POINT('',(13.585,0.,0.));
#2923 = DIRECTION('',(1.,0.,0.));
#2924 = DIRECTION('',(-0.,1.,0.));
#2925 = PCURVE('',#1298,#2926);
#2926 = DEFINITIONAL_REPRESENTATION('',(#2927),#2931);
#2927 = CIRCLE('',#2928,12.865);
#2928 = AXIS2_PLACEMENT_2D('',#2929,#2930);
#2929 = CARTESIAN_POINT('',(0.,0.));
#2930 = DIRECTION('',(1.,0.));
#2931 = ( GEOMETRIC_REPRESENTATION_CONTEXT(2) 
PARAMETRIC_REPRESENTATION_CONTEXT() REPRESENTATION_CONTEXT('2D SPACE',''
  ) );
#2932 = PCURVE('',#2933,#2938);
#2933 = CYLINDRICAL_SURFACE('',#2934,12.865);
#2934 = AXIS2_PLACEMENT_3D('',#2935,#2936,#2937);
#2935 = CARTESIAN_POINT('',(-26.395,0.,0.));
#2936 = DIRECTION('',(1.,0.,0.));
#2937 = DIRECTION('',(0.,1.,0.));
#2938 = DEFINITIONAL_REPRESENTATION('',(#2939),#2943);
#2939 = LINE('',#2940,#2941);
#2940 = CARTESIAN_POINT('',(0.,39.98));
#2941 = VECTOR('',#2942,1.);
#2942 = DIRECTION('',(1.,0.));
#2943 = ( GEOMETRIC_REPRESENTATION_CONTEXT(2) 
PARAMETRIC_REPRESENTATION_CONTEXT() REPRESENTATION_CONTEXT('2D SPACE',''
  ) );
#2944 = ADVANCED_FACE('',(#2945),#1368,.T.);
#2945 = FACE_BOUND('',#2946,.T.);
#2946 = EDGE_LOOP('',(#2947,#2948,#2949,#2950,#2973,#3000,#3001,#3002,
    #3003,#3004,#3005,#3006,#3007,#3008,#3009,#3010,#3011,#3012,#3013,
    #3014,#3015,#3016,#3017,#3018));
#2947 = ORIENTED_EDGE('',*,*,#2718,.F.);
#2948 = ORIENTED_EDGE('',*,*,#1355,.F.);
#2949 = ORIENTED_EDGE('',*,*,#1433,.T.);
#2950 = ORIENTED_EDGE('',*,*,#2951,.F.);
#2951 = EDGE_CURVE('',#2952,#1407,#2954,.T.);
#2952 = VERTEX_POINT('',#2953);
#2953 = CARTESIAN_POINT('',(-24.395,24.95,-6.110987527745E-15));
#2954 = SEAM_CURVE('',#2955,(#2959,#2966),.PCURVE_S1.);
#2955 = LINE('',#2956,#2957);
#2956 = CARTESIAN_POINT('',(-24.395,24.95,-6.110987527745E-15));
#2957 = VECTOR('',#2958,1.);
#2958 = DIRECTION('',(1.,0.,0.));
#2959 = PCURVE('',#1368,#2960);
#2960 = DEFINITIONAL_REPRESENTATION('',(#2961),#2965);
#2961 = LINE('',#2962,#2963);
#2962 = CARTESIAN_POINT('',(6.28318530718,-0.));
#2963 = VECTOR('',#2964,1.);
#2964 = DIRECTION('',(0.,1.));
#2965 = ( GEOMETRIC_REPRESENTATION_CONTEXT(2) 
PARAMETRIC_REPRESENTATION_CONTEXT() REPRESENTATION_CONTEXT('2D SPACE',''
  ) );
#2966 = PCURVE('',#1368,#2967);
#2967 = DEFINITIONAL_REPRESENTATION('',(#2968),#2972);
#2968 = LINE('',#2969,#2970);
#2969 = CARTESIAN_POINT('',(0.,-0.));
#2970 = VECTOR('',#2971,1.);
#2971 = DIRECTION('',(0.,1.));
#2972 = ( GEOMETRIC_REPRESENTATION_CONTEXT(2) 
PARAMETRIC_REPRESENTATION_CONTEXT() REPRESENTATION_CONTEXT('2D SPACE',''
  ) );
#2973 = ORIENTED_EDGE('',*,*,#2974,.T.);
#2974 = EDGE_CURVE('',#2952,#2952,#2975,.T.);
#2975 = SURFACE_CURVE('',#2976,(#2981,#2988),.PCURVE_S1.);
#2976 = CIRCLE('',#2977,24.95);
#2977 = AXIS2_PLACEMENT_3D('',#2978,#2979,#2980);
#2978 = CARTESIAN_POINT('',(-24.395,0.,0.));
#2979 = DIRECTION('',(1.,0.,0.));
#2980 = DIRECTION('',(0.,1.,0.));
#2981 = PCURVE('',#1368,#2982);
#2982 = DEFINITIONAL_REPRESENTATION('',(#2983),#2987);
#2983 = LINE('',#2984,#2985);
#2984 = CARTESIAN_POINT('',(0.,0.));
#2985 = VECTOR('',#2986,1.);
#2986 = DIRECTION('',(1.,0.));
#2987 = ( GEOMETRIC_REPRESENTATION_CONTEXT(2) 
PARAMETRIC_REPRESENTATION_CONTEXT() REPRESENTATION_CONTEXT('2D SPACE',''
  ) );
#2988 = PCURVE('',#2989,#2994);
#2989 = PLANE('',#2990);
#2990 = AXIS2_PLACEMENT_3D('',#2991,#2992,#2993);
#2991 = CARTESIAN_POINT('',(-24.395,0.,0.));
#2992 = DIRECTION('',(1.,0.,0.));
#2993 = DIRECTION('',(0.,1.,0.));
#2994 = DEFINITIONAL_REPRESENTATION('',(#2995),#2999);
#2995 = CIRCLE('',#2996,24.95);
#2996 = AXIS2_PLACEMENT_2D('',#2997,#2998);
#2997 = CARTESIAN_POINT('',(0.,0.));
#2998 = DIRECTION('',(1.,0.));
#2999 = ( GEOMETRIC_REPRESENTATION_CONTEXT(2) 
PARAMETRIC_REPRESENTATION_CONTEXT() REPRESENTATION_CONTEXT('2D SPACE',''
  ) );
#3000 = ORIENTED_EDGE('',*,*,#2951,.T.);
#3001 = ORIENTED_EDGE('',*,*,#1406,.T.);
#3002 = ORIENTED_EDGE('',*,*,#1510,.T.);
#3003 = ORIENTED_EDGE('',*,*,#2890,.F.);
#3004 = ORIENTED_EDGE('',*,*,#2208,.F.);
#3005 = ORIENTED_EDGE('',*,*,#2372,.T.);
#3006 = ORIENTED_EDGE('',*,*,#2348,.T.);
#3007 = ORIENTED_EDGE('',*,*,#2847,.F.);
#3008 = ORIENTED_EDGE('',*,*,#2498,.F.);
#3009 = ORIENTED_EDGE('',*,*,#2544,.T.);
#3010 = ORIENTED_EDGE('',*,*,#2670,.T.);
#3011 = ORIENTED_EDGE('',*,*,#2804,.F.);
#3012 = ORIENTED_EDGE('',*,*,#1918,.F.);
#3013 = ORIENTED_EDGE('',*,*,#1964,.T.);
#3014 = ORIENTED_EDGE('',*,*,#2090,.T.);
#3015 = ORIENTED_EDGE('',*,*,#2761,.F.);
#3016 = ORIENTED_EDGE('',*,*,#1628,.F.);
#3017 = ORIENTED_EDGE('',*,*,#1674,.T.);
#3018 = ORIENTED_EDGE('',*,*,#1800,.T.);
#3019 = ADVANCED_FACE('',(#3020),#1571,.T.);
#3020 = FACE_BOUND('',#3021,.T.);
#3021 = EDGE_LOOP('',(#3022,#3023,#3024,#3025));
#3022 = ORIENTED_EDGE('',*,*,#2741,.T.);
#3023 = ORIENTED_EDGE('',*,*,#1776,.T.);
#3024 = ORIENTED_EDGE('',*,*,#1704,.T.);
#3025 = ORIENTED_EDGE('',*,*,#1555,.F.);
#3026 = ADVANCED_FACE('',(#3027),#1861,.T.);
#3027 = FACE_BOUND('',#3028,.T.);
#3028 = EDGE_LOOP('',(#3029,#3030,#3031,#3032));
#3029 = ORIENTED_EDGE('',*,*,#2784,.T.);
#3030 = ORIENTED_EDGE('',*,*,#2066,.T.);
#3031 = ORIENTED_EDGE('',*,*,#1994,.T.);
#3032 = ORIENTED_EDGE('',*,*,#1845,.F.);
#3033 = ADVANCED_FACE('',(#3034),#2151,.T.);
#3034 = FACE_BOUND('',#3035,.T.);
#3035 = EDGE_LOOP('',(#3036,#3037,#3038,#3039));
#3036 = ORIENTED_EDGE('',*,*,#2870,.T.);
#3037 = ORIENTED_EDGE('',*,*,#2302,.T.);
#3038 = ORIENTED_EDGE('',*,*,#2230,.T.);
#3039 = ORIENTED_EDGE('',*,*,#2135,.F.);
#3040 = ADVANCED_FACE('',(#3041),#2441,.T.);
#3041 = FACE_BOUND('',#3042,.T.);
#3042 = EDGE_LOOP('',(#3043,#3044,#3045,#3046));
#3043 = ORIENTED_EDGE('',*,*,#2827,.T.);
#3044 = ORIENTED_EDGE('',*,*,#2646,.T.);
#3045 = ORIENTED_EDGE('',*,*,#2574,.T.);
#3046 = ORIENTED_EDGE('',*,*,#2425,.F.);
#3047 = ADVANCED_FACE('',(#3048),#2933,.F.);
#3048 = FACE_BOUND('',#3049,.F.);
#3049 = EDGE_LOOP('',(#3050,#3074,#3095,#3096));
#3050 = ORIENTED_EDGE('',*,*,#3051,.T.);
#3051 = EDGE_CURVE('',#3052,#3052,#3054,.T.);
#3052 = VERTEX_POINT('',#3053);
#3053 = CARTESIAN_POINT('',(-24.395,12.865,-3.151016214206E-15));
#3054 = SURFACE_CURVE('',#3055,(#3060,#3067),.PCURVE_S1.);
#3055 = CIRCLE('',#3056,12.865);
#3056 = AXIS2_PLACEMENT_3D('',#3057,#3058,#3059);
#3057 = CARTESIAN_POINT('',(-24.395,0.,0.));
#3058 = DIRECTION('',(1.,0.,0.));
#3059 = DIRECTION('',(-0.,1.,0.));
#3060 = PCURVE('',#2933,#3061);
#3061 = DEFINITIONAL_REPRESENTATION('',(#3062),#3066);
#3062 = LINE('',#3063,#3064);
#3063 = CARTESIAN_POINT('',(0.,2.));
#3064 = VECTOR('',#3065,1.);
#3065 = DIRECTION('',(1.,0.));
#3066 = ( GEOMETRIC_REPRESENTATION_CONTEXT(2) 
PARAMETRIC_REPRESENTATION_CONTEXT() REPRESENTATION_CONTEXT('2D SPACE',''
  ) );
#3067 = PCURVE('',#2989,#3068);
#3068 = DEFINITIONAL_REPRESENTATION('',(#3069),#3073);
#3069 = CIRCLE('',#3070,12.865);
#3070 = AXIS2_PLACEMENT_2D('',#3071,#3072);
#3071 = CARTESIAN_POINT('',(0.,0.));
#3072 = DIRECTION('',(1.,0.));
#3073 = ( GEOMETRIC_REPRESENTATION_CONTEXT(2) 
PARAMETRIC_REPRESENTATION_CONTEXT() REPRESENTATION_CONTEXT('2D SPACE',''
  ) );
#3074 = ORIENTED_EDGE('',*,*,#3075,.T.);
#3075 = EDGE_CURVE('',#3052,#2917,#3076,.T.);
#3076 = SEAM_CURVE('',#3077,(#3081,#3088),.PCURVE_S1.);
#3077 = LINE('',#3078,#3079);
#3078 = CARTESIAN_POINT('',(-26.395,12.865,-3.151016214206E-15));
#3079 = VECTOR('',#3080,1.);
#3080 = DIRECTION('',(1.,0.,0.));
#3081 = PCURVE('',#2933,#3082);
#3082 = DEFINITIONAL_REPRESENTATION('',(#3083),#3087);
#3083 = LINE('',#3084,#3085);
#3084 = CARTESIAN_POINT('',(0.,-0.));
#3085 = VECTOR('',#3086,1.);
#3086 = DIRECTION('',(0.,1.));
#3087 = ( GEOMETRIC_REPRESENTATION_CONTEXT(2) 
PARAMETRIC_REPRESENTATION_CONTEXT() REPRESENTATION_CONTEXT('2D SPACE',''
  ) );
#3088 = PCURVE('',#2933,#3089);
#3089 = DEFINITIONAL_REPRESENTATION('',(#3090),#3094);
#3090 = LINE('',#3091,#3092);
#3091 = CARTESIAN_POINT('',(6.28318530718,-0.));
#3092 = VECTOR('',#3093,1.);
#3093 = DIRECTION('',(0.,1.));
#3094 = ( GEOMETRIC_REPRESENTATION_CONTEXT(2) 
PARAMETRIC_REPRESENTATION_CONTEXT() REPRESENTATION_CONTEXT('2D SPACE',''
  ) );
#3095 = ORIENTED_EDGE('',*,*,#2916,.F.);
#3096 = ORIENTED_EDGE('',*,*,#3075,.F.);
#3097 = ADVANCED_FACE('',(#3098,#3101),#2989,.F.);
#3098 = FACE_BOUND('',#3099,.F.);
#3099 = EDGE_LOOP('',(#3100));
#3100 = ORIENTED_EDGE('',*,*,#2974,.T.);
#3101 = FACE_BOUND('',#3102,.F.);
#3102 = EDGE_LOOP('',(#3103));
#3103 = ORIENTED_EDGE('',*,*,#3051,.F.);
#3104 = ( GEOMETRIC_REPRESENTATION_CONTEXT(3) 
GLOBAL_UNCERTAINTY_ASSIGNED_CONTEXT((#3108)) 
GLOBAL_UNIT_ASSIGNED_CONTEXT((#3105,#3106,#3107)) REPRESENTATION_CONTEXT
('Context #1','3D Context with UNIT and UNCERTAINTY') );
#3105 = ( LENGTH_UNIT() NAMED_UNIT(*) SI_UNIT(.MILLI.,.METRE.) );
#3106 = ( NAMED_UNIT(*) PLANE_ANGLE_UNIT() SI_UNIT($,.RADIAN.) );
#3107 = ( NAMED_UNIT(*) SI_UNIT($,.STERADIAN.) SOLID_ANGLE_UNIT() );
#3108 = UNCERTAINTY_MEASURE_WITH_UNIT(LENGTH_MEASURE(1.E-07),#3105,
  'distance_accuracy_value','confusion accuracy');
#3109 = PRODUCT_RELATED_PRODUCT_CATEGORY('part',$,(#7));
ENDSEC;
END-ISO-10303-21;
