ISO-10303-21;
HEADER;
FILE_DESCRIPTION(('Open CASCADE Model'),'2;1');
FILE_NAME('Open CASCADE Shape Model','2026-10-02T01:30:10',('Author'),(
    'Open CASCADE'),'Open CASCADE STEP processor 7.9','Open CASCADE 7.9'
  ,'Unknown');
FILE_SCHEMA(('AUTOMOTIVE_DESIGN { 1 0 10303 214 1 1 1 1 }'));
ENDSEC;
DATA;
#1 = APPLICATION_PROTOCOL_DEFINITION('international standard',
  'automotive_design',2000,#2);
#2 = APPLICATION_CONTEXT(
  'core data for automotive mechanical design processes');
#3 = SHAPE_DEFINITION_REPRESENTATION(#4,#10);
#4 = PRODUCT_DEFINITION_SHAPE('','',#5);
#5 = PRODUCT_DEFINITION('design','',#6,#9);
#6 = PRODUCT_DEFINITION_FORMATION('','',#7);
#7 = PRODUCT('Open CASCADE STEP translator 7.9 3',
  'Open CASCADE STEP translator 7.9 3','',(#8));
#8 = PRODUCT_CONTEXT('',#2,'mechanical');
#9 = PRODUCT_DEFINITION_CONTEXT('part definition',#2,'design');
#10 = ADVANCED_BREP_SHAPE_REPRESENTATION('',(#11,#15),#4724);
#11 = AXIS2_PLACEMENT_3D('',#12,#13,#14);
#12 = CARTESIAN_POINT('',(0.,0.,0.));
#13 = DIRECTION('',(0.,0.,1.));
#14 = DIRECTION('',(1.,0.,-0.));
#15 = MANIFOLD_SOLID_BREP('',#16);
#16 = CLOSED_SHELL('',(#17,#89,#142,#195,#254,#309,#4149,#4453,#4481,
    #4508,#4535,#4562,#4589,#4616,#4643,#4670,#4697));
#17 = ADVANCED_FACE('',(#18,#54),#31,.F.);
#18 = FACE_BOUND('',#19,.T.);
#19 = EDGE_LOOP('',(#20));
#20 = ORIENTED_EDGE('',*,*,#21,.F.);
#21 = EDGE_CURVE('',#22,#22,#24,.T.);
#22 = VERTEX_POINT('',#23);
#23 = CARTESIAN_POINT('',(71.032,0.,0.));
#24 = SURFACE_CURVE('',#25,(#30,#42),.PCURVE_S1.);
#25 = CIRCLE('',#26,71.032);
#26 = AXIS2_PLACEMENT_3D('',#27,#28,#29);
#27 = CARTESIAN_POINT('',(0.,0.,0.));
#28 = DIRECTION('',(-0.,1.,0.));
#29 = DIRECTION('',(1.,0.,0.));
#30 = PCURVE('',#31,#36);
#31 = PLANE('',#32);
#32 = AXIS2_PLACEMENT_3D('',#33,#34,#35);
#33 = CARTESIAN_POINT('',(0.,0.,0.));
#34 = DIRECTION('',(0.,1.,0.));
#35 = DIRECTION('',(1.,-0.,0.));
#36 = DEFINITIONAL_REPRESENTATION('',(#37),#41);
#37 = CIRCLE('',#38,71.032);
#38 = AXIS2_PLACEMENT_2D('',#39,#40);
#39 = CARTESIAN_POINT('',(0.,0.));
#40 = DIRECTION('',(1.,-0.));
#41 = ( GEOMETRIC_REPRESENTATION_CONTEXT(2) 
PARAMETRIC_REPRESENTATION_CONTEXT() REPRESENTATION_CONTEXT('2D SPACE',''
  ) );
#42 = PCURVE('',#43,#48);
#43 = CONICAL_SURFACE('',#44,73.7,0.785398163397);
#44 = AXIS2_PLACEMENT_3D('',#45,#46,#47);
#45 = CARTESIAN_POINT('',(0.,2.668,0.));
#46 = DIRECTION('',(-0.,1.,0.));
#47 = DIRECTION('',(1.,0.,0.));
#48 = DEFINITIONAL_REPRESENTATION('',(#49),#53);
#49 = LINE('',#50,#51);
#50 = CARTESIAN_POINT('',(0.,-2.668));
#51 = VECTOR('',#52,1.);
#52 = DIRECTION('',(1.,0.));
#53 = ( GEOMETRIC_REPRESENTATION_CONTEXT(2) 
PARAMETRIC_REPRESENTATION_CONTEXT() REPRESENTATION_CONTEXT('2D SPACE',''
  ) );
#54 = FACE_BOUND('',#55,.T.);
#55 = EDGE_LOOP('',(#56));
#56 = ORIENTED_EDGE('',*,*,#57,.F.);
#57 = EDGE_CURVE('',#58,#58,#60,.T.);
#58 = VERTEX_POINT('',#59);
#59 = CARTESIAN_POINT('',(67.368,0.,0.));
#60 = SURFACE_CURVE('',#61,(#66,#77),.PCURVE_S1.);
#61 = CIRCLE('',#62,67.368);
#62 = AXIS2_PLACEMENT_3D('',#63,#64,#65);
#63 = CARTESIAN_POINT('',(0.,0.,0.));
#64 = DIRECTION('',(0.,-1.,-0.));
#65 = DIRECTION('',(1.,0.,0.));
#66 = PCURVE('',#31,#67);
#67 = DEFINITIONAL_REPRESENTATION('',(#68),#76);
#68 = ( BOUNDED_CURVE() B_SPLINE_CURVE(2,(#69,#70,#71,#72,#73,#74,#75),
.UNSPECIFIED.,.T.,.F.) B_SPLINE_CURVE_WITH_KNOTS((1,2,2,2,2,1),(
    -2.094395102393,0.,2.094395102393,4.188790204786,6.28318530718,
8.377580409573),.UNSPECIFIED.) CURVE() GEOMETRIC_REPRESENTATION_ITEM() 
RATIONAL_B_SPLINE_CURVE((1.,0.5,1.,0.5,1.,0.5,1.)) REPRESENTATION_ITEM(
  '') );
#69 = CARTESIAN_POINT('',(67.368,0.));
#70 = CARTESIAN_POINT('',(67.368,-116.6847988043));
#71 = CARTESIAN_POINT('',(-33.684,-58.34239940215));
#72 = CARTESIAN_POINT('',(-134.736,-1.650040111299E-14));
#73 = CARTESIAN_POINT('',(-33.684,58.34239940215));
#74 = CARTESIAN_POINT('',(67.368,116.6847988043));
#75 = CARTESIAN_POINT('',(67.368,0.));
#76 = ( GEOMETRIC_REPRESENTATION_CONTEXT(2) 
PARAMETRIC_REPRESENTATION_CONTEXT() REPRESENTATION_CONTEXT('2D SPACE',''
  ) );
#77 = PCURVE('',#78,#83);
#78 = CONICAL_SURFACE('',#79,64.7,0.785398163397);
#79 = AXIS2_PLACEMENT_3D('',#80,#81,#82);
#80 = CARTESIAN_POINT('',(0.,2.668,0.));
#81 = DIRECTION('',(0.,-1.,-0.));
#82 = DIRECTION('',(1.,0.,0.));
#83 = DEFINITIONAL_REPRESENTATION('',(#84),#88);
#84 = LINE('',#85,#86);
#85 = CARTESIAN_POINT('',(-0.,2.668));
#86 = VECTOR('',#87,1.);
#87 = DIRECTION('',(1.,-0.));
#88 = ( GEOMETRIC_REPRESENTATION_CONTEXT(2) 
PARAMETRIC_REPRESENTATION_CONTEXT() REPRESENTATION_CONTEXT('2D SPACE',''
  ) );
#89 = ADVANCED_FACE('',(#90),#43,.T.);
#90 = FACE_BOUND('',#91,.T.);
#91 = EDGE_LOOP('',(#92,#113,#114,#115));
#92 = ORIENTED_EDGE('',*,*,#93,.F.);
#93 = EDGE_CURVE('',#22,#94,#96,.T.);
#94 = VERTEX_POINT('',#95);
#95 = CARTESIAN_POINT('',(73.7,2.668,0.));
#96 = SEAM_CURVE('',#97,(#101,#107),.PCURVE_S1.);
#97 = LINE('',#98,#99);
#98 = CARTESIAN_POINT('',(73.7,2.668,0.));
#99 = VECTOR('',#100,1.);
#100 = DIRECTION('',(0.707106781187,0.707106781187,0.));
#101 = PCURVE('',#43,#102);
#102 = DEFINITIONAL_REPRESENTATION('',(#103),#106);
#103 = B_SPLINE_CURVE_WITH_KNOTS('',1,(#104,#105),.UNSPECIFIED.,.F.,.F.,
  (2,2),(-3.773121784411,0.),.PIECEWISE_BEZIER_KNOTS.);
#104 = CARTESIAN_POINT('',(0.,-2.668));
#105 = CARTESIAN_POINT('',(0.,0.));
#106 = ( GEOMETRIC_REPRESENTATION_CONTEXT(2) 
PARAMETRIC_REPRESENTATION_CONTEXT() REPRESENTATION_CONTEXT('2D SPACE',''
  ) );
#107 = PCURVE('',#43,#108);
#108 = DEFINITIONAL_REPRESENTATION('',(#109),#112);
#109 = B_SPLINE_CURVE_WITH_KNOTS('',1,(#110,#111),.UNSPECIFIED.,.F.,.F.,
  (2,2),(-3.773121784411,0.),.PIECEWISE_BEZIER_KNOTS.);
#110 = CARTESIAN_POINT('',(6.28318530718,-2.668));
#111 = CARTESIAN_POINT('',(6.28318530718,0.));
#112 = ( GEOMETRIC_REPRESENTATION_CONTEXT(2) 
PARAMETRIC_REPRESENTATION_CONTEXT() REPRESENTATION_CONTEXT('2D SPACE',''
  ) );
#113 = ORIENTED_EDGE('',*,*,#21,.T.);
#114 = ORIENTED_EDGE('',*,*,#93,.T.);
#115 = ORIENTED_EDGE('',*,*,#116,.F.);
#116 = EDGE_CURVE('',#94,#94,#117,.T.);
#117 = SURFACE_CURVE('',#118,(#123,#130),.PCURVE_S1.);
#118 = CIRCLE('',#119,73.7);
#119 = AXIS2_PLACEMENT_3D('',#120,#121,#122);
#120 = CARTESIAN_POINT('',(0.,2.668,0.));
#121 = DIRECTION('',(-0.,1.,0.));
#122 = DIRECTION('',(1.,0.,0.));
#123 = PCURVE('',#43,#124);
#124 = DEFINITIONAL_REPRESENTATION('',(#125),#129);
#125 = LINE('',#126,#127);
#126 = CARTESIAN_POINT('',(0.,0.));
#127 = VECTOR('',#128,1.);
#128 = DIRECTION('',(1.,0.));
#129 = ( GEOMETRIC_REPRESENTATION_CONTEXT(2) 
PARAMETRIC_REPRESENTATION_CONTEXT() REPRESENTATION_CONTEXT('2D SPACE',''
  ) );
#130 = PCURVE('',#131,#136);
#131 = CYLINDRICAL_SURFACE('',#132,73.7);
#132 = AXIS2_PLACEMENT_3D('',#133,#134,#135);
#133 = CARTESIAN_POINT('',(0.,0.,0.));
#134 = DIRECTION('',(0.,1.,0.));
#135 = DIRECTION('',(1.,0.,0.));
#136 = DEFINITIONAL_REPRESENTATION('',(#137),#141);
#137 = LINE('',#138,#139);
#138 = CARTESIAN_POINT('',(0.,2.668));
#139 = VECTOR('',#140,1.);
#140 = DIRECTION('',(1.,0.));
#141 = ( GEOMETRIC_REPRESENTATION_CONTEXT(2) 
PARAMETRIC_REPRESENTATION_CONTEXT() REPRESENTATION_CONTEXT('2D SPACE',''
  ) );
#142 = ADVANCED_FACE('',(#143),#78,.F.);
#143 = FACE_BOUND('',#144,.T.);
#144 = EDGE_LOOP('',(#145,#166,#167,#168));
#145 = ORIENTED_EDGE('',*,*,#146,.F.);
#146 = EDGE_CURVE('',#58,#147,#149,.T.);
#147 = VERTEX_POINT('',#148);
#148 = CARTESIAN_POINT('',(64.7,2.668,0.));
#149 = SEAM_CURVE('',#150,(#154,#160),.PCURVE_S1.);
#150 = LINE('',#151,#152);
#151 = CARTESIAN_POINT('',(64.7,2.668,0.));
#152 = VECTOR('',#153,1.);
#153 = DIRECTION('',(-0.707106781187,0.707106781187,0.));
#154 = PCURVE('',#78,#155);
#155 = DEFINITIONAL_REPRESENTATION('',(#156),#159);
#156 = B_SPLINE_CURVE_WITH_KNOTS('',1,(#157,#158),.UNSPECIFIED.,.F.,.F.,
  (2,2),(-3.773121784411,0.),.PIECEWISE_BEZIER_KNOTS.);
#157 = CARTESIAN_POINT('',(0.,2.668));
#158 = CARTESIAN_POINT('',(0.,0.));
#159 = ( GEOMETRIC_REPRESENTATION_CONTEXT(2) 
PARAMETRIC_REPRESENTATION_CONTEXT() REPRESENTATION_CONTEXT('2D SPACE',''
  ) );
#160 = PCURVE('',#78,#161);
#161 = DEFINITIONAL_REPRESENTATION('',(#162),#165);
#162 = B_SPLINE_CURVE_WITH_KNOTS('',1,(#163,#164),.UNSPECIFIED.,.F.,.F.,
  (2,2),(-3.773121784411,0.),.PIECEWISE_BEZIER_KNOTS.);
#163 = CARTESIAN_POINT('',(6.28318530718,2.668));
#164 = CARTESIAN_POINT('',(6.28318530718,0.));
#165 = ( GEOMETRIC_REPRESENTATION_CONTEXT(2) 
PARAMETRIC_REPRESENTATION_CONTEXT() REPRESENTATION_CONTEXT('2D SPACE',''
  ) );
#166 = ORIENTED_EDGE('',*,*,#57,.T.);
#167 = ORIENTED_EDGE('',*,*,#146,.T.);
#168 = ORIENTED_EDGE('',*,*,#169,.F.);
#169 = EDGE_CURVE('',#147,#147,#170,.T.);
#170 = SURFACE_CURVE('',#171,(#176,#183),.PCURVE_S1.);
#171 = CIRCLE('',#172,64.7);
#172 = AXIS2_PLACEMENT_3D('',#173,#174,#175);
#173 = CARTESIAN_POINT('',(0.,2.668,0.));
#174 = DIRECTION('',(0.,-1.,-0.));
#175 = DIRECTION('',(1.,0.,0.));
#176 = PCURVE('',#78,#177);
#177 = DEFINITIONAL_REPRESENTATION('',(#178),#182);
#178 = LINE('',#179,#180);
#179 = CARTESIAN_POINT('',(0.,-0.));
#180 = VECTOR('',#181,1.);
#181 = DIRECTION('',(1.,-0.));
#182 = ( GEOMETRIC_REPRESENTATION_CONTEXT(2) 
PARAMETRIC_REPRESENTATION_CONTEXT() REPRESENTATION_CONTEXT('2D SPACE',''
  ) );
#183 = PCURVE('',#184,#189);
#184 = CYLINDRICAL_SURFACE('',#185,64.7);
#185 = AXIS2_PLACEMENT_3D('',#186,#187,#188);
#186 = CARTESIAN_POINT('',(0.,0.,0.));
#187 = DIRECTION('',(0.,-1.,-0.));
#188 = DIRECTION('',(1.,0.,0.));
#189 = DEFINITIONAL_REPRESENTATION('',(#190),#194);
#190 = LINE('',#191,#192);
#191 = CARTESIAN_POINT('',(0.,-2.668));
#192 = VECTOR('',#193,1.);
#193 = DIRECTION('',(1.,0.));
#194 = ( GEOMETRIC_REPRESENTATION_CONTEXT(2) 
PARAMETRIC_REPRESENTATION_CONTEXT() REPRESENTATION_CONTEXT('2D SPACE',''
  ) );
#195 = ADVANCED_FACE('',(#196),#131,.T.);
#196 = FACE_BOUND('',#197,.T.);
#197 = EDGE_LOOP('',(#198,#221,#222,#223));
#198 = ORIENTED_EDGE('',*,*,#199,.F.);
#199 = EDGE_CURVE('',#94,#200,#202,.T.);
#200 = VERTEX_POINT('',#201);
#201 = CARTESIAN_POINT('',(73.7,43.93,0.));
#202 = SEAM_CURVE('',#203,(#207,#214),.PCURVE_S1.);
#203 = LINE('',#204,#205);
#204 = CARTESIAN_POINT('',(73.7,0.,0.));
#205 = VECTOR('',#206,1.);
#206 = DIRECTION('',(0.,1.,0.));
#207 = PCURVE('',#131,#208);
#208 = DEFINITIONAL_REPRESENTATION('',(#209),#213);
#209 = LINE('',#210,#211);
#210 = CARTESIAN_POINT('',(0.,0.));
#211 = VECTOR('',#212,1.);
#212 = DIRECTION('',(0.,1.));
#213 = ( GEOMETRIC_REPRESENTATION_CONTEXT(2) 
PARAMETRIC_REPRESENTATION_CONTEXT() REPRESENTATION_CONTEXT('2D SPACE',''
  ) );
#214 = PCURVE('',#131,#215);
#215 = DEFINITIONAL_REPRESENTATION('',(#216),#220);
#216 = LINE('',#217,#218);
#217 = CARTESIAN_POINT('',(6.28318530718,0.));
#218 = VECTOR('',#219,1.);
#219 = DIRECTION('',(0.,1.));
#220 = ( GEOMETRIC_REPRESENTATION_CONTEXT(2) 
PARAMETRIC_REPRESENTATION_CONTEXT() REPRESENTATION_CONTEXT('2D SPACE',''
  ) );
#221 = ORIENTED_EDGE('',*,*,#116,.T.);
#222 = ORIENTED_EDGE('',*,*,#199,.T.);
#223 = ORIENTED_EDGE('',*,*,#224,.F.);
#224 = EDGE_CURVE('',#200,#200,#225,.T.);
#225 = SURFACE_CURVE('',#226,(#231,#238),.PCURVE_S1.);
#226 = CIRCLE('',#227,73.7);
#227 = AXIS2_PLACEMENT_3D('',#228,#229,#230);
#228 = CARTESIAN_POINT('',(0.,43.93,0.));
#229 = DIRECTION('',(-0.,1.,0.));
#230 = DIRECTION('',(1.,0.,0.));
#231 = PCURVE('',#131,#232);
#232 = DEFINITIONAL_REPRESENTATION('',(#233),#237);
#233 = LINE('',#234,#235);
#234 = CARTESIAN_POINT('',(0.,43.93));
#235 = VECTOR('',#236,1.);
#236 = DIRECTION('',(1.,0.));
#237 = ( GEOMETRIC_REPRESENTATION_CONTEXT(2) 
PARAMETRIC_REPRESENTATION_CONTEXT() REPRESENTATION_CONTEXT('2D SPACE',''
  ) );
#238 = PCURVE('',#239,#248);
#239 = SURFACE_OF_REVOLUTION('',#240,#245);
#240 = CIRCLE('',#241,73.699896800345);
#241 = AXIS2_PLACEMENT_3D('',#242,#243,#244);
#242 = CARTESIAN_POINT('',(1.031997274799E-04,43.930103199727,0.));
#243 = DIRECTION('',(0.,0.,1.));
#244 = DIRECTION('',(0.999999999999,-1.400269633335E-06,0.));
#245 = AXIS1_PLACEMENT('',#246,#247);
#246 = CARTESIAN_POINT('',(0.,0.,0.));
#247 = DIRECTION('',(0.,1.,0.));
#248 = DEFINITIONAL_REPRESENTATION('',(#249),#253);
#249 = LINE('',#250,#251);
#250 = CARTESIAN_POINT('',(0.,0.));
#251 = VECTOR('',#252,1.);
#252 = DIRECTION('',(1.,0.));
#253 = ( GEOMETRIC_REPRESENTATION_CONTEXT(2) 
PARAMETRIC_REPRESENTATION_CONTEXT() REPRESENTATION_CONTEXT('2D SPACE',''
  ) );
#254 = ADVANCED_FACE('',(#255),#184,.F.);
#255 = FACE_BOUND('',#256,.F.);
#256 = EDGE_LOOP('',(#257,#280,#307,#308));
#257 = ORIENTED_EDGE('',*,*,#258,.T.);
#258 = EDGE_CURVE('',#147,#259,#261,.T.);
#259 = VERTEX_POINT('',#260);
#260 = CARTESIAN_POINT('',(64.7,21.52,0.));
#261 = SEAM_CURVE('',#262,(#266,#273),.PCURVE_S1.);
#262 = LINE('',#263,#264);
#263 = CARTESIAN_POINT('',(64.7,0.,0.));
#264 = VECTOR('',#265,1.);
#265 = DIRECTION('',(-0.,1.,0.));
#266 = PCURVE('',#184,#267);
#267 = DEFINITIONAL_REPRESENTATION('',(#268),#272);
#268 = LINE('',#269,#270);
#269 = CARTESIAN_POINT('',(0.,0.));
#270 = VECTOR('',#271,1.);
#271 = DIRECTION('',(0.,-1.));
#272 = ( GEOMETRIC_REPRESENTATION_CONTEXT(2) 
PARAMETRIC_REPRESENTATION_CONTEXT() REPRESENTATION_CONTEXT('2D SPACE',''
  ) );
#273 = PCURVE('',#184,#274);
#274 = DEFINITIONAL_REPRESENTATION('',(#275),#279);
#275 = LINE('',#276,#277);
#276 = CARTESIAN_POINT('',(6.28318530718,0.));
#277 = VECTOR('',#278,1.);
#278 = DIRECTION('',(0.,-1.));
#279 = ( GEOMETRIC_REPRESENTATION_CONTEXT(2) 
PARAMETRIC_REPRESENTATION_CONTEXT() REPRESENTATION_CONTEXT('2D SPACE',''
  ) );
#280 = ORIENTED_EDGE('',*,*,#281,.T.);
#281 = EDGE_CURVE('',#259,#259,#282,.T.);
#282 = SURFACE_CURVE('',#283,(#288,#295),.PCURVE_S1.);
#283 = CIRCLE('',#284,64.7);
#284 = AXIS2_PLACEMENT_3D('',#285,#286,#287);
#285 = CARTESIAN_POINT('',(0.,21.52,0.));
#286 = DIRECTION('',(0.,-1.,-0.));
#287 = DIRECTION('',(1.,0.,0.));
#288 = PCURVE('',#184,#289);
#289 = DEFINITIONAL_REPRESENTATION('',(#290),#294);
#290 = LINE('',#291,#292);
#291 = CARTESIAN_POINT('',(0.,-21.52));
#292 = VECTOR('',#293,1.);
#293 = DIRECTION('',(1.,0.));
#294 = ( GEOMETRIC_REPRESENTATION_CONTEXT(2) 
PARAMETRIC_REPRESENTATION_CONTEXT() REPRESENTATION_CONTEXT('2D SPACE',''
  ) );
#295 = PCURVE('',#296,#301);
#296 = PLANE('',#297);
#297 = AXIS2_PLACEMENT_3D('',#298,#299,#300);
#298 = CARTESIAN_POINT('',(-5.4105822864E-15,21.52,2.769427356239E-15));
#299 = DIRECTION('',(-0.,-1.,-0.));
#300 = DIRECTION('',(0.,0.,-1.));
#301 = DEFINITIONAL_REPRESENTATION('',(#302),#306);
#302 = CIRCLE('',#303,64.7);
#303 = AXIS2_PLACEMENT_2D('',#304,#305);
#304 = CARTESIAN_POINT('',(2.769427356239E-15,5.4105822864E-15));
#305 = DIRECTION('',(0.,1.));
#306 = ( GEOMETRIC_REPRESENTATION_CONTEXT(2) 
PARAMETRIC_REPRESENTATION_CONTEXT() REPRESENTATION_CONTEXT('2D SPACE',''
  ) );
#307 = ORIENTED_EDGE('',*,*,#258,.F.);
#308 = ORIENTED_EDGE('',*,*,#169,.F.);
#309 = ADVANCED_FACE('',(#310,#679,#1063,#1447,#1838,#2222,#2606,#2990,
    #3381,#3765),#239,.T.);
#310 = FACE_BOUND('',#311,.T.);
#311 = EDGE_LOOP('',(#312,#336,#337,#338,#510,#534,#535));
#312 = ORIENTED_EDGE('',*,*,#313,.F.);
#313 = EDGE_CURVE('',#200,#314,#316,.T.);
#314 = VERTEX_POINT('',#315);
#315 = CARTESIAN_POINT('',(51.715,96.439571272815,0.));
#316 = SEAM_CURVE('',#317,(#322,#329),.PCURVE_S1.);
#317 = CIRCLE('',#318,73.699896800345);
#318 = AXIS2_PLACEMENT_3D('',#319,#320,#321);
#319 = CARTESIAN_POINT('',(1.031997274799E-04,43.930103199727,0.));
#320 = DIRECTION('',(0.,0.,1.));
#321 = DIRECTION('',(0.999999999999,-1.400269633335E-06,0.));
#322 = PCURVE('',#239,#323);
#323 = DEFINITIONAL_REPRESENTATION('',(#324),#328);
#324 = LINE('',#325,#326);
#325 = CARTESIAN_POINT('',(0.,0.));
#326 = VECTOR('',#327,1.);
#327 = DIRECTION('',(0.,1.));
#328 = ( GEOMETRIC_REPRESENTATION_CONTEXT(2) 
PARAMETRIC_REPRESENTATION_CONTEXT() REPRESENTATION_CONTEXT('2D SPACE',''
  ) );
#329 = PCURVE('',#239,#330);
#330 = DEFINITIONAL_REPRESENTATION('',(#331),#335);
#331 = LINE('',#332,#333);
#332 = CARTESIAN_POINT('',(6.28318530718,0.));
#333 = VECTOR('',#334,1.);
#334 = DIRECTION('',(0.,1.));
#335 = ( GEOMETRIC_REPRESENTATION_CONTEXT(2) 
PARAMETRIC_REPRESENTATION_CONTEXT() REPRESENTATION_CONTEXT('2D SPACE',''
  ) );
#336 = ORIENTED_EDGE('',*,*,#224,.T.);
#337 = ORIENTED_EDGE('',*,*,#313,.T.);
#338 = ORIENTED_EDGE('',*,*,#339,.T.);
#339 = EDGE_CURVE('',#314,#340,#342,.T.);
#340 = VERTEX_POINT('',#341);
#341 = CARTESIAN_POINT('',(43.685,103.28753390499,-4.916956898577E-16));
#342 = SURFACE_CURVE('',#343,(#395,#450),.PCURVE_S1.);
#343 = B_SPLINE_CURVE_WITH_KNOTS('',8,(#344,#345,#346,#347,#348,#349,
    #350,#351,#352,#353,#354,#355,#356,#357,#358,#359,#360,#361,#362,
    #363,#364,#365,#366,#367,#368,#369,#370,#371,#372,#373,#374,#375,
    #376,#377,#378,#379,#380,#381,#382,#383,#384,#385,#386,#387,#388,
    #389,#390,#391,#392,#393,#394),.UNSPECIFIED.,.F.,.F.,(9,7,7,7,7,7,7,
    9),(0.,0.188739251793,0.318187845373,0.484074060292,0.697954730204,
    0.817029074252,0.897253953681,1.),.UNSPECIFIED.);
#344 = CARTESIAN_POINT('',(51.715,96.439571272815,1.266652184358E-14));
#345 = CARTESIAN_POINT('',(51.715,96.439571272815,0.385281355979));
#346 = CARTESIAN_POINT('',(51.672741531459,96.477958902222,
    0.768266201499));
#347 = CARTESIAN_POINT('',(51.58914609773,96.55389878968,1.134211358229)
  );
#348 = CARTESIAN_POINT('',(51.471495416357,96.660611800443,
    1.476285637402));
#349 = CARTESIAN_POINT('',(51.326627819171,96.791610093872,
    1.790477931949));
#350 = CARTESIAN_POINT('',(51.161478432877,96.940422044521,2.0758448479)
  );
#351 = CARTESIAN_POINT('',(50.981304995563,97.102164128068,
    2.333149776181));
#352 = CARTESIAN_POINT('',(50.65769140289,97.391539149939,2.72300861084)
  );
#353 = CARTESIAN_POINT('',(50.520201237336,97.514185814473,
    2.869708064002));
#354 = CARTESIAN_POINT('',(50.377792896861,97.640889943472,
    3.005142713527));
#355 = CARTESIAN_POINT('',(50.231222773931,97.770941373003,
    3.129817115967));
#356 = CARTESIAN_POINT('',(50.081120207655,97.90375206671,3.244181907841
    ));
#357 = CARTESIAN_POINT('',(49.927994836058,98.03884772768,3.348654182097
    ));
#358 = CARTESIAN_POINT('',(49.772232925109,98.175868723324,3.44360827009
    ));
#359 = CARTESIAN_POINT('',(49.411448195814,98.492308280429,
    3.639274005235));
#360 = CARTESIAN_POINT('',(49.205044421822,98.672678441889,
    3.734004851715));
#361 = CARTESIAN_POINT('',(48.995528530606,98.855079946739,
    3.814240508006));
#362 = CARTESIAN_POINT('',(48.783467566577,99.038992855028,
    3.880418961059));
#363 = CARTESIAN_POINT('',(48.5693693825,99.223959238714,3.932843232692)
  );
#364 = CARTESIAN_POINT('',(48.353687370269,99.409577415598,3.97171341079
    ));
#365 = CARTESIAN_POINT('',(48.136819644243,99.595500989412,
    3.997118092931));
#366 = CARTESIAN_POINT('',(47.638410265583,100.02116810885,
    4.024358198707));
#367 = CARTESIAN_POINT('',(47.356589536406,100.2606814341,4.017232290583
    ));
#368 = CARTESIAN_POINT('',(47.074279565117,100.49944031996,
    3.987635327215));
#369 = CARTESIAN_POINT('',(46.792333219587,100.73673491214,3.93512342581
    ));
#370 = CARTESIAN_POINT('',(46.511817618362,100.97169425442,
    3.859004428548));
#371 = CARTESIAN_POINT('',(46.234035819754,101.20327479385,
    3.758293472873));
#372 = CARTESIAN_POINT('',(45.960526881304,101.43026523824,
    3.631770135418));
#373 = CARTESIAN_POINT('',(45.544300754483,101.77422848038,
    3.391566435615));
#374 = CARTESIAN_POINT('',(45.397448258287,101.89528565014,
    3.297110371253));
#375 = CARTESIAN_POINT('',(45.252913718235,102.01414435225,
    3.193783698932));
#376 = CARTESIAN_POINT('',(45.111129908994,102.1304665615,3.081243481137
    ));
#377 = CARTESIAN_POINT('',(44.972640368202,102.2438274463,2.959142419159
    ));
#378 = CARTESIAN_POINT('',(44.83809847945,102.35371741074,2.827136647933
    ));
#379 = CARTESIAN_POINT('',(44.708271700325,102.45953939239,
    2.684881084153));
#380 = CARTESIAN_POINT('',(44.500358718184,102.62869071517,
    2.429018877197));
#381 = CARTESIAN_POINT('',(44.419228549957,102.69460514081,
    2.321249232535));
#382 = CARTESIAN_POINT('',(44.340954655569,102.75811558122,
    2.208586503703));
#383 = CARTESIAN_POINT('',(44.265868024978,102.81896419983,
    2.090966002125));
#384 = CARTESIAN_POINT('',(44.194336413358,102.87686443503,
    1.968375240637));
#385 = CARTESIAN_POINT('',(44.126764341097,102.93150100021,
    1.840853933481));
#386 = CARTESIAN_POINT('',(44.063593093803,102.98252988375,
    1.708493996312));
#387 = CARTESIAN_POINT('',(43.930644197468,103.08983451677,
    1.395910421303));
#388 = CARTESIAN_POINT('',(43.86378735105,103.14372152757,1.212522269097
    ));
#389 = CARTESIAN_POINT('',(43.806047535109,103.19020986332,
    1.021843855118));
#390 = CARTESIAN_POINT('',(43.758524798355,103.22843994341,
    0.824743878444));
#391 = CARTESIAN_POINT('',(43.722101886144,103.25772212464,
    0.622390971686));
#392 = CARTESIAN_POINT('',(43.697444240478,103.27753670126,
    0.416253700987));
#393 = CARTESIAN_POINT('',(43.685,103.28753390499,0.208100566022));
#394 = CARTESIAN_POINT('',(43.685,103.28753390499,1.069973908415E-14));
#395 = PCURVE('',#239,#396);
#396 = DEFINITIONAL_REPRESENTATION('',(#397),#449);
#397 = B_SPLINE_CURVE_WITH_KNOTS('',8,(#398,#399,#400,#401,#402,#403,
    #404,#405,#406,#407,#408,#409,#410,#411,#412,#413,#414,#415,#416,
    #417,#418,#419,#420,#421,#422,#423,#424,#425,#426,#427,#428,#429,
    #430,#431,#432,#433,#434,#435,#436,#437,#438,#439,#440,#441,#442,
    #443,#444,#445,#446,#447,#448),.UNSPECIFIED.,.F.,.F.,(9,7,7,7,7,7,7,
    9),(0.,0.188739251793,0.318187845373,0.484074060292,0.697954730204,
    0.817029074252,0.897253953681,1.),.UNSPECIFIED.);
#398 = CARTESIAN_POINT('',(6.28318530718,0.793023077428));
#399 = CARTESIAN_POINT('',(6.275735218115,0.793023077428));
#400 = CARTESIAN_POINT('',(6.268329544843,0.793765374898));
#401 = CARTESIAN_POINT('',(6.261230211265,0.795233782846));
#402 = CARTESIAN_POINT('',(6.254547687152,0.797300489848));
#403 = CARTESIAN_POINT('',(6.248352308514,0.799845536925));
#404 = CARTESIAN_POINT('',(6.242662731051,0.802747484666));
#405 = CARTESIAN_POINT('',(6.237469136082,0.805914350569));
#406 = CARTESIAN_POINT('',(6.229491764673,0.811604666947));
#407 = CARTESIAN_POINT('',(6.226456370632,0.814022835119));
#408 = CARTESIAN_POINT('',(6.223619820762,0.81652823557));
#409 = CARTESIAN_POINT('',(6.220973910161,0.819107746578));
#410 = CARTESIAN_POINT('',(6.218511665464,0.821750488158));
#411 = CARTESIAN_POINT('',(6.216226832299,0.824447689211));
#412 = CARTESIAN_POINT('',(6.214113967201,0.82719275216));
#413 = CARTESIAN_POINT('',(6.209675383959,0.833554705783));
#414 = CARTESIAN_POINT('',(6.207458928336,0.837196968155));
#415 = CARTESIAN_POINT('',(6.205509859656,0.840897171868));
#416 = CARTESIAN_POINT('',(6.203823852595,0.844645776882));
#417 = CARTESIAN_POINT('',(6.202399488822,0.848434282466));
#418 = CARTESIAN_POINT('',(6.201237619615,0.852255134724));
#419 = CARTESIAN_POINT('',(6.200341554338,0.856101735118));
#420 = CARTESIAN_POINT('',(6.198912918652,0.864953863504));
#421 = CARTESIAN_POINT('',(6.198561331449,0.869967749122));
#422 = CARTESIAN_POINT('',(6.198674215437,0.874999785848));
#423 = CARTESIAN_POINT('',(6.199273356657,0.880035688268));
#424 = CARTESIAN_POINT('',(6.200387304576,0.885057210314));
#425 = CARTESIAN_POINT('',(6.202052576883,0.890041624888));
#426 = CARTESIAN_POINT('',(6.204312225877,0.894961557541));
#427 = CARTESIAN_POINT('',(6.208849580647,0.902467544171));
#428 = CARTESIAN_POINT('',(6.210674215676,0.905119634209));
#429 = CARTESIAN_POINT('',(6.212710774052,0.907733714497));
#430 = CARTESIAN_POINT('',(6.214970031607,0.910301882992));
#431 = CARTESIAN_POINT('',(6.217463046528,0.912814154058));
#432 = CARTESIAN_POINT('',(6.220200848545,0.915258447241));
#433 = CARTESIAN_POINT('',(6.223194333147,0.917620488234));
#434 = CARTESIAN_POINT('',(6.228650764515,0.921408380634));
#435 = CARTESIAN_POINT('',(6.230967173829,0.922887928027));
#436 = CARTESIAN_POINT('',(6.233407217628,0.924316772331));
#437 = CARTESIAN_POINT('',(6.235973114453,0.925688722404));
#438 = CARTESIAN_POINT('',(6.238665672535,0.926996887815));
#439 = CARTESIAN_POINT('',(6.241484289794,0.928233678846));
#440 = CARTESIAN_POINT('',(6.244426953836,0.929390806486));
#441 = CARTESIAN_POINT('',(6.251413473075,0.9318277068));
#442 = CARTESIAN_POINT('',(6.255538136106,0.933054522557));
#443 = CARTESIAN_POINT('',(6.259850538773,0.934114974097));
#444 = CARTESIAN_POINT('',(6.264328930088,0.934988383057));
#445 = CARTESIAN_POINT('',(6.268943500351,0.935658148325));
#446 = CARTESIAN_POINT('',(6.273656381153,0.936111746036));
#447 = CARTESIAN_POINT('',(6.278421645373,0.936340729575));
#448 = CARTESIAN_POINT('',(6.28318530718,0.936340729575));
#449 = ( GEOMETRIC_REPRESENTATION_CONTEXT(2) 
PARAMETRIC_REPRESENTATION_CONTEXT() REPRESENTATION_CONTEXT('2D SPACE',''
  ) );
#450 = PCURVE('',#451,#456);
#451 = CYLINDRICAL_SURFACE('',#452,4.015);
#452 = AXIS2_PLACEMENT_3D('',#453,#454,#455);
#453 = CARTESIAN_POINT('',(47.7,0.,0.));
#454 = DIRECTION('',(0.,1.,0.));
#455 = DIRECTION('',(-1.,0.,0.));
#456 = DEFINITIONAL_REPRESENTATION('',(#457),#509);
#457 = B_SPLINE_CURVE_WITH_KNOTS('',8,(#458,#459,#460,#461,#462,#463,
    #464,#465,#466,#467,#468,#469,#470,#471,#472,#473,#474,#475,#476,
    #477,#478,#479,#480,#481,#482,#483,#484,#485,#486,#487,#488,#489,
    #490,#491,#492,#493,#494,#495,#496,#497,#498,#499,#500,#501,#502,
    #503,#504,#505,#506,#507,#508),.UNSPECIFIED.,.F.,.F.,(9,7,7,7,7,7,7,
    9),(0.,0.188739251793,0.318187845373,0.484074060292,0.697954730204,
    0.817029074252,0.897253953681,1.),.UNSPECIFIED.);
#458 = CARTESIAN_POINT('',(3.14159265359,96.439571272815));
#459 = CARTESIAN_POINT('',(3.045632166422,96.439571272815));
#460 = CARTESIAN_POINT('',(2.950244364651,96.477958902222));
#461 = CARTESIAN_POINT('',(2.857748845369,96.55389878968));
#462 = CARTESIAN_POINT('',(2.768593267546,96.660611800443));
#463 = CARTESIAN_POINT('',(2.683210613132,96.791610093872));
#464 = CARTESIAN_POINT('',(2.601604788252,96.940422044521));
#465 = CARTESIAN_POINT('',(2.523632838918,97.102164128068));
#466 = CARTESIAN_POINT('',(2.39743827755,97.391539149939));
#467 = CARTESIAN_POINT('',(2.347452249378,97.514185814473));
#468 = CARTESIAN_POINT('',(2.298636604213,97.640889943472));
#469 = CARTESIAN_POINT('',(2.250853964675,97.770941373003));
#470 = CARTESIAN_POINT('',(2.203985184207,97.90375206671));
#471 = CARTESIAN_POINT('',(2.157917730823,98.03884772768));
#472 = CARTESIAN_POINT('',(2.112540424814,98.175868723324));
#473 = CARTESIAN_POINT('',(2.010316897773,98.492308280429));
#474 = CARTESIAN_POINT('',(1.953878488884,98.672678441889));
#475 = CARTESIAN_POINT('',(1.89819153816,98.855079946739));
#476 = CARTESIAN_POINT('',(1.843080570145,99.038992855028));
#477 = CARTESIAN_POINT('',(1.788391954976,99.223959238714));
#478 = CARTESIAN_POINT('',(1.733980457546,99.409577415598));
#479 = CARTESIAN_POINT('',(1.67970129899,99.595500989412));
#480 = CARTESIAN_POINT('',(1.555379203086,100.02116810885));
#481 = CARTESIAN_POINT('',(1.485388635142,100.2606814341));
#482 = CARTESIAN_POINT('',(1.415059201331,100.49944031996));
#483 = CARTESIAN_POINT('',(1.344085823636,100.73673491214));
#484 = CARTESIAN_POINT('',(1.272179030257,100.97169425442));
#485 = CARTESIAN_POINT('',(1.199025657878,101.20327479385));
#486 = CARTESIAN_POINT('',(1.124272809778,101.43026523824));
#487 = CARTESIAN_POINT('',(1.004580591103,101.77422848038));
#488 = CARTESIAN_POINT('',(0.961142281843,101.89528565014));
#489 = CARTESIAN_POINT('',(0.916980482183,102.01414435225));
#490 = CARTESIAN_POINT('',(0.872010860801,102.1304665615));
#491 = CARTESIAN_POINT('',(0.826152852002,102.2438274463));
#492 = CARTESIAN_POINT('',(0.779324603885,102.35371741074));
#493 = CARTESIAN_POINT('',(0.731435358445,102.45953939239));
#494 = CARTESIAN_POINT('',(0.64932162627,102.62869071517));
#495 = CARTESIAN_POINT('',(0.615746596058,102.69460514081));
#496 = CARTESIAN_POINT('',(0.58162015841,102.75811558122));
#497 = CARTESIAN_POINT('',(0.546919121791,102.81896419983));
#498 = CARTESIAN_POINT('',(0.511627117737,102.87686443503));
#499 = CARTESIAN_POINT('',(0.475734600854,102.93150100021));
#500 = CARTESIAN_POINT('',(0.43923884882,102.98252988375));
#501 = CARTESIAN_POINT('',(0.354635596562,103.08983451677));
#502 = CARTESIAN_POINT('',(0.306103316092,103.14372152757));
#503 = CARTESIAN_POINT('',(0.256611591676,103.19020986332));
#504 = CARTESIAN_POINT('',(0.206267497085,103.22843994341));
#505 = CARTESIAN_POINT('',(0.155220709166,103.25772212464));
#506 = CARTESIAN_POINT('',(0.103663507839,103.27753670126));
#507 = CARTESIAN_POINT('',(5.18307760952E-02,103.28753390499));
#508 = CARTESIAN_POINT('',(0.,103.28753390499));
#509 = ( GEOMETRIC_REPRESENTATION_CONTEXT(2) 
PARAMETRIC_REPRESENTATION_CONTEXT() REPRESENTATION_CONTEXT('2D SPACE',''
  ) );
#510 = ORIENTED_EDGE('',*,*,#511,.T.);
#511 = EDGE_CURVE('',#340,#512,#514,.T.);
#512 = VERTEX_POINT('',#513);
#513 = CARTESIAN_POINT('',(1.191353873192E-14,117.63,0.));
#514 = SEAM_CURVE('',#515,(#520,#527),.PCURVE_S1.);
#515 = CIRCLE('',#516,73.699896800345);
#516 = AXIS2_PLACEMENT_3D('',#517,#518,#519);
#517 = CARTESIAN_POINT('',(1.031997274799E-04,43.930103199727,0.));
#518 = DIRECTION('',(0.,0.,1.));
#519 = DIRECTION('',(0.999999999999,-1.400269633335E-06,0.));
#520 = PCURVE('',#239,#521);
#521 = DEFINITIONAL_REPRESENTATION('',(#522),#526);
#522 = LINE('',#523,#524);
#523 = CARTESIAN_POINT('',(6.28318530718,0.));
#524 = VECTOR('',#525,1.);
#525 = DIRECTION('',(0.,1.));
#526 = ( GEOMETRIC_REPRESENTATION_CONTEXT(2) 
PARAMETRIC_REPRESENTATION_CONTEXT() REPRESENTATION_CONTEXT('2D SPACE',''
  ) );
#527 = PCURVE('',#239,#528);
#528 = DEFINITIONAL_REPRESENTATION('',(#529),#533);
#529 = LINE('',#530,#531);
#530 = CARTESIAN_POINT('',(0.,0.));
#531 = VECTOR('',#532,1.);
#532 = DIRECTION('',(0.,1.));
#533 = ( GEOMETRIC_REPRESENTATION_CONTEXT(2) 
PARAMETRIC_REPRESENTATION_CONTEXT() REPRESENTATION_CONTEXT('2D SPACE',''
  ) );
#534 = ORIENTED_EDGE('',*,*,#511,.F.);
#535 = ORIENTED_EDGE('',*,*,#536,.T.);
#536 = EDGE_CURVE('',#340,#314,#537,.T.);
#537 = SURFACE_CURVE('',#538,(#583,#631),.PCURVE_S1.);
#538 = B_SPLINE_CURVE_WITH_KNOTS('',8,(#539,#540,#541,#542,#543,#544,
    #545,#546,#547,#548,#549,#550,#551,#552,#553,#554,#555,#556,#557,
    #558,#559,#560,#561,#562,#563,#564,#565,#566,#567,#568,#569,#570,
    #571,#572,#573,#574,#575,#576,#577,#578,#579,#580,#581,#582),
  .UNSPECIFIED.,.F.,.F.,(9,7,7,7,7,7,9),(0.,9.921693588366E-02,
    0.308559227211,0.519812346485,0.73054448163,0.832563236542,1.),
  .UNSPECIFIED.);
#539 = CARTESIAN_POINT('',(43.685,103.28753390499,0.));
#540 = CARTESIAN_POINT('',(43.685,103.28753390499,-0.201324179673));
#541 = CARTESIAN_POINT('',(43.696623313489,103.27819583905,
    -0.402630118813));
#542 = CARTESIAN_POINT('',(43.719685383059,103.25966334074,
    -0.602101932541));
#543 = CARTESIAN_POINT('',(43.753799748353,103.23223797538,
    -0.798164198006));
#544 = CARTESIAN_POINT('',(43.798378046066,103.19637924005,
    -0.989481954386));
#545 = CARTESIAN_POINT('',(43.852630009941,103.1527045636,
    -1.174960702891));
#546 = CARTESIAN_POINT('',(43.915563470773,103.10198930662,
    -1.353746406757));
#547 = CARTESIAN_POINT('',(44.134568561564,102.92527430868,
    -1.887036951591));
#548 = CARTESIAN_POINT('',(44.31644478002,102.77824066187,
    -2.215286714722));
#549 = CARTESIAN_POINT('',(44.523729628332,102.61020677484,
    -2.509631753253));
#550 = CARTESIAN_POINT('',(44.749944344074,102.42618998468,
    -2.770481517507));
#551 = CARTESIAN_POINT('',(44.989736680495,102.23036486132,
    -2.999338985049));
#552 = CARTESIAN_POINT('',(45.239195525935,102.02580398949,
    -3.198196056832));
#553 = CARTESIAN_POINT('',(45.495852399516,101.81444486499,
    -3.369313201133));
#554 = CARTESIAN_POINT('',(46.02438717501,101.37725956241,
    -3.661217828986));
#555 = CARTESIAN_POINT('',(46.295477589483,101.1520675425,
    -3.781032622325));
#556 = CARTESIAN_POINT('',(46.570469711995,100.9226071848,
    -3.875867998996));
#557 = CARTESIAN_POINT('',(46.847930754877,100.69000776258,
    -3.94686460059));
#558 = CARTESIAN_POINT('',(47.126640026099,100.45524850564,
    -3.99493107364));
#559 = CARTESIAN_POINT('',(47.405586637276,100.21915614521,
    -4.020699521246));
#560 = CARTESIAN_POINT('',(47.683949804422,99.98241563262,
    -4.024562979531));
#561 = CARTESIAN_POINT('',(48.237571456438,99.509290494615,
    -3.988483634812));
#562 = CARTESIAN_POINT('',(48.51245175422,99.273234728717,
    -3.948673758862));
#563 = CARTESIAN_POINT('',(48.785178611158,99.037879873615,
    -3.887156530921));
#564 = CARTESIAN_POINT('',(49.054958553427,98.803920952582,
    -3.803608266997));
#565 = CARTESIAN_POINT('',(49.320794251128,98.572248717565,
    -3.697469904563));
#566 = CARTESIAN_POINT('',(49.581460367861,98.343979437295,
    -3.567858756595));
#567 = CARTESIAN_POINT('',(49.835517424524,98.120449609313,
    -3.413631150092));
#568 = CARTESIAN_POINT('',(50.200095703563,97.798246487404,
    -3.145085557928));
#569 = CARTESIAN_POINT('',(50.316980254471,97.694713594679,
    -3.051276146728));
#570 = CARTESIAN_POINT('',(50.431621172548,97.592941879219,
    -2.951034380131));
#571 = CARTESIAN_POINT('',(50.543742700678,97.493189399729,
    -2.844124182009));
#572 = CARTESIAN_POINT('',(50.653001021906,97.395777635289,
    -2.73030429789));
#573 = CARTESIAN_POINT('',(50.758984635168,97.301092045888,
    -2.609329251524));
#574 = CARTESIAN_POINT('',(50.861210841017,97.2095858171,-2.480942373918
    ));
#575 = CARTESIAN_POINT('',(51.119807558866,96.977687940305,
    -2.121519218634));
#576 = CARTESIAN_POINT('',(51.269334292647,96.843152654241,
    -1.876785148605));
#577 = CARTESIAN_POINT('',(51.404837650314,96.720851945428,
    -1.609609471328));
#578 = CARTESIAN_POINT('',(51.522030575796,96.614766016617,
    -1.31991624105));
#579 = CARTESIAN_POINT('',(51.616097580923,96.529416896375,
    -1.009226528631));
#580 = CARTESIAN_POINT('',(51.681900520821,96.469638403652,
    -0.680914293694));
#581 = CARTESIAN_POINT('',(51.715,96.439571272815,-0.340951551989));
#582 = CARTESIAN_POINT('',(51.715,96.439571272815,0.));
#583 = PCURVE('',#239,#584);
#584 = DEFINITIONAL_REPRESENTATION('',(#585),#630);
#585 = B_SPLINE_CURVE_WITH_KNOTS('',8,(#586,#587,#588,#589,#590,#591,
    #592,#593,#594,#595,#596,#597,#598,#599,#600,#601,#602,#603,#604,
    #605,#606,#607,#608,#609,#610,#611,#612,#613,#614,#615,#616,#617,
    #618,#619,#620,#621,#622,#623,#624,#625,#626,#627,#628,#629),
  .UNSPECIFIED.,.F.,.F.,(9,7,7,7,7,7,9),(0.,9.921693588366E-02,
    0.308559227211,0.519812346485,0.73054448163,0.832563236542,1.),
  .UNSPECIFIED.);
#586 = CARTESIAN_POINT('',(0.,0.936340729575));
#587 = CARTESIAN_POINT('',(4.608542512837E-03,0.936340729575));
#588 = CARTESIAN_POINT('',(9.217020195255E-03,0.936126859516));
#589 = CARTESIAN_POINT('',(1.377788290771E-02,0.935702616011));
#590 = CARTESIAN_POINT('',(1.82501184609E-02,0.935075284288));
#591 = CARTESIAN_POINT('',(2.259925261572E-02,0.934255938184));
#592 = CARTESIAN_POINT('',(2.679734908332E-02,0.933259440154));
#593 = CARTESIAN_POINT('',(3.082300952507E-02,0.932104441264));
#594 = CARTESIAN_POINT('',(4.276011106455E-02,0.928089315273));
#595 = CARTESIAN_POINT('',(5.000281317115E-02,0.924759967812));
#596 = CARTESIAN_POINT('',(5.637517176506E-02,0.920973691331));
#597 = CARTESIAN_POINT('',(6.189688416788E-02,0.916852547172));
#598 = CARTESIAN_POINT('',(6.662117537039E-02,0.912496203489));
#599 = CARTESIAN_POINT('',(7.061258747499E-02,0.907976655833));
#600 = CARTESIAN_POINT('',(7.393892421867E-02,0.903338956093));
#601 = CARTESIAN_POINT('',(7.939874797024E-02,0.893812891593));
#602 = CARTESIAN_POINT('',(8.151173957883E-02,0.8889389375));
#603 = CARTESIAN_POINT('',(8.305206537706E-02,0.884006833486));
#604 = CARTESIAN_POINT('',(8.406021639035E-02,0.879041997843));
#605 = CARTESIAN_POINT('',(8.457030357076E-02,0.874065670988));
#606 = CARTESIAN_POINT('',(8.460895021092E-02,0.869095104719));
#607 = CARTESIAN_POINT('',(8.419633332554E-02,0.864144032655));
#608 = CARTESIAN_POINT('',(8.24916932482E-02,0.854313484539));
#609 = CARTESIAN_POINT('',(8.120302247675E-02,0.849440683318));
#610 = CARTESIAN_POINT('',(7.948940759315E-02,0.844613379493));
#611 = CARTESIAN_POINT('',(7.735439920153E-02,0.839844688742));
#612 = CARTESIAN_POINT('',(7.479648725956E-02,0.835151280316));
#613 = CARTESIAN_POINT('',(7.180733845506E-02,0.830553811958));
#614 = CARTESIAN_POINT('',(6.837285601681E-02,0.826076719543));
#615 = CARTESIAN_POINT('',(6.256494856908E-02,0.819656449652));
#616 = CARTESIAN_POINT('',(6.055930118201E-02,0.817598827932));
#617 = CARTESIAN_POINT('',(5.843903535093E-02,0.815581346399));
#618 = CARTESIAN_POINT('',(5.620041292313E-02,0.813608762696));
#619 = CARTESIAN_POINT('',(5.383959070434E-02,0.811687033891));
#620 = CARTESIAN_POINT('',(5.135258946099E-02,0.809823309645));
#621 = CARTESIAN_POINT('',(4.873509840847E-02,0.808025994859));
#622 = CARTESIAN_POINT('',(4.146382243447E-02,0.803480130665));
#623 = CARTESIAN_POINT('',(3.656707937307E-02,0.800852366772));
#624 = CARTESIAN_POINT('',(3.127447629501E-02,0.798471562837));
#625 = CARTESIAN_POINT('',(2.558638705294E-02,0.796412766587));
#626 = CARTESIAN_POINT('',(1.953123452083E-02,0.794760365003));
#627 = CARTESIAN_POINT('',(1.316664685089E-02,0.793604490492));
#628 = CARTESIAN_POINT('',(6.592894749851E-03,0.793023077428));
#629 = CARTESIAN_POINT('',(0.,0.793023077428));
#630 = ( GEOMETRIC_REPRESENTATION_CONTEXT(2) 
PARAMETRIC_REPRESENTATION_CONTEXT() REPRESENTATION_CONTEXT('2D SPACE',''
  ) );
#631 = PCURVE('',#451,#632);
#632 = DEFINITIONAL_REPRESENTATION('',(#633),#678);
#633 = B_SPLINE_CURVE_WITH_KNOTS('',8,(#634,#635,#636,#637,#638,#639,
    #640,#641,#642,#643,#644,#645,#646,#647,#648,#649,#650,#651,#652,
    #653,#654,#655,#656,#657,#658,#659,#660,#661,#662,#663,#664,#665,
    #666,#667,#668,#669,#670,#671,#672,#673,#674,#675,#676,#677),
  .UNSPECIFIED.,.F.,.F.,(9,7,7,7,7,7,9),(0.,9.921693588366E-02,
    0.308559227211,0.519812346485,0.73054448163,0.832563236542,1.),
  .UNSPECIFIED.);
#634 = CARTESIAN_POINT('',(6.28318530718,103.28753390499));
#635 = CARTESIAN_POINT('',(6.233042298544,103.28753390499));
#636 = CARTESIAN_POINT('',(6.182913671141,103.27819583905));
#637 = CARTESIAN_POINT('',(6.133037267044,103.25966334074));
#638 = CARTESIAN_POINT('',(6.083618838424,103.23223797538));
#639 = CARTESIAN_POINT('',(6.034832047555,103.19637924005));
#640 = CARTESIAN_POINT('',(5.986818466812,103.1527045636));
#641 = CARTESIAN_POINT('',(5.939687578669,103.10198930662));
#642 = CARTESIAN_POINT('',(5.796098914536,102.92527430868));
#643 = CARTESIAN_POINT('',(5.703263393669,102.77824066187));
#644 = CARTESIAN_POINT('',(5.614427630422,102.61020677484));
#645 = CARTESIAN_POINT('',(5.529252609674,102.42618998468));
#646 = CARTESIAN_POINT('',(5.447371864355,102.23036486132));
#647 = CARTESIAN_POINT('',(5.368400860753,102.02580398949));
#648 = CARTESIAN_POINT('',(5.291838531153,101.81444486499));
#649 = CARTESIAN_POINT('',(5.141456009731,101.37725956241));
#650 = CARTESIAN_POINT('',(5.067924408845,101.1520675425));
#651 = CARTESIAN_POINT('',(4.995893650709,100.9226071848));
#652 = CARTESIAN_POINT('',(4.92502669753,100.69000776258));
#653 = CARTESIAN_POINT('',(4.855024348066,100.45524850564));
#654 = CARTESIAN_POINT('',(4.785608562816,100.21915614521));
#655 = CARTESIAN_POINT('',(4.716487044467,99.98241563262));
#656 = CARTESIAN_POINT('',(4.578306211083,99.509290494615));
#657 = CARTESIAN_POINT('',(4.509342908062,99.273234728717));
#658 = CARTESIAN_POINT('',(4.440063072985,99.037879873615));
#659 = CARTESIAN_POINT('',(4.370158163685,98.803920952582));
#660 = CARTESIAN_POINT('',(4.299330224669,98.572248717565));
#661 = CARTESIAN_POINT('',(4.227243761657,98.343979437295));
#662 = CARTESIAN_POINT('',(4.153514660961,98.120449609313));
#663 = CARTESIAN_POINT('',(4.040735865298,97.798246487404));
#664 = CARTESIAN_POINT('',(4.003439368395,97.694713594679));
#665 = CARTESIAN_POINT('',(3.965566957481,97.592941879219));
#666 = CARTESIAN_POINT('',(3.927054046588,97.493189399729));
#667 = CARTESIAN_POINT('',(3.887837443529,97.395777635289));
#668 = CARTESIAN_POINT('',(3.847851959617,97.301092045888));
#669 = CARTESIAN_POINT('',(3.807025298526,97.2095858171));
#670 = CARTESIAN_POINT('',(3.696742971197,96.977687940305));
#671 = CARTESIAN_POINT('',(3.625511489321,96.843152654241));
#672 = CARTESIAN_POINT('',(3.551302113779,96.720851945428));
#673 = CARTESIAN_POINT('',(3.474039551042,96.614766016617));
#674 = CARTESIAN_POINT('',(3.3938953076,96.529416896375));
#675 = CARTESIAN_POINT('',(3.311183641589,96.469638403652));
#676 = CARTESIAN_POINT('',(3.226512093687,96.439571272815));
#677 = CARTESIAN_POINT('',(3.14159265359,96.439571272815));
#678 = ( GEOMETRIC_REPRESENTATION_CONTEXT(2) 
PARAMETRIC_REPRESENTATION_CONTEXT() REPRESENTATION_CONTEXT('2D SPACE',''
  ) );
#679 = FACE_BOUND('',#680,.T.);
#680 = EDGE_LOOP('',(#681));
#681 = ORIENTED_EDGE('',*,*,#682,.T.);
#682 = EDGE_CURVE('',#683,#683,#685,.T.);
#683 = VERTEX_POINT('',#684);
#684 = CARTESIAN_POINT('',(-13.49940739927,103.28753390499,
    -41.54690391435));
#685 = SURFACE_CURVE('',#686,(#780,#919),.PCURVE_S1.);
#686 = B_SPLINE_CURVE_WITH_KNOTS('',8,(#687,#688,#689,#690,#691,#692,
    #693,#694,#695,#696,#697,#698,#699,#700,#701,#702,#703,#704,#705,
    #706,#707,#708,#709,#710,#711,#712,#713,#714,#715,#716,#717,#718,
    #719,#720,#721,#722,#723,#724,#725,#726,#727,#728,#729,#730,#731,
    #732,#733,#734,#735,#736,#737,#738,#739,#740,#741,#742,#743,#744,
    #745,#746,#747,#748,#749,#750,#751,#752,#753,#754,#755,#756,#757,
    #758,#759,#760,#761,#762,#763,#764,#765,#766,#767,#768,#769,#770,
    #771,#772,#773,#774,#775,#776,#777,#778,#779),.UNSPECIFIED.,.T.,.F.,
  (9,7,7,7,7,7,7,7,7,7,7,7,7,9),(0.,0.155750976988,0.276950716584,
    0.471935699124,0.663360534226,0.843574686085,1.,1.102990021298,
    1.191895278081,1.343073103629,1.539939110687,1.647782527858,
    1.719759140513,1.816620142867),.UNSPECIFIED.);
#687 = CARTESIAN_POINT('',(-13.49940739927,103.28753390499,
    -41.54690391435));
#688 = CARTESIAN_POINT('',(-13.83083836618,103.28753390499,
    -41.43921546526));
#689 = CARTESIAN_POINT('',(-14.17276350483,103.25975386507,
    -41.36446552164));
#690 = CARTESIAN_POINT('',(-14.51533536048,103.20425482006,
    -41.32577426191));
#691 = CARTESIAN_POINT('',(-14.85128228185,103.12426731044,
    -41.32118040019));
#692 = CARTESIAN_POINT('',(-15.17523538739,103.02350539044,
    -41.34738472449));
#693 = CARTESIAN_POINT('',(-15.4835925831,102.90600133757,
    -41.40012093931));
#694 = CARTESIAN_POINT('',(-15.77434786008,102.77536335736,
    -41.47519930644));
#695 = CARTESIAN_POINT('',(-16.25888816673,102.52481659223,
    -41.64197936517));
#696 = CARTESIAN_POINT('',(-16.46043165091,102.40866906852,
    -41.72649023089));
#697 = CARTESIAN_POINT('',(-16.65152860555,102.28706895996,
    -41.82108549603));
#698 = CARTESIAN_POINT('',(-16.83226665911,102.16090632611,
    -41.92453307749));
#699 = CARTESIAN_POINT('',(-17.00280587302,102.03093279731,
    -42.03576784476));
#700 = CARTESIAN_POINT('',(-17.16337611397,101.89776239967,
    -42.15388970628));
#701 = CARTESIAN_POINT('',(-17.31425390021,101.76186332629,
    -42.27817852776));
#702 = CARTESIAN_POINT('',(-17.68336444647,101.40103920269,
    -42.61712640943));
#703 = CARTESIAN_POINT('',(-17.88636505956,101.17259442323,
    -42.84044551738));
#704 = CARTESIAN_POINT('',(-18.06602910676,100.93965001177,
    -43.0757058642));
#705 = CARTESIAN_POINT('',(-18.22303547327,100.70340663037,
    -43.32108409133));
#706 = CARTESIAN_POINT('',(-18.35790543279,100.46490143103,
    -43.57505072081));
#707 = CARTESIAN_POINT('',(-18.47094888187,100.22500484816,
    -43.83638557994));
#708 = CARTESIAN_POINT('',(-18.56229919174,99.984433492884,
    -44.10414224671));
#709 = CARTESIAN_POINT('',(-18.69989408606,99.507441003865,
    -44.64628627865));
#710 = CARTESIAN_POINT('',(-18.74683441429,99.271361497249,
    -44.92008008545));
#711 = CARTESIAN_POINT('',(-18.77245669833,99.035987339556,
    -45.19853060997));
#712 = CARTESIAN_POINT('',(-18.77620606725,98.802014040888,
    -45.48098335487));
#713 = CARTESIAN_POINT('',(-18.7572405268,98.570333449247,
    -45.76666205409));
#714 = CARTESIAN_POINT('',(-18.71433922591,98.342063668532,
    -46.05467296462));
#715 = CARTESIAN_POINT('',(-18.64596677574,98.118543679337,
    -46.34399867821));
#716 = CARTESIAN_POINT('',(-18.45880683236,97.697102333375,
    -46.90620184152));
#717 = CARTESIAN_POINT('',(-18.34359012334,97.499311518536,
    -47.17789882621));
#718 = CARTESIAN_POINT('',(-18.2017608846,97.308574377032,-47.4489167995
    ));
#719 = CARTESIAN_POINT('',(-18.03043669309,97.127026921115,
    -47.71777963446));
#720 = CARTESIAN_POINT('',(-17.82659430544,96.958286846666,
    -47.98137081472));
#721 = CARTESIAN_POINT('',(-17.58751500311,96.807302286168,
    -48.23502341291));
#722 = CARTESIAN_POINT('',(-17.31116600517,96.680199540411,
    -48.47257113433));
#723 = CARTESIAN_POINT('',(-16.72355279052,96.500697110646,
    -48.87184074978));
#724 = CARTESIAN_POINT('',(-16.41932222526,96.439920791487,
    -49.04105710979));
#725 = CARTESIAN_POINT('',(-16.091764782,96.410023545773,-49.18200319421
    ));
#726 = CARTESIAN_POINT('',(-15.74955173841,96.414046340597,
    -49.28853480066));
#727 = CARTESIAN_POINT('',(-15.4016616588,96.451519230563,-49.3582947641
    ));
#728 = CARTESIAN_POINT('',(-15.05693095415,96.519314245853,
    -49.39185226698));
#729 = CARTESIAN_POINT('',(-14.72390261255,96.611881386182,
    -49.3926424791));
#730 = CARTESIAN_POINT('',(-14.20450748835,96.793645592989,
    -49.34988607783));
#731 = CARTESIAN_POINT('',(-14.00485625778,96.873909026745,
    -49.32122400421));
#732 = CARTESIAN_POINT('',(-13.8122515805,96.96106359333,-49.28206899536
    ));
#733 = CARTESIAN_POINT('',(-13.62698165073,97.054028426226,
    -49.23353962749));
#734 = CARTESIAN_POINT('',(-13.44915542563,97.151867816282,
    -49.1766510859));
#735 = CARTESIAN_POINT('',(-13.27872884241,97.253806819447,
    -49.11228769338));
#736 = CARTESIAN_POINT('',(-13.11553103554,97.359246864509,
    -49.04117543856));
#737 = CARTESIAN_POINT('',(-12.82441729168,97.561472838354,
    -48.89710786783));
#738 = CARTESIAN_POINT('',(-12.69480075957,97.657419526882,
    -48.82577059712));
#739 = CARTESIAN_POINT('',(-12.57030744251,97.755319798324,
    -48.75022340819));
#740 = CARTESIAN_POINT('',(-12.4508239907,97.854912222001,
    -48.67079638721));
#741 = CARTESIAN_POINT('',(-12.33624694784,97.955971388133,
    -48.58777683808));
#742 = CARTESIAN_POINT('',(-12.22647682177,98.058305330067,
    -48.50141374575));
#743 = CARTESIAN_POINT('',(-12.12141649762,98.161754545257,
    -48.41191885545));
#744 = CARTESIAN_POINT('',(-11.85017780029,98.443783016924,
    -48.16225129712));
#745 = CARTESIAN_POINT('',(-11.69280733696,98.624155772196,
    -47.9965488635));
#746 = CARTESIAN_POINT('',(-11.54839034726,98.806683701766,
    -47.8232181538));
#747 = CARTESIAN_POINT('',(-11.41666659978,98.990825378929,
    -47.64296337935));
#748 = CARTESIAN_POINT('',(-11.29748746429,99.176106944848,
    -47.45638409742));
#749 = CARTESIAN_POINT('',(-11.19078535285,99.362115817568,
    -47.26399056687));
#750 = CARTESIAN_POINT('',(-11.0965820188,99.548499754125,
    -47.06619998562));
#751 = CARTESIAN_POINT('',(-10.90877352242,99.977782176908,
    -46.59915282085));
#752 = CARTESIAN_POINT('',(-10.8240617106,100.22048978513,
    -46.32663198782));
#753 = CARTESIAN_POINT('',(-10.76103656505,100.46252622661,
    -46.0464073287));
#754 = CARTESIAN_POINT('',(-10.72037731333,100.70315791378,
    -45.75918221321));
#755 = CARTESIAN_POINT('',(-10.70307584357,100.9414909663,
    -45.46578370024));
#756 = CARTESIAN_POINT('',(-10.71049020932,101.1764585051,
    -45.16716960311));
#757 = CARTESIAN_POINT('',(-10.74428442458,101.40682582465,
    -44.86444781001));
#758 = CARTESIAN_POINT('',(-10.84130346999,101.75398776421,
    -44.39136225927));
#759 = CARTESIAN_POINT('',(-10.88428696579,101.87495152126,
    -44.22315955276));
#760 = CARTESIAN_POINT('',(-10.93630755304,101.99377222875,
    -44.0543866224));
#761 = CARTESIAN_POINT('',(-10.99781462694,102.11012147068,
    -43.88533948267));
#762 = CARTESIAN_POINT('',(-11.06929610168,102.22358729656,
    -43.71641372031));
#763 = CARTESIAN_POINT('',(-11.15127150294,102.3336760199,
    -43.54810603687));
#764 = CARTESIAN_POINT('',(-11.24429824342,102.43980943714,
    -43.3810167527));
#765 = CARTESIAN_POINT('',(-11.41886494138,102.60906573008,
    -43.10562023126));
#766 = CARTESIAN_POINT('',(-11.49390430545,102.6747393413,
    -42.99627351162));
#767 = CARTESIAN_POINT('',(-11.57430256005,102.73812391199,
    -42.88803978643));
#768 = CARTESIAN_POINT('',(-11.66021994596,102.79897731651,
    -42.78119383133));
#769 = CARTESIAN_POINT('',(-11.75178355821,102.85702969265,
    -42.67605852462));
#770 = CARTESIAN_POINT('',(-11.84908734608,102.9119834415,
    -42.57300484727));
#771 = CARTESIAN_POINT('',(-11.95219211308,102.96351322758,
    -42.47245188295));
#772 = CARTESIAN_POINT('',(-12.20772033861,103.07552823243,
    -42.24354378325));
#773 = CARTESIAN_POINT('',(-12.36495903621,103.13313704595,
    -42.11731755587));
#774 = CARTESIAN_POINT('',(-12.53277774344,103.18293831691,
    -41.99776168552));
#775 = CARTESIAN_POINT('',(-12.71069932676,103.22396502799,
    -41.88633246454));
#776 = CARTESIAN_POINT('',(-12.89783338547,103.25543724696,
    -41.78436892793));
#777 = CARTESIAN_POINT('',(-13.09287625169,103.27676212665,
    -41.69309285336));
#778 = CARTESIAN_POINT('',(-13.29411099036,103.28753390499,
    -41.61360876117));
#779 = CARTESIAN_POINT('',(-13.49940739927,103.28753390499,
    -41.54690391435));
#780 = PCURVE('',#239,#781);
#781 = DEFINITIONAL_REPRESENTATION('',(#782),#918);
#782 = B_SPLINE_CURVE_WITH_KNOTS('',3,(#783,#784,#785,#786,#787,#788,
    #789,#790,#791,#792,#793,#794,#795,#796,#797,#798,#799,#800,#801,
    #802,#803,#804,#805,#806,#807,#808,#809,#810,#811,#812,#813,#814,
    #815,#816,#817,#818,#819,#820,#821,#822,#823,#824,#825,#826,#827,
    #828,#829,#830,#831,#832,#833,#834,#835,#836,#837,#838,#839,#840,
    #841,#842,#843,#844,#845,#846,#847,#848,#849,#850,#851,#852,#853,
    #854,#855,#856,#857,#858,#859,#860,#861,#862,#863,#864,#865,#866,
    #867,#868,#869,#870,#871,#872,#873,#874,#875,#876,#877,#878,#879,
    #880,#881,#882,#883,#884,#885,#886,#887,#888,#889,#890,#891,#892,
    #893,#894,#895,#896,#897,#898,#899,#900,#901,#902,#903,#904,#905,
    #906,#907,#908,#909,#910,#911,#912,#913,#914,#915,#916,#917),
  .UNSPECIFIED.,.F.,.F.,(4,1,1,1,1,1,1,1,1,1,1,1,1,1,1,1,1,1,1,1,1,1,1,1
    ,1,1,1,1,1,1,1,1,1,1,1,1,1,1,1,1,1,1,1,1,1,1,1,1,1,1,1,1,1,1,1,1,1,1
    ,1,1,1,1,1,1,1,1,1,1,1,1,1,1,1,1,1,1,1,1,1,1,1,1,1,1,1,1,1,1,1,1,1,1
    ,1,1,1,1,1,1,1,1,1,1,1,1,1,1,1,1,1,1,1,1,1,1,1,1,1,1,1,1,1,1,1,1,1,1
    ,1,1,1,1,1,1,4),(0.,1.376227380959E-02,2.752454761919E-02,
    4.128682142878E-02,5.504909523838E-02,6.881136904797E-02,
    8.257364285757E-02,9.633591666716E-02,0.110098190477,0.123860464286,
    0.137622738096,0.151385011906,0.165147285715,0.178909559525,
    0.192671833334,0.206434107144,0.220196380954,0.233958654763,
    0.247720928573,0.261483202382,0.275245476192,0.289007750001,
    0.302770023811,0.316532297621,0.33029457143,0.34405684524,
    0.357819119049,0.371581392859,0.385343666669,0.399105940478,
    0.412868214288,0.426630488097,0.440392761907,0.454155035717,
    0.467917309526,0.481679583336,0.495441857145,0.509204130955,
    0.522966404765,0.536728678574,0.550490952384,0.564253226193,
    0.578015500003,0.591777773813,0.605540047622,0.619302321432,
    0.633064595241,0.646826869051,0.660589142861,0.67435141667,
    0.68811369048,0.701875964289,0.715638238099,0.729400511909,
    0.743162785718,0.756925059528,0.770687333337,0.784449607147,
    0.798211880956,0.811974154766,0.825736428576,0.839498702385,
    0.853260976195,0.867023250004,0.880785523814,0.894547797624,
    0.908310071433,0.922072345243,0.935834619052,0.949596892862,
    0.963359166672,0.977121440481,0.990883714291,1.0046459881,
    1.01840826191,1.03217053572,1.045932809529,1.059695083339,
    1.073457357148,1.087219630958,1.100981904768,1.114744178577,
    1.128506452387,1.142268726196,1.156031000006,1.169793273816,
    1.183555547625,1.197317821435,1.211080095244,1.224842369054,
    1.238604642864,1.252366916673,1.266129190483,1.279891464292,
    1.293653738102,1.307416011912,1.321178285721,1.334940559531,
    1.34870283334,1.36246510715,1.376227380959,1.389989654769,
    1.403751928579,1.417514202388,1.431276476198,1.445038750007,
    1.458801023817,1.472563297627,1.486325571436,1.500087845246,
    1.513850119055,1.527612392865,1.541374666675,1.555136940484,
    1.568899214294,1.582661488103,1.596423761913,1.610186035723,
    1.623948309532,1.637710583342,1.651472857151,1.665235130961,
    1.678997404771,1.69275967858,1.70652195239,1.720284226199,
    1.734046500009,1.747808773819,1.761571047628,1.775333321438,
    1.789095595247,1.802857869057,1.816620142867),
  .QUASI_UNIFORM_KNOTS.);
#783 = CARTESIAN_POINT('',(1.884955592154,0.936340729575));
#784 = CARTESIAN_POINT('',(1.88683596668,0.936341184288));
#785 = CARTESIAN_POINT('',(1.890593373117,0.936247637915));
#786 = CARTESIAN_POINT('',(1.896172275094,0.935833899402));
#787 = CARTESIAN_POINT('',(1.9016436673,0.935154919419));
#788 = CARTESIAN_POINT('',(1.90696817557,0.934225073811));
#789 = CARTESIAN_POINT('',(1.912112738037,0.933061131638));
#790 = CARTESIAN_POINT('',(1.917051085552,0.931681945418));
#791 = CARTESIAN_POINT('',(1.921762916169,0.930107460631));
#792 = CARTESIAN_POINT('',(1.926233457446,0.928358094221));
#793 = CARTESIAN_POINT('',(1.93045292586,0.926454149652));
#794 = CARTESIAN_POINT('',(1.934416068426,0.924415314401));
#795 = CARTESIAN_POINT('',(1.938121487485,0.922260229942));
#796 = CARTESIAN_POINT('',(1.941571746317,0.92000604447));
#797 = CARTESIAN_POINT('',(1.94478143627,0.917660788752));
#798 = CARTESIAN_POINT('',(1.947756436255,0.91523641935));
#799 = CARTESIAN_POINT('',(1.950504523112,0.912742868652));
#800 = CARTESIAN_POINT('',(1.953033092806,0.910189331674));
#801 = CARTESIAN_POINT('',(1.955349729022,0.907583953729));
#802 = CARTESIAN_POINT('',(1.957461994977,0.904933910479));
#803 = CARTESIAN_POINT('',(1.959377354612,0.902245465631));
#804 = CARTESIAN_POINT('',(1.961103260242,0.899523687716));
#805 = CARTESIAN_POINT('',(1.962646389275,0.896773528418));
#806 = CARTESIAN_POINT('',(1.9640126404,0.894000423672));
#807 = CARTESIAN_POINT('',(1.965208497009,0.891207569476));
#808 = CARTESIAN_POINT('',(1.966239589944,0.88839844247));
#809 = CARTESIAN_POINT('',(1.967111162699,0.885576165348));
#810 = CARTESIAN_POINT('',(1.967828016842,0.882743691425));
#811 = CARTESIAN_POINT('',(1.968394577332,0.87990376729));
#812 = CARTESIAN_POINT('',(1.968814910098,0.87705895295));
#813 = CARTESIAN_POINT('',(1.969092739835,0.8742116252));
#814 = CARTESIAN_POINT('',(1.969231457428,0.871363983671));
#815 = CARTESIAN_POINT('',(1.969234121578,0.868518057352));
#816 = CARTESIAN_POINT('',(1.969103453792,0.865675701866));
#817 = CARTESIAN_POINT('',(1.968841829084,0.862838629154));
#818 = CARTESIAN_POINT('',(1.968451254234,0.860008312883));
#819 = CARTESIAN_POINT('',(1.967933361216,0.857186354475));
#820 = CARTESIAN_POINT('',(1.967289934066,0.85437615624));
#821 = CARTESIAN_POINT('',(1.966522009479,0.851578610289));
#822 = CARTESIAN_POINT('',(1.965630367776,0.848795363053));
#823 = CARTESIAN_POINT('',(1.964615454899,0.846028077687));
#824 = CARTESIAN_POINT('',(1.963477422065,0.843278630821));
#825 = CARTESIAN_POINT('',(1.962216123133,0.840549060614));
#826 = CARTESIAN_POINT('',(1.960831112732,0.837841582658));
#827 = CARTESIAN_POINT('',(1.959321634367,0.835158590384));
#828 = CARTESIAN_POINT('',(1.957686595475,0.832502657417));
#829 = CARTESIAN_POINT('',(1.955924544512,0.829876557114));
#830 = CARTESIAN_POINT('',(1.954033580546,0.827283223367));
#831 = CARTESIAN_POINT('',(1.952011441664,0.824725944448));
#832 = CARTESIAN_POINT('',(1.949854835376,0.822207702758));
#833 = CARTESIAN_POINT('',(1.947561486479,0.819733722013));
#834 = CARTESIAN_POINT('',(1.945131035119,0.817311536189));
#835 = CARTESIAN_POINT('',(1.942556730935,0.814943139483));
#836 = CARTESIAN_POINT('',(1.939833589284,0.812634045663));
#837 = CARTESIAN_POINT('',(1.936956529533,0.810390954338));
#838 = CARTESIAN_POINT('',(1.933921012455,0.808222285382));
#839 = CARTESIAN_POINT('',(1.930722995318,0.806137950209));
#840 = CARTESIAN_POINT('',(1.927359052656,0.804149331313));
#841 = CARTESIAN_POINT('',(1.923826460854,0.802269216229));
#842 = CARTESIAN_POINT('',(1.920123215098,0.800511730368));
#843 = CARTESIAN_POINT('',(1.916248315515,0.798892345303));
#844 = CARTESIAN_POINT('',(1.912201016171,0.797427612298));
#845 = CARTESIAN_POINT('',(1.907983935194,0.796135945903));
#846 = CARTESIAN_POINT('',(1.903591749353,0.795034509159));
#847 = CARTESIAN_POINT('',(1.899034512186,0.794146416796));
#848 = CARTESIAN_POINT('',(1.894365018125,0.793498452682));
#849 = CARTESIAN_POINT('',(1.889623051113,0.793106195496));
#850 = CARTESIAN_POINT('',(1.884848744602,0.792978656996));
#851 = CARTESIAN_POINT('',(1.88007934436,0.793118034653));
#852 = CARTESIAN_POINT('',(1.875350335694,0.793520596656));
#853 = CARTESIAN_POINT('',(1.870695443866,0.794177054919));
#854 = CARTESIAN_POINT('',(1.866146539345,0.795073073646));
#855 = CARTESIAN_POINT('',(1.861734841558,0.796189063249));
#856 = CARTESIAN_POINT('',(1.857486840311,0.797502116369));
#857 = CARTESIAN_POINT('',(1.853439883693,0.798979620881));
#858 = CARTESIAN_POINT('',(1.849570515072,0.800609058295));
#859 = CARTESIAN_POINT('',(1.845873942399,0.802375644354));
#860 = CARTESIAN_POINT('',(1.842350010126,0.804263196456));
#861 = CARTESIAN_POINT('',(1.838995922344,0.806257776984));
#862 = CARTESIAN_POINT('',(1.835808327934,0.808346837059));
#863 = CARTESIAN_POINT('',(1.832782960202,0.810519524904));
#864 = CARTESIAN_POINT('',(1.829914711864,0.812766852846));
#865 = CARTESIAN_POINT('',(1.827198434379,0.81508128082));
#866 = CARTESIAN_POINT('',(1.824630584606,0.817455074693));
#867 = CARTESIAN_POINT('',(1.822206580795,0.819882488761));
#868 = CARTESIAN_POINT('',(1.819922732827,0.822358090712));
#869 = CARTESIAN_POINT('',(1.81777562225,0.824877170405));
#870 = CARTESIAN_POINT('',(1.815762219752,0.82743555467));
#871 = CARTESIAN_POINT('',(1.813879677333,0.830029852079));
#872 = CARTESIAN_POINT('',(1.812126091949,0.832656290323));
#873 = CARTESIAN_POINT('',(1.810499403251,0.835312142761));
#874 = CARTESIAN_POINT('',(1.808998065954,0.837994813981));
#875 = CARTESIAN_POINT('',(1.807620947531,0.840701858711));
#876 = CARTESIAN_POINT('',(1.806367292004,0.843430966934));
#877 = CARTESIAN_POINT('',(1.805236682596,0.846179959801));
#878 = CARTESIAN_POINT('',(1.80422901929,0.848946787021));
#879 = CARTESIAN_POINT('',(1.803344506545,0.851729517114));
#880 = CARTESIAN_POINT('',(1.802583646304,0.854526362754));
#881 = CARTESIAN_POINT('',(1.801947252634,0.857335579341));
#882 = CARTESIAN_POINT('',(1.801436419552,0.860155840146));
#883 = CARTESIAN_POINT('',(1.801052802999,0.862984140512));
#884 = CARTESIAN_POINT('',(1.800798006551,0.865819175315));
#885 = CARTESIAN_POINT('',(1.800674063179,0.868659388854));
#886 = CARTESIAN_POINT('',(1.800683356977,0.87150308744));
#887 = CARTESIAN_POINT('',(1.800828620859,0.874348405979));
#888 = CARTESIAN_POINT('',(1.801112922248,0.877193312852));
#889 = CARTESIAN_POINT('',(1.801539659624,0.880035603671));
#890 = CARTESIAN_POINT('',(1.802112563952,0.882872897418));
#891 = CARTESIAN_POINT('',(1.802835706555,0.885702630116));
#892 = CARTESIAN_POINT('',(1.803713516918,0.888522051385));
#893 = CARTESIAN_POINT('',(1.80475080194,0.89132820635));
#894 = CARTESIAN_POINT('',(1.805952807476,0.894117966293));
#895 = CARTESIAN_POINT('',(1.80732518114,0.896887870263));
#896 = CARTESIAN_POINT('',(1.80887437692,0.899634663014));
#897 = CARTESIAN_POINT('',(1.810606469704,0.902353169515));
#898 = CARTESIAN_POINT('',(1.812528079017,0.905038277729));
#899 = CARTESIAN_POINT('',(1.814646582388,0.907684786538));
#900 = CARTESIAN_POINT('',(1.816969386307,0.910286368032));
#901 = CARTESIAN_POINT('',(1.819504024103,0.91283583767));
#902 = CARTESIAN_POINT('',(1.82225810316,0.915325091185));
#903 = CARTESIAN_POINT('',(1.825239134968,0.917745022546));
#904 = CARTESIAN_POINT('',(1.828455091134,0.92008580626));
#905 = CARTESIAN_POINT('',(1.831911911959,0.922335534866));
#906 = CARTESIAN_POINT('',(1.835615483823,0.924480860844));
#907 = CARTESIAN_POINT('',(1.839569140968,0.926507015562));
#908 = CARTESIAN_POINT('',(1.843773677046,0.928397921305));
#909 = CARTESIAN_POINT('',(1.848225980985,0.930135006614));
#910 = CARTESIAN_POINT('',(1.852923705772,0.931701993757));
#911 = CARTESIAN_POINT('',(1.857853517675,0.933076343824));
#912 = CARTESIAN_POINT('',(1.862992318938,0.934235516692));
#913 = CARTESIAN_POINT('',(1.868311108531,0.93516062966));
#914 = CARTESIAN_POINT('',(1.873773845795,0.93583570707));
#915 = CARTESIAN_POINT('',(1.879338640986,0.936247623183));
#916 = CARTESIAN_POINT('',(1.883082882473,0.936341004749));
#917 = CARTESIAN_POINT('',(1.884955592154,0.936340729575));
#918 = ( GEOMETRIC_REPRESENTATION_CONTEXT(2) 
PARAMETRIC_REPRESENTATION_CONTEXT() REPRESENTATION_CONTEXT('2D SPACE',''
  ) );
#919 = PCURVE('',#920,#925);
#920 = CYLINDRICAL_SURFACE('',#921,4.015);
#921 = AXIS2_PLACEMENT_3D('',#922,#923,#924);
#922 = CARTESIAN_POINT('',(-14.74011063168,0.,-45.36539582727));
#923 = DIRECTION('',(0.,1.,-0.));
#924 = DIRECTION('',(0.309016994375,0.,0.951056516295));
#925 = DEFINITIONAL_REPRESENTATION('',(#926),#1062);
#926 = B_SPLINE_CURVE_WITH_KNOTS('',3,(#927,#928,#929,#930,#931,#932,
    #933,#934,#935,#936,#937,#938,#939,#940,#941,#942,#943,#944,#945,
    #946,#947,#948,#949,#950,#951,#952,#953,#954,#955,#956,#957,#958,
    #959,#960,#961,#962,#963,#964,#965,#966,#967,#968,#969,#970,#971,
    #972,#973,#974,#975,#976,#977,#978,#979,#980,#981,#982,#983,#984,
    #985,#986,#987,#988,#989,#990,#991,#992,#993,#994,#995,#996,#997,
    #998,#999,#1000,#1001,#1002,#1003,#1004,#1005,#1006,#1007,#1008,
    #1009,#1010,#1011,#1012,#1013,#1014,#1015,#1016,#1017,#1018,#1019,
    #1020,#1021,#1022,#1023,#1024,#1025,#1026,#1027,#1028,#1029,#1030,
    #1031,#1032,#1033,#1034,#1035,#1036,#1037,#1038,#1039,#1040,#1041,
    #1042,#1043,#1044,#1045,#1046,#1047,#1048,#1049,#1050,#1051,#1052,
    #1053,#1054,#1055,#1056,#1057,#1058,#1059,#1060,#1061),
  .UNSPECIFIED.,.F.,.F.,(4,1,1,1,1,1,1,1,1,1,1,1,1,1,1,1,1,1,1,1,1,1,1,1
    ,1,1,1,1,1,1,1,1,1,1,1,1,1,1,1,1,1,1,1,1,1,1,1,1,1,1,1,1,1,1,1,1,1,1
    ,1,1,1,1,1,1,1,1,1,1,1,1,1,1,1,1,1,1,1,1,1,1,1,1,1,1,1,1,1,1,1,1,1,1
    ,1,1,1,1,1,1,1,1,1,1,1,1,1,1,1,1,1,1,1,1,1,1,1,1,1,1,1,1,1,1,1,1,1,1
    ,1,1,1,1,1,1,4),(0.,1.376227380959E-02,2.752454761919E-02,
    4.128682142878E-02,5.504909523838E-02,6.881136904797E-02,
    8.257364285757E-02,9.633591666716E-02,0.110098190477,0.123860464286,
    0.137622738096,0.151385011906,0.165147285715,0.178909559525,
    0.192671833334,0.206434107144,0.220196380954,0.233958654763,
    0.247720928573,0.261483202382,0.275245476192,0.289007750001,
    0.302770023811,0.316532297621,0.33029457143,0.34405684524,
    0.357819119049,0.371581392859,0.385343666669,0.399105940478,
    0.412868214288,0.426630488097,0.440392761907,0.454155035717,
    0.467917309526,0.481679583336,0.495441857145,0.509204130955,
    0.522966404765,0.536728678574,0.550490952384,0.564253226193,
    0.578015500003,0.591777773813,0.605540047622,0.619302321432,
    0.633064595241,0.646826869051,0.660589142861,0.67435141667,
    0.68811369048,0.701875964289,0.715638238099,0.729400511909,
    0.743162785718,0.756925059528,0.770687333337,0.784449607147,
    0.798211880956,0.811974154766,0.825736428576,0.839498702385,
    0.853260976195,0.867023250004,0.880785523814,0.894547797624,
    0.908310071433,0.922072345243,0.935834619052,0.949596892862,
    0.963359166672,0.977121440481,0.990883714291,1.0046459881,
    1.01840826191,1.03217053572,1.045932809529,1.059695083339,
    1.073457357148,1.087219630958,1.100981904768,1.114744178577,
    1.128506452387,1.142268726196,1.156031000006,1.169793273816,
    1.183555547625,1.197317821435,1.211080095244,1.224842369054,
    1.238604642864,1.252366916673,1.266129190483,1.279891464292,
    1.293653738102,1.307416011912,1.321178285721,1.334940559531,
    1.34870283334,1.36246510715,1.376227380959,1.389989654769,
    1.403751928579,1.417514202388,1.431276476198,1.445038750007,
    1.458801023817,1.472563297627,1.486325571436,1.500087845246,
    1.513850119055,1.527612392865,1.541374666675,1.555136940484,
    1.568899214294,1.582661488103,1.596423761913,1.610186035723,
    1.623948309532,1.637710583342,1.651472857151,1.665235130961,
    1.678997404771,1.69275967858,1.70652195239,1.720284226199,
    1.734046500009,1.747808773819,1.761571047628,1.775333321438,
    1.789095595247,1.802857869057,1.816620142867),
  .QUASI_UNIFORM_KNOTS.);
#927 = CARTESIAN_POINT('',(6.28318530718,103.28753390499));
#928 = CARTESIAN_POINT('',(6.262727608817,103.28755273321));
#929 = CARTESIAN_POINT('',(6.221842817265,103.28346806571));
#930 = CARTESIAN_POINT('',(6.160846062208,103.26538818976));
#931 = CARTESIAN_POINT('',(6.100442079153,103.23569656106));
#932 = CARTESIAN_POINT('',(6.04081017739,103.19498971444));
#933 = CARTESIAN_POINT('',(5.982094081479,103.14396201118));
#934 = CARTESIAN_POINT('',(5.924402489235,103.08339352295));
#935 = CARTESIAN_POINT('',(5.867818096528,103.01411009862));
#936 = CARTESIAN_POINT('',(5.812401309042,102.93695871206));
#937 = CARTESIAN_POINT('',(5.758193271627,102.85278406751));
#938 = CARTESIAN_POINT('',(5.705216912665,102.76240822863));
#939 = CARTESIAN_POINT('',(5.65347897988,102.66661268787));
#940 = CARTESIAN_POINT('',(5.602964266914,102.56611959029));
#941 = CARTESIAN_POINT('',(5.553492798397,102.46124984274));
#942 = CARTESIAN_POINT('',(5.505014445004,102.35250349881));
#943 = CARTESIAN_POINT('',(5.457460176431,102.24029532053));
#944 = CARTESIAN_POINT('',(5.410771076899,102.12501160623));
#945 = CARTESIAN_POINT('',(5.364888441161,102.00699595778));
#946 = CARTESIAN_POINT('',(5.319754290561,101.8865523349));
#947 = CARTESIAN_POINT('',(5.275310823609,101.76394717439));
#948 = CARTESIAN_POINT('',(5.231494838962,101.63939580892));
#949 = CARTESIAN_POINT('',(5.188254034935,101.51311116318));
#950 = CARTESIAN_POINT('',(5.145553507706,101.38533166349));
#951 = CARTESIAN_POINT('',(5.103332702404,101.25619541154));
#952 = CARTESIAN_POINT('',(5.061544101513,101.12585548907));
#953 = CARTESIAN_POINT('',(5.020141821924,100.99445073942));
#954 = CARTESIAN_POINT('',(4.979083515189,100.86211407474));
#955 = CARTESIAN_POINT('',(4.938328892634,100.72897061947));
#956 = CARTESIAN_POINT('',(4.897839293918,100.5951384882));
#957 = CARTESIAN_POINT('',(4.857577078372,100.46072879646));
#958 = CARTESIAN_POINT('',(4.817505124585,100.32584579447));
#959 = CARTESIAN_POINT('',(4.77758637554,100.19058702917));
#960 = CARTESIAN_POINT('',(4.737783279873,100.05504306801));
#961 = CARTESIAN_POINT('',(4.698057690802,99.919298771591));
#962 = CARTESIAN_POINT('',(4.658369031827,99.783428640377));
#963 = CARTESIAN_POINT('',(4.618678830587,99.647514135917));
#964 = CARTESIAN_POINT('',(4.578974002338,99.511724988649));
#965 = CARTESIAN_POINT('',(4.539205712217,99.376111178769));
#966 = CARTESIAN_POINT('',(4.499334605713,99.240759806202));
#967 = CARTESIAN_POINT('',(4.459319958289,99.105759803147));
#968 = CARTESIAN_POINT('',(4.419121910465,98.971211489456));
#969 = CARTESIAN_POINT('',(4.378700194142,98.837224187203));
#970 = CARTESIAN_POINT('',(4.338013765725,98.703917087845));
#971 = CARTESIAN_POINT('',(4.297020161818,98.571419377002));
#972 = CARTESIAN_POINT('',(4.255674776088,98.439870441842));
#973 = CARTESIAN_POINT('',(4.213930299965,98.309420938195));
#974 = CARTESIAN_POINT('',(4.171734969001,98.18023090951));
#975 = CARTESIAN_POINT('',(4.129034558225,98.052479581288));
#976 = CARTESIAN_POINT('',(4.085759392499,97.926332357078));
#977 = CARTESIAN_POINT('',(4.041865962226,97.802068544365));
#978 = CARTESIAN_POINT('',(3.997343941338,97.680086658403));
#979 = CARTESIAN_POINT('',(3.95206759286,97.560508562323));
#980 = CARTESIAN_POINT('',(3.905952639729,97.443634722851));
#981 = CARTESIAN_POINT('',(3.858915612342,97.32982807577));
#982 = CARTESIAN_POINT('',(3.810882930541,97.219541555519));
#983 = CARTESIAN_POINT('',(3.761786778198,97.113307197992));
#984 = CARTESIAN_POINT('',(3.7115645298,97.011735501531));
#985 = CARTESIAN_POINT('',(3.660157525117,96.915512309848));
#986 = CARTESIAN_POINT('',(3.607509127572,96.825395389839));
#987 = CARTESIAN_POINT('',(3.553566391649,96.742214661476));
#988 = CARTESIAN_POINT('',(3.498267948355,96.666857990942));
#989 = CARTESIAN_POINT('',(3.441583173389,96.600310857955));
#990 = CARTESIAN_POINT('',(3.383359575735,96.543494655224));
#991 = CARTESIAN_POINT('',(3.323632627833,96.497636644148));
#992 = CARTESIAN_POINT('',(3.262963693956,96.464151608177));
#993 = CARTESIAN_POINT('',(3.201710328034,96.443870028194));
#994 = CARTESIAN_POINT('',(3.140217096713,96.437273920389));
#995 = CARTESIAN_POINT('',(3.078782933394,96.44448228603));
#996 = CARTESIAN_POINT('',(3.017685265977,96.465296306031));
#997 = CARTESIAN_POINT('',(2.957188065311,96.499219360525));
#998 = CARTESIAN_POINT('',(2.897547689202,96.545485067064));
#999 = CARTESIAN_POINT('',(2.83903644959,96.603049469772));
#1000 = CARTESIAN_POINT('',(2.781892499991,96.670693983284));
#1001 = CARTESIAN_POINT('',(2.726543301332,96.746701210163));
#1002 = CARTESIAN_POINT('',(2.672616551579,96.830390409232));
#1003 = CARTESIAN_POINT('',(2.619995137846,96.920964322551));
#1004 = CARTESIAN_POINT('',(2.568640311303,97.017556976558));
#1005 = CARTESIAN_POINT('',(2.518486155332,97.119420744704));
#1006 = CARTESIAN_POINT('',(2.469466338726,97.225882371935));
#1007 = CARTESIAN_POINT('',(2.421506268233,97.336358626525));
#1008 = CARTESIAN_POINT('',(2.374520772356,97.450364480676));
#1009 = CARTESIAN_POINT('',(2.328423528959,97.567491548669));
#1010 = CARTESIAN_POINT('',(2.283155102449,97.687324195405));
#1011 = CARTESIAN_POINT('',(2.238637211521,97.809550190172));
#1012 = CARTESIAN_POINT('',(2.194804285577,97.933875341936));
#1013 = CARTESIAN_POINT('',(2.15159274445,98.060044016006));
#1014 = CARTESIAN_POINT('',(2.108942685058,98.187829528014));
#1015 = CARTESIAN_POINT('',(2.066792530312,98.317046008108));
#1016 = CARTESIAN_POINT('',(2.02509633773,98.447490324721));
#1017 = CARTESIAN_POINT('',(1.983799272789,98.579012991472));
#1018 = CARTESIAN_POINT('',(1.942851686704,98.711472325088));
#1019 = CARTESIAN_POINT('',(1.902207488086,98.844735374349));
#1020 = CARTESIAN_POINT('',(1.861823436605,98.978677108353));
#1021 = CARTESIAN_POINT('',(1.82165837061,99.113180159831));
#1022 = CARTESIAN_POINT('',(1.781672550768,99.248134629455));
#1023 = CARTESIAN_POINT('',(1.741827183941,99.383437549728));
#1024 = CARTESIAN_POINT('',(1.702083514731,99.518994026106));
#1025 = CARTESIAN_POINT('',(1.662403723409,99.654712304257));
#1026 = CARTESIAN_POINT('',(1.62274517025,99.790521668133));
#1027 = CARTESIAN_POINT('',(1.58308925091,99.926271845331));
#1028 = CARTESIAN_POINT('',(1.543393488115,100.06189566756));
#1029 = CARTESIAN_POINT('',(1.503618574847,100.19731475053));
#1030 = CARTESIAN_POINT('',(1.463726204114,100.33244517186));
#1031 = CARTESIAN_POINT('',(1.423679031535,100.46719597369));
#1032 = CARTESIAN_POINT('',(1.383440092202,100.60146955084));
#1033 = CARTESIAN_POINT('',(1.342972369334,100.73516149597));
#1034 = CARTESIAN_POINT('',(1.302238303253,100.86816056534));
#1035 = CARTESIAN_POINT('',(1.261199295144,101.00034853063));
#1036 = CARTESIAN_POINT('',(1.219815100156,101.1316001646));
#1037 = CARTESIAN_POINT('',(1.178043361674,101.26178255695));
#1038 = CARTESIAN_POINT('',(1.135838241947,101.39075666321));
#1039 = CARTESIAN_POINT('',(1.09315189596,101.51837019419));
#1040 = CARTESIAN_POINT('',(1.04992461857,101.64448241103));
#1041 = CARTESIAN_POINT('',(1.006117161909,101.76886689952));
#1042 = CARTESIAN_POINT('',(0.961679451138,101.89130340561));
#1043 = CARTESIAN_POINT('',(0.916550202829,102.01157062428));
#1044 = CARTESIAN_POINT('',(0.870672553971,102.12939932357));
#1045 = CARTESIAN_POINT('',(0.823988612006,102.2444852866));
#1046 = CARTESIAN_POINT('',(0.776438801918,102.3564868923));
#1047 = CARTESIAN_POINT('',(0.727962124332,102.46502193056));
#1048 = CARTESIAN_POINT('',(0.678486564974,102.56968044889));
#1049 = CARTESIAN_POINT('',(0.627960809016,102.6699648209));
#1050 = CARTESIAN_POINT('',(0.576328198459,102.76531731202));
#1051 = CARTESIAN_POINT('',(0.523544917963,102.85512358641));
#1052 = CARTESIAN_POINT('',(0.46957812216,102.93871671706));
#1053 = CARTESIAN_POINT('',(0.414423652905,103.01532305479));
#1054 = CARTESIAN_POINT('',(0.358026647101,103.08427564815));
#1055 = CARTESIAN_POINT('',(0.300449758408,103.14463131317));
#1056 = CARTESIAN_POINT('',(0.241816322989,103.19544815466));
#1057 = CARTESIAN_POINT('',(0.182261626264,103.23594548977));
#1058 = CARTESIAN_POINT('',(0.121958936853,103.26546503417));
#1059 = CARTESIAN_POINT('',(6.11162777039E-02,103.28346623381));
#1060 = CARTESIAN_POINT('',(2.037416081566E-02,103.28754457911));
#1061 = CARTESIAN_POINT('',(0.,103.28753390499));
#1062 = ( GEOMETRIC_REPRESENTATION_CONTEXT(2) 
PARAMETRIC_REPRESENTATION_CONTEXT() REPRESENTATION_CONTEXT('2D SPACE',''
  ) );
#1063 = FACE_BOUND('',#1064,.T.);
#1064 = EDGE_LOOP('',(#1065));
#1065 = ORIENTED_EDGE('',*,*,#1066,.T.);
#1066 = EDGE_CURVE('',#1067,#1067,#1069,.T.);
#1067 = VERTEX_POINT('',#1068);
#1068 = CARTESIAN_POINT('',(35.34190739927,103.28753390499,
    -25.67739874639));
#1069 = SURFACE_CURVE('',#1070,(#1164,#1303),.PCURVE_S1.);
#1070 = B_SPLINE_CURVE_WITH_KNOTS('',8,(#1071,#1072,#1073,#1074,#1075,
    #1076,#1077,#1078,#1079,#1080,#1081,#1082,#1083,#1084,#1085,#1086,
    #1087,#1088,#1089,#1090,#1091,#1092,#1093,#1094,#1095,#1096,#1097,
    #1098,#1099,#1100,#1101,#1102,#1103,#1104,#1105,#1106,#1107,#1108,
    #1109,#1110,#1111,#1112,#1113,#1114,#1115,#1116,#1117,#1118,#1119,
    #1120,#1121,#1122,#1123,#1124,#1125,#1126,#1127,#1128,#1129,#1130,
    #1131,#1132,#1133,#1134,#1135,#1136,#1137,#1138,#1139,#1140,#1141,
    #1142,#1143,#1144,#1145,#1146,#1147,#1148,#1149,#1150,#1151,#1152,
    #1153,#1154,#1155,#1156,#1157,#1158,#1159,#1160,#1161,#1162,#1163),
  .UNSPECIFIED.,.T.,.F.,(9,7,7,7,7,7,7,7,7,7,7,7,7,9),(0.,
    8.925265310863E-02,0.30234577996,0.520259061052,0.730403979577,
    0.832596992732,1.,1.189318529257,1.317458882139,1.474127782335,
    1.691179061963,1.809847295079,1.889622261357,1.992981100901),
  .UNSPECIFIED.);
#1071 = CARTESIAN_POINT('',(35.34190739927,103.28753390499,
    -25.67739874639));
#1072 = CARTESIAN_POINT('',(35.234968046022,103.28753390499,
    -25.82458813879));
#1073 = CARTESIAN_POINT('',(35.13569622933,103.27992504856,
    -25.97733570723));
#1074 = CARTESIAN_POINT('',(35.044789111832,103.2647882343,
    -26.13450492693));
#1075 = CARTESIAN_POINT('',(34.962732932967,103.24232222187,
    -26.2949931941));
#1076 = CARTESIAN_POINT('',(34.889803008971,103.21284363203,
    -26.45773182598));
#1077 = CARTESIAN_POINT('',(34.826063732883,103.17678694661,
    -26.62168606078));
#1078 = CARTESIAN_POINT('',(34.77136857454,103.13470450854,
    -26.78585505776));
#1079 = CARTESIAN_POINT('',(34.615513555032,102.97400704355,
    -27.33943402757));
#1080 = CARTESIAN_POINT('',(34.555884735321,102.83049346993,
    -27.72378901377));
#1081 = CARTESIAN_POINT('',(34.540143820726,102.66351580397,
    -28.09623379951));
#1082 = CARTESIAN_POINT('',(34.562317301013,102.47874908162,
    -28.45251971032));
#1083 = CARTESIAN_POINT('',(34.616659328351,102.2809224588,
    -28.79023404534));
#1084 = CARTESIAN_POINT('',(34.698316880274,102.07353879431,
    -29.10847180303));
#1085 = CARTESIAN_POINT('',(34.803573677744,101.85878859218,
    -29.40760358366));
#1086 = CARTESIAN_POINT('',(35.060292922885,101.41072582548,
    -29.97647546153));
#1087 = CARTESIAN_POINT('',(35.212259014668,101.1779536105,
    -30.24431863714));
#1088 = CARTESIAN_POINT('',(35.383573544659,100.94047085562,
    -30.49293297103));
#1089 = CARTESIAN_POINT('',(35.572175701096,100.69955256478,
    -30.72240012204));
#1090 = CARTESIAN_POINT('',(35.776351184321,100.45629976141,
    -30.93274372115));
#1091 = CARTESIAN_POINT('',(35.994774885714,100.21163356628,
    -31.12387207049));
#1092 = CARTESIAN_POINT('',(36.226458888881,99.966309237391,
    -31.2956067419));
#1093 = CARTESIAN_POINT('',(36.706603356235,99.484246595133,
    -31.59399044345));
#1094 = CARTESIAN_POINT('',(36.95381941175,99.247867348139,
    -31.72180966601));
#1095 = CARTESIAN_POINT('',(37.212044406274,99.012249451227,
    -31.8306877677));
#1096 = CARTESIAN_POINT('',(37.480835837147,98.778094683562,
    -31.91987308257));
#1097 = CARTESIAN_POINT('',(37.759717558839,98.546308946015,
    -31.98829752366));
#1098 = CARTESIAN_POINT('',(38.048213456587,98.318033865248,
    -32.0344864039));
#1099 = CARTESIAN_POINT('',(38.345819613925,98.094640205692,
    -32.05662337512));
#1100 = CARTESIAN_POINT('',(38.801355923202,97.772453083632,
    -32.04956544995));
#1101 = CARTESIAN_POINT('',(38.952410084658,97.668669202365,
    -32.040899266));
#1102 = CARTESIAN_POINT('',(39.105437454244,97.566716822584,
    -32.02556470718));
#1103 = CARTESIAN_POINT('',(39.260348274282,97.466866185571,
    -32.00319412894));
#1104 = CARTESIAN_POINT('',(39.416996396999,97.369454995848,
    -31.97337430424));
#1105 = CARTESIAN_POINT('',(39.575178883559,97.274888832628,
    -31.93564799295));
#1106 = CARTESIAN_POINT('',(39.734637080249,97.183644911436,
    -31.88950647328));
#1107 = CARTESIAN_POINT('',(40.157847592763,96.953164876605,
    -31.74405860905));
#1108 = CARTESIAN_POINT('',(40.424217019669,96.819919022479,
    -31.62926655486));
#1109 = CARTESIAN_POINT('',(40.692137074409,96.699486336605,
    -31.48741309928));
#1110 = CARTESIAN_POINT('',(40.957841754689,96.596072416766,
    -31.31597482849));
#1111 = CARTESIAN_POINT('',(41.216230542229,96.514344737204,
    -31.11352282278));
#1112 = CARTESIAN_POINT('',(41.460891292939,96.459167468077,
    -30.88008830858));
#1113 = CARTESIAN_POINT('',(41.684550270886,96.434510891558,
    -30.61842916842));
#1114 = CARTESIAN_POINT('',(42.102645155947,96.446583124529,
    -30.02036126755));
#1115 = CARTESIAN_POINT('',(42.287309181489,96.49170394055,
    -29.68168579054));
#1116 = CARTESIAN_POINT('',(42.427912709832,96.573883185292,
    -29.33421476131));
#1117 = CARTESIAN_POINT('',(42.526959285033,96.686019883793,
    -28.98745550163));
#1118 = CARTESIAN_POINT('',(42.587971804107,96.821562209192,
    -28.64831810892));
#1119 = CARTESIAN_POINT('',(42.616160529593,96.974155295261,
    -28.32122575492));
#1120 = CARTESIAN_POINT('',(42.616195375962,97.139161587346,
    -28.00824564981));
#1121 = CARTESIAN_POINT('',(42.575093849684,97.432167240422,
    -27.50692617788));
#1122 = CARTESIAN_POINT('',(42.547233891414,97.555058777356,
    -27.31071306184));
#1123 = CARTESIAN_POINT('',(42.509158568276,97.681769599363,
    -27.12064001734));
#1124 = CARTESIAN_POINT('',(42.461724993187,97.811637397966,
    -26.93672778111));
#1125 = CARTESIAN_POINT('',(42.405663024054,97.944112435606,
    -26.75897311873));
#1126 = CARTESIAN_POINT('',(42.341592630724,98.078749629136,
    -26.58733675343));
#1127 = CARTESIAN_POINT('',(42.270017098467,98.215209033485,
    -26.4217476901));
#1128 = CARTESIAN_POINT('',(42.095103008009,98.522031795534,
    -26.06692315826));
#1129 = CARTESIAN_POINT('',(41.988298627969,98.693077746842,
    -25.8807486266));
#1130 = CARTESIAN_POINT('',(41.871663595774,98.865894210217,
    -25.70345233658));
#1131 = CARTESIAN_POINT('',(41.745798059934,99.04004501112,
    -25.53501841483));
#1132 = CARTESIAN_POINT('',(41.611199697879,99.215143446141,
    -25.37549163278));
#1133 = CARTESIAN_POINT('',(41.468280947183,99.390847921033,
    -25.22495977706));
#1134 = CARTESIAN_POINT('',(41.317365870605,99.566861013596,
    -25.08355731965));
#1135 = CARTESIAN_POINT('',(40.938841043162,99.986853957439,
    -24.76848739048));
#1136 = CARTESIAN_POINT('',(40.704303568379,100.23064583157,
    -24.60356758935));
#1137 = CARTESIAN_POINT('',(40.45562665418,100.47373881562,
    -24.45707960159));
#1138 = CARTESIAN_POINT('',(40.193270556648,100.71538917577,
    -24.32990672032));
#1139 = CARTESIAN_POINT('',(39.917720381428,100.95468706287,
    -24.22327510954));
#1140 = CARTESIAN_POINT('',(39.629475526769,101.19054300523,
    -24.13881011609));
#1141 = CARTESIAN_POINT('',(39.329089191713,101.42169380724,
    -24.07848040901));
#1142 = CARTESIAN_POINT('',(38.846245401093,101.76960541571,
    -24.02686003775));
#1143 = CARTESIAN_POINT('',(38.672166588134,101.89064066333,
    -24.01668385944));
#1144 = CARTESIAN_POINT('',(38.494749909404,102.00949027721,
    -24.01501874635));
#1145 = CARTESIAN_POINT('',(38.314142535404,102.12581846726,
    -24.02239351846));
#1146 = CARTESIAN_POINT('',(38.130577689553,102.23920339912,
    -24.03940534625));
#1147 = CARTESIAN_POINT('',(37.944378432378,102.3491391782,
    -24.06671308369));
#1148 = CARTESIAN_POINT('',(37.7559582904,102.45503312732,
    -24.10504363667));
#1149 = CARTESIAN_POINT('',(37.437997014983,102.6242068943,
    -24.18893672812));
#1150 = CARTESIAN_POINT('',(37.309436236467,102.69006416479,
    -24.22798890023));
#1151 = CARTESIAN_POINT('',(37.180302488474,102.75354456504,
    -24.27263218531));
#1152 = CARTESIAN_POINT('',(37.050821242117,102.81439398848,
    -24.32311122609));
#1153 = CARTESIAN_POINT('',(36.921277345325,102.8723298262,
    -24.3796510061));
#1154 = CARTESIAN_POINT('',(36.792015022836,102.92704096702,
    -24.44245684971));
#1155 = CARTESIAN_POINT('',(36.663437876201,102.97818779746,
    -24.5117144221));
#1156 = CARTESIAN_POINT('',(36.370908058361,103.0865746003,
    -24.68589605353));
#1157 = CARTESIAN_POINT('',(36.207469032726,103.14131167493,
    -24.79531834922));
#1158 = CARTESIAN_POINT('',(36.047118758769,103.18855570041,
    -24.91619520896));
#1159 = CARTESIAN_POINT('',(35.891287980081,103.22742286861,
    -25.04848165444));
#1160 = CARTESIAN_POINT('',(35.74141123195,103.25720328854,
    -25.19174913646));
#1161 = CARTESIAN_POINT('',(35.598926841364,103.27736098627,
    -25.34518553494));
#1162 = CARTESIAN_POINT('',(35.465276927009,103.28753390499,
    -25.50759515887));
#1163 = CARTESIAN_POINT('',(35.34190739927,103.28753390499,
    -25.67739874639));
#1164 = PCURVE('',#239,#1165);
#1165 = DEFINITIONAL_REPRESENTATION('',(#1166),#1302);
#1166 = B_SPLINE_CURVE_WITH_KNOTS('',3,(#1167,#1168,#1169,#1170,#1171,
    #1172,#1173,#1174,#1175,#1176,#1177,#1178,#1179,#1180,#1181,#1182,
    #1183,#1184,#1185,#1186,#1187,#1188,#1189,#1190,#1191,#1192,#1193,
    #1194,#1195,#1196,#1197,#1198,#1199,#1200,#1201,#1202,#1203,#1204,
    #1205,#1206,#1207,#1208,#1209,#1210,#1211,#1212,#1213,#1214,#1215,
    #1216,#1217,#1218,#1219,#1220,#1221,#1222,#1223,#1224,#1225,#1226,
    #1227,#1228,#1229,#1230,#1231,#1232,#1233,#1234,#1235,#1236,#1237,
    #1238,#1239,#1240,#1241,#1242,#1243,#1244,#1245,#1246,#1247,#1248,
    #1249,#1250,#1251,#1252,#1253,#1254,#1255,#1256,#1257,#1258,#1259,
    #1260,#1261,#1262,#1263,#1264,#1265,#1266,#1267,#1268,#1269,#1270,
    #1271,#1272,#1273,#1274,#1275,#1276,#1277,#1278,#1279,#1280,#1281,
    #1282,#1283,#1284,#1285,#1286,#1287,#1288,#1289,#1290,#1291,#1292,
    #1293,#1294,#1295,#1296,#1297,#1298,#1299,#1300,#1301),
  .UNSPECIFIED.,.T.,.F.,(4,1,1,1,1,1,1,1,1,1,1,1,1,1,1,1,1,1,1,1,1,1,1,1
    ,1,1,1,1,1,1,1,1,1,1,1,1,1,1,1,1,1,1,1,1,1,1,1,1,1,1,1,1,1,1,1,1,1,1
    ,1,1,1,1,1,1,1,1,1,1,1,1,1,1,1,1,1,1,1,1,1,1,1,1,1,1,1,1,1,1,1,1,1,1
    ,1,1,1,1,1,1,1,1,1,1,1,1,1,1,1,1,1,1,1,1,1,1,1,1,1,1,1,1,1,1,1,1,1,1
    ,1,1,1,1,1,1,4),(0.,1.50983416735E-02,3.019668334699E-02,
    4.529502502049E-02,6.039336669398E-02,7.549170836748E-02,
    9.059005004097E-02,0.105688391714,0.120786733388,0.135885075061,
    0.150983416735,0.166081758408,0.181180100082,0.196278441755,
    0.211376783429,0.226475125102,0.241573466776,0.256671808449,
    0.271770150123,0.286868491796,0.30196683347,0.317065175143,
    0.332163516817,0.34726185849,0.362360200164,0.377458541837,
    0.392556883511,0.407655225184,0.422753566858,0.437851908531,
    0.452950250205,0.468048591878,0.483146933552,0.498245275225,
    0.513343616899,0.528441958572,0.543540300246,0.558638641919,
    0.573736983593,0.588835325266,0.60393366694,0.619032008613,
    0.634130350287,0.64922869196,0.664327033634,0.679425375307,
    0.694523716981,0.709622058654,0.724720400328,0.739818742001,
    0.754917083675,0.770015425348,0.785113767022,0.800212108695,
    0.815310450369,0.830408792042,0.845507133716,0.860605475389,
    0.875703817063,0.890802158736,0.90590050041,0.920998842083,
    0.936097183757,0.95119552543,0.966293867104,0.981392208777,
    0.996490550451,1.011588892124,1.026687233798,1.041785575471,
    1.056883917145,1.071982258818,1.087080600492,1.102178942165,
    1.117277283839,1.132375625512,1.147473967186,1.162572308859,
    1.177670650533,1.192768992206,1.20786733388,1.222965675553,
    1.238064017227,1.2531623589,1.268260700574,1.283359042247,
    1.298457383921,1.313555725594,1.328654067268,1.343752408941,
    1.358850750615,1.373949092288,1.389047433962,1.404145775635,
    1.419244117309,1.434342458982,1.449440800656,1.464539142329,
    1.479637484003,1.494735825676,1.50983416735,1.524932509023,
    1.540030850697,1.55512919237,1.570227534044,1.585325875717,
    1.600424217391,1.615522559064,1.630620900738,1.645719242411,
    1.660817584085,1.675915925758,1.691014267432,1.706112609105,
    1.721210950779,1.736309292452,1.751407634125,1.766505975799,
    1.781604317472,1.796702659146,1.811801000819,1.826899342493,
    1.841997684166,1.85709602584,1.872194367513,1.887292709187,
    1.90239105086,1.917489392534,1.932587734207,1.947686075881,
    1.962784417554,1.977882759228,1.992981100901),
  .QUASI_UNIFORM_KNOTS.);
#1167 = CARTESIAN_POINT('',(0.628318530718,0.936340729575));
#1168 = CARTESIAN_POINT('',(0.63019769446,0.93634106675));
#1169 = CARTESIAN_POINT('',(0.633954241084,0.936247433125));
#1170 = CARTESIAN_POINT('',(0.639536245648,0.935833470436));
#1171 = CARTESIAN_POINT('',(0.645015782711,0.935153847759));
#1172 = CARTESIAN_POINT('',(0.650350827813,0.93422187529));
#1173 = CARTESIAN_POINT('',(0.655503938074,0.933054459444));
#1174 = CARTESIAN_POINT('',(0.660446066561,0.931671989086));
#1175 = CARTESIAN_POINT('',(0.665145192381,0.930100128487));
#1176 = CARTESIAN_POINT('',(0.669594201297,0.928358563364));
#1177 = CARTESIAN_POINT('',(0.673792585267,0.926464955056));
#1178 = CARTESIAN_POINT('',(0.677740429571,0.924436115734));
#1179 = CARTESIAN_POINT('',(0.681439809043,0.922287666317));
#1180 = CARTESIAN_POINT('',(0.684894175727,0.920034093049));
#1181 = CARTESIAN_POINT('',(0.688108270596,0.917688692865));
#1182 = CARTESIAN_POINT('',(0.691087888632,0.915263545986));
#1183 = CARTESIAN_POINT('',(0.693839681117,0.91276948278));
#1184 = CARTESIAN_POINT('',(0.696370955386,0.9102160454));
#1185 = CARTESIAN_POINT('',(0.69868946362,0.90761147882));
#1186 = CARTESIAN_POINT('',(0.700803262225,0.904962612659));
#1187 = CARTESIAN_POINT('',(0.702720324175,0.902275150904));
#1188 = CARTESIAN_POINT('',(0.704449085883,0.899552434037));
#1189 = CARTESIAN_POINT('',(0.705995505487,0.8967998898));
#1190 = CARTESIAN_POINT('',(0.707364456154,0.894024701475));
#1191 = CARTESIAN_POINT('',(0.708562736337,0.891229587048));
#1192 = CARTESIAN_POINT('',(0.70959591529,0.888418163094));
#1193 = CARTESIAN_POINT('',(0.710469272296,0.885593527477));
#1194 = CARTESIAN_POINT('',(0.711187616188,0.882758653442));
#1195 = CARTESIAN_POINT('',(0.71175538519,0.879916295899));
#1196 = CARTESIAN_POINT('',(0.712176655786,0.877069026502));
#1197 = CARTESIAN_POINT('',(0.712455163156,0.87421923258));
#1198 = CARTESIAN_POINT('',(0.712594308234,0.87136912496));
#1199 = CARTESIAN_POINT('',(0.712597158985,0.868520740807));
#1200 = CARTESIAN_POINT('',(0.712466447549,0.865675952901));
#1201 = CARTESIAN_POINT('',(0.712204552747,0.862836454146));
#1202 = CARTESIAN_POINT('',(0.711813508834,0.860003830895));
#1203 = CARTESIAN_POINT('',(0.711294884786,0.857179301835));
#1204 = CARTESIAN_POINT('',(0.710650494721,0.854366560814));
#1205 = CARTESIAN_POINT('',(0.709881411869,0.851566597863));
#1206 = CARTESIAN_POINT('',(0.708988407762,0.848780997611));
#1207 = CARTESIAN_POINT('',(0.707971926122,0.846011413678));
#1208 = CARTESIAN_POINT('',(0.706832110634,0.843259708238));
#1209 = CARTESIAN_POINT('',(0.705568807065,0.840527915055));
#1210 = CARTESIAN_POINT('',(0.704181561781,0.837818251383));
#1211 = CARTESIAN_POINT('',(0.702669610372,0.835133118394));
#1212 = CARTESIAN_POINT('',(0.701031856889,0.832475106617));
#1213 = CARTESIAN_POINT('',(0.699266840655,0.829847002336));
#1214 = CARTESIAN_POINT('',(0.697372690309,0.827251797188));
#1215 = CARTESIAN_POINT('',(0.695347052778,0.824692699404));
#1216 = CARTESIAN_POINT('',(0.693187025552,0.822173154884));
#1217 = CARTESIAN_POINT('',(0.690888965221,0.819696851805));
#1218 = CARTESIAN_POINT('',(0.688450436685,0.817269700122));
#1219 = CARTESIAN_POINT('',(0.685867041456,0.814896520198));
#1220 = CARTESIAN_POINT('',(0.683134574245,0.812583560031));
#1221 = CARTESIAN_POINT('',(0.680248694504,0.810338045063));
#1222 = CARTESIAN_POINT('',(0.677204646851,0.808168102406));
#1223 = CARTESIAN_POINT('',(0.673998451148,0.806083564799));
#1224 = CARTESIAN_POINT('',(0.670621951001,0.804092973204));
#1225 = CARTESIAN_POINT('',(0.667064828926,0.802206175368));
#1226 = CARTESIAN_POINT('',(0.663328668591,0.800441063226));
#1227 = CARTESIAN_POINT('',(0.659415420994,0.798815665328));
#1228 = CARTESIAN_POINT('',(0.655330730876,0.797349546445));
#1229 = CARTESIAN_POINT('',(0.651083455046,0.796062784698));
#1230 = CARTESIAN_POINT('',(0.646686260193,0.79497551573));
#1231 = CARTESIAN_POINT('',(0.642156117605,0.794107176971));
#1232 = CARTESIAN_POINT('',(0.637514759254,0.793475603839));
#1233 = CARTESIAN_POINT('',(0.632790258038,0.793095913222));
#1234 = CARTESIAN_POINT('',(0.62801527215,0.792978958324));
#1235 = CARTESIAN_POINT('',(0.62323890295,0.793129960795));
#1236 = CARTESIAN_POINT('',(0.618529128364,0.793542135965));
#1237 = CARTESIAN_POINT('',(0.613910822708,0.794202883841));
#1238 = CARTESIAN_POINT('',(0.609410237605,0.795096333655));
#1239 = CARTESIAN_POINT('',(0.605045944153,0.796204467977));
#1240 = CARTESIAN_POINT('',(0.600832541122,0.797508189339));
#1241 = CARTESIAN_POINT('',(0.596780607782,0.798988072653));
#1242 = CARTESIAN_POINT('',(0.592897422622,0.800624969175));
#1243 = CARTESIAN_POINT('',(0.589187322665,0.802400486107));
#1244 = CARTESIAN_POINT('',(0.58565202681,0.804297420852));
#1245 = CARTESIAN_POINT('',(0.582291009369,0.806300060439));
#1246 = CARTESIAN_POINT('',(0.579101426298,0.808394783928));
#1247 = CARTESIAN_POINT('',(0.576079588934,0.810569371698));
#1248 = CARTESIAN_POINT('',(0.573215996954,0.812817336282));
#1249 = CARTESIAN_POINT('',(0.570504629154,0.815131743136));
#1250 = CARTESIAN_POINT('',(0.56794106722,0.817505631025));
#1251 = CARTESIAN_POINT('',(0.565521158023,0.819932956461));
#1252 = CARTESIAN_POINT('',(0.563241221865,0.822408295449));
#1253 = CARTESIAN_POINT('',(0.561097893006,0.824926898728));
#1254 = CARTESIAN_POINT('',(0.559088112079,0.82748465013));
#1255 = CARTESIAN_POINT('',(0.557209060481,0.830078117167));
#1256 = CARTESIAN_POINT('',(0.555458311885,0.832704370702));
#1257 = CARTESIAN_POINT('',(0.553834524419,0.835359702772));
#1258 = CARTESIAN_POINT('',(0.552335961486,0.838041789072));
#1259 = CARTESIAN_POINT('',(0.550961520013,0.840748162199));
#1260 = CARTESIAN_POINT('',(0.549710427359,0.84347655555));
#1261 = CARTESIAN_POINT('',(0.548582272623,0.846224803051));
#1262 = CARTESIAN_POINT('',(0.547576962723,0.848990862255));
#1263 = CARTESIAN_POINT('',(0.546694712892,0.851772797092));
#1264 = CARTESIAN_POINT('',(0.545936035576,0.854568806358));
#1265 = CARTESIAN_POINT('',(0.545301754906,0.857377115922));
#1266 = CARTESIAN_POINT('',(0.544792966881,0.860196375124));
#1267 = CARTESIAN_POINT('',(0.544411313704,0.863023652316));
#1268 = CARTESIAN_POINT('',(0.54415840668,0.86585759587));
#1269 = CARTESIAN_POINT('',(0.544036274156,0.868696678845));
#1270 = CARTESIAN_POINT('',(0.544047300772,0.87153921324));
#1271 = CARTESIAN_POINT('',(0.544194219859,0.874383342958));
#1272 = CARTESIAN_POINT('',(0.544480100008,0.877227041621));
#1273 = CARTESIAN_POINT('',(0.54490834083,0.88006810822));
#1274 = CARTESIAN_POINT('',(0.54548267398,0.882904162692));
#1275 = CARTESIAN_POINT('',(0.54620717056,0.885732639889));
#1276 = CARTESIAN_POINT('',(0.54708625786,0.888550785416));
#1277 = CARTESIAN_POINT('',(0.548124739455,0.891355639999));
#1278 = CARTESIAN_POINT('',(0.549327849809,0.894144060911));
#1279 = CARTESIAN_POINT('',(0.550701238579,0.896912597892));
#1280 = CARTESIAN_POINT('',(0.5522512899,0.899657902883));
#1281 = CARTESIAN_POINT('',(0.553984281189,0.902375135992));
#1282 = CARTESIAN_POINT('',(0.555906614003,0.905058828048));
#1283 = CARTESIAN_POINT('',(0.558025740058,0.907703923981));
#1284 = CARTESIAN_POINT('',(0.560349058013,0.910304086325));
#1285 = CARTESIAN_POINT('',(0.562884104522,0.912852144654));
#1286 = CARTESIAN_POINT('',(0.565638469155,0.915339982999));
#1287 = CARTESIAN_POINT('',(0.568619625518,0.917758485814));
#1288 = CARTESIAN_POINT('',(0.571835478954,0.920097767085));
#1289 = CARTESIAN_POINT('',(0.575292147222,0.922346127758));
#1290 = CARTESIAN_POINT('',(0.578995304786,0.92449007309));
#1291 = CARTESIAN_POINT('',(0.582948474656,0.926514886268));
#1292 = CARTESIAN_POINT('',(0.58715229176,0.928404401183));
#1293 = CARTESIAN_POINT('',(0.591603747278,0.930140415312));
#1294 = CARTESIAN_POINT('',(0.596299147691,0.931705413266));
#1295 = CARTESIAN_POINT('',(0.601227204842,0.933078821063));
#1296 = CARTESIAN_POINT('',(0.606364058079,0.934237252134));
#1297 = CARTESIAN_POINT('',(0.611680745408,0.935161781678));
#1298 = CARTESIAN_POINT('',(0.617141194925,0.935836319846));
#1299 = CARTESIAN_POINT('',(0.622703640133,0.936247775078));
#1300 = CARTESIAN_POINT('',(0.626446458139,0.936341013598));
#1301 = CARTESIAN_POINT('',(0.628318530718,0.936340729575));
#1302 = ( GEOMETRIC_REPRESENTATION_CONTEXT(2) 
PARAMETRIC_REPRESENTATION_CONTEXT() REPRESENTATION_CONTEXT('2D SPACE',''
  ) );
#1303 = PCURVE('',#1304,#1309);
#1304 = CYLINDRICAL_SURFACE('',#1305,4.015);
#1305 = AXIS2_PLACEMENT_3D('',#1306,#1307,#1308);
#1306 = CARTESIAN_POINT('',(38.590110631685,0.,-28.03735653435));
#1307 = DIRECTION('',(0.,1.,0.));
#1308 = DIRECTION('',(-0.809016994375,0.,0.587785252292));
#1309 = DEFINITIONAL_REPRESENTATION('',(#1310),#1446);
#1310 = B_SPLINE_CURVE_WITH_KNOTS('',3,(#1311,#1312,#1313,#1314,#1315,
    #1316,#1317,#1318,#1319,#1320,#1321,#1322,#1323,#1324,#1325,#1326,
    #1327,#1328,#1329,#1330,#1331,#1332,#1333,#1334,#1335,#1336,#1337,
    #1338,#1339,#1340,#1341,#1342,#1343,#1344,#1345,#1346,#1347,#1348,
    #1349,#1350,#1351,#1352,#1353,#1354,#1355,#1356,#1357,#1358,#1359,
    #1360,#1361,#1362,#1363,#1364,#1365,#1366,#1367,#1368,#1369,#1370,
    #1371,#1372,#1373,#1374,#1375,#1376,#1377,#1378,#1379,#1380,#1381,
    #1382,#1383,#1384,#1385,#1386,#1387,#1388,#1389,#1390,#1391,#1392,
    #1393,#1394,#1395,#1396,#1397,#1398,#1399,#1400,#1401,#1402,#1403,
    #1404,#1405,#1406,#1407,#1408,#1409,#1410,#1411,#1412,#1413,#1414,
    #1415,#1416,#1417,#1418,#1419,#1420,#1421,#1422,#1423,#1424,#1425,
    #1426,#1427,#1428,#1429,#1430,#1431,#1432,#1433,#1434,#1435,#1436,
    #1437,#1438,#1439,#1440,#1441,#1442,#1443,#1444,#1445),
  .UNSPECIFIED.,.F.,.F.,(4,1,1,1,1,1,1,1,1,1,1,1,1,1,1,1,1,1,1,1,1,1,1,1
    ,1,1,1,1,1,1,1,1,1,1,1,1,1,1,1,1,1,1,1,1,1,1,1,1,1,1,1,1,1,1,1,1,1,1
    ,1,1,1,1,1,1,1,1,1,1,1,1,1,1,1,1,1,1,1,1,1,1,1,1,1,1,1,1,1,1,1,1,1,1
    ,1,1,1,1,1,1,1,1,1,1,1,1,1,1,1,1,1,1,1,1,1,1,1,1,1,1,1,1,1,1,1,1,1,1
    ,1,1,1,1,1,1,4),(0.,1.50983416735E-02,3.019668334699E-02,
    4.529502502049E-02,6.039336669398E-02,7.549170836748E-02,
    9.059005004097E-02,0.105688391714,0.120786733388,0.135885075061,
    0.150983416735,0.166081758408,0.181180100082,0.196278441755,
    0.211376783429,0.226475125102,0.241573466776,0.256671808449,
    0.271770150123,0.286868491796,0.30196683347,0.317065175143,
    0.332163516817,0.34726185849,0.362360200164,0.377458541837,
    0.392556883511,0.407655225184,0.422753566858,0.437851908531,
    0.452950250205,0.468048591878,0.483146933552,0.498245275225,
    0.513343616899,0.528441958572,0.543540300246,0.558638641919,
    0.573736983593,0.588835325266,0.60393366694,0.619032008613,
    0.634130350287,0.64922869196,0.664327033634,0.679425375307,
    0.694523716981,0.709622058654,0.724720400328,0.739818742001,
    0.754917083675,0.770015425348,0.785113767022,0.800212108695,
    0.815310450369,0.830408792042,0.845507133716,0.860605475389,
    0.875703817063,0.890802158736,0.90590050041,0.920998842083,
    0.936097183757,0.95119552543,0.966293867104,0.981392208777,
    0.996490550451,1.011588892124,1.026687233798,1.041785575471,
    1.056883917145,1.071982258818,1.087080600492,1.102178942165,
    1.117277283839,1.132375625512,1.147473967186,1.162572308859,
    1.177670650533,1.192768992206,1.20786733388,1.222965675553,
    1.238064017227,1.2531623589,1.268260700574,1.283359042247,
    1.298457383921,1.313555725594,1.328654067268,1.343752408941,
    1.358850750615,1.373949092288,1.389047433962,1.404145775635,
    1.419244117309,1.434342458982,1.449440800656,1.464539142329,
    1.479637484003,1.494735825676,1.50983416735,1.524932509023,
    1.540030850697,1.55512919237,1.570227534044,1.585325875717,
    1.600424217391,1.615522559064,1.630620900738,1.645719242411,
    1.660817584085,1.675915925758,1.691014267432,1.706112609105,
    1.721210950779,1.736309292452,1.751407634125,1.766505975799,
    1.781604317472,1.796702659146,1.811801000819,1.826899342493,
    1.841997684166,1.85709602584,1.872194367513,1.887292709187,
    1.90239105086,1.917489392534,1.932587734207,1.947686075881,
    1.962784417554,1.977882759228,1.992981100901),
  .QUASI_UNIFORM_KNOTS.);
#1311 = CARTESIAN_POINT('',(6.28318530718,103.28753390499));
#1312 = CARTESIAN_POINT('',(6.262740723524,103.28754741734));
#1313 = CARTESIAN_POINT('',(6.221865187916,103.28345868451));
#1314 = CARTESIAN_POINT('',(6.160834019492,103.26536892869));
#1315 = CARTESIAN_POINT('',(6.100340813723,103.23564989521));
#1316 = CARTESIAN_POINT('',(6.040590341038,103.19485029305));
#1317 = CARTESIAN_POINT('',(5.981770396987,103.14366963726));
#1318 = CARTESIAN_POINT('',(5.924022500907,103.08295577782));
#1319 = CARTESIAN_POINT('',(5.867580120271,103.01378692488));
#1320 = CARTESIAN_POINT('',(5.812425579947,102.93697908246));
#1321 = CARTESIAN_POINT('',(5.758494646948,102.85326200814));
#1322 = CARTESIAN_POINT('',(5.705740774095,102.76333120459));
#1323 = CARTESIAN_POINT('',(5.654115704157,102.66783389117));
#1324 = CARTESIAN_POINT('',(5.603572878466,102.56737191377));
#1325 = CARTESIAN_POINT('',(5.55406500289,102.46249955353));
#1326 = CARTESIAN_POINT('',(5.505543337311,102.35372225665));
#1327 = CARTESIAN_POINT('',(5.457956647727,102.24149489898));
#1328 = CARTESIAN_POINT('',(5.411250173483,102.12621961263));
#1329 = CARTESIAN_POINT('',(5.36536502977,102.00824479533));
#1330 = CARTESIAN_POINT('',(5.320235846183,101.88785897707));
#1331 = CARTESIAN_POINT('',(5.275794885295,101.76530324919));
#1332 = CARTESIAN_POINT('',(5.231951733974,101.64071362601));
#1333 = CARTESIAN_POINT('',(5.18866379427,101.51432385809));
#1334 = CARTESIAN_POINT('',(5.145923588087,101.38645237958));
#1335 = CARTESIAN_POINT('',(5.103662583842,101.25721534359));
#1336 = CARTESIAN_POINT('',(5.061835173261,101.12677220525));
#1337 = CARTESIAN_POINT('',(5.020394787915,100.99526064006));
#1338 = CARTESIAN_POINT('',(4.979299130976,100.8628144522));
#1339 = CARTESIAN_POINT('',(4.938507799418,100.72955913507));
#1340 = CARTESIAN_POINT('',(4.897982087213,100.59561333362));
#1341 = CARTESIAN_POINT('',(4.857684304023,100.46108865076));
#1342 = CARTESIAN_POINT('',(4.817577299761,100.32608986409));
#1343 = CARTESIAN_POINT('',(4.777623955771,100.19071491101));
#1344 = CARTESIAN_POINT('',(4.737786793477,100.05505518958));
#1345 = CARTESIAN_POINT('',(4.698027236929,99.919194655424));
#1346 = CARTESIAN_POINT('',(4.658306138227,99.783213254205));
#1347 = CARTESIAN_POINT('',(4.618579492576,99.64717404015));
#1348 = CARTESIAN_POINT('',(4.578838122335,99.51126071445));
#1349 = CARTESIAN_POINT('',(4.539034423851,99.375528053743));
#1350 = CARTESIAN_POINT('',(4.499128011582,99.240060214915));
#1351 = CARTESIAN_POINT('',(4.459077853966,99.104945701487));
#1352 = CARTESIAN_POINT('',(4.418843698131,98.970284160843));
#1353 = CARTESIAN_POINT('',(4.378385004957,98.836184727907));
#1354 = CARTESIAN_POINT('',(4.337660525413,98.702766704645));
#1355 = CARTESIAN_POINT('',(4.296627653593,98.57015968869));
#1356 = CARTESIAN_POINT('',(4.255241760593,98.43850394117));
#1357 = CARTESIAN_POINT('',(4.213455411399,98.307950799087));
#1358 = CARTESIAN_POINT('',(4.171217465302,98.178663246047));
#1359 = CARTESIAN_POINT('',(4.128471910981,98.050816552314));
#1360 = CARTESIAN_POINT('',(4.085156713492,97.924599444363));
#1361 = CARTESIAN_POINT('',(4.041201309828,97.800214316359));
#1362 = CARTESIAN_POINT('',(3.996561482296,97.67797727297));
#1363 = CARTESIAN_POINT('',(3.951158603883,97.558152010729));
#1364 = CARTESIAN_POINT('',(3.904921400822,97.441076411281));
#1365 = CARTESIAN_POINT('',(3.857777225352,97.327140535889));
#1366 = CARTESIAN_POINT('',(3.809647123829,97.216782991365));
#1367 = CARTESIAN_POINT('',(3.760462572903,97.110532295398));
#1368 = CARTESIAN_POINT('',(3.710089345229,97.0088540875));
#1369 = CARTESIAN_POINT('',(3.658364402847,96.912283037386));
#1370 = CARTESIAN_POINT('',(3.605292351401,96.821768850318));
#1371 = CARTESIAN_POINT('',(3.550865112073,96.738272832121));
#1372 = CARTESIAN_POINT('',(3.495108036891,96.662838690348));
#1373 = CARTESIAN_POINT('',(3.438069147687,96.596538938445));
#1374 = CARTESIAN_POINT('',(3.379825278945,96.540449650573));
#1375 = CARTESIAN_POINT('',(3.320486969948,96.495609427453));
#1376 = CARTESIAN_POINT('',(3.260204051199,96.462970420575));
#1377 = CARTESIAN_POINT('',(3.199187129221,96.44333820142));
#1378 = CARTESIAN_POINT('',(3.137688482466,96.437289518225));
#1379 = CARTESIAN_POINT('',(3.076160359862,96.445099019901));
#1380 = CARTESIAN_POINT('',(3.015299301341,96.466409705062));
#1381 = CARTESIAN_POINT('',(2.955260950167,96.500553544232));
#1382 = CARTESIAN_POINT('',(2.896237117799,96.546685348759));
#1383 = CARTESIAN_POINT('',(2.838341485627,96.603843317909));
#1384 = CARTESIAN_POINT('',(2.781657699176,96.671006502452));
#1385 = CARTESIAN_POINT('',(2.726237968422,96.747135816912));
#1386 = CARTESIAN_POINT('',(2.672110734021,96.831207047696));
#1387 = CARTESIAN_POINT('',(2.619283169267,96.922237017841));
#1388 = CARTESIAN_POINT('',(2.567742594214,97.019306896491));
#1389 = CARTESIAN_POINT('',(2.517458415562,97.121578114851));
#1390 = CARTESIAN_POINT('',(2.468376277915,97.228323124878));
#1391 = CARTESIAN_POINT('',(2.420437454498,97.338890161955));
#1392 = CARTESIAN_POINT('',(2.3734924445,97.452922342623));
#1393 = CARTESIAN_POINT('',(2.327441655809,97.570042051124));
#1394 = CARTESIAN_POINT('',(2.282210916877,97.689873015224));
#1395 = CARTESIAN_POINT('',(2.237728905247,97.81208793742));
#1396 = CARTESIAN_POINT('',(2.193930320601,97.936393151971));
#1397 = CARTESIAN_POINT('',(2.150752673629,98.062531154323));
#1398 = CARTESIAN_POINT('',(2.108135458019,98.190278193431));
#1399 = CARTESIAN_POINT('',(2.06601799813,98.319446471652));
#1400 = CARTESIAN_POINT('',(2.024341429421,98.449874736366));
#1401 = CARTESIAN_POINT('',(1.983067049779,98.581364686163));
#1402 = CARTESIAN_POINT('',(1.942140978741,98.713788201652));
#1403 = CARTESIAN_POINT('',(1.901517692348,98.847011261009));
#1404 = CARTESIAN_POINT('',(1.861153443795,98.98091101596));
#1405 = CARTESIAN_POINT('',(1.821007046656,99.115370747809));
#1406 = CARTESIAN_POINT('',(1.781038786931,99.250280961117));
#1407 = CARTESIAN_POINT('',(1.741210060419,99.385538482258));
#1408 = CARTESIAN_POINT('',(1.701482411986,99.521047764673));
#1409 = CARTESIAN_POINT('',(1.661818525256,99.656715654696));
#1410 = CARTESIAN_POINT('',(1.622176169549,99.792470328989));
#1411 = CARTESIAN_POINT('',(1.582535786128,99.928165065852));
#1412 = CARTESIAN_POINT('',(1.542855620983,100.06373048979));
#1413 = CARTESIAN_POINT('',(1.503096029416,100.19908962652));
#1414 = CARTESIAN_POINT('',(1.463218687507,100.33415884639));
#1415 = CARTESIAN_POINT('',(1.423186183001,100.4688476392));
#1416 = CARTESIAN_POINT('',(1.382961531429,100.6030586638));
#1417 = CARTESIAN_POINT('',(1.342507718447,100.73668768634));
#1418 = CARTESIAN_POINT('',(1.301787217882,100.8696235206));
#1419 = CARTESIAN_POINT('',(1.260761492659,101.00174789545));
#1420 = CARTESIAN_POINT('',(1.219390402036,101.13293540962));
#1421 = CARTESIAN_POINT('',(1.17763169991,101.26305296163));
#1422 = CARTESIAN_POINT('',(1.135439820369,101.39196087871));
#1423 = CARTESIAN_POINT('',(1.092766802188,101.51950737661));
#1424 = CARTESIAN_POINT('',(1.049554523784,101.64554749502));
#1425 = CARTESIAN_POINT('',(1.005758431241,101.76987017454));
#1426 = CARTESIAN_POINT('',(0.961334189857,101.8922387954));
#1427 = CARTESIAN_POINT('',(0.916218302833,102.01243876443));
#1428 = CARTESIAN_POINT('',(0.870354111596,102.13020040246));
#1429 = CARTESIAN_POINT('',(0.823683571048,102.24522013225));
#1430 = CARTESIAN_POINT('',(0.776147397129,102.35715579522));
#1431 = CARTESIAN_POINT('',(0.727685024331,102.46562476484));
#1432 = CARTESIAN_POINT('',(0.678225603267,102.57021432944));
#1433 = CARTESIAN_POINT('',(0.627714366837,102.67043626513));
#1434 = CARTESIAN_POINT('',(0.576097976873,102.76572621387));
#1435 = CARTESIAN_POINT('',(0.52333055035,102.85547197981));
#1436 = CARTESIAN_POINT('',(0.469381246713,102.93900268816));
#1437 = CARTESIAN_POINT('',(0.414242713286,103.01556138748));
#1438 = CARTESIAN_POINT('',(0.357881020951,103.08442548166));
#1439 = CARTESIAN_POINT('',(0.300326772201,103.14473968508));
#1440 = CARTESIAN_POINT('',(0.241716960951,103.19552415843));
#1441 = CARTESIAN_POINT('',(0.182186736999,103.23599617121));
#1442 = CARTESIAN_POINT('',(0.121910215001,103.26549217132));
#1443 = CARTESIAN_POINT('',(6.109380436893E-02,103.2834730167));
#1444 = CARTESIAN_POINT('',(2.036727383723E-02,103.28754499155));
#1445 = CARTESIAN_POINT('',(8.881784197001E-16,103.28753390499));
#1446 = ( GEOMETRIC_REPRESENTATION_CONTEXT(2) 
PARAMETRIC_REPRESENTATION_CONTEXT() REPRESENTATION_CONTEXT('2D SPACE',''
  ) );
#1447 = FACE_BOUND('',#1448,.T.);
#1448 = EDGE_LOOP('',(#1449));
#1449 = ORIENTED_EDGE('',*,*,#1450,.T.);
#1450 = EDGE_CURVE('',#1451,#1451,#1453,.T.);
#1451 = VERTEX_POINT('',#1452);
#1452 = CARTESIAN_POINT('',(13.49940739927,103.28753390499,
    -41.54690391435));
#1453 = SURFACE_CURVE('',#1454,(#1555,#1694),.PCURVE_S1.);
#1454 = B_SPLINE_CURVE_WITH_KNOTS('',8,(#1455,#1456,#1457,#1458,#1459,
    #1460,#1461,#1462,#1463,#1464,#1465,#1466,#1467,#1468,#1469,#1470,
    #1471,#1472,#1473,#1474,#1475,#1476,#1477,#1478,#1479,#1480,#1481,
    #1482,#1483,#1484,#1485,#1486,#1487,#1488,#1489,#1490,#1491,#1492,
    #1493,#1494,#1495,#1496,#1497,#1498,#1499,#1500,#1501,#1502,#1503,
    #1504,#1505,#1506,#1507,#1508,#1509,#1510,#1511,#1512,#1513,#1514,
    #1515,#1516,#1517,#1518,#1519,#1520,#1521,#1522,#1523,#1524,#1525,
    #1526,#1527,#1528,#1529,#1530,#1531,#1532,#1533,#1534,#1535,#1536,
    #1537,#1538,#1539,#1540,#1541,#1542,#1543,#1544,#1545,#1546,#1547,
    #1548,#1549,#1550,#1551,#1552,#1553,#1554),.UNSPECIFIED.,.T.,.F.,(9,
    7,7,7,7,7,7,7,7,7,7,7,7,7,9),(0.,8.961664671066E-02,0.282537623492,
    0.479151927319,0.672881863381,0.800401181683,0.895304036051,1.,
    1.109180064289,1.200010860793,1.361205874815,1.560882665966,
    1.67039604363,1.744341658624,1.837962575665),.UNSPECIFIED.);
#1455 = CARTESIAN_POINT('',(13.49940739927,103.28753390499,
    -41.54690391435));
#1456 = CARTESIAN_POINT('',(13.311059554598,103.28753390499,
    -41.60810183883));
#1457 = CARTESIAN_POINT('',(13.126199575199,103.27850188671,
    -41.67998723958));
#1458 = CARTESIAN_POINT('',(12.946417906965,103.26056833623,
    -41.76186702072));
#1459 = CARTESIAN_POINT('',(12.773033070109,103.2340148296,
    -41.85293334477));
#1460 = CARTESIAN_POINT('',(12.607091659161,103.19927403273,
    -41.95226363261));
#1461 = CARTESIAN_POINT('',(12.44936834297,103.15692970151,
    -42.05882056353));
#1462 = CARTESIAN_POINT('',(12.3003658647,103.10771668169,-42.1714520752
    ));
#1463 = CARTESIAN_POINT('',(11.858822601119,102.93369898494,
    -42.54170714149));
#1464 = CARTESIAN_POINT('',(11.599848731777,102.78723405083,
    -42.81637792282));
#1465 = CARTESIAN_POINT('',(11.381366245862,102.61937428782,
    -43.10512986777));
#1466 = CARTESIAN_POINT('',(11.200990159341,102.43524195425,
    -43.40178295152));
#1467 = CARTESIAN_POINT('',(11.055611187467,102.23910033353,
    -43.70159967613));
#1468 = CARTESIAN_POINT('',(10.942079298238,102.03408991718,
    -44.00140037246));
#1469 = CARTESIAN_POINT('',(10.857431704356,101.82218814038,
    -44.29949899909));
#1470 = CARTESIAN_POINT('',(10.740601953649,101.38154943802,
    -44.89765255927));
#1471 = CARTESIAN_POINT('',(10.70966098399,101.15334686085,
    -45.19657848193));
#1472 = CARTESIAN_POINT('',(10.704375346621,100.92074773094,
    -45.49139814237));
#1473 = CARTESIAN_POINT('',(10.723157195044,100.68492846431,
    -45.78105788625));
#1474 = CARTESIAN_POINT('',(10.764715820745,100.44690804968,
    -46.06464172041));
#1475 = CARTESIAN_POINT('',(10.828106966744,100.20754505913,
    -46.34135320443));
#1476 = CARTESIAN_POINT('',(10.912686073974,99.967549716399,
    -46.61050775478));
#1477 = CARTESIAN_POINT('',(11.122346110047,99.490920613648,
    -47.12861842739));
#1478 = CARTESIAN_POINT('',(11.246665745506,99.254628000374,
    -47.3774446051));
#1479 = CARTESIAN_POINT('',(11.391008738915,99.019080557342,
    -47.61744397593));
#1480 = CARTESIAN_POINT('',(11.555453234154,98.784978228516,
    -47.84775199478));
#1481 = CARTESIAN_POINT('',(11.740236717516,98.553222812307,
    -48.06723082053));
#1482 = CARTESIAN_POINT('',(11.945835238226,98.324949069266,
    -48.27441695128));
#1483 = CARTESIAN_POINT('',(12.172904202096,98.101518494686,
    -48.46755640117));
#1484 = CARTESIAN_POINT('',(12.587482483297,97.741913143886,
    -48.76054308101));
#1485 = CARTESIAN_POINT('',(12.761759938242,97.602213701395,
    -48.86955305717));
#1486 = CARTESIAN_POINT('',(12.946216228166,97.465957700443,
    -48.97068533017));
#1487 = CARTESIAN_POINT('',(13.14124905903,97.333828801982,
    -49.06304277477));
#1488 = CARTESIAN_POINT('',(13.347153553396,97.206791355758,
    -49.1454428944));
#1489 = CARTESIAN_POINT('',(13.564083933919,97.086074857577,
    -49.2164551084));
#1490 = CARTESIAN_POINT('',(13.792048768211,96.973176588362,
    -49.27440202684));
#1491 = CARTESIAN_POINT('',(14.208796200607,96.793058981485,
    -49.34918386059));
#1492 = CARTESIAN_POINT('',(14.392599707782,96.721455467076,
    -49.37286765084));
#1493 = CARTESIAN_POINT('',(14.582208276483,96.656149527582,
    -49.38720786355));
#1494 = CARTESIAN_POINT('',(14.777077511336,96.598157522498,
    -49.3912392672));
#1495 = CARTESIAN_POINT('',(14.976299719219,96.548463469041,
    -49.38415093379));
#1496 = CARTESIAN_POINT('',(15.178603909265,96.508019042151,
    -49.36528623886));
#1497 = CARTESIAN_POINT('',(15.382355792858,96.477743574493,
    -49.3341428615));
#1498 = CARTESIAN_POINT('',(15.809728367789,96.437321259331,
    -49.24208603409));
#1499 = CARTESIAN_POINT('',(16.033228278908,96.429578916111,
    -49.17842650435));
#1500 = CARTESIAN_POINT('',(16.252624999122,96.435784454269,
    -49.0999598159));
#1501 = CARTESIAN_POINT('',(16.465061403036,96.455918054498,
    -49.00763590058));
#1502 = CARTESIAN_POINT('',(16.668255757732,96.489452650713,
    -48.9027890012));
#1503 = CARTESIAN_POINT('',(16.860501722767,96.535353930047,
    -48.78713767154));
#1504 = CARTESIAN_POINT('',(17.040668350178,96.592080332853,
    -48.66278477639));
#1505 = CARTESIAN_POINT('',(17.382907158474,96.725891236655,
    -48.39605804447));
#1506 = CARTESIAN_POINT('',(17.544208962866,96.804095332132,
    -48.2526358578));
#1507 = CARTESIAN_POINT('',(17.692238777615,96.890709720897,
    -48.10357135079));
#1508 = CARTESIAN_POINT('',(17.827365150041,96.98438351597,
    -47.95026024174));
#1509 = CARTESIAN_POINT('',(17.950124952901,97.083932202603,
    -47.79385816567));
#1510 = CARTESIAN_POINT('',(18.06115644245,97.188369279247,
    -47.63526529202));
#1511 = CARTESIAN_POINT('',(18.161132316519,97.296937898528,
    -47.47511094231));
#1512 = CARTESIAN_POINT('',(18.325201315999,97.502489532102,
    -47.1794864642));
#1513 = CARTESIAN_POINT('',(18.392458673299,97.59829610339,
    -47.04447181031));
#1514 = CARTESIAN_POINT('',(18.452820071153,97.696228837541,
    -46.90895159245));
#1515 = CARTESIAN_POINT('',(18.506591852558,97.795999652513,
    -46.77314928361));
#1516 = CARTESIAN_POINT('',(18.554045617907,97.897361017045,
    -46.63725504916));
#1517 = CARTESIAN_POINT('',(18.595426204986,98.000103058311,
    -46.5014260112));
#1518 = CARTESIAN_POINT('',(18.630953507889,98.104052528955,
    -46.3657862117));
#1519 = CARTESIAN_POINT('',(18.713818099081,98.395451812147,
    -45.99020657112));
#1520 = CARTESIAN_POINT('',(18.748956321953,98.585105986804,
    -45.7509957088));
#1521 = CARTESIAN_POINT('',(18.767332647691,98.77727253314,
    -45.51329617056));
#1522 = CARTESIAN_POINT('',(18.769701771179,98.971300600083,
    -45.27760635445));
#1523 = CARTESIAN_POINT('',(18.756630598338,99.166625822692,
    -45.04439795383));
#1524 = CARTESIAN_POINT('',(18.728542723737,99.362761877635,
    -44.81410877931));
#1525 = CARTESIAN_POINT('',(18.685703217142,99.559299743043,
    -44.58714564164));
#1526 = CARTESIAN_POINT('',(18.556962233829,99.99944438909,
    -44.08734125296));
#1527 = CARTESIAN_POINT('',(18.463300900678,100.24281563841,
    -43.81679074872));
#1528 = CARTESIAN_POINT('',(18.347436920987,100.48545978235,
    -43.5528584841));
#1529 = CARTESIAN_POINT('',(18.209214577057,100.72663648006,
    -43.29652900027));
#1530 = CARTESIAN_POINT('',(18.048298814982,100.9654367399,
    -43.04908120544));
#1531 = CARTESIAN_POINT('',(17.864134035126,101.20076983476,
    -42.81212716039));
#1532 = CARTESIAN_POINT('',(17.656008696929,101.43136932865,
    -42.58759006685));
#1533 = CARTESIAN_POINT('',(17.294516793485,101.7787616775,
    -42.26300232938));
#1534 = CARTESIAN_POINT('',(17.15894759595,101.8998406884,
    -42.15260157353));
#1535 = CARTESIAN_POINT('',(17.015641341564,102.01870854362,
    -42.04716826954));
#1536 = CARTESIAN_POINT('',(16.864404975869,102.13502500249,
    -41.94722319081));
#1537 = CARTESIAN_POINT('',(16.705076158975,102.24836226196,
    -41.85339460504));
#1538 = CARTESIAN_POINT('',(16.537530545071,102.35820705689,
    -41.76641488163));
#1539 = CARTESIAN_POINT('',(16.361678782655,102.463957979,
    -41.68712588525));
#1540 = CARTESIAN_POINT('',(16.053060474812,102.63308824248,
    -41.56880052952));
#1541 = CARTESIAN_POINT('',(15.924895280032,102.6990600152,
    -41.52505793728));
#1542 = CARTESIAN_POINT('',(15.792938152548,102.76260069339,
    -41.48558583869));
#1543 = CARTESIAN_POINT('',(15.657232027981,102.82344869668,
    -41.45072335374));
#1544 = CARTESIAN_POINT('',(15.517882276199,102.88131350356,
    -41.420828263));
#1545 = CARTESIAN_POINT('',(15.375056701309,102.93587565145,
    -41.39627700759));
#1546 = CARTESIAN_POINT('',(15.228985541666,102.98678673665,
    -41.37746468916));
#1547 = CARTESIAN_POINT('',(14.891285369682,103.09302654169,
    -41.3487770044));
#1548 = CARTESIAN_POINT('',(14.697667952739,103.14608009144,
    -41.34247358387));
#1549 = CARTESIAN_POINT('',(14.500048990064,103.19182805025,
    -41.3469375998));
#1550 = CARTESIAN_POINT('',(14.299576601576,103.22943441034,
    -41.36292094345));
#1551 = CARTESIAN_POINT('',(14.097607256093,103.25822916958,
    -41.39088460592));
#1552 = CARTESIAN_POINT('',(13.895705771326,103.27770833143,
    -41.43099867811));
#1553 = CARTESIAN_POINT('',(13.695645313884,103.28753390499,
    -41.48314235074));
#1554 = CARTESIAN_POINT('',(13.49940739927,103.28753390499,
    -41.54690391435));
#1555 = PCURVE('',#239,#1556);
#1556 = DEFINITIONAL_REPRESENTATION('',(#1557),#1693);
#1557 = B_SPLINE_CURVE_WITH_KNOTS('',3,(#1558,#1559,#1560,#1561,#1562,
    #1563,#1564,#1565,#1566,#1567,#1568,#1569,#1570,#1571,#1572,#1573,
    #1574,#1575,#1576,#1577,#1578,#1579,#1580,#1581,#1582,#1583,#1584,
    #1585,#1586,#1587,#1588,#1589,#1590,#1591,#1592,#1593,#1594,#1595,
    #1596,#1597,#1598,#1599,#1600,#1601,#1602,#1603,#1604,#1605,#1606,
    #1607,#1608,#1609,#1610,#1611,#1612,#1613,#1614,#1615,#1616,#1617,
    #1618,#1619,#1620,#1621,#1622,#1623,#1624,#1625,#1626,#1627,#1628,
    #1629,#1630,#1631,#1632,#1633,#1634,#1635,#1636,#1637,#1638,#1639,
    #1640,#1641,#1642,#1643,#1644,#1645,#1646,#1647,#1648,#1649,#1650,
    #1651,#1652,#1653,#1654,#1655,#1656,#1657,#1658,#1659,#1660,#1661,
    #1662,#1663,#1664,#1665,#1666,#1667,#1668,#1669,#1670,#1671,#1672,
    #1673,#1674,#1675,#1676,#1677,#1678,#1679,#1680,#1681,#1682,#1683,
    #1684,#1685,#1686,#1687,#1688,#1689,#1690,#1691,#1692),
  .UNSPECIFIED.,.T.,.F.,(4,1,1,1,1,1,1,1,1,1,1,1,1,1,1,1,1,1,1,1,1,1,1,1
    ,1,1,1,1,1,1,1,1,1,1,1,1,1,1,1,1,1,1,1,1,1,1,1,1,1,1,1,1,1,1,1,1,1,1
    ,1,1,1,1,1,1,1,1,1,1,1,1,1,1,1,1,1,1,1,1,1,1,1,1,1,1,1,1,1,1,1,1,1,1
    ,1,1,1,1,1,1,1,1,1,1,1,1,1,1,1,1,1,1,1,1,1,1,1,1,1,1,1,1,1,1,1,1,1,1
    ,1,1,1,1,1,1,4),(0.,1.392395890655E-02,2.78479178131E-02,
    4.177187671966E-02,5.569583562621E-02,6.961979453276E-02,
    8.354375343931E-02,9.746771234586E-02,0.111391671252,0.125315630159,
    0.139239589066,0.153163547972,0.167087506879,0.181011465785,
    0.194935424692,0.208859383598,0.222783342505,0.236707301411,
    0.250631260318,0.264555219224,0.278479178131,0.292403137038,
    0.306327095944,0.320251054851,0.334175013757,0.348098972664,
    0.36202293157,0.375946890477,0.389870849383,0.40379480829,
    0.417718767197,0.431642726103,0.44556668501,0.459490643916,
    0.473414602823,0.487338561729,0.501262520636,0.515186479542,
    0.529110438449,0.543034397356,0.556958356262,0.570882315169,
    0.584806274075,0.598730232982,0.612654191888,0.626578150795,
    0.640502109701,0.654426068608,0.668350027515,0.682273986421,
    0.696197945328,0.710121904234,0.724045863141,0.737969822047,
    0.751893780954,0.76581773986,0.779741698767,0.793665657673,
    0.80758961658,0.821513575487,0.835437534393,0.8493614933,
    0.863285452206,0.877209411113,0.891133370019,0.905057328926,
    0.918981287832,0.932905246739,0.946829205646,0.960753164552,
    0.974677123459,0.988601082365,1.002525041272,1.016449000178,
    1.030372959085,1.044296917991,1.058220876898,1.072144835805,
    1.086068794711,1.099992753618,1.113916712524,1.127840671431,
    1.141764630337,1.155688589244,1.16961254815,1.183536507057,
    1.197460465963,1.21138442487,1.225308383777,1.239232342683,
    1.25315630159,1.267080260496,1.281004219403,1.294928178309,
    1.308852137216,1.322776096122,1.336700055029,1.350624013936,
    1.364547972842,1.378471931749,1.392395890655,1.406319849562,
    1.420243808468,1.434167767375,1.448091726281,1.462015685188,
    1.475939644095,1.489863603001,1.503787561908,1.517711520814,
    1.531635479721,1.545559438627,1.559483397534,1.57340735644,
    1.587331315347,1.601255274253,1.61517923316,1.629103192067,
    1.643027150973,1.65695110988,1.670875068786,1.684799027693,
    1.698722986599,1.712646945506,1.726570904412,1.740494863319,
    1.754418822226,1.768342781132,1.782266740039,1.796190698945,
    1.810114657852,1.824038616758,1.837962575665),
  .QUASI_UNIFORM_KNOTS.);
#1558 = CARTESIAN_POINT('',(1.256637061436,0.936340729575));
#1559 = CARTESIAN_POINT('',(1.258515818702,0.936341040582));
#1560 = CARTESIAN_POINT('',(1.262271451771,0.936247331518));
#1561 = CARTESIAN_POINT('',(1.267851834332,0.935833412459));
#1562 = CARTESIAN_POINT('',(1.273329496555,0.935154337387));
#1563 = CARTESIAN_POINT('',(1.278662592388,0.934223339871));
#1564 = CARTESIAN_POINT('',(1.283814571303,0.933056925102));
#1565 = CARTESIAN_POINT('',(1.288755542922,0.931674887396));
#1566 = CARTESIAN_POINT('',(1.293460324855,0.930101427287));
#1567 = CARTESIAN_POINT('',(1.297911211142,0.928359222307));
#1568 = CARTESIAN_POINT('',(1.302110333955,0.926465337246));
#1569 = CARTESIAN_POINT('',(1.306058001906,0.924436628584));
#1570 = CARTESIAN_POINT('',(1.309756877729,0.92228855121));
#1571 = CARTESIAN_POINT('',(1.313210683205,0.920035472964));
#1572 = CARTESIAN_POINT('',(1.31642434333,0.917690573604));
#1573 = CARTESIAN_POINT('',(1.319403728169,0.915265847753));
#1574 = CARTESIAN_POINT('',(1.322155493882,0.912772076028));
#1575 = CARTESIAN_POINT('',(1.324686895562,0.910218801912));
#1576 = CARTESIAN_POINT('',(1.327005606388,0.907614308993));
#1577 = CARTESIAN_POINT('',(1.329119548797,0.904965587111));
#1578 = CARTESIAN_POINT('',(1.331036686556,0.902278338949));
#1579 = CARTESIAN_POINT('',(1.332764973059,0.899556828533));
#1580 = CARTESIAN_POINT('',(1.334311712918,0.896804306366));
#1581 = CARTESIAN_POINT('',(1.335680893851,0.894029238617));
#1582 = CARTESIAN_POINT('',(1.336879397183,0.891234282761));
#1583 = CARTESIAN_POINT('',(1.337912791523,0.888423048065));
#1584 = CARTESIAN_POINT('',(1.338786370284,0.885598614295));
#1585 = CARTESIAN_POINT('',(1.339504946487,0.882763943082));
#1586 = CARTESIAN_POINT('',(1.340072960714,0.879921779711));
#1587 = CARTESIAN_POINT('',(1.340494489164,0.877074689544));
#1588 = CARTESIAN_POINT('',(1.340773265529,0.874225056797));
#1589 = CARTESIAN_POINT('',(1.34091268873,0.871375092348));
#1590 = CARTESIAN_POINT('',(1.340915825154,0.868526837507));
#1591 = CARTESIAN_POINT('',(1.340785405952,0.865682170305));
#1592 = CARTESIAN_POINT('',(1.340523812498,0.862842801726));
#1593 = CARTESIAN_POINT('',(1.340133077783,0.860010305881));
#1594 = CARTESIAN_POINT('',(1.339614797269,0.857186020576));
#1595 = CARTESIAN_POINT('',(1.338970774521,0.854373522026));
#1596 = CARTESIAN_POINT('',(1.338202071426,0.851573765121));
#1597 = CARTESIAN_POINT('',(1.337309463355,0.848788355034));
#1598 = CARTESIAN_POINT('',(1.336293395139,0.8460189484));
#1599 = CARTESIAN_POINT('',(1.335154013082,0.843267412609));
#1600 = CARTESIAN_POINT('',(1.333891165492,0.840535783651));
#1601 = CARTESIAN_POINT('',(1.332504401182,0.837826279431));
#1602 = CARTESIAN_POINT('',(1.330992957804,0.835141300012));
#1603 = CARTESIAN_POINT('',(1.329355740306,0.832483432651));
#1604 = CARTESIAN_POINT('',(1.327591289071,0.829855460234));
#1605 = CARTESIAN_POINT('',(1.325697727101,0.827260363366));
#1606 = CARTESIAN_POINT('',(1.323672712545,0.824701359807));
#1607 = CARTESIAN_POINT('',(1.321513280758,0.822181820456));
#1608 = CARTESIAN_POINT('',(1.319215987147,0.819705666166));
#1609 = CARTESIAN_POINT('',(1.316779071182,0.817279396616));
#1610 = CARTESIAN_POINT('',(1.314197436013,0.81490701615));
#1611 = CARTESIAN_POINT('',(1.311466678184,0.812594602164));
#1612 = CARTESIAN_POINT('',(1.30858227498,0.810349280068));
#1613 = CARTESIAN_POINT('',(1.305539835233,0.808179465897));
#1614 = CARTESIAN_POINT('',(1.302335054139,0.806094796341));
#1615 = CARTESIAN_POINT('',(1.298963639753,0.804106105398));
#1616 = CARTESIAN_POINT('',(1.295421455699,0.802225617845));
#1617 = CARTESIAN_POINT('',(1.29170358919,0.800466345398));
#1618 = CARTESIAN_POINT('',(1.287809729461,0.798843747357));
#1619 = CARTESIAN_POINT('',(1.283741825607,0.797379215772));
#1620 = CARTESIAN_POINT('',(1.279507572962,0.796092389627));
#1621 = CARTESIAN_POINT('',(1.275119951926,0.795002659222));
#1622 = CARTESIAN_POINT('',(1.270597171463,0.794128992015));
#1623 = CARTESIAN_POINT('',(1.265963186898,0.793489547496));
#1624 = CARTESIAN_POINT('',(1.261245645117,0.793103842378));
#1625 = CARTESIAN_POINT('',(1.256488469091,0.792981006901));
#1626 = CARTESIAN_POINT('',(1.251736047288,0.793121405732));
#1627 = CARTESIAN_POINT('',(1.247027236892,0.793521470861));
#1628 = CARTESIAN_POINT('',(1.242397063671,0.794172474742));
#1629 = CARTESIAN_POINT('',(1.237876801107,0.795060591097));
#1630 = CARTESIAN_POINT('',(1.23349314911,0.796167521218));
#1631 = CARTESIAN_POINT('',(1.229272480581,0.79746755681));
#1632 = CARTESIAN_POINT('',(1.225224607555,0.798939015198));
#1633 = CARTESIAN_POINT('',(1.221348444229,0.800565747925));
#1634 = CARTESIAN_POINT('',(1.217645827452,0.802329837521));
#1635 = CARTESIAN_POINT('',(1.214115716306,0.804215602926));
#1636 = CARTESIAN_POINT('',(1.210755991858,0.806208685119));
#1637 = CARTESIAN_POINT('',(1.207563161786,0.808296509373));
#1638 = CARTESIAN_POINT('',(1.204532848194,0.810468187309));
#1639 = CARTESIAN_POINT('',(1.201659249505,0.812715307122));
#1640 = CARTESIAN_POINT('',(1.198938596889,0.815029191309));
#1641 = CARTESIAN_POINT('',(1.196366305161,0.817402874956));
#1642 = CARTESIAN_POINT('',(1.19393814623,0.819830299502));
#1643 = CARTESIAN_POINT('',(1.191650359372,0.822306047377));
#1644 = CARTESIAN_POINT('',(1.189499533054,0.824825361831));
#1645 = CARTESIAN_POINT('',(1.187482501846,0.827384208434));
#1646 = CARTESIAN_POINT('',(1.185596595382,0.829978946497));
#1647 = CARTESIAN_POINT('',(1.18383983413,0.832605850574));
#1648 = CARTESIAN_POINT('',(1.182210055708,0.835262328488));
#1649 = CARTESIAN_POINT('',(1.180705754978,0.837945711555));
#1650 = CARTESIAN_POINT('',(1.179325794725,0.84065354346));
#1651 = CARTESIAN_POINT('',(1.178069420555,0.843383492921));
#1652 = CARTESIAN_POINT('',(1.176936211095,0.846133368718));
#1653 = CARTESIAN_POINT('',(1.175926060013,0.848901112814));
#1654 = CARTESIAN_POINT('',(1.17503916455,0.851684788664));
#1655 = CARTESIAN_POINT('',(1.174276017232,0.854482618913));
#1656 = CARTESIAN_POINT('',(1.173637431191,0.857292836832));
#1657 = CARTESIAN_POINT('',(1.173124472461,0.860114237945));
#1658 = CARTESIAN_POINT('',(1.172738809559,0.862943856365));
#1659 = CARTESIAN_POINT('',(1.172482082101,0.865780091645));
#1660 = CARTESIAN_POINT('',(1.17235629449,0.868621506141));
#1661 = CARTESIAN_POINT('',(1.172363827753,0.871466405974));
#1662 = CARTESIAN_POINT('',(1.172507411207,0.874312950262));
#1663 = CARTESIAN_POINT('',(1.172790113478,0.877159117903));
#1664 = CARTESIAN_POINT('',(1.173215336108,0.880002711662));
#1665 = CARTESIAN_POINT('',(1.173786814187,0.882841351518));
#1666 = CARTESIAN_POINT('',(1.174508623025,0.885672469457));
#1667 = CARTESIAN_POINT('',(1.175385193684,0.888493304526));
#1668 = CARTESIAN_POINT('',(1.176421333755,0.891300889724));
#1669 = CARTESIAN_POINT('',(1.177622275084,0.894092064256));
#1670 = CARTESIAN_POINT('',(1.178993678834,0.896863383641));
#1671 = CARTESIAN_POINT('',(1.180541871831,0.89961140188));
#1672 = CARTESIAN_POINT('',(1.182273308812,0.902331553353));
#1673 = CARTESIAN_POINT('',(1.184194249973,0.905018102063));
#1674 = CARTESIAN_POINT('',(1.186312211196,0.907666085463));
#1675 = CARTESIAN_POINT('',(1.188634609168,0.910269157705));
#1676 = CARTESIAN_POINT('',(1.191169008206,0.912820151496));
#1677 = CARTESIAN_POINT('',(1.193923009575,0.91531093233));
#1678 = CARTESIAN_POINT('',(1.196904104701,0.917732370972));
#1679 = CARTESIAN_POINT('',(1.200120135329,0.920074505604));
#1680 = CARTESIAN_POINT('',(1.203577459724,0.92232577898));
#1681 = CARTESIAN_POINT('',(1.207281567335,0.924472569746));
#1682 = CARTESIAN_POINT('',(1.211236182434,0.926500159175));
#1683 = CARTESIAN_POINT('',(1.21544187544,0.928392292773));
#1684 = CARTESIAN_POINT('',(1.219895741455,0.930130926462));
#1685 = CARTESIAN_POINT('',(1.224593266565,0.931697832858));
#1686 = CARTESIAN_POINT('',(1.2295243164,0.933073371345));
#1687 = CARTESIAN_POINT('',(1.234664695527,0.934233748221));
#1688 = CARTESIAN_POINT('',(1.239985352474,0.935159883324));
#1689 = CARTESIAN_POINT('',(1.245450116036,0.935835563414));
#1690 = CARTESIAN_POINT('',(1.251017176654,0.936247655003));
#1691 = CARTESIAN_POINT('',(1.254763287674,0.936341019887));
#1692 = CARTESIAN_POINT('',(1.256637061436,0.936340729575));
#1693 = ( GEOMETRIC_REPRESENTATION_CONTEXT(2) 
PARAMETRIC_REPRESENTATION_CONTEXT() REPRESENTATION_CONTEXT('2D SPACE',''
  ) );
#1694 = PCURVE('',#1695,#1700);
#1695 = CYLINDRICAL_SURFACE('',#1696,4.015);
#1696 = AXIS2_PLACEMENT_3D('',#1697,#1698,#1699);
#1697 = CARTESIAN_POINT('',(14.740110631685,0.,-45.36539582727));
#1698 = DIRECTION('',(0.,1.,0.));
#1699 = DIRECTION('',(-0.309016994375,0.,0.951056516295));
#1700 = DEFINITIONAL_REPRESENTATION('',(#1701),#1837);
#1701 = B_SPLINE_CURVE_WITH_KNOTS('',3,(#1702,#1703,#1704,#1705,#1706,
    #1707,#1708,#1709,#1710,#1711,#1712,#1713,#1714,#1715,#1716,#1717,
    #1718,#1719,#1720,#1721,#1722,#1723,#1724,#1725,#1726,#1727,#1728,
    #1729,#1730,#1731,#1732,#1733,#1734,#1735,#1736,#1737,#1738,#1739,
    #1740,#1741,#1742,#1743,#1744,#1745,#1746,#1747,#1748,#1749,#1750,
    #1751,#1752,#1753,#1754,#1755,#1756,#1757,#1758,#1759,#1760,#1761,
    #1762,#1763,#1764,#1765,#1766,#1767,#1768,#1769,#1770,#1771,#1772,
    #1773,#1774,#1775,#1776,#1777,#1778,#1779,#1780,#1781,#1782,#1783,
    #1784,#1785,#1786,#1787,#1788,#1789,#1790,#1791,#1792,#1793,#1794,
    #1795,#1796,#1797,#1798,#1799,#1800,#1801,#1802,#1803,#1804,#1805,
    #1806,#1807,#1808,#1809,#1810,#1811,#1812,#1813,#1814,#1815,#1816,
    #1817,#1818,#1819,#1820,#1821,#1822,#1823,#1824,#1825,#1826,#1827,
    #1828,#1829,#1830,#1831,#1832,#1833,#1834,#1835,#1836),
  .UNSPECIFIED.,.F.,.F.,(4,1,1,1,1,1,1,1,1,1,1,1,1,1,1,1,1,1,1,1,1,1,1,1
    ,1,1,1,1,1,1,1,1,1,1,1,1,1,1,1,1,1,1,1,1,1,1,1,1,1,1,1,1,1,1,1,1,1,1
    ,1,1,1,1,1,1,1,1,1,1,1,1,1,1,1,1,1,1,1,1,1,1,1,1,1,1,1,1,1,1,1,1,1,1
    ,1,1,1,1,1,1,1,1,1,1,1,1,1,1,1,1,1,1,1,1,1,1,1,1,1,1,1,1,1,1,1,1,1,1
    ,1,1,1,1,1,1,4),(0.,1.392395890655E-02,2.78479178131E-02,
    4.177187671966E-02,5.569583562621E-02,6.961979453276E-02,
    8.354375343931E-02,9.746771234586E-02,0.111391671252,0.125315630159,
    0.139239589066,0.153163547972,0.167087506879,0.181011465785,
    0.194935424692,0.208859383598,0.222783342505,0.236707301411,
    0.250631260318,0.264555219224,0.278479178131,0.292403137038,
    0.306327095944,0.320251054851,0.334175013757,0.348098972664,
    0.36202293157,0.375946890477,0.389870849383,0.40379480829,
    0.417718767197,0.431642726103,0.44556668501,0.459490643916,
    0.473414602823,0.487338561729,0.501262520636,0.515186479542,
    0.529110438449,0.543034397356,0.556958356262,0.570882315169,
    0.584806274075,0.598730232982,0.612654191888,0.626578150795,
    0.640502109701,0.654426068608,0.668350027515,0.682273986421,
    0.696197945328,0.710121904234,0.724045863141,0.737969822047,
    0.751893780954,0.76581773986,0.779741698767,0.793665657673,
    0.80758961658,0.821513575487,0.835437534393,0.8493614933,
    0.863285452206,0.877209411113,0.891133370019,0.905057328926,
    0.918981287832,0.932905246739,0.946829205646,0.960753164552,
    0.974677123459,0.988601082365,1.002525041272,1.016449000178,
    1.030372959085,1.044296917991,1.058220876898,1.072144835805,
    1.086068794711,1.099992753618,1.113916712524,1.127840671431,
    1.141764630337,1.155688589244,1.16961254815,1.183536507057,
    1.197460465963,1.21138442487,1.225308383777,1.239232342683,
    1.25315630159,1.267080260496,1.281004219403,1.294928178309,
    1.308852137216,1.322776096122,1.336700055029,1.350624013936,
    1.364547972842,1.378471931749,1.392395890655,1.406319849562,
    1.420243808468,1.434167767375,1.448091726281,1.462015685188,
    1.475939644095,1.489863603001,1.503787561908,1.517711520814,
    1.531635479721,1.545559438627,1.559483397534,1.57340735644,
    1.587331315347,1.601255274253,1.61517923316,1.629103192067,
    1.643027150973,1.65695110988,1.670875068786,1.684799027693,
    1.698722986599,1.712646945506,1.726570904412,1.740494863319,
    1.754418822226,1.768342781132,1.782266740039,1.796190698945,
    1.810114657852,1.824038616758,1.837962575665),
  .QUASI_UNIFORM_KNOTS.);
#1702 = CARTESIAN_POINT('',(6.28318530718,103.28753390499));
#1703 = CARTESIAN_POINT('',(6.262745222931,103.28754623206));
#1704 = CARTESIAN_POINT('',(6.221879447999,103.28345403289));
#1705 = CARTESIAN_POINT('',(6.1608656598,103.26536595133));
#1706 = CARTESIAN_POINT('',(6.100393581624,103.23567109196));
#1707 = CARTESIAN_POINT('',(6.040667051183,103.19491466213));
#1708 = CARTESIAN_POINT('',(5.981863717169,103.14377838048));
#1709 = CARTESIAN_POINT('',(5.924130495316,103.08308326697));
#1710 = CARTESIAN_POINT('',(5.867621992304,103.01384417356));
#1711 = CARTESIAN_POINT('',(5.812444914409,102.93700819664));
#1712 = CARTESIAN_POINT('',(5.75850492761,102.85327893019));
#1713 = CARTESIAN_POINT('',(5.705753756953,102.7633539572));
#1714 = CARTESIAN_POINT('',(5.654136435067,102.6678732623));
#1715 = CARTESIAN_POINT('',(5.603603067019,102.56743349995));
#1716 = CARTESIAN_POINT('',(5.554103759191,102.4625837595));
#1717 = CARTESIAN_POINT('',(5.505588359441,102.35382564892));
#1718 = CARTESIAN_POINT('',(5.458005100222,102.24161176951));
#1719 = CARTESIAN_POINT('',(5.411299630466,102.12634425906));
#1720 = CARTESIAN_POINT('',(5.365414045221,102.00837319884));
#1721 = CARTESIAN_POINT('',(5.320285743057,101.88799439041));
#1722 = CARTESIAN_POINT('',(5.27584700119,101.76544883653));
#1723 = CARTESIAN_POINT('',(5.232021723055,101.64091502424));
#1724 = CARTESIAN_POINT('',(5.188732478525,101.5145270138));
#1725 = CARTESIAN_POINT('',(5.145992813776,101.38666178869));
#1726 = CARTESIAN_POINT('',(5.10373299528,101.25743282716));
#1727 = CARTESIAN_POINT('',(5.061907332221,101.12699923867));
#1728 = CARTESIAN_POINT('',(5.020468958773,100.99549787576));
#1729 = CARTESIAN_POINT('',(4.979375413071,100.86306200229));
#1730 = CARTESIAN_POINT('',(4.938586158869,100.72981665974));
#1731 = CARTESIAN_POINT('',(4.898062410448,100.59588019109));
#1732 = CARTESIAN_POINT('',(4.857766443467,100.46136404385));
#1733 = CARTESIAN_POINT('',(4.817661117768,100.32637298817));
#1734 = CARTESIAN_POINT('',(4.777709380498,100.19100514943));
#1735 = CARTESIAN_POINT('',(4.737873832902,100.0553521679));
#1736 = CARTESIAN_POINT('',(4.69811615878,99.919498863013));
#1737 = CARTESIAN_POINT('',(4.658397045017,99.783524589887));
#1738 = CARTESIAN_POINT('',(4.618674175008,99.647498151033));
#1739 = CARTESIAN_POINT('',(4.578936745103,99.51159761449));
#1740 = CARTESIAN_POINT('',(4.53913666915,99.375876041465));
#1741 = CARTESIAN_POINT('',(4.499233867495,99.240418571471));
#1742 = CARTESIAN_POINT('',(4.45918737056,99.105313847323));
#1743 = CARTESIAN_POINT('',(4.418957022637,98.970661764593));
#1744 = CARTESIAN_POINT('',(4.37850234393,98.836571562741));
#1745 = CARTESIAN_POINT('',(4.337782126744,98.703162571829));
#1746 = CARTESIAN_POINT('',(4.296753785737,98.570564330887));
#1747 = CARTESIAN_POINT('',(4.255372683398,98.43891693419));
#1748 = CARTESIAN_POINT('',(4.213591379852,98.308371544304));
#1749 = CARTESIAN_POINT('',(4.171358601924,98.179090585756));
#1750 = CARTESIAN_POINT('',(4.128618557089,98.051249796173));
#1751 = CARTESIAN_POINT('',(4.085307976523,97.925034130237));
#1752 = CARTESIAN_POINT('',(4.041360321205,97.800657620438));
#1753 = CARTESIAN_POINT('',(3.996742951027,97.678466192317));
#1754 = CARTESIAN_POINT('',(3.951363394097,97.558682589933));
#1755 = CARTESIAN_POINT('',(3.905147172187,97.441635988432));
#1756 = CARTESIAN_POINT('',(3.858019169876,97.327711242978));
#1757 = CARTESIAN_POINT('',(3.809906570423,97.217361551376));
#1758 = CARTESIAN_POINT('',(3.76073611593,97.111105356062));
#1759 = CARTESIAN_POINT('',(3.710431369555,97.009525430523));
#1760 = CARTESIAN_POINT('',(3.658913778507,96.913278839524));
#1761 = CARTESIAN_POINT('',(3.606085731198,96.823066365938));
#1762 = CARTESIAN_POINT('',(3.551902263021,96.739718291257));
#1763 = CARTESIAN_POINT('',(3.496356788472,96.664367739862));
#1764 = CARTESIAN_POINT('',(3.439479120935,96.598064842112));
#1765 = CARTESIAN_POINT('',(3.381347149219,96.541848541761));
#1766 = CARTESIAN_POINT('',(3.322087776876,96.496734457636));
#1767 = CARTESIAN_POINT('',(3.26188520267,96.463691629486));
#1768 = CARTESIAN_POINT('',(3.200952320999,96.443747672918));
#1769 = CARTESIAN_POINT('',(3.139679795605,96.437393125205));
#1770 = CARTESIAN_POINT('',(3.078461797492,96.444655016493));
#1771 = CARTESIAN_POINT('',(3.017625179338,96.46534174521));
#1772 = CARTESIAN_POINT('',(2.957453442253,96.498984348153));
#1773 = CARTESIAN_POINT('',(2.898195619463,96.544842341795));
#1774 = CARTESIAN_POINT('',(2.840062625689,96.60193908699));
#1775 = CARTESIAN_POINT('',(2.783302634435,96.668914488838));
#1776 = CARTESIAN_POINT('',(2.727968337187,96.744614008489));
#1777 = CARTESIAN_POINT('',(2.673974492794,96.828167777519));
#1778 = CARTESIAN_POINT('',(2.621296896822,96.918617837587));
#1779 = CARTESIAN_POINT('',(2.569883354204,97.015123791788));
#1780 = CARTESIAN_POINT('',(2.519677504792,97.116916229404));
#1781 = CARTESIAN_POINT('',(2.470611121606,97.223320415045));
#1782 = CARTESIAN_POINT('',(2.422608298901,97.333751146845));
#1783 = CARTESIAN_POINT('',(2.375571870925,97.447752674048));
#1784 = CARTESIAN_POINT('',(2.329438167831,97.564858634608));
#1785 = CARTESIAN_POINT('',(2.284130768515,97.684692382456));
#1786 = CARTESIAN_POINT('',(2.239577212056,97.806925726622));
#1787 = CARTESIAN_POINT('',(2.195710883871,97.931265170663));
#1788 = CARTESIAN_POINT('',(2.152468493079,98.057452682878));
#1789 = CARTESIAN_POINT('',(2.10978738813,98.185268446784));
#1790 = CARTESIAN_POINT('',(2.067609805171,98.314514078415));
#1791 = CARTESIAN_POINT('',(2.025888565773,98.444988784142));
#1792 = CARTESIAN_POINT('',(1.984566457808,98.576549700067));
#1793 = CARTESIAN_POINT('',(1.943594788006,98.709051446862));
#1794 = CARTESIAN_POINT('',(1.902927429353,98.842360485124));
#1795 = CARTESIAN_POINT('',(1.862521281579,98.976350697206));
#1796 = CARTESIAN_POINT('',(1.822335197016,99.110904078719));
#1797 = CARTESIAN_POINT('',(1.782329398891,99.245910325499));
#1798 = CARTESIAN_POINT('',(1.742465032871,99.381266201655));
#1799 = CARTESIAN_POINT('',(1.702703086441,99.516877272462));
#1800 = CARTESIAN_POINT('',(1.663005949896,99.652650693397));
#1801 = CARTESIAN_POINT('',(1.623329173372,99.788521618366));
#1802 = CARTESIAN_POINT('',(1.583653543628,99.924341538559));
#1803 = CARTESIAN_POINT('',(1.543940637349,100.06002909475));
#1804 = CARTESIAN_POINT('',(1.504149414032,100.19551158493));
#1805 = CARTESIAN_POINT('',(1.464241505335,100.33070506401));
#1806 = CARTESIAN_POINT('',(1.42417916772,100.46551971543));
#1807 = CARTESIAN_POINT('',(1.383925230424,100.59985841077));
#1808 = CARTESIAN_POINT('',(1.343442516698,100.73361705617));
#1809 = CARTESIAN_POINT('',(1.302693391489,100.86668442863));
#1810 = CARTESIAN_POINT('',(1.261639249864,100.99894208513));
#1811 = CARTESIAN_POINT('',(1.22023993723,101.13026428413));
#1812 = CARTESIAN_POINT('',(1.178453209141,101.26051753346));
#1813 = CARTESIAN_POINT('',(1.136233668173,101.38956130309));
#1814 = CARTESIAN_POINT('',(1.093533142679,101.5172440507));
#1815 = CARTESIAN_POINT('',(1.050294986504,101.64341632455));
#1816 = CARTESIAN_POINT('',(1.006470139756,101.76787961373));
#1817 = CARTESIAN_POINT('',(0.962018337158,101.8903850435));
#1818 = CARTESIAN_POINT('',(0.916874478649,102.01072226511));
#1819 = CARTESIAN_POINT('',(0.870981820027,102.12862120065));
#1820 = CARTESIAN_POINT('',(0.824282012059,102.24377841135));
#1821 = CARTESIAN_POINT('',(0.776715810531,102.35585090346));
#1822 = CARTESIAN_POINT('',(0.728222569721,102.46445544974));
#1823 = CARTESIAN_POINT('',(0.678732618426,102.5691759678));
#1824 = CARTESIAN_POINT('',(0.628187683947,102.66953061055));
#1825 = CARTESIAN_POINT('',(0.576537109491,102.76494947493));
#1826 = CARTESIAN_POINT('',(0.523733085639,102.85482020013));
#1827 = CARTESIAN_POINT('',(0.46974572001,102.9384680827));
#1828 = CARTESIAN_POINT('',(0.414565441427,103.01514349181));
#1829 = CARTESIAN_POINT('',(0.358170520093,103.08409209323));
#1830 = CARTESIAN_POINT('',(0.300574030087,103.14450042273));
#1831 = CARTESIAN_POINT('',(0.241918742008,103.19537066484));
#1832 = CARTESIAN_POINT('',(0.182340882253,103.23591327169));
#1833 = CARTESIAN_POINT('',(0.122015331942,103.26545930114));
#1834 = CARTESIAN_POINT('',(6.114812003014E-02,103.28346785427));
#1835 = CARTESIAN_POINT('',(2.038579965833E-02,103.2875452763));
#1836 = CARTESIAN_POINT('',(8.881784197001E-16,103.28753390499));
#1837 = ( GEOMETRIC_REPRESENTATION_CONTEXT(2) 
PARAMETRIC_REPRESENTATION_CONTEXT() REPRESENTATION_CONTEXT('2D SPACE',''
  ) );
#1838 = FACE_BOUND('',#1839,.T.);
#1839 = EDGE_LOOP('',(#1840));
#1840 = ORIENTED_EDGE('',*,*,#1841,.T.);
#1841 = EDGE_CURVE('',#1842,#1842,#1844,.T.);
#1842 = VERTEX_POINT('',#1843);
#1843 = CARTESIAN_POINT('',(-35.34190739927,103.28753390499,
    -25.67739874639));
#1844 = SURFACE_CURVE('',#1845,(#1939,#2078),.PCURVE_S1.);
#1845 = B_SPLINE_CURVE_WITH_KNOTS('',8,(#1846,#1847,#1848,#1849,#1850,
    #1851,#1852,#1853,#1854,#1855,#1856,#1857,#1858,#1859,#1860,#1861,
    #1862,#1863,#1864,#1865,#1866,#1867,#1868,#1869,#1870,#1871,#1872,
    #1873,#1874,#1875,#1876,#1877,#1878,#1879,#1880,#1881,#1882,#1883,
    #1884,#1885,#1886,#1887,#1888,#1889,#1890,#1891,#1892,#1893,#1894,
    #1895,#1896,#1897,#1898,#1899,#1900,#1901,#1902,#1903,#1904,#1905,
    #1906,#1907,#1908,#1909,#1910,#1911,#1912,#1913,#1914,#1915,#1916,
    #1917,#1918,#1919,#1920,#1921,#1922,#1923,#1924,#1925,#1926,#1927,
    #1928,#1929,#1930,#1931,#1932,#1933,#1934,#1935,#1936,#1937,#1938),
  .UNSPECIFIED.,.T.,.F.,(9,7,7,7,7,7,7,7,7,7,7,7,7,9),(0.,0.102078007763
    ,0.258053750626,0.406093269393,0.57728413892,0.822270766336,1.,
    1.128395047713,1.288927254523,1.408261041057,1.646052938428,
    1.896083346526,2.029576234823,2.225655240513),.UNSPECIFIED.);
#1846 = CARTESIAN_POINT('',(-35.34190739927,103.28753390499,
    -25.67739874639));
#1847 = CARTESIAN_POINT('',(-35.45112872007,103.28753390499,
    -25.52706849511));
#1848 = CARTESIAN_POINT('',(-35.56831290176,103.27963558373,
    -25.38249969806));
#1849 = CARTESIAN_POINT('',(-35.6926106509,103.26383689154,
    -25.24486593546));
#1850 = CARTESIAN_POINT('',(-35.8230479194,103.24036398368,
    -25.11501604075));
#1851 = CARTESIAN_POINT('',(-35.95858786344,103.20960592565,
    -24.99352892073));
#1852 = CARTESIAN_POINT('',(-36.09817642325,103.17206515609,
    -24.88075893438));
#1853 = CARTESIAN_POINT('',(-36.24077152333,103.12832370698,
    -24.77687183023));
#1854 = CARTESIAN_POINT('',(-36.60628158598,103.00369677008,
    -24.53670983506));
#1855 = CARTESIAN_POINT('',(-36.83186442982,102.91538880285,
    -24.41228945194));
#1856 = CARTESIAN_POINT('',(-37.05957000682,102.8160203193,
    -24.30791043624));
#1857 = CARTESIAN_POINT('',(-37.2873320689,102.70740298414,
    -24.22245454905));
#1858 = CARTESIAN_POINT('',(-37.51355164991,102.59113751753,
    -24.15462703354));
#1859 = CARTESIAN_POINT('',(-37.73708679991,102.46855831198,
    -24.10309314325));
#1860 = CARTESIAN_POINT('',(-37.95723751858,102.34069214231,
    -24.06657885547));
#1861 = CARTESIAN_POINT('',(-38.37920800159,102.08244311852,
    -24.02258068491));
#1862 = CARTESIAN_POINT('',(-38.58121428872,101.9526273436,
    -24.01373230947));
#1863 = CARTESIAN_POINT('',(-38.7794132537,101.81939339191,
    -24.01651177261));
#1864 = CARTESIAN_POINT('',(-38.97351338437,101.6832892109,
    -24.03012364394));
#1865 = CARTESIAN_POINT('',(-39.16328412218,101.5447811217,
    -24.0538717897));
#1866 = CARTESIAN_POINT('',(-39.34855825038,101.4042569835,
    -24.08714701073));
#1867 = CARTESIAN_POINT('',(-39.52922687581,101.26202428079,
    -24.12943465261));
#1868 = CARTESIAN_POINT('',(-39.90876537033,100.95211896565,
    -24.23916453522));
#1869 = CARTESIAN_POINT('',(-40.10597406662,100.78401925552,
    -24.30948042847));
#1870 = CARTESIAN_POINT('',(-40.29673752915,100.61439784271,
    -24.39060018568));
#1871 = CARTESIAN_POINT('',(-40.48089900157,100.44361026302,
    -24.48198306597));
#1872 = CARTESIAN_POINT('',(-40.65828440449,100.27198312862,
    -24.58318399432));
#1873 = CARTESIAN_POINT('',(-40.82870913751,100.0998160428,
    -24.69383898296));
#1874 = CARTESIAN_POINT('',(-40.99197441322,99.927382075992,
    -24.8136677185));
#1875 = CARTESIAN_POINT('',(-41.37092693291,99.508130721981,
    -25.12685214481));
#1876 = CARTESIAN_POINT('',(-41.57861058323,99.261581651306,
    -25.32941915012));
#1877 = CARTESIAN_POINT('',(-41.77048431317,99.015799647366,
    -25.54974520438));
#1878 = CARTESIAN_POINT('',(-41.94559536861,98.771567862211,
    -25.78762069607));
#1879 = CARTESIAN_POINT('',(-42.10262923798,98.529911518278,
    -26.04290283684));
#1880 = CARTESIAN_POINT('',(-42.2398026671,98.292141909435,
    -26.31559965204));
#1881 = CARTESIAN_POINT('',(-42.35495789072,98.05984069228,-26.605787776
    ));
#1882 = CARTESIAN_POINT('',(-42.51003790962,97.671971123492,
    -27.13806249505));
#1883 = CARTESIAN_POINT('',(-42.56178423744,97.513227676214,
    -27.37095836617));
#1884 = CARTESIAN_POINT('',(-42.59902728958,97.359334773079,
    -27.61350728087));
#1885 = CARTESIAN_POINT('',(-42.62015012234,97.211418143262,
    -27.86588697445));
#1886 = CARTESIAN_POINT('',(-42.62308396867,97.071182504793,
    -28.12783194895));
#1887 = CARTESIAN_POINT('',(-42.60544130026,96.940862235776,
    -28.39856977847));
#1888 = CARTESIAN_POINT('',(-42.56458059832,96.823198011634,
    -28.67678115179));
#1889 = CARTESIAN_POINT('',(-42.44907375147,96.648003321372,
    -29.16563644376));
#1890 = CARTESIAN_POINT('',(-42.3870957608,96.582528439119,
    -29.37398406681));
#1891 = CARTESIAN_POINT('',(-42.31023491524,96.527134522226,
    -29.58372099545));
#1892 = CARTESIAN_POINT('',(-42.2178265108,96.483483941635,
    -29.79273400775));
#1893 = CARTESIAN_POINT('',(-42.10989203691,96.452825978454,
    -29.99871864935));
#1894 = CARTESIAN_POINT('',(-41.98713917644,96.435996823958,
    -30.19917923348));
#1895 = CARTESIAN_POINT('',(-41.85096180571,96.433419579589,
    -30.39142884098));
#1896 = CARTESIAN_POINT('',(-41.51899361331,96.459713598018,
    -30.79909409628));
#1897 = CARTESIAN_POINT('',(-41.31726725916,96.496237757142,
    -31.00832538732));
#1898 = CARTESIAN_POINT('',(-41.1027772469,96.553609786121,
    -31.19602648818));
#1899 = CARTESIAN_POINT('',(-40.87995238137,96.629207559398,
    -31.36086054468));
#1900 = CARTESIAN_POINT('',(-40.65268736734,96.719895101308,
    -31.50315777145));
#1901 = CARTESIAN_POINT('',(-40.42405232488,96.822724549195,
    -31.62405163399));
#1902 = CARTESIAN_POINT('',(-40.19615841004,96.935298752415,
    -31.72500399471));
#1903 = CARTESIAN_POINT('',(-39.80219509307,97.145366655813,
    -31.86920670676));
#1904 = CARTESIAN_POINT('',(-39.63512039005,97.239399906443,
    -31.92066200804));
#1905 = CARTESIAN_POINT('',(-39.46934290354,97.337227526677,
    -31.96275810281));
#1906 = CARTESIAN_POINT('',(-39.30518163561,97.438280126824,
    -31.99608755133));
#1907 = CARTESIAN_POINT('',(-39.14288438551,97.542076656339,
    -32.02118287909));
#1908 = CARTESIAN_POINT('',(-38.9826267551,97.648219811384,
    -32.03852527289));
#1909 = CARTESIAN_POINT('',(-38.82451289318,97.756395853525,
    -32.0485415922));
#1910 = CARTESIAN_POINT('',(-38.35785240502,98.085537752549,
    -32.05766353626));
#1911 = CARTESIAN_POINT('',(-38.05621733678,98.311561414902,
    -32.03606158749));
#1912 = CARTESIAN_POINT('',(-37.76390305172,98.542627513512,
    -31.98975796024));
#1913 = CARTESIAN_POINT('',(-37.48143778811,98.777307348209,
    -31.92064093069));
#1914 = CARTESIAN_POINT('',(-37.20931662029,99.014412519297,
    -31.83024638976));
#1915 = CARTESIAN_POINT('',(-36.94803457863,99.253003692045,
    -31.71968055523));
#1916 = CARTESIAN_POINT('',(-36.6980495843,99.492355848063,
    -31.58971970342));
#1917 = CARTESIAN_POINT('',(-36.20943772781,99.983924947772,
    -31.28387957715));
#1918 = CARTESIAN_POINT('',(-35.97248633923,100.23573862253,
    -31.10624971234));
#1919 = CARTESIAN_POINT('',(-35.74955674274,100.48681342876,
    -30.90820839107));
#1920 = CARTESIAN_POINT('',(-35.54173213904,100.73633584059,
    -30.68992359148));
#1921 = CARTESIAN_POINT('',(-35.35047595971,100.98329772702,
    -30.45148005087));
#1922 = CARTESIAN_POINT('',(-35.17770059563,101.22647804844,
    -30.19283945843));
#1923 = CARTESIAN_POINT('',(-35.0257021365,101.46445337955,
    -29.9139214404));
#1924 = CARTESIAN_POINT('',(-34.82932091296,101.8188575047,
    -29.4540361455));
#1925 = CARTESIAN_POINT('',(-34.76785247367,101.94014531486,
    -29.28812993541));
#1926 = CARTESIAN_POINT('',(-34.71373803072,102.05910507106,
    -29.11631447874));
#1927 = CARTESIAN_POINT('',(-34.66756261092,102.17537585513,
    -28.93857097701));
#1928 = CARTESIAN_POINT('',(-34.63000924098,102.28850210258,
    -28.75495115613));
#1929 = CARTESIAN_POINT('',(-34.6018519652,102.397936284,-28.56558417777
    ));
#1930 = CARTESIAN_POINT('',(-34.58396085127,102.5030364766,
    -28.37067637175));
#1931 = CARTESIAN_POINT('',(-34.5675631777,102.7499751381,
    -27.87648332616));
#1932 = CARTESIAN_POINT('',(-34.58204398937,102.88643832251,
    -27.57009925515));
#1933 = CARTESIAN_POINT('',(-34.62421316395,103.00947141169,
    -27.25304914325));
#1934 = CARTESIAN_POINT('',(-34.69772117356,103.11526435079,
    -26.92858041687));
#1935 = CARTESIAN_POINT('',(-34.80585095298,103.19949767738,
    -26.60159829263));
#1936 = CARTESIAN_POINT('',(-34.95037872957,103.2581322821,
    -26.27853744828));
#1937 = CARTESIAN_POINT('',(-35.13117965199,103.28753390499,
    -25.96744060788));
#1938 = CARTESIAN_POINT('',(-35.34190739927,103.28753390499,
    -25.67739874639));
#1939 = PCURVE('',#239,#1940);
#1940 = DEFINITIONAL_REPRESENTATION('',(#1941),#2077);
#1941 = B_SPLINE_CURVE_WITH_KNOTS('',3,(#1942,#1943,#1944,#1945,#1946,
    #1947,#1948,#1949,#1950,#1951,#1952,#1953,#1954,#1955,#1956,#1957,
    #1958,#1959,#1960,#1961,#1962,#1963,#1964,#1965,#1966,#1967,#1968,
    #1969,#1970,#1971,#1972,#1973,#1974,#1975,#1976,#1977,#1978,#1979,
    #1980,#1981,#1982,#1983,#1984,#1985,#1986,#1987,#1988,#1989,#1990,
    #1991,#1992,#1993,#1994,#1995,#1996,#1997,#1998,#1999,#2000,#2001,
    #2002,#2003,#2004,#2005,#2006,#2007,#2008,#2009,#2010,#2011,#2012,
    #2013,#2014,#2015,#2016,#2017,#2018,#2019,#2020,#2021,#2022,#2023,
    #2024,#2025,#2026,#2027,#2028,#2029,#2030,#2031,#2032,#2033,#2034,
    #2035,#2036,#2037,#2038,#2039,#2040,#2041,#2042,#2043,#2044,#2045,
    #2046,#2047,#2048,#2049,#2050,#2051,#2052,#2053,#2054,#2055,#2056,
    #2057,#2058,#2059,#2060,#2061,#2062,#2063,#2064,#2065,#2066,#2067,
    #2068,#2069,#2070,#2071,#2072,#2073,#2074,#2075,#2076),
  .UNSPECIFIED.,.F.,.F.,(4,1,1,1,1,1,1,1,1,1,1,1,1,1,1,1,1,1,1,1,1,1,1,1
    ,1,1,1,1,1,1,1,1,1,1,1,1,1,1,1,1,1,1,1,1,1,1,1,1,1,1,1,1,1,1,1,1,1,1
    ,1,1,1,1,1,1,1,1,1,1,1,1,1,1,1,1,1,1,1,1,1,1,1,1,1,1,1,1,1,1,1,1,1,1
    ,1,1,1,1,1,1,1,1,1,1,1,1,1,1,1,1,1,1,1,1,1,1,1,1,1,1,1,1,1,1,1,1,1,1
    ,1,1,1,1,1,1,4),(0.,1.686102454934E-02,3.372204909869E-02,
    5.058307364803E-02,6.744409819737E-02,8.430512274671E-02,
    0.101166147296,0.118027171845,0.134888196395,0.151749220944,
    0.168610245493,0.185471270043,0.202332294592,0.219193319141,
    0.236054343691,0.25291536824,0.269776392789,0.286637417339,
    0.303498441888,0.320359466438,0.337220490987,0.354081515536,
    0.370942540086,0.387803564635,0.404664589184,0.421525613734,
    0.438386638283,0.455247662832,0.472108687382,0.488969711931,
    0.50583073648,0.52269176103,0.539552785579,0.556413810128,
    0.573274834678,0.590135859227,0.606996883776,0.623857908326,
    0.640718932875,0.657579957424,0.674440981974,0.691302006523,
    0.708163031072,0.725024055622,0.741885080171,0.75874610472,
    0.77560712927,0.792468153819,0.809329178368,0.826190202918,
    0.843051227467,0.859912252016,0.876773276566,0.893634301115,
    0.910495325664,0.927356350214,0.944217374763,0.961078399313,
    0.977939423862,0.994800448411,1.011661472961,1.02852249751,
    1.045383522059,1.062244546609,1.079105571158,1.095966595707,
    1.112827620257,1.129688644806,1.146549669355,1.163410693905,
    1.180271718454,1.197132743003,1.213993767553,1.230854792102,
    1.247715816651,1.264576841201,1.28143786575,1.298298890299,
    1.315159914849,1.332020939398,1.348881963947,1.365742988497,
    1.382604013046,1.399465037595,1.416326062145,1.433187086694,
    1.450048111243,1.466909135793,1.483770160342,1.500631184891,
    1.517492209441,1.53435323399,1.55121425854,1.568075283089,
    1.584936307638,1.601797332188,1.618658356737,1.635519381286,
    1.652380405836,1.669241430385,1.686102454934,1.702963479484,
    1.719824504033,1.736685528582,1.753546553132,1.770407577681,
    1.78726860223,1.80412962678,1.820990651329,1.837851675878,
    1.854712700428,1.871573724977,1.888434749526,1.905295774076,
    1.922156798625,1.939017823174,1.955878847724,1.972739872273,
    1.989600896822,2.006461921372,2.023322945921,2.04018397047,
    2.05704499502,2.073906019569,2.090767044118,2.107628068668,
    2.124489093217,2.141350117767,2.158211142316,2.175072166865,
    2.191933191415,2.208794215964,2.225655240513),
  .QUASI_UNIFORM_KNOTS.);
#1942 = CARTESIAN_POINT('',(2.513274122872,0.936340729575));
#1943 = CARTESIAN_POINT('',(2.515148198198,0.936341184415));
#1944 = CARTESIAN_POINT('',(2.518894775491,0.936248254724));
#1945 = CARTESIAN_POINT('',(2.524462560504,0.935836552403));
#1946 = CARTESIAN_POINT('',(2.529928630108,0.935159859609));
#1947 = CARTESIAN_POINT('',(2.535251307557,0.934232119201));
#1948 = CARTESIAN_POINT('',(2.540394182578,0.933070423457));
#1949 = CARTESIAN_POINT('',(2.545326843001,0.931694826602));
#1950 = CARTESIAN_POINT('',(2.550024193421,0.930127817938));
#1951 = CARTESIAN_POINT('',(2.554477527579,0.928388990173));
#1952 = CARTESIAN_POINT('',(2.558682037677,0.926496859668));
#1953 = CARTESIAN_POINT('',(2.562635954801,0.924468977404));
#1954 = CARTESIAN_POINT('',(2.566340191244,0.922321658346));
#1955 = CARTESIAN_POINT('',(2.569797892566,0.920069852131));
#1956 = CARTESIAN_POINT('',(2.573014057792,0.917727005261));
#1957 = CARTESIAN_POINT('',(2.57599516166,0.915304952192));
#1958 = CARTESIAN_POINT('',(2.578748852782,0.912813797648));
#1959 = CARTESIAN_POINT('',(2.581283460047,0.910261866329));
#1960 = CARTESIAN_POINT('',(2.583605550334,0.90765830836));
#1961 = CARTESIAN_POINT('',(2.585723358466,0.905009637506));
#1962 = CARTESIAN_POINT('',(2.587644239578,0.902322148177));
#1963 = CARTESIAN_POINT('',(2.589375299759,0.899601427944));
#1964 = CARTESIAN_POINT('',(2.590923270017,0.896852518876));
#1965 = CARTESIAN_POINT('',(2.592294560531,0.894079884708));
#1966 = CARTESIAN_POINT('',(2.593495228177,0.891287473129));
#1967 = CARTESIAN_POINT('',(2.594531017216,0.888478566807));
#1968 = CARTESIAN_POINT('',(2.59540712915,0.885656366681));
#1969 = CARTESIAN_POINT('',(2.596128280409,0.882824247383));
#1970 = CARTESIAN_POINT('',(2.596699030212,0.879984622134));
#1971 = CARTESIAN_POINT('',(2.597123461891,0.877139982143));
#1972 = CARTESIAN_POINT('',(2.597405307714,0.8742926303));
#1973 = CARTESIAN_POINT('',(2.597547946427,0.871444758086));
#1974 = CARTESIAN_POINT('',(2.597554425459,0.868598433003));
#1975 = CARTESIAN_POINT('',(2.597427465404,0.86575559693));
#1976 = CARTESIAN_POINT('',(2.597169465057,0.862918106745));
#1977 = CARTESIAN_POINT('',(2.596782477035,0.860087591585));
#1978 = CARTESIAN_POINT('',(2.596268256333,0.857265997957));
#1979 = CARTESIAN_POINT('',(2.595628542724,0.854456173064));
#1980 = CARTESIAN_POINT('',(2.594864387506,0.851659021298));
#1981 = CARTESIAN_POINT('',(2.593976572306,0.848876127561));
#1982 = CARTESIAN_POINT('',(2.592965543366,0.84610912551));
#1983 = CARTESIAN_POINT('',(2.591831450837,0.843359865549));
#1984 = CARTESIAN_POINT('',(2.590574148793,0.8406303702));
#1985 = CARTESIAN_POINT('',(2.589193195583,0.837922848144));
#1986 = CARTESIAN_POINT('',(2.587687842976,0.835239693577));
#1987 = CARTESIAN_POINT('',(2.586057018563,0.83258349346));
#1988 = CARTESIAN_POINT('',(2.584299288105,0.829957027201));
#1989 = CARTESIAN_POINT('',(2.582412834981,0.827363300528));
#1990 = CARTESIAN_POINT('',(2.580395305131,0.824805465363));
#1991 = CARTESIAN_POINT('',(2.578244065956,0.822287180924));
#1992 = CARTESIAN_POINT('',(2.575954811452,0.819811348337));
#1993 = CARTESIAN_POINT('',(2.573526786623,0.817385543226));
#1994 = CARTESIAN_POINT('',(2.570955446455,0.815014049021));
#1995 = CARTESIAN_POINT('',(2.568235576394,0.812702001848));
#1996 = CARTESIAN_POINT('',(2.565362383669,0.810456245917));
#1997 = CARTESIAN_POINT('',(2.562331303918,0.808285038805));
#1998 = CARTESIAN_POINT('',(2.559138140287,0.806198075235));
#1999 = CARTESIAN_POINT('',(2.555779074244,0.804206418916));
#2000 = CARTESIAN_POINT('',(2.552250755852,0.802322532558));
#2001 = CARTESIAN_POINT('',(2.548550084888,0.800560072493));
#2002 = CARTESIAN_POINT('',(2.544675010711,0.798934608128));
#2003 = CARTESIAN_POINT('',(2.540621408323,0.797460974303));
#2004 = CARTESIAN_POINT('',(2.536392617494,0.796158399966));
#2005 = CARTESIAN_POINT('',(2.532007047802,0.795054194766));
#2006 = CARTESIAN_POINT('',(2.527485341907,0.794168942138));
#2007 = CARTESIAN_POINT('',(2.522853485417,0.793519962272));
#2008 = CARTESIAN_POINT('',(2.518142037174,0.793120590273));
#2009 = CARTESIAN_POINT('',(2.513386764365,0.792980040231));
#2010 = CARTESIAN_POINT('',(2.508627715898,0.793105113421));
#2011 = CARTESIAN_POINT('',(2.503913350152,0.793493847196));
#2012 = CARTESIAN_POINT('',(2.499282344109,0.794132739988));
#2013 = CARTESIAN_POINT('',(2.494763394073,0.79500715687));
#2014 = CARTESIAN_POINT('',(2.490379177194,0.796098811862));
#2015 = CARTESIAN_POINT('',(2.486146584432,0.797388033197));
#2016 = CARTESIAN_POINT('',(2.482077735825,0.798854534328));
#2017 = CARTESIAN_POINT('',(2.478180577542,0.800478383291));
#2018 = CARTESIAN_POINT('',(2.474459434004,0.802240667871));
#2019 = CARTESIAN_POINT('',(2.470915297691,0.804124162491));
#2020 = CARTESIAN_POINT('',(2.467546418783,0.80611326309));
#2021 = CARTESIAN_POINT('',(2.464344574237,0.808197757609));
#2022 = CARTESIAN_POINT('',(2.461305168836,0.810367025815));
#2023 = CARTESIAN_POINT('',(2.45842343904,0.81261175074));
#2024 = CARTESIAN_POINT('',(2.455694921343,0.814923659143));
#2025 = CARTESIAN_POINT('',(2.453115215109,0.817295590182));
#2026 = CARTESIAN_POINT('',(2.450680075846,0.819721370072));
#2027 = CARTESIAN_POINT('',(2.448385102697,0.822196228649));
#2028 = CARTESIAN_POINT('',(2.446228002445,0.824714123526));
#2029 = CARTESIAN_POINT('',(2.444205005964,0.827271533801));
#2030 = CARTESIAN_POINT('',(2.442313270235,0.829864974734));
#2031 = CARTESIAN_POINT('',(2.440550446126,0.83249125411));
#2032 = CARTESIAN_POINT('',(2.43891467631,0.835147381328));
#2033 = CARTESIAN_POINT('',(2.437404507548,0.837830574957));
#2034 = CARTESIAN_POINT('',(2.436018849932,0.840538248134));
#2035 = CARTESIAN_POINT('',(2.434756942842,0.843268003622));
#2036 = CARTESIAN_POINT('',(2.433618334887,0.846017627748));
#2037 = CARTESIAN_POINT('',(2.432602872469,0.848785091106));
#2038 = CARTESIAN_POINT('',(2.4317106992,0.85156853276));
#2039 = CARTESIAN_POINT('',(2.430942255363,0.854366311635));
#2040 = CARTESIAN_POINT('',(2.430298315907,0.857176813013));
#2041 = CARTESIAN_POINT('',(2.429779926154,0.859999175314));
#2042 = CARTESIAN_POINT('',(2.429388922689,0.86282962006));
#2043 = CARTESIAN_POINT('',(2.42912687559,0.865666805668));
#2044 = CARTESIAN_POINT('',(2.428995792427,0.868509238651));
#2045 = CARTESIAN_POINT('',(2.428998041179,0.871355250926));
#2046 = CARTESIAN_POINT('',(2.429136344826,0.874203002769));
#2047 = CARTESIAN_POINT('',(2.429413765378,0.877050477977));
#2048 = CARTESIAN_POINT('',(2.429833698503,0.879895480259));
#2049 = CARTESIAN_POINT('',(2.430399872833,0.882735628417));
#2050 = CARTESIAN_POINT('',(2.431116356153,0.885568350996));
#2051 = CARTESIAN_POINT('',(2.431987568614,0.888390879567));
#2052 = CARTESIAN_POINT('',(2.433018306555,0.891200242423));
#2053 = CARTESIAN_POINT('',(2.434213772361,0.893993251006));
#2054 = CARTESIAN_POINT('',(2.435579638536,0.896766506198));
#2055 = CARTESIAN_POINT('',(2.437122054875,0.899516321243));
#2056 = CARTESIAN_POINT('',(2.438847955854,0.902238944103));
#2057 = CARTESIAN_POINT('',(2.440763244017,0.904927985264));
#2058 = CARTESIAN_POINT('',(2.442875430125,0.907578558447));
#2059 = CARTESIAN_POINT('',(2.445192005304,0.910184425263));
#2060 = CARTESIAN_POINT('',(2.447720577978,0.912738462356));
#2061 = CARTESIAN_POINT('',(2.450468728708,0.915232522877));
#2062 = CARTESIAN_POINT('',(2.453444008825,0.917657503391));
#2063 = CARTESIAN_POINT('',(2.45665374709,0.9200031497));
#2064 = CARTESIAN_POINT('',(2.460105580985,0.922258656028));
#2065 = CARTESIAN_POINT('',(2.46381316387,0.924415084754));
#2066 = CARTESIAN_POINT('',(2.467777029465,0.926454268317));
#2067 = CARTESIAN_POINT('',(2.471996293392,0.928358096213));
#2068 = CARTESIAN_POINT('',(2.476465689762,0.930107030403));
#2069 = CARTESIAN_POINT('',(2.481175722163,0.931681019473));
#2070 = CARTESIAN_POINT('',(2.486111979385,0.93305983539));
#2071 = CARTESIAN_POINT('',(2.491254641273,0.934223667764));
#2072 = CARTESIAN_POINT('',(2.496578005228,0.935153713259));
#2073 = CARTESIAN_POINT('',(2.502049636804,0.935833145636));
#2074 = CARTESIAN_POINT('',(2.507630821028,0.93624742787));
#2075 = CARTESIAN_POINT('',(2.511391538081,0.936341173324));
#2076 = CARTESIAN_POINT('',(2.513274122872,0.936340729575));
#2077 = ( GEOMETRIC_REPRESENTATION_CONTEXT(2) 
PARAMETRIC_REPRESENTATION_CONTEXT() REPRESENTATION_CONTEXT('2D SPACE',''
  ) );
#2078 = PCURVE('',#2079,#2084);
#2079 = CYLINDRICAL_SURFACE('',#2080,4.015);
#2080 = AXIS2_PLACEMENT_3D('',#2081,#2082,#2083);
#2081 = CARTESIAN_POINT('',(-38.59011063168,0.,-28.03735653435));
#2082 = DIRECTION('',(0.,1.,-0.));
#2083 = DIRECTION('',(0.809016994375,0.,0.587785252292));
#2084 = DEFINITIONAL_REPRESENTATION('',(#2085),#2221);
#2085 = B_SPLINE_CURVE_WITH_KNOTS('',3,(#2086,#2087,#2088,#2089,#2090,
    #2091,#2092,#2093,#2094,#2095,#2096,#2097,#2098,#2099,#2100,#2101,
    #2102,#2103,#2104,#2105,#2106,#2107,#2108,#2109,#2110,#2111,#2112,
    #2113,#2114,#2115,#2116,#2117,#2118,#2119,#2120,#2121,#2122,#2123,
    #2124,#2125,#2126,#2127,#2128,#2129,#2130,#2131,#2132,#2133,#2134,
    #2135,#2136,#2137,#2138,#2139,#2140,#2141,#2142,#2143,#2144,#2145,
    #2146,#2147,#2148,#2149,#2150,#2151,#2152,#2153,#2154,#2155,#2156,
    #2157,#2158,#2159,#2160,#2161,#2162,#2163,#2164,#2165,#2166,#2167,
    #2168,#2169,#2170,#2171,#2172,#2173,#2174,#2175,#2176,#2177,#2178,
    #2179,#2180,#2181,#2182,#2183,#2184,#2185,#2186,#2187,#2188,#2189,
    #2190,#2191,#2192,#2193,#2194,#2195,#2196,#2197,#2198,#2199,#2200,
    #2201,#2202,#2203,#2204,#2205,#2206,#2207,#2208,#2209,#2210,#2211,
    #2212,#2213,#2214,#2215,#2216,#2217,#2218,#2219,#2220),
  .UNSPECIFIED.,.F.,.F.,(4,1,1,1,1,1,1,1,1,1,1,1,1,1,1,1,1,1,1,1,1,1,1,1
    ,1,1,1,1,1,1,1,1,1,1,1,1,1,1,1,1,1,1,1,1,1,1,1,1,1,1,1,1,1,1,1,1,1,1
    ,1,1,1,1,1,1,1,1,1,1,1,1,1,1,1,1,1,1,1,1,1,1,1,1,1,1,1,1,1,1,1,1,1,1
    ,1,1,1,1,1,1,1,1,1,1,1,1,1,1,1,1,1,1,1,1,1,1,1,1,1,1,1,1,1,1,1,1,1,1
    ,1,1,1,1,1,1,4),(0.,1.686102454934E-02,3.372204909869E-02,
    5.058307364803E-02,6.744409819737E-02,8.430512274671E-02,
    0.101166147296,0.118027171845,0.134888196395,0.151749220944,
    0.168610245493,0.185471270043,0.202332294592,0.219193319141,
    0.236054343691,0.25291536824,0.269776392789,0.286637417339,
    0.303498441888,0.320359466438,0.337220490987,0.354081515536,
    0.370942540086,0.387803564635,0.404664589184,0.421525613734,
    0.438386638283,0.455247662832,0.472108687382,0.488969711931,
    0.50583073648,0.52269176103,0.539552785579,0.556413810128,
    0.573274834678,0.590135859227,0.606996883776,0.623857908326,
    0.640718932875,0.657579957424,0.674440981974,0.691302006523,
    0.708163031072,0.725024055622,0.741885080171,0.75874610472,
    0.77560712927,0.792468153819,0.809329178368,0.826190202918,
    0.843051227467,0.859912252016,0.876773276566,0.893634301115,
    0.910495325664,0.927356350214,0.944217374763,0.961078399313,
    0.977939423862,0.994800448411,1.011661472961,1.02852249751,
    1.045383522059,1.062244546609,1.079105571158,1.095966595707,
    1.112827620257,1.129688644806,1.146549669355,1.163410693905,
    1.180271718454,1.197132743003,1.213993767553,1.230854792102,
    1.247715816651,1.264576841201,1.28143786575,1.298298890299,
    1.315159914849,1.332020939398,1.348881963947,1.365742988497,
    1.382604013046,1.399465037595,1.416326062145,1.433187086694,
    1.450048111243,1.466909135793,1.483770160342,1.500631184891,
    1.517492209441,1.53435323399,1.55121425854,1.568075283089,
    1.584936307638,1.601797332188,1.618658356737,1.635519381286,
    1.652380405836,1.669241430385,1.686102454934,1.702963479484,
    1.719824504033,1.736685528582,1.753546553132,1.770407577681,
    1.78726860223,1.80412962678,1.820990651329,1.837851675878,
    1.854712700428,1.871573724977,1.888434749526,1.905295774076,
    1.922156798625,1.939017823174,1.955878847724,1.972739872273,
    1.989600896822,2.006461921372,2.023322945921,2.04018397047,
    2.05704499502,2.073906019569,2.090767044118,2.107628068668,
    2.124489093217,2.141350117767,2.158211142316,2.175072166865,
    2.191933191415,2.208794215964,2.225655240513),
  .QUASI_UNIFORM_KNOTS.);
#2086 = CARTESIAN_POINT('',(6.28318530718,103.28753390499));
#2087 = CARTESIAN_POINT('',(6.262796007913,103.28755274051));
#2088 = CARTESIAN_POINT('',(6.222029287531,103.28349500563));
#2089 = CARTESIAN_POINT('',(6.161155798448,103.26550414428));
#2090 = CARTESIAN_POINT('',(6.100814824531,103.23591268029));
#2091 = CARTESIAN_POINT('',(6.041209906198,103.19529832806));
#2092 = CARTESIAN_POINT('',(5.982521648734,103.14436967605));
#2093 = CARTESIAN_POINT('',(5.924907437774,103.08395963007));
#2094 = CARTESIAN_POINT('',(5.86851354508,103.01500660327));
#2095 = CARTESIAN_POINT('',(5.813337023642,102.9383225561));
#2096 = CARTESIAN_POINT('',(5.759360847862,102.85467432055));
#2097 = CARTESIAN_POINT('',(5.706560679587,102.76478981291));
#2098 = CARTESIAN_POINT('',(5.654904012454,102.66934694269));
#2099 = CARTESIAN_POINT('',(5.604350682796,102.56896831481));
#2100 = CARTESIAN_POINT('',(5.55485244875,102.46421517525));
#2101 = CARTESIAN_POINT('',(5.506352555063,102.35558227649));
#2102 = CARTESIAN_POINT('',(5.458784459041,102.24349208437));
#2103 = CARTESIAN_POINT('',(5.412072448402,102.12829154102));
#2104 = CARTESIAN_POINT('',(5.36617603958,102.01036944636));
#2105 = CARTESIAN_POINT('',(5.321024757836,101.88999976176));
#2106 = CARTESIAN_POINT('',(5.276561594965,101.76745004314));
#2107 = CARTESIAN_POINT('',(5.232731538356,101.64295919676));
#2108 = CARTESIAN_POINT('',(5.189482960769,101.51674439942));
#2109 = CARTESIAN_POINT('',(5.146765668877,101.3889992457));
#2110 = CARTESIAN_POINT('',(5.104530778536,101.25989623001));
#2111 = CARTESIAN_POINT('',(5.062727545866,101.12957943268));
#2112 = CARTESIAN_POINT('',(5.021311160873,100.99819118762));
#2113 = CARTESIAN_POINT('',(4.980245178785,100.86588405768));
#2114 = CARTESIAN_POINT('',(4.939484233432,100.73276765331));
#2115 = CARTESIAN_POINT('',(4.898988594977,100.59895679527));
#2116 = CARTESIAN_POINT('',(4.858719508148,100.46455903565));
#2117 = CARTESIAN_POINT('',(4.818639691913,100.32967812548));
#2118 = CARTESIAN_POINT('',(4.77871257653,100.1944133339));
#2119 = CARTESIAN_POINT('',(4.738901758243,100.05885925564));
#2120 = CARTESIAN_POINT('',(4.699171064118,99.923107654795));
#2121 = CARTESIAN_POINT('',(4.659482062387,99.787240516412));
#2122 = CARTESIAN_POINT('',(4.61980116882,99.651356071307));
#2123 = CARTESIAN_POINT('',(4.580107588156,99.515597450485));
#2124 = CARTESIAN_POINT('',(4.540352737741,99.380015204508));
#2125 = CARTESIAN_POINT('',(4.500496493999,99.244693446415));
#2126 = CARTESIAN_POINT('',(4.460497818934,99.109719636231));
#2127 = CARTESIAN_POINT('',(4.420316593919,98.975192768142));
#2128 = CARTESIAN_POINT('',(4.37991245103,98.841221341594));
#2129 = CARTESIAN_POINT('',(4.339244387982,98.707924147238));
#2130 = CARTESIAN_POINT('',(4.298270114652,98.575430344327));
#2131 = CARTESIAN_POINT('',(4.25694543352,98.443879921216));
#2132 = CARTESIAN_POINT('',(4.21522335604,98.313423772139));
#2133 = CARTESIAN_POINT('',(4.173053664539,98.184225489854));
#2134 = CARTESIAN_POINT('',(4.130380142633,98.056457413935));
#2135 = CARTESIAN_POINT('',(4.087145563679,97.930318894814));
#2136 = CARTESIAN_POINT('',(4.043266462267,97.80597265961));
#2137 = CARTESIAN_POINT('',(3.998729892812,97.683818425465));
#2138 = CARTESIAN_POINT('',(3.953451458848,97.564093142146));
#2139 = CARTESIAN_POINT('',(3.907341356789,97.447078416584));
#2140 = CARTESIAN_POINT('',(3.860320288425,97.333144562848));
#2141 = CARTESIAN_POINT('',(3.812313303358,97.222736378721));
#2142 = CARTESIAN_POINT('',(3.763249631786,97.116374889567));
#2143 = CARTESIAN_POINT('',(3.713060544625,97.014654275623));
#2144 = CARTESIAN_POINT('',(3.661678716292,96.918243618771));
#2145 = CARTESIAN_POINT('',(3.609032701582,96.827876449609));
#2146 = CARTESIAN_POINT('',(3.555058030431,96.74438727673));
#2147 = CARTESIAN_POINT('',(3.499644613489,96.668576131005));
#2148 = CARTESIAN_POINT('',(3.442776117323,96.601470739857));
#2149 = CARTESIAN_POINT('',(3.384629143956,96.544512894956));
#2150 = CARTESIAN_POINT('',(3.325359643533,96.498800742949));
#2151 = CARTESIAN_POINT('',(3.26516853886,96.465261599672));
#2152 = CARTESIAN_POINT('',(3.204297098025,96.444611386732));
#2153 = CARTESIAN_POINT('',(3.143042313993,96.437344070973));
#2154 = CARTESIAN_POINT('',(3.081746299091,96.443814470019));
#2155 = CARTESIAN_POINT('',(3.020850669392,96.463913252195));
#2156 = CARTESIAN_POINT('',(2.960687461438,96.496929980819));
#2157 = CARTESIAN_POINT('',(2.901476631785,96.542082888526));
#2158 = CARTESIAN_POINT('',(2.843381943595,96.598396483282));
#2159 = CARTESIAN_POINT('',(2.786515050253,96.664820237671));
#2160 = CARTESIAN_POINT('',(2.730948152544,96.740270901582));
#2161 = CARTESIAN_POINT('',(2.676719446607,96.823684127007));
#2162 = CARTESIAN_POINT('',(2.623837179058,96.914050109975));
#2163 = CARTESIAN_POINT('',(2.572279132036,97.010448740822));
#2164 = CARTESIAN_POINT('',(2.521999494844,97.112047592962));
#2165 = CARTESIAN_POINT('',(2.472861511606,97.218292820306));
#2166 = CARTESIAN_POINT('',(2.424784291334,97.328612644853));
#2167 = CARTESIAN_POINT('',(2.37768762665,97.442505003879));
#2168 = CARTESIAN_POINT('',(2.331497046024,97.559523927204));
#2169 = CARTESIAN_POINT('',(2.286139084482,97.679282747277));
#2170 = CARTESIAN_POINT('',(2.241541743711,97.801447411961));
#2171 = CARTESIAN_POINT('',(2.197626165587,97.925756799035));
#2172 = CARTESIAN_POINT('',(2.154350900136,98.051888233183));
#2173 = CARTESIAN_POINT('',(2.111642887824,98.179647769214));
#2174 = CARTESIAN_POINT('',(2.069441178923,98.30884477313));
#2175 = CARTESIAN_POINT('',(2.027689815852,98.439304819602));
#2176 = CARTESIAN_POINT('',(1.986337931868,98.570865014737));
#2177 = CARTESIAN_POINT('',(1.945338262934,98.703374300056));
#2178 = CARTESIAN_POINT('',(1.904646344604,98.836692630843));
#2179 = CARTESIAN_POINT('',(1.864219709646,98.970690636345));
#2180 = CARTESIAN_POINT('',(1.824017236746,99.105249221223));
#2181 = CARTESIAN_POINT('',(1.783998490958,99.240259491919));
#2182 = CARTESIAN_POINT('',(1.744123358132,99.375621888984));
#2183 = CARTESIAN_POINT('',(1.7043507795,99.511248538967));
#2184 = CARTESIAN_POINT('',(1.664640937503,99.647053858151));
#2185 = CARTESIAN_POINT('',(1.624944564121,99.782989279495));
#2186 = CARTESIAN_POINT('',(1.58525382394,99.918867004079));
#2187 = CARTESIAN_POINT('',(1.545526567936,100.05461812717));
#2188 = CARTESIAN_POINT('',(1.505722494609,100.19016719721));
#2189 = CARTESIAN_POINT('',(1.465802839622,100.32543145582));
#2190 = CARTESIAN_POINT('',(1.425729826473,100.46032107977));
#2191 = CARTESIAN_POINT('',(1.385466212831,100.59473911216));
#2192 = CARTESIAN_POINT('',(1.344974820106,100.72858143988));
#2193 = CARTESIAN_POINT('',(1.304218056923,100.86173672025));
#2194 = CARTESIAN_POINT('',(1.263157411293,100.99408628489));
#2195 = CARTESIAN_POINT('',(1.22175290442,101.12550398238));
#2196 = CARTESIAN_POINT('',(1.179962448198,101.25585604014));
#2197 = CARTESIAN_POINT('',(1.13774120799,101.38500059735));
#2198 = CARTESIAN_POINT('',(1.095040448083,101.51278813468));
#2199 = CARTESIAN_POINT('',(1.051807627691,101.63905813857));
#2200 = CARTESIAN_POINT('',(1.007980922534,101.76364929583));
#2201 = CARTESIAN_POINT('',(0.963530442386,101.88628259793));
#2202 = CARTESIAN_POINT('',(0.918390330582,102.00675118215));
#2203 = CARTESIAN_POINT('',(0.872502300253,102.12478975297));
#2204 = CARTESIAN_POINT('',(0.825807428049,102.24009673502));
#2205 = CARTESIAN_POINT('',(0.778247036071,102.35232846669));
#2206 = CARTESIAN_POINT('',(0.729760025027,102.46110272611));
#2207 = CARTESIAN_POINT('',(0.680284183726,102.5659903772));
#2208 = CARTESIAN_POINT('',(0.629743590542,102.66654269375));
#2209 = CARTESIAN_POINT('',(0.577974680079,102.76239806835));
#2210 = CARTESIAN_POINT('',(0.52498886951,102.85278932109));
#2211 = CARTESIAN_POINT('',(0.470783646253,102.93695879061));
#2212 = CARTESIAN_POINT('',(0.415380927165,103.01409112905));
#2213 = CARTESIAN_POINT('',(0.358817438203,103.08335280311));
#2214 = CARTESIAN_POINT('',(0.301149064023,103.14390512542));
#2215 = CARTESIAN_POINT('',(0.242453159984,103.19492811715));
#2216 = CARTESIAN_POINT('',(0.182832605092,103.23564379268));
#2217 = CARTESIAN_POINT('',(0.122424851284,103.265355244));
#2218 = CARTESIAN_POINT('',(6.140261232771E-02,103.28345888843));
#2219 = CARTESIAN_POINT('',(2.048169333371E-02,103.28755225337));
#2220 = CARTESIAN_POINT('',(0.,103.28753390499));
#2221 = ( GEOMETRIC_REPRESENTATION_CONTEXT(2) 
PARAMETRIC_REPRESENTATION_CONTEXT() REPRESENTATION_CONTEXT('2D SPACE',''
  ) );
#2222 = FACE_BOUND('',#2223,.T.);
#2223 = EDGE_LOOP('',(#2224));
#2224 = ORIENTED_EDGE('',*,*,#2225,.T.);
#2225 = EDGE_CURVE('',#2226,#2226,#2228,.T.);
#2226 = VERTEX_POINT('',#2227);
#2227 = CARTESIAN_POINT('',(-43.685,103.28753390499,6.333260921791E-15)
  );
#2228 = SURFACE_CURVE('',#2229,(#2323,#2462),.PCURVE_S1.);
#2229 = B_SPLINE_CURVE_WITH_KNOTS('',8,(#2230,#2231,#2232,#2233,#2234,
    #2235,#2236,#2237,#2238,#2239,#2240,#2241,#2242,#2243,#2244,#2245,
    #2246,#2247,#2248,#2249,#2250,#2251,#2252,#2253,#2254,#2255,#2256,
    #2257,#2258,#2259,#2260,#2261,#2262,#2263,#2264,#2265,#2266,#2267,
    #2268,#2269,#2270,#2271,#2272,#2273,#2274,#2275,#2276,#2277,#2278,
    #2279,#2280,#2281,#2282,#2283,#2284,#2285,#2286,#2287,#2288,#2289,
    #2290,#2291,#2292,#2293,#2294,#2295,#2296,#2297,#2298,#2299,#2300,
    #2301,#2302,#2303,#2304,#2305,#2306,#2307,#2308,#2309,#2310,#2311,
    #2312,#2313,#2314,#2315,#2316,#2317,#2318,#2319,#2320,#2321,#2322),
  .UNSPECIFIED.,.T.,.F.,(9,7,7,7,7,7,7,7,7,7,7,7,7,9),(0.,0.155750968504
    ,0.276950703616,0.471935739302,0.663360574044,0.843574783425,1.,
    1.102990029926,1.191895294138,1.343073132313,1.539939155755,
    1.647782581917,1.719759200546,1.816620211131),.UNSPECIFIED.);
#2230 = CARTESIAN_POINT('',(-43.685,103.28753390499,1.021405182655E-14)
  );
#2231 = CARTESIAN_POINT('',(-43.685,103.28753390499,0.348487136744));
#2232 = CARTESIAN_POINT('',(-43.7195692567,103.25975386585,
    0.696776265999));
#2233 = CARTESIAN_POINT('',(-43.78863220528,103.20425482239,
    1.034537714044));
#2234 = CARTESIAN_POINT('',(-43.88807648842,103.1242673149,
    1.355461800354));
#2235 = CARTESIAN_POINT('',(-44.01310529365,103.02350539744,
    1.655461927831));
#2236 = CARTESIAN_POINT('',(-44.15854802476,102.90600134736,
    1.932430659284));
#2237 = CARTESIAN_POINT('',(-44.31980011326,102.7753633701,
    2.185754867153));
#2238 = CARTESIAN_POINT('',(-44.62814855996,102.52481660841,
    2.59504221205));
#2239 = CARTESIAN_POINT('',(-44.77080353093,102.40866908496,
    2.760606164478));
#2240 = CARTESIAN_POINT('',(-44.9198211807,102.28706897653,
    2.913118625977));
#2241 = CARTESIAN_POINT('',(-45.07405680726,102.16090634269,
    3.053043670778));
#2242 = CARTESIAN_POINT('',(-45.23254687295,102.03093281381,
    3.180862669774));
#2243 = CARTESIAN_POINT('',(-45.39450637254,101.89776241602,
    3.297072382784));
#2244 = CARTESIAN_POINT('',(-45.55933586643,101.76186334243,
    3.402158328034));
#2245 = CARTESIAN_POINT('',(-45.99575597384,101.40103914927,
    3.648462713359));
#2246 = CARTESIAN_POINT('',(-46.27087579362,101.17259429679,
    3.772518401424));
#2247 = CARTESIAN_POINT('',(-46.55014101309,100.93964980991,
    3.870689635058));
#2248 = CARTESIAN_POINT('',(-46.83202730102,100.70340635162,
    3.944185522173));
#2249 = CARTESIAN_POINT('',(-47.11524111871,100.46490107489,
    3.993974458891));
#2250 = CARTESIAN_POINT('',(-47.39871777552,100.22500441475,
    4.020728228826));
#2251 = CARTESIAN_POINT('',(-47.68159838387,99.984432982972,
    4.024866136119));
#2252 = CARTESIAN_POINT('',(-48.23972725188,99.507440409479,
    3.988194835777));
#2253 = CARTESIAN_POINT('',(-48.51462600104,99.27136089523,
    3.948230752012));
#2254 = CARTESIAN_POINT('',(-48.78736591225,99.03598673133,
    3.886552996459));
#2255 = CARTESIAN_POINT('',(-49.05715305687,98.802013428039,
    3.802836105717));
#2256 = CARTESIAN_POINT('',(-49.32298897109,98.570332833712,
    3.69651917452));
#2257 = CARTESIAN_POINT('',(-49.58364639046,98.342063052837,
    3.566717285518));
#2258 = CARTESIAN_POINT('',(-49.83768324015,98.118543066811,
    3.412284592926));
#2259 = CARTESIAN_POINT('',(-50.31453467093,97.697101670166,
    3.060554383122));
#2260 = CARTESIAN_POINT('',(-50.53732999061,97.499310805718,
    2.867017653908));
#2261 = CARTESIAN_POINT('',(-50.75125579748,97.308573623742,
    2.648380707787));
#2262 = CARTESIAN_POINT('',(-50.95401748852,97.127026141267,
    2.402358342083));
#2263 = CARTESIAN_POINT('',(-51.14171683868,96.958286061844,
    2.127038336764));
#2264 = CARTESIAN_POINT('',(-51.30907519485,96.807301528499,
    1.821277198379));
#2265 = CARTESIAN_POINT('',(-51.44959988525,96.680198854457,
    1.485047133716));
#2266 = CARTESIAN_POINT('',(-51.64774503631,96.500696738972,
    0.802812456658));
#2267 = CARTESIAN_POINT('',(-51.71466667349,96.439920664274,
    0.461181589624));
#2268 = CARTESIAN_POINT('',(-51.74749340005,96.410023554435,
    0.106101491739));
#2269 = CARTESIAN_POINT('',(-51.74306122082,96.414046450559,
    -0.252282278742));
#2270 = CARTESIAN_POINT('',(-51.70190285801,96.451519416836,
    -0.604702136301));
#2271 = CARTESIAN_POINT('',(-51.62729031056,96.519314415895,
    -0.942929985117));
#2272 = CARTESIAN_POINT('',(-51.52513053238,96.611881463175,
    -1.259902601561));
#2273 = CARTESIAN_POINT('',(-51.32396494387,96.793645592541,
    -1.740664059936));
#2274 = CARTESIAN_POINT('',(-51.2350100688,96.873909026286,
    -1.921686596012));
#2275 = CARTESIAN_POINT('',(-51.13825332402,96.961063592868,
    -2.092764966353));
#2276 = CARTESIAN_POINT('',(-51.03484759562,97.054028425768,
    -2.253970741017));
#2277 = CARTESIAN_POINT('',(-50.92579205183,97.151867815833,
    -2.405514005114));
#2278 = CARTESIAN_POINT('',(-50.81191411744,97.253806819012,
    -2.547709935605));
#2279 = CARTESIAN_POINT('',(-50.69385144832,97.359246864092,
    -2.680945378102));
#2280 = CARTESIAN_POINT('',(-50.46687595222,97.561472837956,
    -2.913291673579));
#2281 = CARTESIAN_POINT('',(-50.35897646489,97.657419526483,
    -3.014519892108));
#2282 = CARTESIAN_POINT('',(-50.24865626791,97.755319797925,
    -3.109574707302));
#2283 = CARTESIAN_POINT('',(-50.13619426488,97.854912221604,
    -3.198665923464));
#2284 = CARTESIAN_POINT('',(-50.02183172829,97.955971387737,
    -3.281980715176));
#2285 = CARTESIAN_POINT('',(-49.90577471213,98.058305329674,
    -3.359690645675));
#2286 = CARTESIAN_POINT('',(-49.78819458794,98.161754544867,
    -3.431953509571));
#2287 = CARTESIAN_POINT('',(-49.46692926267,98.443783016537,
    -3.612765321723));
#2288 = CARTESIAN_POINT('',(-49.26070673583,98.624155771809,
    -3.711228658379));
#2289 = CARTESIAN_POINT('',(-49.0512321308,98.80668370138,
    -3.795015242584));
#2290 = CARTESIAN_POINT('',(-48.83909477643,98.990825378545,
    -3.864590182384));
#2291 = CARTESIAN_POINT('',(-48.62481895631,99.176106944466,
    -3.920280106904));
#2292 = CARTESIAN_POINT('',(-48.40886906961,99.36211581719,
    -3.962306974775));
#2293 = CARTESIAN_POINT('',(-48.1916486173,99.54849975375,-3.99077901857
    ));
#2294 = CARTESIAN_POINT('',(-47.68942435083,99.977782176471,
    -4.025070001822));
#2295 = CARTESIAN_POINT('',(-47.40406424736,100.22048978462,
    -4.021422153777));
#2296 = CARTESIAN_POINT('',(-47.11807891829,100.46252622605,
    -3.994768447279));
#2297 = CARTESIAN_POINT('',(-46.83234720091,100.70315791314,
    -3.94468025175));
#2298 = CARTESIAN_POINT('',(-46.54796218514,100.94149096562,
    -3.870469800746));
#2299 = CARTESIAN_POINT('',(-46.26625446731,101.17645850435,
    -3.771141489215));
#2300 = CARTESIAN_POINT('',(-45.98879192024,101.40682582386,
    -3.645455102055));
#2301 = CARTESIAN_POINT('',(-45.56884135833,101.75398776336,
    -3.406993031939));
#2302 = CARTESIAN_POINT('',(-45.42215370893,101.87495152041,
    -3.31413580342));
#2303 = CARTESIAN_POINT('',(-45.27771635925,101.9937722279,
    -3.212507581325));
#2304 = CARTESIAN_POINT('',(-45.13594970656,102.11012146983,
    -3.101772438945));
#2305 = CARTESIAN_POINT('',(-44.99738074998,102.22358729572,
    -2.981588585328));
#2306 = CARTESIAN_POINT('',(-44.862642423,102.33367601906,
    -2.851615411396));
#2307 = CARTESIAN_POINT('',(-44.73247791421,102.43980943632,
    -2.711508295374));
#2308 = CARTESIAN_POINT('',(-44.52450433425,102.60906572926,
    -2.460383294628));
#2309 = CARTESIAN_POINT('',(-44.44369786275,102.67473934048,
    -2.355226623907));
#2310 = CARTESIAN_POINT('',(-44.36560590013,102.73812391115,
    -2.245317279635));
#2311 = CARTESIAN_POINT('',(-44.29053929066,102.79897731568,
    -2.130587774112));
#2312 = CARTESIAN_POINT('',(-44.21884438435,102.85702969182,
    -2.011017007665));
#2313 = CARTESIAN_POINT('',(-44.15090303703,102.91198344069,
    -1.88663026865));
#2314 = CARTESIAN_POINT('',(-44.08713261027,102.96351322679,
    -1.757499233453));
#2315 = CARTESIAN_POINT('',(-43.94839063441,103.07552823183,
    -1.443740956456));
#2316 = CARTESIAN_POINT('',(-43.87693178787,103.13313704551,
    -1.255192018883));
#2317 = CARTESIAN_POINT('',(-43.81508623065,103.1829383166,
    -1.058642147867));
#2318 = CARTESIAN_POINT('',(-43.7640915367,103.2239650278,
    -0.854995143441));
#2319 = CARTESIAN_POINT('',(-43.72494605503,103.25543724686,
    -0.645511611575));
#2320 = CARTESIAN_POINT('',(-43.69840890975,103.27676212662,
    -0.431808964167));
#2321 = CARTESIAN_POINT('',(-43.685,103.28753390499,-0.215861419053));
#2322 = CARTESIAN_POINT('',(-43.685,103.28753390499,9.769962616701E-15)
  );
#2323 = PCURVE('',#239,#2324);
#2324 = DEFINITIONAL_REPRESENTATION('',(#2325),#2461);
#2325 = B_SPLINE_CURVE_WITH_KNOTS('',3,(#2326,#2327,#2328,#2329,#2330,
    #2331,#2332,#2333,#2334,#2335,#2336,#2337,#2338,#2339,#2340,#2341,
    #2342,#2343,#2344,#2345,#2346,#2347,#2348,#2349,#2350,#2351,#2352,
    #2353,#2354,#2355,#2356,#2357,#2358,#2359,#2360,#2361,#2362,#2363,
    #2364,#2365,#2366,#2367,#2368,#2369,#2370,#2371,#2372,#2373,#2374,
    #2375,#2376,#2377,#2378,#2379,#2380,#2381,#2382,#2383,#2384,#2385,
    #2386,#2387,#2388,#2389,#2390,#2391,#2392,#2393,#2394,#2395,#2396,
    #2397,#2398,#2399,#2400,#2401,#2402,#2403,#2404,#2405,#2406,#2407,
    #2408,#2409,#2410,#2411,#2412,#2413,#2414,#2415,#2416,#2417,#2418,
    #2419,#2420,#2421,#2422,#2423,#2424,#2425,#2426,#2427,#2428,#2429,
    #2430,#2431,#2432,#2433,#2434,#2435,#2436,#2437,#2438,#2439,#2440,
    #2441,#2442,#2443,#2444,#2445,#2446,#2447,#2448,#2449,#2450,#2451,
    #2452,#2453,#2454,#2455,#2456,#2457,#2458,#2459,#2460),
  .UNSPECIFIED.,.F.,.F.,(4,1,1,1,1,1,1,1,1,1,1,1,1,1,1,1,1,1,1,1,1,1,1,1
    ,1,1,1,1,1,1,1,1,1,1,1,1,1,1,1,1,1,1,1,1,1,1,1,1,1,1,1,1,1,1,1,1,1,1
    ,1,1,1,1,1,1,1,1,1,1,1,1,1,1,1,1,1,1,1,1,1,1,1,1,1,1,1,1,1,1,1,1,1,1
    ,1,1,1,1,1,1,1,1,1,1,1,1,1,1,1,1,1,1,1,1,1,1,1,1,1,1,1,1,1,1,1,1,1,1
    ,1,1,1,1,1,1,4),(0.,1.376227432675E-02,2.75245486535E-02,
    4.128682298025E-02,5.5049097307E-02,6.881137163376E-02,
    8.257364596051E-02,9.633592028726E-02,0.110098194614,0.123860468941,
    0.137622743268,0.151385017594,0.165147291921,0.178909566248,
    0.192671840575,0.206434114901,0.220196389228,0.233958663555,
    0.247720937882,0.261483212208,0.275245486535,0.289007760862,
    0.302770035189,0.316532309515,0.330294583842,0.344056858169,
    0.357819132496,0.371581406822,0.385343681149,0.399105955476,
    0.412868229803,0.426630504129,0.440392778456,0.454155052783,
    0.46791732711,0.481679601436,0.495441875763,0.50920415009,
    0.522966424417,0.536728698743,0.55049097307,0.564253247397,
    0.578015521724,0.59177779605,0.605540070377,0.619302344704,
    0.633064619031,0.646826893357,0.660589167684,0.674351442011,
    0.688113716338,0.701875990664,0.715638264991,0.729400539318,
    0.743162813645,0.756925087971,0.770687362298,0.784449636625,
    0.798211910952,0.811974185278,0.825736459605,0.839498733932,
    0.853261008259,0.867023282585,0.880785556912,0.894547831239,
    0.908310105566,0.922072379892,0.935834654219,0.949596928546,
    0.963359202873,0.977121477199,0.990883751526,1.004646025853,
    1.01840830018,1.032170574506,1.045932848833,1.05969512316,
    1.073457397487,1.087219671813,1.10098194614,1.114744220467,
    1.128506494794,1.14226876912,1.156031043447,1.169793317774,
    1.183555592101,1.197317866427,1.211080140754,1.224842415081,
    1.238604689408,1.252366963734,1.266129238061,1.279891512388,
    1.293653786715,1.307416061041,1.321178335368,1.334940609695,
    1.348702884022,1.362465158348,1.376227432675,1.389989707002,
    1.403751981329,1.417514255655,1.431276529982,1.445038804309,
    1.458801078636,1.472563352962,1.486325627289,1.500087901616,
    1.513850175943,1.527612450269,1.541374724596,1.555136998923,
    1.56889927325,1.582661547576,1.596423821903,1.61018609623,
    1.623948370557,1.637710644883,1.65147291921,1.665235193537,
    1.678997467864,1.69275974219,1.706522016517,1.720284290844,
    1.734046565171,1.747808839497,1.761571113824,1.775333388151,
    1.789095662478,1.802857936804,1.816620211131),
  .QUASI_UNIFORM_KNOTS.);
#2326 = CARTESIAN_POINT('',(3.14159265359,0.936340729575));
#2327 = CARTESIAN_POINT('',(3.143473028263,0.936341184289));
#2328 = CARTESIAN_POINT('',(3.147230434992,0.936247637901));
#2329 = CARTESIAN_POINT('',(3.152809337396,0.935833899323));
#2330 = CARTESIAN_POINT('',(3.158280730006,0.935154919236));
#2331 = CARTESIAN_POINT('',(3.163605238648,0.934225073489));
#2332 = CARTESIAN_POINT('',(3.168749801449,0.933061131145));
#2333 = CARTESIAN_POINT('',(3.173688149257,0.931681944729));
#2334 = CARTESIAN_POINT('',(3.178399980124,0.930107459724));
#2335 = CARTESIAN_POINT('',(3.182870521606,0.928358093081));
#2336 = CARTESIAN_POINT('',(3.18708999018,0.926454148268));
#2337 = CARTESIAN_POINT('',(3.191053132864,0.924415312763));
#2338 = CARTESIAN_POINT('',(3.194758551999,0.922260228049));
#2339 = CARTESIAN_POINT('',(3.198208810878,0.920006042315));
#2340 = CARTESIAN_POINT('',(3.20141850085,0.917660786332));
#2341 = CARTESIAN_POINT('',(3.204393500824,0.915236416661));
#2342 = CARTESIAN_POINT('',(3.207141587643,0.912742865696));
#2343 = CARTESIAN_POINT('',(3.209670157274,0.91018932845));
#2344 = CARTESIAN_POINT('',(3.211986793402,0.90758395024));
#2345 = CARTESIAN_POINT('',(3.214099059248,0.904933906726));
#2346 = CARTESIAN_POINT('',(3.216014418753,0.902245461616));
#2347 = CARTESIAN_POINT('',(3.217740324236,0.89952368344));
#2348 = CARTESIAN_POINT('',(3.2192834531,0.896773523887));
#2349 = CARTESIAN_POINT('',(3.22064970404,0.894000418888));
#2350 = CARTESIAN_POINT('',(3.221845560448,0.891207564444));
#2351 = CARTESIAN_POINT('',(3.222876653165,0.888398437192));
#2352 = CARTESIAN_POINT('',(3.223748225688,0.885576159828));
#2353 = CARTESIAN_POINT('',(3.224465079583,0.882743685667));
#2354 = CARTESIAN_POINT('',(3.225031639811,0.879903761298));
#2355 = CARTESIAN_POINT('',(3.2254519723,0.877058946728));
#2356 = CARTESIAN_POINT('',(3.225729801745,0.874211618752));
#2357 = CARTESIAN_POINT('',(3.225868519032,0.871363977002));
#2358 = CARTESIAN_POINT('',(3.225871182862,0.868518050467));
#2359 = CARTESIAN_POINT('',(3.225740514741,0.865675694771));
#2360 = CARTESIAN_POINT('',(3.225478889682,0.862838621854));
#2361 = CARTESIAN_POINT('',(3.225088314467,0.860008305385));
#2362 = CARTESIAN_POINT('',(3.224570421068,0.857186346781));
#2363 = CARTESIAN_POINT('',(3.223926993521,0.854376148358));
#2364 = CARTESIAN_POINT('',(3.22315906852,0.851578602226));
#2365 = CARTESIAN_POINT('',(3.222267426386,0.848795354817));
#2366 = CARTESIAN_POINT('',(3.22125251306,0.846028069287));
#2367 = CARTESIAN_POINT('',(3.220114479759,0.843278622265));
#2368 = CARTESIAN_POINT('',(3.218853180338,0.840549051912));
#2369 = CARTESIAN_POINT('',(3.217468169427,0.837841573819));
#2370 = CARTESIAN_POINT('',(3.215958690529,0.83515858142));
#2371 = CARTESIAN_POINT('',(3.21432365108,0.832502648342));
#2372 = CARTESIAN_POINT('',(3.212561599534,0.829876547941));
#2373 = CARTESIAN_POINT('',(3.210670634958,0.827283214113));
#2374 = CARTESIAN_POINT('',(3.208648495438,0.824725935131));
#2375 = CARTESIAN_POINT('',(3.20649188848,0.822207693401));
#2376 = CARTESIAN_POINT('',(3.204198538875,0.819733712633));
#2377 = CARTESIAN_POINT('',(3.201768086775,0.817311526817));
#2378 = CARTESIAN_POINT('',(3.199193781814,0.814943130149));
#2379 = CARTESIAN_POINT('',(3.196470639344,0.812634036402));
#2380 = CARTESIAN_POINT('',(3.193593578727,0.81039094519));
#2381 = CARTESIAN_POINT('',(3.190558060739,0.808222276394));
#2382 = CARTESIAN_POINT('',(3.187360042644,0.806137941436));
#2383 = CARTESIAN_POINT('',(3.183996098983,0.804149322821));
#2384 = CARTESIAN_POINT('',(3.180463506143,0.802269208095));
#2385 = CARTESIAN_POINT('',(3.176760259321,0.80051172268));
#2386 = CARTESIAN_POINT('',(3.172885358648,0.79889233816));
#2387 = CARTESIAN_POINT('',(3.168838058239,0.797427605819));
#2388 = CARTESIAN_POINT('',(3.164620976126,0.796135940182));
#2389 = CARTESIAN_POINT('',(3.160228789545,0.795034504433));
#2390 = CARTESIAN_POINT('',(3.155671552893,0.794146413359));
#2391 = CARTESIAN_POINT('',(3.151002059509,0.793498450478));
#2392 = CARTESIAN_POINT('',(3.146260093195,0.793106194452));
#2393 = CARTESIAN_POINT('',(3.141485787335,0.792978657032));
#2394 = CARTESIAN_POINT('',(3.136716387794,0.793118035695));
#2395 = CARTESIAN_POINT('',(3.131987380002,0.793520598607));
#2396 = CARTESIAN_POINT('',(3.127332489318,0.794177057639));
#2397 = CARTESIAN_POINT('',(3.12278358622,0.795073076943));
#2398 = CARTESIAN_POINT('',(3.118371889999,0.796189066924));
#2399 = CARTESIAN_POINT('',(3.114123890259,0.797502120256));
#2400 = CARTESIAN_POINT('',(3.110076934439,0.798979625086));
#2401 = CARTESIAN_POINT('',(3.106207566426,0.800609062831));
#2402 = CARTESIAN_POINT('',(3.102510994391,0.802375649144));
#2403 = CARTESIAN_POINT('',(3.098987062721,0.804263201456));
#2404 = CARTESIAN_POINT('',(3.095632975523,0.806257782147));
#2405 = CARTESIAN_POINT('',(3.09244538167,0.808346842349));
#2406 = CARTESIAN_POINT('',(3.08942001447,0.810519530288));
#2407 = CARTESIAN_POINT('',(3.086551766636,0.812766858297));
#2408 = CARTESIAN_POINT('',(3.083835489631,0.815081286313));
#2409 = CARTESIAN_POINT('',(3.081267640314,0.817455080209));
#2410 = CARTESIAN_POINT('',(3.078843636937,0.819882494281));
#2411 = CARTESIAN_POINT('',(3.076559789383,0.822358096219));
#2412 = CARTESIAN_POINT('',(3.074412679199,0.824877175886));
#2413 = CARTESIAN_POINT('',(3.072399277076,0.827435560115));
#2414 = CARTESIAN_POINT('',(3.070516735015,0.830029857475));
#2415 = CARTESIAN_POINT('',(3.068763149972,0.832656295661));
#2416 = CARTESIAN_POINT('',(3.067136461601,0.835312148033));
#2417 = CARTESIAN_POINT('',(3.065635124616,0.83799481918));
#2418 = CARTESIAN_POINT('',(3.064258006492,0.84070186383));
#2419 = CARTESIAN_POINT('',(3.063004351252,0.843430971966));
#2420 = CARTESIAN_POINT('',(3.061873742119,0.846179964742));
#2421 = CARTESIAN_POINT('',(3.060866079077,0.848946791864));
#2422 = CARTESIAN_POINT('',(3.059981566585,0.851729521855));
#2423 = CARTESIAN_POINT('',(3.059220706587,0.854526367389));
#2424 = CARTESIAN_POINT('',(3.058584313149,0.857335583866));
#2425 = CARTESIAN_POINT('',(3.058073480291,0.860155844556));
#2426 = CARTESIAN_POINT('',(3.057689863953,0.862984144804));
#2427 = CARTESIAN_POINT('',(3.05743506771,0.865819179486));
#2428 = CARTESIAN_POINT('',(3.057311124534,0.868659392901));
#2429 = CARTESIAN_POINT('',(3.057320418521,0.87150309136));
#2430 = CARTESIAN_POINT('',(3.057465682582,0.874348409769));
#2431 = CARTESIAN_POINT('',(3.057749984142,0.877193316509));
#2432 = CARTESIAN_POINT('',(3.058176721681,0.880035607193));
#2433 = CARTESIAN_POINT('',(3.058749626163,0.882872900802));
#2434 = CARTESIAN_POINT('',(3.059472768912,0.88570263336));
#2435 = CARTESIAN_POINT('',(3.06035057941,0.888522054485));
#2436 = CARTESIAN_POINT('',(3.06138786456,0.891328209306));
#2437 = CARTESIAN_POINT('',(3.062589870214,0.894117969103));
#2438 = CARTESIAN_POINT('',(3.063962243987,0.896887872923));
#2439 = CARTESIAN_POINT('',(3.065511439865,0.899634665524));
#2440 = CARTESIAN_POINT('',(3.067243532736,0.902353171873));
#2441 = CARTESIAN_POINT('',(3.069165142125,0.905038279933));
#2442 = CARTESIAN_POINT('',(3.07128364556,0.907684788587));
#2443 = CARTESIAN_POINT('',(3.07360644953,0.910286369924));
#2444 = CARTESIAN_POINT('',(3.076141087363,0.912835839406));
#2445 = CARTESIAN_POINT('',(3.078895166442,0.915325092763));
#2446 = CARTESIAN_POINT('',(3.081876198256,0.917745023967));
#2447 = CARTESIAN_POINT('',(3.085092154412,0.920085807524));
#2448 = CARTESIAN_POINT('',(3.088548975207,0.922335535975));
#2449 = CARTESIAN_POINT('',(3.092252547021,0.924480861801));
#2450 = CARTESIAN_POINT('',(3.096206204093,0.926507016371));
#2451 = CARTESIAN_POINT('',(3.100410740076,0.928397921971));
#2452 = CARTESIAN_POINT('',(3.104863043896,0.930135007143));
#2453 = CARTESIAN_POINT('',(3.109560768539,0.93170199416));
#2454 = CARTESIAN_POINT('',(3.114490580271,0.933076344112));
#2455 = CARTESIAN_POINT('',(3.119629381338,0.93423551688));
#2456 = CARTESIAN_POINT('',(3.124948170713,0.935160629767));
#2457 = CARTESIAN_POINT('',(3.13041090774,0.935835707116));
#2458 = CARTESIAN_POINT('',(3.13597570268,0.936247623192));
#2459 = CARTESIAN_POINT('',(3.139719943995,0.936341004749));
#2460 = CARTESIAN_POINT('',(3.14159265359,0.936340729575));
#2461 = ( GEOMETRIC_REPRESENTATION_CONTEXT(2) 
PARAMETRIC_REPRESENTATION_CONTEXT() REPRESENTATION_CONTEXT('2D SPACE',''
  ) );
#2462 = PCURVE('',#2463,#2468);
#2463 = CYLINDRICAL_SURFACE('',#2464,4.015);
#2464 = AXIS2_PLACEMENT_3D('',#2465,#2466,#2467);
#2465 = CARTESIAN_POINT('',(-47.7,0.,5.841565231933E-15));
#2466 = DIRECTION('',(-0.,1.,0.));
#2467 = DIRECTION('',(1.,0.,-1.224646799147E-16));
#2468 = DEFINITIONAL_REPRESENTATION('',(#2469),#2605);
#2469 = B_SPLINE_CURVE_WITH_KNOTS('',3,(#2470,#2471,#2472,#2473,#2474,
    #2475,#2476,#2477,#2478,#2479,#2480,#2481,#2482,#2483,#2484,#2485,
    #2486,#2487,#2488,#2489,#2490,#2491,#2492,#2493,#2494,#2495,#2496,
    #2497,#2498,#2499,#2500,#2501,#2502,#2503,#2504,#2505,#2506,#2507,
    #2508,#2509,#2510,#2511,#2512,#2513,#2514,#2515,#2516,#2517,#2518,
    #2519,#2520,#2521,#2522,#2523,#2524,#2525,#2526,#2527,#2528,#2529,
    #2530,#2531,#2532,#2533,#2534,#2535,#2536,#2537,#2538,#2539,#2540,
    #2541,#2542,#2543,#2544,#2545,#2546,#2547,#2548,#2549,#2550,#2551,
    #2552,#2553,#2554,#2555,#2556,#2557,#2558,#2559,#2560,#2561,#2562,
    #2563,#2564,#2565,#2566,#2567,#2568,#2569,#2570,#2571,#2572,#2573,
    #2574,#2575,#2576,#2577,#2578,#2579,#2580,#2581,#2582,#2583,#2584,
    #2585,#2586,#2587,#2588,#2589,#2590,#2591,#2592,#2593,#2594,#2595,
    #2596,#2597,#2598,#2599,#2600,#2601,#2602,#2603,#2604),
  .UNSPECIFIED.,.F.,.F.,(4,1,1,1,1,1,1,1,1,1,1,1,1,1,1,1,1,1,1,1,1,1,1,1
    ,1,1,1,1,1,1,1,1,1,1,1,1,1,1,1,1,1,1,1,1,1,1,1,1,1,1,1,1,1,1,1,1,1,1
    ,1,1,1,1,1,1,1,1,1,1,1,1,1,1,1,1,1,1,1,1,1,1,1,1,1,1,1,1,1,1,1,1,1,1
    ,1,1,1,1,1,1,1,1,1,1,1,1,1,1,1,1,1,1,1,1,1,1,1,1,1,1,1,1,1,1,1,1,1,1
    ,1,1,1,1,1,1,4),(0.,1.376227432675E-02,2.75245486535E-02,
    4.128682298025E-02,5.5049097307E-02,6.881137163376E-02,
    8.257364596051E-02,9.633592028726E-02,0.110098194614,0.123860468941,
    0.137622743268,0.151385017594,0.165147291921,0.178909566248,
    0.192671840575,0.206434114901,0.220196389228,0.233958663555,
    0.247720937882,0.261483212208,0.275245486535,0.289007760862,
    0.302770035189,0.316532309515,0.330294583842,0.344056858169,
    0.357819132496,0.371581406822,0.385343681149,0.399105955476,
    0.412868229803,0.426630504129,0.440392778456,0.454155052783,
    0.46791732711,0.481679601436,0.495441875763,0.50920415009,
    0.522966424417,0.536728698743,0.55049097307,0.564253247397,
    0.578015521724,0.59177779605,0.605540070377,0.619302344704,
    0.633064619031,0.646826893357,0.660589167684,0.674351442011,
    0.688113716338,0.701875990664,0.715638264991,0.729400539318,
    0.743162813645,0.756925087971,0.770687362298,0.784449636625,
    0.798211910952,0.811974185278,0.825736459605,0.839498733932,
    0.853261008259,0.867023282585,0.880785556912,0.894547831239,
    0.908310105566,0.922072379892,0.935834654219,0.949596928546,
    0.963359202873,0.977121477199,0.990883751526,1.004646025853,
    1.01840830018,1.032170574506,1.045932848833,1.05969512316,
    1.073457397487,1.087219671813,1.10098194614,1.114744220467,
    1.128506494794,1.14226876912,1.156031043447,1.169793317774,
    1.183555592101,1.197317866427,1.211080140754,1.224842415081,
    1.238604689408,1.252366963734,1.266129238061,1.279891512388,
    1.293653786715,1.307416061041,1.321178335368,1.334940609695,
    1.348702884022,1.362465158348,1.376227432675,1.389989707002,
    1.403751981329,1.417514255655,1.431276529982,1.445038804309,
    1.458801078636,1.472563352962,1.486325627289,1.500087901616,
    1.513850175943,1.527612450269,1.541374724596,1.555136998923,
    1.56889927325,1.582661547576,1.596423821903,1.61018609623,
    1.623948370557,1.637710644883,1.65147291921,1.665235193537,
    1.678997467864,1.69275974219,1.706522016517,1.720284290844,
    1.734046565171,1.747808839497,1.761571113824,1.775333388151,
    1.789095662478,1.802857936804,1.816620211131),
  .QUASI_UNIFORM_KNOTS.);
#2470 = CARTESIAN_POINT('',(6.28318530718,103.28753390499));
#2471 = CARTESIAN_POINT('',(6.26272760722,103.28755273321));
#2472 = CARTESIAN_POINT('',(6.221842812482,103.28346806507));
#2473 = CARTESIAN_POINT('',(6.160846052712,103.26538818632));
#2474 = CARTESIAN_POINT('',(6.100442065067,103.23569655308));
#2475 = CARTESIAN_POINT('',(6.040810158872,103.19498970034));
#2476 = CARTESIAN_POINT('',(5.98209405871,103.14396198957));
#2477 = CARTESIAN_POINT('',(5.924402462414,103.08339349268));
#2478 = CARTESIAN_POINT('',(5.867818065862,103.01411005869));
#2479 = CARTESIAN_POINT('',(5.812401274745,102.93695866173));
#2480 = CARTESIAN_POINT('',(5.758193233912,102.85278400621));
#2481 = CARTESIAN_POINT('',(5.705216871732,102.76240815595));
#2482 = CARTESIAN_POINT('',(5.653478935956,102.66661260363));
#2483 = CARTESIAN_POINT('',(5.602964220058,102.56611949412));
#2484 = CARTESIAN_POINT('',(5.553492748666,102.46124973434));
#2485 = CARTESIAN_POINT('',(5.505014392493,102.35250337804));
#2486 = CARTESIAN_POINT('',(5.457460121216,102.24029518728));
#2487 = CARTESIAN_POINT('',(5.410771019046,102.12501146046));
#2488 = CARTESIAN_POINT('',(5.364888380724,102.00699579946));
#2489 = CARTESIAN_POINT('',(5.319754227579,101.88655216402));
#2490 = CARTESIAN_POINT('',(5.275310758113,101.76394699099));
#2491 = CARTESIAN_POINT('',(5.231494770936,101.63939561291));
#2492 = CARTESIAN_POINT('',(5.188253964443,101.51311095478));
#2493 = CARTESIAN_POINT('',(5.145553434738,101.38533144272));
#2494 = CARTESIAN_POINT('',(5.10333262695,101.25619517847));
#2495 = CARTESIAN_POINT('',(5.061544023557,101.12585524377));
#2496 = CARTESIAN_POINT('',(5.020141741441,100.99445048197));
#2497 = CARTESIAN_POINT('',(4.979083432151,100.86211380524));
#2498 = CARTESIAN_POINT('',(4.938328807006,100.72897033805));
#2499 = CARTESIAN_POINT('',(4.897839205658,100.59513819497));
#2500 = CARTESIAN_POINT('',(4.857576987434,100.46072849157));
#2501 = CARTESIAN_POINT('',(4.817505030915,100.32584547807));
#2502 = CARTESIAN_POINT('',(4.777586279078,100.19058670143));
#2503 = CARTESIAN_POINT('',(4.737783180551,100.05504272913));
#2504 = CARTESIAN_POINT('',(4.69805758854,99.919298421747));
#2505 = CARTESIAN_POINT('',(4.658368926551,99.783428279832));
#2506 = CARTESIAN_POINT('',(4.618678722154,99.647513764737));
#2507 = CARTESIAN_POINT('',(4.57897389066,99.511724607154));
#2508 = CARTESIAN_POINT('',(4.539205597193,99.376110787287));
#2509 = CARTESIAN_POINT('',(4.499334487222,99.240759405066));
#2510 = CARTESIAN_POINT('',(4.459319836195,99.105759392712));
#2511 = CARTESIAN_POINT('',(4.419121784617,98.971211070106));
#2512 = CARTESIAN_POINT('',(4.378700064373,98.837223759364));
#2513 = CARTESIAN_POINT('',(4.338013631852,98.703916651996));
#2514 = CARTESIAN_POINT('',(4.297020023645,98.571418933687));
#2515 = CARTESIAN_POINT('',(4.2556746334,98.43986999168));
#2516 = CARTESIAN_POINT('',(4.21393015253,98.309420481891));
#2517 = CARTESIAN_POINT('',(4.17173481657,98.180230447877));
#2518 = CARTESIAN_POINT('',(4.129034400515,98.052479115226));
#2519 = CARTESIAN_POINT('',(4.08575922924,97.92633188772));
#2520 = CARTESIAN_POINT('',(4.041865792975,97.802068072594));
#2521 = CARTESIAN_POINT('',(3.997343765822,97.680086185821));
#2522 = CARTESIAN_POINT('',(3.952067410686,97.560508090503));
#2523 = CARTESIAN_POINT('',(3.90595245045,97.443634253578));
#2524 = CARTESIAN_POINT('',(3.858915415471,97.329827611111));
#2525 = CARTESIAN_POINT('',(3.810882725572,97.219541097925));
#2526 = CARTESIAN_POINT('',(3.761786564621,97.113306750376));
#2527 = CARTESIAN_POINT('',(3.71156430713,97.011735067344));
#2528 = CARTESIAN_POINT('',(3.660157292905,96.91551189312));
#2529 = CARTESIAN_POINT('',(3.607508885468,96.82539499526));
#2530 = CARTESIAN_POINT('',(3.553566139294,96.74221429424));
#2531 = CARTESIAN_POINT('',(3.498267685955,96.666857657355));
#2532 = CARTESIAN_POINT('',(3.441582899771,96.600310563039));
#2533 = CARTESIAN_POINT('',(3.38335929588,96.543494411307));
#2534 = CARTESIAN_POINT('',(3.323632357513,96.497636466591));
#2535 = CARTESIAN_POINT('',(3.262963434333,96.464151494274));
#2536 = CARTESIAN_POINT('',(3.201710078532,96.443869974195));
#2537 = CARTESIAN_POINT('',(3.14021685593,96.437273922213));
#2538 = CARTESIAN_POINT('',(3.078782701259,96.44448233989));
#2539 = CARTESIAN_POINT('',(3.017685044117,96.465296406919));
#2540 = CARTESIAN_POINT('',(2.957187856716,96.499219501047));
#2541 = CARTESIAN_POINT('',(2.89754749723,96.545485237227));
#2542 = CARTESIAN_POINT('',(2.839036276023,96.603049659214));
#2543 = CARTESIAN_POINT('',(2.781892344171,96.670694183416));
#2544 = CARTESIAN_POINT('',(2.726543153781,96.746701426354));
#2545 = CARTESIAN_POINT('',(2.672616409606,96.830390641992));
#2546 = CARTESIAN_POINT('',(2.619995001838,96.920964567907));
#2547 = CARTESIAN_POINT('',(2.568640180815,97.017557232145));
#2548 = CARTESIAN_POINT('',(2.518486030135,97.119421008127));
#2549 = CARTESIAN_POINT('',(2.469466218524,97.225882641212));
#2550 = CARTESIAN_POINT('',(2.421506152743,97.336358899933));
#2551 = CARTESIAN_POINT('',(2.374520661247,97.450364756887));
#2552 = CARTESIAN_POINT('',(2.32842342201,97.56749182633));
#2553 = CARTESIAN_POINT('',(2.283154999402,97.687324473469));
#2554 = CARTESIAN_POINT('',(2.238637112149,97.80955046771));
#2555 = CARTESIAN_POINT('',(2.194804189671,97.933875618142));
#2556 = CARTESIAN_POINT('',(2.151592651816,98.060044290178));
#2557 = CARTESIAN_POINT('',(2.108942595515,98.187829799561));
#2558 = CARTESIAN_POINT('',(2.066792443697,98.317046276498));
#2559 = CARTESIAN_POINT('',(2.025096253903,98.44749058946));
#2560 = CARTESIAN_POINT('',(1.983799191603,98.579013252183));
#2561 = CARTESIAN_POINT('',(1.942851608034,98.71147258141));
#2562 = CARTESIAN_POINT('',(1.902207411818,98.844735625961));
#2563 = CARTESIAN_POINT('',(1.861823362636,98.978677354963));
#2564 = CARTESIAN_POINT('',(1.821658298846,99.11318040118));
#2565 = CARTESIAN_POINT('',(1.781672481122,99.24813486531));
#2566 = CARTESIAN_POINT('',(1.741827116333,99.383437779887));
#2567 = CARTESIAN_POINT('',(1.702083449087,99.518994250383));
#2568 = CARTESIAN_POINT('',(1.662403659654,99.65471252251));
#2569 = CARTESIAN_POINT('',(1.622745108333,99.790521880181));
#2570 = CARTESIAN_POINT('',(1.58308919079,99.926272050986));
#2571 = CARTESIAN_POINT('',(1.543393429727,100.06189586674));
#2572 = CARTESIAN_POINT('',(1.503618518143,100.19731494314));
#2573 = CARTESIAN_POINT('',(1.463726149051,100.3324453578));
#2574 = CARTESIAN_POINT('',(1.423678978075,100.46719615286));
#2575 = CARTESIAN_POINT('',(1.383440040314,100.60146972315));
#2576 = CARTESIAN_POINT('',(1.342972318992,100.73516166133));
#2577 = CARTESIAN_POINT('',(1.302238254433,100.86816072368));
#2578 = CARTESIAN_POINT('',(1.261199247828,101.00034868187));
#2579 = CARTESIAN_POINT('',(1.219815054329,101.13160030869));
#2580 = CARTESIAN_POINT('',(1.178043317323,101.26178269383));
#2581 = CARTESIAN_POINT('',(1.135838199061,101.39075679285));
#2582 = CARTESIAN_POINT('',(1.093151854532,101.51837031654));
#2583 = CARTESIAN_POINT('',(1.049924578589,101.6444825261));
#2584 = CARTESIAN_POINT('',(1.006117123408,101.76886700721));
#2585 = CARTESIAN_POINT('',(0.961679414113,101.89130350594));
#2586 = CARTESIAN_POINT('',(0.916550167297,102.01157071723));
#2587 = CARTESIAN_POINT('',(0.870672519956,102.12939940915));
#2588 = CARTESIAN_POINT('',(0.823988579541,102.24448536482));
#2589 = CARTESIAN_POINT('',(0.776438771038,102.35648696319));
#2590 = CARTESIAN_POINT('',(0.727962095083,102.46502199418));
#2591 = CARTESIAN_POINT('',(0.678486537405,102.56968050535));
#2592 = CARTESIAN_POINT('',(0.627960783199,102.66996487029));
#2593 = CARTESIAN_POINT('',(0.576328174466,102.7653173545));
#2594 = CARTESIAN_POINT('',(0.523544895885,102.8551236222));
#2595 = CARTESIAN_POINT('',(0.469578102094,102.93871674643));
#2596 = CARTESIAN_POINT('',(0.414423634961,103.01532307809));
#2597 = CARTESIAN_POINT('',(0.358026631371,103.08427566589));
#2598 = CARTESIAN_POINT('',(0.300449745045,103.14463132582));
#2599 = CARTESIAN_POINT('',(0.241816312114,103.19544816292));
#2600 = CARTESIAN_POINT('',(0.182261617991,103.23594549444));
#2601 = CARTESIAN_POINT('',(0.121958931278,103.26546503618));
#2602 = CARTESIAN_POINT('',(6.11162748969E-02,103.28346623418));
#2603 = CARTESIAN_POINT('',(2.037415987935E-02,103.28754457911));
#2604 = CARTESIAN_POINT('',(-8.881784197001E-16,103.28753390499));
#2605 = ( GEOMETRIC_REPRESENTATION_CONTEXT(2) 
PARAMETRIC_REPRESENTATION_CONTEXT() REPRESENTATION_CONTEXT('2D SPACE',''
  ) );
#2606 = FACE_BOUND('',#2607,.T.);
#2607 = EDGE_LOOP('',(#2608));
#2608 = ORIENTED_EDGE('',*,*,#2609,.T.);
#2609 = EDGE_CURVE('',#2610,#2610,#2612,.T.);
#2610 = VERTEX_POINT('',#2611);
#2611 = CARTESIAN_POINT('',(-35.34190739927,103.28753390499,
    25.677398746397));
#2612 = SURFACE_CURVE('',#2613,(#2707,#2846),.PCURVE_S1.);
#2613 = B_SPLINE_CURVE_WITH_KNOTS('',8,(#2614,#2615,#2616,#2617,#2618,
    #2619,#2620,#2621,#2622,#2623,#2624,#2625,#2626,#2627,#2628,#2629,
    #2630,#2631,#2632,#2633,#2634,#2635,#2636,#2637,#2638,#2639,#2640,
    #2641,#2642,#2643,#2644,#2645,#2646,#2647,#2648,#2649,#2650,#2651,
    #2652,#2653,#2654,#2655,#2656,#2657,#2658,#2659,#2660,#2661,#2662,
    #2663,#2664,#2665,#2666,#2667,#2668,#2669,#2670,#2671,#2672,#2673,
    #2674,#2675,#2676,#2677,#2678,#2679,#2680,#2681,#2682,#2683,#2684,
    #2685,#2686,#2687,#2688,#2689,#2690,#2691,#2692,#2693,#2694,#2695,
    #2696,#2697,#2698,#2699,#2700,#2701,#2702,#2703,#2704,#2705,#2706),
  .UNSPECIFIED.,.T.,.F.,(9,7,7,7,7,7,7,7,7,7,7,7,7,9),(0.,0.15575097697,
    0.276950716557,0.471935699209,0.663360534309,0.843574686289,1.,
    1.102990021317,1.191895278116,1.343073103692,1.539939110787,
    1.647782527978,1.719759140647,1.816620143019),.UNSPECIFIED.);
#2614 = CARTESIAN_POINT('',(-35.34190739927,103.28753390499,
    25.677398746397));
#2615 = CARTESIAN_POINT('',(-35.13707179679,103.28753390499,
    25.959330766307));
#2616 = CARTESIAN_POINT('',(-34.96031969719,103.25975386507,
    26.261421894587));
#2617 = CARTESIAN_POINT('',(-34.8176615973,103.20425482006,
    26.575270833412));
#2618 = CARTESIAN_POINT('',(-34.70947926727,103.12426731046,
    26.893355760745));
#2619 = CARTESIAN_POINT('',(-34.63429404565,103.02350539045,
    27.209551054283));
#2620 = CARTESIAN_POINT('',(-34.58916155259,102.90600133759,
    27.519112561187));
#2621 = CARTESIAN_POINT('',(-34.57071700108,102.77536335739,
    27.818837753362));
#2622 = CARTESIAN_POINT('',(-34.57960307351,102.52481659227,
    28.331200841878));
#2623 = CARTESIAN_POINT('',(-34.59769732132,102.40866906855,
    28.548995379539));
#2624 = CARTESIAN_POINT('',(-34.62861055808,102.28706896,28.759970928015
    ));
#2625 = CARTESIAN_POINT('',(-34.67114392445,102.16090632615,
    28.963830092299));
#2626 = CARTESIAN_POINT('',(-34.72423495939,102.03093279734,
    29.160395956422));
#2627 = CARTESIAN_POINT('',(-34.78695659226,101.8977623997,
    29.34960899302));
#2628 = CARTESIAN_POINT('',(-34.85853848581,101.76186332632,
    29.531509652842));
#2629 = CARTESIAN_POINT('',(-35.06683564584,101.40103920258,
    29.987295298928));
#2630 = CARTESIAN_POINT('',(-35.21649409947,101.17259442296,
    30.249369754505));
#2631 = CARTESIAN_POINT('',(-35.38472074161,100.93965001134,
    30.492939862747));
#2632 = CARTESIAN_POINT('',(-35.56957166815,100.70340662978,
    30.718087833073));
#2633 = CARTESIAN_POINT('',(-35.76943117668,100.46490143028,
    30.924836791521));
#2634 = CARTESIAN_POINT('',(-35.98304305071,100.22500484724,
    31.113104413154));
#2635 = CARTESIAN_POINT('',(-36.20946597544,99.984433491806,
    31.282725081058));
#2636 = CARTESIAN_POINT('',(-36.68255642938,99.507441002609,
    31.581117321115));
#2637 = CARTESIAN_POINT('',(-36.92844445439,99.271361495976,
    31.710367165339));
#2638 = CARTESIAN_POINT('',(-37.18534891906,99.035987338272,
    31.820781349622));
#2639 = CARTESIAN_POINT('',(-37.45281882401,98.80201403959,
    31.91162990955));
#2640 = CARTESIAN_POINT('',(-37.73037608684,98.570333447949,
    31.981872181621));
#2641 = CARTESIAN_POINT('',(-38.0175479712,98.342063667228,
    32.030070885658));
#2642 = CARTESIAN_POINT('',(-38.31384132555,98.118543678043,
    32.054451383677));
#2643 = CARTESIAN_POINT('',(-38.90636391101,97.697102331973,
    32.050182031422));
#2644 = CARTESIAN_POINT('',(-39.20036702014,97.499311517029,
    32.024563414937));
#2645 = CARTESIAN_POINT('',(-39.50194807502,97.30857437544,
    31.973424952532));
#2646 = CARTESIAN_POINT('',(-39.81059391321,97.127026919466,
    31.893569148654));
#2647 = CARTESIAN_POINT('',(-40.12427478506,96.958286845007,
    31.781157671483));
#2648 = CARTESIAN_POINT('',(-40.43939230913,96.807302284566,
    31.632162706135));
#2649 = CARTESIAN_POINT('',(-40.75071015444,96.680199538961,
    31.442745473207));
#2650 = CARTESIAN_POINT('',(-41.31202059308,96.500697109859,
    31.007273192086));
#2651 = CARTESIAN_POINT('',(-41.56696732893,96.439920791221,
    30.77022346174));
#2652 = CARTESIAN_POINT('',(-41.80223583699,96.410023545787,
    30.502252556507));
#2653 = CARTESIAN_POINT('',(-42.00930306113,96.414046340833,
    30.209708688594));
#2654 = CARTESIAN_POINT('',(-42.18315267524,96.451519230956,
    29.900402576005));
#2655 = CARTESIAN_POINT('',(-42.3215954028,96.519314246213,
    29.582914032339));
#2656 = CARTESIAN_POINT('',(-42.42525835609,96.611881386346,
    29.26642944764));
#2657 = CARTESIAN_POINT('',(-42.54509652212,96.793645592989,
    28.759242876081));
#2658 = CARTESIAN_POINT('',(-42.57953289343,96.873909026745,
    28.560506204419));
#2659 = CARTESIAN_POINT('',(-42.60181238559,96.96106359333,
    28.365228707873));
#2660 = CARTESIAN_POINT('',(-42.61290977089,97.054028426227,
    28.174030134498));
#2661 = CARTESIAN_POINT('',(-42.61375687831,97.151867816282,
    27.987327818211));
#2662 = CARTESIAN_POINT('',(-42.60520836495,97.253806819447,
    27.805353123586));
#2663 = CARTESIAN_POINT('',(-42.58800748739,97.359246864509,
    27.628167890663));
#2664 = CARTESIAN_POINT('',(-42.5409501796,97.561472838354,
    27.306782939888));
#2665 = CARTESIAN_POINT('',(-42.51315811461,97.657419526882,
    27.161465863426));
#2666 = CARTESIAN_POINT('',(-42.47977901895,97.755319798324,
    27.019720317745));
#2667 = CARTESIAN_POINT('',(-42.44116185023,97.854912222001,
    26.88154050302));
#2668 = CARTESIAN_POINT('',(-42.39761182046,97.955971388133,
    26.746916808239));
#2669 = CARTESIAN_POINT('',(-42.34939647316,98.058305330067,
    26.615831551332));
#2670 = CARTESIAN_POINT('',(-42.29674720017,98.161754545257,
    26.488257803435));
#2671 = CARTESIAN_POINT('',(-42.14311660891,98.443783016924,
    26.153142954396));
#2672 = CARTESIAN_POINT('',(-42.03415437723,98.624155772196,
    25.952269881776));
#2673 = CARTESIAN_POINT('',(-41.91393438039,98.806683701766,
    25.76135902771));
#2674 = CARTESIAN_POINT('',(-41.7832067791,98.99082537893,
    25.580380510694));
#2675 = CARTESIAN_POINT('',(-41.64258771546,99.176106944848,
    25.409378248374));
#2676 = CARTESIAN_POINT('',(-41.4925833603,99.362115817569,
    25.24844563943));
#2677 = CARTESIAN_POINT('',(-41.33358377029,99.548499754125,
    25.097732293792));
#2678 = CARTESIAN_POINT('',(-40.94743153788,99.977782176908,
    24.774790288411));
#2679 = CARTESIAN_POINT('',(-40.71442621328,100.22048978513,
    24.610010999041));
#2680 = CARTESIAN_POINT('',(-40.46739256624,100.46252622662,
    24.463476341761));
#2681 = CARTESIAN_POINT('',(-40.20678964829,100.70315791377,
    24.336049653576));
#2682 = CARTESIAN_POINT('',(-39.93309752883,100.94149096631,
    24.228929851381));
#2683 = CARTESIAN_POINT('',(-39.64680748088,101.17645850509,
    24.143704501471));
#2684 = CARTESIAN_POINT('',(-39.3484589601,101.40682582465,
    24.082298531468));
#2685 = CARTESIAN_POINT('',(-38.8685473305,101.7539877642,
    24.028377651842));
#2686 = CARTESIAN_POINT('',(-38.69529441973,101.87495152126,
    24.017279890805));
#2687 = CARTESIAN_POINT('',(-38.51870657902,101.99377222875,
    24.014600705622));
#2688 = CARTESIAN_POINT('',(-38.33892646411,102.11012147067,
    24.020858970021));
#2689 = CARTESIAN_POINT('',(-38.15617952657,102.22358729656,
    24.036640961007));
#2690 = CARTESIAN_POINT('',(-37.97077761538,102.3336760199,
    24.06259426609));
#2691 = CARTESIAN_POINT('',(-37.78311941913,102.43980943714,
    24.099434525425));
#2692 = CARTESIAN_POINT('',(-37.46725768653,102.60906573007,
    24.18035511573));
#2693 = CARTESIAN_POINT('',(-37.34007433753,102.6747393413,
    24.217931797259));
#2694 = CARTESIAN_POINT('',(-37.21229352092,102.73812391198,
    24.260949020751));
#2695 = CARTESIAN_POINT('',(-37.08412704673,102.79897731651,
    24.309644094579));
#2696 = CARTESIAN_POINT('',(-36.95584271593,102.85702969264,
    24.364237668179));
#2697 = CARTESIAN_POINT('',(-36.82776432049,102.9119834415,
    24.424933732052));
#2698 = CARTESIAN_POINT('',(-36.70027164334,102.96351322758,
    24.491919617761));
#2699 = CARTESIAN_POINT('',(-36.40360453925,103.07552823242,
    24.664204908799));
#2700 = CARTESIAN_POINT('',(-36.23496683344,103.13313704595,
    24.774741747367));
#2701 = CARTESIAN_POINT('',(-36.06940361137,103.18293831691,
    24.897402026713));
#2702 = CARTESIAN_POINT('',(-35.90844733174,103.22396502799,
    25.032181984965));
#2703 = CARTESIAN_POINT('',(-35.75364664146,103.25543724696,
    25.178648585303));
#2704 = CARTESIAN_POINT('',(-35.60656637567,103.27676212665,
    25.335939515958));
#2705 = CARTESIAN_POINT('',(-35.46878755774,103.28753390499,
    25.502763190211));
#2706 = CARTESIAN_POINT('',(-35.34190739927,103.28753390499,
    25.677398746397));
#2707 = PCURVE('',#239,#2708);
#2708 = DEFINITIONAL_REPRESENTATION('',(#2709),#2845);
#2709 = B_SPLINE_CURVE_WITH_KNOTS('',3,(#2710,#2711,#2712,#2713,#2714,
    #2715,#2716,#2717,#2718,#2719,#2720,#2721,#2722,#2723,#2724,#2725,
    #2726,#2727,#2728,#2729,#2730,#2731,#2732,#2733,#2734,#2735,#2736,
    #2737,#2738,#2739,#2740,#2741,#2742,#2743,#2744,#2745,#2746,#2747,
    #2748,#2749,#2750,#2751,#2752,#2753,#2754,#2755,#2756,#2757,#2758,
    #2759,#2760,#2761,#2762,#2763,#2764,#2765,#2766,#2767,#2768,#2769,
    #2770,#2771,#2772,#2773,#2774,#2775,#2776,#2777,#2778,#2779,#2780,
    #2781,#2782,#2783,#2784,#2785,#2786,#2787,#2788,#2789,#2790,#2791,
    #2792,#2793,#2794,#2795,#2796,#2797,#2798,#2799,#2800,#2801,#2802,
    #2803,#2804,#2805,#2806,#2807,#2808,#2809,#2810,#2811,#2812,#2813,
    #2814,#2815,#2816,#2817,#2818,#2819,#2820,#2821,#2822,#2823,#2824,
    #2825,#2826,#2827,#2828,#2829,#2830,#2831,#2832,#2833,#2834,#2835,
    #2836,#2837,#2838,#2839,#2840,#2841,#2842,#2843,#2844),
  .UNSPECIFIED.,.F.,.F.,(4,1,1,1,1,1,1,1,1,1,1,1,1,1,1,1,1,1,1,1,1,1,1,1
    ,1,1,1,1,1,1,1,1,1,1,1,1,1,1,1,1,1,1,1,1,1,1,1,1,1,1,1,1,1,1,1,1,1,1
    ,1,1,1,1,1,1,1,1,1,1,1,1,1,1,1,1,1,1,1,1,1,1,1,1,1,1,1,1,1,1,1,1,1,1
    ,1,1,1,1,1,1,1,1,1,1,1,1,1,1,1,1,1,1,1,1,1,1,1,1,1,1,1,1,1,1,1,1,1,1
    ,1,1,1,1,1,1,4),(0.,1.376227381075E-02,2.75245476215E-02,
    4.128682143225E-02,5.5049095243E-02,6.881136905375E-02,
    8.25736428645E-02,9.633591667525E-02,0.110098190486,0.123860464297,
    0.137622738107,0.151385011918,0.165147285729,0.17890955954,
    0.19267183335,0.206434107161,0.220196380972,0.233958654783,
    0.247720928593,0.261483202404,0.275245476215,0.289007750026,
    0.302770023836,0.316532297647,0.330294571458,0.344056845269,
    0.357819119079,0.37158139289,0.385343666701,0.399105940512,
    0.412868214322,0.426630488133,0.440392761944,0.454155035755,
    0.467917309565,0.481679583376,0.495441857187,0.509204130998,
    0.522966404808,0.536728678619,0.55049095243,0.564253226241,
    0.578015500051,0.591777773862,0.605540047673,0.619302321484,
    0.633064595294,0.646826869105,0.660589142916,0.674351416727,
    0.688113690537,0.701875964348,0.715638238159,0.72940051197,
    0.74316278578,0.756925059591,0.770687333402,0.784449607213,
    0.798211881023,0.811974154834,0.825736428645,0.839498702456,
    0.853260976266,0.867023250077,0.880785523888,0.894547797699,
    0.908310071509,0.92207234532,0.935834619131,0.949596892942,
    0.963359166752,0.977121440563,0.990883714374,1.004645988185,
    1.018408261995,1.032170535806,1.045932809617,1.059695083428,
    1.073457357238,1.087219631049,1.10098190486,1.114744178671,
    1.128506452481,1.142268726292,1.156031000103,1.169793273914,
    1.183555547724,1.197317821535,1.211080095346,1.224842369157,
    1.238604642967,1.252366916778,1.266129190589,1.2798914644,
    1.29365373821,1.307416012021,1.321178285832,1.334940559643,
    1.348702833453,1.362465107264,1.376227381075,1.389989654886,
    1.403751928696,1.417514202507,1.431276476318,1.445038750129,
    1.458801023939,1.47256329775,1.486325571561,1.500087845372,
    1.513850119182,1.527612392993,1.541374666804,1.555136940615,
    1.568899214425,1.582661488236,1.596423762047,1.610186035858,
    1.623948309668,1.637710583479,1.65147285729,1.665235131101,
    1.678997404911,1.692759678722,1.706521952533,1.720284226344,
    1.734046500154,1.747808773965,1.761571047776,1.775333321587,
    1.789095595397,1.802857869208,1.816620143019),
  .QUASI_UNIFORM_KNOTS.);
#2710 = CARTESIAN_POINT('',(3.769911184308,0.936340729575));
#2711 = CARTESIAN_POINT('',(3.771791558835,0.936341184288));
#2712 = CARTESIAN_POINT('',(3.775548965272,0.936247637915));
#2713 = CARTESIAN_POINT('',(3.78112786725,0.935833899402));
#2714 = CARTESIAN_POINT('',(3.786599259457,0.935154919418));
#2715 = CARTESIAN_POINT('',(3.791923767728,0.93422507381));
#2716 = CARTESIAN_POINT('',(3.797068330195,0.933061131637));
#2717 = CARTESIAN_POINT('',(3.80200667771,0.931681945416));
#2718 = CARTESIAN_POINT('',(3.806718508328,0.930107460629));
#2719 = CARTESIAN_POINT('',(3.811189049606,0.928358094219));
#2720 = CARTESIAN_POINT('',(3.815408518021,0.926454149649));
#2721 = CARTESIAN_POINT('',(3.819371660587,0.924415314397));
#2722 = CARTESIAN_POINT('',(3.823077079646,0.922260229938));
#2723 = CARTESIAN_POINT('',(3.826527338478,0.920006044465));
#2724 = CARTESIAN_POINT('',(3.829737028431,0.917660788747));
#2725 = CARTESIAN_POINT('',(3.832712028415,0.915236419344));
#2726 = CARTESIAN_POINT('',(3.835460115273,0.912742868646));
#2727 = CARTESIAN_POINT('',(3.837988684967,0.910189331667));
#2728 = CARTESIAN_POINT('',(3.840305321182,0.907583953722));
#2729 = CARTESIAN_POINT('',(3.842417587137,0.904933910471));
#2730 = CARTESIAN_POINT('',(3.844332946772,0.902245465622));
#2731 = CARTESIAN_POINT('',(3.846058852402,0.899523687707));
#2732 = CARTESIAN_POINT('',(3.847601981434,0.896773528408));
#2733 = CARTESIAN_POINT('',(3.848968232558,0.894000423661));
#2734 = CARTESIAN_POINT('',(3.850164089167,0.891207569465));
#2735 = CARTESIAN_POINT('',(3.851195182101,0.888398442459));
#2736 = CARTESIAN_POINT('',(3.852066754856,0.885576165336));
#2737 = CARTESIAN_POINT('',(3.852783608999,0.882743691413));
#2738 = CARTESIAN_POINT('',(3.853350169488,0.879903767277));
#2739 = CARTESIAN_POINT('',(3.853770502254,0.877058952937));
#2740 = CARTESIAN_POINT('',(3.85404833199,0.874211625186));
#2741 = CARTESIAN_POINT('',(3.854187049582,0.871363983657));
#2742 = CARTESIAN_POINT('',(3.854189713732,0.868518057337));
#2743 = CARTESIAN_POINT('',(3.854059045945,0.86567570185));
#2744 = CARTESIAN_POINT('',(3.853797421236,0.862838629138));
#2745 = CARTESIAN_POINT('',(3.853406846385,0.860008312867));
#2746 = CARTESIAN_POINT('',(3.852888953367,0.857186354459));
#2747 = CARTESIAN_POINT('',(3.852245526216,0.854376156223));
#2748 = CARTESIAN_POINT('',(3.851477601628,0.851578610272));
#2749 = CARTESIAN_POINT('',(3.850585959924,0.848795363035));
#2750 = CARTESIAN_POINT('',(3.849571047046,0.846028077669));
#2751 = CARTESIAN_POINT('',(3.848433014211,0.843278630802));
#2752 = CARTESIAN_POINT('',(3.847171715278,0.840549060595));
#2753 = CARTESIAN_POINT('',(3.845786704876,0.837841582639));
#2754 = CARTESIAN_POINT('',(3.84427722651,0.835158590364));
#2755 = CARTESIAN_POINT('',(3.842642187616,0.832502657397));
#2756 = CARTESIAN_POINT('',(3.840880136652,0.829876557094));
#2757 = CARTESIAN_POINT('',(3.838989172684,0.827283223346));
#2758 = CARTESIAN_POINT('',(3.836967033802,0.824725944428));
#2759 = CARTESIAN_POINT('',(3.834810427512,0.822207702738));
#2760 = CARTESIAN_POINT('',(3.832517078613,0.819733721993));
#2761 = CARTESIAN_POINT('',(3.830086627251,0.817311536169));
#2762 = CARTESIAN_POINT('',(3.827512323066,0.814943139462));
#2763 = CARTESIAN_POINT('',(3.824789181413,0.812634045643));
#2764 = CARTESIAN_POINT('',(3.82191212166,0.810390954318));
#2765 = CARTESIAN_POINT('',(3.81887660458,0.808222285362));
#2766 = CARTESIAN_POINT('',(3.815678587441,0.80613795019));
#2767 = CARTESIAN_POINT('',(3.812314644777,0.804149331295));
#2768 = CARTESIAN_POINT('',(3.808782052973,0.802269216211));
#2769 = CARTESIAN_POINT('',(3.805078807214,0.800511730351));
#2770 = CARTESIAN_POINT('',(3.801203907629,0.798892345287));
#2771 = CARTESIAN_POINT('',(3.797156608283,0.797427612284));
#2772 = CARTESIAN_POINT('',(3.792939527303,0.79613594589));
#2773 = CARTESIAN_POINT('',(3.78854734146,0.795034509149));
#2774 = CARTESIAN_POINT('',(3.783990104294,0.794146416788));
#2775 = CARTESIAN_POINT('',(3.779320610235,0.793498452677));
#2776 = CARTESIAN_POINT('',(3.774578643224,0.793106195493));
#2777 = CARTESIAN_POINT('',(3.769804336714,0.792978656996));
#2778 = CARTESIAN_POINT('',(3.765034936474,0.793118034656));
#2779 = CARTESIAN_POINT('',(3.76030592781,0.79352059666));
#2780 = CARTESIAN_POINT('',(3.755651035985,0.794177054925));
#2781 = CARTESIAN_POINT('',(3.751102131466,0.795073073653));
#2782 = CARTESIAN_POINT('',(3.746690433683,0.796189063257));
#2783 = CARTESIAN_POINT('',(3.742442432439,0.797502116378));
#2784 = CARTESIAN_POINT('',(3.738395475823,0.79897962089));
#2785 = CARTESIAN_POINT('',(3.734526107203,0.800609058305));
#2786 = CARTESIAN_POINT('',(3.730829534532,0.802375644364));
#2787 = CARTESIAN_POINT('',(3.72730560226,0.804263196467));
#2788 = CARTESIAN_POINT('',(3.72395151448,0.806257776996));
#2789 = CARTESIAN_POINT('',(3.72076392007,0.808346837071));
#2790 = CARTESIAN_POINT('',(3.717738552339,0.810519524916));
#2791 = CARTESIAN_POINT('',(3.714870304003,0.812766852858));
#2792 = CARTESIAN_POINT('',(3.712154026519,0.815081280832));
#2793 = CARTESIAN_POINT('',(3.709586176747,0.817455074706));
#2794 = CARTESIAN_POINT('',(3.707162172937,0.819882488774));
#2795 = CARTESIAN_POINT('',(3.70487832497,0.822358090724));
#2796 = CARTESIAN_POINT('',(3.702731214394,0.824877170417));
#2797 = CARTESIAN_POINT('',(3.700717811897,0.827435554683));
#2798 = CARTESIAN_POINT('',(3.698835269479,0.830029852091));
#2799 = CARTESIAN_POINT('',(3.697081684095,0.832656290335));
#2800 = CARTESIAN_POINT('',(3.695454995398,0.835312142773));
#2801 = CARTESIAN_POINT('',(3.693953658102,0.837994813993));
#2802 = CARTESIAN_POINT('',(3.692576539679,0.840701858723));
#2803 = CARTESIAN_POINT('',(3.691322884153,0.843430966945));
#2804 = CARTESIAN_POINT('',(3.690192274746,0.846179959813));
#2805 = CARTESIAN_POINT('',(3.68918461144,0.848946787032));
#2806 = CARTESIAN_POINT('',(3.688300098696,0.851729517125));
#2807 = CARTESIAN_POINT('',(3.687539238455,0.854526362765));
#2808 = CARTESIAN_POINT('',(3.686902844785,0.857335579352));
#2809 = CARTESIAN_POINT('',(3.686392011705,0.860155840156));
#2810 = CARTESIAN_POINT('',(3.686008395152,0.862984140522));
#2811 = CARTESIAN_POINT('',(3.685753598705,0.865819175325));
#2812 = CARTESIAN_POINT('',(3.685629655332,0.868659388864));
#2813 = CARTESIAN_POINT('',(3.685638949131,0.871503087449));
#2814 = CARTESIAN_POINT('',(3.685784213013,0.874348405988));
#2815 = CARTESIAN_POINT('',(3.686068514403,0.877193312861));
#2816 = CARTESIAN_POINT('',(3.686495251779,0.880035603679));
#2817 = CARTESIAN_POINT('',(3.687068156108,0.882872897425));
#2818 = CARTESIAN_POINT('',(3.687791298711,0.885702630124));
#2819 = CARTESIAN_POINT('',(3.688669109074,0.888522051392));
#2820 = CARTESIAN_POINT('',(3.689706394097,0.891328206357));
#2821 = CARTESIAN_POINT('',(3.690908399633,0.8941179663));
#2822 = CARTESIAN_POINT('',(3.692280773297,0.896887870269));
#2823 = CARTESIAN_POINT('',(3.693829969077,0.899634663019));
#2824 = CARTESIAN_POINT('',(3.695562061862,0.902353169521));
#2825 = CARTESIAN_POINT('',(3.697483671175,0.905038277734));
#2826 = CARTESIAN_POINT('',(3.699602174546,0.907684786542));
#2827 = CARTESIAN_POINT('',(3.701924978465,0.910286368036));
#2828 = CARTESIAN_POINT('',(3.704459616261,0.912835837674));
#2829 = CARTESIAN_POINT('',(3.707213695318,0.915325091189));
#2830 = CARTESIAN_POINT('',(3.710194727126,0.917745022549));
#2831 = CARTESIAN_POINT('',(3.713410683292,0.920085806263));
#2832 = CARTESIAN_POINT('',(3.716867504117,0.922335534868));
#2833 = CARTESIAN_POINT('',(3.720571075981,0.924480860846));
#2834 = CARTESIAN_POINT('',(3.724524733125,0.926507015564));
#2835 = CARTESIAN_POINT('',(3.728729269203,0.928397921307));
#2836 = CARTESIAN_POINT('',(3.733181573142,0.930135006615));
#2837 = CARTESIAN_POINT('',(3.737879297929,0.931701993758));
#2838 = CARTESIAN_POINT('',(3.742809109832,0.933076343824));
#2839 = CARTESIAN_POINT('',(3.747947911094,0.934235516692));
#2840 = CARTESIAN_POINT('',(3.753266700686,0.93516062966));
#2841 = CARTESIAN_POINT('',(3.758729437951,0.93583570707));
#2842 = CARTESIAN_POINT('',(3.764294233141,0.936247623183));
#2843 = CARTESIAN_POINT('',(3.768038474627,0.936341004749));
#2844 = CARTESIAN_POINT('',(3.769911184308,0.936340729575));
#2845 = ( GEOMETRIC_REPRESENTATION_CONTEXT(2) 
PARAMETRIC_REPRESENTATION_CONTEXT() REPRESENTATION_CONTEXT('2D SPACE',''
  ) );
#2846 = PCURVE('',#2847,#2852);
#2847 = CYLINDRICAL_SURFACE('',#2848,4.015);
#2848 = AXIS2_PLACEMENT_3D('',#2849,#2850,#2851);
#2849 = CARTESIAN_POINT('',(-38.59011063168,0.,28.037356534351));
#2850 = DIRECTION('',(-0.,1.,0.));
#2851 = DIRECTION('',(0.809016994375,0.,-0.587785252292));
#2852 = DEFINITIONAL_REPRESENTATION('',(#2853),#2989);
#2853 = B_SPLINE_CURVE_WITH_KNOTS('',3,(#2854,#2855,#2856,#2857,#2858,
    #2859,#2860,#2861,#2862,#2863,#2864,#2865,#2866,#2867,#2868,#2869,
    #2870,#2871,#2872,#2873,#2874,#2875,#2876,#2877,#2878,#2879,#2880,
    #2881,#2882,#2883,#2884,#2885,#2886,#2887,#2888,#2889,#2890,#2891,
    #2892,#2893,#2894,#2895,#2896,#2897,#2898,#2899,#2900,#2901,#2902,
    #2903,#2904,#2905,#2906,#2907,#2908,#2909,#2910,#2911,#2912,#2913,
    #2914,#2915,#2916,#2917,#2918,#2919,#2920,#2921,#2922,#2923,#2924,
    #2925,#2926,#2927,#2928,#2929,#2930,#2931,#2932,#2933,#2934,#2935,
    #2936,#2937,#2938,#2939,#2940,#2941,#2942,#2943,#2944,#2945,#2946,
    #2947,#2948,#2949,#2950,#2951,#2952,#2953,#2954,#2955,#2956,#2957,
    #2958,#2959,#2960,#2961,#2962,#2963,#2964,#2965,#2966,#2967,#2968,
    #2969,#2970,#2971,#2972,#2973,#2974,#2975,#2976,#2977,#2978,#2979,
    #2980,#2981,#2982,#2983,#2984,#2985,#2986,#2987,#2988),
  .UNSPECIFIED.,.F.,.F.,(4,1,1,1,1,1,1,1,1,1,1,1,1,1,1,1,1,1,1,1,1,1,1,1
    ,1,1,1,1,1,1,1,1,1,1,1,1,1,1,1,1,1,1,1,1,1,1,1,1,1,1,1,1,1,1,1,1,1,1
    ,1,1,1,1,1,1,1,1,1,1,1,1,1,1,1,1,1,1,1,1,1,1,1,1,1,1,1,1,1,1,1,1,1,1
    ,1,1,1,1,1,1,1,1,1,1,1,1,1,1,1,1,1,1,1,1,1,1,1,1,1,1,1,1,1,1,1,1,1,1
    ,1,1,1,1,1,1,4),(0.,1.376227381075E-02,2.75245476215E-02,
    4.128682143225E-02,5.5049095243E-02,6.881136905375E-02,
    8.25736428645E-02,9.633591667525E-02,0.110098190486,0.123860464297,
    0.137622738107,0.151385011918,0.165147285729,0.17890955954,
    0.19267183335,0.206434107161,0.220196380972,0.233958654783,
    0.247720928593,0.261483202404,0.275245476215,0.289007750026,
    0.302770023836,0.316532297647,0.330294571458,0.344056845269,
    0.357819119079,0.37158139289,0.385343666701,0.399105940512,
    0.412868214322,0.426630488133,0.440392761944,0.454155035755,
    0.467917309565,0.481679583376,0.495441857187,0.509204130998,
    0.522966404808,0.536728678619,0.55049095243,0.564253226241,
    0.578015500051,0.591777773862,0.605540047673,0.619302321484,
    0.633064595294,0.646826869105,0.660589142916,0.674351416727,
    0.688113690537,0.701875964348,0.715638238159,0.72940051197,
    0.74316278578,0.756925059591,0.770687333402,0.784449607213,
    0.798211881023,0.811974154834,0.825736428645,0.839498702456,
    0.853260976266,0.867023250077,0.880785523888,0.894547797699,
    0.908310071509,0.92207234532,0.935834619131,0.949596892942,
    0.963359166752,0.977121440563,0.990883714374,1.004645988185,
    1.018408261995,1.032170535806,1.045932809617,1.059695083428,
    1.073457357238,1.087219631049,1.10098190486,1.114744178671,
    1.128506452481,1.142268726292,1.156031000103,1.169793273914,
    1.183555547724,1.197317821535,1.211080095346,1.224842369157,
    1.238604642967,1.252366916778,1.266129190589,1.2798914644,
    1.29365373821,1.307416012021,1.321178285832,1.334940559643,
    1.348702833453,1.362465107264,1.376227381075,1.389989654886,
    1.403751928696,1.417514202507,1.431276476318,1.445038750129,
    1.458801023939,1.47256329775,1.486325571561,1.500087845372,
    1.513850119182,1.527612392993,1.541374666804,1.555136940615,
    1.568899214425,1.582661488236,1.596423762047,1.610186035858,
    1.623948309668,1.637710583479,1.65147285729,1.665235131101,
    1.678997404911,1.692759678722,1.706521952533,1.720284226344,
    1.734046500154,1.747808773965,1.761571047776,1.775333321587,
    1.789095595397,1.802857869208,1.816620143019),
  .QUASI_UNIFORM_KNOTS.);
#2854 = CARTESIAN_POINT('',(6.28318530718,103.28753390499));
#2855 = CARTESIAN_POINT('',(6.262727608813,103.28755273321));
#2856 = CARTESIAN_POINT('',(6.221842817254,103.28346806571));
#2857 = CARTESIAN_POINT('',(6.160846062187,103.26538818975));
#2858 = CARTESIAN_POINT('',(6.100442079122,103.23569656105));
#2859 = CARTESIAN_POINT('',(6.040810177349,103.19498971441));
#2860 = CARTESIAN_POINT('',(5.982094081429,103.14396201113));
#2861 = CARTESIAN_POINT('',(5.924402489177,103.08339352289));
#2862 = CARTESIAN_POINT('',(5.867818096461,103.01411009853));
#2863 = CARTESIAN_POINT('',(5.812401308967,102.93695871195));
#2864 = CARTESIAN_POINT('',(5.758193271544,102.85278406737));
#2865 = CARTESIAN_POINT('',(5.705216912575,102.76240822847));
#2866 = CARTESIAN_POINT('',(5.653478979783,102.66661268768));
#2867 = CARTESIAN_POINT('',(5.602964266811,102.56611959008));
#2868 = CARTESIAN_POINT('',(5.553492798288,102.4612498425));
#2869 = CARTESIAN_POINT('',(5.505014444889,102.35250349855));
#2870 = CARTESIAN_POINT('',(5.457460176311,102.24029532024));
#2871 = CARTESIAN_POINT('',(5.410771076773,102.12501160591));
#2872 = CARTESIAN_POINT('',(5.364888441029,102.00699595744));
#2873 = CARTESIAN_POINT('',(5.319754290424,101.88655233452));
#2874 = CARTESIAN_POINT('',(5.275310823467,101.763947174));
#2875 = CARTESIAN_POINT('',(5.231494838814,101.63939580849));
#2876 = CARTESIAN_POINT('',(5.188254034781,101.51311116273));
#2877 = CARTESIAN_POINT('',(5.145553507548,101.38533166301));
#2878 = CARTESIAN_POINT('',(5.10333270224,101.25619541104));
#2879 = CARTESIAN_POINT('',(5.061544101344,101.12585548854));
#2880 = CARTESIAN_POINT('',(5.020141821749,100.99445073886));
#2881 = CARTESIAN_POINT('',(4.979083515008,100.86211407415));
#2882 = CARTESIAN_POINT('',(4.938328892448,100.72897061886));
#2883 = CARTESIAN_POINT('',(4.897839293726,100.59513848757));
#2884 = CARTESIAN_POINT('',(4.857577078174,100.4607287958));
#2885 = CARTESIAN_POINT('',(4.817505124382,100.32584579378));
#2886 = CARTESIAN_POINT('',(4.777586375331,100.19058702846));
#2887 = CARTESIAN_POINT('',(4.737783279657,100.05504306728));
#2888 = CARTESIAN_POINT('',(4.69805769058,99.91929877083));
#2889 = CARTESIAN_POINT('',(4.658369031598,99.783428639593));
#2890 = CARTESIAN_POINT('',(4.618678830352,99.64751413511));
#2891 = CARTESIAN_POINT('',(4.578974002095,99.511724987819));
#2892 = CARTESIAN_POINT('',(4.539205711967,99.376111177918));
#2893 = CARTESIAN_POINT('',(4.499334605455,99.240759805329));
#2894 = CARTESIAN_POINT('',(4.459319958023,99.105759802254));
#2895 = CARTESIAN_POINT('',(4.419121910191,98.971211488544));
#2896 = CARTESIAN_POINT('',(4.378700193859,98.837224186272));
#2897 = CARTESIAN_POINT('',(4.338013765433,98.703917086895));
#2898 = CARTESIAN_POINT('',(4.297020161517,98.571419376036));
#2899 = CARTESIAN_POINT('',(4.255674775777,98.439870440861));
#2900 = CARTESIAN_POINT('',(4.213930299643,98.309420937201));
#2901 = CARTESIAN_POINT('',(4.171734968669,98.180230908504));
#2902 = CARTESIAN_POINT('',(4.129034557881,98.052479580272));
#2903 = CARTESIAN_POINT('',(4.085759392144,97.926332356055));
#2904 = CARTESIAN_POINT('',(4.041865961857,97.802068543336));
#2905 = CARTESIAN_POINT('',(3.997343940956,97.680086657372));
#2906 = CARTESIAN_POINT('',(3.952067592463,97.560508561293));
#2907 = CARTESIAN_POINT('',(3.905952639315,97.443634721827));
#2908 = CARTESIAN_POINT('',(3.858915611912,97.329828074755));
#2909 = CARTESIAN_POINT('',(3.810882930094,97.21954155452));
#2910 = CARTESIAN_POINT('',(3.761786777732,97.113307197013));
#2911 = CARTESIAN_POINT('',(3.711564529314,97.011735500581));
#2912 = CARTESIAN_POINT('',(3.660157524609,96.915512308936));
#2913 = CARTESIAN_POINT('',(3.607509127042,96.825395388976));
#2914 = CARTESIAN_POINT('',(3.553566391097,96.742214660672));
#2915 = CARTESIAN_POINT('',(3.49826794778,96.666857990212));
#2916 = CARTESIAN_POINT('',(3.44158317279,96.600310857309));
#2917 = CARTESIAN_POINT('',(3.383359575122,96.54349465469));
#2918 = CARTESIAN_POINT('',(3.32363262724,96.497636643758));
#2919 = CARTESIAN_POINT('',(3.262963693385,96.464151607927));
#2920 = CARTESIAN_POINT('',(3.201710327484,96.443870028075));
#2921 = CARTESIAN_POINT('',(3.140217096182,96.437273920393));
#2922 = CARTESIAN_POINT('',(3.078782932881,96.444482286149));
#2923 = CARTESIAN_POINT('',(3.017685265486,96.465296306254));
#2924 = CARTESIAN_POINT('',(2.957188064849,96.499219360836));
#2925 = CARTESIAN_POINT('',(2.897547688775,96.545485067442));
#2926 = CARTESIAN_POINT('',(2.839036449203,96.603049470194));
#2927 = CARTESIAN_POINT('',(2.781892499642,96.670693983731));
#2928 = CARTESIAN_POINT('',(2.726543301002,96.746701210647));
#2929 = CARTESIAN_POINT('',(2.672616551261,96.830390409754));
#2930 = CARTESIAN_POINT('',(2.619995137542,96.920964323101));
#2931 = CARTESIAN_POINT('',(2.568640311011,97.017556977131));
#2932 = CARTESIAN_POINT('',(2.518486155051,97.119420745294));
#2933 = CARTESIAN_POINT('',(2.469466338457,97.225882372539));
#2934 = CARTESIAN_POINT('',(2.421506267974,97.336358627139));
#2935 = CARTESIAN_POINT('',(2.374520772107,97.450364481297));
#2936 = CARTESIAN_POINT('',(2.328423528718,97.567491549294));
#2937 = CARTESIAN_POINT('',(2.283155102217,97.687324196031));
#2938 = CARTESIAN_POINT('',(2.238637211297,97.809550190797));
#2939 = CARTESIAN_POINT('',(2.194804285361,97.933875342558));
#2940 = CARTESIAN_POINT('',(2.151592744241,98.060044016624));
#2941 = CARTESIAN_POINT('',(2.108942684856,98.187829528627));
#2942 = CARTESIAN_POINT('',(2.066792530116,98.317046008715));
#2943 = CARTESIAN_POINT('',(2.02509633754,98.44749032532));
#2944 = CARTESIAN_POINT('',(1.983799272606,98.579012992062));
#2945 = CARTESIAN_POINT('',(1.942851686526,98.711472325668));
#2946 = CARTESIAN_POINT('',(1.902207487913,98.844735374919));
#2947 = CARTESIAN_POINT('',(1.861823436437,98.978677108912));
#2948 = CARTESIAN_POINT('',(1.821658370447,99.113180160379));
#2949 = CARTESIAN_POINT('',(1.781672550609,99.24813462999));
#2950 = CARTESIAN_POINT('',(1.741827183787,99.383437550252));
#2951 = CARTESIAN_POINT('',(1.702083514582,99.518994026616));
#2952 = CARTESIAN_POINT('',(1.662403723264,99.654712304754));
#2953 = CARTESIAN_POINT('',(1.622745170108,99.790521668617));
#2954 = CARTESIAN_POINT('',(1.583089250773,99.9262718458));
#2955 = CARTESIAN_POINT('',(1.543393487982,100.06189566801));
#2956 = CARTESIAN_POINT('',(1.503618574718,100.19731475097));
#2957 = CARTESIAN_POINT('',(1.463726203988,100.33244517229));
#2958 = CARTESIAN_POINT('',(1.423679031412,100.4671959741));
#2959 = CARTESIAN_POINT('',(1.383440092083,100.60146955124));
#2960 = CARTESIAN_POINT('',(1.342972369219,100.73516149634));
#2961 = CARTESIAN_POINT('',(1.302238303141,100.86816056571));
#2962 = CARTESIAN_POINT('',(1.261199295035,101.00034853097));
#2963 = CARTESIAN_POINT('',(1.219815100051,101.13160016493));
#2964 = CARTESIAN_POINT('',(1.178043361573,101.26178255726));
#2965 = CARTESIAN_POINT('',(1.135838241849,101.39075666351));
#2966 = CARTESIAN_POINT('',(1.093151895865,101.51837019447));
#2967 = CARTESIAN_POINT('',(1.049924618478,101.6444824113));
#2968 = CARTESIAN_POINT('',(1.00611716182,101.76886689977));
#2969 = CARTESIAN_POINT('',(0.961679451053,101.89130340584));
#2970 = CARTESIAN_POINT('',(0.916550202747,102.01157062449));
#2971 = CARTESIAN_POINT('',(0.870672553892,102.12939932377));
#2972 = CARTESIAN_POINT('',(0.823988611931,102.24448528678));
#2973 = CARTESIAN_POINT('',(0.776438801846,102.35648689246));
#2974 = CARTESIAN_POINT('',(0.727962124265,102.4650219307));
#2975 = CARTESIAN_POINT('',(0.67848656491,102.56968044902));
#2976 = CARTESIAN_POINT('',(0.627960808957,102.66996482102));
#2977 = CARTESIAN_POINT('',(0.576328198403,102.76531731212));
#2978 = CARTESIAN_POINT('',(0.523544917912,102.8551235865));
#2979 = CARTESIAN_POINT('',(0.469578122113,102.93871671712));
#2980 = CARTESIAN_POINT('',(0.414423652863,103.01532305484));
#2981 = CARTESIAN_POINT('',(0.358026647064,103.08427564819));
#2982 = CARTESIAN_POINT('',(0.300449758378,103.1446313132));
#2983 = CARTESIAN_POINT('',(0.241816322964,103.19544815468));
#2984 = CARTESIAN_POINT('',(0.182261626245,103.23594548978));
#2985 = CARTESIAN_POINT('',(0.121958936841,103.26546503417));
#2986 = CARTESIAN_POINT('',(6.111627769742E-02,103.28346623381));
#2987 = CARTESIAN_POINT('',(2.03741608135E-02,103.28754457911));
#2988 = CARTESIAN_POINT('',(-1.7763568394E-15,103.28753390499));
#2989 = ( GEOMETRIC_REPRESENTATION_CONTEXT(2) 
PARAMETRIC_REPRESENTATION_CONTEXT() REPRESENTATION_CONTEXT('2D SPACE',''
  ) );
#2990 = FACE_BOUND('',#2991,.T.);
#2991 = EDGE_LOOP('',(#2992));
#2992 = ORIENTED_EDGE('',*,*,#2993,.T.);
#2993 = EDGE_CURVE('',#2994,#2994,#2996,.T.);
#2994 = VERTEX_POINT('',#2995);
#2995 = CARTESIAN_POINT('',(-13.49940739927,103.28753390499,
    41.546903914354));
#2996 = SURFACE_CURVE('',#2997,(#3098,#3237),.PCURVE_S1.);
#2997 = B_SPLINE_CURVE_WITH_KNOTS('',8,(#2998,#2999,#3000,#3001,#3002,
    #3003,#3004,#3005,#3006,#3007,#3008,#3009,#3010,#3011,#3012,#3013,
    #3014,#3015,#3016,#3017,#3018,#3019,#3020,#3021,#3022,#3023,#3024,
    #3025,#3026,#3027,#3028,#3029,#3030,#3031,#3032,#3033,#3034,#3035,
    #3036,#3037,#3038,#3039,#3040,#3041,#3042,#3043,#3044,#3045,#3046,
    #3047,#3048,#3049,#3050,#3051,#3052,#3053,#3054,#3055,#3056,#3057,
    #3058,#3059,#3060,#3061,#3062,#3063,#3064,#3065,#3066,#3067,#3068,
    #3069,#3070,#3071,#3072,#3073,#3074,#3075,#3076,#3077,#3078,#3079,
    #3080,#3081,#3082,#3083,#3084,#3085,#3086,#3087,#3088,#3089,#3090,
    #3091,#3092,#3093,#3094,#3095,#3096,#3097),.UNSPECIFIED.,.T.,.F.,(9,
    7,7,7,7,7,7,7,7,7,7,7,7,7,9),(0.,8.961664672302E-02,0.282537623498,
    0.479151927376,0.672881863446,0.800401181772,0.895304036174,1.,
    1.109180064288,1.20001086079,1.361205874811,1.560882665962,
    1.670396043625,1.74434165862,1.837962575655),.UNSPECIFIED.);
#2998 = CARTESIAN_POINT('',(-13.49940739927,103.28753390499,
    41.546903914354));
#2999 = CARTESIAN_POINT('',(-13.31105955457,103.28753390499,
    41.608101838839));
#3000 = CARTESIAN_POINT('',(-13.12619957514,103.2785018867,41.6799872396
    ));
#3001 = CARTESIAN_POINT('',(-12.94641790689,103.26056833623,
    41.761867020757));
#3002 = CARTESIAN_POINT('',(-12.77303307001,103.23401482958,
    41.852933344819));
#3003 = CARTESIAN_POINT('',(-12.60709165904,103.19927403271,
    41.95226363268));
#3004 = CARTESIAN_POINT('',(-12.44936834284,103.15692970147,
    42.05882056362));
#3005 = CARTESIAN_POINT('',(-12.30036586455,103.10771668164,
    42.171452075308));
#3006 = CARTESIAN_POINT('',(-11.85882260099,102.93369898487,
    42.541707141621));
#3007 = CARTESIAN_POINT('',(-11.59984873167,102.78723405076,
    42.816377922956));
#3008 = CARTESIAN_POINT('',(-11.38136624578,102.61937428775,
    43.105129867898));
#3009 = CARTESIAN_POINT('',(-11.20099015928,102.43524195417,
    43.401782951646));
#3010 = CARTESIAN_POINT('',(-11.05561118742,102.23910033346,
    43.701599676238));
#3011 = CARTESIAN_POINT('',(-10.9420792982,102.03408991711,
    44.001400372561));
#3012 = CARTESIAN_POINT('',(-10.85743170433,101.82218814032,
    44.299498999181));
#3013 = CARTESIAN_POINT('',(-10.74060195362,101.38154943791,
    44.897652559428));
#3014 = CARTESIAN_POINT('',(-10.70966098397,101.15334686068,
    45.196578482165));
#3015 = CARTESIAN_POINT('',(-10.70437534662,100.9207477307,
    45.491398142668));
#3016 = CARTESIAN_POINT('',(-10.72315719507,100.68492846401,
    45.781057886631));
#3017 = CARTESIAN_POINT('',(-10.76471582081,100.44690804931,
    46.06464172085));
#3018 = CARTESIAN_POINT('',(-10.82810696685,100.2075450587,
    46.341353204927));
#3019 = CARTESIAN_POINT('',(-10.91268607414,99.967549715906,
    46.610507755339));
#3020 = CARTESIAN_POINT('',(-11.12234611033,99.490920613084,
    47.12861842799));
#3021 = CARTESIAN_POINT('',(-11.24666574584,99.254627999806,
    47.377444605692));
#3022 = CARTESIAN_POINT('',(-11.3910087393,99.019080556759,
    47.617443976519));
#3023 = CARTESIAN_POINT('',(-11.55545323458,98.784978227943,
    47.847751995335));
#3024 = CARTESIAN_POINT('',(-11.740236718,98.553222811717,
    48.067230821086));
#3025 = CARTESIAN_POINT('',(-11.94583523876,98.324949068685,
    48.27441695181));
#3026 = CARTESIAN_POINT('',(-12.17290420269,98.101518494104,
    48.467556401674));
#3027 = CARTESIAN_POINT('',(-12.58748248402,97.741913143296,
    48.760543081477));
#3028 = CARTESIAN_POINT('',(-12.76175993903,97.602213700793,
    48.869553057628));
#3029 = CARTESIAN_POINT('',(-12.94621622903,97.46595769983,
    48.970685330613));
#3030 = CARTESIAN_POINT('',(-13.14124905998,97.333828801363,
    49.063042775191));
#3031 = CARTESIAN_POINT('',(-13.34715355443,97.206791355139,
    49.145442894797));
#3032 = CARTESIAN_POINT('',(-13.56408393504,97.086074856965,
    49.216455108754));
#3033 = CARTESIAN_POINT('',(-13.79204876942,96.973176587766,
    49.274402027141));
#3034 = CARTESIAN_POINT('',(-14.20879620202,96.793058980925,
    49.349183860786));
#3035 = CARTESIAN_POINT('',(-14.3925997093,96.721455466531,
    49.37286765098));
#3036 = CARTESIAN_POINT('',(-14.58220827811,96.656149527063,
    49.387207863628));
#3037 = CARTESIAN_POINT('',(-14.77707751307,96.598157522016,
    49.391239267198));
#3038 = CARTESIAN_POINT('',(-14.97629972105,96.54846346861,
    49.384150933696));
#3039 = CARTESIAN_POINT('',(-15.17860391119,96.508019041785,
    49.365286238664));
#3040 = CARTESIAN_POINT('',(-15.38235579487,96.477743574206,
    49.334142861182));
#3041 = CARTESIAN_POINT('',(-15.8097283696,96.437321259267,
    49.242086033585));
#3042 = CARTESIAN_POINT('',(-16.03322828043,96.429578916154,
    49.178426503804));
#3043 = CARTESIAN_POINT('',(-16.25262500035,96.435784454386,
    49.099959815367));
#3044 = CARTESIAN_POINT('',(-16.46506140398,96.455918054656,
    49.007635900096));
#3045 = CARTESIAN_POINT('',(-16.6682557584,96.489452650875,
    48.902789000798));
#3046 = CARTESIAN_POINT('',(-16.86050172318,96.53535393018,
    48.787137671258));
#3047 = CARTESIAN_POINT('',(-17.04066835037,96.592080332929,
    48.662784776245));
#3048 = CARTESIAN_POINT('',(-17.38290715847,96.725891236655,
    48.396058044471));
#3049 = CARTESIAN_POINT('',(-17.54420896286,96.804095332132,
    48.252635857805));
#3050 = CARTESIAN_POINT('',(-17.69223877761,96.890709720897,
    48.103571350795));
#3051 = CARTESIAN_POINT('',(-17.82736515004,96.98438351597,
    47.950260241745));
#3052 = CARTESIAN_POINT('',(-17.9501249529,97.083932202603,
    47.793858165679));
#3053 = CARTESIAN_POINT('',(-18.06115644245,97.188369279247,
    47.635265292026));
#3054 = CARTESIAN_POINT('',(-18.16113231651,97.296937898528,
    47.475110942314));
#3055 = CARTESIAN_POINT('',(-18.32520131599,97.502489532102,
    47.1794864642));
#3056 = CARTESIAN_POINT('',(-18.39245867329,97.59829610339,
    47.044471810316));
#3057 = CARTESIAN_POINT('',(-18.45282007115,97.696228837541,
    46.908951592452));
#3058 = CARTESIAN_POINT('',(-18.50659185255,97.795999652513,
    46.773149283614));
#3059 = CARTESIAN_POINT('',(-18.5540456179,97.897361017045,
    46.637255049167));
#3060 = CARTESIAN_POINT('',(-18.59542620498,98.000103058311,
    46.501426011207));
#3061 = CARTESIAN_POINT('',(-18.63095350788,98.104052528955,
    46.365786211706));
#3062 = CARTESIAN_POINT('',(-18.71381809908,98.395451812147,
    45.990206571126));
#3063 = CARTESIAN_POINT('',(-18.74895632195,98.585105986804,
    45.750995708807));
#3064 = CARTESIAN_POINT('',(-18.76733264769,98.77727253314,
    45.513296170564));
#3065 = CARTESIAN_POINT('',(-18.76970177117,98.971300600083,
    45.277606354457));
#3066 = CARTESIAN_POINT('',(-18.75663059833,99.166625822692,
    45.044397953838));
#3067 = CARTESIAN_POINT('',(-18.72854272373,99.362761877635,
    44.814108779316));
#3068 = CARTESIAN_POINT('',(-18.68570321714,99.559299743043,
    44.58714564164));
#3069 = CARTESIAN_POINT('',(-18.55696223382,99.999444389093,
    44.087341252959));
#3070 = CARTESIAN_POINT('',(-18.46330090067,100.24281563842,
    43.816790748713));
#3071 = CARTESIAN_POINT('',(-18.34743692098,100.48545978236,
    43.552858484098));
#3072 = CARTESIAN_POINT('',(-18.20921457704,100.72663648007,
    43.296529000263));
#3073 = CARTESIAN_POINT('',(-18.04829881497,100.96543673991,
    43.049081205427));
#3074 = CARTESIAN_POINT('',(-17.86413403511,101.20076983478,
    42.812127160375));
#3075 = CARTESIAN_POINT('',(-17.6560086969,101.43136932868,
    42.587590066833));
#3076 = CARTESIAN_POINT('',(-17.29451679345,101.77876167752,
    42.263002329366));
#3077 = CARTESIAN_POINT('',(-17.15894759592,101.89984068843,
    42.152601573508));
#3078 = CARTESIAN_POINT('',(-17.01564134153,102.01870854365,
    42.047168269528));
#3079 = CARTESIAN_POINT('',(-16.86440497583,102.13502500252,
    41.947223190791));
#3080 = CARTESIAN_POINT('',(-16.70507615894,102.24836226199,
    41.853394605027));
#3081 = CARTESIAN_POINT('',(-16.53753054503,102.35820705691,
    41.766414881613));
#3082 = CARTESIAN_POINT('',(-16.36167878261,102.46395797902,
    41.687125885233));
#3083 = CARTESIAN_POINT('',(-16.05306047476,102.6330882425,
    41.568800529505));
#3084 = CARTESIAN_POINT('',(-15.92489527998,102.69906001522,
    41.52505793727));
#3085 = CARTESIAN_POINT('',(-15.79293815249,102.76260069342,
    41.485585838675));
#3086 = CARTESIAN_POINT('',(-15.65723202792,102.8234486967,
    41.450723353731));
#3087 = CARTESIAN_POINT('',(-15.51788227614,102.88131350358,
    41.420828262997));
#3088 = CARTESIAN_POINT('',(-15.37505670124,102.93587565147,
    41.396277007586));
#3089 = CARTESIAN_POINT('',(-15.2289855416,102.98678673667,
    41.377464689158));
#3090 = CARTESIAN_POINT('',(-14.89128536961,103.09302654171,
    41.348777004404));
#3091 = CARTESIAN_POINT('',(-14.69766795268,103.14608009145,
    41.342473583877));
#3092 = CARTESIAN_POINT('',(-14.50004899001,103.19182805026,
    41.346937599803));
#3093 = CARTESIAN_POINT('',(-14.29957660153,103.22943441035,
    41.362920943457));
#3094 = CARTESIAN_POINT('',(-14.09760725606,103.25822916958,
    41.390884605928));
#3095 = CARTESIAN_POINT('',(-13.8957057713,103.27770833143,
    41.43099867812));
#3096 = CARTESIAN_POINT('',(-13.69564531387,103.28753390499,
    41.483142350751));
#3097 = CARTESIAN_POINT('',(-13.49940739927,103.28753390499,
    41.546903914354));
#3098 = PCURVE('',#239,#3099);
#3099 = DEFINITIONAL_REPRESENTATION('',(#3100),#3236);
#3100 = B_SPLINE_CURVE_WITH_KNOTS('',3,(#3101,#3102,#3103,#3104,#3105,
    #3106,#3107,#3108,#3109,#3110,#3111,#3112,#3113,#3114,#3115,#3116,
    #3117,#3118,#3119,#3120,#3121,#3122,#3123,#3124,#3125,#3126,#3127,
    #3128,#3129,#3130,#3131,#3132,#3133,#3134,#3135,#3136,#3137,#3138,
    #3139,#3140,#3141,#3142,#3143,#3144,#3145,#3146,#3147,#3148,#3149,
    #3150,#3151,#3152,#3153,#3154,#3155,#3156,#3157,#3158,#3159,#3160,
    #3161,#3162,#3163,#3164,#3165,#3166,#3167,#3168,#3169,#3170,#3171,
    #3172,#3173,#3174,#3175,#3176,#3177,#3178,#3179,#3180,#3181,#3182,
    #3183,#3184,#3185,#3186,#3187,#3188,#3189,#3190,#3191,#3192,#3193,
    #3194,#3195,#3196,#3197,#3198,#3199,#3200,#3201,#3202,#3203,#3204,
    #3205,#3206,#3207,#3208,#3209,#3210,#3211,#3212,#3213,#3214,#3215,
    #3216,#3217,#3218,#3219,#3220,#3221,#3222,#3223,#3224,#3225,#3226,
    #3227,#3228,#3229,#3230,#3231,#3232,#3233,#3234,#3235),
  .UNSPECIFIED.,.T.,.F.,(4,1,1,1,1,1,1,1,1,1,1,1,1,1,1,1,1,1,1,1,1,1,1,1
    ,1,1,1,1,1,1,1,1,1,1,1,1,1,1,1,1,1,1,1,1,1,1,1,1,1,1,1,1,1,1,1,1,1,1
    ,1,1,1,1,1,1,1,1,1,1,1,1,1,1,1,1,1,1,1,1,1,1,1,1,1,1,1,1,1,1,1,1,1,1
    ,1,1,1,1,1,1,1,1,1,1,1,1,1,1,1,1,1,1,1,1,1,1,1,1,1,1,1,1,1,1,1,1,1,1
    ,1,1,1,1,1,1,4),(0.,1.392395890648E-02,2.784791781295E-02,
    4.177187671943E-02,5.569583562591E-02,6.961979453239E-02,
    8.354375343886E-02,9.746771234534E-02,0.111391671252,0.125315630158,
    0.139239589065,0.153163547971,0.167087506878,0.181011465784,
    0.194935424691,0.208859383597,0.222783342504,0.23670730141,
    0.250631260317,0.264555219223,0.27847917813,0.292403137036,
    0.306327095942,0.320251054849,0.334175013755,0.348098972662,
    0.362022931568,0.375946890475,0.389870849381,0.403794808288,
    0.417718767194,0.431642726101,0.445566685007,0.459490643914,
    0.47341460282,0.487338561727,0.501262520633,0.51518647954,
    0.529110438446,0.543034397353,0.556958356259,0.570882315166,
    0.584806274072,0.598730232979,0.612654191885,0.626578150791,
    0.640502109698,0.654426068604,0.668350027511,0.682273986417,
    0.696197945324,0.71012190423,0.724045863137,0.737969822043,
    0.75189378095,0.765817739856,0.779741698763,0.793665657669,
    0.807589616576,0.821513575482,0.835437534389,0.849361493295,
    0.863285452202,0.877209411108,0.891133370015,0.905057328921,
    0.918981287827,0.932905246734,0.94682920564,0.960753164547,
    0.974677123453,0.98860108236,1.002525041266,1.016449000173,
    1.030372959079,1.044296917986,1.058220876892,1.072144835799,
    1.086068794705,1.099992753612,1.113916712518,1.127840671425,
    1.141764630331,1.155688589238,1.169612548144,1.183536507051,
    1.197460465957,1.211384424864,1.22530838377,1.239232342676,
    1.253156301583,1.267080260489,1.281004219396,1.294928178302,
    1.308852137209,1.322776096115,1.336700055022,1.350624013928,
    1.364547972835,1.378471931741,1.392395890648,1.406319849554,
    1.420243808461,1.434167767367,1.448091726274,1.46201568518,
    1.475939644087,1.489863602993,1.5037875619,1.517711520806,
    1.531635479712,1.545559438619,1.559483397525,1.573407356432,
    1.587331315338,1.601255274245,1.615179233151,1.629103192058,
    1.643027150964,1.656951109871,1.670875068777,1.684799027684,
    1.69872298659,1.712646945497,1.726570904403,1.74049486331,
    1.754418822216,1.768342781123,1.782266740029,1.796190698936,
    1.810114657842,1.824038616749,1.837962575655),
  .QUASI_UNIFORM_KNOTS.);
#3101 = CARTESIAN_POINT('',(4.398229715026,0.936340729575));
#3102 = CARTESIAN_POINT('',(4.400108472291,0.936341040582));
#3103 = CARTESIAN_POINT('',(4.40386410536,0.936247331518));
#3104 = CARTESIAN_POINT('',(4.409444487922,0.935833412459));
#3105 = CARTESIAN_POINT('',(4.414922150144,0.935154337387));
#3106 = CARTESIAN_POINT('',(4.420255245978,0.934223339872));
#3107 = CARTESIAN_POINT('',(4.425407224892,0.933056925102));
#3108 = CARTESIAN_POINT('',(4.430348196511,0.931674887396));
#3109 = CARTESIAN_POINT('',(4.435052978444,0.930101427288));
#3110 = CARTESIAN_POINT('',(4.439503864732,0.928359222307));
#3111 = CARTESIAN_POINT('',(4.443702987544,0.926465337246));
#3112 = CARTESIAN_POINT('',(4.447650655495,0.924436628585));
#3113 = CARTESIAN_POINT('',(4.451349531318,0.922288551211));
#3114 = CARTESIAN_POINT('',(4.454803336795,0.920035472965));
#3115 = CARTESIAN_POINT('',(4.458016996919,0.917690573604));
#3116 = CARTESIAN_POINT('',(4.460996381759,0.915265847753));
#3117 = CARTESIAN_POINT('',(4.463748147472,0.912772076029));
#3118 = CARTESIAN_POINT('',(4.466279549152,0.910218801913));
#3119 = CARTESIAN_POINT('',(4.468598259977,0.907614308994));
#3120 = CARTESIAN_POINT('',(4.470712202387,0.904965587112));
#3121 = CARTESIAN_POINT('',(4.472629340146,0.902278338949));
#3122 = CARTESIAN_POINT('',(4.474357626648,0.899556828533));
#3123 = CARTESIAN_POINT('',(4.475904366508,0.896804306366));
#3124 = CARTESIAN_POINT('',(4.477273547441,0.894029238617));
#3125 = CARTESIAN_POINT('',(4.478472050773,0.891234282761));
#3126 = CARTESIAN_POINT('',(4.479505445112,0.888423048065));
#3127 = CARTESIAN_POINT('',(4.480379023874,0.885598614295));
#3128 = CARTESIAN_POINT('',(4.481097600076,0.882763943082));
#3129 = CARTESIAN_POINT('',(4.481665614303,0.879921779712));
#3130 = CARTESIAN_POINT('',(4.482087142753,0.877074689545));
#3131 = CARTESIAN_POINT('',(4.482365919119,0.874225056797));
#3132 = CARTESIAN_POINT('',(4.482505342319,0.871375092348));
#3133 = CARTESIAN_POINT('',(4.482508478744,0.868526837507));
#3134 = CARTESIAN_POINT('',(4.482378059542,0.865682170306));
#3135 = CARTESIAN_POINT('',(4.482116466088,0.862842801727));
#3136 = CARTESIAN_POINT('',(4.481725731373,0.860010305882));
#3137 = CARTESIAN_POINT('',(4.481207450859,0.857186020577));
#3138 = CARTESIAN_POINT('',(4.480563428111,0.854373522027));
#3139 = CARTESIAN_POINT('',(4.479794725016,0.851573765122));
#3140 = CARTESIAN_POINT('',(4.478902116945,0.848788355034));
#3141 = CARTESIAN_POINT('',(4.477886048729,0.8460189484));
#3142 = CARTESIAN_POINT('',(4.476746666672,0.84326741261));
#3143 = CARTESIAN_POINT('',(4.475483819082,0.840535783651));
#3144 = CARTESIAN_POINT('',(4.474097054773,0.837826279432));
#3145 = CARTESIAN_POINT('',(4.472585611394,0.835141300013));
#3146 = CARTESIAN_POINT('',(4.470948393896,0.832483432652));
#3147 = CARTESIAN_POINT('',(4.469183942662,0.829855460234));
#3148 = CARTESIAN_POINT('',(4.467290380691,0.827260363367));
#3149 = CARTESIAN_POINT('',(4.465265366135,0.824701359807));
#3150 = CARTESIAN_POINT('',(4.463105934348,0.822181820457));
#3151 = CARTESIAN_POINT('',(4.460808640737,0.819705666166));
#3152 = CARTESIAN_POINT('',(4.458371724772,0.817279396617));
#3153 = CARTESIAN_POINT('',(4.455790089604,0.814907016151));
#3154 = CARTESIAN_POINT('',(4.453059331775,0.812594602165));
#3155 = CARTESIAN_POINT('',(4.450174928571,0.810349280068));
#3156 = CARTESIAN_POINT('',(4.447132488824,0.808179465897));
#3157 = CARTESIAN_POINT('',(4.44392770773,0.806094796341));
#3158 = CARTESIAN_POINT('',(4.440556293344,0.804106105399));
#3159 = CARTESIAN_POINT('',(4.43701410929,0.802225617845));
#3160 = CARTESIAN_POINT('',(4.433296242781,0.800466345399));
#3161 = CARTESIAN_POINT('',(4.429402383052,0.798843747358));
#3162 = CARTESIAN_POINT('',(4.425334479199,0.797379215772));
#3163 = CARTESIAN_POINT('',(4.421100226554,0.796092389628));
#3164 = CARTESIAN_POINT('',(4.416712605517,0.795002659222));
#3165 = CARTESIAN_POINT('',(4.412189825055,0.794128992016));
#3166 = CARTESIAN_POINT('',(4.407555840489,0.793489547496));
#3167 = CARTESIAN_POINT('',(4.402838298709,0.793103842379));
#3168 = CARTESIAN_POINT('',(4.398081122683,0.792981006901));
#3169 = CARTESIAN_POINT('',(4.39332870088,0.793121405732));
#3170 = CARTESIAN_POINT('',(4.388619890483,0.793521470861));
#3171 = CARTESIAN_POINT('',(4.383989717263,0.794172474742));
#3172 = CARTESIAN_POINT('',(4.379469454698,0.795060591096));
#3173 = CARTESIAN_POINT('',(4.375085802702,0.796167521217));
#3174 = CARTESIAN_POINT('',(4.370865134173,0.79746755681));
#3175 = CARTESIAN_POINT('',(4.366817261147,0.798939015197));
#3176 = CARTESIAN_POINT('',(4.362941097821,0.800565747924));
#3177 = CARTESIAN_POINT('',(4.359238481044,0.80232983752));
#3178 = CARTESIAN_POINT('',(4.355708369897,0.804215602925));
#3179 = CARTESIAN_POINT('',(4.352348645449,0.806208685119));
#3180 = CARTESIAN_POINT('',(4.349155815377,0.808296509372));
#3181 = CARTESIAN_POINT('',(4.346125501785,0.810468187309));
#3182 = CARTESIAN_POINT('',(4.343251903096,0.812715307121));
#3183 = CARTESIAN_POINT('',(4.34053125048,0.815029191308));
#3184 = CARTESIAN_POINT('',(4.337958958752,0.817402874955));
#3185 = CARTESIAN_POINT('',(4.33553079982,0.819830299501));
#3186 = CARTESIAN_POINT('',(4.333243012962,0.822306047376));
#3187 = CARTESIAN_POINT('',(4.331092186645,0.82482536183));
#3188 = CARTESIAN_POINT('',(4.329075155437,0.827384208434));
#3189 = CARTESIAN_POINT('',(4.327189248972,0.829978946496));
#3190 = CARTESIAN_POINT('',(4.32543248772,0.832605850574));
#3191 = CARTESIAN_POINT('',(4.323802709298,0.835262328488));
#3192 = CARTESIAN_POINT('',(4.322298408568,0.837945711555));
#3193 = CARTESIAN_POINT('',(4.320918448315,0.84065354346));
#3194 = CARTESIAN_POINT('',(4.319662074146,0.84338349292));
#3195 = CARTESIAN_POINT('',(4.318528864685,0.846133368717));
#3196 = CARTESIAN_POINT('',(4.317518713603,0.848901112813));
#3197 = CARTESIAN_POINT('',(4.31663181814,0.851684788663));
#3198 = CARTESIAN_POINT('',(4.315868670822,0.854482618913));
#3199 = CARTESIAN_POINT('',(4.315230084781,0.857292836831));
#3200 = CARTESIAN_POINT('',(4.314717126051,0.860114237945));
#3201 = CARTESIAN_POINT('',(4.314331463149,0.862943856365));
#3202 = CARTESIAN_POINT('',(4.314074735691,0.865780091645));
#3203 = CARTESIAN_POINT('',(4.31394894808,0.86862150614));
#3204 = CARTESIAN_POINT('',(4.313956481343,0.871466405974));
#3205 = CARTESIAN_POINT('',(4.314100064796,0.874312950261));
#3206 = CARTESIAN_POINT('',(4.314382767068,0.877159117903));
#3207 = CARTESIAN_POINT('',(4.314807989698,0.880002711661));
#3208 = CARTESIAN_POINT('',(4.315379467777,0.882841351517));
#3209 = CARTESIAN_POINT('',(4.316101276614,0.885672469456));
#3210 = CARTESIAN_POINT('',(4.316977847274,0.888493304526));
#3211 = CARTESIAN_POINT('',(4.318013987345,0.891300889723));
#3212 = CARTESIAN_POINT('',(4.319214928673,0.894092064255));
#3213 = CARTESIAN_POINT('',(4.320586332423,0.89686338364));
#3214 = CARTESIAN_POINT('',(4.32213452542,0.89961140188));
#3215 = CARTESIAN_POINT('',(4.323865962401,0.902331553352));
#3216 = CARTESIAN_POINT('',(4.325786903563,0.905018102063));
#3217 = CARTESIAN_POINT('',(4.327904864785,0.907666085463));
#3218 = CARTESIAN_POINT('',(4.330227262758,0.910269157705));
#3219 = CARTESIAN_POINT('',(4.332761661795,0.912820151496));
#3220 = CARTESIAN_POINT('',(4.335515663165,0.91531093233));
#3221 = CARTESIAN_POINT('',(4.33849675829,0.917732370972));
#3222 = CARTESIAN_POINT('',(4.341712788918,0.920074505603));
#3223 = CARTESIAN_POINT('',(4.345170113314,0.92232577898));
#3224 = CARTESIAN_POINT('',(4.348874220924,0.924472569746));
#3225 = CARTESIAN_POINT('',(4.352828836024,0.926500159175));
#3226 = CARTESIAN_POINT('',(4.357034529029,0.928392292773));
#3227 = CARTESIAN_POINT('',(4.361488395045,0.930130926462));
#3228 = CARTESIAN_POINT('',(4.366185920154,0.931697832857));
#3229 = CARTESIAN_POINT('',(4.371116969989,0.933073371345));
#3230 = CARTESIAN_POINT('',(4.376257349116,0.934233748221));
#3231 = CARTESIAN_POINT('',(4.381578006064,0.935159883324));
#3232 = CARTESIAN_POINT('',(4.387042769626,0.935835563414));
#3233 = CARTESIAN_POINT('',(4.392609830243,0.936247655003));
#3234 = CARTESIAN_POINT('',(4.396355941264,0.936341019887));
#3235 = CARTESIAN_POINT('',(4.398229715026,0.936340729575));
#3236 = ( GEOMETRIC_REPRESENTATION_CONTEXT(2) 
PARAMETRIC_REPRESENTATION_CONTEXT() REPRESENTATION_CONTEXT('2D SPACE',''
  ) );
#3237 = PCURVE('',#3238,#3243);
#3238 = CYLINDRICAL_SURFACE('',#3239,4.015);
#3239 = AXIS2_PLACEMENT_3D('',#3240,#3241,#3242);
#3240 = CARTESIAN_POINT('',(-14.74011063168,0.,45.365395827279));
#3241 = DIRECTION('',(-0.,1.,0.));
#3242 = DIRECTION('',(0.309016994375,0.,-0.951056516295));
#3243 = DEFINITIONAL_REPRESENTATION('',(#3244),#3380);
#3244 = B_SPLINE_CURVE_WITH_KNOTS('',3,(#3245,#3246,#3247,#3248,#3249,
    #3250,#3251,#3252,#3253,#3254,#3255,#3256,#3257,#3258,#3259,#3260,
    #3261,#3262,#3263,#3264,#3265,#3266,#3267,#3268,#3269,#3270,#3271,
    #3272,#3273,#3274,#3275,#3276,#3277,#3278,#3279,#3280,#3281,#3282,
    #3283,#3284,#3285,#3286,#3287,#3288,#3289,#3290,#3291,#3292,#3293,
    #3294,#3295,#3296,#3297,#3298,#3299,#3300,#3301,#3302,#3303,#3304,
    #3305,#3306,#3307,#3308,#3309,#3310,#3311,#3312,#3313,#3314,#3315,
    #3316,#3317,#3318,#3319,#3320,#3321,#3322,#3323,#3324,#3325,#3326,
    #3327,#3328,#3329,#3330,#3331,#3332,#3333,#3334,#3335,#3336,#3337,
    #3338,#3339,#3340,#3341,#3342,#3343,#3344,#3345,#3346,#3347,#3348,
    #3349,#3350,#3351,#3352,#3353,#3354,#3355,#3356,#3357,#3358,#3359,
    #3360,#3361,#3362,#3363,#3364,#3365,#3366,#3367,#3368,#3369,#3370,
    #3371,#3372,#3373,#3374,#3375,#3376,#3377,#3378,#3379),
  .UNSPECIFIED.,.F.,.F.,(4,1,1,1,1,1,1,1,1,1,1,1,1,1,1,1,1,1,1,1,1,1,1,1
    ,1,1,1,1,1,1,1,1,1,1,1,1,1,1,1,1,1,1,1,1,1,1,1,1,1,1,1,1,1,1,1,1,1,1
    ,1,1,1,1,1,1,1,1,1,1,1,1,1,1,1,1,1,1,1,1,1,1,1,1,1,1,1,1,1,1,1,1,1,1
    ,1,1,1,1,1,1,1,1,1,1,1,1,1,1,1,1,1,1,1,1,1,1,1,1,1,1,1,1,1,1,1,1,1,1
    ,1,1,1,1,1,1,4),(0.,1.392395890648E-02,2.784791781295E-02,
    4.177187671943E-02,5.569583562591E-02,6.961979453239E-02,
    8.354375343886E-02,9.746771234534E-02,0.111391671252,0.125315630158,
    0.139239589065,0.153163547971,0.167087506878,0.181011465784,
    0.194935424691,0.208859383597,0.222783342504,0.23670730141,
    0.250631260317,0.264555219223,0.27847917813,0.292403137036,
    0.306327095942,0.320251054849,0.334175013755,0.348098972662,
    0.362022931568,0.375946890475,0.389870849381,0.403794808288,
    0.417718767194,0.431642726101,0.445566685007,0.459490643914,
    0.47341460282,0.487338561727,0.501262520633,0.51518647954,
    0.529110438446,0.543034397353,0.556958356259,0.570882315166,
    0.584806274072,0.598730232979,0.612654191885,0.626578150791,
    0.640502109698,0.654426068604,0.668350027511,0.682273986417,
    0.696197945324,0.71012190423,0.724045863137,0.737969822043,
    0.75189378095,0.765817739856,0.779741698763,0.793665657669,
    0.807589616576,0.821513575482,0.835437534389,0.849361493295,
    0.863285452202,0.877209411108,0.891133370015,0.905057328921,
    0.918981287827,0.932905246734,0.94682920564,0.960753164547,
    0.974677123453,0.98860108236,1.002525041266,1.016449000173,
    1.030372959079,1.044296917986,1.058220876892,1.072144835799,
    1.086068794705,1.099992753612,1.113916712518,1.127840671425,
    1.141764630331,1.155688589238,1.169612548144,1.183536507051,
    1.197460465957,1.211384424864,1.22530838377,1.239232342676,
    1.253156301583,1.267080260489,1.281004219396,1.294928178302,
    1.308852137209,1.322776096115,1.336700055022,1.350624013928,
    1.364547972835,1.378471931741,1.392395890648,1.406319849554,
    1.420243808461,1.434167767367,1.448091726274,1.46201568518,
    1.475939644087,1.489863602993,1.5037875619,1.517711520806,
    1.531635479712,1.545559438619,1.559483397525,1.573407356432,
    1.587331315338,1.601255274245,1.615179233151,1.629103192058,
    1.643027150964,1.656951109871,1.670875068777,1.684799027684,
    1.69872298659,1.712646945497,1.726570904403,1.74049486331,
    1.754418822216,1.768342781123,1.782266740029,1.796190698936,
    1.810114657842,1.824038616749,1.837962575655),
  .QUASI_UNIFORM_KNOTS.);
#3245 = CARTESIAN_POINT('',(6.28318530718,103.28753390499));
#3246 = CARTESIAN_POINT('',(6.262745222932,103.28754623206));
#3247 = CARTESIAN_POINT('',(6.221879448,103.28345403289));
#3248 = CARTESIAN_POINT('',(6.160865659801,103.26536595133));
#3249 = CARTESIAN_POINT('',(6.100393581626,103.23567109196));
#3250 = CARTESIAN_POINT('',(6.040667051185,103.19491466214));
#3251 = CARTESIAN_POINT('',(5.981863717172,103.14377838048));
#3252 = CARTESIAN_POINT('',(5.924130495319,103.08308326697));
#3253 = CARTESIAN_POINT('',(5.867621992307,103.01384417356));
#3254 = CARTESIAN_POINT('',(5.812444914412,102.93700819665));
#3255 = CARTESIAN_POINT('',(5.758504927613,102.85327893019));
#3256 = CARTESIAN_POINT('',(5.705753756956,102.76335395721));
#3257 = CARTESIAN_POINT('',(5.654136435071,102.66787326231));
#3258 = CARTESIAN_POINT('',(5.603603067023,102.56743349995));
#3259 = CARTESIAN_POINT('',(5.554103759195,102.46258375951));
#3260 = CARTESIAN_POINT('',(5.505588359446,102.35382564893));
#3261 = CARTESIAN_POINT('',(5.458005100226,102.24161176952));
#3262 = CARTESIAN_POINT('',(5.411299630471,102.12634425907));
#3263 = CARTESIAN_POINT('',(5.365414045226,102.00837319886));
#3264 = CARTESIAN_POINT('',(5.320285743063,101.88799439042));
#3265 = CARTESIAN_POINT('',(5.275847001196,101.76544883654));
#3266 = CARTESIAN_POINT('',(5.23202172306,101.64091502426));
#3267 = CARTESIAN_POINT('',(5.18873247853,101.51452701382));
#3268 = CARTESIAN_POINT('',(5.145992813781,101.3866617887));
#3269 = CARTESIAN_POINT('',(5.103732995286,101.25743282718));
#3270 = CARTESIAN_POINT('',(5.061907332226,101.12699923869));
#3271 = CARTESIAN_POINT('',(5.020468958779,100.99549787578));
#3272 = CARTESIAN_POINT('',(4.979375413077,100.86306200231));
#3273 = CARTESIAN_POINT('',(4.938586158875,100.72981665976));
#3274 = CARTESIAN_POINT('',(4.898062410454,100.59588019111));
#3275 = CARTESIAN_POINT('',(4.857766443473,100.46136404387));
#3276 = CARTESIAN_POINT('',(4.817661117775,100.32637298819));
#3277 = CARTESIAN_POINT('',(4.777709380504,100.19100514945));
#3278 = CARTESIAN_POINT('',(4.737873832909,100.05535216792));
#3279 = CARTESIAN_POINT('',(4.698116158787,99.919498863037));
#3280 = CARTESIAN_POINT('',(4.658397045024,99.783524589912));
#3281 = CARTESIAN_POINT('',(4.618674175015,99.647498151059));
#3282 = CARTESIAN_POINT('',(4.578936745111,99.511597614517));
#3283 = CARTESIAN_POINT('',(4.539136669158,99.375876041492));
#3284 = CARTESIAN_POINT('',(4.499233867503,99.240418571499));
#3285 = CARTESIAN_POINT('',(4.459187370569,99.105313847352));
#3286 = CARTESIAN_POINT('',(4.418957022646,98.970661764623));
#3287 = CARTESIAN_POINT('',(4.378502343939,98.836571562771));
#3288 = CARTESIAN_POINT('',(4.337782126754,98.70316257186));
#3289 = CARTESIAN_POINT('',(4.296753785747,98.57056433092));
#3290 = CARTESIAN_POINT('',(4.255372683409,98.438916934222));
#3291 = CARTESIAN_POINT('',(4.213591379863,98.308371544337));
#3292 = CARTESIAN_POINT('',(4.171358601936,98.17909058579));
#3293 = CARTESIAN_POINT('',(4.1286185571,98.051249796208));
#3294 = CARTESIAN_POINT('',(4.085307976535,97.925034130272));
#3295 = CARTESIAN_POINT('',(4.041360321218,97.800657620474));
#3296 = CARTESIAN_POINT('',(3.99674295104,97.678466192354));
#3297 = CARTESIAN_POINT('',(3.951363394111,97.558682589969));
#3298 = CARTESIAN_POINT('',(3.905147172202,97.441635988469));
#3299 = CARTESIAN_POINT('',(3.858019169892,97.327711243015));
#3300 = CARTESIAN_POINT('',(3.80990657044,97.217361551414));
#3301 = CARTESIAN_POINT('',(3.760736115948,97.111105356099));
#3302 = CARTESIAN_POINT('',(3.710431369574,97.009525430559));
#3303 = CARTESIAN_POINT('',(3.658913778526,96.913278839559));
#3304 = CARTESIAN_POINT('',(3.606085731219,96.823066365973));
#3305 = CARTESIAN_POINT('',(3.551902263043,96.739718291289));
#3306 = CARTESIAN_POINT('',(3.496356788495,96.66436773989));
#3307 = CARTESIAN_POINT('',(3.439479120959,96.598064842137));
#3308 = CARTESIAN_POINT('',(3.381347149244,96.541848541782));
#3309 = CARTESIAN_POINT('',(3.322087776901,96.496734457653));
#3310 = CARTESIAN_POINT('',(3.261885202696,96.463691629498));
#3311 = CARTESIAN_POINT('',(3.200952321026,96.443747672923));
#3312 = CARTESIAN_POINT('',(3.139679795631,96.437393125205));
#3313 = CARTESIAN_POINT('',(3.078461797517,96.444655016488));
#3314 = CARTESIAN_POINT('',(3.017625179362,96.465341745199));
#3315 = CARTESIAN_POINT('',(2.957453442276,96.498984348138));
#3316 = CARTESIAN_POINT('',(2.898195619486,96.544842341775));
#3317 = CARTESIAN_POINT('',(2.840062625711,96.601939086965));
#3318 = CARTESIAN_POINT('',(2.783302634456,96.66891448881));
#3319 = CARTESIAN_POINT('',(2.727968337208,96.744614008458));
#3320 = CARTESIAN_POINT('',(2.673974492813,96.828167777486));
#3321 = CARTESIAN_POINT('',(2.621296896841,96.918617837553));
#3322 = CARTESIAN_POINT('',(2.569883354222,97.015123791752));
#3323 = CARTESIAN_POINT('',(2.519677504809,97.116916229367));
#3324 = CARTESIAN_POINT('',(2.470611121622,97.223320415008));
#3325 = CARTESIAN_POINT('',(2.422608298916,97.333751146807));
#3326 = CARTESIAN_POINT('',(2.375571870941,97.44775267401));
#3327 = CARTESIAN_POINT('',(2.329438167845,97.564858634569));
#3328 = CARTESIAN_POINT('',(2.284130768529,97.684692382418));
#3329 = CARTESIAN_POINT('',(2.23957721207,97.806925726584));
#3330 = CARTESIAN_POINT('',(2.195710883884,97.931265170626));
#3331 = CARTESIAN_POINT('',(2.152468493092,98.057452682841));
#3332 = CARTESIAN_POINT('',(2.109787388143,98.185268446747));
#3333 = CARTESIAN_POINT('',(2.067609805182,98.314514078379));
#3334 = CARTESIAN_POINT('',(2.025888565785,98.444988784106));
#3335 = CARTESIAN_POINT('',(1.984566457819,98.576549700032));
#3336 = CARTESIAN_POINT('',(1.943594788017,98.709051446828));
#3337 = CARTESIAN_POINT('',(1.902927429364,98.84236048509));
#3338 = CARTESIAN_POINT('',(1.862521281589,98.976350697173));
#3339 = CARTESIAN_POINT('',(1.822335197025,99.110904078686));
#3340 = CARTESIAN_POINT('',(1.7823293989,99.245910325467));
#3341 = CARTESIAN_POINT('',(1.74246503288,99.381266201624));
#3342 = CARTESIAN_POINT('',(1.70270308645,99.516877272432));
#3343 = CARTESIAN_POINT('',(1.663005949904,99.652650693368));
#3344 = CARTESIAN_POINT('',(1.62332917338,99.788521618338));
#3345 = CARTESIAN_POINT('',(1.583653543636,99.924341538531));
#3346 = CARTESIAN_POINT('',(1.543940637357,100.06002909472));
#3347 = CARTESIAN_POINT('',(1.50414941404,100.1955115849));
#3348 = CARTESIAN_POINT('',(1.464241505343,100.33070506399));
#3349 = CARTESIAN_POINT('',(1.424179167727,100.46551971541));
#3350 = CARTESIAN_POINT('',(1.38392523043,100.59985841075));
#3351 = CARTESIAN_POINT('',(1.343442516705,100.73361705615));
#3352 = CARTESIAN_POINT('',(1.302693391496,100.8666844286));
#3353 = CARTESIAN_POINT('',(1.26163924987,100.99894208511));
#3354 = CARTESIAN_POINT('',(1.220239937236,101.13026428411));
#3355 = CARTESIAN_POINT('',(1.178453209147,101.26051753344));
#3356 = CARTESIAN_POINT('',(1.136233668179,101.38956130307));
#3357 = CARTESIAN_POINT('',(1.093533142685,101.51724405068));
#3358 = CARTESIAN_POINT('',(1.050294986509,101.64341632453));
#3359 = CARTESIAN_POINT('',(1.006470139761,101.76787961372));
#3360 = CARTESIAN_POINT('',(0.962018337163,101.89038504348));
#3361 = CARTESIAN_POINT('',(0.916874478654,102.0107222651));
#3362 = CARTESIAN_POINT('',(0.870981820031,102.12862120064));
#3363 = CARTESIAN_POINT('',(0.824282012063,102.24377841134));
#3364 = CARTESIAN_POINT('',(0.776715810535,102.35585090345));
#3365 = CARTESIAN_POINT('',(0.728222569725,102.46445544973));
#3366 = CARTESIAN_POINT('',(0.67873261843,102.56917596779));
#3367 = CARTESIAN_POINT('',(0.62818768395,102.66953061054));
#3368 = CARTESIAN_POINT('',(0.576537109494,102.76494947493));
#3369 = CARTESIAN_POINT('',(0.523733085642,102.85482020012));
#3370 = CARTESIAN_POINT('',(0.469745720013,102.93846808269));
#3371 = CARTESIAN_POINT('',(0.41456544143,103.01514349181));
#3372 = CARTESIAN_POINT('',(0.358170520095,103.08409209323));
#3373 = CARTESIAN_POINT('',(0.300574030089,103.14450042273));
#3374 = CARTESIAN_POINT('',(0.241918742009,103.19537066484));
#3375 = CARTESIAN_POINT('',(0.182340882254,103.23591327169));
#3376 = CARTESIAN_POINT('',(0.122015331942,103.26545930114));
#3377 = CARTESIAN_POINT('',(6.114812003053E-02,103.28346785427));
#3378 = CARTESIAN_POINT('',(2.038579965846E-02,103.2875452763));
#3379 = CARTESIAN_POINT('',(2.6645352591E-15,103.28753390499));
#3380 = ( GEOMETRIC_REPRESENTATION_CONTEXT(2) 
PARAMETRIC_REPRESENTATION_CONTEXT() REPRESENTATION_CONTEXT('2D SPACE',''
  ) );
#3381 = FACE_BOUND('',#3382,.T.);
#3382 = EDGE_LOOP('',(#3383));
#3383 = ORIENTED_EDGE('',*,*,#3384,.T.);
#3384 = EDGE_CURVE('',#3385,#3385,#3387,.T.);
#3385 = VERTEX_POINT('',#3386);
#3386 = CARTESIAN_POINT('',(13.49940739927,103.28753390499,
    41.546903914354));
#3387 = SURFACE_CURVE('',#3388,(#3482,#3621),.PCURVE_S1.);
#3388 = B_SPLINE_CURVE_WITH_KNOTS('',8,(#3389,#3390,#3391,#3392,#3393,
    #3394,#3395,#3396,#3397,#3398,#3399,#3400,#3401,#3402,#3403,#3404,
    #3405,#3406,#3407,#3408,#3409,#3410,#3411,#3412,#3413,#3414,#3415,
    #3416,#3417,#3418,#3419,#3420,#3421,#3422,#3423,#3424,#3425,#3426,
    #3427,#3428,#3429,#3430,#3431,#3432,#3433,#3434,#3435,#3436,#3437,
    #3438,#3439,#3440,#3441,#3442,#3443,#3444,#3445,#3446,#3447,#3448,
    #3449,#3450,#3451,#3452,#3453,#3454,#3455,#3456,#3457,#3458,#3459,
    #3460,#3461,#3462,#3463,#3464,#3465,#3466,#3467,#3468,#3469,#3470,
    #3471,#3472,#3473,#3474,#3475,#3476,#3477,#3478,#3479,#3480,#3481),
  .UNSPECIFIED.,.T.,.F.,(9,7,7,7,7,7,7,7,7,7,7,7,7,9),(0.,0.155750976987
    ,0.276950716584,0.471935699128,0.66336053423,0.843574686093,1.,
    1.102990021298,1.191895278082,1.34307310363,1.53993911069,
    1.647782527863,1.719759140519,1.816620142873),.UNSPECIFIED.);
#3389 = CARTESIAN_POINT('',(13.49940739927,103.28753390499,
    41.546903914354));
#3390 = CARTESIAN_POINT('',(13.830838366184,103.28753390499,
    41.439215465262));
#3391 = CARTESIAN_POINT('',(14.172763504829,103.25975386507,
    41.364465521649));
#3392 = CARTESIAN_POINT('',(14.515335360491,103.20425482006,
    41.325774261914));
#3393 = CARTESIAN_POINT('',(14.851282281845,103.12426731045,
    41.321180400196));
#3394 = CARTESIAN_POINT('',(15.175235387401,103.02350539044,
    41.347384724491));
#3395 = CARTESIAN_POINT('',(15.483592583098,102.90600133757,
    41.400120939311));
#3396 = CARTESIAN_POINT('',(15.774347860087,102.77536335736,
    41.475199306443));
#3397 = CARTESIAN_POINT('',(16.258888166738,102.52481659223,
    41.641979365175));
#3398 = CARTESIAN_POINT('',(16.460431650914,102.40866906852,
    41.72649023089));
#3399 = CARTESIAN_POINT('',(16.651528605556,102.28706895996,
    41.821085496031));
#3400 = CARTESIAN_POINT('',(16.832266659118,102.16090632611,
    41.924533077494));
#3401 = CARTESIAN_POINT('',(17.002805873022,102.03093279731,
    42.035767844763));
#3402 = CARTESIAN_POINT('',(17.163376113973,101.89776239967,
    42.153889706282));
#3403 = CARTESIAN_POINT('',(17.314253900215,101.76186332629,
    42.278178527763));
#3404 = CARTESIAN_POINT('',(17.683364446478,101.40103920269,
    42.61712640944));
#3405 = CARTESIAN_POINT('',(17.886365059573,101.17259442321,
    42.840445517397));
#3406 = CARTESIAN_POINT('',(18.066029106767,100.93965001176,
    43.075705864224));
#3407 = CARTESIAN_POINT('',(18.223035473303,100.70340663034,
    43.321084091361));
#3408 = CARTESIAN_POINT('',(18.357905432803,100.46490143101,
    43.57505072084));
#3409 = CARTESIAN_POINT('',(18.47094888189,100.22500484812,
    43.836385579984));
#3410 = CARTESIAN_POINT('',(18.562299191764,99.984433492843,
    44.104142246763));
#3411 = CARTESIAN_POINT('',(18.699894086075,99.507441003816,
    44.64628627871));
#3412 = CARTESIAN_POINT('',(18.746834414305,99.271361497201,
    44.920080085512));
#3413 = CARTESIAN_POINT('',(18.772456698343,99.035987339503,
    45.198530610031));
#3414 = CARTESIAN_POINT('',(18.776206067247,98.80201404084,
    45.480983354936));
#3415 = CARTESIAN_POINT('',(18.757240526805,98.570333449196,
    45.766662054155));
#3416 = CARTESIAN_POINT('',(18.714339225902,98.34206366848,
    46.054672964693));
#3417 = CARTESIAN_POINT('',(18.645966775729,98.118543679287,
    46.343998678277));
#3418 = CARTESIAN_POINT('',(18.458806832333,97.69710233332,46.9062018416
    ));
#3419 = CARTESIAN_POINT('',(18.343590123306,97.499311518477,
    47.177898826295));
#3420 = CARTESIAN_POINT('',(18.201760884555,97.30857437697,
    47.448916799594));
#3421 = CARTESIAN_POINT('',(18.030436693024,97.12702692105,
    47.717779634558));
#3422 = CARTESIAN_POINT('',(17.826594305364,96.958286846601,
    47.981370814823));
#3423 = CARTESIAN_POINT('',(17.587515003009,96.807302286105,
    48.235023413023));
#3424 = CARTESIAN_POINT('',(17.311166005046,96.680199540354,
    48.472571134439));
#3425 = CARTESIAN_POINT('',(16.723552790375,96.500697110615,
    48.871840749869));
#3426 = CARTESIAN_POINT('',(16.419322225134,96.439920791476,
    49.041057109849));
#3427 = CARTESIAN_POINT('',(16.091764781893,96.410023545774,
    49.182003194246));
#3428 = CARTESIAN_POINT('',(15.749551738315,96.414046340605,
    49.288534800695));
#3429 = CARTESIAN_POINT('',(15.401661658723,96.451519230579,
    49.358294764112));
#3430 = CARTESIAN_POINT('',(15.056930954107,96.519314245867,
    49.391852266988));
#3431 = CARTESIAN_POINT('',(14.723902612538,96.611881386189,
    49.392642479105));
#3432 = CARTESIAN_POINT('',(14.204507488352,96.793645592989,
    49.349886077838));
#3433 = CARTESIAN_POINT('',(14.004856257784,96.873909026745,
    49.321224004219));
#3434 = CARTESIAN_POINT('',(13.812251580503,96.96106359333,
    49.282068995368));
#3435 = CARTESIAN_POINT('',(13.626981650739,97.054028426226,
    49.233539627495));
#3436 = CARTESIAN_POINT('',(13.449155425637,97.151867816282,
    49.176651085907));
#3437 = CARTESIAN_POINT('',(13.278728842418,97.253806819447,
    49.112287693387));
#3438 = CARTESIAN_POINT('',(13.11553103554,97.359246864509,
    49.041175438569));
#3439 = CARTESIAN_POINT('',(12.824417291682,97.561472838354,
    48.897107867834));
#3440 = CARTESIAN_POINT('',(12.694800759574,97.657419526882,
    48.825770597126));
#3441 = CARTESIAN_POINT('',(12.570307442515,97.755319798324,
    48.750223408192));
#3442 = CARTESIAN_POINT('',(12.450823990709,97.854912222001,
    48.670796387215));
#3443 = CARTESIAN_POINT('',(12.336246947845,97.955971388133,
    48.587776838084));
#3444 = CARTESIAN_POINT('',(12.226476821777,98.058305330067,
    48.501413745755));
#3445 = CARTESIAN_POINT('',(12.121416497629,98.161754545257,
    48.411918855459));
#3446 = CARTESIAN_POINT('',(11.850177800297,98.443783016924,
    48.162251297122));
#3447 = CARTESIAN_POINT('',(11.692807336966,98.624155772195,
    47.996548863504));
#3448 = CARTESIAN_POINT('',(11.548390347263,98.806683701766,
    47.823218153801));
#3449 = CARTESIAN_POINT('',(11.41666659978,98.990825378929,
    47.642963379356));
#3450 = CARTESIAN_POINT('',(11.297487464298,99.176106944848,
    47.456384097429));
#3451 = CARTESIAN_POINT('',(11.19078535285,99.362115817569,
    47.263990566875));
#3452 = CARTESIAN_POINT('',(11.096582018801,99.548499754125,
    47.066199985625));
#3453 = CARTESIAN_POINT('',(10.908773522427,99.977782176909,
    46.599152820852));
#3454 = CARTESIAN_POINT('',(10.824061710602,100.22048978513,
    46.326631987825));
#3455 = CARTESIAN_POINT('',(10.761036565051,100.46252622662,
    46.046407328693));
#3456 = CARTESIAN_POINT('',(10.720377313334,100.70315791377,
    45.759182213228));
#3457 = CARTESIAN_POINT('',(10.703075843573,100.94149096631,
    45.465783700238));
#3458 = CARTESIAN_POINT('',(10.710490209323,101.1764585051,
    45.167169603118));
#3459 = CARTESIAN_POINT('',(10.744284424581,101.40682582465,
    44.864447810011));
#3460 = CARTESIAN_POINT('',(10.841303469993,101.75398776421,
    44.391362259278));
#3461 = CARTESIAN_POINT('',(10.884286965794,101.87495152126,
    44.223159552768));
#3462 = CARTESIAN_POINT('',(10.936307553049,101.99377222875,
    44.054386622402));
#3463 = CARTESIAN_POINT('',(10.997814626945,102.11012147068,
    43.885339482671));
#3464 = CARTESIAN_POINT('',(11.06929610168,102.22358729656,
    43.716413720317));
#3465 = CARTESIAN_POINT('',(11.151271502945,102.3336760199,
    43.548106036878));
#3466 = CARTESIAN_POINT('',(11.244298243425,102.43980943714,
    43.381016752704));
#3467 = CARTESIAN_POINT('',(11.418864941385,102.60906573008,
    43.105620231263));
#3468 = CARTESIAN_POINT('',(11.493904305455,102.6747393413,
    42.99627351162));
#3469 = CARTESIAN_POINT('',(11.574302560057,102.73812391199,
    42.888039786438));
#3470 = CARTESIAN_POINT('',(11.660219945968,102.79897731651,
    42.781193831338));
#3471 = CARTESIAN_POINT('',(11.751783558218,102.85702969265,
    42.676058524621));
#3472 = CARTESIAN_POINT('',(11.849087346081,102.9119834415,
    42.573004847271));
#3473 = CARTESIAN_POINT('',(11.952192113083,102.96351322758,
    42.472451882951));
#3474 = CARTESIAN_POINT('',(12.207720338619,103.07552823243,
    42.243543783256));
#3475 = CARTESIAN_POINT('',(12.364959036219,103.13313704595,
    42.11731755587));
#3476 = CARTESIAN_POINT('',(12.532777743443,103.18293831691,
    41.99776168552));
#3477 = CARTESIAN_POINT('',(12.710699326762,103.22396502799,
    41.886332464541));
#3478 = CARTESIAN_POINT('',(12.897833385471,103.25543724696,
    41.784368927933));
#3479 = CARTESIAN_POINT('',(13.09287625169,103.27676212665,
    41.693092853366));
#3480 = CARTESIAN_POINT('',(13.294110990366,103.28753390499,
    41.613608761172));
#3481 = CARTESIAN_POINT('',(13.49940739927,103.28753390499,
    41.546903914354));
#3482 = PCURVE('',#239,#3483);
#3483 = DEFINITIONAL_REPRESENTATION('',(#3484),#3620);
#3484 = B_SPLINE_CURVE_WITH_KNOTS('',3,(#3485,#3486,#3487,#3488,#3489,
    #3490,#3491,#3492,#3493,#3494,#3495,#3496,#3497,#3498,#3499,#3500,
    #3501,#3502,#3503,#3504,#3505,#3506,#3507,#3508,#3509,#3510,#3511,
    #3512,#3513,#3514,#3515,#3516,#3517,#3518,#3519,#3520,#3521,#3522,
    #3523,#3524,#3525,#3526,#3527,#3528,#3529,#3530,#3531,#3532,#3533,
    #3534,#3535,#3536,#3537,#3538,#3539,#3540,#3541,#3542,#3543,#3544,
    #3545,#3546,#3547,#3548,#3549,#3550,#3551,#3552,#3553,#3554,#3555,
    #3556,#3557,#3558,#3559,#3560,#3561,#3562,#3563,#3564,#3565,#3566,
    #3567,#3568,#3569,#3570,#3571,#3572,#3573,#3574,#3575,#3576,#3577,
    #3578,#3579,#3580,#3581,#3582,#3583,#3584,#3585,#3586,#3587,#3588,
    #3589,#3590,#3591,#3592,#3593,#3594,#3595,#3596,#3597,#3598,#3599,
    #3600,#3601,#3602,#3603,#3604,#3605,#3606,#3607,#3608,#3609,#3610,
    #3611,#3612,#3613,#3614,#3615,#3616,#3617,#3618,#3619),
  .UNSPECIFIED.,.F.,.F.,(4,1,1,1,1,1,1,1,1,1,1,1,1,1,1,1,1,1,1,1,1,1,1,1
    ,1,1,1,1,1,1,1,1,1,1,1,1,1,1,1,1,1,1,1,1,1,1,1,1,1,1,1,1,1,1,1,1,1,1
    ,1,1,1,1,1,1,1,1,1,1,1,1,1,1,1,1,1,1,1,1,1,1,1,1,1,1,1,1,1,1,1,1,1,1
    ,1,1,1,1,1,1,1,1,1,1,1,1,1,1,1,1,1,1,1,1,1,1,1,1,1,1,1,1,1,1,1,1,1,1
    ,1,1,1,1,1,1,4),(0.,1.376227380965E-02,2.752454761929E-02,
    4.128682142894E-02,5.504909523858E-02,6.881136904823E-02,
    8.257364285788E-02,9.633591666752E-02,0.110098190477,0.123860464287,
    0.137622738096,0.151385011906,0.165147285716,0.178909559525,
    0.192671833335,0.206434107145,0.220196380954,0.233958654764,
    0.247720928574,0.261483202383,0.275245476193,0.289007750003,
    0.302770023812,0.316532297622,0.330294571432,0.344056845241,
    0.357819119051,0.37158139286,0.38534366667,0.39910594048,
    0.412868214289,0.426630488099,0.440392761909,0.454155035718,
    0.467917309528,0.481679583338,0.495441857147,0.509204130957,
    0.522966404767,0.536728678576,0.550490952386,0.564253226195,
    0.578015500005,0.591777773815,0.605540047624,0.619302321434,
    0.633064595244,0.646826869053,0.660589142863,0.674351416673,
    0.688113690482,0.701875964292,0.715638238102,0.729400511911,
    0.743162785721,0.756925059531,0.77068733334,0.78444960715,
    0.798211880959,0.811974154769,0.825736428579,0.839498702388,
    0.853260976198,0.867023250008,0.880785523817,0.894547797627,
    0.908310071437,0.922072345246,0.935834619056,0.949596892866,
    0.963359166675,0.977121440485,0.990883714295,1.004645988104,
    1.018408261914,1.032170535723,1.045932809533,1.059695083343,
    1.073457357152,1.087219630962,1.100981904772,1.114744178581,
    1.128506452391,1.142268726201,1.15603100001,1.16979327382,
    1.18355554763,1.197317821439,1.211080095249,1.224842369058,
    1.238604642868,1.252366916678,1.266129190487,1.279891464297,
    1.293653738107,1.307416011916,1.321178285726,1.334940559536,
    1.348702833345,1.362465107155,1.376227380965,1.389989654774,
    1.403751928584,1.417514202394,1.431276476203,1.445038750013,
    1.458801023822,1.472563297632,1.486325571442,1.500087845251,
    1.513850119061,1.527612392871,1.54137466668,1.55513694049,
    1.5688992143,1.582661488109,1.596423761919,1.610186035729,
    1.623948309538,1.637710583348,1.651472857158,1.665235130967,
    1.678997404777,1.692759678586,1.706521952396,1.720284226206,
    1.734046500015,1.747808773825,1.761571047635,1.775333321444,
    1.789095595254,1.802857869064,1.816620142873),
  .QUASI_UNIFORM_KNOTS.);
#3485 = CARTESIAN_POINT('',(5.026548245744,0.936340729575));
#3486 = CARTESIAN_POINT('',(5.02842862027,0.936341184288));
#3487 = CARTESIAN_POINT('',(5.032186026707,0.936247637915));
#3488 = CARTESIAN_POINT('',(5.037764928684,0.935833899402));
#3489 = CARTESIAN_POINT('',(5.04323632089,0.935154919419));
#3490 = CARTESIAN_POINT('',(5.04856082916,0.934225073811));
#3491 = CARTESIAN_POINT('',(5.053705391627,0.933061131638));
#3492 = CARTESIAN_POINT('',(5.058643739141,0.931681945418));
#3493 = CARTESIAN_POINT('',(5.063355569759,0.93010746063));
#3494 = CARTESIAN_POINT('',(5.067826111036,0.928358094221));
#3495 = CARTESIAN_POINT('',(5.07204557945,0.926454149652));
#3496 = CARTESIAN_POINT('',(5.076008722016,0.924415314401));
#3497 = CARTESIAN_POINT('',(5.079714141075,0.922260229942));
#3498 = CARTESIAN_POINT('',(5.083164399907,0.920006044469));
#3499 = CARTESIAN_POINT('',(5.08637408986,0.917660788752));
#3500 = CARTESIAN_POINT('',(5.089349089845,0.91523641935));
#3501 = CARTESIAN_POINT('',(5.092097176702,0.912742868652));
#3502 = CARTESIAN_POINT('',(5.094625746396,0.910189331674));
#3503 = CARTESIAN_POINT('',(5.096942382612,0.907583953729));
#3504 = CARTESIAN_POINT('',(5.099054648567,0.904933910479));
#3505 = CARTESIAN_POINT('',(5.100970008202,0.902245465631));
#3506 = CARTESIAN_POINT('',(5.102695913832,0.899523687716));
#3507 = CARTESIAN_POINT('',(5.104239042864,0.896773528417));
#3508 = CARTESIAN_POINT('',(5.105605293989,0.894000423671));
#3509 = CARTESIAN_POINT('',(5.106801150599,0.891207569476));
#3510 = CARTESIAN_POINT('',(5.107832243533,0.88839844247));
#3511 = CARTESIAN_POINT('',(5.108703816289,0.885576165348));
#3512 = CARTESIAN_POINT('',(5.109420670432,0.882743691425));
#3513 = CARTESIAN_POINT('',(5.109987230922,0.87990376729));
#3514 = CARTESIAN_POINT('',(5.110407563688,0.87705895295));
#3515 = CARTESIAN_POINT('',(5.110685393425,0.8742116252));
#3516 = CARTESIAN_POINT('',(5.110824111018,0.871363983671));
#3517 = CARTESIAN_POINT('',(5.110826775168,0.868518057351));
#3518 = CARTESIAN_POINT('',(5.110696107382,0.865675701865));
#3519 = CARTESIAN_POINT('',(5.110434482674,0.862838629154));
#3520 = CARTESIAN_POINT('',(5.110043907824,0.860008312882));
#3521 = CARTESIAN_POINT('',(5.109526014806,0.857186354475));
#3522 = CARTESIAN_POINT('',(5.108882587656,0.85437615624));
#3523 = CARTESIAN_POINT('',(5.108114663069,0.851578610289));
#3524 = CARTESIAN_POINT('',(5.107223021366,0.848795363052));
#3525 = CARTESIAN_POINT('',(5.106208108488,0.846028077687));
#3526 = CARTESIAN_POINT('',(5.105070075655,0.84327863082));
#3527 = CARTESIAN_POINT('',(5.103808776722,0.840549060614));
#3528 = CARTESIAN_POINT('',(5.102423766322,0.837841582657));
#3529 = CARTESIAN_POINT('',(5.100914287957,0.835158590383));
#3530 = CARTESIAN_POINT('',(5.099279249064,0.832502657416));
#3531 = CARTESIAN_POINT('',(5.097517198101,0.829876557114));
#3532 = CARTESIAN_POINT('',(5.095626234135,0.827283223366));
#3533 = CARTESIAN_POINT('',(5.093604095254,0.824725944447));
#3534 = CARTESIAN_POINT('',(5.091447488965,0.822207702758));
#3535 = CARTESIAN_POINT('',(5.089154140068,0.819733722012));
#3536 = CARTESIAN_POINT('',(5.086723688708,0.817311536189));
#3537 = CARTESIAN_POINT('',(5.084149384524,0.814943139482));
#3538 = CARTESIAN_POINT('',(5.081426242873,0.812634045662));
#3539 = CARTESIAN_POINT('',(5.078549183122,0.810390954337));
#3540 = CARTESIAN_POINT('',(5.075513666044,0.808222285381));
#3541 = CARTESIAN_POINT('',(5.072315648906,0.806137950208));
#3542 = CARTESIAN_POINT('',(5.068951706244,0.804149331313));
#3543 = CARTESIAN_POINT('',(5.065419114442,0.802269216229));
#3544 = CARTESIAN_POINT('',(5.061715868686,0.800511730368));
#3545 = CARTESIAN_POINT('',(5.057840969103,0.798892345302));
#3546 = CARTESIAN_POINT('',(5.053793669759,0.797427612298));
#3547 = CARTESIAN_POINT('',(5.049576588782,0.796135945902));
#3548 = CARTESIAN_POINT('',(5.045184402941,0.795034509159));
#3549 = CARTESIAN_POINT('',(5.040627165774,0.794146416796));
#3550 = CARTESIAN_POINT('',(5.035957671713,0.793498452681));
#3551 = CARTESIAN_POINT('',(5.031215704701,0.793106195496));
#3552 = CARTESIAN_POINT('',(5.02644139819,0.792978656996));
#3553 = CARTESIAN_POINT('',(5.021671997948,0.793118034653));
#3554 = CARTESIAN_POINT('',(5.016942989282,0.793520596656));
#3555 = CARTESIAN_POINT('',(5.012288097455,0.794177054919));
#3556 = CARTESIAN_POINT('',(5.007739192933,0.795073073646));
#3557 = CARTESIAN_POINT('',(5.003327495146,0.796189063249));
#3558 = CARTESIAN_POINT('',(4.9990794939,0.797502116369));
#3559 = CARTESIAN_POINT('',(4.995032537282,0.798979620881));
#3560 = CARTESIAN_POINT('',(4.991163168661,0.800609058295));
#3561 = CARTESIAN_POINT('',(4.987466595988,0.802375644354));
#3562 = CARTESIAN_POINT('',(4.983942663715,0.804263196457));
#3563 = CARTESIAN_POINT('',(4.980588575933,0.806257776984));
#3564 = CARTESIAN_POINT('',(4.977400981523,0.80834683706));
#3565 = CARTESIAN_POINT('',(4.974375613791,0.810519524905));
#3566 = CARTESIAN_POINT('',(4.971507365453,0.812766852846));
#3567 = CARTESIAN_POINT('',(4.968791087968,0.81508128082));
#3568 = CARTESIAN_POINT('',(4.966223238195,0.817455074694));
#3569 = CARTESIAN_POINT('',(4.963799234384,0.819882488762));
#3570 = CARTESIAN_POINT('',(4.961515386417,0.822358090712));
#3571 = CARTESIAN_POINT('',(4.959368275839,0.824877170405));
#3572 = CARTESIAN_POINT('',(4.957354873342,0.827435554671));
#3573 = CARTESIAN_POINT('',(4.955472330923,0.830029852079));
#3574 = CARTESIAN_POINT('',(4.953718745539,0.832656290323));
#3575 = CARTESIAN_POINT('',(4.952092056841,0.835312142761));
#3576 = CARTESIAN_POINT('',(4.950590719544,0.837994813982));
#3577 = CARTESIAN_POINT('',(4.94921360112,0.840701858712));
#3578 = CARTESIAN_POINT('',(4.947959945593,0.843430966934));
#3579 = CARTESIAN_POINT('',(4.946829336186,0.846179959802));
#3580 = CARTESIAN_POINT('',(4.94582167288,0.848946787021));
#3581 = CARTESIAN_POINT('',(4.944937160135,0.851729517115));
#3582 = CARTESIAN_POINT('',(4.944176299894,0.854526362755));
#3583 = CARTESIAN_POINT('',(4.943539906223,0.857335579342));
#3584 = CARTESIAN_POINT('',(4.943029073142,0.860155840146));
#3585 = CARTESIAN_POINT('',(4.942645456589,0.862984140513));
#3586 = CARTESIAN_POINT('',(4.942390660141,0.865819175316));
#3587 = CARTESIAN_POINT('',(4.942266716768,0.868659388855));
#3588 = CARTESIAN_POINT('',(4.942276010567,0.871503087441));
#3589 = CARTESIAN_POINT('',(4.942421274449,0.87434840598));
#3590 = CARTESIAN_POINT('',(4.942705575838,0.877193312853));
#3591 = CARTESIAN_POINT('',(4.943132313214,0.880035603671));
#3592 = CARTESIAN_POINT('',(4.943705217542,0.882872897418));
#3593 = CARTESIAN_POINT('',(4.944428360145,0.885702630117));
#3594 = CARTESIAN_POINT('',(4.945306170507,0.888522051385));
#3595 = CARTESIAN_POINT('',(4.94634345553,0.89132820635));
#3596 = CARTESIAN_POINT('',(4.947545461066,0.894117966294));
#3597 = CARTESIAN_POINT('',(4.94891783473,0.896887870263));
#3598 = CARTESIAN_POINT('',(4.95046703051,0.899634663014));
#3599 = CARTESIAN_POINT('',(4.952199123294,0.902353169516));
#3600 = CARTESIAN_POINT('',(4.954120732607,0.90503827773));
#3601 = CARTESIAN_POINT('',(4.956239235978,0.907684786538));
#3602 = CARTESIAN_POINT('',(4.958562039897,0.910286368032));
#3603 = CARTESIAN_POINT('',(4.961096677693,0.91283583767));
#3604 = CARTESIAN_POINT('',(4.96385075675,0.915325091185));
#3605 = CARTESIAN_POINT('',(4.966831788558,0.917745022546));
#3606 = CARTESIAN_POINT('',(4.970047744724,0.92008580626));
#3607 = CARTESIAN_POINT('',(4.973504565549,0.922335534866));
#3608 = CARTESIAN_POINT('',(4.977208137413,0.924480860844));
#3609 = CARTESIAN_POINT('',(4.981161794558,0.926507015562));
#3610 = CARTESIAN_POINT('',(4.985366330636,0.928397921306));
#3611 = CARTESIAN_POINT('',(4.989818634575,0.930135006614));
#3612 = CARTESIAN_POINT('',(4.994516359362,0.931701993757));
#3613 = CARTESIAN_POINT('',(4.999446171265,0.933076343824));
#3614 = CARTESIAN_POINT('',(5.004584972528,0.934235516692));
#3615 = CARTESIAN_POINT('',(5.009903762121,0.93516062966));
#3616 = CARTESIAN_POINT('',(5.015366499385,0.93583570707));
#3617 = CARTESIAN_POINT('',(5.020931294576,0.936247623183));
#3618 = CARTESIAN_POINT('',(5.024675536063,0.936341004749));
#3619 = CARTESIAN_POINT('',(5.026548245744,0.936340729575));
#3620 = ( GEOMETRIC_REPRESENTATION_CONTEXT(2) 
PARAMETRIC_REPRESENTATION_CONTEXT() REPRESENTATION_CONTEXT('2D SPACE',''
  ) );
#3621 = PCURVE('',#3622,#3627);
#3622 = CYLINDRICAL_SURFACE('',#3623,4.015);
#3623 = AXIS2_PLACEMENT_3D('',#3624,#3625,#3626);
#3624 = CARTESIAN_POINT('',(14.740110631685,0.,45.365395827279));
#3625 = DIRECTION('',(0.,1.,0.));
#3626 = DIRECTION('',(-0.309016994375,0.,-0.951056516295));
#3627 = DEFINITIONAL_REPRESENTATION('',(#3628),#3764);
#3628 = B_SPLINE_CURVE_WITH_KNOTS('',3,(#3629,#3630,#3631,#3632,#3633,
    #3634,#3635,#3636,#3637,#3638,#3639,#3640,#3641,#3642,#3643,#3644,
    #3645,#3646,#3647,#3648,#3649,#3650,#3651,#3652,#3653,#3654,#3655,
    #3656,#3657,#3658,#3659,#3660,#3661,#3662,#3663,#3664,#3665,#3666,
    #3667,#3668,#3669,#3670,#3671,#3672,#3673,#3674,#3675,#3676,#3677,
    #3678,#3679,#3680,#3681,#3682,#3683,#3684,#3685,#3686,#3687,#3688,
    #3689,#3690,#3691,#3692,#3693,#3694,#3695,#3696,#3697,#3698,#3699,
    #3700,#3701,#3702,#3703,#3704,#3705,#3706,#3707,#3708,#3709,#3710,
    #3711,#3712,#3713,#3714,#3715,#3716,#3717,#3718,#3719,#3720,#3721,
    #3722,#3723,#3724,#3725,#3726,#3727,#3728,#3729,#3730,#3731,#3732,
    #3733,#3734,#3735,#3736,#3737,#3738,#3739,#3740,#3741,#3742,#3743,
    #3744,#3745,#3746,#3747,#3748,#3749,#3750,#3751,#3752,#3753,#3754,
    #3755,#3756,#3757,#3758,#3759,#3760,#3761,#3762,#3763),
  .UNSPECIFIED.,.F.,.F.,(4,1,1,1,1,1,1,1,1,1,1,1,1,1,1,1,1,1,1,1,1,1,1,1
    ,1,1,1,1,1,1,1,1,1,1,1,1,1,1,1,1,1,1,1,1,1,1,1,1,1,1,1,1,1,1,1,1,1,1
    ,1,1,1,1,1,1,1,1,1,1,1,1,1,1,1,1,1,1,1,1,1,1,1,1,1,1,1,1,1,1,1,1,1,1
    ,1,1,1,1,1,1,1,1,1,1,1,1,1,1,1,1,1,1,1,1,1,1,1,1,1,1,1,1,1,1,1,1,1,1
    ,1,1,1,1,1,1,4),(0.,1.376227380965E-02,2.752454761929E-02,
    4.128682142894E-02,5.504909523858E-02,6.881136904823E-02,
    8.257364285788E-02,9.633591666752E-02,0.110098190477,0.123860464287,
    0.137622738096,0.151385011906,0.165147285716,0.178909559525,
    0.192671833335,0.206434107145,0.220196380954,0.233958654764,
    0.247720928574,0.261483202383,0.275245476193,0.289007750003,
    0.302770023812,0.316532297622,0.330294571432,0.344056845241,
    0.357819119051,0.37158139286,0.38534366667,0.39910594048,
    0.412868214289,0.426630488099,0.440392761909,0.454155035718,
    0.467917309528,0.481679583338,0.495441857147,0.509204130957,
    0.522966404767,0.536728678576,0.550490952386,0.564253226195,
    0.578015500005,0.591777773815,0.605540047624,0.619302321434,
    0.633064595244,0.646826869053,0.660589142863,0.674351416673,
    0.688113690482,0.701875964292,0.715638238102,0.729400511911,
    0.743162785721,0.756925059531,0.77068733334,0.78444960715,
    0.798211880959,0.811974154769,0.825736428579,0.839498702388,
    0.853260976198,0.867023250008,0.880785523817,0.894547797627,
    0.908310071437,0.922072345246,0.935834619056,0.949596892866,
    0.963359166675,0.977121440485,0.990883714295,1.004645988104,
    1.018408261914,1.032170535723,1.045932809533,1.059695083343,
    1.073457357152,1.087219630962,1.100981904772,1.114744178581,
    1.128506452391,1.142268726201,1.15603100001,1.16979327382,
    1.18355554763,1.197317821439,1.211080095249,1.224842369058,
    1.238604642868,1.252366916678,1.266129190487,1.279891464297,
    1.293653738107,1.307416011916,1.321178285726,1.334940559536,
    1.348702833345,1.362465107155,1.376227380965,1.389989654774,
    1.403751928584,1.417514202394,1.431276476203,1.445038750013,
    1.458801023822,1.472563297632,1.486325571442,1.500087845251,
    1.513850119061,1.527612392871,1.54137466668,1.55513694049,
    1.5688992143,1.582661488109,1.596423761919,1.610186035729,
    1.623948309538,1.637710583348,1.651472857158,1.665235130967,
    1.678997404777,1.692759678586,1.706521952396,1.720284226206,
    1.734046500015,1.747808773825,1.761571047635,1.775333321444,
    1.789095595254,1.802857869064,1.816620142873),
  .QUASI_UNIFORM_KNOTS.);
#3629 = CARTESIAN_POINT('',(6.28318530718,103.28753390499));
#3630 = CARTESIAN_POINT('',(6.262727608816,103.28755273321));
#3631 = CARTESIAN_POINT('',(6.221842817264,103.28346806571));
#3632 = CARTESIAN_POINT('',(6.160846062207,103.26538818976));
#3633 = CARTESIAN_POINT('',(6.100442079152,103.23569656106));
#3634 = CARTESIAN_POINT('',(6.040810177388,103.19498971444));
#3635 = CARTESIAN_POINT('',(5.982094081477,103.14396201117));
#3636 = CARTESIAN_POINT('',(5.924402489233,103.08339352295));
#3637 = CARTESIAN_POINT('',(5.867818096526,103.01411009861));
#3638 = CARTESIAN_POINT('',(5.81240130904,102.93695871205));
#3639 = CARTESIAN_POINT('',(5.758193271624,102.8527840675));
#3640 = CARTESIAN_POINT('',(5.705216912662,102.76240822862));
#3641 = CARTESIAN_POINT('',(5.653478979876,102.66661268786));
#3642 = CARTESIAN_POINT('',(5.60296426691,102.56611959028));
#3643 = CARTESIAN_POINT('',(5.553492798393,102.46124984273));
#3644 = CARTESIAN_POINT('',(5.505014445,102.3525034988));
#3645 = CARTESIAN_POINT('',(5.457460176427,102.24029532052));
#3646 = CARTESIAN_POINT('',(5.410771076895,102.12501160622));
#3647 = CARTESIAN_POINT('',(5.364888441157,102.00699595777));
#3648 = CARTESIAN_POINT('',(5.319754290557,101.88655233488));
#3649 = CARTESIAN_POINT('',(5.275310823605,101.76394717438));
#3650 = CARTESIAN_POINT('',(5.231494838958,101.63939580891));
#3651 = CARTESIAN_POINT('',(5.18825403493,101.51311116317));
#3652 = CARTESIAN_POINT('',(5.145553507702,101.38533166348));
#3653 = CARTESIAN_POINT('',(5.103332702399,101.25619541153));
#3654 = CARTESIAN_POINT('',(5.061544101508,101.12585548906));
#3655 = CARTESIAN_POINT('',(5.020141821919,100.99445073941));
#3656 = CARTESIAN_POINT('',(4.979083515184,100.86211407472));
#3657 = CARTESIAN_POINT('',(4.938328892629,100.72897061945));
#3658 = CARTESIAN_POINT('',(4.897839293912,100.59513848818));
#3659 = CARTESIAN_POINT('',(4.857577078366,100.46072879644));
#3660 = CARTESIAN_POINT('',(4.817505124579,100.32584579445));
#3661 = CARTESIAN_POINT('',(4.777586375534,100.19058702915));
#3662 = CARTESIAN_POINT('',(4.737783279866,100.05504306799));
#3663 = CARTESIAN_POINT('',(4.698057690795,99.919298771567));
#3664 = CARTESIAN_POINT('',(4.65836903182,99.783428640353));
#3665 = CARTESIAN_POINT('',(4.61867883058,99.647514135891));
#3666 = CARTESIAN_POINT('',(4.57897400233,99.511724988623));
#3667 = CARTESIAN_POINT('',(4.539205712209,99.376111178742));
#3668 = CARTESIAN_POINT('',(4.499334605704,99.240759806174));
#3669 = CARTESIAN_POINT('',(4.45931995828,99.105759803118));
#3670 = CARTESIAN_POINT('',(4.419121910456,98.971211489426));
#3671 = CARTESIAN_POINT('',(4.378700194132,98.837224187172));
#3672 = CARTESIAN_POINT('',(4.338013765715,98.703917087812));
#3673 = CARTESIAN_POINT('',(4.297020161808,98.571419376969));
#3674 = CARTESIAN_POINT('',(4.255674776077,98.439870441808));
#3675 = CARTESIAN_POINT('',(4.213930299953,98.30942093816));
#3676 = CARTESIAN_POINT('',(4.17173496899,98.180230909475));
#3677 = CARTESIAN_POINT('',(4.129034558213,98.052479581252));
#3678 = CARTESIAN_POINT('',(4.085759392487,97.926332357042));
#3679 = CARTESIAN_POINT('',(4.041865962213,97.802068544328));
#3680 = CARTESIAN_POINT('',(3.997343941325,97.680086658366));
#3681 = CARTESIAN_POINT('',(3.952067592846,97.560508562285));
#3682 = CARTESIAN_POINT('',(3.905952639713,97.443634722814));
#3683 = CARTESIAN_POINT('',(3.858915612326,97.329828075732));
#3684 = CARTESIAN_POINT('',(3.810882930525,97.219541555482));
#3685 = CARTESIAN_POINT('',(3.761786778181,97.113307197955));
#3686 = CARTESIAN_POINT('',(3.711564529782,97.011735501495));
#3687 = CARTESIAN_POINT('',(3.660157525098,96.915512309813));
#3688 = CARTESIAN_POINT('',(3.607509127551,96.825395389806));
#3689 = CARTESIAN_POINT('',(3.553566391628,96.742214661445));
#3690 = CARTESIAN_POINT('',(3.498267948332,96.666857990914));
#3691 = CARTESIAN_POINT('',(3.441583173365,96.60031085793));
#3692 = CARTESIAN_POINT('',(3.383359575711,96.543494655203));
#3693 = CARTESIAN_POINT('',(3.323632627809,96.497636644132));
#3694 = CARTESIAN_POINT('',(3.262963693933,96.464151608167));
#3695 = CARTESIAN_POINT('',(3.201710328011,96.443870028189));
#3696 = CARTESIAN_POINT('',(3.140217096692,96.437273920389));
#3697 = CARTESIAN_POINT('',(3.078782933373,96.444482286035));
#3698 = CARTESIAN_POINT('',(3.017685265956,96.46529630604));
#3699 = CARTESIAN_POINT('',(2.957188065291,96.499219360538));
#3700 = CARTESIAN_POINT('',(2.897547689184,96.54548506708));
#3701 = CARTESIAN_POINT('',(2.839036449573,96.60304946979));
#3702 = CARTESIAN_POINT('',(2.781892499975,96.670693983303));
#3703 = CARTESIAN_POINT('',(2.726543301318,96.746701210184));
#3704 = CARTESIAN_POINT('',(2.672616551565,96.830390409256));
#3705 = CARTESIAN_POINT('',(2.619995137832,96.920964322577));
#3706 = CARTESIAN_POINT('',(2.56864031129,97.017556976585));
#3707 = CARTESIAN_POINT('',(2.518486155319,97.119420744731));
#3708 = CARTESIAN_POINT('',(2.469466338713,97.225882371964));
#3709 = CARTESIAN_POINT('',(2.421506268221,97.336358626555));
#3710 = CARTESIAN_POINT('',(2.374520772344,97.450364480707));
#3711 = CARTESIAN_POINT('',(2.328423528947,97.567491548701));
#3712 = CARTESIAN_POINT('',(2.283155102437,97.687324195437));
#3713 = CARTESIAN_POINT('',(2.238637211509,97.809550190204));
#3714 = CARTESIAN_POINT('',(2.194804285566,97.933875341969));
#3715 = CARTESIAN_POINT('',(2.151592744439,98.060044016039));
#3716 = CARTESIAN_POINT('',(2.108942685047,98.187829528048));
#3717 = CARTESIAN_POINT('',(2.066792530301,98.317046008142));
#3718 = CARTESIAN_POINT('',(2.025096337719,98.447490324755));
#3719 = CARTESIAN_POINT('',(1.983799272779,98.579012991505));
#3720 = CARTESIAN_POINT('',(1.942851686694,98.711472325121));
#3721 = CARTESIAN_POINT('',(1.902207488076,98.844735374382));
#3722 = CARTESIAN_POINT('',(1.861823436595,98.978677108386));
#3723 = CARTESIAN_POINT('',(1.8216583706,99.113180159864));
#3724 = CARTESIAN_POINT('',(1.781672550758,99.248134629487));
#3725 = CARTESIAN_POINT('',(1.741827183931,99.383437549761));
#3726 = CARTESIAN_POINT('',(1.702083514722,99.518994026138));
#3727 = CARTESIAN_POINT('',(1.6624037234,99.654712304288));
#3728 = CARTESIAN_POINT('',(1.62274517024,99.790521668165));
#3729 = CARTESIAN_POINT('',(1.583089250901,99.926271845361));
#3730 = CARTESIAN_POINT('',(1.543393488107,100.06189566759));
#3731 = CARTESIAN_POINT('',(1.503618574839,100.19731475056));
#3732 = CARTESIAN_POINT('',(1.463726204106,100.33244517189));
#3733 = CARTESIAN_POINT('',(1.423679031527,100.46719597372));
#3734 = CARTESIAN_POINT('',(1.383440092194,100.60146955087));
#3735 = CARTESIAN_POINT('',(1.342972369326,100.73516149599));
#3736 = CARTESIAN_POINT('',(1.302238303245,100.86816056537));
#3737 = CARTESIAN_POINT('',(1.261199295136,101.00034853065));
#3738 = CARTESIAN_POINT('',(1.219815100149,101.13160016462));
#3739 = CARTESIAN_POINT('',(1.178043361667,101.26178255697));
#3740 = CARTESIAN_POINT('',(1.135838241941,101.39075666324));
#3741 = CARTESIAN_POINT('',(1.093151895953,101.51837019421));
#3742 = CARTESIAN_POINT('',(1.049924618563,101.64448241105));
#3743 = CARTESIAN_POINT('',(1.006117161903,101.76886689954));
#3744 = CARTESIAN_POINT('',(0.961679451132,101.89130340563));
#3745 = CARTESIAN_POINT('',(0.916550202823,102.01157062429));
#3746 = CARTESIAN_POINT('',(0.870672553965,102.12939932359));
#3747 = CARTESIAN_POINT('',(0.823988612001,102.24448528661));
#3748 = CARTESIAN_POINT('',(0.776438801913,102.35648689231));
#3749 = CARTESIAN_POINT('',(0.727962124328,102.46502193057));
#3750 = CARTESIAN_POINT('',(0.678486564969,102.5696804489));
#3751 = CARTESIAN_POINT('',(0.627960809012,102.66996482091));
#3752 = CARTESIAN_POINT('',(0.576328198455,102.76531731203));
#3753 = CARTESIAN_POINT('',(0.52354491796,102.85512358642));
#3754 = CARTESIAN_POINT('',(0.469578122156,102.93871671706));
#3755 = CARTESIAN_POINT('',(0.414423652902,103.01532305479));
#3756 = CARTESIAN_POINT('',(0.358026647098,103.08427564815));
#3757 = CARTESIAN_POINT('',(0.300449758406,103.14463131318));
#3758 = CARTESIAN_POINT('',(0.241816322987,103.19544815466));
#3759 = CARTESIAN_POINT('',(0.182261626263,103.23594548977));
#3760 = CARTESIAN_POINT('',(0.121958936853,103.26546503417));
#3761 = CARTESIAN_POINT('',(6.111627770346E-02,103.28346623381));
#3762 = CARTESIAN_POINT('',(2.037416081552E-02,103.28754457911));
#3763 = CARTESIAN_POINT('',(1.7763568394E-15,103.28753390499));
#3764 = ( GEOMETRIC_REPRESENTATION_CONTEXT(2) 
PARAMETRIC_REPRESENTATION_CONTEXT() REPRESENTATION_CONTEXT('2D SPACE',''
  ) );
#3765 = FACE_BOUND('',#3766,.T.);
#3766 = EDGE_LOOP('',(#3767));
#3767 = ORIENTED_EDGE('',*,*,#3768,.T.);
#3768 = EDGE_CURVE('',#3769,#3769,#3771,.T.);
#3769 = VERTEX_POINT('',#3770);
#3770 = CARTESIAN_POINT('',(35.34190739927,103.28753390499,
    25.677398746397));
#3771 = SURFACE_CURVE('',#3772,(#3866,#4005),.PCURVE_S1.);
#3772 = B_SPLINE_CURVE_WITH_KNOTS('',8,(#3773,#3774,#3775,#3776,#3777,
    #3778,#3779,#3780,#3781,#3782,#3783,#3784,#3785,#3786,#3787,#3788,
    #3789,#3790,#3791,#3792,#3793,#3794,#3795,#3796,#3797,#3798,#3799,
    #3800,#3801,#3802,#3803,#3804,#3805,#3806,#3807,#3808,#3809,#3810,
    #3811,#3812,#3813,#3814,#3815,#3816,#3817,#3818,#3819,#3820,#3821,
    #3822,#3823,#3824,#3825,#3826,#3827,#3828,#3829,#3830,#3831,#3832,
    #3833,#3834,#3835,#3836,#3837,#3838,#3839,#3840,#3841,#3842,#3843,
    #3844,#3845,#3846,#3847,#3848,#3849,#3850,#3851,#3852,#3853,#3854,
    #3855,#3856,#3857,#3858,#3859,#3860,#3861,#3862,#3863,#3864,#3865),
  .UNSPECIFIED.,.T.,.F.,(9,7,7,7,7,7,7,7,7,7,7,7,7,9),(0.,0.102078007885
    ,0.258053750691,0.40609326945,0.577284137948,0.822270765231,1.,
    1.128395047715,1.288927254527,1.408261041064,1.646052938438,
    1.896083346538,2.029576234836,2.225655240528),.UNSPECIFIED.);
#3773 = CARTESIAN_POINT('',(35.34190739927,103.28753390499,
    25.677398746397));
#3774 = CARTESIAN_POINT('',(35.451128720206,103.28753390499,
    25.52706849493));
#3775 = CARTESIAN_POINT('',(35.56831290204,103.27963558371,
    25.382499697716));
#3776 = CARTESIAN_POINT('',(35.692610651353,103.26383689149,
    25.244865934974));
#3777 = CARTESIAN_POINT('',(35.823047920024,103.24036398357,
    25.115016040136));
#3778 = CARTESIAN_POINT('',(35.958587864255,103.20960592547,
    24.993528920012));
#3779 = CARTESIAN_POINT('',(36.098176424249,103.17206515582,
    24.880758933577));
#3780 = CARTESIAN_POINT('',(36.24077152453,103.12832370661,
    24.776871829364));
#3781 = CARTESIAN_POINT('',(36.606281587318,103.00369676956,
    24.536709834324));
#3782 = CARTESIAN_POINT('',(36.831864431079,102.91538880231,
    24.412289451355));
#3783 = CARTESIAN_POINT('',(37.059570008002,102.81602031875,
    24.307910435777));
#3784 = CARTESIAN_POINT('',(37.287332069996,102.7074029836,
    24.222454548695));
#3785 = CARTESIAN_POINT('',(37.513551650913,102.591137517,
    24.154627033283));
#3786 = CARTESIAN_POINT('',(37.737086800822,102.46855831147,
    24.103093143065));
#3787 = CARTESIAN_POINT('',(37.957237519404,102.34069214183,
    24.066578855347));
#3788 = CARTESIAN_POINT('',(38.379208002302,102.08244311807,
    24.022580684876));
#3789 = CARTESIAN_POINT('',(38.581214289408,101.95262734314,
    24.013732309472));
#3790 = CARTESIAN_POINT('',(38.779413254373,101.81939339145,
    24.01651177265));
#3791 = CARTESIAN_POINT('',(38.973513385013,101.68328921044,
    24.030123644008));
#3792 = CARTESIAN_POINT('',(39.163284122801,101.54478112124,
    24.053871789794));
#3793 = CARTESIAN_POINT('',(39.348558250987,101.40425698304,
    24.087147010853));
#3794 = CARTESIAN_POINT('',(39.529226876396,101.26202428033,
    24.129434652757));
#3795 = CARTESIAN_POINT('',(39.908765369653,100.95211896619,
    24.239164535057));
#3796 = CARTESIAN_POINT('',(40.105974064778,100.78401925707,
    24.309480427843));
#3797 = CARTESIAN_POINT('',(40.296737526227,100.6143978453,
    24.390600184464));
#3798 = CARTESIAN_POINT('',(40.480898997639,100.44361026666,
    24.481983064037));
#3799 = CARTESIAN_POINT('',(40.658284399641,100.27198313331,
    24.583183991569));
#3800 = CARTESIAN_POINT('',(40.828709131834,100.09981604854,
    24.693838979285));
#3801 = CARTESIAN_POINT('',(40.991974406805,99.927382082772,
    24.813667713791));
#3802 = CARTESIAN_POINT('',(41.37092692615,99.508130729931,
    25.126852138362));
#3803 = CARTESIAN_POINT('',(41.578610576802,99.261581659369,
    25.329419143062));
#3804 = CARTESIAN_POINT('',(41.770484307117,99.015799655514,
    25.549745196704));
#3805 = CARTESIAN_POINT('',(41.945595362976,98.771567870435,
    25.787620687749));
#3806 = CARTESIAN_POINT('',(42.102629232821,98.529911526533,
    26.042902827868));
#3807 = CARTESIAN_POINT('',(42.239802662493,98.292141917695,
    26.315599642387));
#3808 = CARTESIAN_POINT('',(42.354957886738,98.059840700488,
    26.605787765638));
#3809 = CARTESIAN_POINT('',(42.510037907373,97.671971130388,
    27.138062484941));
#3810 = CARTESIAN_POINT('',(42.561784236058,97.513227681944,
    27.370958357145));
#3811 = CARTESIAN_POINT('',(42.599027288931,97.359334777665,
    27.613507273046));
#3812 = CARTESIAN_POINT('',(42.620150122275,97.211418146738,
    27.865886967957));
#3813 = CARTESIAN_POINT('',(42.623083969001,97.071182507215,
    28.127831943919));
#3814 = CARTESIAN_POINT('',(42.605441300775,96.940862237234,
    28.398569775027));
#3815 = CARTESIAN_POINT('',(42.564580598737,96.823198012265,
    28.676781150031));
#3816 = CARTESIAN_POINT('',(42.449073751476,96.648003321372,
    29.165636443768));
#3817 = CARTESIAN_POINT('',(42.387095760801,96.582528439119,
    29.373984066812));
#3818 = CARTESIAN_POINT('',(42.310234915247,96.527134522226,
    29.583720995454));
#3819 = CARTESIAN_POINT('',(42.217826510806,96.483483941635,
    29.792734007752));
#3820 = CARTESIAN_POINT('',(42.109892036914,96.452825978454,
    29.998718649351));
#3821 = CARTESIAN_POINT('',(41.987139176445,96.435996823958,
    30.199179233488));
#3822 = CARTESIAN_POINT('',(41.850961805714,96.433419579589,
    30.391428840987));
#3823 = CARTESIAN_POINT('',(41.518993613314,96.459713598018,
    30.799094096287));
#3824 = CARTESIAN_POINT('',(41.317267259162,96.496237757142,
    31.008325387325));
#3825 = CARTESIAN_POINT('',(41.102777246902,96.553609786121,
    31.196026488189));
#3826 = CARTESIAN_POINT('',(40.87995238137,96.629207559398,
    31.360860544683));
#3827 = CARTESIAN_POINT('',(40.652687367342,96.719895101308,
    31.503157771458));
#3828 = CARTESIAN_POINT('',(40.424052324883,96.822724549195,
    31.624051633994));
#3829 = CARTESIAN_POINT('',(40.196158410049,96.935298752415,
    31.725003994714));
#3830 = CARTESIAN_POINT('',(39.802195093073,97.145366655813,
    31.869206706764));
#3831 = CARTESIAN_POINT('',(39.635120390051,97.239399906443,
    31.920662008042));
#3832 = CARTESIAN_POINT('',(39.469342903542,97.337227526677,
    31.962758102816));
#3833 = CARTESIAN_POINT('',(39.305181635619,97.438280126824,
    31.996087551337));
#3834 = CARTESIAN_POINT('',(39.142884385511,97.542076656339,
    32.021182879097));
#3835 = CARTESIAN_POINT('',(38.982626755106,97.648219811384,
    32.038525272892));
#3836 = CARTESIAN_POINT('',(38.824512893189,97.756395853525,
    32.048541592208));
#3837 = CARTESIAN_POINT('',(38.35785240503,98.085537752548,
    32.057663536267));
#3838 = CARTESIAN_POINT('',(38.056217336777,98.311561414905,
    32.036061587495));
#3839 = CARTESIAN_POINT('',(37.763903051732,98.542627513506,
    31.989757960245));
#3840 = CARTESIAN_POINT('',(37.481437788104,98.777307348217,
    31.920640930694));
#3841 = CARTESIAN_POINT('',(37.209316620301,99.01441251929,
    31.830246389761));
#3842 = CARTESIAN_POINT('',(36.948034578629,99.253003692048,
    31.719680555232));
#3843 = CARTESIAN_POINT('',(36.698049584304,99.492355848063,
    31.589719703425));
#3844 = CARTESIAN_POINT('',(36.209437727811,99.983924947772,
    31.283879577156));
#3845 = CARTESIAN_POINT('',(35.972486339229,100.23573862253,
    31.106249712341));
#3846 = CARTESIAN_POINT('',(35.749556742742,100.48681342876,
    30.908208391076));
#3847 = CARTESIAN_POINT('',(35.541732139042,100.73633584059,
    30.689923591488));
#3848 = CARTESIAN_POINT('',(35.350475959718,100.98329772702,
    30.451480050866));
#3849 = CARTESIAN_POINT('',(35.177700595628,101.22647804845,
    30.192839458436));
#3850 = CARTESIAN_POINT('',(35.0257021365,101.46445337955,
    29.913921440399));
#3851 = CARTESIAN_POINT('',(34.829320912963,101.8188575047,
    29.454036145496));
#3852 = CARTESIAN_POINT('',(34.767852473672,101.94014531486,
    29.288129935414));
#3853 = CARTESIAN_POINT('',(34.713738030723,102.05910507107,
    29.116314478741));
#3854 = CARTESIAN_POINT('',(34.667562610927,102.17537585514,
    28.938570977007));
#3855 = CARTESIAN_POINT('',(34.630009240982,102.28850210259,
    28.754951156129));
#3856 = CARTESIAN_POINT('',(34.601851965208,102.397936284,
    28.565584177769));
#3857 = CARTESIAN_POINT('',(34.583960851278,102.50303647661,
    28.370676371754));
#3858 = CARTESIAN_POINT('',(34.567563177702,102.7499751381,
    27.876483326163));
#3859 = CARTESIAN_POINT('',(34.58204398937,102.88643832251,
    27.57009925515));
#3860 = CARTESIAN_POINT('',(34.624213163955,103.0094714117,
    27.253049143253));
#3861 = CARTESIAN_POINT('',(34.697721173561,103.11526435079,
    26.928580416874));
#3862 = CARTESIAN_POINT('',(34.805850952983,103.19949767738,
    26.601598292629));
#3863 = CARTESIAN_POINT('',(34.950378729579,103.2581322821,
    26.278537448281));
#3864 = CARTESIAN_POINT('',(35.131179651997,103.28753390499,
    25.967440607885));
#3865 = CARTESIAN_POINT('',(35.34190739927,103.28753390499,
    25.677398746397));
#3866 = PCURVE('',#239,#3867);
#3867 = DEFINITIONAL_REPRESENTATION('',(#3868),#4004);
#3868 = B_SPLINE_CURVE_WITH_KNOTS('',3,(#3869,#3870,#3871,#3872,#3873,
    #3874,#3875,#3876,#3877,#3878,#3879,#3880,#3881,#3882,#3883,#3884,
    #3885,#3886,#3887,#3888,#3889,#3890,#3891,#3892,#3893,#3894,#3895,
    #3896,#3897,#3898,#3899,#3900,#3901,#3902,#3903,#3904,#3905,#3906,
    #3907,#3908,#3909,#3910,#3911,#3912,#3913,#3914,#3915,#3916,#3917,
    #3918,#3919,#3920,#3921,#3922,#3923,#3924,#3925,#3926,#3927,#3928,
    #3929,#3930,#3931,#3932,#3933,#3934,#3935,#3936,#3937,#3938,#3939,
    #3940,#3941,#3942,#3943,#3944,#3945,#3946,#3947,#3948,#3949,#3950,
    #3951,#3952,#3953,#3954,#3955,#3956,#3957,#3958,#3959,#3960,#3961,
    #3962,#3963,#3964,#3965,#3966,#3967,#3968,#3969,#3970,#3971,#3972,
    #3973,#3974,#3975,#3976,#3977,#3978,#3979,#3980,#3981,#3982,#3983,
    #3984,#3985,#3986,#3987,#3988,#3989,#3990,#3991,#3992,#3993,#3994,
    #3995,#3996,#3997,#3998,#3999,#4000,#4001,#4002,#4003),
  .UNSPECIFIED.,.F.,.F.,(4,1,1,1,1,1,1,1,1,1,1,1,1,1,1,1,1,1,1,1,1,1,1,1
    ,1,1,1,1,1,1,1,1,1,1,1,1,1,1,1,1,1,1,1,1,1,1,1,1,1,1,1,1,1,1,1,1,1,1
    ,1,1,1,1,1,1,1,1,1,1,1,1,1,1,1,1,1,1,1,1,1,1,1,1,1,1,1,1,1,1,1,1,1,1
    ,1,1,1,1,1,1,1,1,1,1,1,1,1,1,1,1,1,1,1,1,1,1,1,1,1,1,1,1,1,1,1,1,1,1
    ,1,1,1,1,1,1,4),(0.,1.686102454946E-02,3.372204909892E-02,
    5.058307364837E-02,6.744409819783E-02,8.430512274729E-02,
    0.101166147297,0.118027171846,0.134888196396,0.151749220945,
    0.168610245495,0.185471270044,0.202332294593,0.219193319143,
    0.236054343692,0.252915368242,0.269776392791,0.286637417341,
    0.30349844189,0.32035946644,0.337220490989,0.354081515539,
    0.370942540088,0.387803564638,0.404664589187,0.421525613736,
    0.438386638286,0.455247662835,0.472108687385,0.488969711934,
    0.505830736484,0.522691761033,0.539552785583,0.556413810132,
    0.573274834682,0.590135859231,0.60699688378,0.62385790833,
    0.640718932879,0.657579957429,0.674440981978,0.691302006528,
    0.708163031077,0.725024055627,0.741885080176,0.758746104726,
    0.775607129275,0.792468153825,0.809329178374,0.826190202923,
    0.843051227473,0.859912252022,0.876773276572,0.893634301121,
    0.910495325671,0.92735635022,0.94421737477,0.961078399319,
    0.977939423869,0.994800448418,1.011661472967,1.028522497517,
    1.045383522066,1.062244546616,1.079105571165,1.095966595715,
    1.112827620264,1.129688644814,1.146549669363,1.163410693913,
    1.180271718462,1.197132743012,1.213993767561,1.23085479211,
    1.24771581666,1.264576841209,1.281437865759,1.298298890308,
    1.315159914858,1.332020939407,1.348881963957,1.365742988506,
    1.382604013056,1.399465037605,1.416326062154,1.433187086704,
    1.450048111253,1.466909135803,1.483770160352,1.500631184902,
    1.517492209451,1.534353234001,1.55121425855,1.5680752831,
    1.584936307649,1.601797332199,1.618658356748,1.635519381297,
    1.652380405847,1.669241430396,1.686102454946,1.702963479495,
    1.719824504045,1.736685528594,1.753546553144,1.770407577693,
    1.787268602243,1.804129626792,1.820990651341,1.837851675891,
    1.85471270044,1.87157372499,1.888434749539,1.905295774089,
    1.922156798638,1.939017823188,1.955878847737,1.972739872287,
    1.989600896836,2.006461921386,2.023322945935,2.040183970484,
    2.057044995034,2.073906019583,2.090767044133,2.107628068682,
    2.124489093232,2.141350117781,2.158211142331,2.17507216688,
    2.19193319143,2.208794215979,2.225655240528),.QUASI_UNIFORM_KNOTS.);
#3869 = CARTESIAN_POINT('',(5.654866776462,0.936340729575));
#3870 = CARTESIAN_POINT('',(5.656740851788,0.936341184415));
#3871 = CARTESIAN_POINT('',(5.660487429081,0.936248254724));
#3872 = CARTESIAN_POINT('',(5.666055214093,0.935836552403));
#3873 = CARTESIAN_POINT('',(5.671521283698,0.935159859609));
#3874 = CARTESIAN_POINT('',(5.676843961147,0.934232119201));
#3875 = CARTESIAN_POINT('',(5.681986836168,0.933070423457));
#3876 = CARTESIAN_POINT('',(5.686919496591,0.931694826602));
#3877 = CARTESIAN_POINT('',(5.691616847011,0.930127817938));
#3878 = CARTESIAN_POINT('',(5.696070181169,0.928388990173));
#3879 = CARTESIAN_POINT('',(5.700274691267,0.926496859668));
#3880 = CARTESIAN_POINT('',(5.704228608391,0.924468977403));
#3881 = CARTESIAN_POINT('',(5.707932844834,0.922321658346));
#3882 = CARTESIAN_POINT('',(5.711390546157,0.920069852131));
#3883 = CARTESIAN_POINT('',(5.714606711383,0.917727005261));
#3884 = CARTESIAN_POINT('',(5.71758781525,0.915304952192));
#3885 = CARTESIAN_POINT('',(5.720341506372,0.912813797647));
#3886 = CARTESIAN_POINT('',(5.722876113637,0.910261866329));
#3887 = CARTESIAN_POINT('',(5.725198203924,0.90765830836));
#3888 = CARTESIAN_POINT('',(5.727316012056,0.905009637505));
#3889 = CARTESIAN_POINT('',(5.729236893168,0.902322148176));
#3890 = CARTESIAN_POINT('',(5.730967953349,0.899601427944));
#3891 = CARTESIAN_POINT('',(5.732515923607,0.896852518876));
#3892 = CARTESIAN_POINT('',(5.733887214121,0.894079884707));
#3893 = CARTESIAN_POINT('',(5.735087881767,0.891287473128));
#3894 = CARTESIAN_POINT('',(5.736123670806,0.888478566806));
#3895 = CARTESIAN_POINT('',(5.73699978274,0.885656366681));
#3896 = CARTESIAN_POINT('',(5.737720933999,0.882824247382));
#3897 = CARTESIAN_POINT('',(5.738291683802,0.879984622133));
#3898 = CARTESIAN_POINT('',(5.738716115481,0.877139982142));
#3899 = CARTESIAN_POINT('',(5.738997961304,0.874292630299));
#3900 = CARTESIAN_POINT('',(5.739140600017,0.871444758085));
#3901 = CARTESIAN_POINT('',(5.739147079049,0.868598433002));
#3902 = CARTESIAN_POINT('',(5.739020118993,0.865755596929));
#3903 = CARTESIAN_POINT('',(5.738762118647,0.862918106744));
#3904 = CARTESIAN_POINT('',(5.738375130624,0.860087591584));
#3905 = CARTESIAN_POINT('',(5.737860909922,0.857265997956));
#3906 = CARTESIAN_POINT('',(5.737221196314,0.854456173063));
#3907 = CARTESIAN_POINT('',(5.736457041096,0.851659021297));
#3908 = CARTESIAN_POINT('',(5.735569225896,0.84887612756));
#3909 = CARTESIAN_POINT('',(5.734558196955,0.846109125509));
#3910 = CARTESIAN_POINT('',(5.733424104427,0.843359865548));
#3911 = CARTESIAN_POINT('',(5.732166802382,0.840630370199));
#3912 = CARTESIAN_POINT('',(5.730785849172,0.837922848143));
#3913 = CARTESIAN_POINT('',(5.729280496565,0.835239693576));
#3914 = CARTESIAN_POINT('',(5.727649672152,0.832583493459));
#3915 = CARTESIAN_POINT('',(5.725891941694,0.8299570272));
#3916 = CARTESIAN_POINT('',(5.72400548857,0.827363300527));
#3917 = CARTESIAN_POINT('',(5.72198795872,0.824805465361));
#3918 = CARTESIAN_POINT('',(5.719836719544,0.822287180923));
#3919 = CARTESIAN_POINT('',(5.71754746504,0.819811348336));
#3920 = CARTESIAN_POINT('',(5.715119440211,0.817385543224));
#3921 = CARTESIAN_POINT('',(5.712548100044,0.81501404902));
#3922 = CARTESIAN_POINT('',(5.709828229982,0.812702001847));
#3923 = CARTESIAN_POINT('',(5.706955037257,0.810456245916));
#3924 = CARTESIAN_POINT('',(5.703923957506,0.808285038804));
#3925 = CARTESIAN_POINT('',(5.700730793876,0.806198075234));
#3926 = CARTESIAN_POINT('',(5.697371727833,0.804206418915));
#3927 = CARTESIAN_POINT('',(5.69384340944,0.802322532557));
#3928 = CARTESIAN_POINT('',(5.690142738476,0.800560072492));
#3929 = CARTESIAN_POINT('',(5.686267664299,0.798934608127));
#3930 = CARTESIAN_POINT('',(5.682214061911,0.797460974303));
#3931 = CARTESIAN_POINT('',(5.677985271082,0.796158399966));
#3932 = CARTESIAN_POINT('',(5.67359970139,0.795054194766));
#3933 = CARTESIAN_POINT('',(5.669077995495,0.794168942138));
#3934 = CARTESIAN_POINT('',(5.664446139005,0.793519962271));
#3935 = CARTESIAN_POINT('',(5.659734690762,0.793120590273));
#3936 = CARTESIAN_POINT('',(5.654979417953,0.792980040231));
#3937 = CARTESIAN_POINT('',(5.650220369486,0.793105113421));
#3938 = CARTESIAN_POINT('',(5.645506003741,0.793493847196));
#3939 = CARTESIAN_POINT('',(5.640874997698,0.794132739989));
#3940 = CARTESIAN_POINT('',(5.636356047661,0.79500715687));
#3941 = CARTESIAN_POINT('',(5.631971830782,0.796098811862));
#3942 = CARTESIAN_POINT('',(5.627739238021,0.797388033197));
#3943 = CARTESIAN_POINT('',(5.623670389414,0.798854534328));
#3944 = CARTESIAN_POINT('',(5.619773231131,0.800478383291));
#3945 = CARTESIAN_POINT('',(5.616052087592,0.802240667871));
#3946 = CARTESIAN_POINT('',(5.61250795128,0.804124162491));
#3947 = CARTESIAN_POINT('',(5.609139072372,0.806113263091));
#3948 = CARTESIAN_POINT('',(5.605937227826,0.808197757609));
#3949 = CARTESIAN_POINT('',(5.602897822425,0.810367025816));
#3950 = CARTESIAN_POINT('',(5.600016092629,0.81261175074));
#3951 = CARTESIAN_POINT('',(5.597287574932,0.814923659143));
#3952 = CARTESIAN_POINT('',(5.594707868699,0.817295590183));
#3953 = CARTESIAN_POINT('',(5.592272729435,0.819721370073));
#3954 = CARTESIAN_POINT('',(5.589977756286,0.82219622865));
#3955 = CARTESIAN_POINT('',(5.587820656035,0.824714123527));
#3956 = CARTESIAN_POINT('',(5.585797659553,0.827271533802));
#3957 = CARTESIAN_POINT('',(5.583905923824,0.829864974735));
#3958 = CARTESIAN_POINT('',(5.582143099716,0.83249125411));
#3959 = CARTESIAN_POINT('',(5.5805073299,0.835147381329));
#3960 = CARTESIAN_POINT('',(5.578997161137,0.837830574957));
#3961 = CARTESIAN_POINT('',(5.577611503521,0.840538248134));
#3962 = CARTESIAN_POINT('',(5.576349596431,0.843268003623));
#3963 = CARTESIAN_POINT('',(5.575210988476,0.846017627748));
#3964 = CARTESIAN_POINT('',(5.574195526058,0.848785091107));
#3965 = CARTESIAN_POINT('',(5.57330335279,0.851568532761));
#3966 = CARTESIAN_POINT('',(5.572534908953,0.854366311635));
#3967 = CARTESIAN_POINT('',(5.571890969496,0.857176813014));
#3968 = CARTESIAN_POINT('',(5.571372579744,0.859999175315));
#3969 = CARTESIAN_POINT('',(5.570981576279,0.86282962006));
#3970 = CARTESIAN_POINT('',(5.57071952918,0.865666805669));
#3971 = CARTESIAN_POINT('',(5.570588446016,0.868509238652));
#3972 = CARTESIAN_POINT('',(5.570590694769,0.871355250926));
#3973 = CARTESIAN_POINT('',(5.570728998416,0.874203002769));
#3974 = CARTESIAN_POINT('',(5.571006418968,0.877050477977));
#3975 = CARTESIAN_POINT('',(5.571426352092,0.879895480259));
#3976 = CARTESIAN_POINT('',(5.571992526423,0.882735628417));
#3977 = CARTESIAN_POINT('',(5.572709009743,0.885568350996));
#3978 = CARTESIAN_POINT('',(5.573580222204,0.888390879567));
#3979 = CARTESIAN_POINT('',(5.574610960145,0.891200242423));
#3980 = CARTESIAN_POINT('',(5.575806425951,0.893993251006));
#3981 = CARTESIAN_POINT('',(5.577172292126,0.896766506199));
#3982 = CARTESIAN_POINT('',(5.578714708465,0.899516321243));
#3983 = CARTESIAN_POINT('',(5.580440609444,0.902238944103));
#3984 = CARTESIAN_POINT('',(5.582355897607,0.904927985264));
#3985 = CARTESIAN_POINT('',(5.584468083715,0.907578558447));
#3986 = CARTESIAN_POINT('',(5.586784658894,0.910184425263));
#3987 = CARTESIAN_POINT('',(5.589313231568,0.912738462356));
#3988 = CARTESIAN_POINT('',(5.592061382298,0.915232522877));
#3989 = CARTESIAN_POINT('',(5.595036662415,0.917657503391));
#3990 = CARTESIAN_POINT('',(5.59824640068,0.9200031497));
#3991 = CARTESIAN_POINT('',(5.601698234575,0.922258656028));
#3992 = CARTESIAN_POINT('',(5.60540581746,0.924415084754));
#3993 = CARTESIAN_POINT('',(5.609369683055,0.926454268317));
#3994 = CARTESIAN_POINT('',(5.613588946982,0.928358096213));
#3995 = CARTESIAN_POINT('',(5.618058343352,0.930107030404));
#3996 = CARTESIAN_POINT('',(5.622768375753,0.931681019473));
#3997 = CARTESIAN_POINT('',(5.627704632975,0.93305983539));
#3998 = CARTESIAN_POINT('',(5.632847294863,0.934223667764));
#3999 = CARTESIAN_POINT('',(5.638170658818,0.935153713259));
#4000 = CARTESIAN_POINT('',(5.643642290394,0.935833145636));
#4001 = CARTESIAN_POINT('',(5.649223474617,0.93624742787));
#4002 = CARTESIAN_POINT('',(5.652984191671,0.936341173324));
#4003 = CARTESIAN_POINT('',(5.654866776462,0.936340729575));
#4004 = ( GEOMETRIC_REPRESENTATION_CONTEXT(2) 
PARAMETRIC_REPRESENTATION_CONTEXT() REPRESENTATION_CONTEXT('2D SPACE',''
  ) );
#4005 = PCURVE('',#4006,#4011);
#4006 = CYLINDRICAL_SURFACE('',#4007,4.015);
#4007 = AXIS2_PLACEMENT_3D('',#4008,#4009,#4010);
#4008 = CARTESIAN_POINT('',(38.590110631685,0.,28.037356534351));
#4009 = DIRECTION('',(0.,1.,0.));
#4010 = DIRECTION('',(-0.809016994375,0.,-0.587785252292));
#4011 = DEFINITIONAL_REPRESENTATION('',(#4012),#4148);
#4012 = B_SPLINE_CURVE_WITH_KNOTS('',3,(#4013,#4014,#4015,#4016,#4017,
    #4018,#4019,#4020,#4021,#4022,#4023,#4024,#4025,#4026,#4027,#4028,
    #4029,#4030,#4031,#4032,#4033,#4034,#4035,#4036,#4037,#4038,#4039,
    #4040,#4041,#4042,#4043,#4044,#4045,#4046,#4047,#4048,#4049,#4050,
    #4051,#4052,#4053,#4054,#4055,#4056,#4057,#4058,#4059,#4060,#4061,
    #4062,#4063,#4064,#4065,#4066,#4067,#4068,#4069,#4070,#4071,#4072,
    #4073,#4074,#4075,#4076,#4077,#4078,#4079,#4080,#4081,#4082,#4083,
    #4084,#4085,#4086,#4087,#4088,#4089,#4090,#4091,#4092,#4093,#4094,
    #4095,#4096,#4097,#4098,#4099,#4100,#4101,#4102,#4103,#4104,#4105,
    #4106,#4107,#4108,#4109,#4110,#4111,#4112,#4113,#4114,#4115,#4116,
    #4117,#4118,#4119,#4120,#4121,#4122,#4123,#4124,#4125,#4126,#4127,
    #4128,#4129,#4130,#4131,#4132,#4133,#4134,#4135,#4136,#4137,#4138,
    #4139,#4140,#4141,#4142,#4143,#4144,#4145,#4146,#4147),
  .UNSPECIFIED.,.F.,.F.,(4,1,1,1,1,1,1,1,1,1,1,1,1,1,1,1,1,1,1,1,1,1,1,1
    ,1,1,1,1,1,1,1,1,1,1,1,1,1,1,1,1,1,1,1,1,1,1,1,1,1,1,1,1,1,1,1,1,1,1
    ,1,1,1,1,1,1,1,1,1,1,1,1,1,1,1,1,1,1,1,1,1,1,1,1,1,1,1,1,1,1,1,1,1,1
    ,1,1,1,1,1,1,1,1,1,1,1,1,1,1,1,1,1,1,1,1,1,1,1,1,1,1,1,1,1,1,1,1,1,1
    ,1,1,1,1,1,1,4),(0.,1.686102454946E-02,3.372204909892E-02,
    5.058307364837E-02,6.744409819783E-02,8.430512274729E-02,
    0.101166147297,0.118027171846,0.134888196396,0.151749220945,
    0.168610245495,0.185471270044,0.202332294593,0.219193319143,
    0.236054343692,0.252915368242,0.269776392791,0.286637417341,
    0.30349844189,0.32035946644,0.337220490989,0.354081515539,
    0.370942540088,0.387803564638,0.404664589187,0.421525613736,
    0.438386638286,0.455247662835,0.472108687385,0.488969711934,
    0.505830736484,0.522691761033,0.539552785583,0.556413810132,
    0.573274834682,0.590135859231,0.60699688378,0.62385790833,
    0.640718932879,0.657579957429,0.674440981978,0.691302006528,
    0.708163031077,0.725024055627,0.741885080176,0.758746104726,
    0.775607129275,0.792468153825,0.809329178374,0.826190202923,
    0.843051227473,0.859912252022,0.876773276572,0.893634301121,
    0.910495325671,0.92735635022,0.94421737477,0.961078399319,
    0.977939423869,0.994800448418,1.011661472967,1.028522497517,
    1.045383522066,1.062244546616,1.079105571165,1.095966595715,
    1.112827620264,1.129688644814,1.146549669363,1.163410693913,
    1.180271718462,1.197132743012,1.213993767561,1.23085479211,
    1.24771581666,1.264576841209,1.281437865759,1.298298890308,
    1.315159914858,1.332020939407,1.348881963957,1.365742988506,
    1.382604013056,1.399465037605,1.416326062154,1.433187086704,
    1.450048111253,1.466909135803,1.483770160352,1.500631184902,
    1.517492209451,1.534353234001,1.55121425855,1.5680752831,
    1.584936307649,1.601797332199,1.618658356748,1.635519381297,
    1.652380405847,1.669241430396,1.686102454946,1.702963479495,
    1.719824504045,1.736685528594,1.753546553144,1.770407577693,
    1.787268602243,1.804129626792,1.820990651341,1.837851675891,
    1.85471270044,1.87157372499,1.888434749539,1.905295774089,
    1.922156798638,1.939017823188,1.955878847737,1.972739872287,
    1.989600896836,2.006461921386,2.023322945935,2.040183970484,
    2.057044995034,2.073906019583,2.090767044133,2.107628068682,
    2.124489093232,2.141350117781,2.158211142331,2.17507216688,
    2.19193319143,2.208794215979,2.225655240528),.QUASI_UNIFORM_KNOTS.);
#4013 = CARTESIAN_POINT('',(6.28318530718,103.28753390499));
#4014 = CARTESIAN_POINT('',(6.262796007913,103.28755274051));
#4015 = CARTESIAN_POINT('',(6.222029287531,103.28349500563));
#4016 = CARTESIAN_POINT('',(6.161155798447,103.26550414428));
#4017 = CARTESIAN_POINT('',(6.100814824529,103.23591268029));
#4018 = CARTESIAN_POINT('',(6.041209906195,103.19529832806));
#4019 = CARTESIAN_POINT('',(5.982521648731,103.14436967605));
#4020 = CARTESIAN_POINT('',(5.92490743777,103.08395963006));
#4021 = CARTESIAN_POINT('',(5.868513545075,103.01500660326));
#4022 = CARTESIAN_POINT('',(5.813337023636,102.93832255609));
#4023 = CARTESIAN_POINT('',(5.759360847856,102.85467432054));
#4024 = CARTESIAN_POINT('',(5.706560679581,102.7647898129));
#4025 = CARTESIAN_POINT('',(5.654904012448,102.66934694268));
#4026 = CARTESIAN_POINT('',(5.60435068279,102.5689683148));
#4027 = CARTESIAN_POINT('',(5.554852448743,102.46421517523));
#4028 = CARTESIAN_POINT('',(5.506352555056,102.35558227647));
#4029 = CARTESIAN_POINT('',(5.458784459033,102.24349208435));
#4030 = CARTESIAN_POINT('',(5.412072448394,102.128291541));
#4031 = CARTESIAN_POINT('',(5.366176039572,102.01036944633));
#4032 = CARTESIAN_POINT('',(5.321024757828,101.88999976173));
#4033 = CARTESIAN_POINT('',(5.276561594956,101.76745004311));
#4034 = CARTESIAN_POINT('',(5.232731538347,101.64295919674));
#4035 = CARTESIAN_POINT('',(5.18948296076,101.51674439939));
#4036 = CARTESIAN_POINT('',(5.146765668867,101.38899924567));
#4037 = CARTESIAN_POINT('',(5.104530778526,101.25989622998));
#4038 = CARTESIAN_POINT('',(5.062727545855,101.12957943265));
#4039 = CARTESIAN_POINT('',(5.021311160862,100.99819118759));
#4040 = CARTESIAN_POINT('',(4.980245178774,100.86588405765));
#4041 = CARTESIAN_POINT('',(4.939484233421,100.73276765327));
#4042 = CARTESIAN_POINT('',(4.898988594965,100.59895679523));
#4043 = CARTESIAN_POINT('',(4.858719508135,100.4645590356));
#4044 = CARTESIAN_POINT('',(4.8186396919,100.32967812543));
#4045 = CARTESIAN_POINT('',(4.778712576517,100.19441333385));
#4046 = CARTESIAN_POINT('',(4.738901758229,100.0588592556));
#4047 = CARTESIAN_POINT('',(4.699171064104,99.923107654746));
#4048 = CARTESIAN_POINT('',(4.659482062372,99.787240516361));
#4049 = CARTESIAN_POINT('',(4.619801168806,99.651356071256));
#4050 = CARTESIAN_POINT('',(4.580107588141,99.515597450435));
#4051 = CARTESIAN_POINT('',(4.540352737725,99.380015204456));
#4052 = CARTESIAN_POINT('',(4.500496493983,99.244693446361));
#4053 = CARTESIAN_POINT('',(4.460497818917,99.109719636175));
#4054 = CARTESIAN_POINT('',(4.420316593902,98.975192768084));
#4055 = CARTESIAN_POINT('',(4.379912451011,98.841221341533));
#4056 = CARTESIAN_POINT('',(4.339244387963,98.707924147176));
#4057 = CARTESIAN_POINT('',(4.298270114633,98.575430344264));
#4058 = CARTESIAN_POINT('',(4.2569454335,98.443879921152));
#4059 = CARTESIAN_POINT('',(4.215223356019,98.313423772075));
#4060 = CARTESIAN_POINT('',(4.173053664517,98.18422548979));
#4061 = CARTESIAN_POINT('',(4.130380142611,98.05645741387));
#4062 = CARTESIAN_POINT('',(4.087145563655,97.930318894746));
#4063 = CARTESIAN_POINT('',(4.043266462242,97.805972659539));
#4064 = CARTESIAN_POINT('',(3.998729892789,97.683818425403));
#4065 = CARTESIAN_POINT('',(3.953451458826,97.564093142087));
#4066 = CARTESIAN_POINT('',(3.907341356767,97.447078416527));
#4067 = CARTESIAN_POINT('',(3.860320288402,97.333144562794));
#4068 = CARTESIAN_POINT('',(3.812313303335,97.222736378669));
#4069 = CARTESIAN_POINT('',(3.763249631763,97.116374889518));
#4070 = CARTESIAN_POINT('',(3.713060544602,97.014654275578));
#4071 = CARTESIAN_POINT('',(3.661678716269,96.918243618729));
#4072 = CARTESIAN_POINT('',(3.60903270156,96.827876449572));
#4073 = CARTESIAN_POINT('',(3.555058030409,96.744387276697));
#4074 = CARTESIAN_POINT('',(3.499644613466,96.668576130976));
#4075 = CARTESIAN_POINT('',(3.4427761173,96.601470739832));
#4076 = CARTESIAN_POINT('',(3.384629143933,96.544512894936));
#4077 = CARTESIAN_POINT('',(3.325359643511,96.498800742934));
#4078 = CARTESIAN_POINT('',(3.265168538838,96.465261599662));
#4079 = CARTESIAN_POINT('',(3.204297098003,96.444611386727));
#4080 = CARTESIAN_POINT('',(3.143042313971,96.437344070973));
#4081 = CARTESIAN_POINT('',(3.081746299071,96.443814470024));
#4082 = CARTESIAN_POINT('',(3.020850669372,96.463913252204));
#4083 = CARTESIAN_POINT('',(2.960687461419,96.496929980832));
#4084 = CARTESIAN_POINT('',(2.901476631767,96.542082888542));
#4085 = CARTESIAN_POINT('',(2.843381943578,96.5983964833));
#4086 = CARTESIAN_POINT('',(2.786515050237,96.664820237692));
#4087 = CARTESIAN_POINT('',(2.730948152528,96.740270901604));
#4088 = CARTESIAN_POINT('',(2.676719446592,96.823684127031));
#4089 = CARTESIAN_POINT('',(2.623837179044,96.914050109999));
#4090 = CARTESIAN_POINT('',(2.572279132023,97.010448740847));
#4091 = CARTESIAN_POINT('',(2.521999494832,97.112047592988));
#4092 = CARTESIAN_POINT('',(2.472861511595,97.218292820332));
#4093 = CARTESIAN_POINT('',(2.424784291323,97.328612644879));
#4094 = CARTESIAN_POINT('',(2.37768762664,97.442505003904));
#4095 = CARTESIAN_POINT('',(2.331497046015,97.559523927229));
#4096 = CARTESIAN_POINT('',(2.286139084473,97.679282747302));
#4097 = CARTESIAN_POINT('',(2.241541743703,97.801447411985));
#4098 = CARTESIAN_POINT('',(2.197626165579,97.925756799058));
#4099 = CARTESIAN_POINT('',(2.154350900128,98.051888233206));
#4100 = CARTESIAN_POINT('',(2.111642887817,98.179647769237));
#4101 = CARTESIAN_POINT('',(2.069441178916,98.308844773153));
#4102 = CARTESIAN_POINT('',(2.027689815845,98.439304819623));
#4103 = CARTESIAN_POINT('',(1.986337931862,98.570865014758));
#4104 = CARTESIAN_POINT('',(1.945338262928,98.703374300076));
#4105 = CARTESIAN_POINT('',(1.904646344598,98.836692630863));
#4106 = CARTESIAN_POINT('',(1.864219709641,98.970690636364));
#4107 = CARTESIAN_POINT('',(1.824017236741,99.105249221241));
#4108 = CARTESIAN_POINT('',(1.783998490953,99.240259491936));
#4109 = CARTESIAN_POINT('',(1.744123358127,99.375621889001));
#4110 = CARTESIAN_POINT('',(1.704350779495,99.511248538983));
#4111 = CARTESIAN_POINT('',(1.664640937499,99.647053858166));
#4112 = CARTESIAN_POINT('',(1.624944564117,99.782989279509));
#4113 = CARTESIAN_POINT('',(1.585253823936,99.918867004094));
#4114 = CARTESIAN_POINT('',(1.545526567932,100.05461812719));
#4115 = CARTESIAN_POINT('',(1.505722494605,100.19016719722));
#4116 = CARTESIAN_POINT('',(1.465802839618,100.32543145584));
#4117 = CARTESIAN_POINT('',(1.425729826469,100.46032107979));
#4118 = CARTESIAN_POINT('',(1.385466212827,100.59473911218));
#4119 = CARTESIAN_POINT('',(1.344974820102,100.72858143989));
#4120 = CARTESIAN_POINT('',(1.30421805692,100.86173672026));
#4121 = CARTESIAN_POINT('',(1.263157411289,100.9940862849));
#4122 = CARTESIAN_POINT('',(1.221752904417,101.12550398239));
#4123 = CARTESIAN_POINT('',(1.179962448194,101.25585604015));
#4124 = CARTESIAN_POINT('',(1.137741207987,101.38500059736));
#4125 = CARTESIAN_POINT('',(1.09504044808,101.51278813469));
#4126 = CARTESIAN_POINT('',(1.051807627688,101.63905813858));
#4127 = CARTESIAN_POINT('',(1.00798092253,101.76364929584));
#4128 = CARTESIAN_POINT('',(0.963530442382,101.88628259794));
#4129 = CARTESIAN_POINT('',(0.918390330579,102.00675118216));
#4130 = CARTESIAN_POINT('',(0.87250230025,102.12478975297));
#4131 = CARTESIAN_POINT('',(0.825807428046,102.24009673503));
#4132 = CARTESIAN_POINT('',(0.778247036068,102.3523284667));
#4133 = CARTESIAN_POINT('',(0.729760025024,102.46110272612));
#4134 = CARTESIAN_POINT('',(0.680284183723,102.5659903772));
#4135 = CARTESIAN_POINT('',(0.62974359054,102.66654269376));
#4136 = CARTESIAN_POINT('',(0.577974680077,102.76239806836));
#4137 = CARTESIAN_POINT('',(0.524988869508,102.85278932109));
#4138 = CARTESIAN_POINT('',(0.470783646251,102.93695879061));
#4139 = CARTESIAN_POINT('',(0.415380927163,103.01409112905));
#4140 = CARTESIAN_POINT('',(0.358817438201,103.08335280311));
#4141 = CARTESIAN_POINT('',(0.301149064021,103.14390512542));
#4142 = CARTESIAN_POINT('',(0.242453159983,103.19492811715));
#4143 = CARTESIAN_POINT('',(0.182832605091,103.23564379268));
#4144 = CARTESIAN_POINT('',(0.122424851283,103.265355244));
#4145 = CARTESIAN_POINT('',(6.140261232743E-02,103.28345888843));
#4146 = CARTESIAN_POINT('',(2.048169333361E-02,103.28755225337));
#4147 = CARTESIAN_POINT('',(1.7763568394E-15,103.28753390499));
#4148 = ( GEOMETRIC_REPRESENTATION_CONTEXT(2) 
PARAMETRIC_REPRESENTATION_CONTEXT() REPRESENTATION_CONTEXT('2D SPACE',''
  ) );
#4149 = ADVANCED_FACE('',(#4150,#4153,#4183,#4213,#4243,#4273,#4303,
    #4333,#4363,#4393,#4423),#296,.T.);
#4150 = FACE_BOUND('',#4151,.T.);
#4151 = EDGE_LOOP('',(#4152));
#4152 = ORIENTED_EDGE('',*,*,#281,.T.);
#4153 = FACE_BOUND('',#4154,.T.);
#4154 = EDGE_LOOP('',(#4155));
#4155 = ORIENTED_EDGE('',*,*,#4156,.T.);
#4156 = EDGE_CURVE('',#4157,#4157,#4159,.T.);
#4157 = VERTEX_POINT('',#4158);
#4158 = CARTESIAN_POINT('',(-35.34190739927,21.52,25.677398746397));
#4159 = SURFACE_CURVE('',#4160,(#4165,#4176),.PCURVE_S1.);
#4160 = CIRCLE('',#4161,4.015);
#4161 = AXIS2_PLACEMENT_3D('',#4162,#4163,#4164);
#4162 = CARTESIAN_POINT('',(-38.59011063168,21.52,28.037356534351));
#4163 = DIRECTION('',(0.,1.,0.));
#4164 = DIRECTION('',(0.809016994375,0.,-0.587785252292));
#4165 = PCURVE('',#296,#4166);
#4166 = DEFINITIONAL_REPRESENTATION('',(#4167),#4175);
#4167 = ( BOUNDED_CURVE() B_SPLINE_CURVE(2,(#4168,#4169,#4170,#4171,
#4172,#4173,#4174),.UNSPECIFIED.,.T.,.F.) B_SPLINE_CURVE_WITH_KNOTS((1,2
    ,2,2,2,1),(-2.094395102393,0.,2.094395102393,4.188790204786,
6.28318530718,8.377580409573),.UNSPECIFIED.) CURVE() 
GEOMETRIC_REPRESENTATION_ITEM() RATIONAL_B_SPLINE_CURVE((1.,0.5,1.,0.5,
1.,0.5,1.)) REPRESENTATION_ITEM('') );
#4168 = CARTESIAN_POINT('',(-25.67739874639,-35.34190739927));
#4169 = CARTESIAN_POINT('',(-20.05134571454,-39.42947419172));
#4170 = CARTESIAN_POINT('',(-26.4043089124,-42.25799564412));
#4171 = CARTESIAN_POINT('',(-32.75727211026,-45.08651709651));
#4172 = CARTESIAN_POINT('',(-32.03036194425,-38.17042885166));
#4173 = CARTESIAN_POINT('',(-31.30345177825,-31.25434060681));
#4174 = CARTESIAN_POINT('',(-25.67739874639,-35.34190739927));
#4175 = ( GEOMETRIC_REPRESENTATION_CONTEXT(2) 
PARAMETRIC_REPRESENTATION_CONTEXT() REPRESENTATION_CONTEXT('2D SPACE',''
  ) );
#4176 = PCURVE('',#2847,#4177);
#4177 = DEFINITIONAL_REPRESENTATION('',(#4178),#4182);
#4178 = LINE('',#4179,#4180);
#4179 = CARTESIAN_POINT('',(0.,21.52));
#4180 = VECTOR('',#4181,1.);
#4181 = DIRECTION('',(1.,0.));
#4182 = ( GEOMETRIC_REPRESENTATION_CONTEXT(2) 
PARAMETRIC_REPRESENTATION_CONTEXT() REPRESENTATION_CONTEXT('2D SPACE',''
  ) );
#4183 = FACE_BOUND('',#4184,.T.);
#4184 = EDGE_LOOP('',(#4185));
#4185 = ORIENTED_EDGE('',*,*,#4186,.T.);
#4186 = EDGE_CURVE('',#4187,#4187,#4189,.T.);
#4187 = VERTEX_POINT('',#4188);
#4188 = CARTESIAN_POINT('',(-13.49940739927,21.52,41.546903914354));
#4189 = SURFACE_CURVE('',#4190,(#4195,#4206),.PCURVE_S1.);
#4190 = CIRCLE('',#4191,4.015);
#4191 = AXIS2_PLACEMENT_3D('',#4192,#4193,#4194);
#4192 = CARTESIAN_POINT('',(-14.74011063168,21.52,45.365395827279));
#4193 = DIRECTION('',(0.,1.,0.));
#4194 = DIRECTION('',(0.309016994375,0.,-0.951056516295));
#4195 = PCURVE('',#296,#4196);
#4196 = DEFINITIONAL_REPRESENTATION('',(#4197),#4205);
#4197 = ( BOUNDED_CURVE() B_SPLINE_CURVE(2,(#4198,#4199,#4200,#4201,
#4202,#4203,#4204),.UNSPECIFIED.,.T.,.F.) B_SPLINE_CURVE_WITH_KNOTS((1,2
    ,2,2,2,1),(-2.094395102393,0.,2.094395102393,4.188790204786,
6.28318530718,8.377580409573),.UNSPECIFIED.) CURVE() 
GEOMETRIC_REPRESENTATION_ITEM() RATIONAL_B_SPLINE_CURVE((1.,0.5,1.,0.5,
1.,0.5,1.)) REPRESENTATION_ITEM('') );
#4198 = CARTESIAN_POINT('',(-41.54690391435,-13.49940739927));
#4199 = CARTESIAN_POINT('',(-39.39794287869,-20.11322940074));
#4200 = CARTESIAN_POINT('',(-46.20016126591,-18.66737324863));
#4201 = CARTESIAN_POINT('',(-53.00237965312,-17.22151709651));
#4202 = CARTESIAN_POINT('',(-48.34912230157,-12.05355124715));
#4203 = CARTESIAN_POINT('',(-43.69586495001,-6.885585397793));
#4204 = CARTESIAN_POINT('',(-41.54690391435,-13.49940739927));
#4205 = ( GEOMETRIC_REPRESENTATION_CONTEXT(2) 
PARAMETRIC_REPRESENTATION_CONTEXT() REPRESENTATION_CONTEXT('2D SPACE',''
  ) );
#4206 = PCURVE('',#3238,#4207);
#4207 = DEFINITIONAL_REPRESENTATION('',(#4208),#4212);
#4208 = LINE('',#4209,#4210);
#4209 = CARTESIAN_POINT('',(1.198896206054E-17,21.52));
#4210 = VECTOR('',#4211,1.);
#4211 = DIRECTION('',(1.,0.));
#4212 = ( GEOMETRIC_REPRESENTATION_CONTEXT(2) 
PARAMETRIC_REPRESENTATION_CONTEXT() REPRESENTATION_CONTEXT('2D SPACE',''
  ) );
#4213 = FACE_BOUND('',#4214,.T.);
#4214 = EDGE_LOOP('',(#4215));
#4215 = ORIENTED_EDGE('',*,*,#4216,.T.);
#4216 = EDGE_CURVE('',#4217,#4217,#4219,.T.);
#4217 = VERTEX_POINT('',#4218);
#4218 = CARTESIAN_POINT('',(-43.685,21.52,6.333260921791E-15));
#4219 = SURFACE_CURVE('',#4220,(#4225,#4236),.PCURVE_S1.);
#4220 = CIRCLE('',#4221,4.015);
#4221 = AXIS2_PLACEMENT_3D('',#4222,#4223,#4224);
#4222 = CARTESIAN_POINT('',(-47.7,21.52,5.841565231933E-15));
#4223 = DIRECTION('',(0.,1.,0.));
#4224 = DIRECTION('',(1.,0.,-1.224646799147E-16));
#4225 = PCURVE('',#296,#4226);
#4226 = DEFINITIONAL_REPRESENTATION('',(#4227),#4235);
#4227 = ( BOUNDED_CURVE() B_SPLINE_CURVE(2,(#4228,#4229,#4230,#4231,
#4232,#4233,#4234),.UNSPECIFIED.,.T.,.F.) B_SPLINE_CURVE_WITH_KNOTS((1,2
    ,2,2,2,1),(-2.094395102393,0.,2.094395102393,4.188790204786,
6.28318530718,8.377580409573),.UNSPECIFIED.) CURVE() 
GEOMETRIC_REPRESENTATION_ITEM() RATIONAL_B_SPLINE_CURVE((1.,0.5,1.,0.5,
1.,0.5,1.)) REPRESENTATION_ITEM('') );
#4228 = CARTESIAN_POINT('',(-2.580442185836E-15,-43.685));
#4229 = CARTESIAN_POINT('',(6.954183992389,-43.685));
#4230 = CARTESIAN_POINT('',(3.477091996195,-49.7075));
#4231 = CARTESIAN_POINT('',(-3.072137875694E-15,-55.73));
#4232 = CARTESIAN_POINT('',(-3.477091996195,-49.7075));
#4233 = CARTESIAN_POINT('',(-6.954183992389,-43.685));
#4234 = CARTESIAN_POINT('',(-2.580442185836E-15,-43.685));
#4235 = ( GEOMETRIC_REPRESENTATION_CONTEXT(2) 
PARAMETRIC_REPRESENTATION_CONTEXT() REPRESENTATION_CONTEXT('2D SPACE',''
  ) );
#4236 = PCURVE('',#2463,#4237);
#4237 = DEFINITIONAL_REPRESENTATION('',(#4238),#4242);
#4238 = LINE('',#4239,#4240);
#4239 = CARTESIAN_POINT('',(0.,21.52));
#4240 = VECTOR('',#4241,1.);
#4241 = DIRECTION('',(1.,0.));
#4242 = ( GEOMETRIC_REPRESENTATION_CONTEXT(2) 
PARAMETRIC_REPRESENTATION_CONTEXT() REPRESENTATION_CONTEXT('2D SPACE',''
  ) );
#4243 = FACE_BOUND('',#4244,.T.);
#4244 = EDGE_LOOP('',(#4245));
#4245 = ORIENTED_EDGE('',*,*,#4246,.T.);
#4246 = EDGE_CURVE('',#4247,#4247,#4249,.T.);
#4247 = VERTEX_POINT('',#4248);
#4248 = CARTESIAN_POINT('',(-35.34190739927,21.52,-25.67739874639));
#4249 = SURFACE_CURVE('',#4250,(#4255,#4266),.PCURVE_S1.);
#4250 = CIRCLE('',#4251,4.015);
#4251 = AXIS2_PLACEMENT_3D('',#4252,#4253,#4254);
#4252 = CARTESIAN_POINT('',(-38.59011063168,21.52,-28.03735653435));
#4253 = DIRECTION('',(0.,1.,-0.));
#4254 = DIRECTION('',(0.809016994375,0.,0.587785252292));
#4255 = PCURVE('',#296,#4256);
#4256 = DEFINITIONAL_REPRESENTATION('',(#4257),#4265);
#4257 = ( BOUNDED_CURVE() B_SPLINE_CURVE(2,(#4258,#4259,#4260,#4261,
#4262,#4263,#4264),.UNSPECIFIED.,.T.,.F.) B_SPLINE_CURVE_WITH_KNOTS((1,2
    ,2,2,2,1),(-2.094395102393,0.,2.094395102393,4.188790204786,
6.28318530718,8.377580409573),.UNSPECIFIED.) CURVE() 
GEOMETRIC_REPRESENTATION_ITEM() RATIONAL_B_SPLINE_CURVE((1.,0.5,1.,0.5,
1.,0.5,1.)) REPRESENTATION_ITEM('') );
#4258 = CARTESIAN_POINT('',(25.677398746397,-35.34190739927));
#4259 = CARTESIAN_POINT('',(31.30345177825,-31.25434060681));
#4260 = CARTESIAN_POINT('',(32.030361944255,-38.17042885166));
#4261 = CARTESIAN_POINT('',(32.75727211026,-45.08651709651));
#4262 = CARTESIAN_POINT('',(26.404308912402,-42.25799564412));
#4263 = CARTESIAN_POINT('',(20.051345714544,-39.42947419172));
#4264 = CARTESIAN_POINT('',(25.677398746397,-35.34190739927));
#4265 = ( GEOMETRIC_REPRESENTATION_CONTEXT(2) 
PARAMETRIC_REPRESENTATION_CONTEXT() REPRESENTATION_CONTEXT('2D SPACE',''
  ) );
#4266 = PCURVE('',#2079,#4267);
#4267 = DEFINITIONAL_REPRESENTATION('',(#4268),#4272);
#4268 = LINE('',#4269,#4270);
#4269 = CARTESIAN_POINT('',(0.,21.52));
#4270 = VECTOR('',#4271,1.);
#4271 = DIRECTION('',(1.,0.));
#4272 = ( GEOMETRIC_REPRESENTATION_CONTEXT(2) 
PARAMETRIC_REPRESENTATION_CONTEXT() REPRESENTATION_CONTEXT('2D SPACE',''
  ) );
#4273 = FACE_BOUND('',#4274,.T.);
#4274 = EDGE_LOOP('',(#4275));
#4275 = ORIENTED_EDGE('',*,*,#4276,.T.);
#4276 = EDGE_CURVE('',#4277,#4277,#4279,.T.);
#4277 = VERTEX_POINT('',#4278);
#4278 = CARTESIAN_POINT('',(-13.49940739927,21.52,-41.54690391435));
#4279 = SURFACE_CURVE('',#4280,(#4285,#4296),.PCURVE_S1.);
#4280 = CIRCLE('',#4281,4.015);
#4281 = AXIS2_PLACEMENT_3D('',#4282,#4283,#4284);
#4282 = CARTESIAN_POINT('',(-14.74011063168,21.52,-45.36539582727));
#4283 = DIRECTION('',(0.,1.,-0.));
#4284 = DIRECTION('',(0.309016994375,0.,0.951056516295));
#4285 = PCURVE('',#296,#4286);
#4286 = DEFINITIONAL_REPRESENTATION('',(#4287),#4295);
#4287 = ( BOUNDED_CURVE() B_SPLINE_CURVE(2,(#4288,#4289,#4290,#4291,
#4292,#4293,#4294),.UNSPECIFIED.,.T.,.F.) B_SPLINE_CURVE_WITH_KNOTS((1,2
    ,2,2,2,1),(-2.094395102393,0.,2.094395102393,4.188790204786,
6.28318530718,8.377580409573),.UNSPECIFIED.) CURVE() 
GEOMETRIC_REPRESENTATION_ITEM() RATIONAL_B_SPLINE_CURVE((1.,0.5,1.,0.5,
1.,0.5,1.)) REPRESENTATION_ITEM('') );
#4288 = CARTESIAN_POINT('',(41.546903914354,-13.49940739927));
#4289 = CARTESIAN_POINT('',(43.695864950012,-6.885585397793));
#4290 = CARTESIAN_POINT('',(48.349122301571,-12.05355124715));
#4291 = CARTESIAN_POINT('',(53.002379653129,-17.22151709651));
#4292 = CARTESIAN_POINT('',(46.200161265912,-18.66737324863));
#4293 = CARTESIAN_POINT('',(39.397942878695,-20.11322940074));
#4294 = CARTESIAN_POINT('',(41.546903914354,-13.49940739927));
#4295 = ( GEOMETRIC_REPRESENTATION_CONTEXT(2) 
PARAMETRIC_REPRESENTATION_CONTEXT() REPRESENTATION_CONTEXT('2D SPACE',''
  ) );
#4296 = PCURVE('',#920,#4297);
#4297 = DEFINITIONAL_REPRESENTATION('',(#4298),#4302);
#4298 = LINE('',#4299,#4300);
#4299 = CARTESIAN_POINT('',(0.,21.52));
#4300 = VECTOR('',#4301,1.);
#4301 = DIRECTION('',(1.,0.));
#4302 = ( GEOMETRIC_REPRESENTATION_CONTEXT(2) 
PARAMETRIC_REPRESENTATION_CONTEXT() REPRESENTATION_CONTEXT('2D SPACE',''
  ) );
#4303 = FACE_BOUND('',#4304,.T.);
#4304 = EDGE_LOOP('',(#4305));
#4305 = ORIENTED_EDGE('',*,*,#4306,.T.);
#4306 = EDGE_CURVE('',#4307,#4307,#4309,.T.);
#4307 = VERTEX_POINT('',#4308);
#4308 = CARTESIAN_POINT('',(13.49940739927,21.52,41.546903914354));
#4309 = SURFACE_CURVE('',#4310,(#4315,#4326),.PCURVE_S1.);
#4310 = CIRCLE('',#4311,4.015);
#4311 = AXIS2_PLACEMENT_3D('',#4312,#4313,#4314);
#4312 = CARTESIAN_POINT('',(14.740110631685,21.52,45.365395827279));
#4313 = DIRECTION('',(0.,1.,0.));
#4314 = DIRECTION('',(-0.309016994375,0.,-0.951056516295));
#4315 = PCURVE('',#296,#4316);
#4316 = DEFINITIONAL_REPRESENTATION('',(#4317),#4325);
#4317 = ( BOUNDED_CURVE() B_SPLINE_CURVE(2,(#4318,#4319,#4320,#4321,
#4322,#4323,#4324),.UNSPECIFIED.,.T.,.F.) B_SPLINE_CURVE_WITH_KNOTS((1,2
    ,2,2,2,1),(-2.094395102393,0.,2.094395102393,4.188790204786,
6.28318530718,8.377580409573),.UNSPECIFIED.) CURVE() 
GEOMETRIC_REPRESENTATION_ITEM() RATIONAL_B_SPLINE_CURVE((1.,0.5,1.,0.5,
1.,0.5,1.)) REPRESENTATION_ITEM('') );
#4318 = CARTESIAN_POINT('',(-41.54690391435,13.49940739927));
#4319 = CARTESIAN_POINT('',(-43.69586495001,6.885585397793));
#4320 = CARTESIAN_POINT('',(-48.34912230157,12.053551247154));
#4321 = CARTESIAN_POINT('',(-53.00237965312,17.221517096516));
#4322 = CARTESIAN_POINT('',(-46.20016126591,18.667373248631));
#4323 = CARTESIAN_POINT('',(-39.39794287869,20.113229400747));
#4324 = CARTESIAN_POINT('',(-41.54690391435,13.49940739927));
#4325 = ( GEOMETRIC_REPRESENTATION_CONTEXT(2) 
PARAMETRIC_REPRESENTATION_CONTEXT() REPRESENTATION_CONTEXT('2D SPACE',''
  ) );
#4326 = PCURVE('',#3622,#4327);
#4327 = DEFINITIONAL_REPRESENTATION('',(#4328),#4332);
#4328 = LINE('',#4329,#4330);
#4329 = CARTESIAN_POINT('',(0.,21.52));
#4330 = VECTOR('',#4331,1.);
#4331 = DIRECTION('',(1.,0.));
#4332 = ( GEOMETRIC_REPRESENTATION_CONTEXT(2) 
PARAMETRIC_REPRESENTATION_CONTEXT() REPRESENTATION_CONTEXT('2D SPACE',''
  ) );
#4333 = FACE_BOUND('',#4334,.T.);
#4334 = EDGE_LOOP('',(#4335));
#4335 = ORIENTED_EDGE('',*,*,#4336,.T.);
#4336 = EDGE_CURVE('',#4337,#4337,#4339,.T.);
#4337 = VERTEX_POINT('',#4338);
#4338 = CARTESIAN_POINT('',(35.34190739927,21.52,25.677398746397));
#4339 = SURFACE_CURVE('',#4340,(#4345,#4356),.PCURVE_S1.);
#4340 = CIRCLE('',#4341,4.015);
#4341 = AXIS2_PLACEMENT_3D('',#4342,#4343,#4344);
#4342 = CARTESIAN_POINT('',(38.590110631685,21.52,28.037356534351));
#4343 = DIRECTION('',(0.,1.,0.));
#4344 = DIRECTION('',(-0.809016994375,0.,-0.587785252292));
#4345 = PCURVE('',#296,#4346);
#4346 = DEFINITIONAL_REPRESENTATION('',(#4347),#4355);
#4347 = ( BOUNDED_CURVE() B_SPLINE_CURVE(2,(#4348,#4349,#4350,#4351,
#4352,#4353,#4354),.UNSPECIFIED.,.T.,.F.) B_SPLINE_CURVE_WITH_KNOTS((1,2
    ,2,2,2,1),(-2.094395102393,0.,2.094395102393,4.188790204786,
6.28318530718,8.377580409573),.UNSPECIFIED.) CURVE() 
GEOMETRIC_REPRESENTATION_ITEM() RATIONAL_B_SPLINE_CURVE((1.,0.5,1.,0.5,
1.,0.5,1.)) REPRESENTATION_ITEM('') );
#4348 = CARTESIAN_POINT('',(-25.67739874639,35.34190739927));
#4349 = CARTESIAN_POINT('',(-31.30345177825,31.254340606815));
#4350 = CARTESIAN_POINT('',(-32.03036194425,38.170428851665));
#4351 = CARTESIAN_POINT('',(-32.75727211026,45.086517096516));
#4352 = CARTESIAN_POINT('',(-26.4043089124,42.25799564412));
#4353 = CARTESIAN_POINT('',(-20.05134571454,39.429474191724));
#4354 = CARTESIAN_POINT('',(-25.67739874639,35.34190739927));
#4355 = ( GEOMETRIC_REPRESENTATION_CONTEXT(2) 
PARAMETRIC_REPRESENTATION_CONTEXT() REPRESENTATION_CONTEXT('2D SPACE',''
  ) );
#4356 = PCURVE('',#4006,#4357);
#4357 = DEFINITIONAL_REPRESENTATION('',(#4358),#4362);
#4358 = LINE('',#4359,#4360);
#4359 = CARTESIAN_POINT('',(0.,21.52));
#4360 = VECTOR('',#4361,1.);
#4361 = DIRECTION('',(1.,0.));
#4362 = ( GEOMETRIC_REPRESENTATION_CONTEXT(2) 
PARAMETRIC_REPRESENTATION_CONTEXT() REPRESENTATION_CONTEXT('2D SPACE',''
  ) );
#4363 = FACE_BOUND('',#4364,.T.);
#4364 = EDGE_LOOP('',(#4365));
#4365 = ORIENTED_EDGE('',*,*,#4366,.T.);
#4366 = EDGE_CURVE('',#4367,#4367,#4369,.T.);
#4367 = VERTEX_POINT('',#4368);
#4368 = CARTESIAN_POINT('',(13.49940739927,21.52,-41.54690391435));
#4369 = SURFACE_CURVE('',#4370,(#4375,#4386),.PCURVE_S1.);
#4370 = CIRCLE('',#4371,4.015);
#4371 = AXIS2_PLACEMENT_3D('',#4372,#4373,#4374);
#4372 = CARTESIAN_POINT('',(14.740110631685,21.52,-45.36539582727));
#4373 = DIRECTION('',(0.,1.,0.));
#4374 = DIRECTION('',(-0.309016994375,0.,0.951056516295));
#4375 = PCURVE('',#296,#4376);
#4376 = DEFINITIONAL_REPRESENTATION('',(#4377),#4385);
#4377 = ( BOUNDED_CURVE() B_SPLINE_CURVE(2,(#4378,#4379,#4380,#4381,
#4382,#4383,#4384),.UNSPECIFIED.,.T.,.F.) B_SPLINE_CURVE_WITH_KNOTS((1,2
    ,2,2,2,1),(-2.094395102393,0.,2.094395102393,4.188790204786,
6.28318530718,8.377580409573),.UNSPECIFIED.) CURVE() 
GEOMETRIC_REPRESENTATION_ITEM() RATIONAL_B_SPLINE_CURVE((1.,0.5,1.,0.5,
1.,0.5,1.)) REPRESENTATION_ITEM('') );
#4378 = CARTESIAN_POINT('',(41.546903914354,13.49940739927));
#4379 = CARTESIAN_POINT('',(39.397942878695,20.113229400747));
#4380 = CARTESIAN_POINT('',(46.200161265912,18.667373248631));
#4381 = CARTESIAN_POINT('',(53.002379653129,17.221517096516));
#4382 = CARTESIAN_POINT('',(48.349122301571,12.053551247154));
#4383 = CARTESIAN_POINT('',(43.695864950012,6.885585397793));
#4384 = CARTESIAN_POINT('',(41.546903914354,13.49940739927));
#4385 = ( GEOMETRIC_REPRESENTATION_CONTEXT(2) 
PARAMETRIC_REPRESENTATION_CONTEXT() REPRESENTATION_CONTEXT('2D SPACE',''
  ) );
#4386 = PCURVE('',#1695,#4387);
#4387 = DEFINITIONAL_REPRESENTATION('',(#4388),#4392);
#4388 = LINE('',#4389,#4390);
#4389 = CARTESIAN_POINT('',(1.121325557645E-18,21.52));
#4390 = VECTOR('',#4391,1.);
#4391 = DIRECTION('',(1.,0.));
#4392 = ( GEOMETRIC_REPRESENTATION_CONTEXT(2) 
PARAMETRIC_REPRESENTATION_CONTEXT() REPRESENTATION_CONTEXT('2D SPACE',''
  ) );
#4393 = FACE_BOUND('',#4394,.T.);
#4394 = EDGE_LOOP('',(#4395));
#4395 = ORIENTED_EDGE('',*,*,#4396,.T.);
#4396 = EDGE_CURVE('',#4397,#4397,#4399,.T.);
#4397 = VERTEX_POINT('',#4398);
#4398 = CARTESIAN_POINT('',(43.685,21.52,-9.833913797153E-16));
#4399 = SURFACE_CURVE('',#4400,(#4405,#4416),.PCURVE_S1.);
#4400 = CIRCLE('',#4401,4.015);
#4401 = AXIS2_PLACEMENT_3D('',#4402,#4403,#4404);
#4402 = CARTESIAN_POINT('',(47.7,21.52,0.));
#4403 = DIRECTION('',(0.,1.,0.));
#4404 = DIRECTION('',(-1.,0.,0.));
#4405 = PCURVE('',#296,#4406);
#4406 = DEFINITIONAL_REPRESENTATION('',(#4407),#4415);
#4407 = ( BOUNDED_CURVE() B_SPLINE_CURVE(2,(#4408,#4409,#4410,#4411,
#4412,#4413,#4414),.UNSPECIFIED.,.T.,.F.) B_SPLINE_CURVE_WITH_KNOTS((1,2
    ,2,2,2,1),(-2.094395102393,0.,2.094395102393,4.188790204786,
6.28318530718,8.377580409573),.UNSPECIFIED.) CURVE() 
GEOMETRIC_REPRESENTATION_ITEM() RATIONAL_B_SPLINE_CURVE((1.,0.5,1.,0.5,
1.,0.5,1.)) REPRESENTATION_ITEM('') );
#4408 = CARTESIAN_POINT('',(2.769427356239E-15,43.685));
#4409 = CARTESIAN_POINT('',(-6.954183992389,43.685));
#4410 = CARTESIAN_POINT('',(-3.477091996195,49.7075));
#4411 = CARTESIAN_POINT('',(1.786035976524E-15,55.73));
#4412 = CARTESIAN_POINT('',(3.477091996195,49.7075));
#4413 = CARTESIAN_POINT('',(6.954183992389,43.685));
#4414 = CARTESIAN_POINT('',(2.769427356239E-15,43.685));
#4415 = ( GEOMETRIC_REPRESENTATION_CONTEXT(2) 
PARAMETRIC_REPRESENTATION_CONTEXT() REPRESENTATION_CONTEXT('2D SPACE',''
  ) );
#4416 = PCURVE('',#451,#4417);
#4417 = DEFINITIONAL_REPRESENTATION('',(#4418),#4422);
#4418 = LINE('',#4419,#4420);
#4419 = CARTESIAN_POINT('',(0.,21.52));
#4420 = VECTOR('',#4421,1.);
#4421 = DIRECTION('',(1.,0.));
#4422 = ( GEOMETRIC_REPRESENTATION_CONTEXT(2) 
PARAMETRIC_REPRESENTATION_CONTEXT() REPRESENTATION_CONTEXT('2D SPACE',''
  ) );
#4423 = FACE_BOUND('',#4424,.T.);
#4424 = EDGE_LOOP('',(#4425));
#4425 = ORIENTED_EDGE('',*,*,#4426,.T.);
#4426 = EDGE_CURVE('',#4427,#4427,#4429,.T.);
#4427 = VERTEX_POINT('',#4428);
#4428 = CARTESIAN_POINT('',(35.34190739927,21.52,-25.67739874639));
#4429 = SURFACE_CURVE('',#4430,(#4435,#4446),.PCURVE_S1.);
#4430 = CIRCLE('',#4431,4.015);
#4431 = AXIS2_PLACEMENT_3D('',#4432,#4433,#4434);
#4432 = CARTESIAN_POINT('',(38.590110631685,21.52,-28.03735653435));
#4433 = DIRECTION('',(0.,1.,0.));
#4434 = DIRECTION('',(-0.809016994375,0.,0.587785252292));
#4435 = PCURVE('',#296,#4436);
#4436 = DEFINITIONAL_REPRESENTATION('',(#4437),#4445);
#4437 = ( BOUNDED_CURVE() B_SPLINE_CURVE(2,(#4438,#4439,#4440,#4441,
#4442,#4443,#4444),.UNSPECIFIED.,.T.,.F.) B_SPLINE_CURVE_WITH_KNOTS((1,2
    ,2,2,2,1),(-2.094395102393,0.,2.094395102393,4.188790204786,
6.28318530718,8.377580409573),.UNSPECIFIED.) CURVE() 
GEOMETRIC_REPRESENTATION_ITEM() RATIONAL_B_SPLINE_CURVE((1.,0.5,1.,0.5,
1.,0.5,1.)) REPRESENTATION_ITEM('') );
#4438 = CARTESIAN_POINT('',(25.677398746397,35.34190739927));
#4439 = CARTESIAN_POINT('',(20.051345714544,39.429474191724));
#4440 = CARTESIAN_POINT('',(26.404308912402,42.25799564412));
#4441 = CARTESIAN_POINT('',(32.75727211026,45.086517096516));
#4442 = CARTESIAN_POINT('',(32.030361944255,38.170428851665));
#4443 = CARTESIAN_POINT('',(31.30345177825,31.254340606815));
#4444 = CARTESIAN_POINT('',(25.677398746397,35.34190739927));
#4445 = ( GEOMETRIC_REPRESENTATION_CONTEXT(2) 
PARAMETRIC_REPRESENTATION_CONTEXT() REPRESENTATION_CONTEXT('2D SPACE',''
  ) );
#4446 = PCURVE('',#1304,#4447);
#4447 = DEFINITIONAL_REPRESENTATION('',(#4448),#4452);
#4448 = LINE('',#4449,#4450);
#4449 = CARTESIAN_POINT('',(9.301682111511E-18,21.52));
#4450 = VECTOR('',#4451,1.);
#4451 = DIRECTION('',(1.,0.));
#4452 = ( GEOMETRIC_REPRESENTATION_CONTEXT(2) 
PARAMETRIC_REPRESENTATION_CONTEXT() REPRESENTATION_CONTEXT('2D SPACE',''
  ) );
#4453 = ADVANCED_FACE('',(#4454),#451,.F.);
#4454 = FACE_BOUND('',#4455,.F.);
#4455 = EDGE_LOOP('',(#4456,#4457,#4478,#4479,#4480));
#4456 = ORIENTED_EDGE('',*,*,#339,.T.);
#4457 = ORIENTED_EDGE('',*,*,#4458,.F.);
#4458 = EDGE_CURVE('',#4397,#340,#4459,.T.);
#4459 = SEAM_CURVE('',#4460,(#4464,#4471),.PCURVE_S1.);
#4460 = LINE('',#4461,#4462);
#4461 = CARTESIAN_POINT('',(43.685,0.,-9.833913797153E-16));
#4462 = VECTOR('',#4463,1.);
#4463 = DIRECTION('',(0.,1.,0.));
#4464 = PCURVE('',#451,#4465);
#4465 = DEFINITIONAL_REPRESENTATION('',(#4466),#4470);
#4466 = LINE('',#4467,#4468);
#4467 = CARTESIAN_POINT('',(6.28318530718,-0.));
#4468 = VECTOR('',#4469,1.);
#4469 = DIRECTION('',(0.,1.));
#4470 = ( GEOMETRIC_REPRESENTATION_CONTEXT(2) 
PARAMETRIC_REPRESENTATION_CONTEXT() REPRESENTATION_CONTEXT('2D SPACE',''
  ) );
#4471 = PCURVE('',#451,#4472);
#4472 = DEFINITIONAL_REPRESENTATION('',(#4473),#4477);
#4473 = LINE('',#4474,#4475);
#4474 = CARTESIAN_POINT('',(0.,-0.));
#4475 = VECTOR('',#4476,1.);
#4476 = DIRECTION('',(0.,1.));
#4477 = ( GEOMETRIC_REPRESENTATION_CONTEXT(2) 
PARAMETRIC_REPRESENTATION_CONTEXT() REPRESENTATION_CONTEXT('2D SPACE',''
  ) );
#4478 = ORIENTED_EDGE('',*,*,#4396,.T.);
#4479 = ORIENTED_EDGE('',*,*,#4458,.T.);
#4480 = ORIENTED_EDGE('',*,*,#536,.T.);
#4481 = ADVANCED_FACE('',(#4482),#920,.F.);
#4482 = FACE_BOUND('',#4483,.F.);
#4483 = EDGE_LOOP('',(#4484,#4485,#4506,#4507));
#4484 = ORIENTED_EDGE('',*,*,#682,.T.);
#4485 = ORIENTED_EDGE('',*,*,#4486,.F.);
#4486 = EDGE_CURVE('',#4277,#683,#4487,.T.);
#4487 = SEAM_CURVE('',#4488,(#4492,#4499),.PCURVE_S1.);
#4488 = LINE('',#4489,#4490);
#4489 = CARTESIAN_POINT('',(-13.49940739927,0.,-41.54690391435));
#4490 = VECTOR('',#4491,1.);
#4491 = DIRECTION('',(0.,1.,-0.));
#4492 = PCURVE('',#920,#4493);
#4493 = DEFINITIONAL_REPRESENTATION('',(#4494),#4498);
#4494 = LINE('',#4495,#4496);
#4495 = CARTESIAN_POINT('',(0.,-0.));
#4496 = VECTOR('',#4497,1.);
#4497 = DIRECTION('',(0.,1.));
#4498 = ( GEOMETRIC_REPRESENTATION_CONTEXT(2) 
PARAMETRIC_REPRESENTATION_CONTEXT() REPRESENTATION_CONTEXT('2D SPACE',''
  ) );
#4499 = PCURVE('',#920,#4500);
#4500 = DEFINITIONAL_REPRESENTATION('',(#4501),#4505);
#4501 = LINE('',#4502,#4503);
#4502 = CARTESIAN_POINT('',(6.28318530718,-0.));
#4503 = VECTOR('',#4504,1.);
#4504 = DIRECTION('',(0.,1.));
#4505 = ( GEOMETRIC_REPRESENTATION_CONTEXT(2) 
PARAMETRIC_REPRESENTATION_CONTEXT() REPRESENTATION_CONTEXT('2D SPACE',''
  ) );
#4506 = ORIENTED_EDGE('',*,*,#4276,.T.);
#4507 = ORIENTED_EDGE('',*,*,#4486,.T.);
#4508 = ADVANCED_FACE('',(#4509),#1304,.F.);
#4509 = FACE_BOUND('',#4510,.F.);
#4510 = EDGE_LOOP('',(#4511,#4512,#4533,#4534));
#4511 = ORIENTED_EDGE('',*,*,#1066,.T.);
#4512 = ORIENTED_EDGE('',*,*,#4513,.F.);
#4513 = EDGE_CURVE('',#4427,#1067,#4514,.T.);
#4514 = SEAM_CURVE('',#4515,(#4519,#4526),.PCURVE_S1.);
#4515 = LINE('',#4516,#4517);
#4516 = CARTESIAN_POINT('',(35.34190739927,0.,-25.67739874639));
#4517 = VECTOR('',#4518,1.);
#4518 = DIRECTION('',(0.,1.,0.));
#4519 = PCURVE('',#1304,#4520);
#4520 = DEFINITIONAL_REPRESENTATION('',(#4521),#4525);
#4521 = LINE('',#4522,#4523);
#4522 = CARTESIAN_POINT('',(0.,-0.));
#4523 = VECTOR('',#4524,1.);
#4524 = DIRECTION('',(0.,1.));
#4525 = ( GEOMETRIC_REPRESENTATION_CONTEXT(2) 
PARAMETRIC_REPRESENTATION_CONTEXT() REPRESENTATION_CONTEXT('2D SPACE',''
  ) );
#4526 = PCURVE('',#1304,#4527);
#4527 = DEFINITIONAL_REPRESENTATION('',(#4528),#4532);
#4528 = LINE('',#4529,#4530);
#4529 = CARTESIAN_POINT('',(6.28318530718,-0.));
#4530 = VECTOR('',#4531,1.);
#4531 = DIRECTION('',(0.,1.));
#4532 = ( GEOMETRIC_REPRESENTATION_CONTEXT(2) 
PARAMETRIC_REPRESENTATION_CONTEXT() REPRESENTATION_CONTEXT('2D SPACE',''
  ) );
#4533 = ORIENTED_EDGE('',*,*,#4426,.T.);
#4534 = ORIENTED_EDGE('',*,*,#4513,.T.);
#4535 = ADVANCED_FACE('',(#4536),#1695,.F.);
#4536 = FACE_BOUND('',#4537,.F.);
#4537 = EDGE_LOOP('',(#4538,#4539,#4560,#4561));
#4538 = ORIENTED_EDGE('',*,*,#1450,.T.);
#4539 = ORIENTED_EDGE('',*,*,#4540,.F.);
#4540 = EDGE_CURVE('',#4367,#1451,#4541,.T.);
#4541 = SEAM_CURVE('',#4542,(#4546,#4553),.PCURVE_S1.);
#4542 = LINE('',#4543,#4544);
#4543 = CARTESIAN_POINT('',(13.49940739927,0.,-41.54690391435));
#4544 = VECTOR('',#4545,1.);
#4545 = DIRECTION('',(0.,1.,0.));
#4546 = PCURVE('',#1695,#4547);
#4547 = DEFINITIONAL_REPRESENTATION('',(#4548),#4552);
#4548 = LINE('',#4549,#4550);
#4549 = CARTESIAN_POINT('',(0.,-0.));
#4550 = VECTOR('',#4551,1.);
#4551 = DIRECTION('',(0.,1.));
#4552 = ( GEOMETRIC_REPRESENTATION_CONTEXT(2) 
PARAMETRIC_REPRESENTATION_CONTEXT() REPRESENTATION_CONTEXT('2D SPACE',''
  ) );
#4553 = PCURVE('',#1695,#4554);
#4554 = DEFINITIONAL_REPRESENTATION('',(#4555),#4559);
#4555 = LINE('',#4556,#4557);
#4556 = CARTESIAN_POINT('',(6.28318530718,-0.));
#4557 = VECTOR('',#4558,1.);
#4558 = DIRECTION('',(0.,1.));
#4559 = ( GEOMETRIC_REPRESENTATION_CONTEXT(2) 
PARAMETRIC_REPRESENTATION_CONTEXT() REPRESENTATION_CONTEXT('2D SPACE',''
  ) );
#4560 = ORIENTED_EDGE('',*,*,#4366,.T.);
#4561 = ORIENTED_EDGE('',*,*,#4540,.T.);
#4562 = ADVANCED_FACE('',(#4563),#2079,.F.);
#4563 = FACE_BOUND('',#4564,.F.);
#4564 = EDGE_LOOP('',(#4565,#4566,#4587,#4588));
#4565 = ORIENTED_EDGE('',*,*,#1841,.T.);
#4566 = ORIENTED_EDGE('',*,*,#4567,.F.);
#4567 = EDGE_CURVE('',#4247,#1842,#4568,.T.);
#4568 = SEAM_CURVE('',#4569,(#4573,#4580),.PCURVE_S1.);
#4569 = LINE('',#4570,#4571);
#4570 = CARTESIAN_POINT('',(-35.34190739927,0.,-25.67739874639));
#4571 = VECTOR('',#4572,1.);
#4572 = DIRECTION('',(0.,1.,-0.));
#4573 = PCURVE('',#2079,#4574);
#4574 = DEFINITIONAL_REPRESENTATION('',(#4575),#4579);
#4575 = LINE('',#4576,#4577);
#4576 = CARTESIAN_POINT('',(0.,-0.));
#4577 = VECTOR('',#4578,1.);
#4578 = DIRECTION('',(0.,1.));
#4579 = ( GEOMETRIC_REPRESENTATION_CONTEXT(2) 
PARAMETRIC_REPRESENTATION_CONTEXT() REPRESENTATION_CONTEXT('2D SPACE',''
  ) );
#4580 = PCURVE('',#2079,#4581);
#4581 = DEFINITIONAL_REPRESENTATION('',(#4582),#4586);
#4582 = LINE('',#4583,#4584);
#4583 = CARTESIAN_POINT('',(6.28318530718,-0.));
#4584 = VECTOR('',#4585,1.);
#4585 = DIRECTION('',(0.,1.));
#4586 = ( GEOMETRIC_REPRESENTATION_CONTEXT(2) 
PARAMETRIC_REPRESENTATION_CONTEXT() REPRESENTATION_CONTEXT('2D SPACE',''
  ) );
#4587 = ORIENTED_EDGE('',*,*,#4246,.T.);
#4588 = ORIENTED_EDGE('',*,*,#4567,.T.);
#4589 = ADVANCED_FACE('',(#4590),#2463,.F.);
#4590 = FACE_BOUND('',#4591,.F.);
#4591 = EDGE_LOOP('',(#4592,#4593,#4614,#4615));
#4592 = ORIENTED_EDGE('',*,*,#2225,.T.);
#4593 = ORIENTED_EDGE('',*,*,#4594,.F.);
#4594 = EDGE_CURVE('',#4217,#2226,#4595,.T.);
#4595 = SEAM_CURVE('',#4596,(#4600,#4607),.PCURVE_S1.);
#4596 = LINE('',#4597,#4598);
#4597 = CARTESIAN_POINT('',(-43.685,0.,6.333260921791E-15));
#4598 = VECTOR('',#4599,1.);
#4599 = DIRECTION('',(-0.,1.,0.));
#4600 = PCURVE('',#2463,#4601);
#4601 = DEFINITIONAL_REPRESENTATION('',(#4602),#4606);
#4602 = LINE('',#4603,#4604);
#4603 = CARTESIAN_POINT('',(0.,-0.));
#4604 = VECTOR('',#4605,1.);
#4605 = DIRECTION('',(0.,1.));
#4606 = ( GEOMETRIC_REPRESENTATION_CONTEXT(2) 
PARAMETRIC_REPRESENTATION_CONTEXT() REPRESENTATION_CONTEXT('2D SPACE',''
  ) );
#4607 = PCURVE('',#2463,#4608);
#4608 = DEFINITIONAL_REPRESENTATION('',(#4609),#4613);
#4609 = LINE('',#4610,#4611);
#4610 = CARTESIAN_POINT('',(6.28318530718,-0.));
#4611 = VECTOR('',#4612,1.);
#4612 = DIRECTION('',(0.,1.));
#4613 = ( GEOMETRIC_REPRESENTATION_CONTEXT(2) 
PARAMETRIC_REPRESENTATION_CONTEXT() REPRESENTATION_CONTEXT('2D SPACE',''
  ) );
#4614 = ORIENTED_EDGE('',*,*,#4216,.T.);
#4615 = ORIENTED_EDGE('',*,*,#4594,.T.);
#4616 = ADVANCED_FACE('',(#4617),#2847,.F.);
#4617 = FACE_BOUND('',#4618,.F.);
#4618 = EDGE_LOOP('',(#4619,#4620,#4641,#4642));
#4619 = ORIENTED_EDGE('',*,*,#2609,.T.);
#4620 = ORIENTED_EDGE('',*,*,#4621,.F.);
#4621 = EDGE_CURVE('',#4157,#2610,#4622,.T.);
#4622 = SEAM_CURVE('',#4623,(#4627,#4634),.PCURVE_S1.);
#4623 = LINE('',#4624,#4625);
#4624 = CARTESIAN_POINT('',(-35.34190739927,0.,25.677398746397));
#4625 = VECTOR('',#4626,1.);
#4626 = DIRECTION('',(-0.,1.,0.));
#4627 = PCURVE('',#2847,#4628);
#4628 = DEFINITIONAL_REPRESENTATION('',(#4629),#4633);
#4629 = LINE('',#4630,#4631);
#4630 = CARTESIAN_POINT('',(0.,-0.));
#4631 = VECTOR('',#4632,1.);
#4632 = DIRECTION('',(0.,1.));
#4633 = ( GEOMETRIC_REPRESENTATION_CONTEXT(2) 
PARAMETRIC_REPRESENTATION_CONTEXT() REPRESENTATION_CONTEXT('2D SPACE',''
  ) );
#4634 = PCURVE('',#2847,#4635);
#4635 = DEFINITIONAL_REPRESENTATION('',(#4636),#4640);
#4636 = LINE('',#4637,#4638);
#4637 = CARTESIAN_POINT('',(6.28318530718,-0.));
#4638 = VECTOR('',#4639,1.);
#4639 = DIRECTION('',(0.,1.));
#4640 = ( GEOMETRIC_REPRESENTATION_CONTEXT(2) 
PARAMETRIC_REPRESENTATION_CONTEXT() REPRESENTATION_CONTEXT('2D SPACE',''
  ) );
#4641 = ORIENTED_EDGE('',*,*,#4156,.T.);
#4642 = ORIENTED_EDGE('',*,*,#4621,.T.);
#4643 = ADVANCED_FACE('',(#4644),#3238,.F.);
#4644 = FACE_BOUND('',#4645,.F.);
#4645 = EDGE_LOOP('',(#4646,#4647,#4668,#4669));
#4646 = ORIENTED_EDGE('',*,*,#2993,.T.);
#4647 = ORIENTED_EDGE('',*,*,#4648,.F.);
#4648 = EDGE_CURVE('',#4187,#2994,#4649,.T.);
#4649 = SEAM_CURVE('',#4650,(#4654,#4661),.PCURVE_S1.);
#4650 = LINE('',#4651,#4652);
#4651 = CARTESIAN_POINT('',(-13.49940739927,0.,41.546903914354));
#4652 = VECTOR('',#4653,1.);
#4653 = DIRECTION('',(-0.,1.,0.));
#4654 = PCURVE('',#3238,#4655);
#4655 = DEFINITIONAL_REPRESENTATION('',(#4656),#4660);
#4656 = LINE('',#4657,#4658);
#4657 = CARTESIAN_POINT('',(0.,-0.));
#4658 = VECTOR('',#4659,1.);
#4659 = DIRECTION('',(0.,1.));
#4660 = ( GEOMETRIC_REPRESENTATION_CONTEXT(2) 
PARAMETRIC_REPRESENTATION_CONTEXT() REPRESENTATION_CONTEXT('2D SPACE',''
  ) );
#4661 = PCURVE('',#3238,#4662);
#4662 = DEFINITIONAL_REPRESENTATION('',(#4663),#4667);
#4663 = LINE('',#4664,#4665);
#4664 = CARTESIAN_POINT('',(6.28318530718,-0.));
#4665 = VECTOR('',#4666,1.);
#4666 = DIRECTION('',(0.,1.));
#4667 = ( GEOMETRIC_REPRESENTATION_CONTEXT(2) 
PARAMETRIC_REPRESENTATION_CONTEXT() REPRESENTATION_CONTEXT('2D SPACE',''
  ) );
#4668 = ORIENTED_EDGE('',*,*,#4186,.T.);
#4669 = ORIENTED_EDGE('',*,*,#4648,.T.);
#4670 = ADVANCED_FACE('',(#4671),#3622,.F.);
#4671 = FACE_BOUND('',#4672,.F.);
#4672 = EDGE_LOOP('',(#4673,#4674,#4695,#4696));
#4673 = ORIENTED_EDGE('',*,*,#3384,.T.);
#4674 = ORIENTED_EDGE('',*,*,#4675,.F.);
#4675 = EDGE_CURVE('',#4307,#3385,#4676,.T.);
#4676 = SEAM_CURVE('',#4677,(#4681,#4688),.PCURVE_S1.);
#4677 = LINE('',#4678,#4679);
#4678 = CARTESIAN_POINT('',(13.49940739927,0.,41.546903914354));
#4679 = VECTOR('',#4680,1.);
#4680 = DIRECTION('',(0.,1.,0.));
#4681 = PCURVE('',#3622,#4682);
#4682 = DEFINITIONAL_REPRESENTATION('',(#4683),#4687);
#4683 = LINE('',#4684,#4685);
#4684 = CARTESIAN_POINT('',(0.,-0.));
#4685 = VECTOR('',#4686,1.);
#4686 = DIRECTION('',(0.,1.));
#4687 = ( GEOMETRIC_REPRESENTATION_CONTEXT(2) 
PARAMETRIC_REPRESENTATION_CONTEXT() REPRESENTATION_CONTEXT('2D SPACE',''
  ) );
#4688 = PCURVE('',#3622,#4689);
#4689 = DEFINITIONAL_REPRESENTATION('',(#4690),#4694);
#4690 = LINE('',#4691,#4692);
#4691 = CARTESIAN_POINT('',(6.28318530718,-0.));
#4692 = VECTOR('',#4693,1.);
#4693 = DIRECTION('',(0.,1.));
#4694 = ( GEOMETRIC_REPRESENTATION_CONTEXT(2) 
PARAMETRIC_REPRESENTATION_CONTEXT() REPRESENTATION_CONTEXT('2D SPACE',''
  ) );
#4695 = ORIENTED_EDGE('',*,*,#4306,.T.);
#4696 = ORIENTED_EDGE('',*,*,#4675,.T.);
#4697 = ADVANCED_FACE('',(#4698),#4006,.F.);
#4698 = FACE_BOUND('',#4699,.F.);
#4699 = EDGE_LOOP('',(#4700,#4701,#4722,#4723));
#4700 = ORIENTED_EDGE('',*,*,#3768,.T.);
#4701 = ORIENTED_EDGE('',*,*,#4702,.F.);
#4702 = EDGE_CURVE('',#4337,#3769,#4703,.T.);
#4703 = SEAM_CURVE('',#4704,(#4708,#4715),.PCURVE_S1.);
#4704 = LINE('',#4705,#4706);
#4705 = CARTESIAN_POINT('',(35.34190739927,0.,25.677398746397));
#4706 = VECTOR('',#4707,1.);
#4707 = DIRECTION('',(0.,1.,0.));
#4708 = PCURVE('',#4006,#4709);
#4709 = DEFINITIONAL_REPRESENTATION('',(#4710),#4714);
#4710 = LINE('',#4711,#4712);
#4711 = CARTESIAN_POINT('',(0.,-0.));
#4712 = VECTOR('',#4713,1.);
#4713 = DIRECTION('',(0.,1.));
#4714 = ( GEOMETRIC_REPRESENTATION_CONTEXT(2) 
PARAMETRIC_REPRESENTATION_CONTEXT() REPRESENTATION_CONTEXT('2D SPACE',''
  ) );
#4715 = PCURVE('',#4006,#4716);
#4716 = DEFINITIONAL_REPRESENTATION('',(#4717),#4721);
#4717 = LINE('',#4718,#4719);
#4718 = CARTESIAN_POINT('',(6.28318530718,-0.));
#4719 = VECTOR('',#4720,1.);
#4720 = DIRECTION('',(0.,1.));
#4721 = ( GEOMETRIC_REPRESENTATION_CONTEXT(2) 
PARAMETRIC_REPRESENTATION_CONTEXT() REPRESENTATION_CONTEXT('2D SPACE',''
  ) );
#4722 = ORIENTED_EDGE('',*,*,#4336,.T.);
#4723 = ORIENTED_EDGE('',*,*,#4702,.T.);
#4724 = ( GEOMETRIC_REPRESENTATION_CONTEXT(3) 
GLOBAL_UNCERTAINTY_ASSIGNED_CONTEXT((#4728)) 
GLOBAL_UNIT_ASSIGNED_CONTEXT((#4725,#4726,#4727)) REPRESENTATION_CONTEXT
('Context #1','3D Context with UNIT and UNCERTAINTY') );
#4725 = ( LENGTH_UNIT() NAMED_UNIT(*) SI_UNIT(.MILLI.,.METRE.) );
#4726 = ( NAMED_UNIT(*) PLANE_ANGLE_UNIT() SI_UNIT($,.RADIAN.) );
#4727 = ( NAMED_UNIT(*) SI_UNIT($,.STERADIAN.) SOLID_ANGLE_UNIT() );
#4728 = UNCERTAINTY_MEASURE_WITH_UNIT(LENGTH_MEASURE(2.E-05),#4725,
  'distance_accuracy_value','confusion accuracy');
#4729 = PRODUCT_RELATED_PRODUCT_CATEGORY('part',$,(#7));
ENDSEC;
END-ISO-10303-21;
