ISO-10303-21;
HEADER;
FILE_DESCRIPTION(('Open CASCADE Model'),'2;1');
FILE_NAME('Open CASCADE Shape Model','2026-10-02T01:28:53',('Author'),(
    'Open CASCADE'),'Open CASCADE STEP processor 7.9','Open CASCADE 7.9'
  ,'Unknown');
FILE_SCHEMA(('AUTOMOTIVE_DESIGN { 1 0 10303 214 1 1 1 1 }'));
ENDSEC;
DATA;
#1 = APPLICATION_PROTOCOL_DEFINITION('international standard',
  'automotive_design',2000,#2);
#2 = APPLICATION_CONTEXT(
  'core data for automotive mechanical design processes');
#3 = SHAPE_DEFINITION_REPRESENTATION(#4,#10);
#4 = PRODUCT_DEFINITION_SHAPE('','',#5);
#5 = PRODUCT_DEFINITION('design','',#6,#9);
#6 = PRODUCT_DEFINITION_FORMATION('','',#7);
#7 = PRODUCT('Open CASCADE STEP translator 7.9 2',
  'Open CASCADE STEP translator 7.9 2','',(#8));
#8 = PRODUCT_CONTEXT('',#2,'mechanical');
#9 = PRODUCT_DEFINITION_CONTEXT('part definition',#2,'design');
#10 = ADVANCED_BREP_SHAPE_REPRESENTATION('',(#11,#15),#2238);
#11 = AXIS2_PLACEMENT_3D('',#12,#13,#14);
#12 = CARTESIAN_POINT('',(0.,0.,0.));
#13 = DIRECTION('',(0.,0.,1.));
#14 = DIRECTION('',(1.,0.,-0.));
#15 = MANIFOLD_SOLID_BREP('',#16);
#16 = CLOSED_SHELL('',(#17,#137,#436,#517,#597,#743,#820,#949,#981,#1043
    ,#1147,#1282,#1358,#1405,#1459,#1484,#1533,#1561,#1742,#1814,#1847,
    #1852,#1879,#1929,#2009,#2016,#2023,#2030,#2106,#2155,#2204,#2231));
#17 = ADVANCED_FACE('',(#18),#32,.F.);
#18 = FACE_BOUND('',#19,.F.);
#19 = EDGE_LOOP('',(#20,#55,#83,#111));
#20 = ORIENTED_EDGE('',*,*,#21,.F.);
#21 = EDGE_CURVE('',#22,#24,#26,.T.);
#22 = VERTEX_POINT('',#23);
#23 = CARTESIAN_POINT('',(29.96,0.,0.));
#24 = VERTEX_POINT('',#25);
#25 = CARTESIAN_POINT('',(29.96,8.162273129444E-35,11.273));
#26 = SURFACE_CURVE('',#27,(#31,#43),.PCURVE_S1.);
#27 = LINE('',#28,#29);
#28 = CARTESIAN_POINT('',(29.96,0.,0.));
#29 = VECTOR('',#30,1.);
#30 = DIRECTION('',(0.,0.,1.));
#31 = PCURVE('',#32,#37);
#32 = PLANE('',#33);
#33 = AXIS2_PLACEMENT_3D('',#34,#35,#36);
#34 = CARTESIAN_POINT('',(29.96,0.,0.));
#35 = DIRECTION('',(-1.,0.,0.));
#36 = DIRECTION('',(0.,0.,1.));
#37 = DEFINITIONAL_REPRESENTATION('',(#38),#42);
#38 = LINE('',#39,#40);
#39 = CARTESIAN_POINT('',(0.,0.));
#40 = VECTOR('',#41,1.);
#41 = DIRECTION('',(1.,0.));
#42 = ( GEOMETRIC_REPRESENTATION_CONTEXT(2) 
PARAMETRIC_REPRESENTATION_CONTEXT() REPRESENTATION_CONTEXT('2D SPACE',''
  ) );
#43 = PCURVE('',#44,#49);
#44 = PLANE('',#45);
#45 = AXIS2_PLACEMENT_3D('',#46,#47,#48);
#46 = CARTESIAN_POINT('',(-8.336465545435E-16,0.,5.60687192064));
#47 = DIRECTION('',(-0.,-1.,-0.));
#48 = DIRECTION('',(0.,0.,-1.));
#49 = DEFINITIONAL_REPRESENTATION('',(#50),#54);
#50 = LINE('',#51,#52);
#51 = CARTESIAN_POINT('',(5.60687192064,29.96));
#52 = VECTOR('',#53,1.);
#53 = DIRECTION('',(-1.,0.));
#54 = ( GEOMETRIC_REPRESENTATION_CONTEXT(2) 
PARAMETRIC_REPRESENTATION_CONTEXT() REPRESENTATION_CONTEXT('2D SPACE',''
  ) );
#55 = ORIENTED_EDGE('',*,*,#56,.T.);
#56 = EDGE_CURVE('',#22,#57,#59,.T.);
#57 = VERTEX_POINT('',#58);
#58 = CARTESIAN_POINT('',(29.96,-134.93,0.));
#59 = SURFACE_CURVE('',#60,(#64,#71),.PCURVE_S1.);
#60 = LINE('',#61,#62);
#61 = CARTESIAN_POINT('',(29.96,0.,0.));
#62 = VECTOR('',#63,1.);
#63 = DIRECTION('',(0.,-1.,0.));
#64 = PCURVE('',#32,#65);
#65 = DEFINITIONAL_REPRESENTATION('',(#66),#70);
#66 = LINE('',#67,#68);
#67 = CARTESIAN_POINT('',(0.,0.));
#68 = VECTOR('',#69,1.);
#69 = DIRECTION('',(0.,-1.));
#70 = ( GEOMETRIC_REPRESENTATION_CONTEXT(2) 
PARAMETRIC_REPRESENTATION_CONTEXT() REPRESENTATION_CONTEXT('2D SPACE',''
  ) );
#71 = PCURVE('',#72,#77);
#72 = PLANE('',#73);
#73 = AXIS2_PLACEMENT_3D('',#74,#75,#76);
#74 = CARTESIAN_POINT('',(-29.96,0.,0.));
#75 = DIRECTION('',(-0.,0.,1.));
#76 = DIRECTION('',(1.,0.,0.));
#77 = DEFINITIONAL_REPRESENTATION('',(#78),#82);
#78 = LINE('',#79,#80);
#79 = CARTESIAN_POINT('',(59.92,0.));
#80 = VECTOR('',#81,1.);
#81 = DIRECTION('',(0.,-1.));
#82 = ( GEOMETRIC_REPRESENTATION_CONTEXT(2) 
PARAMETRIC_REPRESENTATION_CONTEXT() REPRESENTATION_CONTEXT('2D SPACE',''
  ) );
#83 = ORIENTED_EDGE('',*,*,#84,.T.);
#84 = EDGE_CURVE('',#57,#85,#87,.T.);
#85 = VERTEX_POINT('',#86);
#86 = CARTESIAN_POINT('',(29.96,-134.93,11.273));
#87 = SURFACE_CURVE('',#88,(#92,#99),.PCURVE_S1.);
#88 = LINE('',#89,#90);
#89 = CARTESIAN_POINT('',(29.96,-134.93,0.));
#90 = VECTOR('',#91,1.);
#91 = DIRECTION('',(0.,0.,1.));
#92 = PCURVE('',#32,#93);
#93 = DEFINITIONAL_REPRESENTATION('',(#94),#98);
#94 = LINE('',#95,#96);
#95 = CARTESIAN_POINT('',(0.,-134.93));
#96 = VECTOR('',#97,1.);
#97 = DIRECTION('',(1.,0.));
#98 = ( GEOMETRIC_REPRESENTATION_CONTEXT(2) 
PARAMETRIC_REPRESENTATION_CONTEXT() REPRESENTATION_CONTEXT('2D SPACE',''
  ) );
#99 = PCURVE('',#100,#105);
#100 = PLANE('',#101);
#101 = AXIS2_PLACEMENT_3D('',#102,#103,#104);
#102 = CARTESIAN_POINT('',(-8.336465545435E-16,-134.93,5.60687192064));
#103 = DIRECTION('',(-0.,-1.,-0.));
#104 = DIRECTION('',(0.,0.,-1.));
#105 = DEFINITIONAL_REPRESENTATION('',(#106),#110);
#106 = LINE('',#107,#108);
#107 = CARTESIAN_POINT('',(5.60687192064,29.96));
#108 = VECTOR('',#109,1.);
#109 = DIRECTION('',(-1.,0.));
#110 = ( GEOMETRIC_REPRESENTATION_CONTEXT(2) 
PARAMETRIC_REPRESENTATION_CONTEXT() REPRESENTATION_CONTEXT('2D SPACE',''
  ) );
#111 = ORIENTED_EDGE('',*,*,#112,.F.);
#112 = EDGE_CURVE('',#24,#85,#113,.T.);
#113 = SURFACE_CURVE('',#114,(#118,#125),.PCURVE_S1.);
#114 = LINE('',#115,#116);
#115 = CARTESIAN_POINT('',(29.96,0.,11.273));
#116 = VECTOR('',#117,1.);
#117 = DIRECTION('',(0.,-1.,0.));
#118 = PCURVE('',#32,#119);
#119 = DEFINITIONAL_REPRESENTATION('',(#120),#124);
#120 = LINE('',#121,#122);
#121 = CARTESIAN_POINT('',(11.273,0.));
#122 = VECTOR('',#123,1.);
#123 = DIRECTION('',(0.,-1.));
#124 = ( GEOMETRIC_REPRESENTATION_CONTEXT(2) 
PARAMETRIC_REPRESENTATION_CONTEXT() REPRESENTATION_CONTEXT('2D SPACE',''
  ) );
#125 = PCURVE('',#126,#131);
#126 = PLANE('',#127);
#127 = AXIS2_PLACEMENT_3D('',#128,#129,#130);
#128 = CARTESIAN_POINT('',(29.6965,0.,11.5365));
#129 = DIRECTION('',(0.707106781187,2.887314578119E-18,0.707106781187));
#130 = DIRECTION('',(-2.041639717607E-18,1.,-2.041639717607E-18));
#131 = DEFINITIONAL_REPRESENTATION('',(#132),#136);
#132 = LINE('',#133,#134);
#133 = CARTESIAN_POINT('',(-0.,-0.372645273685));
#134 = VECTOR('',#135,1.);
#135 = DIRECTION('',(-1.,0.));
#136 = ( GEOMETRIC_REPRESENTATION_CONTEXT(2) 
PARAMETRIC_REPRESENTATION_CONTEXT() REPRESENTATION_CONTEXT('2D SPACE',''
  ) );
#137 = ADVANCED_FACE('',(#138,#330),#44,.F.);
#138 = FACE_BOUND('',#139,.F.);
#139 = EDGE_LOOP('',(#140,#141,#169,#197,#225,#253,#281,#309));
#140 = ORIENTED_EDGE('',*,*,#21,.T.);
#141 = ORIENTED_EDGE('',*,*,#142,.T.);
#142 = EDGE_CURVE('',#24,#143,#145,.T.);
#143 = VERTEX_POINT('',#144);
#144 = CARTESIAN_POINT('',(3.847358604091,-5.551115123126E-16,11.273));
#145 = SURFACE_CURVE('',#146,(#150,#157),.PCURVE_S1.);
#146 = LINE('',#147,#148);
#147 = CARTESIAN_POINT('',(29.96,0.,11.273));
#148 = VECTOR('',#149,1.);
#149 = DIRECTION('',(-1.,0.,0.));
#150 = PCURVE('',#44,#151);
#151 = DEFINITIONAL_REPRESENTATION('',(#152),#156);
#152 = LINE('',#153,#154);
#153 = CARTESIAN_POINT('',(-5.66612807936,29.96));
#154 = VECTOR('',#155,1.);
#155 = DIRECTION('',(0.,-1.));
#156 = ( GEOMETRIC_REPRESENTATION_CONTEXT(2) 
PARAMETRIC_REPRESENTATION_CONTEXT() REPRESENTATION_CONTEXT('2D SPACE',''
  ) );
#157 = PCURVE('',#158,#163);
#158 = PLANE('',#159);
#159 = AXIS2_PLACEMENT_3D('',#160,#161,#162);
#160 = CARTESIAN_POINT('',(29.96,-0.2635,11.5365));
#161 = DIRECTION('',(3.337165402819E-18,0.707106781187,0.707106781187));
#162 = DIRECTION('',(1.,-2.359732286274E-18,-2.359732286274E-18));
#163 = DEFINITIONAL_REPRESENTATION('',(#164),#168);
#164 = LINE('',#165,#166);
#165 = CARTESIAN_POINT('',(-0.,0.372645273685));
#166 = VECTOR('',#167,1.);
#167 = DIRECTION('',(-1.,0.));
#168 = ( GEOMETRIC_REPRESENTATION_CONTEXT(2) 
PARAMETRIC_REPRESENTATION_CONTEXT() REPRESENTATION_CONTEXT('2D SPACE',''
  ) );
#169 = ORIENTED_EDGE('',*,*,#170,.T.);
#170 = EDGE_CURVE('',#143,#171,#173,.T.);
#171 = VERTEX_POINT('',#172);
#172 = CARTESIAN_POINT('',(17.1,0.,3.49));
#173 = SURFACE_CURVE('',#174,(#178,#185),.PCURVE_S1.);
#174 = LINE('',#175,#176);
#175 = CARTESIAN_POINT('',(2.95,0.,11.8));
#176 = VECTOR('',#177,1.);
#177 = DIRECTION('',(0.862294308341,0.,-0.506407470128));
#178 = PCURVE('',#44,#179);
#179 = DEFINITIONAL_REPRESENTATION('',(#180),#184);
#180 = LINE('',#181,#182);
#181 = CARTESIAN_POINT('',(-6.19312807936,2.95));
#182 = VECTOR('',#183,1.);
#183 = DIRECTION('',(0.506407470128,0.862294308341));
#184 = ( GEOMETRIC_REPRESENTATION_CONTEXT(2) 
PARAMETRIC_REPRESENTATION_CONTEXT() REPRESENTATION_CONTEXT('2D SPACE',''
  ) );
#185 = PCURVE('',#186,#191);
#186 = PLANE('',#187);
#187 = AXIS2_PLACEMENT_3D('',#188,#189,#190);
#188 = CARTESIAN_POINT('',(2.95,0.,11.8));
#189 = DIRECTION('',(0.506407470128,0.,0.862294308341));
#190 = DIRECTION('',(0.862294308341,0.,-0.506407470128));
#191 = DEFINITIONAL_REPRESENTATION('',(#192),#196);
#192 = LINE('',#193,#194);
#193 = CARTESIAN_POINT('',(0.,0.));
#194 = VECTOR('',#195,1.);
#195 = DIRECTION('',(1.,0.));
#196 = ( GEOMETRIC_REPRESENTATION_CONTEXT(2) 
PARAMETRIC_REPRESENTATION_CONTEXT() REPRESENTATION_CONTEXT('2D SPACE',''
  ) );
#197 = ORIENTED_EDGE('',*,*,#198,.T.);
#198 = EDGE_CURVE('',#171,#199,#201,.T.);
#199 = VERTEX_POINT('',#200);
#200 = CARTESIAN_POINT('',(-17.1,0.,3.49));
#201 = SURFACE_CURVE('',#202,(#206,#213),.PCURVE_S1.);
#202 = LINE('',#203,#204);
#203 = CARTESIAN_POINT('',(17.1,0.,3.49));
#204 = VECTOR('',#205,1.);
#205 = DIRECTION('',(-1.,0.,0.));
#206 = PCURVE('',#44,#207);
#207 = DEFINITIONAL_REPRESENTATION('',(#208),#212);
#208 = LINE('',#209,#210);
#209 = CARTESIAN_POINT('',(2.11687192064,17.1));
#210 = VECTOR('',#211,1.);
#211 = DIRECTION('',(0.,-1.));
#212 = ( GEOMETRIC_REPRESENTATION_CONTEXT(2) 
PARAMETRIC_REPRESENTATION_CONTEXT() REPRESENTATION_CONTEXT('2D SPACE',''
  ) );
#213 = PCURVE('',#214,#219);
#214 = PLANE('',#215);
#215 = AXIS2_PLACEMENT_3D('',#216,#217,#218);
#216 = CARTESIAN_POINT('',(17.1,0.,3.49));
#217 = DIRECTION('',(-0.,-0.,-1.));
#218 = DIRECTION('',(-1.,0.,0.));
#219 = DEFINITIONAL_REPRESENTATION('',(#220),#224);
#220 = LINE('',#221,#222);
#221 = CARTESIAN_POINT('',(0.,0.));
#222 = VECTOR('',#223,1.);
#223 = DIRECTION('',(1.,0.));
#224 = ( GEOMETRIC_REPRESENTATION_CONTEXT(2) 
PARAMETRIC_REPRESENTATION_CONTEXT() REPRESENTATION_CONTEXT('2D SPACE',''
  ) );
#225 = ORIENTED_EDGE('',*,*,#226,.T.);
#226 = EDGE_CURVE('',#199,#227,#229,.T.);
#227 = VERTEX_POINT('',#228);
#228 = CARTESIAN_POINT('',(-3.847358604091,-6.106226635438E-16,11.273));
#229 = SURFACE_CURVE('',#230,(#234,#241),.PCURVE_S1.);
#230 = LINE('',#231,#232);
#231 = CARTESIAN_POINT('',(-17.1,0.,3.49));
#232 = VECTOR('',#233,1.);
#233 = DIRECTION('',(0.862294308341,0.,0.506407470128));
#234 = PCURVE('',#44,#235);
#235 = DEFINITIONAL_REPRESENTATION('',(#236),#240);
#236 = LINE('',#237,#238);
#237 = CARTESIAN_POINT('',(2.11687192064,-17.1));
#238 = VECTOR('',#239,1.);
#239 = DIRECTION('',(-0.506407470128,0.862294308341));
#240 = ( GEOMETRIC_REPRESENTATION_CONTEXT(2) 
PARAMETRIC_REPRESENTATION_CONTEXT() REPRESENTATION_CONTEXT('2D SPACE',''
  ) );
#241 = PCURVE('',#242,#247);
#242 = PLANE('',#243);
#243 = AXIS2_PLACEMENT_3D('',#244,#245,#246);
#244 = CARTESIAN_POINT('',(-17.1,0.,3.49));
#245 = DIRECTION('',(-0.506407470128,0.,0.862294308341));
#246 = DIRECTION('',(0.862294308341,0.,0.506407470128));
#247 = DEFINITIONAL_REPRESENTATION('',(#248),#252);
#248 = LINE('',#249,#250);
#249 = CARTESIAN_POINT('',(0.,0.));
#250 = VECTOR('',#251,1.);
#251 = DIRECTION('',(1.,0.));
#252 = ( GEOMETRIC_REPRESENTATION_CONTEXT(2) 
PARAMETRIC_REPRESENTATION_CONTEXT() REPRESENTATION_CONTEXT('2D SPACE',''
  ) );
#253 = ORIENTED_EDGE('',*,*,#254,.T.);
#254 = EDGE_CURVE('',#227,#255,#257,.T.);
#255 = VERTEX_POINT('',#256);
#256 = CARTESIAN_POINT('',(-29.96,-8.162273129444E-35,11.273));
#257 = SURFACE_CURVE('',#258,(#262,#269),.PCURVE_S1.);
#258 = LINE('',#259,#260);
#259 = CARTESIAN_POINT('',(-2.95,0.,11.273));
#260 = VECTOR('',#261,1.);
#261 = DIRECTION('',(-1.,0.,0.));
#262 = PCURVE('',#44,#263);
#263 = DEFINITIONAL_REPRESENTATION('',(#264),#268);
#264 = LINE('',#265,#266);
#265 = CARTESIAN_POINT('',(-5.66612807936,-2.95));
#266 = VECTOR('',#267,1.);
#267 = DIRECTION('',(0.,-1.));
#268 = ( GEOMETRIC_REPRESENTATION_CONTEXT(2) 
PARAMETRIC_REPRESENTATION_CONTEXT() REPRESENTATION_CONTEXT('2D SPACE',''
  ) );
#269 = PCURVE('',#270,#275);
#270 = PLANE('',#271);
#271 = AXIS2_PLACEMENT_3D('',#272,#273,#274);
#272 = CARTESIAN_POINT('',(-2.95,-0.2635,11.5365));
#273 = DIRECTION('',(3.337165402819E-18,0.707106781187,0.707106781187));
#274 = DIRECTION('',(1.,-2.359732286274E-18,-2.359732286274E-18));
#275 = DEFINITIONAL_REPRESENTATION('',(#276),#280);
#276 = LINE('',#277,#278);
#277 = CARTESIAN_POINT('',(-0.,0.372645273685));
#278 = VECTOR('',#279,1.);
#279 = DIRECTION('',(-1.,0.));
#280 = ( GEOMETRIC_REPRESENTATION_CONTEXT(2) 
PARAMETRIC_REPRESENTATION_CONTEXT() REPRESENTATION_CONTEXT('2D SPACE',''
  ) );
#281 = ORIENTED_EDGE('',*,*,#282,.T.);
#282 = EDGE_CURVE('',#255,#283,#285,.T.);
#283 = VERTEX_POINT('',#284);
#284 = CARTESIAN_POINT('',(-29.96,0.,0.));
#285 = SURFACE_CURVE('',#286,(#290,#297),.PCURVE_S1.);
#286 = LINE('',#287,#288);
#287 = CARTESIAN_POINT('',(-29.96,0.,11.8));
#288 = VECTOR('',#289,1.);
#289 = DIRECTION('',(0.,0.,-1.));
#290 = PCURVE('',#44,#291);
#291 = DEFINITIONAL_REPRESENTATION('',(#292),#296);
#292 = LINE('',#293,#294);
#293 = CARTESIAN_POINT('',(-6.19312807936,-29.96));
#294 = VECTOR('',#295,1.);
#295 = DIRECTION('',(1.,0.));
#296 = ( GEOMETRIC_REPRESENTATION_CONTEXT(2) 
PARAMETRIC_REPRESENTATION_CONTEXT() REPRESENTATION_CONTEXT('2D SPACE',''
  ) );
#297 = PCURVE('',#298,#303);
#298 = PLANE('',#299);
#299 = AXIS2_PLACEMENT_3D('',#300,#301,#302);
#300 = CARTESIAN_POINT('',(-29.96,0.,11.8));
#301 = DIRECTION('',(1.,0.,0.));
#302 = DIRECTION('',(0.,0.,-1.));
#303 = DEFINITIONAL_REPRESENTATION('',(#304),#308);
#304 = LINE('',#305,#306);
#305 = CARTESIAN_POINT('',(0.,0.));
#306 = VECTOR('',#307,1.);
#307 = DIRECTION('',(1.,0.));
#308 = ( GEOMETRIC_REPRESENTATION_CONTEXT(2) 
PARAMETRIC_REPRESENTATION_CONTEXT() REPRESENTATION_CONTEXT('2D SPACE',''
  ) );
#309 = ORIENTED_EDGE('',*,*,#310,.T.);
#310 = EDGE_CURVE('',#283,#22,#311,.T.);
#311 = SURFACE_CURVE('',#312,(#316,#323),.PCURVE_S1.);
#312 = LINE('',#313,#314);
#313 = CARTESIAN_POINT('',(-29.96,0.,0.));
#314 = VECTOR('',#315,1.);
#315 = DIRECTION('',(1.,0.,0.));
#316 = PCURVE('',#44,#317);
#317 = DEFINITIONAL_REPRESENTATION('',(#318),#322);
#318 = LINE('',#319,#320);
#319 = CARTESIAN_POINT('',(5.60687192064,-29.96));
#320 = VECTOR('',#321,1.);
#321 = DIRECTION('',(0.,1.));
#322 = ( GEOMETRIC_REPRESENTATION_CONTEXT(2) 
PARAMETRIC_REPRESENTATION_CONTEXT() REPRESENTATION_CONTEXT('2D SPACE',''
  ) );
#323 = PCURVE('',#72,#324);
#324 = DEFINITIONAL_REPRESENTATION('',(#325),#329);
#325 = LINE('',#326,#327);
#326 = CARTESIAN_POINT('',(0.,0.));
#327 = VECTOR('',#328,1.);
#328 = DIRECTION('',(1.,0.));
#329 = ( GEOMETRIC_REPRESENTATION_CONTEXT(2) 
PARAMETRIC_REPRESENTATION_CONTEXT() REPRESENTATION_CONTEXT('2D SPACE',''
  ) );
#330 = FACE_BOUND('',#331,.F.);
#331 = EDGE_LOOP('',(#332,#360,#386,#412));
#332 = ORIENTED_EDGE('',*,*,#333,.T.);
#333 = EDGE_CURVE('',#334,#336,#338,.T.);
#334 = VERTEX_POINT('',#335);
#335 = CARTESIAN_POINT('',(-1.13,0.,3.235));
#336 = VERTEX_POINT('',#337);
#337 = CARTESIAN_POINT('',(1.13,0.,3.235));
#338 = SURFACE_CURVE('',#339,(#343,#349),.PCURVE_S1.);
#339 = LINE('',#340,#341);
#340 = CARTESIAN_POINT('',(-4.168232772718E-16,0.,3.235));
#341 = VECTOR('',#342,1.);
#342 = DIRECTION('',(1.,0.,0.));
#343 = PCURVE('',#44,#344);
#344 = DEFINITIONAL_REPRESENTATION('',(#345),#348);
#345 = B_SPLINE_CURVE_WITH_KNOTS('',1,(#346,#347),.UNSPECIFIED.,.F.,.F.,
  (2,2),(-1.13,1.13),.PIECEWISE_BEZIER_KNOTS.);
#346 = CARTESIAN_POINT('',(2.37187192064,-1.13));
#347 = CARTESIAN_POINT('',(2.37187192064,1.13));
#348 = ( GEOMETRIC_REPRESENTATION_CONTEXT(2) 
PARAMETRIC_REPRESENTATION_CONTEXT() REPRESENTATION_CONTEXT('2D SPACE',''
  ) );
#349 = PCURVE('',#350,#355);
#350 = PLANE('',#351);
#351 = AXIS2_PLACEMENT_3D('',#352,#353,#354);
#352 = CARTESIAN_POINT('',(0.,0.,3.235));
#353 = DIRECTION('',(-0.,-0.,-1.));
#354 = DIRECTION('',(-1.,0.,0.));
#355 = DEFINITIONAL_REPRESENTATION('',(#356),#359);
#356 = B_SPLINE_CURVE_WITH_KNOTS('',1,(#357,#358),.UNSPECIFIED.,.F.,.F.,
  (2,2),(-1.13,1.13),.PIECEWISE_BEZIER_KNOTS.);
#357 = CARTESIAN_POINT('',(1.13,0.));
#358 = CARTESIAN_POINT('',(-1.13,0.));
#359 = ( GEOMETRIC_REPRESENTATION_CONTEXT(2) 
PARAMETRIC_REPRESENTATION_CONTEXT() REPRESENTATION_CONTEXT('2D SPACE',''
  ) );
#360 = ORIENTED_EDGE('',*,*,#361,.T.);
#361 = EDGE_CURVE('',#336,#362,#364,.T.);
#362 = VERTEX_POINT('',#363);
#363 = CARTESIAN_POINT('',(1.13,0.,2.215));
#364 = SURFACE_CURVE('',#365,(#369,#375),.PCURVE_S1.);
#365 = LINE('',#366,#367);
#366 = CARTESIAN_POINT('',(1.13,0.,4.42093596032));
#367 = VECTOR('',#368,1.);
#368 = DIRECTION('',(-0.,0.,-1.));
#369 = PCURVE('',#44,#370);
#370 = DEFINITIONAL_REPRESENTATION('',(#371),#374);
#371 = B_SPLINE_CURVE_WITH_KNOTS('',1,(#372,#373),.UNSPECIFIED.,.F.,.F.,
  (2,2),(1.18593596032,2.20593596032),.PIECEWISE_BEZIER_KNOTS.);
#372 = CARTESIAN_POINT('',(2.37187192064,1.13));
#373 = CARTESIAN_POINT('',(3.39187192064,1.13));
#374 = ( GEOMETRIC_REPRESENTATION_CONTEXT(2) 
PARAMETRIC_REPRESENTATION_CONTEXT() REPRESENTATION_CONTEXT('2D SPACE',''
  ) );
#375 = PCURVE('',#376,#381);
#376 = PLANE('',#377);
#377 = AXIS2_PLACEMENT_3D('',#378,#379,#380);
#378 = CARTESIAN_POINT('',(1.13,53.97,3.235));
#379 = DIRECTION('',(-1.,-0.,0.));
#380 = DIRECTION('',(0.,-1.,1.110223024625E-16));
#381 = DEFINITIONAL_REPRESENTATION('',(#382),#385);
#382 = B_SPLINE_CURVE_WITH_KNOTS('',1,(#383,#384),.UNSPECIFIED.,.F.,.F.,
  (2,2),(1.18593596032,2.20593596032),.PIECEWISE_BEZIER_KNOTS.);
#383 = CARTESIAN_POINT('',(53.97,0.));
#384 = CARTESIAN_POINT('',(53.97,-1.02));
#385 = ( GEOMETRIC_REPRESENTATION_CONTEXT(2) 
PARAMETRIC_REPRESENTATION_CONTEXT() REPRESENTATION_CONTEXT('2D SPACE',''
  ) );
#386 = ORIENTED_EDGE('',*,*,#387,.F.);
#387 = EDGE_CURVE('',#388,#362,#390,.T.);
#388 = VERTEX_POINT('',#389);
#389 = CARTESIAN_POINT('',(-1.13,0.,2.215));
#390 = SURFACE_CURVE('',#391,(#395,#401),.PCURVE_S1.);
#391 = LINE('',#392,#393);
#392 = CARTESIAN_POINT('',(-4.168232772718E-16,0.,2.215));
#393 = VECTOR('',#394,1.);
#394 = DIRECTION('',(1.,0.,0.));
#395 = PCURVE('',#44,#396);
#396 = DEFINITIONAL_REPRESENTATION('',(#397),#400);
#397 = B_SPLINE_CURVE_WITH_KNOTS('',1,(#398,#399),.UNSPECIFIED.,.F.,.F.,
  (2,2),(-1.13,1.13),.PIECEWISE_BEZIER_KNOTS.);
#398 = CARTESIAN_POINT('',(3.39187192064,-1.13));
#399 = CARTESIAN_POINT('',(3.39187192064,1.13));
#400 = ( GEOMETRIC_REPRESENTATION_CONTEXT(2) 
PARAMETRIC_REPRESENTATION_CONTEXT() REPRESENTATION_CONTEXT('2D SPACE',''
  ) );
#401 = PCURVE('',#402,#407);
#402 = PLANE('',#403);
#403 = AXIS2_PLACEMENT_3D('',#404,#405,#406);
#404 = CARTESIAN_POINT('',(0.,-1.132427485118E-16,2.215));
#405 = DIRECTION('',(-0.,-0.,-1.));
#406 = DIRECTION('',(-1.,0.,0.));
#407 = DEFINITIONAL_REPRESENTATION('',(#408),#411);
#408 = B_SPLINE_CURVE_WITH_KNOTS('',1,(#409,#410),.UNSPECIFIED.,.F.,.F.,
  (2,2),(-1.13,1.13),.PIECEWISE_BEZIER_KNOTS.);
#409 = CARTESIAN_POINT('',(1.13,1.132427485118E-16));
#410 = CARTESIAN_POINT('',(-1.13,1.132427485118E-16));
#411 = ( GEOMETRIC_REPRESENTATION_CONTEXT(2) 
PARAMETRIC_REPRESENTATION_CONTEXT() REPRESENTATION_CONTEXT('2D SPACE',''
  ) );
#412 = ORIENTED_EDGE('',*,*,#413,.T.);
#413 = EDGE_CURVE('',#388,#334,#414,.T.);
#414 = SURFACE_CURVE('',#415,(#419,#425),.PCURVE_S1.);
#415 = LINE('',#416,#417);
#416 = CARTESIAN_POINT('',(-1.13,0.,4.42093596032));
#417 = VECTOR('',#418,1.);
#418 = DIRECTION('',(0.,0.,1.));
#419 = PCURVE('',#44,#420);
#420 = DEFINITIONAL_REPRESENTATION('',(#421),#424);
#421 = B_SPLINE_CURVE_WITH_KNOTS('',1,(#422,#423),.UNSPECIFIED.,.F.,.F.,
  (2,2),(-2.20593596032,-1.18593596032),.PIECEWISE_BEZIER_KNOTS.);
#422 = CARTESIAN_POINT('',(3.39187192064,-1.13));
#423 = CARTESIAN_POINT('',(2.37187192064,-1.13));
#424 = ( GEOMETRIC_REPRESENTATION_CONTEXT(2) 
PARAMETRIC_REPRESENTATION_CONTEXT() REPRESENTATION_CONTEXT('2D SPACE',''
  ) );
#425 = PCURVE('',#426,#431);
#426 = PLANE('',#427);
#427 = AXIS2_PLACEMENT_3D('',#428,#429,#430);
#428 = CARTESIAN_POINT('',(-1.13,-53.97,3.235));
#429 = DIRECTION('',(1.,0.,0.));
#430 = DIRECTION('',(0.,1.,-1.110223024625E-16));
#431 = DEFINITIONAL_REPRESENTATION('',(#432),#435);
#432 = B_SPLINE_CURVE_WITH_KNOTS('',1,(#433,#434),.UNSPECIFIED.,.F.,.F.,
  (2,2),(-2.20593596032,-1.18593596032),.PIECEWISE_BEZIER_KNOTS.);
#433 = CARTESIAN_POINT('',(53.97,-1.02));
#434 = CARTESIAN_POINT('',(53.97,4.440892098501E-16));
#435 = ( GEOMETRIC_REPRESENTATION_CONTEXT(2) 
PARAMETRIC_REPRESENTATION_CONTEXT() REPRESENTATION_CONTEXT('2D SPACE',''
  ) );
#436 = ADVANCED_FACE('',(#437),#126,.T.);
#437 = FACE_BOUND('',#438,.F.);
#438 = EDGE_LOOP('',(#439,#462,#463,#491));
#439 = ORIENTED_EDGE('',*,*,#440,.F.);
#440 = EDGE_CURVE('',#24,#441,#443,.T.);
#441 = VERTEX_POINT('',#442);
#442 = CARTESIAN_POINT('',(29.433,-0.527,11.8));
#443 = SURFACE_CURVE('',#444,(#448,#455),.PCURVE_S1.);
#444 = LINE('',#445,#446);
#445 = CARTESIAN_POINT('',(29.784333333333,-0.175666666667,
    11.448666666667));
#446 = VECTOR('',#447,1.);
#447 = DIRECTION('',(-0.57735026919,-0.57735026919,0.57735026919));
#448 = PCURVE('',#126,#449);
#449 = DEFINITIONAL_REPRESENTATION('',(#450),#454);
#450 = LINE('',#451,#452);
#451 = CARTESIAN_POINT('',(-0.175666666667,-0.124215091228));
#452 = VECTOR('',#453,1.);
#453 = DIRECTION('',(-0.57735026919,0.816496580928));
#454 = ( GEOMETRIC_REPRESENTATION_CONTEXT(2) 
PARAMETRIC_REPRESENTATION_CONTEXT() REPRESENTATION_CONTEXT('2D SPACE',''
  ) );
#455 = PCURVE('',#158,#456);
#456 = DEFINITIONAL_REPRESENTATION('',(#457),#461);
#457 = LINE('',#458,#459);
#458 = CARTESIAN_POINT('',(-0.175666666667,0.124215091228));
#459 = VECTOR('',#460,1.);
#460 = DIRECTION('',(-0.57735026919,-0.816496580928));
#461 = ( GEOMETRIC_REPRESENTATION_CONTEXT(2) 
PARAMETRIC_REPRESENTATION_CONTEXT() REPRESENTATION_CONTEXT('2D SPACE',''
  ) );
#462 = ORIENTED_EDGE('',*,*,#112,.T.);
#463 = ORIENTED_EDGE('',*,*,#464,.T.);
#464 = EDGE_CURVE('',#85,#465,#467,.T.);
#465 = VERTEX_POINT('',#466);
#466 = CARTESIAN_POINT('',(29.433,-134.403,11.8));
#467 = SURFACE_CURVE('',#468,(#472,#479),.PCURVE_S1.);
#468 = LINE('',#469,#470);
#469 = CARTESIAN_POINT('',(7.296,-112.266,33.937));
#470 = VECTOR('',#471,1.);
#471 = DIRECTION('',(-0.57735026919,0.57735026919,0.57735026919));
#472 = PCURVE('',#126,#473);
#473 = DEFINITIONAL_REPRESENTATION('',(#474),#478);
#474 = LINE('',#475,#476);
#475 = CARTESIAN_POINT('',(-112.266,31.679090903938));
#476 = VECTOR('',#477,1.);
#477 = DIRECTION('',(0.57735026919,0.816496580928));
#478 = ( GEOMETRIC_REPRESENTATION_CONTEXT(2) 
PARAMETRIC_REPRESENTATION_CONTEXT() REPRESENTATION_CONTEXT('2D SPACE',''
  ) );
#479 = PCURVE('',#480,#485);
#480 = PLANE('',#481);
#481 = AXIS2_PLACEMENT_3D('',#482,#483,#484);
#482 = CARTESIAN_POINT('',(29.96,-134.6665,11.5365));
#483 = DIRECTION('',(1.74622797206E-18,0.707106781187,-0.707106781187));
#484 = DIRECTION('',(1.,-1.234769640541E-18,1.234769640541E-18));
#485 = DEFINITIONAL_REPRESENTATION('',(#486),#490);
#486 = LINE('',#487,#488);
#487 = CARTESIAN_POINT('',(-22.664,-31.67909090393));
#488 = VECTOR('',#489,1.);
#489 = DIRECTION('',(-0.57735026919,-0.816496580928));
#490 = ( GEOMETRIC_REPRESENTATION_CONTEXT(2) 
PARAMETRIC_REPRESENTATION_CONTEXT() REPRESENTATION_CONTEXT('2D SPACE',''
  ) );
#491 = ORIENTED_EDGE('',*,*,#492,.F.);
#492 = EDGE_CURVE('',#441,#465,#493,.T.);
#493 = SURFACE_CURVE('',#494,(#498,#505),.PCURVE_S1.);
#494 = LINE('',#495,#496);
#495 = CARTESIAN_POINT('',(29.433,0.,11.8));
#496 = VECTOR('',#497,1.);
#497 = DIRECTION('',(0.,-1.,0.));
#498 = PCURVE('',#126,#499);
#499 = DEFINITIONAL_REPRESENTATION('',(#500),#504);
#500 = LINE('',#501,#502);
#501 = CARTESIAN_POINT('',(-0.,0.372645273685));
#502 = VECTOR('',#503,1.);
#503 = DIRECTION('',(-1.,0.));
#504 = ( GEOMETRIC_REPRESENTATION_CONTEXT(2) 
PARAMETRIC_REPRESENTATION_CONTEXT() REPRESENTATION_CONTEXT('2D SPACE',''
  ) );
#505 = PCURVE('',#506,#511);
#506 = PLANE('',#507);
#507 = AXIS2_PLACEMENT_3D('',#508,#509,#510);
#508 = CARTESIAN_POINT('',(29.96,0.,11.8));
#509 = DIRECTION('',(-0.,-0.,-1.));
#510 = DIRECTION('',(-1.,0.,0.));
#511 = DEFINITIONAL_REPRESENTATION('',(#512),#516);
#512 = LINE('',#513,#514);
#513 = CARTESIAN_POINT('',(0.527,0.));
#514 = VECTOR('',#515,1.);
#515 = DIRECTION('',(0.,-1.));
#516 = ( GEOMETRIC_REPRESENTATION_CONTEXT(2) 
PARAMETRIC_REPRESENTATION_CONTEXT() REPRESENTATION_CONTEXT('2D SPACE',''
  ) );
#517 = ADVANCED_FACE('',(#518,#566),#72,.F.);
#518 = FACE_BOUND('',#519,.F.);
#519 = EDGE_LOOP('',(#520,#543,#564,#565));
#520 = ORIENTED_EDGE('',*,*,#521,.T.);
#521 = EDGE_CURVE('',#283,#522,#524,.T.);
#522 = VERTEX_POINT('',#523);
#523 = CARTESIAN_POINT('',(-29.96,-134.93,0.));
#524 = SURFACE_CURVE('',#525,(#529,#536),.PCURVE_S1.);
#525 = LINE('',#526,#527);
#526 = CARTESIAN_POINT('',(-29.96,0.,0.));
#527 = VECTOR('',#528,1.);
#528 = DIRECTION('',(0.,-1.,0.));
#529 = PCURVE('',#72,#530);
#530 = DEFINITIONAL_REPRESENTATION('',(#531),#535);
#531 = LINE('',#532,#533);
#532 = CARTESIAN_POINT('',(0.,0.));
#533 = VECTOR('',#534,1.);
#534 = DIRECTION('',(0.,-1.));
#535 = ( GEOMETRIC_REPRESENTATION_CONTEXT(2) 
PARAMETRIC_REPRESENTATION_CONTEXT() REPRESENTATION_CONTEXT('2D SPACE',''
  ) );
#536 = PCURVE('',#298,#537);
#537 = DEFINITIONAL_REPRESENTATION('',(#538),#542);
#538 = LINE('',#539,#540);
#539 = CARTESIAN_POINT('',(11.8,0.));
#540 = VECTOR('',#541,1.);
#541 = DIRECTION('',(0.,-1.));
#542 = ( GEOMETRIC_REPRESENTATION_CONTEXT(2) 
PARAMETRIC_REPRESENTATION_CONTEXT() REPRESENTATION_CONTEXT('2D SPACE',''
  ) );
#543 = ORIENTED_EDGE('',*,*,#544,.T.);
#544 = EDGE_CURVE('',#522,#57,#545,.T.);
#545 = SURFACE_CURVE('',#546,(#550,#557),.PCURVE_S1.);
#546 = LINE('',#547,#548);
#547 = CARTESIAN_POINT('',(-29.96,-134.93,0.));
#548 = VECTOR('',#549,1.);
#549 = DIRECTION('',(1.,0.,0.));
#550 = PCURVE('',#72,#551);
#551 = DEFINITIONAL_REPRESENTATION('',(#552),#556);
#552 = LINE('',#553,#554);
#553 = CARTESIAN_POINT('',(0.,-134.93));
#554 = VECTOR('',#555,1.);
#555 = DIRECTION('',(1.,0.));
#556 = ( GEOMETRIC_REPRESENTATION_CONTEXT(2) 
PARAMETRIC_REPRESENTATION_CONTEXT() REPRESENTATION_CONTEXT('2D SPACE',''
  ) );
#557 = PCURVE('',#100,#558);
#558 = DEFINITIONAL_REPRESENTATION('',(#559),#563);
#559 = LINE('',#560,#561);
#560 = CARTESIAN_POINT('',(5.60687192064,-29.96));
#561 = VECTOR('',#562,1.);
#562 = DIRECTION('',(0.,1.));
#563 = ( GEOMETRIC_REPRESENTATION_CONTEXT(2) 
PARAMETRIC_REPRESENTATION_CONTEXT() REPRESENTATION_CONTEXT('2D SPACE',''
  ) );
#564 = ORIENTED_EDGE('',*,*,#56,.F.);
#565 = ORIENTED_EDGE('',*,*,#310,.F.);
#566 = FACE_BOUND('',#567,.F.);
#567 = EDGE_LOOP('',(#568));
#568 = ORIENTED_EDGE('',*,*,#569,.F.);
#569 = EDGE_CURVE('',#570,#570,#572,.T.);
#570 = VERTEX_POINT('',#571);
#571 = CARTESIAN_POINT('',(-6.2,-22.489,0.));
#572 = SURFACE_CURVE('',#573,(#578,#585),.PCURVE_S1.);
#573 = CIRCLE('',#574,6.2);
#574 = AXIS2_PLACEMENT_3D('',#575,#576,#577);
#575 = CARTESIAN_POINT('',(0.,-22.489,0.));
#576 = DIRECTION('',(0.,0.,1.));
#577 = DIRECTION('',(-1.,0.,0.));
#578 = PCURVE('',#72,#579);
#579 = DEFINITIONAL_REPRESENTATION('',(#580),#584);
#580 = CIRCLE('',#581,6.2);
#581 = AXIS2_PLACEMENT_2D('',#582,#583);
#582 = CARTESIAN_POINT('',(29.96,-22.489));
#583 = DIRECTION('',(-1.,0.));
#584 = ( GEOMETRIC_REPRESENTATION_CONTEXT(2) 
PARAMETRIC_REPRESENTATION_CONTEXT() REPRESENTATION_CONTEXT('2D SPACE',''
  ) );
#585 = PCURVE('',#586,#591);
#586 = CYLINDRICAL_SURFACE('',#587,6.2);
#587 = AXIS2_PLACEMENT_3D('',#588,#589,#590);
#588 = CARTESIAN_POINT('',(0.,-22.489,0.));
#589 = DIRECTION('',(0.,0.,1.));
#590 = DIRECTION('',(-1.,0.,0.));
#591 = DEFINITIONAL_REPRESENTATION('',(#592),#596);
#592 = LINE('',#593,#594);
#593 = CARTESIAN_POINT('',(0.,0.));
#594 = VECTOR('',#595,1.);
#595 = DIRECTION('',(1.,0.));
#596 = ( GEOMETRIC_REPRESENTATION_CONTEXT(2) 
PARAMETRIC_REPRESENTATION_CONTEXT() REPRESENTATION_CONTEXT('2D SPACE',''
  ) );
#597 = ADVANCED_FACE('',(#598),#100,.T.);
#598 = FACE_BOUND('',#599,.T.);
#599 = EDGE_LOOP('',(#600,#601,#624,#647,#670,#693,#721,#742));
#600 = ORIENTED_EDGE('',*,*,#84,.T.);
#601 = ORIENTED_EDGE('',*,*,#602,.T.);
#602 = EDGE_CURVE('',#85,#603,#605,.T.);
#603 = VERTEX_POINT('',#604);
#604 = CARTESIAN_POINT('',(3.847358604091,-134.93,11.273));
#605 = SURFACE_CURVE('',#606,(#610,#617),.PCURVE_S1.);
#606 = LINE('',#607,#608);
#607 = CARTESIAN_POINT('',(29.96,-134.93,11.273));
#608 = VECTOR('',#609,1.);
#609 = DIRECTION('',(-1.,0.,0.));
#610 = PCURVE('',#100,#611);
#611 = DEFINITIONAL_REPRESENTATION('',(#612),#616);
#612 = LINE('',#613,#614);
#613 = CARTESIAN_POINT('',(-5.66612807936,29.96));
#614 = VECTOR('',#615,1.);
#615 = DIRECTION('',(0.,-1.));
#616 = ( GEOMETRIC_REPRESENTATION_CONTEXT(2) 
PARAMETRIC_REPRESENTATION_CONTEXT() REPRESENTATION_CONTEXT('2D SPACE',''
  ) );
#617 = PCURVE('',#480,#618);
#618 = DEFINITIONAL_REPRESENTATION('',(#619),#623);
#619 = LINE('',#620,#621);
#620 = CARTESIAN_POINT('',(-0.,0.372645273685));
#621 = VECTOR('',#622,1.);
#622 = DIRECTION('',(-1.,0.));
#623 = ( GEOMETRIC_REPRESENTATION_CONTEXT(2) 
PARAMETRIC_REPRESENTATION_CONTEXT() REPRESENTATION_CONTEXT('2D SPACE',''
  ) );
#624 = ORIENTED_EDGE('',*,*,#625,.T.);
#625 = EDGE_CURVE('',#603,#626,#628,.T.);
#626 = VERTEX_POINT('',#627);
#627 = CARTESIAN_POINT('',(17.1,-134.93,3.49));
#628 = SURFACE_CURVE('',#629,(#633,#640),.PCURVE_S1.);
#629 = LINE('',#630,#631);
#630 = CARTESIAN_POINT('',(2.95,-134.93,11.8));
#631 = VECTOR('',#632,1.);
#632 = DIRECTION('',(0.862294308341,0.,-0.506407470128));
#633 = PCURVE('',#100,#634);
#634 = DEFINITIONAL_REPRESENTATION('',(#635),#639);
#635 = LINE('',#636,#637);
#636 = CARTESIAN_POINT('',(-6.19312807936,2.95));
#637 = VECTOR('',#638,1.);
#638 = DIRECTION('',(0.506407470128,0.862294308341));
#639 = ( GEOMETRIC_REPRESENTATION_CONTEXT(2) 
PARAMETRIC_REPRESENTATION_CONTEXT() REPRESENTATION_CONTEXT('2D SPACE',''
  ) );
#640 = PCURVE('',#186,#641);
#641 = DEFINITIONAL_REPRESENTATION('',(#642),#646);
#642 = LINE('',#643,#644);
#643 = CARTESIAN_POINT('',(0.,-134.93));
#644 = VECTOR('',#645,1.);
#645 = DIRECTION('',(1.,0.));
#646 = ( GEOMETRIC_REPRESENTATION_CONTEXT(2) 
PARAMETRIC_REPRESENTATION_CONTEXT() REPRESENTATION_CONTEXT('2D SPACE',''
  ) );
#647 = ORIENTED_EDGE('',*,*,#648,.T.);
#648 = EDGE_CURVE('',#626,#649,#651,.T.);
#649 = VERTEX_POINT('',#650);
#650 = CARTESIAN_POINT('',(-17.1,-134.93,3.49));
#651 = SURFACE_CURVE('',#652,(#656,#663),.PCURVE_S1.);
#652 = LINE('',#653,#654);
#653 = CARTESIAN_POINT('',(17.1,-134.93,3.49));
#654 = VECTOR('',#655,1.);
#655 = DIRECTION('',(-1.,0.,0.));
#656 = PCURVE('',#100,#657);
#657 = DEFINITIONAL_REPRESENTATION('',(#658),#662);
#658 = LINE('',#659,#660);
#659 = CARTESIAN_POINT('',(2.11687192064,17.1));
#660 = VECTOR('',#661,1.);
#661 = DIRECTION('',(0.,-1.));
#662 = ( GEOMETRIC_REPRESENTATION_CONTEXT(2) 
PARAMETRIC_REPRESENTATION_CONTEXT() REPRESENTATION_CONTEXT('2D SPACE',''
  ) );
#663 = PCURVE('',#214,#664);
#664 = DEFINITIONAL_REPRESENTATION('',(#665),#669);
#665 = LINE('',#666,#667);
#666 = CARTESIAN_POINT('',(0.,-134.93));
#667 = VECTOR('',#668,1.);
#668 = DIRECTION('',(1.,0.));
#669 = ( GEOMETRIC_REPRESENTATION_CONTEXT(2) 
PARAMETRIC_REPRESENTATION_CONTEXT() REPRESENTATION_CONTEXT('2D SPACE',''
  ) );
#670 = ORIENTED_EDGE('',*,*,#671,.T.);
#671 = EDGE_CURVE('',#649,#672,#674,.T.);
#672 = VERTEX_POINT('',#673);
#673 = CARTESIAN_POINT('',(-3.847358604091,-134.93,11.273));
#674 = SURFACE_CURVE('',#675,(#679,#686),.PCURVE_S1.);
#675 = LINE('',#676,#677);
#676 = CARTESIAN_POINT('',(-17.1,-134.93,3.49));
#677 = VECTOR('',#678,1.);
#678 = DIRECTION('',(0.862294308341,0.,0.506407470128));
#679 = PCURVE('',#100,#680);
#680 = DEFINITIONAL_REPRESENTATION('',(#681),#685);
#681 = LINE('',#682,#683);
#682 = CARTESIAN_POINT('',(2.11687192064,-17.1));
#683 = VECTOR('',#684,1.);
#684 = DIRECTION('',(-0.506407470128,0.862294308341));
#685 = ( GEOMETRIC_REPRESENTATION_CONTEXT(2) 
PARAMETRIC_REPRESENTATION_CONTEXT() REPRESENTATION_CONTEXT('2D SPACE',''
  ) );
#686 = PCURVE('',#242,#687);
#687 = DEFINITIONAL_REPRESENTATION('',(#688),#692);
#688 = LINE('',#689,#690);
#689 = CARTESIAN_POINT('',(0.,-134.93));
#690 = VECTOR('',#691,1.);
#691 = DIRECTION('',(1.,0.));
#692 = ( GEOMETRIC_REPRESENTATION_CONTEXT(2) 
PARAMETRIC_REPRESENTATION_CONTEXT() REPRESENTATION_CONTEXT('2D SPACE',''
  ) );
#693 = ORIENTED_EDGE('',*,*,#694,.T.);
#694 = EDGE_CURVE('',#672,#695,#697,.T.);
#695 = VERTEX_POINT('',#696);
#696 = CARTESIAN_POINT('',(-29.96,-134.93,11.273));
#697 = SURFACE_CURVE('',#698,(#702,#709),.PCURVE_S1.);
#698 = LINE('',#699,#700);
#699 = CARTESIAN_POINT('',(-2.95,-134.93,11.273));
#700 = VECTOR('',#701,1.);
#701 = DIRECTION('',(-1.,0.,0.));
#702 = PCURVE('',#100,#703);
#703 = DEFINITIONAL_REPRESENTATION('',(#704),#708);
#704 = LINE('',#705,#706);
#705 = CARTESIAN_POINT('',(-5.66612807936,-2.95));
#706 = VECTOR('',#707,1.);
#707 = DIRECTION('',(0.,-1.));
#708 = ( GEOMETRIC_REPRESENTATION_CONTEXT(2) 
PARAMETRIC_REPRESENTATION_CONTEXT() REPRESENTATION_CONTEXT('2D SPACE',''
  ) );
#709 = PCURVE('',#710,#715);
#710 = PLANE('',#711);
#711 = AXIS2_PLACEMENT_3D('',#712,#713,#714);
#712 = CARTESIAN_POINT('',(-2.95,-134.6665,11.5365));
#713 = DIRECTION('',(1.74622797206E-18,0.707106781187,-0.707106781187));
#714 = DIRECTION('',(1.,-1.234769640541E-18,1.234769640541E-18));
#715 = DEFINITIONAL_REPRESENTATION('',(#716),#720);
#716 = LINE('',#717,#718);
#717 = CARTESIAN_POINT('',(-0.,0.372645273685));
#718 = VECTOR('',#719,1.);
#719 = DIRECTION('',(-1.,0.));
#720 = ( GEOMETRIC_REPRESENTATION_CONTEXT(2) 
PARAMETRIC_REPRESENTATION_CONTEXT() REPRESENTATION_CONTEXT('2D SPACE',''
  ) );
#721 = ORIENTED_EDGE('',*,*,#722,.T.);
#722 = EDGE_CURVE('',#695,#522,#723,.T.);
#723 = SURFACE_CURVE('',#724,(#728,#735),.PCURVE_S1.);
#724 = LINE('',#725,#726);
#725 = CARTESIAN_POINT('',(-29.96,-134.93,11.8));
#726 = VECTOR('',#727,1.);
#727 = DIRECTION('',(0.,0.,-1.));
#728 = PCURVE('',#100,#729);
#729 = DEFINITIONAL_REPRESENTATION('',(#730),#734);
#730 = LINE('',#731,#732);
#731 = CARTESIAN_POINT('',(-6.19312807936,-29.96));
#732 = VECTOR('',#733,1.);
#733 = DIRECTION('',(1.,0.));
#734 = ( GEOMETRIC_REPRESENTATION_CONTEXT(2) 
PARAMETRIC_REPRESENTATION_CONTEXT() REPRESENTATION_CONTEXT('2D SPACE',''
  ) );
#735 = PCURVE('',#298,#736);
#736 = DEFINITIONAL_REPRESENTATION('',(#737),#741);
#737 = LINE('',#738,#739);
#738 = CARTESIAN_POINT('',(0.,-134.93));
#739 = VECTOR('',#740,1.);
#740 = DIRECTION('',(1.,0.));
#741 = ( GEOMETRIC_REPRESENTATION_CONTEXT(2) 
PARAMETRIC_REPRESENTATION_CONTEXT() REPRESENTATION_CONTEXT('2D SPACE',''
  ) );
#742 = ORIENTED_EDGE('',*,*,#544,.T.);
#743 = ADVANCED_FACE('',(#744),#158,.T.);
#744 = FACE_BOUND('',#745,.F.);
#745 = EDGE_LOOP('',(#746,#776,#797,#798,#799));
#746 = ORIENTED_EDGE('',*,*,#747,.T.);
#747 = EDGE_CURVE('',#748,#750,#752,.T.);
#748 = VERTEX_POINT('',#749);
#749 = CARTESIAN_POINT('',(3.477,-0.527,11.8));
#750 = VERTEX_POINT('',#751);
#751 = CARTESIAN_POINT('',(3.404429100496,-0.260123263242,
    11.533123263242));
#752 = SURFACE_CURVE('',#753,(#757,#764),.PCURVE_S1.);
#753 = LINE('',#754,#755);
#754 = CARTESIAN_POINT('',(3.87061778472,-1.974514508347,13.247514508347
    ));
#755 = VECTOR('',#756,1.);
#756 = DIRECTION('',(-0.188822291317,0.694386831061,-0.694386831061));
#757 = PCURVE('',#158,#758);
#758 = DEFINITIONAL_REPRESENTATION('',(#759),#763);
#759 = LINE('',#760,#761);
#760 = CARTESIAN_POINT('',(-26.08938221528,-2.419739923122));
#761 = VECTOR('',#762,1.);
#762 = DIRECTION('',(-0.188822291317,0.98201127402));
#763 = ( GEOMETRIC_REPRESENTATION_CONTEXT(2) 
PARAMETRIC_REPRESENTATION_CONTEXT() REPRESENTATION_CONTEXT('2D SPACE',''
  ) );
#764 = PCURVE('',#765,#770);
#765 = PLANE('',#766);
#766 = AXIS2_PLACEMENT_3D('',#767,#768,#769);
#767 = CARTESIAN_POINT('',(3.440714550248,0.,11.666561631621));
#768 = DIRECTION('',(-0.96495966453,-6.978962820565E-19,0.262398258053)
  );
#769 = DIRECTION('',(-6.734417622103E-19,1.,1.831267687133E-19));
#770 = DEFINITIONAL_REPRESENTATION('',(#771),#775);
#771 = LINE('',#772,#773);
#772 = CARTESIAN_POINT('',(-1.974514508347,-1.638361617421));
#773 = VECTOR('',#774,1.);
#774 = DIRECTION('',(0.694386831061,0.719601923878));
#775 = ( GEOMETRIC_REPRESENTATION_CONTEXT(2) 
PARAMETRIC_REPRESENTATION_CONTEXT() REPRESENTATION_CONTEXT('2D SPACE',''
  ) );
#776 = ORIENTED_EDGE('',*,*,#777,.T.);
#777 = EDGE_CURVE('',#750,#143,#778,.T.);
#778 = SURFACE_CURVE('',#779,(#783,#790),.PCURVE_S1.);
#779 = LINE('',#780,#781);
#780 = CARTESIAN_POINT('',(11.125256478274,4.274157691481,6.998842308519
    ));
#781 = VECTOR('',#782,1.);
#782 = DIRECTION('',(0.769277745629,0.451780782062,-0.451780782062));
#783 = PCURVE('',#158,#784);
#784 = DEFINITIONAL_REPRESENTATION('',(#785),#789);
#785 = LINE('',#786,#787);
#786 = CARTESIAN_POINT('',(-18.83474352172,6.417217048699));
#787 = VECTOR('',#788,1.);
#788 = DIRECTION('',(0.769277745629,0.638914509211));
#789 = ( GEOMETRIC_REPRESENTATION_CONTEXT(2) 
PARAMETRIC_REPRESENTATION_CONTEXT() REPRESENTATION_CONTEXT('2D SPACE',''
  ) );
#790 = PCURVE('',#186,#791);
#791 = DEFINITIONAL_REPRESENTATION('',(#792),#796);
#792 = LINE('',#793,#794);
#793 = CARTESIAN_POINT('',(9.480819250678,4.274157691481));
#794 = VECTOR('',#795,1.);
#795 = DIRECTION('',(0.892128984486,0.451780782062));
#796 = ( GEOMETRIC_REPRESENTATION_CONTEXT(2) 
PARAMETRIC_REPRESENTATION_CONTEXT() REPRESENTATION_CONTEXT('2D SPACE',''
  ) );
#797 = ORIENTED_EDGE('',*,*,#142,.F.);
#798 = ORIENTED_EDGE('',*,*,#440,.T.);
#799 = ORIENTED_EDGE('',*,*,#800,.T.);
#800 = EDGE_CURVE('',#441,#748,#801,.T.);
#801 = SURFACE_CURVE('',#802,(#806,#813),.PCURVE_S1.);
#802 = LINE('',#803,#804);
#803 = CARTESIAN_POINT('',(29.96,-0.527,11.8));
#804 = VECTOR('',#805,1.);
#805 = DIRECTION('',(-1.,0.,0.));
#806 = PCURVE('',#158,#807);
#807 = DEFINITIONAL_REPRESENTATION('',(#808),#812);
#808 = LINE('',#809,#810);
#809 = CARTESIAN_POINT('',(-0.,-0.372645273685));
#810 = VECTOR('',#811,1.);
#811 = DIRECTION('',(-1.,0.));
#812 = ( GEOMETRIC_REPRESENTATION_CONTEXT(2) 
PARAMETRIC_REPRESENTATION_CONTEXT() REPRESENTATION_CONTEXT('2D SPACE',''
  ) );
#813 = PCURVE('',#506,#814);
#814 = DEFINITIONAL_REPRESENTATION('',(#815),#819);
#815 = LINE('',#816,#817);
#816 = CARTESIAN_POINT('',(0.,-0.527));
#817 = VECTOR('',#818,1.);
#818 = DIRECTION('',(1.,0.));
#819 = ( GEOMETRIC_REPRESENTATION_CONTEXT(2) 
PARAMETRIC_REPRESENTATION_CONTEXT() REPRESENTATION_CONTEXT('2D SPACE',''
  ) );
#820 = ADVANCED_FACE('',(#821),#186,.F.);
#821 = FACE_BOUND('',#822,.F.);
#822 = EDGE_LOOP('',(#823,#824,#825,#848,#883,#906,#927,#928));
#823 = ORIENTED_EDGE('',*,*,#170,.F.);
#824 = ORIENTED_EDGE('',*,*,#777,.F.);
#825 = ORIENTED_EDGE('',*,*,#826,.T.);
#826 = EDGE_CURVE('',#750,#827,#829,.T.);
#827 = VERTEX_POINT('',#828);
#828 = CARTESIAN_POINT('',(3.404429100496,-22.03173913386,
    11.533123263242));
#829 = SURFACE_CURVE('',#830,(#834,#841),.PCURVE_S1.);
#830 = LINE('',#831,#832);
#831 = CARTESIAN_POINT('',(3.404429100496,0.,11.533123263242));
#832 = VECTOR('',#833,1.);
#833 = DIRECTION('',(0.,-1.,0.));
#834 = PCURVE('',#186,#835);
#835 = DEFINITIONAL_REPRESENTATION('',(#836),#840);
#836 = LINE('',#837,#838);
#837 = CARTESIAN_POINT('',(0.527,0.));
#838 = VECTOR('',#839,1.);
#839 = DIRECTION('',(0.,-1.));
#840 = ( GEOMETRIC_REPRESENTATION_CONTEXT(2) 
PARAMETRIC_REPRESENTATION_CONTEXT() REPRESENTATION_CONTEXT('2D SPACE',''
  ) );
#841 = PCURVE('',#765,#842);
#842 = DEFINITIONAL_REPRESENTATION('',(#843),#847);
#843 = LINE('',#844,#845);
#844 = CARTESIAN_POINT('',(-1.925929944387E-34,0.138283881994));
#845 = VECTOR('',#846,1.);
#846 = DIRECTION('',(-1.,0.));
#847 = ( GEOMETRIC_REPRESENTATION_CONTEXT(2) 
PARAMETRIC_REPRESENTATION_CONTEXT() REPRESENTATION_CONTEXT('2D SPACE',''
  ) );
#848 = ORIENTED_EDGE('',*,*,#849,.F.);
#849 = EDGE_CURVE('',#850,#827,#852,.T.);
#850 = VERTEX_POINT('',#851);
#851 = CARTESIAN_POINT('',(3.404429100496,-22.94626086613,
    11.533123263242));
#852 = SURFACE_CURVE('',#853,(#858,#865),.PCURVE_S1.);
#853 = ELLIPSE('',#854,3.983558707011,3.435);
#854 = AXIS2_PLACEMENT_3D('',#855,#856,#857);
#855 = CARTESIAN_POINT('',(0.,-22.489,13.532473498233));
#856 = DIRECTION('',(0.506407470128,0.,0.862294308341));
#857 = DIRECTION('',(-0.862294308341,0.,0.506407470128));
#858 = PCURVE('',#186,#859);
#859 = DEFINITIONAL_REPRESENTATION('',(#860),#864);
#860 = ELLIPSE('',#861,3.983558707011,3.435);
#861 = AXIS2_PLACEMENT_2D('',#862,#863);
#862 = CARTESIAN_POINT('',(-3.421105730912,-22.489));
#863 = DIRECTION('',(-1.,0.));
#864 = ( GEOMETRIC_REPRESENTATION_CONTEXT(2) 
PARAMETRIC_REPRESENTATION_CONTEXT() REPRESENTATION_CONTEXT('2D SPACE',''
  ) );
#865 = PCURVE('',#866,#871);
#866 = CYLINDRICAL_SURFACE('',#867,3.435);
#867 = AXIS2_PLACEMENT_3D('',#868,#869,#870);
#868 = CARTESIAN_POINT('',(0.,-22.489,0.));
#869 = DIRECTION('',(0.,0.,1.));
#870 = DIRECTION('',(-1.,0.,0.));
#871 = DEFINITIONAL_REPRESENTATION('',(#872),#882);
#872 = B_SPLINE_CURVE_WITH_KNOTS('',8,(#873,#874,#875,#876,#877,#878,
    #879,#880,#881),.UNSPECIFIED.,.F.,.F.,(9,9),(2.204822953782,
    4.078362353398),.PIECEWISE_BEZIER_KNOTS.);
#873 = CARTESIAN_POINT('',(2.204822953782,12.337435589567));
#874 = CARTESIAN_POINT('',(2.439015378734,11.956817102689));
#875 = CARTESIAN_POINT('',(2.673207803683,11.651105045522));
#876 = CARTESIAN_POINT('',(2.90740022864,11.452110050085));
#877 = CARTESIAN_POINT('',(3.141592653572,11.382875256865));
#878 = CARTESIAN_POINT('',(3.375785078545,11.45211005008));
#879 = CARTESIAN_POINT('',(3.60997750349,11.651105045525));
#880 = CARTESIAN_POINT('',(3.844169928446,11.956817102689));
#881 = CARTESIAN_POINT('',(4.078362353398,12.337435589567));
#882 = ( GEOMETRIC_REPRESENTATION_CONTEXT(2) 
PARAMETRIC_REPRESENTATION_CONTEXT() REPRESENTATION_CONTEXT('2D SPACE',''
  ) );
#883 = ORIENTED_EDGE('',*,*,#884,.T.);
#884 = EDGE_CURVE('',#850,#885,#887,.T.);
#885 = VERTEX_POINT('',#886);
#886 = CARTESIAN_POINT('',(3.404429100496,-134.6698767367,
    11.533123263242));
#887 = SURFACE_CURVE('',#888,(#892,#899),.PCURVE_S1.);
#888 = LINE('',#889,#890);
#889 = CARTESIAN_POINT('',(3.404429100496,0.,11.533123263242));
#890 = VECTOR('',#891,1.);
#891 = DIRECTION('',(0.,-1.,0.));
#892 = PCURVE('',#186,#893);
#893 = DEFINITIONAL_REPRESENTATION('',(#894),#898);
#894 = LINE('',#895,#896);
#895 = CARTESIAN_POINT('',(0.527,0.));
#896 = VECTOR('',#897,1.);
#897 = DIRECTION('',(0.,-1.));
#898 = ( GEOMETRIC_REPRESENTATION_CONTEXT(2) 
PARAMETRIC_REPRESENTATION_CONTEXT() REPRESENTATION_CONTEXT('2D SPACE',''
  ) );
#899 = PCURVE('',#765,#900);
#900 = DEFINITIONAL_REPRESENTATION('',(#901),#905);
#901 = LINE('',#902,#903);
#902 = CARTESIAN_POINT('',(-1.925929944387E-34,0.138283881994));
#903 = VECTOR('',#904,1.);
#904 = DIRECTION('',(-1.,0.));
#905 = ( GEOMETRIC_REPRESENTATION_CONTEXT(2) 
PARAMETRIC_REPRESENTATION_CONTEXT() REPRESENTATION_CONTEXT('2D SPACE',''
  ) );
#906 = ORIENTED_EDGE('',*,*,#907,.T.);
#907 = EDGE_CURVE('',#885,#603,#908,.T.);
#908 = SURFACE_CURVE('',#909,(#913,#920),.PCURVE_S1.);
#909 = LINE('',#910,#911);
#910 = CARTESIAN_POINT('',(-12.3218603043,-125.4341548318,
    20.768845168113));
#911 = VECTOR('',#912,1.);
#912 = DIRECTION('',(0.769277745629,-0.451780782062,-0.451780782062));
#913 = PCURVE('',#186,#914);
#914 = DEFINITIONAL_REPRESENTATION('',(#915),#919);
#915 = LINE('',#916,#917);
#916 = CARTESIAN_POINT('',(-17.71072840974,-125.4341548318));
#917 = VECTOR('',#918,1.);
#918 = DIRECTION('',(0.892128984486,-0.451780782062));
#919 = ( GEOMETRIC_REPRESENTATION_CONTEXT(2) 
PARAMETRIC_REPRESENTATION_CONTEXT() REPRESENTATION_CONTEXT('2D SPACE',''
  ) );
#920 = PCURVE('',#480,#921);
#921 = DEFINITIONAL_REPRESENTATION('',(#922),#926);
#922 = LINE('',#923,#924);
#923 = CARTESIAN_POINT('',(-42.2818603043,-13.05650774925));
#924 = VECTOR('',#925,1.);
#925 = DIRECTION('',(0.769277745629,0.638914509211));
#926 = ( GEOMETRIC_REPRESENTATION_CONTEXT(2) 
PARAMETRIC_REPRESENTATION_CONTEXT() REPRESENTATION_CONTEXT('2D SPACE',''
  ) );
#927 = ORIENTED_EDGE('',*,*,#625,.T.);
#928 = ORIENTED_EDGE('',*,*,#929,.F.);
#929 = EDGE_CURVE('',#171,#626,#930,.T.);
#930 = SURFACE_CURVE('',#931,(#935,#942),.PCURVE_S1.);
#931 = LINE('',#932,#933);
#932 = CARTESIAN_POINT('',(17.1,0.,3.49));
#933 = VECTOR('',#934,1.);
#934 = DIRECTION('',(0.,-1.,0.));
#935 = PCURVE('',#186,#936);
#936 = DEFINITIONAL_REPRESENTATION('',(#937),#941);
#937 = LINE('',#938,#939);
#938 = CARTESIAN_POINT('',(16.409710539799,0.));
#939 = VECTOR('',#940,1.);
#940 = DIRECTION('',(0.,-1.));
#941 = ( GEOMETRIC_REPRESENTATION_CONTEXT(2) 
PARAMETRIC_REPRESENTATION_CONTEXT() REPRESENTATION_CONTEXT('2D SPACE',''
  ) );
#942 = PCURVE('',#214,#943);
#943 = DEFINITIONAL_REPRESENTATION('',(#944),#948);
#944 = LINE('',#945,#946);
#945 = CARTESIAN_POINT('',(0.,0.));
#946 = VECTOR('',#947,1.);
#947 = DIRECTION('',(0.,-1.));
#948 = ( GEOMETRIC_REPRESENTATION_CONTEXT(2) 
PARAMETRIC_REPRESENTATION_CONTEXT() REPRESENTATION_CONTEXT('2D SPACE',''
  ) );
#949 = ADVANCED_FACE('',(#950),#298,.F.);
#950 = FACE_BOUND('',#951,.F.);
#951 = EDGE_LOOP('',(#952,#953,#979,#980));
#952 = ORIENTED_EDGE('',*,*,#282,.F.);
#953 = ORIENTED_EDGE('',*,*,#954,.T.);
#954 = EDGE_CURVE('',#255,#695,#955,.T.);
#955 = SURFACE_CURVE('',#956,(#960,#967),.PCURVE_S1.);
#956 = LINE('',#957,#958);
#957 = CARTESIAN_POINT('',(-29.96,0.,11.273));
#958 = VECTOR('',#959,1.);
#959 = DIRECTION('',(0.,-1.,0.));
#960 = PCURVE('',#298,#961);
#961 = DEFINITIONAL_REPRESENTATION('',(#962),#966);
#962 = LINE('',#963,#964);
#963 = CARTESIAN_POINT('',(0.527,0.));
#964 = VECTOR('',#965,1.);
#965 = DIRECTION('',(0.,-1.));
#966 = ( GEOMETRIC_REPRESENTATION_CONTEXT(2) 
PARAMETRIC_REPRESENTATION_CONTEXT() REPRESENTATION_CONTEXT('2D SPACE',''
  ) );
#967 = PCURVE('',#968,#973);
#968 = PLANE('',#969);
#969 = AXIS2_PLACEMENT_3D('',#970,#971,#972);
#970 = CARTESIAN_POINT('',(-29.6965,0.,11.5365));
#971 = DIRECTION('',(-0.707106781187,-2.887314578119E-18,0.707106781187)
  );
#972 = DIRECTION('',(-2.041639717607E-18,1.,2.041639717607E-18));
#973 = DEFINITIONAL_REPRESENTATION('',(#974),#978);
#974 = LINE('',#975,#976);
#975 = CARTESIAN_POINT('',(-0.,0.372645273685));
#976 = VECTOR('',#977,1.);
#977 = DIRECTION('',(-1.,0.));
#978 = ( GEOMETRIC_REPRESENTATION_CONTEXT(2) 
PARAMETRIC_REPRESENTATION_CONTEXT() REPRESENTATION_CONTEXT('2D SPACE',''
  ) );
#979 = ORIENTED_EDGE('',*,*,#722,.T.);
#980 = ORIENTED_EDGE('',*,*,#521,.F.);
#981 = ADVANCED_FACE('',(#982,#1008),#214,.F.);
#982 = FACE_BOUND('',#983,.F.);
#983 = EDGE_LOOP('',(#984,#985,#986,#1007));
#984 = ORIENTED_EDGE('',*,*,#929,.T.);
#985 = ORIENTED_EDGE('',*,*,#648,.T.);
#986 = ORIENTED_EDGE('',*,*,#987,.F.);
#987 = EDGE_CURVE('',#199,#649,#988,.T.);
#988 = SURFACE_CURVE('',#989,(#993,#1000),.PCURVE_S1.);
#989 = LINE('',#990,#991);
#990 = CARTESIAN_POINT('',(-17.1,0.,3.49));
#991 = VECTOR('',#992,1.);
#992 = DIRECTION('',(0.,-1.,0.));
#993 = PCURVE('',#214,#994);
#994 = DEFINITIONAL_REPRESENTATION('',(#995),#999);
#995 = LINE('',#996,#997);
#996 = CARTESIAN_POINT('',(34.2,0.));
#997 = VECTOR('',#998,1.);
#998 = DIRECTION('',(0.,-1.));
#999 = ( GEOMETRIC_REPRESENTATION_CONTEXT(2) 
PARAMETRIC_REPRESENTATION_CONTEXT() REPRESENTATION_CONTEXT('2D SPACE',''
  ) );
#1000 = PCURVE('',#242,#1001);
#1001 = DEFINITIONAL_REPRESENTATION('',(#1002),#1006);
#1002 = LINE('',#1003,#1004);
#1003 = CARTESIAN_POINT('',(0.,0.));
#1004 = VECTOR('',#1005,1.);
#1005 = DIRECTION('',(0.,-1.));
#1006 = ( GEOMETRIC_REPRESENTATION_CONTEXT(2) 
PARAMETRIC_REPRESENTATION_CONTEXT() REPRESENTATION_CONTEXT('2D SPACE',''
  ) );
#1007 = ORIENTED_EDGE('',*,*,#198,.F.);
#1008 = FACE_BOUND('',#1009,.F.);
#1009 = EDGE_LOOP('',(#1010));
#1010 = ORIENTED_EDGE('',*,*,#1011,.T.);
#1011 = EDGE_CURVE('',#1012,#1012,#1014,.T.);
#1012 = VERTEX_POINT('',#1013);
#1013 = CARTESIAN_POINT('',(-3.435,-22.489,3.49));
#1014 = SURFACE_CURVE('',#1015,(#1020,#1031),.PCURVE_S1.);
#1015 = CIRCLE('',#1016,3.435);
#1016 = AXIS2_PLACEMENT_3D('',#1017,#1018,#1019);
#1017 = CARTESIAN_POINT('',(0.,-22.489,3.49));
#1018 = DIRECTION('',(0.,0.,1.));
#1019 = DIRECTION('',(-1.,0.,0.));
#1020 = PCURVE('',#214,#1021);
#1021 = DEFINITIONAL_REPRESENTATION('',(#1022),#1030);
#1022 = ( BOUNDED_CURVE() B_SPLINE_CURVE(2,(#1023,#1024,#1025,#1026,
#1027,#1028,#1029),.UNSPECIFIED.,.T.,.F.) B_SPLINE_CURVE_WITH_KNOTS((1,2
    ,2,2,2,1),(-2.094395102393,0.,2.094395102393,4.188790204786,
6.28318530718,8.377580409573),.UNSPECIFIED.) CURVE() 
GEOMETRIC_REPRESENTATION_ITEM() RATIONAL_B_SPLINE_CURVE((1.,0.5,1.,0.5,
1.,0.5,1.)) REPRESENTATION_ITEM('') );
#1023 = CARTESIAN_POINT('',(20.535,-22.489));
#1024 = CARTESIAN_POINT('',(20.535,-28.43859452399));
#1025 = CARTESIAN_POINT('',(15.3825,-25.463797262));
#1026 = CARTESIAN_POINT('',(10.23,-22.489));
#1027 = CARTESIAN_POINT('',(15.3825,-19.514202738));
#1028 = CARTESIAN_POINT('',(20.535,-16.539405476));
#1029 = CARTESIAN_POINT('',(20.535,-22.489));
#1030 = ( GEOMETRIC_REPRESENTATION_CONTEXT(2) 
PARAMETRIC_REPRESENTATION_CONTEXT() REPRESENTATION_CONTEXT('2D SPACE',''
  ) );
#1031 = PCURVE('',#1032,#1037);
#1032 = CYLINDRICAL_SURFACE('',#1033,3.435);
#1033 = AXIS2_PLACEMENT_3D('',#1034,#1035,#1036);
#1034 = CARTESIAN_POINT('',(0.,-22.489,0.));
#1035 = DIRECTION('',(0.,0.,1.));
#1036 = DIRECTION('',(-1.,0.,0.));
#1037 = DEFINITIONAL_REPRESENTATION('',(#1038),#1042);
#1038 = LINE('',#1039,#1040);
#1039 = CARTESIAN_POINT('',(0.,3.49));
#1040 = VECTOR('',#1041,1.);
#1041 = DIRECTION('',(1.,0.));
#1042 = ( GEOMETRIC_REPRESENTATION_CONTEXT(2) 
PARAMETRIC_REPRESENTATION_CONTEXT() REPRESENTATION_CONTEXT('2D SPACE',''
  ) );
#1043 = ADVANCED_FACE('',(#1044),#270,.T.);
#1044 = FACE_BOUND('',#1045,.F.);
#1045 = EDGE_LOOP('',(#1046,#1076,#1104,#1125,#1126));
#1046 = ORIENTED_EDGE('',*,*,#1047,.F.);
#1047 = EDGE_CURVE('',#1048,#1050,#1052,.T.);
#1048 = VERTEX_POINT('',#1049);
#1049 = CARTESIAN_POINT('',(-3.477,-0.527,11.8));
#1050 = VERTEX_POINT('',#1051);
#1051 = CARTESIAN_POINT('',(-3.404429100496,-0.260123263242,
    11.533123263242));
#1052 = SURFACE_CURVE('',#1053,(#1057,#1064),.PCURVE_S1.);
#1053 = LINE('',#1054,#1055);
#1054 = CARTESIAN_POINT('',(-3.389112436505,-0.203796811015,
    11.476796811015));
#1055 = VECTOR('',#1056,1.);
#1056 = DIRECTION('',(0.188822291317,0.694386831061,-0.694386831061));
#1057 = PCURVE('',#270,#1058);
#1058 = DEFINITIONAL_REPRESENTATION('',(#1059),#1063);
#1059 = LINE('',#1060,#1061);
#1060 = CARTESIAN_POINT('',(-0.439112436505,8.443305957917E-02));
#1061 = VECTOR('',#1062,1.);
#1062 = DIRECTION('',(0.188822291317,0.98201127402));
#1063 = ( GEOMETRIC_REPRESENTATION_CONTEXT(2) 
PARAMETRIC_REPRESENTATION_CONTEXT() REPRESENTATION_CONTEXT('2D SPACE',''
  ) );
#1064 = PCURVE('',#1065,#1070);
#1065 = PLANE('',#1066);
#1066 = AXIS2_PLACEMENT_3D('',#1067,#1068,#1069);
#1067 = CARTESIAN_POINT('',(-3.440714550248,0.,11.666561631621));
#1068 = DIRECTION('',(0.96495966453,6.978962820565E-19,0.262398258053));
#1069 = DIRECTION('',(-6.734417622103E-19,1.,-1.831267687133E-19));
#1070 = DEFINITIONAL_REPRESENTATION('',(#1071),#1075);
#1071 = LINE('',#1072,#1073);
#1072 = CARTESIAN_POINT('',(-0.203796811015,-0.19665570239));
#1073 = VECTOR('',#1074,1.);
#1074 = DIRECTION('',(0.694386831061,-0.719601923878));
#1075 = ( GEOMETRIC_REPRESENTATION_CONTEXT(2) 
PARAMETRIC_REPRESENTATION_CONTEXT() REPRESENTATION_CONTEXT('2D SPACE',''
  ) );
#1076 = ORIENTED_EDGE('',*,*,#1077,.T.);
#1077 = EDGE_CURVE('',#1048,#1078,#1080,.T.);
#1078 = VERTEX_POINT('',#1079);
#1079 = CARTESIAN_POINT('',(-29.433,-0.527,11.8));
#1080 = SURFACE_CURVE('',#1081,(#1085,#1092),.PCURVE_S1.);
#1081 = LINE('',#1082,#1083);
#1082 = CARTESIAN_POINT('',(-2.95,-0.527,11.8));
#1083 = VECTOR('',#1084,1.);
#1084 = DIRECTION('',(-1.,0.,0.));
#1085 = PCURVE('',#270,#1086);
#1086 = DEFINITIONAL_REPRESENTATION('',(#1087),#1091);
#1087 = LINE('',#1088,#1089);
#1088 = CARTESIAN_POINT('',(-0.,-0.372645273685));
#1089 = VECTOR('',#1090,1.);
#1090 = DIRECTION('',(-1.,0.));
#1091 = ( GEOMETRIC_REPRESENTATION_CONTEXT(2) 
PARAMETRIC_REPRESENTATION_CONTEXT() REPRESENTATION_CONTEXT('2D SPACE',''
  ) );
#1092 = PCURVE('',#1093,#1098);
#1093 = PLANE('',#1094);
#1094 = AXIS2_PLACEMENT_3D('',#1095,#1096,#1097);
#1095 = CARTESIAN_POINT('',(-2.95,0.,11.8));
#1096 = DIRECTION('',(-0.,-0.,-1.));
#1097 = DIRECTION('',(-1.,0.,0.));
#1098 = DEFINITIONAL_REPRESENTATION('',(#1099),#1103);
#1099 = LINE('',#1100,#1101);
#1100 = CARTESIAN_POINT('',(0.,-0.527));
#1101 = VECTOR('',#1102,1.);
#1102 = DIRECTION('',(1.,0.));
#1103 = ( GEOMETRIC_REPRESENTATION_CONTEXT(2) 
PARAMETRIC_REPRESENTATION_CONTEXT() REPRESENTATION_CONTEXT('2D SPACE',''
  ) );
#1104 = ORIENTED_EDGE('',*,*,#1105,.T.);
#1105 = EDGE_CURVE('',#1078,#255,#1106,.T.);
#1106 = SURFACE_CURVE('',#1107,(#1111,#1118),.PCURVE_S1.);
#1107 = LINE('',#1108,#1109);
#1108 = CARTESIAN_POINT('',(-25.28266666666,-4.677333333333,
    15.950333333333));
#1109 = VECTOR('',#1110,1.);
#1110 = DIRECTION('',(-0.57735026919,0.57735026919,-0.57735026919));
#1111 = PCURVE('',#270,#1112);
#1112 = DEFINITIONAL_REPRESENTATION('',(#1113),#1117);
#1113 = LINE('',#1114,#1115);
#1114 = CARTESIAN_POINT('',(-22.33266666666,-6.242102962054));
#1115 = VECTOR('',#1116,1.);
#1116 = DIRECTION('',(-0.57735026919,0.816496580928));
#1117 = ( GEOMETRIC_REPRESENTATION_CONTEXT(2) 
PARAMETRIC_REPRESENTATION_CONTEXT() REPRESENTATION_CONTEXT('2D SPACE',''
  ) );
#1118 = PCURVE('',#968,#1119);
#1119 = DEFINITIONAL_REPRESENTATION('',(#1120),#1124);
#1120 = LINE('',#1121,#1122);
#1121 = CARTESIAN_POINT('',(-4.677333333333,-6.242102962054));
#1122 = VECTOR('',#1123,1.);
#1123 = DIRECTION('',(0.57735026919,0.816496580928));
#1124 = ( GEOMETRIC_REPRESENTATION_CONTEXT(2) 
PARAMETRIC_REPRESENTATION_CONTEXT() REPRESENTATION_CONTEXT('2D SPACE',''
  ) );
#1125 = ORIENTED_EDGE('',*,*,#254,.F.);
#1126 = ORIENTED_EDGE('',*,*,#1127,.F.);
#1127 = EDGE_CURVE('',#1050,#227,#1128,.T.);
#1128 = SURFACE_CURVE('',#1129,(#1133,#1140),.PCURVE_S1.);
#1129 = LINE('',#1130,#1131);
#1130 = CARTESIAN_POINT('',(-8.764107097203,2.887503885354,
    8.385496114646));
#1131 = VECTOR('',#1132,1.);
#1132 = DIRECTION('',(-0.769277745629,0.451780782062,-0.451780782062));
#1133 = PCURVE('',#270,#1134);
#1134 = DEFINITIONAL_REPRESENTATION('',(#1135),#1139);
#1135 = LINE('',#1136,#1137);
#1136 = CARTESIAN_POINT('',(-5.814107097203,4.456192429758));
#1137 = VECTOR('',#1138,1.);
#1138 = DIRECTION('',(-0.769277745629,0.638914509211));
#1139 = ( GEOMETRIC_REPRESENTATION_CONTEXT(2) 
PARAMETRIC_REPRESENTATION_CONTEXT() REPRESENTATION_CONTEXT('2D SPACE',''
  ) );
#1140 = PCURVE('',#242,#1141);
#1141 = DEFINITIONAL_REPRESENTATION('',(#1142),#1146);
#1142 = LINE('',#1143,#1144);
#1143 = CARTESIAN_POINT('',(9.667108807468,2.887503885354));
#1144 = VECTOR('',#1145,1.);
#1145 = DIRECTION('',(-0.892128984486,0.451780782062));
#1146 = ( GEOMETRIC_REPRESENTATION_CONTEXT(2) 
PARAMETRIC_REPRESENTATION_CONTEXT() REPRESENTATION_CONTEXT('2D SPACE',''
  ) );
#1147 = ADVANCED_FACE('',(#1148),#242,.F.);
#1148 = FACE_BOUND('',#1149,.F.);
#1149 = EDGE_LOOP('',(#1150,#1151,#1152,#1153,#1154,#1177,#1200,#1233,
    #1261));
#1150 = ORIENTED_EDGE('',*,*,#1127,.T.);
#1151 = ORIENTED_EDGE('',*,*,#226,.F.);
#1152 = ORIENTED_EDGE('',*,*,#987,.T.);
#1153 = ORIENTED_EDGE('',*,*,#671,.T.);
#1154 = ORIENTED_EDGE('',*,*,#1155,.F.);
#1155 = EDGE_CURVE('',#1156,#672,#1158,.T.);
#1156 = VERTEX_POINT('',#1157);
#1157 = CARTESIAN_POINT('',(-3.404429100496,-134.6698767367,
    11.533123263242));
#1158 = SURFACE_CURVE('',#1159,(#1163,#1170),.PCURVE_S1.);
#1159 = LINE('',#1160,#1161);
#1160 = CARTESIAN_POINT('',(14.683009685379,-124.0475010257,
    22.15549897424));
#1161 = VECTOR('',#1162,1.);
#1162 = DIRECTION('',(-0.769277745629,-0.451780782062,-0.451780782062));
#1163 = PCURVE('',#242,#1164);
#1164 = DEFINITIONAL_REPRESENTATION('',(#1165),#1169);
#1165 = LINE('',#1166,#1167);
#1166 = CARTESIAN_POINT('',(36.858656467895,-124.0475010257));
#1167 = VECTOR('',#1168,1.);
#1168 = DIRECTION('',(-0.892128984486,-0.451780782062));
#1169 = ( GEOMETRIC_REPRESENTATION_CONTEXT(2) 
PARAMETRIC_REPRESENTATION_CONTEXT() REPRESENTATION_CONTEXT('2D SPACE',''
  ) );
#1170 = PCURVE('',#710,#1171);
#1171 = DEFINITIONAL_REPRESENTATION('',(#1172),#1176);
#1172 = LINE('',#1173,#1174);
#1173 = CARTESIAN_POINT('',(17.633009685379,-15.01753236819));
#1174 = VECTOR('',#1175,1.);
#1175 = DIRECTION('',(-0.769277745629,0.638914509211));
#1176 = ( GEOMETRIC_REPRESENTATION_CONTEXT(2) 
PARAMETRIC_REPRESENTATION_CONTEXT() REPRESENTATION_CONTEXT('2D SPACE',''
  ) );
#1177 = ORIENTED_EDGE('',*,*,#1178,.F.);
#1178 = EDGE_CURVE('',#1179,#1156,#1181,.T.);
#1179 = VERTEX_POINT('',#1180);
#1180 = CARTESIAN_POINT('',(-3.404429100496,-22.94626086613,
    11.533123263242));
#1181 = SURFACE_CURVE('',#1182,(#1186,#1193),.PCURVE_S1.);
#1182 = LINE('',#1183,#1184);
#1183 = CARTESIAN_POINT('',(-3.404429100496,0.,11.533123263242));
#1184 = VECTOR('',#1185,1.);
#1185 = DIRECTION('',(0.,-1.,0.));
#1186 = PCURVE('',#242,#1187);
#1187 = DEFINITIONAL_REPRESENTATION('',(#1188),#1192);
#1188 = LINE('',#1189,#1190);
#1189 = CARTESIAN_POINT('',(15.882710539799,0.));
#1190 = VECTOR('',#1191,1.);
#1191 = DIRECTION('',(0.,-1.));
#1192 = ( GEOMETRIC_REPRESENTATION_CONTEXT(2) 
PARAMETRIC_REPRESENTATION_CONTEXT() REPRESENTATION_CONTEXT('2D SPACE',''
  ) );
#1193 = PCURVE('',#1065,#1194);
#1194 = DEFINITIONAL_REPRESENTATION('',(#1195),#1199);
#1195 = LINE('',#1196,#1197);
#1196 = CARTESIAN_POINT('',(1.925929944387E-34,-0.138283881994));
#1197 = VECTOR('',#1198,1.);
#1198 = DIRECTION('',(-1.,0.));
#1199 = ( GEOMETRIC_REPRESENTATION_CONTEXT(2) 
PARAMETRIC_REPRESENTATION_CONTEXT() REPRESENTATION_CONTEXT('2D SPACE',''
  ) );
#1200 = ORIENTED_EDGE('',*,*,#1201,.F.);
#1201 = EDGE_CURVE('',#1202,#1179,#1204,.T.);
#1202 = VERTEX_POINT('',#1203);
#1203 = CARTESIAN_POINT('',(-3.435,-22.489,11.515169611307));
#1204 = SURFACE_CURVE('',#1205,(#1210,#1217),.PCURVE_S1.);
#1205 = ELLIPSE('',#1206,3.983558707011,3.435);
#1206 = AXIS2_PLACEMENT_3D('',#1207,#1208,#1209);
#1207 = CARTESIAN_POINT('',(0.,-22.489,13.532473498233));
#1208 = DIRECTION('',(-0.506407470128,0.,0.862294308341));
#1209 = DIRECTION('',(0.862294308341,0.,0.506407470128));
#1210 = PCURVE('',#242,#1211);
#1211 = DEFINITIONAL_REPRESENTATION('',(#1212),#1216);
#1212 = ELLIPSE('',#1213,3.983558707011,3.435);
#1213 = AXIS2_PLACEMENT_2D('',#1214,#1215);
#1214 = CARTESIAN_POINT('',(19.830816270712,-22.489));
#1215 = DIRECTION('',(1.,0.));
#1216 = ( GEOMETRIC_REPRESENTATION_CONTEXT(2) 
PARAMETRIC_REPRESENTATION_CONTEXT() REPRESENTATION_CONTEXT('2D SPACE',''
  ) );
#1217 = PCURVE('',#1218,#1223);
#1218 = CYLINDRICAL_SURFACE('',#1219,3.435);
#1219 = AXIS2_PLACEMENT_3D('',#1220,#1221,#1222);
#1220 = CARTESIAN_POINT('',(0.,-22.489,0.));
#1221 = DIRECTION('',(0.,0.,1.));
#1222 = DIRECTION('',(-1.,0.,0.));
#1223 = DEFINITIONAL_REPRESENTATION('',(#1224),#1232);
#1224 = B_SPLINE_CURVE_WITH_KNOTS('',6,(#1225,#1226,#1227,#1228,#1229,
    #1230,#1231),.UNSPECIFIED.,.F.,.F.,(7,7),(3.14159265359,
    3.275107130342),.PIECEWISE_BEZIER_KNOTS.);
#1225 = CARTESIAN_POINT('',(6.28318530718,11.515169611307));
#1226 = CARTESIAN_POINT('',(6.305437719972,11.515169611307));
#1227 = CARTESIAN_POINT('',(6.327690132764,11.516368288833));
#1228 = CARTESIAN_POINT('',(6.349942545556,11.518765656121));
#1229 = CARTESIAN_POINT('',(6.372194958348,11.522359937179));
#1230 = CARTESIAN_POINT('',(6.39444737114,11.527147571613));
#1231 = CARTESIAN_POINT('',(6.416699783932,11.533123232481));
#1232 = ( GEOMETRIC_REPRESENTATION_CONTEXT(2) 
PARAMETRIC_REPRESENTATION_CONTEXT() REPRESENTATION_CONTEXT('2D SPACE',''
  ) );
#1233 = ORIENTED_EDGE('',*,*,#1234,.F.);
#1234 = EDGE_CURVE('',#1235,#1202,#1237,.T.);
#1235 = VERTEX_POINT('',#1236);
#1236 = CARTESIAN_POINT('',(-3.404429100496,-22.03173913386,
    11.533123263242));
#1237 = SURFACE_CURVE('',#1238,(#1243,#1250),.PCURVE_S1.);
#1238 = ELLIPSE('',#1239,3.983558707011,3.435);
#1239 = AXIS2_PLACEMENT_3D('',#1240,#1241,#1242);
#1240 = CARTESIAN_POINT('',(0.,-22.489,13.532473498233));
#1241 = DIRECTION('',(-0.506407470128,0.,0.862294308341));
#1242 = DIRECTION('',(0.862294308341,0.,0.506407470128));
#1243 = PCURVE('',#242,#1244);
#1244 = DEFINITIONAL_REPRESENTATION('',(#1245),#1249);
#1245 = ELLIPSE('',#1246,3.983558707011,3.435);
#1246 = AXIS2_PLACEMENT_2D('',#1247,#1248);
#1247 = CARTESIAN_POINT('',(19.830816270712,-22.489));
#1248 = DIRECTION('',(1.,0.));
#1249 = ( GEOMETRIC_REPRESENTATION_CONTEXT(2) 
PARAMETRIC_REPRESENTATION_CONTEXT() REPRESENTATION_CONTEXT('2D SPACE',''
  ) );
#1250 = PCURVE('',#1218,#1251);
#1251 = DEFINITIONAL_REPRESENTATION('',(#1252),#1260);
#1252 = B_SPLINE_CURVE_WITH_KNOTS('',6,(#1253,#1254,#1255,#1256,#1257,
    #1258,#1259),.UNSPECIFIED.,.F.,.F.,(7,7),(3.008078176838,
    3.14159265359),.PIECEWISE_BEZIER_KNOTS.);
#1253 = CARTESIAN_POINT('',(6.149670830427,11.533123232481));
#1254 = CARTESIAN_POINT('',(6.171923243219,11.527147571613));
#1255 = CARTESIAN_POINT('',(6.194175656012,11.522359937179));
#1256 = CARTESIAN_POINT('',(6.216428068804,11.518765656121));
#1257 = CARTESIAN_POINT('',(6.238680481596,11.516368288833));
#1258 = CARTESIAN_POINT('',(6.260932894388,11.515169611307));
#1259 = CARTESIAN_POINT('',(6.28318530718,11.515169611307));
#1260 = ( GEOMETRIC_REPRESENTATION_CONTEXT(2) 
PARAMETRIC_REPRESENTATION_CONTEXT() REPRESENTATION_CONTEXT('2D SPACE',''
  ) );
#1261 = ORIENTED_EDGE('',*,*,#1262,.F.);
#1262 = EDGE_CURVE('',#1050,#1235,#1263,.T.);
#1263 = SURFACE_CURVE('',#1264,(#1268,#1275),.PCURVE_S1.);
#1264 = LINE('',#1265,#1266);
#1265 = CARTESIAN_POINT('',(-3.404429100496,0.,11.533123263242));
#1266 = VECTOR('',#1267,1.);
#1267 = DIRECTION('',(0.,-1.,0.));
#1268 = PCURVE('',#242,#1269);
#1269 = DEFINITIONAL_REPRESENTATION('',(#1270),#1274);
#1270 = LINE('',#1271,#1272);
#1271 = CARTESIAN_POINT('',(15.882710539799,0.));
#1272 = VECTOR('',#1273,1.);
#1273 = DIRECTION('',(0.,-1.));
#1274 = ( GEOMETRIC_REPRESENTATION_CONTEXT(2) 
PARAMETRIC_REPRESENTATION_CONTEXT() REPRESENTATION_CONTEXT('2D SPACE',''
  ) );
#1275 = PCURVE('',#1065,#1276);
#1276 = DEFINITIONAL_REPRESENTATION('',(#1277),#1281);
#1277 = LINE('',#1278,#1279);
#1278 = CARTESIAN_POINT('',(1.925929944387E-34,-0.138283881994));
#1279 = VECTOR('',#1280,1.);
#1280 = DIRECTION('',(-1.,0.));
#1281 = ( GEOMETRIC_REPRESENTATION_CONTEXT(2) 
PARAMETRIC_REPRESENTATION_CONTEXT() REPRESENTATION_CONTEXT('2D SPACE',''
  ) );
#1282 = ADVANCED_FACE('',(#1283),#350,.T.);
#1283 = FACE_BOUND('',#1284,.T.);
#1284 = EDGE_LOOP('',(#1285,#1308,#1309,#1332));
#1285 = ORIENTED_EDGE('',*,*,#1286,.T.);
#1286 = EDGE_CURVE('',#1287,#334,#1289,.T.);
#1287 = VERTEX_POINT('',#1288);
#1288 = CARTESIAN_POINT('',(-1.13,-16.39284547439,3.235));
#1289 = SURFACE_CURVE('',#1290,(#1294,#1301),.PCURVE_S1.);
#1290 = LINE('',#1291,#1292);
#1291 = CARTESIAN_POINT('',(-1.13,-53.97,3.235));
#1292 = VECTOR('',#1293,1.);
#1293 = DIRECTION('',(0.,1.,-1.110223024625E-16));
#1294 = PCURVE('',#350,#1295);
#1295 = DEFINITIONAL_REPRESENTATION('',(#1296),#1300);
#1296 = LINE('',#1297,#1298);
#1297 = CARTESIAN_POINT('',(1.13,-53.97));
#1298 = VECTOR('',#1299,1.);
#1299 = DIRECTION('',(0.,1.));
#1300 = ( GEOMETRIC_REPRESENTATION_CONTEXT(2) 
PARAMETRIC_REPRESENTATION_CONTEXT() REPRESENTATION_CONTEXT('2D SPACE',''
  ) );
#1301 = PCURVE('',#426,#1302);
#1302 = DEFINITIONAL_REPRESENTATION('',(#1303),#1307);
#1303 = LINE('',#1304,#1305);
#1304 = CARTESIAN_POINT('',(0.,0.));
#1305 = VECTOR('',#1306,1.);
#1306 = DIRECTION('',(1.,0.));
#1307 = ( GEOMETRIC_REPRESENTATION_CONTEXT(2) 
PARAMETRIC_REPRESENTATION_CONTEXT() REPRESENTATION_CONTEXT('2D SPACE',''
  ) );
#1308 = ORIENTED_EDGE('',*,*,#333,.T.);
#1309 = ORIENTED_EDGE('',*,*,#1310,.T.);
#1310 = EDGE_CURVE('',#336,#1311,#1313,.T.);
#1311 = VERTEX_POINT('',#1312);
#1312 = CARTESIAN_POINT('',(1.13,-16.39284547439,3.235));
#1313 = SURFACE_CURVE('',#1314,(#1318,#1325),.PCURVE_S1.);
#1314 = LINE('',#1315,#1316);
#1315 = CARTESIAN_POINT('',(1.13,53.97,3.235));
#1316 = VECTOR('',#1317,1.);
#1317 = DIRECTION('',(0.,-1.,1.110223024625E-16));
#1318 = PCURVE('',#350,#1319);
#1319 = DEFINITIONAL_REPRESENTATION('',(#1320),#1324);
#1320 = LINE('',#1321,#1322);
#1321 = CARTESIAN_POINT('',(-1.13,53.97));
#1322 = VECTOR('',#1323,1.);
#1323 = DIRECTION('',(0.,-1.));
#1324 = ( GEOMETRIC_REPRESENTATION_CONTEXT(2) 
PARAMETRIC_REPRESENTATION_CONTEXT() REPRESENTATION_CONTEXT('2D SPACE',''
  ) );
#1325 = PCURVE('',#376,#1326);
#1326 = DEFINITIONAL_REPRESENTATION('',(#1327),#1331);
#1327 = LINE('',#1328,#1329);
#1328 = CARTESIAN_POINT('',(0.,0.));
#1329 = VECTOR('',#1330,1.);
#1330 = DIRECTION('',(1.,0.));
#1331 = ( GEOMETRIC_REPRESENTATION_CONTEXT(2) 
PARAMETRIC_REPRESENTATION_CONTEXT() REPRESENTATION_CONTEXT('2D SPACE',''
  ) );
#1332 = ORIENTED_EDGE('',*,*,#1333,.T.);
#1333 = EDGE_CURVE('',#1311,#1287,#1334,.T.);
#1334 = SURFACE_CURVE('',#1335,(#1340,#1351),.PCURVE_S1.);
#1335 = CIRCLE('',#1336,6.2);
#1336 = AXIS2_PLACEMENT_3D('',#1337,#1338,#1339);
#1337 = CARTESIAN_POINT('',(0.,-22.489,3.235));
#1338 = DIRECTION('',(0.,0.,1.));
#1339 = DIRECTION('',(-1.,0.,0.));
#1340 = PCURVE('',#350,#1341);
#1341 = DEFINITIONAL_REPRESENTATION('',(#1342),#1350);
#1342 = ( BOUNDED_CURVE() B_SPLINE_CURVE(2,(#1343,#1344,#1345,#1346,
#1347,#1348,#1349),.UNSPECIFIED.,.T.,.F.) B_SPLINE_CURVE_WITH_KNOTS((1,2
    ,2,2,2,1),(-2.094395102393,0.,2.094395102393,4.188790204786,
6.28318530718,8.377580409573),.UNSPECIFIED.) CURVE() 
GEOMETRIC_REPRESENTATION_ITEM() RATIONAL_B_SPLINE_CURVE((1.,0.5,1.,0.5,
1.,0.5,1.)) REPRESENTATION_ITEM('') );
#1343 = CARTESIAN_POINT('',(6.2,-22.489));
#1344 = CARTESIAN_POINT('',(6.2,-33.22771500692));
#1345 = CARTESIAN_POINT('',(-3.1,-27.85835750346));
#1346 = CARTESIAN_POINT('',(-12.4,-22.489));
#1347 = CARTESIAN_POINT('',(-3.1,-17.11964249653));
#1348 = CARTESIAN_POINT('',(6.2,-11.75028499307));
#1349 = CARTESIAN_POINT('',(6.2,-22.489));
#1350 = ( GEOMETRIC_REPRESENTATION_CONTEXT(2) 
PARAMETRIC_REPRESENTATION_CONTEXT() REPRESENTATION_CONTEXT('2D SPACE',''
  ) );
#1351 = PCURVE('',#586,#1352);
#1352 = DEFINITIONAL_REPRESENTATION('',(#1353),#1357);
#1353 = LINE('',#1354,#1355);
#1354 = CARTESIAN_POINT('',(0.,3.235));
#1355 = VECTOR('',#1356,1.);
#1356 = DIRECTION('',(1.,0.));
#1357 = ( GEOMETRIC_REPRESENTATION_CONTEXT(2) 
PARAMETRIC_REPRESENTATION_CONTEXT() REPRESENTATION_CONTEXT('2D SPACE',''
  ) );
#1358 = ADVANCED_FACE('',(#1359),#426,.T.);
#1359 = FACE_BOUND('',#1360,.T.);
#1360 = EDGE_LOOP('',(#1361,#1362,#1383,#1404));
#1361 = ORIENTED_EDGE('',*,*,#1286,.F.);
#1362 = ORIENTED_EDGE('',*,*,#1363,.F.);
#1363 = EDGE_CURVE('',#1364,#1287,#1366,.T.);
#1364 = VERTEX_POINT('',#1365);
#1365 = CARTESIAN_POINT('',(-1.13,-16.39284547439,2.215));
#1366 = SURFACE_CURVE('',#1367,(#1371,#1377),.PCURVE_S1.);
#1367 = LINE('',#1368,#1369);
#1368 = CARTESIAN_POINT('',(-1.13,-16.39284547439,0.));
#1369 = VECTOR('',#1370,1.);
#1370 = DIRECTION('',(0.,0.,1.));
#1371 = PCURVE('',#426,#1372);
#1372 = DEFINITIONAL_REPRESENTATION('',(#1373),#1376);
#1373 = B_SPLINE_CURVE_WITH_KNOTS('',1,(#1374,#1375),.UNSPECIFIED.,.F.,
  .F.,(2,2),(2.113,3.3200006),.PIECEWISE_BEZIER_KNOTS.);
#1374 = CARTESIAN_POINT('',(37.577154525601,-1.122));
#1375 = CARTESIAN_POINT('',(37.577154525601,8.50006E-02));
#1376 = ( GEOMETRIC_REPRESENTATION_CONTEXT(2) 
PARAMETRIC_REPRESENTATION_CONTEXT() REPRESENTATION_CONTEXT('2D SPACE',''
  ) );
#1377 = PCURVE('',#586,#1378);
#1378 = DEFINITIONAL_REPRESENTATION('',(#1379),#1382);
#1379 = B_SPLINE_CURVE_WITH_KNOTS('',1,(#1380,#1381),.UNSPECIFIED.,.F.,
  .F.,(2,2),(2.113,3.3200006),.PIECEWISE_BEZIER_KNOTS.);
#1380 = CARTESIAN_POINT('',(4.895671474762,2.113));
#1381 = CARTESIAN_POINT('',(4.895671474762,3.3200006));
#1382 = ( GEOMETRIC_REPRESENTATION_CONTEXT(2) 
PARAMETRIC_REPRESENTATION_CONTEXT() REPRESENTATION_CONTEXT('2D SPACE',''
  ) );
#1383 = ORIENTED_EDGE('',*,*,#1384,.T.);
#1384 = EDGE_CURVE('',#1364,#388,#1385,.T.);
#1385 = SURFACE_CURVE('',#1386,(#1390,#1397),.PCURVE_S1.);
#1386 = LINE('',#1387,#1388);
#1387 = CARTESIAN_POINT('',(-1.13,-53.97,2.215));
#1388 = VECTOR('',#1389,1.);
#1389 = DIRECTION('',(0.,1.,-1.110223024625E-16));
#1390 = PCURVE('',#426,#1391);
#1391 = DEFINITIONAL_REPRESENTATION('',(#1392),#1396);
#1392 = LINE('',#1393,#1394);
#1393 = CARTESIAN_POINT('',(1.132427485118E-16,-1.02));
#1394 = VECTOR('',#1395,1.);
#1395 = DIRECTION('',(1.,0.));
#1396 = ( GEOMETRIC_REPRESENTATION_CONTEXT(2) 
PARAMETRIC_REPRESENTATION_CONTEXT() REPRESENTATION_CONTEXT('2D SPACE',''
  ) );
#1397 = PCURVE('',#402,#1398);
#1398 = DEFINITIONAL_REPRESENTATION('',(#1399),#1403);
#1399 = LINE('',#1400,#1401);
#1400 = CARTESIAN_POINT('',(1.13,-53.97));
#1401 = VECTOR('',#1402,1.);
#1402 = DIRECTION('',(0.,1.));
#1403 = ( GEOMETRIC_REPRESENTATION_CONTEXT(2) 
PARAMETRIC_REPRESENTATION_CONTEXT() REPRESENTATION_CONTEXT('2D SPACE',''
  ) );
#1404 = ORIENTED_EDGE('',*,*,#413,.T.);
#1405 = ADVANCED_FACE('',(#1406),#402,.F.);
#1406 = FACE_BOUND('',#1407,.F.);
#1407 = EDGE_LOOP('',(#1408,#1409,#1410,#1433));
#1408 = ORIENTED_EDGE('',*,*,#1384,.T.);
#1409 = ORIENTED_EDGE('',*,*,#387,.T.);
#1410 = ORIENTED_EDGE('',*,*,#1411,.T.);
#1411 = EDGE_CURVE('',#362,#1412,#1414,.T.);
#1412 = VERTEX_POINT('',#1413);
#1413 = CARTESIAN_POINT('',(1.13,-16.39284547439,2.215));
#1414 = SURFACE_CURVE('',#1415,(#1419,#1426),.PCURVE_S1.);
#1415 = LINE('',#1416,#1417);
#1416 = CARTESIAN_POINT('',(1.13,53.97,2.215));
#1417 = VECTOR('',#1418,1.);
#1418 = DIRECTION('',(0.,-1.,1.110223024625E-16));
#1419 = PCURVE('',#402,#1420);
#1420 = DEFINITIONAL_REPRESENTATION('',(#1421),#1425);
#1421 = LINE('',#1422,#1423);
#1422 = CARTESIAN_POINT('',(-1.13,53.97));
#1423 = VECTOR('',#1424,1.);
#1424 = DIRECTION('',(0.,-1.));
#1425 = ( GEOMETRIC_REPRESENTATION_CONTEXT(2) 
PARAMETRIC_REPRESENTATION_CONTEXT() REPRESENTATION_CONTEXT('2D SPACE',''
  ) );
#1426 = PCURVE('',#376,#1427);
#1427 = DEFINITIONAL_REPRESENTATION('',(#1428),#1432);
#1428 = LINE('',#1429,#1430);
#1429 = CARTESIAN_POINT('',(-1.132427485118E-16,-1.02));
#1430 = VECTOR('',#1431,1.);
#1431 = DIRECTION('',(1.,0.));
#1432 = ( GEOMETRIC_REPRESENTATION_CONTEXT(2) 
PARAMETRIC_REPRESENTATION_CONTEXT() REPRESENTATION_CONTEXT('2D SPACE',''
  ) );
#1433 = ORIENTED_EDGE('',*,*,#1434,.T.);
#1434 = EDGE_CURVE('',#1412,#1364,#1435,.T.);
#1435 = SURFACE_CURVE('',#1436,(#1441,#1452),.PCURVE_S1.);
#1436 = CIRCLE('',#1437,6.2);
#1437 = AXIS2_PLACEMENT_3D('',#1438,#1439,#1440);
#1438 = CARTESIAN_POINT('',(0.,-22.489,2.215));
#1439 = DIRECTION('',(0.,0.,1.));
#1440 = DIRECTION('',(-1.,0.,0.));
#1441 = PCURVE('',#402,#1442);
#1442 = DEFINITIONAL_REPRESENTATION('',(#1443),#1451);
#1443 = ( BOUNDED_CURVE() B_SPLINE_CURVE(2,(#1444,#1445,#1446,#1447,
#1448,#1449,#1450),.UNSPECIFIED.,.T.,.F.) B_SPLINE_CURVE_WITH_KNOTS((1,2
    ,2,2,2,1),(-2.094395102393,0.,2.094395102393,4.188790204786,
6.28318530718,8.377580409573),.UNSPECIFIED.) CURVE() 
GEOMETRIC_REPRESENTATION_ITEM() RATIONAL_B_SPLINE_CURVE((1.,0.5,1.,0.5,
1.,0.5,1.)) REPRESENTATION_ITEM('') );
#1444 = CARTESIAN_POINT('',(6.2,-22.489));
#1445 = CARTESIAN_POINT('',(6.2,-33.22771500692));
#1446 = CARTESIAN_POINT('',(-3.1,-27.85835750346));
#1447 = CARTESIAN_POINT('',(-12.4,-22.489));
#1448 = CARTESIAN_POINT('',(-3.1,-17.11964249653));
#1449 = CARTESIAN_POINT('',(6.2,-11.75028499307));
#1450 = CARTESIAN_POINT('',(6.2,-22.489));
#1451 = ( GEOMETRIC_REPRESENTATION_CONTEXT(2) 
PARAMETRIC_REPRESENTATION_CONTEXT() REPRESENTATION_CONTEXT('2D SPACE',''
  ) );
#1452 = PCURVE('',#586,#1453);
#1453 = DEFINITIONAL_REPRESENTATION('',(#1454),#1458);
#1454 = LINE('',#1455,#1456);
#1455 = CARTESIAN_POINT('',(0.,2.215));
#1456 = VECTOR('',#1457,1.);
#1457 = DIRECTION('',(1.,0.));
#1458 = ( GEOMETRIC_REPRESENTATION_CONTEXT(2) 
PARAMETRIC_REPRESENTATION_CONTEXT() REPRESENTATION_CONTEXT('2D SPACE',''
  ) );
#1459 = ADVANCED_FACE('',(#1460),#376,.T.);
#1460 = FACE_BOUND('',#1461,.T.);
#1461 = EDGE_LOOP('',(#1462,#1463,#1464,#1465));
#1462 = ORIENTED_EDGE('',*,*,#1310,.F.);
#1463 = ORIENTED_EDGE('',*,*,#361,.T.);
#1464 = ORIENTED_EDGE('',*,*,#1411,.T.);
#1465 = ORIENTED_EDGE('',*,*,#1466,.T.);
#1466 = EDGE_CURVE('',#1412,#1311,#1467,.T.);
#1467 = SURFACE_CURVE('',#1468,(#1472,#1478),.PCURVE_S1.);
#1468 = LINE('',#1469,#1470);
#1469 = CARTESIAN_POINT('',(1.13,-16.39284547439,0.));
#1470 = VECTOR('',#1471,1.);
#1471 = DIRECTION('',(0.,0.,1.));
#1472 = PCURVE('',#376,#1473);
#1473 = DEFINITIONAL_REPRESENTATION('',(#1474),#1477);
#1474 = B_SPLINE_CURVE_WITH_KNOTS('',1,(#1475,#1476),.UNSPECIFIED.,.F.,
  .F.,(2,2),(2.113,3.3200006),.PIECEWISE_BEZIER_KNOTS.);
#1475 = CARTESIAN_POINT('',(70.362845474399,-1.122));
#1476 = CARTESIAN_POINT('',(70.362845474399,8.50006E-02));
#1477 = ( GEOMETRIC_REPRESENTATION_CONTEXT(2) 
PARAMETRIC_REPRESENTATION_CONTEXT() REPRESENTATION_CONTEXT('2D SPACE',''
  ) );
#1478 = PCURVE('',#586,#1479);
#1479 = DEFINITIONAL_REPRESENTATION('',(#1480),#1483);
#1480 = B_SPLINE_CURVE_WITH_KNOTS('',1,(#1481,#1482),.UNSPECIFIED.,.F.,
  .F.,(2,2),(2.113,3.3200006),.PIECEWISE_BEZIER_KNOTS.);
#1481 = CARTESIAN_POINT('',(4.529106486007,2.113));
#1482 = CARTESIAN_POINT('',(4.529106486007,3.3200006));
#1483 = ( GEOMETRIC_REPRESENTATION_CONTEXT(2) 
PARAMETRIC_REPRESENTATION_CONTEXT() REPRESENTATION_CONTEXT('2D SPACE',''
  ) );
#1484 = ADVANCED_FACE('',(#1485),#506,.F.);
#1485 = FACE_BOUND('',#1486,.F.);
#1486 = EDGE_LOOP('',(#1487,#1488,#1511,#1532));
#1487 = ORIENTED_EDGE('',*,*,#492,.T.);
#1488 = ORIENTED_EDGE('',*,*,#1489,.T.);
#1489 = EDGE_CURVE('',#465,#1490,#1492,.T.);
#1490 = VERTEX_POINT('',#1491);
#1491 = CARTESIAN_POINT('',(3.477,-134.403,11.8));
#1492 = SURFACE_CURVE('',#1493,(#1497,#1504),.PCURVE_S1.);
#1493 = LINE('',#1494,#1495);
#1494 = CARTESIAN_POINT('',(29.96,-134.403,11.8));
#1495 = VECTOR('',#1496,1.);
#1496 = DIRECTION('',(-1.,0.,0.));
#1497 = PCURVE('',#506,#1498);
#1498 = DEFINITIONAL_REPRESENTATION('',(#1499),#1503);
#1499 = LINE('',#1500,#1501);
#1500 = CARTESIAN_POINT('',(0.,-134.403));
#1501 = VECTOR('',#1502,1.);
#1502 = DIRECTION('',(1.,0.));
#1503 = ( GEOMETRIC_REPRESENTATION_CONTEXT(2) 
PARAMETRIC_REPRESENTATION_CONTEXT() REPRESENTATION_CONTEXT('2D SPACE',''
  ) );
#1504 = PCURVE('',#480,#1505);
#1505 = DEFINITIONAL_REPRESENTATION('',(#1506),#1510);
#1506 = LINE('',#1507,#1508);
#1507 = CARTESIAN_POINT('',(-0.,-0.372645273685));
#1508 = VECTOR('',#1509,1.);
#1509 = DIRECTION('',(-1.,0.));
#1510 = ( GEOMETRIC_REPRESENTATION_CONTEXT(2) 
PARAMETRIC_REPRESENTATION_CONTEXT() REPRESENTATION_CONTEXT('2D SPACE',''
  ) );
#1511 = ORIENTED_EDGE('',*,*,#1512,.F.);
#1512 = EDGE_CURVE('',#748,#1490,#1513,.T.);
#1513 = SURFACE_CURVE('',#1514,(#1518,#1525),.PCURVE_S1.);
#1514 = LINE('',#1515,#1516);
#1515 = CARTESIAN_POINT('',(3.477,0.,11.8));
#1516 = VECTOR('',#1517,1.);
#1517 = DIRECTION('',(0.,-1.,0.));
#1518 = PCURVE('',#506,#1519);
#1519 = DEFINITIONAL_REPRESENTATION('',(#1520),#1524);
#1520 = LINE('',#1521,#1522);
#1521 = CARTESIAN_POINT('',(26.483,0.));
#1522 = VECTOR('',#1523,1.);
#1523 = DIRECTION('',(0.,-1.));
#1524 = ( GEOMETRIC_REPRESENTATION_CONTEXT(2) 
PARAMETRIC_REPRESENTATION_CONTEXT() REPRESENTATION_CONTEXT('2D SPACE',''
  ) );
#1525 = PCURVE('',#765,#1526);
#1526 = DEFINITIONAL_REPRESENTATION('',(#1527),#1531);
#1527 = LINE('',#1528,#1529);
#1528 = CARTESIAN_POINT('',(-1.44444745829E-34,-0.138283881994));
#1529 = VECTOR('',#1530,1.);
#1530 = DIRECTION('',(-1.,0.));
#1531 = ( GEOMETRIC_REPRESENTATION_CONTEXT(2) 
PARAMETRIC_REPRESENTATION_CONTEXT() REPRESENTATION_CONTEXT('2D SPACE',''
  ) );
#1532 = ORIENTED_EDGE('',*,*,#800,.F.);
#1533 = ADVANCED_FACE('',(#1534),#480,.F.);
#1534 = FACE_BOUND('',#1535,.T.);
#1535 = EDGE_LOOP('',(#1536,#1557,#1558,#1559,#1560));
#1536 = ORIENTED_EDGE('',*,*,#1537,.T.);
#1537 = EDGE_CURVE('',#1490,#885,#1538,.T.);
#1538 = SURFACE_CURVE('',#1539,(#1543,#1550),.PCURVE_S1.);
#1539 = LINE('',#1540,#1541);
#1540 = CARTESIAN_POINT('',(12.71633932863,-100.4256792464,
    45.77732075354));
#1541 = VECTOR('',#1542,1.);
#1542 = DIRECTION('',(-0.188822291317,-0.694386831061,-0.694386831061));
#1543 = PCURVE('',#480,#1544);
#1544 = DEFINITIONAL_REPRESENTATION('',(#1545),#1549);
#1545 = LINE('',#1546,#1547);
#1546 = CARTESIAN_POINT('',(-17.24366067137,-48.42383309644));
#1547 = VECTOR('',#1548,1.);
#1548 = DIRECTION('',(-0.188822291317,0.98201127402));
#1549 = ( GEOMETRIC_REPRESENTATION_CONTEXT(2) 
PARAMETRIC_REPRESENTATION_CONTEXT() REPRESENTATION_CONTEXT('2D SPACE',''
  ) );
#1550 = PCURVE('',#765,#1551);
#1551 = DEFINITIONAL_REPRESENTATION('',(#1552),#1556);
#1552 = LINE('',#1553,#1554);
#1553 = CARTESIAN_POINT('',(-100.4256792464,-35.34941446336));
#1554 = VECTOR('',#1555,1.);
#1555 = DIRECTION('',(-0.694386831061,0.719601923878));
#1556 = ( GEOMETRIC_REPRESENTATION_CONTEXT(2) 
PARAMETRIC_REPRESENTATION_CONTEXT() REPRESENTATION_CONTEXT('2D SPACE',''
  ) );
#1557 = ORIENTED_EDGE('',*,*,#907,.T.);
#1558 = ORIENTED_EDGE('',*,*,#602,.F.);
#1559 = ORIENTED_EDGE('',*,*,#464,.T.);
#1560 = ORIENTED_EDGE('',*,*,#1489,.T.);
#1561 = ADVANCED_FACE('',(#1562,#1616,#1736),#586,.F.);
#1562 = FACE_BOUND('',#1563,.F.);
#1563 = EDGE_LOOP('',(#1564,#1587,#1614,#1615));
#1564 = ORIENTED_EDGE('',*,*,#1565,.T.);
#1565 = EDGE_CURVE('',#570,#1566,#1568,.T.);
#1566 = VERTEX_POINT('',#1567);
#1567 = CARTESIAN_POINT('',(-6.2,-22.489,3.32));
#1568 = SEAM_CURVE('',#1569,(#1573,#1580),.PCURVE_S1.);
#1569 = LINE('',#1570,#1571);
#1570 = CARTESIAN_POINT('',(-6.2,-22.489,0.));
#1571 = VECTOR('',#1572,1.);
#1572 = DIRECTION('',(0.,0.,1.));
#1573 = PCURVE('',#586,#1574);
#1574 = DEFINITIONAL_REPRESENTATION('',(#1575),#1579);
#1575 = LINE('',#1576,#1577);
#1576 = CARTESIAN_POINT('',(6.28318530718,-0.));
#1577 = VECTOR('',#1578,1.);
#1578 = DIRECTION('',(0.,1.));
#1579 = ( GEOMETRIC_REPRESENTATION_CONTEXT(2) 
PARAMETRIC_REPRESENTATION_CONTEXT() REPRESENTATION_CONTEXT('2D SPACE',''
  ) );
#1580 = PCURVE('',#586,#1581);
#1581 = DEFINITIONAL_REPRESENTATION('',(#1582),#1586);
#1582 = LINE('',#1583,#1584);
#1583 = CARTESIAN_POINT('',(0.,-0.));
#1584 = VECTOR('',#1585,1.);
#1585 = DIRECTION('',(0.,1.));
#1586 = ( GEOMETRIC_REPRESENTATION_CONTEXT(2) 
PARAMETRIC_REPRESENTATION_CONTEXT() REPRESENTATION_CONTEXT('2D SPACE',''
  ) );
#1587 = ORIENTED_EDGE('',*,*,#1588,.F.);
#1588 = EDGE_CURVE('',#1566,#1566,#1589,.T.);
#1589 = SURFACE_CURVE('',#1590,(#1595,#1602),.PCURVE_S1.);
#1590 = CIRCLE('',#1591,6.2);
#1591 = AXIS2_PLACEMENT_3D('',#1592,#1593,#1594);
#1592 = CARTESIAN_POINT('',(0.,-22.489,3.32));
#1593 = DIRECTION('',(0.,0.,1.));
#1594 = DIRECTION('',(-1.,0.,0.));
#1595 = PCURVE('',#586,#1596);
#1596 = DEFINITIONAL_REPRESENTATION('',(#1597),#1601);
#1597 = LINE('',#1598,#1599);
#1598 = CARTESIAN_POINT('',(0.,3.32));
#1599 = VECTOR('',#1600,1.);
#1600 = DIRECTION('',(1.,0.));
#1601 = ( GEOMETRIC_REPRESENTATION_CONTEXT(2) 
PARAMETRIC_REPRESENTATION_CONTEXT() REPRESENTATION_CONTEXT('2D SPACE',''
  ) );
#1602 = PCURVE('',#1603,#1608);
#1603 = PLANE('',#1604);
#1604 = AXIS2_PLACEMENT_3D('',#1605,#1606,#1607);
#1605 = CARTESIAN_POINT('',(0.,-22.489,3.32));
#1606 = DIRECTION('',(0.,0.,1.));
#1607 = DIRECTION('',(-1.,0.,0.));
#1608 = DEFINITIONAL_REPRESENTATION('',(#1609),#1613);
#1609 = CIRCLE('',#1610,6.2);
#1610 = AXIS2_PLACEMENT_2D('',#1611,#1612);
#1611 = CARTESIAN_POINT('',(0.,0.));
#1612 = DIRECTION('',(1.,0.));
#1613 = ( GEOMETRIC_REPRESENTATION_CONTEXT(2) 
PARAMETRIC_REPRESENTATION_CONTEXT() REPRESENTATION_CONTEXT('2D SPACE',''
  ) );
#1614 = ORIENTED_EDGE('',*,*,#1565,.F.);
#1615 = ORIENTED_EDGE('',*,*,#569,.T.);
#1616 = FACE_BOUND('',#1617,.F.);
#1617 = EDGE_LOOP('',(#1618,#1646,#1679,#1705));
#1618 = ORIENTED_EDGE('',*,*,#1619,.F.);
#1619 = EDGE_CURVE('',#1620,#1622,#1624,.T.);
#1620 = VERTEX_POINT('',#1621);
#1621 = CARTESIAN_POINT('',(1.13,-28.5851545256,2.215));
#1622 = VERTEX_POINT('',#1623);
#1623 = CARTESIAN_POINT('',(1.13,-28.5851545256,3.235));
#1624 = SURFACE_CURVE('',#1625,(#1629,#1635),.PCURVE_S1.);
#1625 = LINE('',#1626,#1627);
#1626 = CARTESIAN_POINT('',(1.13,-28.5851545256,0.));
#1627 = VECTOR('',#1628,1.);
#1628 = DIRECTION('',(0.,0.,1.));
#1629 = PCURVE('',#586,#1630);
#1630 = DEFINITIONAL_REPRESENTATION('',(#1631),#1634);
#1631 = B_SPLINE_CURVE_WITH_KNOTS('',1,(#1632,#1633),.UNSPECIFIED.,.F.,
  .F.,(2,2),(2.113,3.3200006),.PIECEWISE_BEZIER_KNOTS.);
#1632 = CARTESIAN_POINT('',(1.754078821173,2.113));
#1633 = CARTESIAN_POINT('',(1.754078821173,3.3200006));
#1634 = ( GEOMETRIC_REPRESENTATION_CONTEXT(2) 
PARAMETRIC_REPRESENTATION_CONTEXT() REPRESENTATION_CONTEXT('2D SPACE',''
  ) );
#1635 = PCURVE('',#1636,#1641);
#1636 = PLANE('',#1637);
#1637 = AXIS2_PLACEMENT_3D('',#1638,#1639,#1640);
#1638 = CARTESIAN_POINT('',(1.13,53.97,3.235));
#1639 = DIRECTION('',(-1.,-0.,0.));
#1640 = DIRECTION('',(0.,-1.,1.110223024625E-16));
#1641 = DEFINITIONAL_REPRESENTATION('',(#1642),#1645);
#1642 = B_SPLINE_CURVE_WITH_KNOTS('',1,(#1643,#1644),.UNSPECIFIED.,.F.,
  .F.,(2,2),(2.113,3.3200006),.PIECEWISE_BEZIER_KNOTS.);
#1643 = CARTESIAN_POINT('',(82.555154525601,-1.122));
#1644 = CARTESIAN_POINT('',(82.555154525601,8.50006E-02));
#1645 = ( GEOMETRIC_REPRESENTATION_CONTEXT(2) 
PARAMETRIC_REPRESENTATION_CONTEXT() REPRESENTATION_CONTEXT('2D SPACE',''
  ) );
#1646 = ORIENTED_EDGE('',*,*,#1647,.F.);
#1647 = EDGE_CURVE('',#1648,#1620,#1650,.T.);
#1648 = VERTEX_POINT('',#1649);
#1649 = CARTESIAN_POINT('',(-1.13,-28.5851545256,2.215));
#1650 = SURFACE_CURVE('',#1651,(#1656,#1663),.PCURVE_S1.);
#1651 = CIRCLE('',#1652,6.2);
#1652 = AXIS2_PLACEMENT_3D('',#1653,#1654,#1655);
#1653 = CARTESIAN_POINT('',(0.,-22.489,2.215));
#1654 = DIRECTION('',(0.,0.,1.));
#1655 = DIRECTION('',(-1.,0.,0.));
#1656 = PCURVE('',#586,#1657);
#1657 = DEFINITIONAL_REPRESENTATION('',(#1658),#1662);
#1658 = LINE('',#1659,#1660);
#1659 = CARTESIAN_POINT('',(0.,2.215));
#1660 = VECTOR('',#1661,1.);
#1661 = DIRECTION('',(1.,0.));
#1662 = ( GEOMETRIC_REPRESENTATION_CONTEXT(2) 
PARAMETRIC_REPRESENTATION_CONTEXT() REPRESENTATION_CONTEXT('2D SPACE',''
  ) );
#1663 = PCURVE('',#1664,#1669);
#1664 = PLANE('',#1665);
#1665 = AXIS2_PLACEMENT_3D('',#1666,#1667,#1668);
#1666 = CARTESIAN_POINT('',(0.,-1.132427485118E-16,2.215));
#1667 = DIRECTION('',(-0.,-0.,-1.));
#1668 = DIRECTION('',(-1.,0.,0.));
#1669 = DEFINITIONAL_REPRESENTATION('',(#1670),#1678);
#1670 = ( BOUNDED_CURVE() B_SPLINE_CURVE(2,(#1671,#1672,#1673,#1674,
#1675,#1676,#1677),.UNSPECIFIED.,.T.,.F.) B_SPLINE_CURVE_WITH_KNOTS((1,2
    ,2,2,2,1),(-2.094395102393,0.,2.094395102393,4.188790204786,
6.28318530718,8.377580409573),.UNSPECIFIED.) CURVE() 
GEOMETRIC_REPRESENTATION_ITEM() RATIONAL_B_SPLINE_CURVE((1.,0.5,1.,0.5,
1.,0.5,1.)) REPRESENTATION_ITEM('') );
#1671 = CARTESIAN_POINT('',(6.2,-22.489));
#1672 = CARTESIAN_POINT('',(6.2,-33.22771500692));
#1673 = CARTESIAN_POINT('',(-3.1,-27.85835750346));
#1674 = CARTESIAN_POINT('',(-12.4,-22.489));
#1675 = CARTESIAN_POINT('',(-3.1,-17.11964249653));
#1676 = CARTESIAN_POINT('',(6.2,-11.75028499307));
#1677 = CARTESIAN_POINT('',(6.2,-22.489));
#1678 = ( GEOMETRIC_REPRESENTATION_CONTEXT(2) 
PARAMETRIC_REPRESENTATION_CONTEXT() REPRESENTATION_CONTEXT('2D SPACE',''
  ) );
#1679 = ORIENTED_EDGE('',*,*,#1680,.T.);
#1680 = EDGE_CURVE('',#1648,#1681,#1683,.T.);
#1681 = VERTEX_POINT('',#1682);
#1682 = CARTESIAN_POINT('',(-1.13,-28.5851545256,3.235));
#1683 = SURFACE_CURVE('',#1684,(#1688,#1694),.PCURVE_S1.);
#1684 = LINE('',#1685,#1686);
#1685 = CARTESIAN_POINT('',(-1.13,-28.5851545256,0.));
#1686 = VECTOR('',#1687,1.);
#1687 = DIRECTION('',(0.,0.,1.));
#1688 = PCURVE('',#586,#1689);
#1689 = DEFINITIONAL_REPRESENTATION('',(#1690),#1693);
#1690 = B_SPLINE_CURVE_WITH_KNOTS('',1,(#1691,#1692),.UNSPECIFIED.,.F.,
  .F.,(2,2),(2.113,3.3200006),.PIECEWISE_BEZIER_KNOTS.);
#1691 = CARTESIAN_POINT('',(1.387513832417,2.113));
#1692 = CARTESIAN_POINT('',(1.387513832417,3.3200006));
#1693 = ( GEOMETRIC_REPRESENTATION_CONTEXT(2) 
PARAMETRIC_REPRESENTATION_CONTEXT() REPRESENTATION_CONTEXT('2D SPACE',''
  ) );
#1694 = PCURVE('',#1695,#1700);
#1695 = PLANE('',#1696);
#1696 = AXIS2_PLACEMENT_3D('',#1697,#1698,#1699);
#1697 = CARTESIAN_POINT('',(-1.13,-53.97,3.235));
#1698 = DIRECTION('',(1.,0.,0.));
#1699 = DIRECTION('',(0.,1.,-1.110223024625E-16));
#1700 = DEFINITIONAL_REPRESENTATION('',(#1701),#1704);
#1701 = B_SPLINE_CURVE_WITH_KNOTS('',1,(#1702,#1703),.UNSPECIFIED.,.F.,
  .F.,(2,2),(2.113,3.3200006),.PIECEWISE_BEZIER_KNOTS.);
#1702 = CARTESIAN_POINT('',(25.384845474399,-1.122));
#1703 = CARTESIAN_POINT('',(25.384845474399,8.50006E-02));
#1704 = ( GEOMETRIC_REPRESENTATION_CONTEXT(2) 
PARAMETRIC_REPRESENTATION_CONTEXT() REPRESENTATION_CONTEXT('2D SPACE',''
  ) );
#1705 = ORIENTED_EDGE('',*,*,#1706,.T.);
#1706 = EDGE_CURVE('',#1681,#1622,#1707,.T.);
#1707 = SURFACE_CURVE('',#1708,(#1713,#1720),.PCURVE_S1.);
#1708 = CIRCLE('',#1709,6.2);
#1709 = AXIS2_PLACEMENT_3D('',#1710,#1711,#1712);
#1710 = CARTESIAN_POINT('',(0.,-22.489,3.235));
#1711 = DIRECTION('',(0.,0.,1.));
#1712 = DIRECTION('',(-1.,0.,0.));
#1713 = PCURVE('',#586,#1714);
#1714 = DEFINITIONAL_REPRESENTATION('',(#1715),#1719);
#1715 = LINE('',#1716,#1717);
#1716 = CARTESIAN_POINT('',(0.,3.235));
#1717 = VECTOR('',#1718,1.);
#1718 = DIRECTION('',(1.,0.));
#1719 = ( GEOMETRIC_REPRESENTATION_CONTEXT(2) 
PARAMETRIC_REPRESENTATION_CONTEXT() REPRESENTATION_CONTEXT('2D SPACE',''
  ) );
#1720 = PCURVE('',#1721,#1726);
#1721 = PLANE('',#1722);
#1722 = AXIS2_PLACEMENT_3D('',#1723,#1724,#1725);
#1723 = CARTESIAN_POINT('',(0.,0.,3.235));
#1724 = DIRECTION('',(-0.,-0.,-1.));
#1725 = DIRECTION('',(-1.,0.,0.));
#1726 = DEFINITIONAL_REPRESENTATION('',(#1727),#1735);
#1727 = ( BOUNDED_CURVE() B_SPLINE_CURVE(2,(#1728,#1729,#1730,#1731,
#1732,#1733,#1734),.UNSPECIFIED.,.T.,.F.) B_SPLINE_CURVE_WITH_KNOTS((1,2
    ,2,2,2,1),(-2.094395102393,0.,2.094395102393,4.188790204786,
6.28318530718,8.377580409573),.UNSPECIFIED.) CURVE() 
GEOMETRIC_REPRESENTATION_ITEM() RATIONAL_B_SPLINE_CURVE((1.,0.5,1.,0.5,
1.,0.5,1.)) REPRESENTATION_ITEM('') );
#1728 = CARTESIAN_POINT('',(6.2,-22.489));
#1729 = CARTESIAN_POINT('',(6.2,-33.22771500692));
#1730 = CARTESIAN_POINT('',(-3.1,-27.85835750346));
#1731 = CARTESIAN_POINT('',(-12.4,-22.489));
#1732 = CARTESIAN_POINT('',(-3.1,-17.11964249653));
#1733 = CARTESIAN_POINT('',(6.2,-11.75028499307));
#1734 = CARTESIAN_POINT('',(6.2,-22.489));
#1735 = ( GEOMETRIC_REPRESENTATION_CONTEXT(2) 
PARAMETRIC_REPRESENTATION_CONTEXT() REPRESENTATION_CONTEXT('2D SPACE',''
  ) );
#1736 = FACE_BOUND('',#1737,.F.);
#1737 = EDGE_LOOP('',(#1738,#1739,#1740,#1741));
#1738 = ORIENTED_EDGE('',*,*,#1434,.F.);
#1739 = ORIENTED_EDGE('',*,*,#1466,.T.);
#1740 = ORIENTED_EDGE('',*,*,#1333,.T.);
#1741 = ORIENTED_EDGE('',*,*,#1363,.F.);
#1742 = ADVANCED_FACE('',(#1743),#710,.F.);
#1743 = FACE_BOUND('',#1744,.T.);
#1744 = EDGE_LOOP('',(#1745,#1768,#1791,#1812,#1813));
#1745 = ORIENTED_EDGE('',*,*,#1746,.F.);
#1746 = EDGE_CURVE('',#1747,#1156,#1749,.T.);
#1747 = VERTEX_POINT('',#1748);
#1748 = CARTESIAN_POINT('',(-3.477,-134.403,11.8));
#1749 = SURFACE_CURVE('',#1750,(#1754,#1761),.PCURVE_S1.);
#1750 = LINE('',#1751,#1752);
#1751 = CARTESIAN_POINT('',(-12.23483398041,-102.1963969437,
    44.006603056208));
#1752 = VECTOR('',#1753,1.);
#1753 = DIRECTION('',(0.188822291317,-0.694386831061,-0.694386831061));
#1754 = PCURVE('',#710,#1755);
#1755 = DEFINITIONAL_REPRESENTATION('',(#1756),#1760);
#1756 = LINE('',#1757,#1758);
#1757 = CARTESIAN_POINT('',(-9.284833980415,-45.91966011374));
#1758 = VECTOR('',#1759,1.);
#1759 = DIRECTION('',(0.188822291317,0.98201127402));
#1760 = ( GEOMETRIC_REPRESENTATION_CONTEXT(2) 
PARAMETRIC_REPRESENTATION_CONTEXT() REPRESENTATION_CONTEXT('2D SPACE',''
  ) );
#1761 = PCURVE('',#1065,#1762);
#1762 = DEFINITIONAL_REPRESENTATION('',(#1763),#1767);
#1763 = LINE('',#1764,#1765);
#1764 = CARTESIAN_POINT('',(-102.1963969437,33.514397143556));
#1765 = VECTOR('',#1766,1.);
#1766 = DIRECTION('',(-0.694386831061,-0.719601923878));
#1767 = ( GEOMETRIC_REPRESENTATION_CONTEXT(2) 
PARAMETRIC_REPRESENTATION_CONTEXT() REPRESENTATION_CONTEXT('2D SPACE',''
  ) );
#1768 = ORIENTED_EDGE('',*,*,#1769,.T.);
#1769 = EDGE_CURVE('',#1747,#1770,#1772,.T.);
#1770 = VERTEX_POINT('',#1771);
#1771 = CARTESIAN_POINT('',(-29.433,-134.403,11.8));
#1772 = SURFACE_CURVE('',#1773,(#1777,#1784),.PCURVE_S1.);
#1773 = LINE('',#1774,#1775);
#1774 = CARTESIAN_POINT('',(-2.95,-134.403,11.8));
#1775 = VECTOR('',#1776,1.);
#1776 = DIRECTION('',(-1.,0.,0.));
#1777 = PCURVE('',#710,#1778);
#1778 = DEFINITIONAL_REPRESENTATION('',(#1779),#1783);
#1779 = LINE('',#1780,#1781);
#1780 = CARTESIAN_POINT('',(-0.,-0.372645273685));
#1781 = VECTOR('',#1782,1.);
#1782 = DIRECTION('',(-1.,0.));
#1783 = ( GEOMETRIC_REPRESENTATION_CONTEXT(2) 
PARAMETRIC_REPRESENTATION_CONTEXT() REPRESENTATION_CONTEXT('2D SPACE',''
  ) );
#1784 = PCURVE('',#1093,#1785);
#1785 = DEFINITIONAL_REPRESENTATION('',(#1786),#1790);
#1786 = LINE('',#1787,#1788);
#1787 = CARTESIAN_POINT('',(0.,-134.403));
#1788 = VECTOR('',#1789,1.);
#1789 = DIRECTION('',(1.,0.));
#1790 = ( GEOMETRIC_REPRESENTATION_CONTEXT(2) 
PARAMETRIC_REPRESENTATION_CONTEXT() REPRESENTATION_CONTEXT('2D SPACE',''
  ) );
#1791 = ORIENTED_EDGE('',*,*,#1792,.T.);
#1792 = EDGE_CURVE('',#1770,#695,#1793,.T.);
#1793 = SURFACE_CURVE('',#1794,(#1798,#1805),.PCURVE_S1.);
#1794 = LINE('',#1795,#1796);
#1795 = CARTESIAN_POINT('',(-2.794333333333,-107.7643333333,
    38.438666666667));
#1796 = VECTOR('',#1797,1.);
#1797 = DIRECTION('',(-0.57735026919,-0.57735026919,-0.57735026919));
#1798 = PCURVE('',#710,#1799);
#1799 = DEFINITIONAL_REPRESENTATION('',(#1800),#1804);
#1800 = LINE('',#1801,#1802);
#1801 = CARTESIAN_POINT('',(0.155666666667,-38.04540895722));
#1802 = VECTOR('',#1803,1.);
#1803 = DIRECTION('',(-0.57735026919,0.816496580928));
#1804 = ( GEOMETRIC_REPRESENTATION_CONTEXT(2) 
PARAMETRIC_REPRESENTATION_CONTEXT() REPRESENTATION_CONTEXT('2D SPACE',''
  ) );
#1805 = PCURVE('',#968,#1806);
#1806 = DEFINITIONAL_REPRESENTATION('',(#1807),#1811);
#1807 = LINE('',#1808,#1809);
#1808 = CARTESIAN_POINT('',(-107.7643333333,-38.04540895722));
#1809 = VECTOR('',#1810,1.);
#1810 = DIRECTION('',(-0.57735026919,0.816496580928));
#1811 = ( GEOMETRIC_REPRESENTATION_CONTEXT(2) 
PARAMETRIC_REPRESENTATION_CONTEXT() REPRESENTATION_CONTEXT('2D SPACE',''
  ) );
#1812 = ORIENTED_EDGE('',*,*,#694,.F.);
#1813 = ORIENTED_EDGE('',*,*,#1155,.F.);
#1814 = ADVANCED_FACE('',(#1815),#765,.T.);
#1815 = FACE_BOUND('',#1816,.F.);
#1816 = EDGE_LOOP('',(#1817,#1818,#1819,#1820,#1821,#1846));
#1817 = ORIENTED_EDGE('',*,*,#747,.F.);
#1818 = ORIENTED_EDGE('',*,*,#1512,.T.);
#1819 = ORIENTED_EDGE('',*,*,#1537,.T.);
#1820 = ORIENTED_EDGE('',*,*,#884,.F.);
#1821 = ORIENTED_EDGE('',*,*,#1822,.T.);
#1822 = EDGE_CURVE('',#850,#827,#1823,.T.);
#1823 = SURFACE_CURVE('',#1824,(#1829,#1836),.PCURVE_S1.);
#1824 = ELLIPSE('',#1825,13.090788122937,3.435);
#1825 = AXIS2_PLACEMENT_3D('',#1826,#1827,#1828);
#1826 = CARTESIAN_POINT('',(0.,-22.489,-0.986535926219));
#1827 = DIRECTION('',(-0.96495966453,-6.978962820565E-19,0.262398258053)
  );
#1828 = DIRECTION('',(0.262398258053,1.897766046029E-19,0.96495966453));
#1829 = PCURVE('',#765,#1830);
#1830 = DEFINITIONAL_REPRESENTATION('',(#1831),#1835);
#1831 = ELLIPSE('',#1832,13.090788122937,3.435);
#1832 = AXIS2_PLACEMENT_2D('',#1833,#1834);
#1833 = CARTESIAN_POINT('',(-22.489,13.112566279128));
#1834 = DIRECTION('',(1.897766046029E-19,-1.));
#1835 = ( GEOMETRIC_REPRESENTATION_CONTEXT(2) 
PARAMETRIC_REPRESENTATION_CONTEXT() REPRESENTATION_CONTEXT('2D SPACE',''
  ) );
#1836 = PCURVE('',#866,#1837);
#1837 = DEFINITIONAL_REPRESENTATION('',(#1838),#1845);
#1838 = B_SPLINE_CURVE_WITH_KNOTS('',5,(#1839,#1840,#1841,#1842,#1843,
    #1844),.UNSPECIFIED.,.F.,.F.,(6,6),(6.134640450148,6.431730164211),
  .PIECEWISE_BEZIER_KNOTS.);
#1839 = CARTESIAN_POINT('',(2.993047796559,11.506435589567));
#1840 = CARTESIAN_POINT('',(3.052465739371,11.617519676471));
#1841 = CARTESIAN_POINT('',(3.111883682184,11.673471108264));
#1842 = CARTESIAN_POINT('',(3.171301624996,11.673471108264));
#1843 = CARTESIAN_POINT('',(3.230719567809,11.617519676471));
#1844 = CARTESIAN_POINT('',(3.290137510621,11.506435589567));
#1845 = ( GEOMETRIC_REPRESENTATION_CONTEXT(2) 
PARAMETRIC_REPRESENTATION_CONTEXT() REPRESENTATION_CONTEXT('2D SPACE',''
  ) );
#1846 = ORIENTED_EDGE('',*,*,#826,.F.);
#1847 = ADVANCED_FACE('',(#1848),#866,.F.);
#1848 = FACE_BOUND('',#1849,.F.);
#1849 = EDGE_LOOP('',(#1850,#1851));
#1850 = ORIENTED_EDGE('',*,*,#1822,.F.);
#1851 = ORIENTED_EDGE('',*,*,#849,.T.);
#1852 = ADVANCED_FACE('',(#1853),#968,.T.);
#1853 = FACE_BOUND('',#1854,.F.);
#1854 = EDGE_LOOP('',(#1855,#1856,#1877,#1878));
#1855 = ORIENTED_EDGE('',*,*,#1105,.F.);
#1856 = ORIENTED_EDGE('',*,*,#1857,.T.);
#1857 = EDGE_CURVE('',#1078,#1770,#1858,.T.);
#1858 = SURFACE_CURVE('',#1859,(#1863,#1870),.PCURVE_S1.);
#1859 = LINE('',#1860,#1861);
#1860 = CARTESIAN_POINT('',(-29.433,0.,11.8));
#1861 = VECTOR('',#1862,1.);
#1862 = DIRECTION('',(0.,-1.,0.));
#1863 = PCURVE('',#968,#1864);
#1864 = DEFINITIONAL_REPRESENTATION('',(#1865),#1869);
#1865 = LINE('',#1866,#1867);
#1866 = CARTESIAN_POINT('',(-0.,-0.372645273685));
#1867 = VECTOR('',#1868,1.);
#1868 = DIRECTION('',(-1.,0.));
#1869 = ( GEOMETRIC_REPRESENTATION_CONTEXT(2) 
PARAMETRIC_REPRESENTATION_CONTEXT() REPRESENTATION_CONTEXT('2D SPACE',''
  ) );
#1870 = PCURVE('',#1093,#1871);
#1871 = DEFINITIONAL_REPRESENTATION('',(#1872),#1876);
#1872 = LINE('',#1873,#1874);
#1873 = CARTESIAN_POINT('',(26.483,0.));
#1874 = VECTOR('',#1875,1.);
#1875 = DIRECTION('',(0.,-1.));
#1876 = ( GEOMETRIC_REPRESENTATION_CONTEXT(2) 
PARAMETRIC_REPRESENTATION_CONTEXT() REPRESENTATION_CONTEXT('2D SPACE',''
  ) );
#1877 = ORIENTED_EDGE('',*,*,#1792,.T.);
#1878 = ORIENTED_EDGE('',*,*,#954,.F.);
#1879 = ADVANCED_FACE('',(#1880),#1032,.F.);
#1880 = FACE_BOUND('',#1881,.F.);
#1881 = EDGE_LOOP('',(#1882,#1906,#1927,#1928));
#1882 = ORIENTED_EDGE('',*,*,#1883,.T.);
#1883 = EDGE_CURVE('',#1884,#1884,#1886,.T.);
#1884 = VERTEX_POINT('',#1885);
#1885 = CARTESIAN_POINT('',(-3.435,-22.489,3.32));
#1886 = SURFACE_CURVE('',#1887,(#1892,#1899),.PCURVE_S1.);
#1887 = CIRCLE('',#1888,3.435);
#1888 = AXIS2_PLACEMENT_3D('',#1889,#1890,#1891);
#1889 = CARTESIAN_POINT('',(0.,-22.489,3.32));
#1890 = DIRECTION('',(0.,0.,1.));
#1891 = DIRECTION('',(-1.,0.,0.));
#1892 = PCURVE('',#1032,#1893);
#1893 = DEFINITIONAL_REPRESENTATION('',(#1894),#1898);
#1894 = LINE('',#1895,#1896);
#1895 = CARTESIAN_POINT('',(0.,3.32));
#1896 = VECTOR('',#1897,1.);
#1897 = DIRECTION('',(1.,0.));
#1898 = ( GEOMETRIC_REPRESENTATION_CONTEXT(2) 
PARAMETRIC_REPRESENTATION_CONTEXT() REPRESENTATION_CONTEXT('2D SPACE',''
  ) );
#1899 = PCURVE('',#1603,#1900);
#1900 = DEFINITIONAL_REPRESENTATION('',(#1901),#1905);
#1901 = CIRCLE('',#1902,3.435);
#1902 = AXIS2_PLACEMENT_2D('',#1903,#1904);
#1903 = CARTESIAN_POINT('',(0.,0.));
#1904 = DIRECTION('',(1.,0.));
#1905 = ( GEOMETRIC_REPRESENTATION_CONTEXT(2) 
PARAMETRIC_REPRESENTATION_CONTEXT() REPRESENTATION_CONTEXT('2D SPACE',''
  ) );
#1906 = ORIENTED_EDGE('',*,*,#1907,.T.);
#1907 = EDGE_CURVE('',#1884,#1012,#1908,.T.);
#1908 = SEAM_CURVE('',#1909,(#1913,#1920),.PCURVE_S1.);
#1909 = LINE('',#1910,#1911);
#1910 = CARTESIAN_POINT('',(-3.435,-22.489,0.));
#1911 = VECTOR('',#1912,1.);
#1912 = DIRECTION('',(0.,0.,1.));
#1913 = PCURVE('',#1032,#1914);
#1914 = DEFINITIONAL_REPRESENTATION('',(#1915),#1919);
#1915 = LINE('',#1916,#1917);
#1916 = CARTESIAN_POINT('',(0.,-0.));
#1917 = VECTOR('',#1918,1.);
#1918 = DIRECTION('',(0.,1.));
#1919 = ( GEOMETRIC_REPRESENTATION_CONTEXT(2) 
PARAMETRIC_REPRESENTATION_CONTEXT() REPRESENTATION_CONTEXT('2D SPACE',''
  ) );
#1920 = PCURVE('',#1032,#1921);
#1921 = DEFINITIONAL_REPRESENTATION('',(#1922),#1926);
#1922 = LINE('',#1923,#1924);
#1923 = CARTESIAN_POINT('',(6.28318530718,-0.));
#1924 = VECTOR('',#1925,1.);
#1925 = DIRECTION('',(0.,1.));
#1926 = ( GEOMETRIC_REPRESENTATION_CONTEXT(2) 
PARAMETRIC_REPRESENTATION_CONTEXT() REPRESENTATION_CONTEXT('2D SPACE',''
  ) );
#1927 = ORIENTED_EDGE('',*,*,#1011,.F.);
#1928 = ORIENTED_EDGE('',*,*,#1907,.F.);
#1929 = ADVANCED_FACE('',(#1930),#1065,.T.);
#1930 = FACE_BOUND('',#1931,.F.);
#1931 = EDGE_LOOP('',(#1932,#1953,#1954,#1955,#1982,#2007,#2008));
#1932 = ORIENTED_EDGE('',*,*,#1933,.F.);
#1933 = EDGE_CURVE('',#1048,#1747,#1934,.T.);
#1934 = SURFACE_CURVE('',#1935,(#1939,#1946),.PCURVE_S1.);
#1935 = LINE('',#1936,#1937);
#1936 = CARTESIAN_POINT('',(-3.477,0.,11.8));
#1937 = VECTOR('',#1938,1.);
#1938 = DIRECTION('',(0.,-1.,0.));
#1939 = PCURVE('',#1065,#1940);
#1940 = DEFINITIONAL_REPRESENTATION('',(#1941),#1945);
#1941 = LINE('',#1942,#1943);
#1942 = CARTESIAN_POINT('',(1.44444745829E-34,0.138283881994));
#1943 = VECTOR('',#1944,1.);
#1944 = DIRECTION('',(-1.,0.));
#1945 = ( GEOMETRIC_REPRESENTATION_CONTEXT(2) 
PARAMETRIC_REPRESENTATION_CONTEXT() REPRESENTATION_CONTEXT('2D SPACE',''
  ) );
#1946 = PCURVE('',#1093,#1947);
#1947 = DEFINITIONAL_REPRESENTATION('',(#1948),#1952);
#1948 = LINE('',#1949,#1950);
#1949 = CARTESIAN_POINT('',(0.527,0.));
#1950 = VECTOR('',#1951,1.);
#1951 = DIRECTION('',(0.,-1.));
#1952 = ( GEOMETRIC_REPRESENTATION_CONTEXT(2) 
PARAMETRIC_REPRESENTATION_CONTEXT() REPRESENTATION_CONTEXT('2D SPACE',''
  ) );
#1953 = ORIENTED_EDGE('',*,*,#1047,.T.);
#1954 = ORIENTED_EDGE('',*,*,#1262,.T.);
#1955 = ORIENTED_EDGE('',*,*,#1956,.T.);
#1956 = EDGE_CURVE('',#1235,#1957,#1959,.T.);
#1957 = VERTEX_POINT('',#1958);
#1958 = CARTESIAN_POINT('',(-3.435,-22.489,11.64554658933));
#1959 = SURFACE_CURVE('',#1960,(#1965,#1972),.PCURVE_S1.);
#1960 = ELLIPSE('',#1961,13.090788122937,3.435);
#1961 = AXIS2_PLACEMENT_3D('',#1962,#1963,#1964);
#1962 = CARTESIAN_POINT('',(0.,-22.489,-0.986535926219));
#1963 = DIRECTION('',(0.96495966453,6.978962820565E-19,0.262398258053));
#1964 = DIRECTION('',(-0.262398258053,-1.897766046029E-19,0.96495966453)
  );
#1965 = PCURVE('',#1065,#1966);
#1966 = DEFINITIONAL_REPRESENTATION('',(#1967),#1971);
#1967 = ELLIPSE('',#1968,13.090788122937,3.435);
#1968 = AXIS2_PLACEMENT_2D('',#1969,#1970);
#1969 = CARTESIAN_POINT('',(-22.489,-13.11256627912));
#1970 = DIRECTION('',(-1.897766046029E-19,1.));
#1971 = ( GEOMETRIC_REPRESENTATION_CONTEXT(2) 
PARAMETRIC_REPRESENTATION_CONTEXT() REPRESENTATION_CONTEXT('2D SPACE',''
  ) );
#1972 = PCURVE('',#1218,#1973);
#1973 = DEFINITIONAL_REPRESENTATION('',(#1974),#1981);
#1974 = B_SPLINE_CURVE_WITH_KNOTS('',5,(#1975,#1976,#1977,#1978,#1979,
    #1980),.UNSPECIFIED.,.F.,.F.,(6,6),(6.149670830427,6.28318530718),
  .PIECEWISE_BEZIER_KNOTS.);
#1975 = CARTESIAN_POINT('',(6.149670830427,11.533123263441));
#1976 = CARTESIAN_POINT('',(6.176373725778,11.578025772052));
#1977 = CARTESIAN_POINT('',(6.203076621128,11.611769435376));
#1978 = CARTESIAN_POINT('',(6.229779516479,11.634287544557));
#1979 = CARTESIAN_POINT('',(6.256482411829,11.64554658933));
#1980 = CARTESIAN_POINT('',(6.28318530718,11.64554658933));
#1981 = ( GEOMETRIC_REPRESENTATION_CONTEXT(2) 
PARAMETRIC_REPRESENTATION_CONTEXT() REPRESENTATION_CONTEXT('2D SPACE',''
  ) );
#1982 = ORIENTED_EDGE('',*,*,#1983,.T.);
#1983 = EDGE_CURVE('',#1957,#1179,#1984,.T.);
#1984 = SURFACE_CURVE('',#1985,(#1990,#1997),.PCURVE_S1.);
#1985 = ELLIPSE('',#1986,13.090788122937,3.435);
#1986 = AXIS2_PLACEMENT_3D('',#1987,#1988,#1989);
#1987 = CARTESIAN_POINT('',(0.,-22.489,-0.986535926219));
#1988 = DIRECTION('',(0.96495966453,6.978962820565E-19,0.262398258053));
#1989 = DIRECTION('',(-0.262398258053,-1.897766046029E-19,0.96495966453)
  );
#1990 = PCURVE('',#1065,#1991);
#1991 = DEFINITIONAL_REPRESENTATION('',(#1992),#1996);
#1992 = ELLIPSE('',#1993,13.090788122937,3.435);
#1993 = AXIS2_PLACEMENT_2D('',#1994,#1995);
#1994 = CARTESIAN_POINT('',(-22.489,-13.11256627912));
#1995 = DIRECTION('',(-1.897766046029E-19,1.));
#1996 = ( GEOMETRIC_REPRESENTATION_CONTEXT(2) 
PARAMETRIC_REPRESENTATION_CONTEXT() REPRESENTATION_CONTEXT('2D SPACE',''
  ) );
#1997 = PCURVE('',#1218,#1998);
#1998 = DEFINITIONAL_REPRESENTATION('',(#1999),#2006);
#1999 = B_SPLINE_CURVE_WITH_KNOTS('',5,(#2000,#2001,#2002,#2003,#2004,
    #2005),.UNSPECIFIED.,.F.,.F.,(6,6),(0.,0.133514476752),
  .PIECEWISE_BEZIER_KNOTS.);
#2000 = CARTESIAN_POINT('',(6.28318530718,11.64554658933));
#2001 = CARTESIAN_POINT('',(6.30988820253,11.64554658933));
#2002 = CARTESIAN_POINT('',(6.33659109788,11.634287544557));
#2003 = CARTESIAN_POINT('',(6.363293993231,11.611769435376));
#2004 = CARTESIAN_POINT('',(6.389996888581,11.578025772052));
#2005 = CARTESIAN_POINT('',(6.416699783932,11.533123263441));
#2006 = ( GEOMETRIC_REPRESENTATION_CONTEXT(2) 
PARAMETRIC_REPRESENTATION_CONTEXT() REPRESENTATION_CONTEXT('2D SPACE',''
  ) );
#2007 = ORIENTED_EDGE('',*,*,#1178,.T.);
#2008 = ORIENTED_EDGE('',*,*,#1746,.F.);
#2009 = ADVANCED_FACE('',(#2010),#1093,.F.);
#2010 = FACE_BOUND('',#2011,.F.);
#2011 = EDGE_LOOP('',(#2012,#2013,#2014,#2015));
#2012 = ORIENTED_EDGE('',*,*,#1933,.T.);
#2013 = ORIENTED_EDGE('',*,*,#1769,.T.);
#2014 = ORIENTED_EDGE('',*,*,#1857,.F.);
#2015 = ORIENTED_EDGE('',*,*,#1077,.F.);
#2016 = ADVANCED_FACE('',(#2017),#1218,.F.);
#2017 = FACE_BOUND('',#2018,.F.);
#2018 = EDGE_LOOP('',(#2019,#2020,#2021,#2022));
#2019 = ORIENTED_EDGE('',*,*,#1234,.T.);
#2020 = ORIENTED_EDGE('',*,*,#1201,.T.);
#2021 = ORIENTED_EDGE('',*,*,#1983,.F.);
#2022 = ORIENTED_EDGE('',*,*,#1956,.F.);
#2023 = ADVANCED_FACE('',(#2024,#2027),#1603,.F.);
#2024 = FACE_BOUND('',#2025,.F.);
#2025 = EDGE_LOOP('',(#2026));
#2026 = ORIENTED_EDGE('',*,*,#1588,.T.);
#2027 = FACE_BOUND('',#2028,.F.);
#2028 = EDGE_LOOP('',(#2029));
#2029 = ORIENTED_EDGE('',*,*,#1883,.F.);
#2030 = ADVANCED_FACE('',(#2031),#1636,.T.);
#2031 = FACE_BOUND('',#2032,.T.);
#2032 = EDGE_LOOP('',(#2033,#2056,#2057,#2080));
#2033 = ORIENTED_EDGE('',*,*,#2034,.F.);
#2034 = EDGE_CURVE('',#1622,#2035,#2037,.T.);
#2035 = VERTEX_POINT('',#2036);
#2036 = CARTESIAN_POINT('',(1.13,-53.97,3.235));
#2037 = SURFACE_CURVE('',#2038,(#2042,#2049),.PCURVE_S1.);
#2038 = LINE('',#2039,#2040);
#2039 = CARTESIAN_POINT('',(1.13,53.97,3.235));
#2040 = VECTOR('',#2041,1.);
#2041 = DIRECTION('',(0.,-1.,1.110223024625E-16));
#2042 = PCURVE('',#1636,#2043);
#2043 = DEFINITIONAL_REPRESENTATION('',(#2044),#2048);
#2044 = LINE('',#2045,#2046);
#2045 = CARTESIAN_POINT('',(0.,0.));
#2046 = VECTOR('',#2047,1.);
#2047 = DIRECTION('',(1.,0.));
#2048 = ( GEOMETRIC_REPRESENTATION_CONTEXT(2) 
PARAMETRIC_REPRESENTATION_CONTEXT() REPRESENTATION_CONTEXT('2D SPACE',''
  ) );
#2049 = PCURVE('',#1721,#2050);
#2050 = DEFINITIONAL_REPRESENTATION('',(#2051),#2055);
#2051 = LINE('',#2052,#2053);
#2052 = CARTESIAN_POINT('',(-1.13,53.97));
#2053 = VECTOR('',#2054,1.);
#2054 = DIRECTION('',(0.,-1.));
#2055 = ( GEOMETRIC_REPRESENTATION_CONTEXT(2) 
PARAMETRIC_REPRESENTATION_CONTEXT() REPRESENTATION_CONTEXT('2D SPACE',''
  ) );
#2056 = ORIENTED_EDGE('',*,*,#1619,.F.);
#2057 = ORIENTED_EDGE('',*,*,#2058,.T.);
#2058 = EDGE_CURVE('',#1620,#2059,#2061,.T.);
#2059 = VERTEX_POINT('',#2060);
#2060 = CARTESIAN_POINT('',(1.13,-53.97,2.215));
#2061 = SURFACE_CURVE('',#2062,(#2066,#2073),.PCURVE_S1.);
#2062 = LINE('',#2063,#2064);
#2063 = CARTESIAN_POINT('',(1.13,53.97,2.215));
#2064 = VECTOR('',#2065,1.);
#2065 = DIRECTION('',(0.,-1.,1.110223024625E-16));
#2066 = PCURVE('',#1636,#2067);
#2067 = DEFINITIONAL_REPRESENTATION('',(#2068),#2072);
#2068 = LINE('',#2069,#2070);
#2069 = CARTESIAN_POINT('',(-1.132427485118E-16,-1.02));
#2070 = VECTOR('',#2071,1.);
#2071 = DIRECTION('',(1.,0.));
#2072 = ( GEOMETRIC_REPRESENTATION_CONTEXT(2) 
PARAMETRIC_REPRESENTATION_CONTEXT() REPRESENTATION_CONTEXT('2D SPACE',''
  ) );
#2073 = PCURVE('',#1664,#2074);
#2074 = DEFINITIONAL_REPRESENTATION('',(#2075),#2079);
#2075 = LINE('',#2076,#2077);
#2076 = CARTESIAN_POINT('',(-1.13,53.97));
#2077 = VECTOR('',#2078,1.);
#2078 = DIRECTION('',(0.,-1.));
#2079 = ( GEOMETRIC_REPRESENTATION_CONTEXT(2) 
PARAMETRIC_REPRESENTATION_CONTEXT() REPRESENTATION_CONTEXT('2D SPACE',''
  ) );
#2080 = ORIENTED_EDGE('',*,*,#2081,.F.);
#2081 = EDGE_CURVE('',#2035,#2059,#2082,.T.);
#2082 = SURFACE_CURVE('',#2083,(#2087,#2094),.PCURVE_S1.);
#2083 = LINE('',#2084,#2085);
#2084 = CARTESIAN_POINT('',(1.13,-53.97,3.235));
#2085 = VECTOR('',#2086,1.);
#2086 = DIRECTION('',(0.,-1.110223024625E-16,-1.));
#2087 = PCURVE('',#1636,#2088);
#2088 = DEFINITIONAL_REPRESENTATION('',(#2089),#2093);
#2089 = LINE('',#2090,#2091);
#2090 = CARTESIAN_POINT('',(107.94,-4.374278717023E-16));
#2091 = VECTOR('',#2092,1.);
#2092 = DIRECTION('',(0.,-1.));
#2093 = ( GEOMETRIC_REPRESENTATION_CONTEXT(2) 
PARAMETRIC_REPRESENTATION_CONTEXT() REPRESENTATION_CONTEXT('2D SPACE',''
  ) );
#2094 = PCURVE('',#2095,#2100);
#2095 = PLANE('',#2096);
#2096 = AXIS2_PLACEMENT_3D('',#2097,#2098,#2099);
#2097 = CARTESIAN_POINT('',(1.13,-53.97,3.235));
#2098 = DIRECTION('',(-0.,1.,-1.110223024625E-16));
#2099 = DIRECTION('',(-1.,-0.,0.));
#2100 = DEFINITIONAL_REPRESENTATION('',(#2101),#2105);
#2101 = LINE('',#2102,#2103);
#2102 = CARTESIAN_POINT('',(0.,0.));
#2103 = VECTOR('',#2104,1.);
#2104 = DIRECTION('',(0.,-1.));
#2105 = ( GEOMETRIC_REPRESENTATION_CONTEXT(2) 
PARAMETRIC_REPRESENTATION_CONTEXT() REPRESENTATION_CONTEXT('2D SPACE',''
  ) );
#2106 = ADVANCED_FACE('',(#2107),#1721,.T.);
#2107 = FACE_BOUND('',#2108,.T.);
#2108 = EDGE_LOOP('',(#2109,#2132,#2133,#2134));
#2109 = ORIENTED_EDGE('',*,*,#2110,.T.);
#2110 = EDGE_CURVE('',#2111,#1681,#2113,.T.);
#2111 = VERTEX_POINT('',#2112);
#2112 = CARTESIAN_POINT('',(-1.13,-53.97,3.235));
#2113 = SURFACE_CURVE('',#2114,(#2118,#2125),.PCURVE_S1.);
#2114 = LINE('',#2115,#2116);
#2115 = CARTESIAN_POINT('',(-1.13,-53.97,3.235));
#2116 = VECTOR('',#2117,1.);
#2117 = DIRECTION('',(0.,1.,-1.110223024625E-16));
#2118 = PCURVE('',#1721,#2119);
#2119 = DEFINITIONAL_REPRESENTATION('',(#2120),#2124);
#2120 = LINE('',#2121,#2122);
#2121 = CARTESIAN_POINT('',(1.13,-53.97));
#2122 = VECTOR('',#2123,1.);
#2123 = DIRECTION('',(0.,1.));
#2124 = ( GEOMETRIC_REPRESENTATION_CONTEXT(2) 
PARAMETRIC_REPRESENTATION_CONTEXT() REPRESENTATION_CONTEXT('2D SPACE',''
  ) );
#2125 = PCURVE('',#1695,#2126);
#2126 = DEFINITIONAL_REPRESENTATION('',(#2127),#2131);
#2127 = LINE('',#2128,#2129);
#2128 = CARTESIAN_POINT('',(0.,0.));
#2129 = VECTOR('',#2130,1.);
#2130 = DIRECTION('',(1.,0.));
#2131 = ( GEOMETRIC_REPRESENTATION_CONTEXT(2) 
PARAMETRIC_REPRESENTATION_CONTEXT() REPRESENTATION_CONTEXT('2D SPACE',''
  ) );
#2132 = ORIENTED_EDGE('',*,*,#1706,.T.);
#2133 = ORIENTED_EDGE('',*,*,#2034,.T.);
#2134 = ORIENTED_EDGE('',*,*,#2135,.T.);
#2135 = EDGE_CURVE('',#2035,#2111,#2136,.T.);
#2136 = SURFACE_CURVE('',#2137,(#2141,#2148),.PCURVE_S1.);
#2137 = LINE('',#2138,#2139);
#2138 = CARTESIAN_POINT('',(1.13,-53.97,3.235));
#2139 = VECTOR('',#2140,1.);
#2140 = DIRECTION('',(-1.,-0.,0.));
#2141 = PCURVE('',#1721,#2142);
#2142 = DEFINITIONAL_REPRESENTATION('',(#2143),#2147);
#2143 = LINE('',#2144,#2145);
#2144 = CARTESIAN_POINT('',(-1.13,-53.97));
#2145 = VECTOR('',#2146,1.);
#2146 = DIRECTION('',(1.,0.));
#2147 = ( GEOMETRIC_REPRESENTATION_CONTEXT(2) 
PARAMETRIC_REPRESENTATION_CONTEXT() REPRESENTATION_CONTEXT('2D SPACE',''
  ) );
#2148 = PCURVE('',#2095,#2149);
#2149 = DEFINITIONAL_REPRESENTATION('',(#2150),#2154);
#2150 = LINE('',#2151,#2152);
#2151 = CARTESIAN_POINT('',(0.,0.));
#2152 = VECTOR('',#2153,1.);
#2153 = DIRECTION('',(1.,0.));
#2154 = ( GEOMETRIC_REPRESENTATION_CONTEXT(2) 
PARAMETRIC_REPRESENTATION_CONTEXT() REPRESENTATION_CONTEXT('2D SPACE',''
  ) );
#2155 = ADVANCED_FACE('',(#2156),#1695,.T.);
#2156 = FACE_BOUND('',#2157,.T.);
#2157 = EDGE_LOOP('',(#2158,#2159,#2182,#2203));
#2158 = ORIENTED_EDGE('',*,*,#2110,.F.);
#2159 = ORIENTED_EDGE('',*,*,#2160,.T.);
#2160 = EDGE_CURVE('',#2111,#2161,#2163,.T.);
#2161 = VERTEX_POINT('',#2162);
#2162 = CARTESIAN_POINT('',(-1.13,-53.97,2.215));
#2163 = SURFACE_CURVE('',#2164,(#2168,#2175),.PCURVE_S1.);
#2164 = LINE('',#2165,#2166);
#2165 = CARTESIAN_POINT('',(-1.13,-53.97,3.235));
#2166 = VECTOR('',#2167,1.);
#2167 = DIRECTION('',(0.,-1.110223024625E-16,-1.));
#2168 = PCURVE('',#1695,#2169);
#2169 = DEFINITIONAL_REPRESENTATION('',(#2170),#2174);
#2170 = LINE('',#2171,#2172);
#2171 = CARTESIAN_POINT('',(0.,0.));
#2172 = VECTOR('',#2173,1.);
#2173 = DIRECTION('',(0.,-1.));
#2174 = ( GEOMETRIC_REPRESENTATION_CONTEXT(2) 
PARAMETRIC_REPRESENTATION_CONTEXT() REPRESENTATION_CONTEXT('2D SPACE',''
  ) );
#2175 = PCURVE('',#2095,#2176);
#2176 = DEFINITIONAL_REPRESENTATION('',(#2177),#2181);
#2177 = LINE('',#2178,#2179);
#2178 = CARTESIAN_POINT('',(2.26,0.));
#2179 = VECTOR('',#2180,1.);
#2180 = DIRECTION('',(0.,-1.));
#2181 = ( GEOMETRIC_REPRESENTATION_CONTEXT(2) 
PARAMETRIC_REPRESENTATION_CONTEXT() REPRESENTATION_CONTEXT('2D SPACE',''
  ) );
#2182 = ORIENTED_EDGE('',*,*,#2183,.T.);
#2183 = EDGE_CURVE('',#2161,#1648,#2184,.T.);
#2184 = SURFACE_CURVE('',#2185,(#2189,#2196),.PCURVE_S1.);
#2185 = LINE('',#2186,#2187);
#2186 = CARTESIAN_POINT('',(-1.13,-53.97,2.215));
#2187 = VECTOR('',#2188,1.);
#2188 = DIRECTION('',(0.,1.,-1.110223024625E-16));
#2189 = PCURVE('',#1695,#2190);
#2190 = DEFINITIONAL_REPRESENTATION('',(#2191),#2195);
#2191 = LINE('',#2192,#2193);
#2192 = CARTESIAN_POINT('',(1.132427485118E-16,-1.02));
#2193 = VECTOR('',#2194,1.);
#2194 = DIRECTION('',(1.,0.));
#2195 = ( GEOMETRIC_REPRESENTATION_CONTEXT(2) 
PARAMETRIC_REPRESENTATION_CONTEXT() REPRESENTATION_CONTEXT('2D SPACE',''
  ) );
#2196 = PCURVE('',#1664,#2197);
#2197 = DEFINITIONAL_REPRESENTATION('',(#2198),#2202);
#2198 = LINE('',#2199,#2200);
#2199 = CARTESIAN_POINT('',(1.13,-53.97));
#2200 = VECTOR('',#2201,1.);
#2201 = DIRECTION('',(0.,1.));
#2202 = ( GEOMETRIC_REPRESENTATION_CONTEXT(2) 
PARAMETRIC_REPRESENTATION_CONTEXT() REPRESENTATION_CONTEXT('2D SPACE',''
  ) );
#2203 = ORIENTED_EDGE('',*,*,#1680,.T.);
#2204 = ADVANCED_FACE('',(#2205),#1664,.F.);
#2205 = FACE_BOUND('',#2206,.F.);
#2206 = EDGE_LOOP('',(#2207,#2208,#2209,#2210));
#2207 = ORIENTED_EDGE('',*,*,#2183,.T.);
#2208 = ORIENTED_EDGE('',*,*,#1647,.T.);
#2209 = ORIENTED_EDGE('',*,*,#2058,.T.);
#2210 = ORIENTED_EDGE('',*,*,#2211,.T.);
#2211 = EDGE_CURVE('',#2059,#2161,#2212,.T.);
#2212 = SURFACE_CURVE('',#2213,(#2217,#2224),.PCURVE_S1.);
#2213 = LINE('',#2214,#2215);
#2214 = CARTESIAN_POINT('',(1.13,-53.97,2.215));
#2215 = VECTOR('',#2216,1.);
#2216 = DIRECTION('',(-1.,-0.,0.));
#2217 = PCURVE('',#1664,#2218);
#2218 = DEFINITIONAL_REPRESENTATION('',(#2219),#2223);
#2219 = LINE('',#2220,#2221);
#2220 = CARTESIAN_POINT('',(-1.13,-53.97));
#2221 = VECTOR('',#2222,1.);
#2222 = DIRECTION('',(1.,0.));
#2223 = ( GEOMETRIC_REPRESENTATION_CONTEXT(2) 
PARAMETRIC_REPRESENTATION_CONTEXT() REPRESENTATION_CONTEXT('2D SPACE',''
  ) );
#2224 = PCURVE('',#2095,#2225);
#2225 = DEFINITIONAL_REPRESENTATION('',(#2226),#2230);
#2226 = LINE('',#2227,#2228);
#2227 = CARTESIAN_POINT('',(-0.,-1.02));
#2228 = VECTOR('',#2229,1.);
#2229 = DIRECTION('',(1.,0.));
#2230 = ( GEOMETRIC_REPRESENTATION_CONTEXT(2) 
PARAMETRIC_REPRESENTATION_CONTEXT() REPRESENTATION_CONTEXT('2D SPACE',''
  ) );
#2231 = ADVANCED_FACE('',(#2232),#2095,.T.);
#2232 = FACE_BOUND('',#2233,.T.);
#2233 = EDGE_LOOP('',(#2234,#2235,#2236,#2237));
#2234 = ORIENTED_EDGE('',*,*,#2081,.T.);
#2235 = ORIENTED_EDGE('',*,*,#2211,.T.);
#2236 = ORIENTED_EDGE('',*,*,#2160,.F.);
#2237 = ORIENTED_EDGE('',*,*,#2135,.F.);
#2238 = ( GEOMETRIC_REPRESENTATION_CONTEXT(3) 
GLOBAL_UNCERTAINTY_ASSIGNED_CONTEXT((#2242)) 
GLOBAL_UNIT_ASSIGNED_CONTEXT((#2239,#2240,#2241)) REPRESENTATION_CONTEXT
('Context #1','3D Context with UNIT and UNCERTAINTY') );
#2239 = ( LENGTH_UNIT() NAMED_UNIT(*) SI_UNIT(.MILLI.,.METRE.) );
#2240 = ( NAMED_UNIT(*) PLANE_ANGLE_UNIT() SI_UNIT($,.RADIAN.) );
#2241 = ( NAMED_UNIT(*) SI_UNIT($,.STERADIAN.) SOLID_ANGLE_UNIT() );
#2242 = UNCERTAINTY_MEASURE_WITH_UNIT(LENGTH_MEASURE(2.E-05),#2239,
  'distance_accuracy_value','confusion accuracy');
#2243 = PRODUCT_RELATED_PRODUCT_CATEGORY('part',$,(#7));
ENDSEC;
END-ISO-10303-21;
