ISO-10303-21;
HEADER;
FILE_DESCRIPTION(('Open CASCADE Model'),'2;1');
FILE_NAME('Open CASCADE Shape Model','2026-10-02T01:30:36',('Author'),(
    'Open CASCADE'),'Open CASCADE STEP processor 7.9','Open CASCADE 7.9'
  ,'Unknown');
FILE_SCHEMA(('AUTOMOTIVE_DESIGN { 1 0 10303 214 1 1 1 1 }'));
ENDSEC;
DATA;
#1 = APPLICATION_PROTOCOL_DEFINITION('international standard',
  'automotive_design',2000,#2);
#2 = APPLICATION_CONTEXT(
  'core data for automotive mechanical design processes');
#3 = SHAPE_DEFINITION_REPRESENTATION(#4,#10);
#4 = PRODUCT_DEFINITION_SHAPE('','',#5);
#5 = PRODUCT_DEFINITION('design','',#6,#9);
#6 = PRODUCT_DEFINITION_FORMATION('','',#7);
#7 = PRODUCT('Open CASCADE STEP translator 7.9 3',
  'Open CASCADE STEP translator 7.9 3','',(#8));
#8 = PRODUCT_CONTEXT('',#2,'mechanical');
#9 = PRODUCT_DEFINITION_CONTEXT('part definition',#2,'design');
#10 = ADVANCED_BREP_SHAPE_REPRESENTATION('',(#11,#15),#2317);
#11 = AXIS2_PLACEMENT_3D('',#12,#13,#14);
#12 = CARTESIAN_POINT('',(0.,0.,0.));
#13 = DIRECTION('',(0.,0.,1.));
#14 = DIRECTION('',(1.,0.,-0.));
#15 = MANIFOLD_SOLID_BREP('',#16);
#16 = CLOSED_SHELL('',(#17,#536,#571,#1129,#1661,#1939,#2198,#2253,#2309
    ,#2313));
#17 = ADVANCED_FACE('',(#18),#31,.T.);
#18 = FACE_BOUND('',#19,.F.);
#19 = EDGE_LOOP('',(#20,#54,#77,#106,#203,#295,#324,#421,#513,#535));
#20 = ORIENTED_EDGE('',*,*,#21,.F.);
#21 = EDGE_CURVE('',#22,#22,#24,.T.);
#22 = VERTEX_POINT('',#23);
#23 = CARTESIAN_POINT('',(25.,0.,0.));
#24 = SURFACE_CURVE('',#25,(#30,#42),.PCURVE_S1.);
#25 = CIRCLE('',#26,25.);
#26 = AXIS2_PLACEMENT_3D('',#27,#28,#29);
#27 = CARTESIAN_POINT('',(0.,0.,0.));
#28 = DIRECTION('',(0.,0.,1.));
#29 = DIRECTION('',(1.,0.,0.));
#30 = PCURVE('',#31,#36);
#31 = CYLINDRICAL_SURFACE('',#32,25.);
#32 = AXIS2_PLACEMENT_3D('',#33,#34,#35);
#33 = CARTESIAN_POINT('',(0.,0.,0.));
#34 = DIRECTION('',(-0.,-0.,-1.));
#35 = DIRECTION('',(1.,0.,0.));
#36 = DEFINITIONAL_REPRESENTATION('',(#37),#41);
#37 = LINE('',#38,#39);
#38 = CARTESIAN_POINT('',(-0.,0.));
#39 = VECTOR('',#40,1.);
#40 = DIRECTION('',(-1.,0.));
#41 = ( GEOMETRIC_REPRESENTATION_CONTEXT(2) 
PARAMETRIC_REPRESENTATION_CONTEXT() REPRESENTATION_CONTEXT('2D SPACE',''
  ) );
#42 = PCURVE('',#43,#48);
#43 = PLANE('',#44);
#44 = AXIS2_PLACEMENT_3D('',#45,#46,#47);
#45 = CARTESIAN_POINT('',(-8.751616848252E-16,1.604946055186E-15,0.));
#46 = DIRECTION('',(0.,0.,1.));
#47 = DIRECTION('',(1.,0.,-0.));
#48 = DEFINITIONAL_REPRESENTATION('',(#49),#53);
#49 = CIRCLE('',#50,25.);
#50 = AXIS2_PLACEMENT_2D('',#51,#52);
#51 = CARTESIAN_POINT('',(8.751616848252E-16,-1.604946055186E-15));
#52 = DIRECTION('',(1.,0.));
#53 = ( GEOMETRIC_REPRESENTATION_CONTEXT(2) 
PARAMETRIC_REPRESENTATION_CONTEXT() REPRESENTATION_CONTEXT('2D SPACE',''
  ) );
#54 = ORIENTED_EDGE('',*,*,#55,.T.);
#55 = EDGE_CURVE('',#22,#56,#58,.T.);
#56 = VERTEX_POINT('',#57);
#57 = CARTESIAN_POINT('',(25.,0.,20.7));
#58 = SEAM_CURVE('',#59,(#63,#70),.PCURVE_S1.);
#59 = LINE('',#60,#61);
#60 = CARTESIAN_POINT('',(25.,0.,0.));
#61 = VECTOR('',#62,1.);
#62 = DIRECTION('',(0.,0.,1.));
#63 = PCURVE('',#31,#64);
#64 = DEFINITIONAL_REPRESENTATION('',(#65),#69);
#65 = LINE('',#66,#67);
#66 = CARTESIAN_POINT('',(-6.28318530718,0.));
#67 = VECTOR('',#68,1.);
#68 = DIRECTION('',(-0.,-1.));
#69 = ( GEOMETRIC_REPRESENTATION_CONTEXT(2) 
PARAMETRIC_REPRESENTATION_CONTEXT() REPRESENTATION_CONTEXT('2D SPACE',''
  ) );
#70 = PCURVE('',#31,#71);
#71 = DEFINITIONAL_REPRESENTATION('',(#72),#76);
#72 = LINE('',#73,#74);
#73 = CARTESIAN_POINT('',(-0.,0.));
#74 = VECTOR('',#75,1.);
#75 = DIRECTION('',(-0.,-1.));
#76 = ( GEOMETRIC_REPRESENTATION_CONTEXT(2) 
PARAMETRIC_REPRESENTATION_CONTEXT() REPRESENTATION_CONTEXT('2D SPACE',''
  ) );
#77 = ORIENTED_EDGE('',*,*,#78,.T.);
#78 = EDGE_CURVE('',#56,#79,#81,.T.);
#79 = VERTEX_POINT('',#80);
#80 = CARTESIAN_POINT('',(9.915216011496,22.949694800702,20.7));
#81 = SURFACE_CURVE('',#82,(#87,#94),.PCURVE_S1.);
#82 = CIRCLE('',#83,25.);
#83 = AXIS2_PLACEMENT_3D('',#84,#85,#86);
#84 = CARTESIAN_POINT('',(0.,0.,20.7));
#85 = DIRECTION('',(0.,0.,1.));
#86 = DIRECTION('',(1.,0.,0.));
#87 = PCURVE('',#31,#88);
#88 = DEFINITIONAL_REPRESENTATION('',(#89),#93);
#89 = LINE('',#90,#91);
#90 = CARTESIAN_POINT('',(-0.,-20.7));
#91 = VECTOR('',#92,1.);
#92 = DIRECTION('',(-1.,0.));
#93 = ( GEOMETRIC_REPRESENTATION_CONTEXT(2) 
PARAMETRIC_REPRESENTATION_CONTEXT() REPRESENTATION_CONTEXT('2D SPACE',''
  ) );
#94 = PCURVE('',#95,#100);
#95 = PLANE('',#96);
#96 = AXIS2_PLACEMENT_3D('',#97,#98,#99);
#97 = CARTESIAN_POINT('',(-8.751616848252E-16,1.604946055186E-15,20.7));
#98 = DIRECTION('',(0.,0.,1.));
#99 = DIRECTION('',(1.,0.,-0.));
#100 = DEFINITIONAL_REPRESENTATION('',(#101),#105);
#101 = CIRCLE('',#102,25.);
#102 = AXIS2_PLACEMENT_2D('',#103,#104);
#103 = CARTESIAN_POINT('',(8.751616848252E-16,-1.604946055186E-15));
#104 = DIRECTION('',(1.,0.));
#105 = ( GEOMETRIC_REPRESENTATION_CONTEXT(2) 
PARAMETRIC_REPRESENTATION_CONTEXT() REPRESENTATION_CONTEXT('2D SPACE',''
  ) );
#106 = ORIENTED_EDGE('',*,*,#107,.F.);
#107 = EDGE_CURVE('',#108,#79,#110,.T.);
#108 = VERTEX_POINT('',#109);
#109 = CARTESIAN_POINT('',(-2.449293598295E-15,25.,11.407426132261));
#110 = SURFACE_CURVE('',#111,(#138,#168),.PCURVE_S1.);
#111 = B_SPLINE_CURVE_WITH_KNOTS('',7,(#112,#113,#114,#115,#116,#117,
    #118,#119,#120,#121,#122,#123,#124,#125,#126,#127,#128,#129,#130,
    #131,#132,#133,#134,#135,#136,#137),.UNSPECIFIED.,.F.,.F.,(8,6,6,6,8
    ),(0.,0.250412220028,0.419907472913,0.644746714292,1.),
  .UNSPECIFIED.);
#112 = CARTESIAN_POINT('',(0.,25.,11.407426132261));
#113 = CARTESIAN_POINT('',(0.652181608968,25.,11.407426132261));
#114 = CARTESIAN_POINT('',(1.304824608988,24.980150741772,
    11.453844927239));
#115 = CARTESIAN_POINT('',(1.948090360068,24.940401766758,
    11.546795922061));
#116 = CARTESIAN_POINT('',(2.574176946165,24.88239981238,11.68402810896)
  );
#117 = CARTESIAN_POINT('',(3.176816068436,24.808872037108,
    11.862295370884));
#118 = CARTESIAN_POINT('',(3.751182558068,24.723106569867,12.07748225496
    ));
#119 = CARTESIAN_POINT('',(4.661057717297,24.564476959991,
    12.492302691056));
#120 = CARTESIAN_POINT('',(5.014088372193,24.496344846503,
    12.674635150068));
#121 = CARTESIAN_POINT('',(5.352093394908,24.425095818481,
    12.870589795531));
#122 = CARTESIAN_POINT('',(5.674620499025,24.351698645446,
    13.078904931299));
#123 = CARTESIAN_POINT('',(5.9814818466,24.277053293059,13.29837266731)
  );
#124 = CARTESIAN_POINT('',(6.272698880038,24.201960573516,
    13.527877313811));
#125 = CARTESIAN_POINT('',(6.914266298847,24.027829539024,
    14.082863988363));
#126 = CARTESIAN_POINT('',(7.252805900481,23.928997534056,
    14.415154920074));
#127 = CARTESIAN_POINT('',(7.564610905337,23.832218852532,
    14.761030677875));
#128 = CARTESIAN_POINT('',(7.850487829966,23.738813420594,
    15.118447832602));
#129 = CARTESIAN_POINT('',(8.111454172977,23.649798868547,
    15.485608253561));
#130 = CARTESIAN_POINT('',(8.348665470042,23.565907430901,
    15.860989903331));
#131 = CARTESIAN_POINT('',(8.902517571631,23.363979085625,
    16.847586496704));
#132 = CARTESIAN_POINT('',(9.185225682544,23.254432965267,
    17.468946194443));
#133 = CARTESIAN_POINT('',(9.416439063227,23.160923264736,
    18.102817102284));
#134 = CARTESIAN_POINT('',(9.60077009028,23.084170704153,18.745402163787
    ));
#135 = CARTESIAN_POINT('',(9.742696932871,23.023943893253,
    19.393716049541));
#136 = CARTESIAN_POINT('',(9.846308654375,22.979465625183,
    20.045650960408));
#137 = CARTESIAN_POINT('',(9.91521607468,22.949694773404,20.7000006));
#138 = PCURVE('',#31,#139);
#139 = DEFINITIONAL_REPRESENTATION('',(#140),#167);
#140 = B_SPLINE_CURVE_WITH_KNOTS('',7,(#141,#142,#143,#144,#145,#146,
    #147,#148,#149,#150,#151,#152,#153,#154,#155,#156,#157,#158,#159,
    #160,#161,#162,#163,#164,#165,#166),.UNSPECIFIED.,.F.,.F.,(8,6,6,6,8
    ),(0.,0.250412220028,0.419907472913,0.644746714292,1.),
  .UNSPECIFIED.);
#141 = CARTESIAN_POINT('',(-1.570796326795,-11.40742613226));
#142 = CARTESIAN_POINT('',(-1.544709062436,-11.40742613226));
#143 = CARTESIAN_POINT('',(-1.51860334032,-11.45384492724));
#144 = CARTESIAN_POINT('',(-1.492843724724,-11.54679592206));
#145 = CARTESIAN_POINT('',(-1.467713047345,-11.68402810896));
#146 = CARTESIAN_POINT('',(-1.443443068581,-11.86229537088));
#147 = CARTESIAN_POINT('',(-1.420220593071,-12.07748225496));
#148 = CARTESIAN_POINT('',(-1.383276610427,-12.49230269105));
#149 = CARTESIAN_POINT('',(-1.368897151979,-12.67463515006));
#150 = CARTESIAN_POINT('',(-1.355082946984,-12.87058979553));
#151 = CARTESIAN_POINT('',(-1.341854831958,-13.07890493129));
#152 = CARTESIAN_POINT('',(-1.329224399225,-13.29837266731));
#153 = CARTESIAN_POINT('',(-1.317195652087,-13.52787731381));
#154 = CARTESIAN_POINT('',(-1.290604514615,-14.08286398836));
#155 = CARTESIAN_POINT('',(-1.276500226487,-14.41515492007));
#156 = CARTESIAN_POINT('',(-1.263443796162,-14.76103067787));
#157 = CARTESIAN_POINT('',(-1.25141582824,-15.1184478326));
#158 = CARTESIAN_POINT('',(-1.240387782954,-15.48560825356));
#159 = CARTESIAN_POINT('',(-1.230323905793,-15.86098990333));
#160 = CARTESIAN_POINT('',(-1.206743330496,-16.8475864967));
#161 = CARTESIAN_POINT('',(-1.194618166638,-17.46894619444));
#162 = CARTESIAN_POINT('',(-1.184642994354,-18.10281710228));
#163 = CARTESIAN_POINT('',(-1.176656504993,-18.74540216378));
#164 = CARTESIAN_POINT('',(-1.170489511106,-19.39371604954));
#165 = CARTESIAN_POINT('',(-1.16597932188,-20.0456509604));
#166 = CARTESIAN_POINT('',(-1.162976779973,-20.7000006));
#167 = ( GEOMETRIC_REPRESENTATION_CONTEXT(2) 
PARAMETRIC_REPRESENTATION_CONTEXT() REPRESENTATION_CONTEXT('2D SPACE',''
  ) );
#168 = PCURVE('',#169,#174);
#169 = TOROIDAL_SURFACE('',#170,35.,10.);
#170 = AXIS2_PLACEMENT_3D('',#171,#172,#173);
#171 = CARTESIAN_POINT('',(0.,0.,48.824));
#172 = DIRECTION('',(1.,0.,0.));
#173 = DIRECTION('',(-0.,0.,1.));
#174 = DEFINITIONAL_REPRESENTATION('',(#175),#202);
#175 = B_SPLINE_CURVE_WITH_KNOTS('',7,(#176,#177,#178,#179,#180,#181,
    #182,#183,#184,#185,#186,#187,#188,#189,#190,#191,#192,#193,#194,
    #195,#196,#197,#198,#199,#200,#201),.UNSPECIFIED.,.F.,.F.,(8,6,6,6,8
    ),(0.,0.250412220028,0.419907472913,0.644746714292,1.),
  .UNSPECIFIED.);
#176 = CARTESIAN_POINT('',(3.730623623806,0.));
#177 = CARTESIAN_POINT('',(3.730623623806,6.521816089675E-02));
#178 = CARTESIAN_POINT('',(3.730829935757,0.130482410036));
#179 = CARTESIAN_POINT('',(3.731243015154,0.195262356146));
#180 = CARTESIAN_POINT('',(3.731868417362,0.259232295338));
#181 = CARTESIAN_POINT('',(3.732722057936,0.322128388291));
#182 = CARTESIAN_POINT('',(3.733822393966,0.383723918496));
#183 = CARTESIAN_POINT('',(3.736105598514,0.484471394965));
#184 = CARTESIAN_POINT('',(3.737147685853,0.524478621382));
#185 = CARTESIAN_POINT('',(3.738315956779,0.56379573857));
#186 = CARTESIAN_POINT('',(3.739616344524,0.602406299895));
#187 = CARTESIAN_POINT('',(3.741054506773,0.640303992298));
#188 = CARTESIAN_POINT('',(3.742635651612,0.677491020254));
#189 = CARTESIAN_POINT('',(3.74665829489,0.762381134386));
#190 = CARTESIAN_POINT('',(3.749211702093,0.809543848601));
#191 = CARTESIAN_POINT('',(3.752036653072,0.855504316981));
#192 = CARTESIAN_POINT('',(3.755143014144,0.900299090394));
#193 = CARTESIAN_POINT('',(3.758538043028,0.943968316204));
#194 = CARTESIAN_POINT('',(3.762226812497,0.986559005585));
#195 = CARTESIAN_POINT('',(3.772513343088,1.093806691453));
#196 = CARTESIAN_POINT('',(3.77955368871,1.156895405959));
#197 = CARTESIAN_POINT('',(3.787352382105,1.217636086906));
#198 = CARTESIAN_POINT('',(3.795912130077,1.276200841697));
#199 = CARTESIAN_POINT('',(3.805221473425,1.332753457059));
#200 = CARTESIAN_POINT('',(3.815263261795,1.387456525621));
#201 = CARTESIAN_POINT('',(3.826024748086,1.440485926472));
#202 = ( GEOMETRIC_REPRESENTATION_CONTEXT(2) 
PARAMETRIC_REPRESENTATION_CONTEXT() REPRESENTATION_CONTEXT('2D SPACE',''
  ) );
#203 = ORIENTED_EDGE('',*,*,#204,.T.);
#204 = EDGE_CURVE('',#108,#205,#207,.T.);
#205 = VERTEX_POINT('',#206);
#206 = CARTESIAN_POINT('',(-9.915216011496,22.949694800702,20.7));
#207 = SURFACE_CURVE('',#208,(#235,#265),.PCURVE_S1.);
#208 = B_SPLINE_CURVE_WITH_KNOTS('',7,(#209,#210,#211,#212,#213,#214,
    #215,#216,#217,#218,#219,#220,#221,#222,#223,#224,#225,#226,#227,
    #228,#229,#230,#231,#232,#233,#234),.UNSPECIFIED.,.F.,.F.,(8,6,6,6,8
    ),(0.,0.250412220028,0.419907472912,0.644746714291,1.),
  .UNSPECIFIED.);
#209 = CARTESIAN_POINT('',(0.,25.,11.407426132261));
#210 = CARTESIAN_POINT('',(-0.652181608968,25.,11.407426132261));
#211 = CARTESIAN_POINT('',(-1.304824608987,24.980150741772,
    11.453844927239));
#212 = CARTESIAN_POINT('',(-1.94809036007,24.940401766758,
    11.546795922061));
#213 = CARTESIAN_POINT('',(-2.574176946162,24.88239981238,
    11.684028108959));
#214 = CARTESIAN_POINT('',(-3.176816068438,24.808872037108,
    11.862295370884));
#215 = CARTESIAN_POINT('',(-3.751182558067,24.723106569867,
    12.077482254959));
#216 = CARTESIAN_POINT('',(-4.661057717297,24.564476959991,
    12.492302691056));
#217 = CARTESIAN_POINT('',(-5.014088372192,24.496344846503,
    12.674635150067));
#218 = CARTESIAN_POINT('',(-5.352093394908,24.425095818481,
    12.870589795531));
#219 = CARTESIAN_POINT('',(-5.674620499025,24.351698645446,
    13.078904931299));
#220 = CARTESIAN_POINT('',(-5.981481846599,24.277053293059,
    13.29837266731));
#221 = CARTESIAN_POINT('',(-6.272698880038,24.201960573516,
    13.527877313811));
#222 = CARTESIAN_POINT('',(-6.914266298846,24.027829539024,
    14.082863988363));
#223 = CARTESIAN_POINT('',(-7.25280590048,23.928997534056,
    14.415154920074));
#224 = CARTESIAN_POINT('',(-7.564610905337,23.832218852532,
    14.761030677875));
#225 = CARTESIAN_POINT('',(-7.850487829966,23.738813420594,
    15.118447832602));
#226 = CARTESIAN_POINT('',(-8.111454172977,23.649798868547,
    15.48560825356));
#227 = CARTESIAN_POINT('',(-8.348665470042,23.565907430901,
    15.860989903331));
#228 = CARTESIAN_POINT('',(-8.902517571632,23.363979085625,
    16.847586496705));
#229 = CARTESIAN_POINT('',(-9.185225682542,23.254432965268,
    17.468946194438));
#230 = CARTESIAN_POINT('',(-9.416439063231,23.160923264735,
    18.102817102293));
#231 = CARTESIAN_POINT('',(-9.600770090277,23.084170704154,
    18.745402163778));
#232 = CARTESIAN_POINT('',(-9.742696932872,23.023943893253,
    19.393716049546));
#233 = CARTESIAN_POINT('',(-9.846308654374,22.979465625183,
    20.045650960407));
#234 = CARTESIAN_POINT('',(-9.91521607468,22.949694773404,20.7000006));
#235 = PCURVE('',#31,#236);
#236 = DEFINITIONAL_REPRESENTATION('',(#237),#264);
#237 = B_SPLINE_CURVE_WITH_KNOTS('',7,(#238,#239,#240,#241,#242,#243,
    #244,#245,#246,#247,#248,#249,#250,#251,#252,#253,#254,#255,#256,
    #257,#258,#259,#260,#261,#262,#263),.UNSPECIFIED.,.F.,.F.,(8,6,6,6,8
    ),(0.,0.250412220028,0.419907472912,0.644746714291,1.),
  .UNSPECIFIED.);
#238 = CARTESIAN_POINT('',(-1.570796326795,-11.40742613226));
#239 = CARTESIAN_POINT('',(-1.596883591154,-11.40742613226));
#240 = CARTESIAN_POINT('',(-1.622989313269,-11.45384492723));
#241 = CARTESIAN_POINT('',(-1.648748928866,-11.54679592206));
#242 = CARTESIAN_POINT('',(-1.673879606245,-11.68402810896));
#243 = CARTESIAN_POINT('',(-1.698149585008,-11.86229537088));
#244 = CARTESIAN_POINT('',(-1.721372060519,-12.07748225495));
#245 = CARTESIAN_POINT('',(-1.758316043163,-12.49230269105));
#246 = CARTESIAN_POINT('',(-1.772695501611,-12.67463515006));
#247 = CARTESIAN_POINT('',(-1.786509706606,-12.87058979553));
#248 = CARTESIAN_POINT('',(-1.799737821632,-13.07890493129));
#249 = CARTESIAN_POINT('',(-1.812368254365,-13.29837266731));
#250 = CARTESIAN_POINT('',(-1.824397001502,-13.52787731381));
#251 = CARTESIAN_POINT('',(-1.850988138975,-14.08286398836));
#252 = CARTESIAN_POINT('',(-1.865092427103,-14.41515492007));
#253 = CARTESIAN_POINT('',(-1.878148857428,-14.76103067787));
#254 = CARTESIAN_POINT('',(-1.890176825349,-15.1184478326));
#255 = CARTESIAN_POINT('',(-1.901204870636,-15.48560825356));
#256 = CARTESIAN_POINT('',(-1.911268747797,-15.86098990333));
#257 = CARTESIAN_POINT('',(-1.934849323093,-16.8475864967));
#258 = CARTESIAN_POINT('',(-1.946974486952,-17.46894619443));
#259 = CARTESIAN_POINT('',(-1.956949659236,-18.10281710229));
#260 = CARTESIAN_POINT('',(-1.964936148596,-18.74540216377));
#261 = CARTESIAN_POINT('',(-1.971103142484,-19.39371604954));
#262 = CARTESIAN_POINT('',(-1.97561333171,-20.0456509604));
#263 = CARTESIAN_POINT('',(-1.978615873617,-20.7000006));
#264 = ( GEOMETRIC_REPRESENTATION_CONTEXT(2) 
PARAMETRIC_REPRESENTATION_CONTEXT() REPRESENTATION_CONTEXT('2D SPACE',''
  ) );
#265 = PCURVE('',#169,#266);
#266 = DEFINITIONAL_REPRESENTATION('',(#267),#294);
#267 = B_SPLINE_CURVE_WITH_KNOTS('',7,(#268,#269,#270,#271,#272,#273,
    #274,#275,#276,#277,#278,#279,#280,#281,#282,#283,#284,#285,#286,
    #287,#288,#289,#290,#291,#292,#293),.UNSPECIFIED.,.F.,.F.,(8,6,6,6,8
    ),(0.,0.250412220028,0.419907472912,0.644746714291,1.),
  .UNSPECIFIED.);
#268 = CARTESIAN_POINT('',(3.730623623806,6.28318530718));
#269 = CARTESIAN_POINT('',(3.730623623806,6.217967146283));
#270 = CARTESIAN_POINT('',(3.730829935757,6.152702897143));
#271 = CARTESIAN_POINT('',(3.731243015154,6.087922951034));
#272 = CARTESIAN_POINT('',(3.731868417362,6.023953011842));
#273 = CARTESIAN_POINT('',(3.732722057936,5.961056918888));
#274 = CARTESIAN_POINT('',(3.733822393966,5.899461388684));
#275 = CARTESIAN_POINT('',(3.736105598514,5.798713912215));
#276 = CARTESIAN_POINT('',(3.737147685853,5.758706685798));
#277 = CARTESIAN_POINT('',(3.738315956779,5.71938956861));
#278 = CARTESIAN_POINT('',(3.739616344524,5.680779007284));
#279 = CARTESIAN_POINT('',(3.741054506773,5.642881314881));
#280 = CARTESIAN_POINT('',(3.742635651612,5.605694286926));
#281 = CARTESIAN_POINT('',(3.74665829489,5.520804172794));
#282 = CARTESIAN_POINT('',(3.749211702093,5.473641458578));
#283 = CARTESIAN_POINT('',(3.752036653072,5.427680990199));
#284 = CARTESIAN_POINT('',(3.755143014144,5.382886216785));
#285 = CARTESIAN_POINT('',(3.758538043028,5.339216990975));
#286 = CARTESIAN_POINT('',(3.762226812497,5.296626301595));
#287 = CARTESIAN_POINT('',(3.772513343088,5.189378615727));
#288 = CARTESIAN_POINT('',(3.77955368871,5.126289901221));
#289 = CARTESIAN_POINT('',(3.787352382105,5.065549220273));
#290 = CARTESIAN_POINT('',(3.795912130077,5.006984465484));
#291 = CARTESIAN_POINT('',(3.805221473425,4.95043185012));
#292 = CARTESIAN_POINT('',(3.815263261795,4.895728781559));
#293 = CARTESIAN_POINT('',(3.826024748086,4.842699380708));
#294 = ( GEOMETRIC_REPRESENTATION_CONTEXT(2) 
PARAMETRIC_REPRESENTATION_CONTEXT() REPRESENTATION_CONTEXT('2D SPACE',''
  ) );
#295 = ORIENTED_EDGE('',*,*,#296,.T.);
#296 = EDGE_CURVE('',#205,#297,#299,.T.);
#297 = VERTEX_POINT('',#298);
#298 = CARTESIAN_POINT('',(-9.915216011496,-22.9496948007,20.7));
#299 = SURFACE_CURVE('',#300,(#305,#312),.PCURVE_S1.);
#300 = CIRCLE('',#301,25.);
#301 = AXIS2_PLACEMENT_3D('',#302,#303,#304);
#302 = CARTESIAN_POINT('',(0.,0.,20.7));
#303 = DIRECTION('',(0.,0.,1.));
#304 = DIRECTION('',(1.,0.,0.));
#305 = PCURVE('',#31,#306);
#306 = DEFINITIONAL_REPRESENTATION('',(#307),#311);
#307 = LINE('',#308,#309);
#308 = CARTESIAN_POINT('',(-0.,-20.7));
#309 = VECTOR('',#310,1.);
#310 = DIRECTION('',(-1.,0.));
#311 = ( GEOMETRIC_REPRESENTATION_CONTEXT(2) 
PARAMETRIC_REPRESENTATION_CONTEXT() REPRESENTATION_CONTEXT('2D SPACE',''
  ) );
#312 = PCURVE('',#313,#318);
#313 = PLANE('',#314);
#314 = AXIS2_PLACEMENT_3D('',#315,#316,#317);
#315 = CARTESIAN_POINT('',(-8.751616848252E-16,1.604946055186E-15,20.7)
  );
#316 = DIRECTION('',(0.,0.,1.));
#317 = DIRECTION('',(1.,0.,-0.));
#318 = DEFINITIONAL_REPRESENTATION('',(#319),#323);
#319 = CIRCLE('',#320,25.);
#320 = AXIS2_PLACEMENT_2D('',#321,#322);
#321 = CARTESIAN_POINT('',(8.751616848252E-16,-1.604946055186E-15));
#322 = DIRECTION('',(1.,0.));
#323 = ( GEOMETRIC_REPRESENTATION_CONTEXT(2) 
PARAMETRIC_REPRESENTATION_CONTEXT() REPRESENTATION_CONTEXT('2D SPACE',''
  ) );
#324 = ORIENTED_EDGE('',*,*,#325,.F.);
#325 = EDGE_CURVE('',#326,#297,#328,.T.);
#326 = VERTEX_POINT('',#327);
#327 = CARTESIAN_POINT('',(-2.449293598295E-15,-25.,11.407426132261));
#328 = SURFACE_CURVE('',#329,(#356,#386),.PCURVE_S1.);
#329 = B_SPLINE_CURVE_WITH_KNOTS('',7,(#330,#331,#332,#333,#334,#335,
    #336,#337,#338,#339,#340,#341,#342,#343,#344,#345,#346,#347,#348,
    #349,#350,#351,#352,#353,#354,#355),.UNSPECIFIED.,.F.,.F.,(8,6,6,6,8
    ),(0.,0.250412220026,0.41990747291,0.644746714288,1.),
  .UNSPECIFIED.);
#330 = CARTESIAN_POINT('',(0.,-25.,11.407426132261));
#331 = CARTESIAN_POINT('',(-0.652181608961,-25.,11.407426132261));
#332 = CARTESIAN_POINT('',(-1.304824608976,-24.98015074177,
    11.453844927238));
#333 = CARTESIAN_POINT('',(-1.948090360047,-24.94040176675,
    11.546795922058));
#334 = CARTESIAN_POINT('',(-2.574176946141,-24.88239981238,
    11.684028108954));
#335 = CARTESIAN_POINT('',(-3.176816068406,-24.80887203711,
    11.862295370875));
#336 = CARTESIAN_POINT('',(-3.751182558033,-24.72310656987,
    12.077482254947));
#337 = CARTESIAN_POINT('',(-4.661057717259,-24.56447695999,
    12.492302691037));
#338 = CARTESIAN_POINT('',(-5.014088372156,-24.49634484651,
    12.674635150047));
#339 = CARTESIAN_POINT('',(-5.352093394873,-24.42509581848,
    12.870589795509));
#340 = CARTESIAN_POINT('',(-5.67462049899,-24.35169864545,
    13.078904931275));
#341 = CARTESIAN_POINT('',(-5.981481846566,-24.27705329306,
    13.298372667285));
#342 = CARTESIAN_POINT('',(-6.272698880005,-24.20196057352,
    13.527877313785));
#343 = CARTESIAN_POINT('',(-6.914266298816,-24.02782953903,
    14.082863988334));
#344 = CARTESIAN_POINT('',(-7.252805900451,-23.92899753406,
    14.415154920043));
#345 = CARTESIAN_POINT('',(-7.564610905309,-23.83221885254,
    14.761030677842));
#346 = CARTESIAN_POINT('',(-7.85048782994,-23.7388134206,15.118447832568
    ));
#347 = CARTESIAN_POINT('',(-8.111454172952,-23.64979886855,
    15.485608253525));
#348 = CARTESIAN_POINT('',(-8.348665470019,-23.5659074309,
    15.860989903294));
#349 = CARTESIAN_POINT('',(-8.902517571616,-23.36397908563,
    16.847586496671));
#350 = CARTESIAN_POINT('',(-9.185225682532,-23.25443296527,
    17.46894619441));
#351 = CARTESIAN_POINT('',(-9.416439063224,-23.16092326473,
    18.102817102268));
#352 = CARTESIAN_POINT('',(-9.600770090273,-23.08417070415,
    18.745402163762));
#353 = CARTESIAN_POINT('',(-9.74269693287,-23.02394389325,
    19.393716049533));
#354 = CARTESIAN_POINT('',(-9.846308654374,-22.97946562518,
    20.045650960401));
#355 = CARTESIAN_POINT('',(-9.91521607468,-22.9496947734,20.7000006));
#356 = PCURVE('',#31,#357);
#357 = DEFINITIONAL_REPRESENTATION('',(#358),#385);
#358 = B_SPLINE_CURVE_WITH_KNOTS('',7,(#359,#360,#361,#362,#363,#364,
    #365,#366,#367,#368,#369,#370,#371,#372,#373,#374,#375,#376,#377,
    #378,#379,#380,#381,#382,#383,#384),.UNSPECIFIED.,.F.,.F.,(8,6,6,6,8
    ),(0.,0.250412220026,0.41990747291,0.644746714288,1.),
  .UNSPECIFIED.);
#359 = CARTESIAN_POINT('',(-4.712388980385,-11.40742613226));
#360 = CARTESIAN_POINT('',(-4.686301716026,-11.40742613226));
#361 = CARTESIAN_POINT('',(-4.660195993911,-11.45384492723));
#362 = CARTESIAN_POINT('',(-4.634436378314,-11.54679592205));
#363 = CARTESIAN_POINT('',(-4.609305700936,-11.68402810895));
#364 = CARTESIAN_POINT('',(-4.585035722172,-11.86229537087));
#365 = CARTESIAN_POINT('',(-4.561813246662,-12.07748225494));
#366 = CARTESIAN_POINT('',(-4.524869264018,-12.49230269103));
#367 = CARTESIAN_POINT('',(-4.51048980557,-12.67463515004));
#368 = CARTESIAN_POINT('',(-4.496675600575,-12.8705897955));
#369 = CARTESIAN_POINT('',(-4.483447485549,-13.07890493127));
#370 = CARTESIAN_POINT('',(-4.470817052816,-13.29837266728));
#371 = CARTESIAN_POINT('',(-4.458788305679,-13.52787731378));
#372 = CARTESIAN_POINT('',(-4.432197168206,-14.08286398833));
#373 = CARTESIAN_POINT('',(-4.418092880078,-14.41515492004));
#374 = CARTESIAN_POINT('',(-4.405036449753,-14.76103067784));
#375 = CARTESIAN_POINT('',(-4.393008481831,-15.11844783256));
#376 = CARTESIAN_POINT('',(-4.381980436545,-15.48560825352));
#377 = CARTESIAN_POINT('',(-4.371916559383,-15.86098990329));
#378 = CARTESIAN_POINT('',(-4.348335984087,-16.84758649667));
#379 = CARTESIAN_POINT('',(-4.336210820228,-17.46894619441));
#380 = CARTESIAN_POINT('',(-4.326235647944,-18.10281710226));
#381 = CARTESIAN_POINT('',(-4.318249158583,-18.74540216376));
#382 = CARTESIAN_POINT('',(-4.312082164695,-19.39371604953));
#383 = CARTESIAN_POINT('',(-4.30757197547,-20.0456509604));
#384 = CARTESIAN_POINT('',(-4.304569433563,-20.7000006));
#385 = ( GEOMETRIC_REPRESENTATION_CONTEXT(2) 
PARAMETRIC_REPRESENTATION_CONTEXT() REPRESENTATION_CONTEXT('2D SPACE',''
  ) );
#386 = PCURVE('',#387,#392);
#387 = TOROIDAL_SURFACE('',#388,35.,10.);
#388 = AXIS2_PLACEMENT_3D('',#389,#390,#391);
#389 = CARTESIAN_POINT('',(0.,0.,48.824));
#390 = DIRECTION('',(1.,0.,0.));
#391 = DIRECTION('',(-0.,0.,1.));
#392 = DEFINITIONAL_REPRESENTATION('',(#393),#420);
#393 = B_SPLINE_CURVE_WITH_KNOTS('',7,(#394,#395,#396,#397,#398,#399,
    #400,#401,#402,#403,#404,#405,#406,#407,#408,#409,#410,#411,#412,
    #413,#414,#415,#416,#417,#418,#419),.UNSPECIFIED.,.F.,.F.,(8,6,6,6,8
    ),(0.,0.250412220026,0.41990747291,0.644746714288,1.),
  .UNSPECIFIED.);
#394 = CARTESIAN_POINT('',(2.552561683374,6.28318530718));
#395 = CARTESIAN_POINT('',(2.552561683374,6.217967146283));
#396 = CARTESIAN_POINT('',(2.552355371423,6.152702897144));
#397 = CARTESIAN_POINT('',(2.551942292026,6.087922951036));
#398 = CARTESIAN_POINT('',(2.551316889818,6.023953011844));
#399 = CARTESIAN_POINT('',(2.550463249243,5.961056918891));
#400 = CARTESIAN_POINT('',(2.549362913214,5.899461388687));
#401 = CARTESIAN_POINT('',(2.547079708665,5.798713912219));
#402 = CARTESIAN_POINT('',(2.546037621326,5.758706685802));
#403 = CARTESIAN_POINT('',(2.544869350401,5.719389568614));
#404 = CARTESIAN_POINT('',(2.543568962655,5.680779007288));
#405 = CARTESIAN_POINT('',(2.542130800407,5.642881314886));
#406 = CARTESIAN_POINT('',(2.540549655567,5.60569428693));
#407 = CARTESIAN_POINT('',(2.53652701229,5.520804172798));
#408 = CARTESIAN_POINT('',(2.533973605087,5.473641458582));
#409 = CARTESIAN_POINT('',(2.531148654108,5.427680990203));
#410 = CARTESIAN_POINT('',(2.528042293036,5.382886216789));
#411 = CARTESIAN_POINT('',(2.524647264152,5.33921699098));
#412 = CARTESIAN_POINT('',(2.520958494683,5.296626301599));
#413 = CARTESIAN_POINT('',(2.510671964092,5.18937861573));
#414 = CARTESIAN_POINT('',(2.50363161847,5.126289901224));
#415 = CARTESIAN_POINT('',(2.495832925075,5.065549220275));
#416 = CARTESIAN_POINT('',(2.487273177103,5.006984465485));
#417 = CARTESIAN_POINT('',(2.477963833755,4.950431850121));
#418 = CARTESIAN_POINT('',(2.467922045385,4.895728781559));
#419 = CARTESIAN_POINT('',(2.457160559093,4.842699380708));
#420 = ( GEOMETRIC_REPRESENTATION_CONTEXT(2) 
PARAMETRIC_REPRESENTATION_CONTEXT() REPRESENTATION_CONTEXT('2D SPACE',''
  ) );
#421 = ORIENTED_EDGE('',*,*,#422,.T.);
#422 = EDGE_CURVE('',#326,#423,#425,.T.);
#423 = VERTEX_POINT('',#424);
#424 = CARTESIAN_POINT('',(9.915216011496,-22.9496948007,20.7));
#425 = SURFACE_CURVE('',#426,(#453,#483),.PCURVE_S1.);
#426 = B_SPLINE_CURVE_WITH_KNOTS('',7,(#427,#428,#429,#430,#431,#432,
    #433,#434,#435,#436,#437,#438,#439,#440,#441,#442,#443,#444,#445,
    #446,#447,#448,#449,#450,#451,#452),.UNSPECIFIED.,.F.,.F.,(8,6,6,6,8
    ),(0.,0.250412220026,0.41990747291,0.644746714288,1.),
  .UNSPECIFIED.);
#427 = CARTESIAN_POINT('',(0.,-25.,11.407426132261));
#428 = CARTESIAN_POINT('',(0.652181608961,-25.,11.407426132261));
#429 = CARTESIAN_POINT('',(1.304824608974,-24.98015074177,
    11.453844927238));
#430 = CARTESIAN_POINT('',(1.94809036005,-24.94040176675,11.546795922058
    ));
#431 = CARTESIAN_POINT('',(2.574176946138,-24.88239981238,
    11.684028108954));
#432 = CARTESIAN_POINT('',(3.176816068408,-24.80887203711,
    11.862295370875));
#433 = CARTESIAN_POINT('',(3.751182558033,-24.72310656987,
    12.077482254947));
#434 = CARTESIAN_POINT('',(4.66105771726,-24.56447695999,12.492302691037
    ));
#435 = CARTESIAN_POINT('',(5.014088372156,-24.49634484651,
    12.674635150047));
#436 = CARTESIAN_POINT('',(5.352093394873,-24.42509581848,
    12.870589795509));
#437 = CARTESIAN_POINT('',(5.67462049899,-24.35169864545,13.078904931275
    ));
#438 = CARTESIAN_POINT('',(5.981481846566,-24.27705329306,
    13.298372667285));
#439 = CARTESIAN_POINT('',(6.272698880006,-24.20196057352,
    13.527877313785));
#440 = CARTESIAN_POINT('',(6.914266298816,-24.02782953903,
    14.082863988334));
#441 = CARTESIAN_POINT('',(7.252805900452,-23.92899753406,
    14.415154920043));
#442 = CARTESIAN_POINT('',(7.564610905309,-23.83221885254,
    14.761030677843));
#443 = CARTESIAN_POINT('',(7.85048782994,-23.7388134206,15.118447832568)
  );
#444 = CARTESIAN_POINT('',(8.111454172953,-23.64979886855,
    15.485608253525));
#445 = CARTESIAN_POINT('',(8.348665470019,-23.5659074309,15.860989903294
    ));
#446 = CARTESIAN_POINT('',(8.902517571617,-23.36397908563,
    16.847586496671));
#447 = CARTESIAN_POINT('',(9.185225682531,-23.25443296527,17.46894619441
    ));
#448 = CARTESIAN_POINT('',(9.416439063224,-23.16092326473,
    18.102817102268));
#449 = CARTESIAN_POINT('',(9.600770090273,-23.08417070415,
    18.745402163763));
#450 = CARTESIAN_POINT('',(9.74269693287,-23.02394389325,19.393716049533
    ));
#451 = CARTESIAN_POINT('',(9.846308654374,-22.97946562518,
    20.045650960402));
#452 = CARTESIAN_POINT('',(9.91521607468,-22.9496947734,20.7000006));
#453 = PCURVE('',#31,#454);
#454 = DEFINITIONAL_REPRESENTATION('',(#455),#482);
#455 = B_SPLINE_CURVE_WITH_KNOTS('',7,(#456,#457,#458,#459,#460,#461,
    #462,#463,#464,#465,#466,#467,#468,#469,#470,#471,#472,#473,#474,
    #475,#476,#477,#478,#479,#480,#481),.UNSPECIFIED.,.F.,.F.,(8,6,6,6,8
    ),(0.,0.250412220026,0.41990747291,0.644746714288,1.),
  .UNSPECIFIED.);
#456 = CARTESIAN_POINT('',(-4.712388980385,-11.40742613226));
#457 = CARTESIAN_POINT('',(-4.738476244743,-11.40742613226));
#458 = CARTESIAN_POINT('',(-4.764581966859,-11.45384492723));
#459 = CARTESIAN_POINT('',(-4.790341582455,-11.54679592205));
#460 = CARTESIAN_POINT('',(-4.815472259834,-11.68402810895));
#461 = CARTESIAN_POINT('',(-4.839742238597,-11.86229537087));
#462 = CARTESIAN_POINT('',(-4.862964714107,-12.07748225494));
#463 = CARTESIAN_POINT('',(-4.899908696752,-12.49230269103));
#464 = CARTESIAN_POINT('',(-4.914288155199,-12.67463515004));
#465 = CARTESIAN_POINT('',(-4.928102360194,-12.8705897955));
#466 = CARTESIAN_POINT('',(-4.94133047522,-13.07890493127));
#467 = CARTESIAN_POINT('',(-4.953960907953,-13.29837266728));
#468 = CARTESIAN_POINT('',(-4.965989655091,-13.52787731378));
#469 = CARTESIAN_POINT('',(-4.992580792563,-14.08286398833));
#470 = CARTESIAN_POINT('',(-5.006685080692,-14.41515492004));
#471 = CARTESIAN_POINT('',(-5.019741511017,-14.76103067784));
#472 = CARTESIAN_POINT('',(-5.031769478938,-15.11844783256));
#473 = CARTESIAN_POINT('',(-5.042797524225,-15.48560825352));
#474 = CARTESIAN_POINT('',(-5.052861401386,-15.86098990329));
#475 = CARTESIAN_POINT('',(-5.076441976683,-16.84758649667));
#476 = CARTESIAN_POINT('',(-5.088567140541,-17.46894619441));
#477 = CARTESIAN_POINT('',(-5.098542312825,-18.10281710226));
#478 = CARTESIAN_POINT('',(-5.106528802186,-18.74540216376));
#479 = CARTESIAN_POINT('',(-5.112695796074,-19.39371604953));
#480 = CARTESIAN_POINT('',(-5.1172059853,-20.0456509604));
#481 = CARTESIAN_POINT('',(-5.120208527207,-20.7000006));
#482 = ( GEOMETRIC_REPRESENTATION_CONTEXT(2) 
PARAMETRIC_REPRESENTATION_CONTEXT() REPRESENTATION_CONTEXT('2D SPACE',''
  ) );
#483 = PCURVE('',#387,#484);
#484 = DEFINITIONAL_REPRESENTATION('',(#485),#512);
#485 = B_SPLINE_CURVE_WITH_KNOTS('',7,(#486,#487,#488,#489,#490,#491,
    #492,#493,#494,#495,#496,#497,#498,#499,#500,#501,#502,#503,#504,
    #505,#506,#507,#508,#509,#510,#511),.UNSPECIFIED.,.F.,.F.,(8,6,6,6,8
    ),(0.,0.250412220026,0.41990747291,0.644746714288,1.),
  .UNSPECIFIED.);
#486 = CARTESIAN_POINT('',(2.552561683374,0.));
#487 = CARTESIAN_POINT('',(2.552561683374,6.521816089613E-02));
#488 = CARTESIAN_POINT('',(2.552355371423,0.130482410035));
#489 = CARTESIAN_POINT('',(2.551942292026,0.195262356144));
#490 = CARTESIAN_POINT('',(2.551316889818,0.259232295335));
#491 = CARTESIAN_POINT('',(2.550463249243,0.322128388288));
#492 = CARTESIAN_POINT('',(2.549362913214,0.383723918492));
#493 = CARTESIAN_POINT('',(2.547079708665,0.484471394961));
#494 = CARTESIAN_POINT('',(2.546037621326,0.524478621378));
#495 = CARTESIAN_POINT('',(2.544869350401,0.563795738565));
#496 = CARTESIAN_POINT('',(2.543568962655,0.602406299891));
#497 = CARTESIAN_POINT('',(2.542130800407,0.640303992294));
#498 = CARTESIAN_POINT('',(2.540549655567,0.677491020249));
#499 = CARTESIAN_POINT('',(2.53652701229,0.762381134381));
#500 = CARTESIAN_POINT('',(2.533973605087,0.809543848597));
#501 = CARTESIAN_POINT('',(2.531148654108,0.855504316977));
#502 = CARTESIAN_POINT('',(2.528042293036,0.90029909039));
#503 = CARTESIAN_POINT('',(2.524647264152,0.9439683162));
#504 = CARTESIAN_POINT('',(2.520958494683,0.986559005581));
#505 = CARTESIAN_POINT('',(2.510671964092,1.093806691449));
#506 = CARTESIAN_POINT('',(2.50363161847,1.156895405956));
#507 = CARTESIAN_POINT('',(2.495832925075,1.217636086905));
#508 = CARTESIAN_POINT('',(2.487273177103,1.276200841694));
#509 = CARTESIAN_POINT('',(2.477963833755,1.332753457058));
#510 = CARTESIAN_POINT('',(2.467922045385,1.38745652562));
#511 = CARTESIAN_POINT('',(2.457160559093,1.440485926472));
#512 = ( GEOMETRIC_REPRESENTATION_CONTEXT(2) 
PARAMETRIC_REPRESENTATION_CONTEXT() REPRESENTATION_CONTEXT('2D SPACE',''
  ) );
#513 = ORIENTED_EDGE('',*,*,#514,.T.);
#514 = EDGE_CURVE('',#423,#56,#515,.T.);
#515 = SURFACE_CURVE('',#516,(#521,#528),.PCURVE_S1.);
#516 = CIRCLE('',#517,25.);
#517 = AXIS2_PLACEMENT_3D('',#518,#519,#520);
#518 = CARTESIAN_POINT('',(0.,0.,20.7));
#519 = DIRECTION('',(0.,0.,1.));
#520 = DIRECTION('',(1.,0.,0.));
#521 = PCURVE('',#31,#522);
#522 = DEFINITIONAL_REPRESENTATION('',(#523),#527);
#523 = LINE('',#524,#525);
#524 = CARTESIAN_POINT('',(-0.,-20.7));
#525 = VECTOR('',#526,1.);
#526 = DIRECTION('',(-1.,0.));
#527 = ( GEOMETRIC_REPRESENTATION_CONTEXT(2) 
PARAMETRIC_REPRESENTATION_CONTEXT() REPRESENTATION_CONTEXT('2D SPACE',''
  ) );
#528 = PCURVE('',#95,#529);
#529 = DEFINITIONAL_REPRESENTATION('',(#530),#534);
#530 = CIRCLE('',#531,25.);
#531 = AXIS2_PLACEMENT_2D('',#532,#533);
#532 = CARTESIAN_POINT('',(8.751616848252E-16,-1.604946055186E-15));
#533 = DIRECTION('',(1.,0.));
#534 = ( GEOMETRIC_REPRESENTATION_CONTEXT(2) 
PARAMETRIC_REPRESENTATION_CONTEXT() REPRESENTATION_CONTEXT('2D SPACE',''
  ) );
#535 = ORIENTED_EDGE('',*,*,#55,.F.);
#536 = ADVANCED_FACE('',(#537,#540),#43,.F.);
#537 = FACE_BOUND('',#538,.F.);
#538 = EDGE_LOOP('',(#539));
#539 = ORIENTED_EDGE('',*,*,#21,.T.);
#540 = FACE_BOUND('',#541,.F.);
#541 = EDGE_LOOP('',(#542));
#542 = ORIENTED_EDGE('',*,*,#543,.F.);
#543 = EDGE_CURVE('',#544,#544,#546,.T.);
#544 = VERTEX_POINT('',#545);
#545 = CARTESIAN_POINT('',(12.,0.,0.));
#546 = SURFACE_CURVE('',#547,(#552,#559),.PCURVE_S1.);
#547 = CIRCLE('',#548,12.);
#548 = AXIS2_PLACEMENT_3D('',#549,#550,#551);
#549 = CARTESIAN_POINT('',(0.,0.,0.));
#550 = DIRECTION('',(0.,0.,1.));
#551 = DIRECTION('',(1.,0.,0.));
#552 = PCURVE('',#43,#553);
#553 = DEFINITIONAL_REPRESENTATION('',(#554),#558);
#554 = CIRCLE('',#555,12.);
#555 = AXIS2_PLACEMENT_2D('',#556,#557);
#556 = CARTESIAN_POINT('',(8.751616848252E-16,-1.604946055186E-15));
#557 = DIRECTION('',(1.,0.));
#558 = ( GEOMETRIC_REPRESENTATION_CONTEXT(2) 
PARAMETRIC_REPRESENTATION_CONTEXT() REPRESENTATION_CONTEXT('2D SPACE',''
  ) );
#559 = PCURVE('',#560,#565);
#560 = CYLINDRICAL_SURFACE('',#561,12.);
#561 = AXIS2_PLACEMENT_3D('',#562,#563,#564);
#562 = CARTESIAN_POINT('',(0.,0.,-36.));
#563 = DIRECTION('',(-0.,-0.,-1.));
#564 = DIRECTION('',(1.,0.,0.));
#565 = DEFINITIONAL_REPRESENTATION('',(#566),#570);
#566 = LINE('',#567,#568);
#567 = CARTESIAN_POINT('',(-0.,-36.));
#568 = VECTOR('',#569,1.);
#569 = DIRECTION('',(-1.,0.));
#570 = ( GEOMETRIC_REPRESENTATION_CONTEXT(2) 
PARAMETRIC_REPRESENTATION_CONTEXT() REPRESENTATION_CONTEXT('2D SPACE',''
  ) );
#571 = ADVANCED_FACE('',(#572),#95,.T.);
#572 = FACE_BOUND('',#573,.T.);
#573 = EDGE_LOOP('',(#574,#575,#576,#827,#856,#880));
#574 = ORIENTED_EDGE('',*,*,#514,.T.);
#575 = ORIENTED_EDGE('',*,*,#78,.T.);
#576 = ORIENTED_EDGE('',*,*,#577,.F.);
#577 = EDGE_CURVE('',#578,#79,#580,.T.);
#578 = VERTEX_POINT('',#579);
#579 = CARTESIAN_POINT('',(9.032027583805,12.329363499965,20.7));
#580 = SURFACE_CURVE('',#581,(#661,#744),.PCURVE_S1.);
#581 = B_SPLINE_CURVE_WITH_KNOTS('',8,(#582,#583,#584,#585,#586,#587,
    #588,#589,#590,#591,#592,#593,#594,#595,#596,#597,#598,#599,#600,
    #601,#602,#603,#604,#605,#606,#607,#608,#609,#610,#611,#612,#613,
    #614,#615,#616,#617,#618,#619,#620,#621,#622,#623,#624,#625,#626,
    #627,#628,#629,#630,#631,#632,#633,#634,#635,#636,#637,#638,#639,
    #640,#641,#642,#643,#644,#645,#646,#647,#648,#649,#650,#651,#652,
    #653,#654,#655,#656,#657,#658,#659,#660),.UNSPECIFIED.,.F.,.F.,(9,7,
    7,7,7,7,7,7,7,7,7,9),(0.,0.13637538681,0.275284165599,0.333170914764
    ,0.426172584626,0.499454817434,0.621322162601,0.700794373059,
    0.785984065928,0.879565398685,0.960386412004,1.),.UNSPECIFIED.);
#582 = CARTESIAN_POINT('',(7.907589693027,-30.,20.7));
#583 = CARTESIAN_POINT('',(8.419217531188,-29.09405541603,20.7));
#584 = CARTESIAN_POINT('',(8.847523052318,-28.14224637812,20.7));
#585 = CARTESIAN_POINT('',(9.197477826189,-27.15692015878,20.7));
#586 = CARTESIAN_POINT('',(9.474397326689,-26.14829292322,20.7));
#587 = CARTESIAN_POINT('',(9.684348136431,-25.12463074853,20.7));
#588 = CARTESIAN_POINT('',(9.833613909331,-24.09210746222,20.7));
#589 = CARTESIAN_POINT('',(9.928378628331,-23.05475650047,20.7));
#590 = CARTESIAN_POINT('',(10.021226322591,-20.95465651724,20.7));
#591 = CARTESIAN_POINT('',(10.017433757533,-19.89287409655,20.7));
#592 = CARTESIAN_POINT('',(9.969204445733,-18.83164467321,20.7));
#593 = CARTESIAN_POINT('',(9.88235411279,-17.77285492505,20.7));
#594 = CARTESIAN_POINT('',(9.762552266767,-16.71764266099,20.7));
#595 = CARTESIAN_POINT('',(9.615386483325,-15.66639101876,20.7));
#596 = CARTESIAN_POINT('',(9.446416149673,-14.61872006142,20.7));
#597 = CARTESIAN_POINT('',(9.184279034433,-13.13788177705,20.7));
#598 = CARTESIAN_POINT('',(9.104393985717,-12.70277784687,20.7));
#599 = CARTESIAN_POINT('',(9.022151703839,-12.26809504238,20.7));
#600 = CARTESIAN_POINT('',(8.937982355849,-11.83376636168,20.7));
#601 = CARTESIAN_POINT('',(8.852327155182,-11.39971601694,20.7));
#602 = CARTESIAN_POINT('',(8.76564029709,-10.96585905657,20.7));
#603 = CARTESIAN_POINT('',(8.678390894073,-10.53210098734,20.7));
#604 = CARTESIAN_POINT('',(8.450765752416,-9.401446677046,20.7));
#605 = CARTESIAN_POINT('',(8.31028363325,-8.704617152524,20.7));
#606 = CARTESIAN_POINT('',(8.171618035159,-8.007345223841,20.7));
#607 = CARTESIAN_POINT('',(8.036896807839,-7.309190884208,20.7));
#608 = CARTESIAN_POINT('',(7.908391256497,-6.609774658855,20.7));
#609 = CARTESIAN_POINT('',(7.788486549458,-5.908782555615,20.7));
#610 = CARTESIAN_POINT('',(7.679577136909,-5.205985119009,20.7));
#611 = CARTESIAN_POINT('',(7.508432475411,-3.945989792274,20.7));
#612 = CARTESIAN_POINT('',(7.441198178768,-3.389523709726,20.7));
#613 = CARTESIAN_POINT('',(7.383240557829,-2.831923009629,20.7));
#614 = CARTESIAN_POINT('',(7.335562545446,-2.273287269325,20.7));
#615 = CARTESIAN_POINT('',(7.299019616107,-1.713775794744,20.7));
#616 = CARTESIAN_POINT('',(7.274234725496,-1.153614305602,20.7));
#617 = CARTESIAN_POINT('',(7.261530205395,-0.593100730143,20.7));
#618 = CARTESIAN_POINT('',(7.259891428768,0.89948566641,20.7));
#619 = CARTESIAN_POINT('',(7.292301101993,1.831687557254,20.7));
#620 = CARTESIAN_POINT('',(7.358200222294,2.762184082644,20.7));
#621 = CARTESIAN_POINT('',(7.455244850848,3.689843027385,20.7));
#622 = CARTESIAN_POINT('',(7.578786766378,4.614178191666,20.7));
#623 = CARTESIAN_POINT('',(7.72341883823,5.535162946528,20.7));
#624 = CARTESIAN_POINT('',(7.883710815201,6.45316288744,20.7));
#625 = CARTESIAN_POINT('',(8.165869805628,7.966082216102,20.7));
#626 = CARTESIAN_POINT('',(8.281717535152,8.562360521694,20.7));
#627 = CARTESIAN_POINT('',(8.400620476808,9.158010256317,20.7));
#628 = CARTESIAN_POINT('',(8.521200470697,9.753296111229,20.7));
#629 = CARTESIAN_POINT('',(8.642140595363,10.348474832516,20.7));
#630 = CARTESIAN_POINT('',(8.762192392102,10.943793760208,20.7));
#631 = CARTESIAN_POINT('',(8.880170391197,11.539491951829,20.7));
#632 = CARTESIAN_POINT('',(9.117953942001,12.775016397557,20.7));
#633 = CARTESIAN_POINT('',(9.237270721289,13.414882559912,20.7));
#634 = CARTESIAN_POINT('',(9.351479834894,14.055681380029,20.7));
#635 = CARTESIAN_POINT('',(9.45922765401,14.697615100307,20.7));
#636 = CARTESIAN_POINT('',(9.55919664445,15.340811603235,20.7));
#637 = CARTESIAN_POINT('',(9.650090647025,15.985326811688,20.7));
#638 = CARTESIAN_POINT('',(9.730620157908,16.631147089214,20.7));
#639 = CARTESIAN_POINT('',(9.87513887198,17.988973536671,20.7));
#640 = CARTESIAN_POINT('',(9.936708218057,18.701151951104,20.7));
#641 = CARTESIAN_POINT('',(9.982486618964,19.414657671371,20.7));
#642 = CARTESIAN_POINT('',(10.010732634023,20.129215283218,20.7));
#643 = CARTESIAN_POINT('',(10.019671442591,20.844343920331,20.7));
#644 = CARTESIAN_POINT('',(10.007489088249,21.559357486121,20.7));
#645 = CARTESIAN_POINT('',(9.972321934743,22.273364347326,20.7));
#646 = CARTESIAN_POINT('',(9.86035304663,23.600096953589,20.7));
#647 = CARTESIAN_POINT('',(9.7898902501,24.213255306667,20.7));
#648 = CARTESIAN_POINT('',(9.699619246238,24.824059093776,20.7));
#649 = CARTESIAN_POINT('',(9.588271968095,25.431581186169,20.7));
#650 = CARTESIAN_POINT('',(9.454571611072,26.034655470738,20.7));
#651 = CARTESIAN_POINT('',(9.297251310533,26.631880479389,20.7));
#652 = CARTESIAN_POINT('',(9.115065865629,27.221620968307,20.7));
#653 = CARTESIAN_POINT('',(8.80471542749,28.086477907273,20.7));
#654 = CARTESIAN_POINT('',(8.696374944729,28.368681692466,20.7));
#655 = CARTESIAN_POINT('',(8.58163585032,28.648390743652,20.7));
#656 = CARTESIAN_POINT('',(8.460364740974,28.925354500158,20.7));
#657 = CARTESIAN_POINT('',(8.332435705554,29.199300653088,20.7));
#658 = CARTESIAN_POINT('',(8.197732009801,29.469935898748,20.7));
#659 = CARTESIAN_POINT('',(8.056147781063,29.736946692063,20.7));
#660 = CARTESIAN_POINT('',(7.907589693027,30.,20.7));
#661 = PCURVE('',#95,#662);
#662 = DEFINITIONAL_REPRESENTATION('',(#663),#743);
#663 = B_SPLINE_CURVE_WITH_KNOTS('',8,(#664,#665,#666,#667,#668,#669,
    #670,#671,#672,#673,#674,#675,#676,#677,#678,#679,#680,#681,#682,
    #683,#684,#685,#686,#687,#688,#689,#690,#691,#692,#693,#694,#695,
    #696,#697,#698,#699,#700,#701,#702,#703,#704,#705,#706,#707,#708,
    #709,#710,#711,#712,#713,#714,#715,#716,#717,#718,#719,#720,#721,
    #722,#723,#724,#725,#726,#727,#728,#729,#730,#731,#732,#733,#734,
    #735,#736,#737,#738,#739,#740,#741,#742),.UNSPECIFIED.,.F.,.F.,(9,7,
    7,7,7,7,7,7,7,7,7,9),(0.,0.13637538681,0.275284165599,0.333170914764
    ,0.426172584626,0.499454817434,0.621322162601,0.700794373059,
    0.785984065928,0.879565398685,0.960386412004,1.),.UNSPECIFIED.);
#664 = CARTESIAN_POINT('',(7.907589693027,-30.));
#665 = CARTESIAN_POINT('',(8.419217531188,-29.09405541603));
#666 = CARTESIAN_POINT('',(8.847523052318,-28.14224637812));
#667 = CARTESIAN_POINT('',(9.197477826189,-27.15692015878));
#668 = CARTESIAN_POINT('',(9.474397326689,-26.14829292322));
#669 = CARTESIAN_POINT('',(9.684348136431,-25.12463074853));
#670 = CARTESIAN_POINT('',(9.833613909331,-24.09210746222));
#671 = CARTESIAN_POINT('',(9.928378628331,-23.05475650047));
#672 = CARTESIAN_POINT('',(10.021226322591,-20.95465651724));
#673 = CARTESIAN_POINT('',(10.017433757533,-19.89287409655));
#674 = CARTESIAN_POINT('',(9.969204445733,-18.83164467321));
#675 = CARTESIAN_POINT('',(9.88235411279,-17.77285492505));
#676 = CARTESIAN_POINT('',(9.762552266767,-16.71764266099));
#677 = CARTESIAN_POINT('',(9.615386483325,-15.66639101876));
#678 = CARTESIAN_POINT('',(9.446416149673,-14.61872006142));
#679 = CARTESIAN_POINT('',(9.184279034433,-13.13788177705));
#680 = CARTESIAN_POINT('',(9.104393985717,-12.70277784687));
#681 = CARTESIAN_POINT('',(9.022151703839,-12.26809504238));
#682 = CARTESIAN_POINT('',(8.937982355849,-11.83376636168));
#683 = CARTESIAN_POINT('',(8.852327155182,-11.39971601694));
#684 = CARTESIAN_POINT('',(8.76564029709,-10.96585905657));
#685 = CARTESIAN_POINT('',(8.678390894073,-10.53210098734));
#686 = CARTESIAN_POINT('',(8.450765752416,-9.401446677046));
#687 = CARTESIAN_POINT('',(8.31028363325,-8.704617152524));
#688 = CARTESIAN_POINT('',(8.171618035159,-8.007345223841));
#689 = CARTESIAN_POINT('',(8.036896807839,-7.309190884208));
#690 = CARTESIAN_POINT('',(7.908391256497,-6.609774658855));
#691 = CARTESIAN_POINT('',(7.788486549458,-5.908782555615));
#692 = CARTESIAN_POINT('',(7.679577136909,-5.205985119009));
#693 = CARTESIAN_POINT('',(7.508432475411,-3.945989792274));
#694 = CARTESIAN_POINT('',(7.441198178768,-3.389523709726));
#695 = CARTESIAN_POINT('',(7.383240557829,-2.831923009629));
#696 = CARTESIAN_POINT('',(7.335562545446,-2.273287269325));
#697 = CARTESIAN_POINT('',(7.299019616107,-1.713775794744));
#698 = CARTESIAN_POINT('',(7.274234725496,-1.153614305602));
#699 = CARTESIAN_POINT('',(7.261530205395,-0.593100730143));
#700 = CARTESIAN_POINT('',(7.259891428768,0.89948566641));
#701 = CARTESIAN_POINT('',(7.292301101993,1.831687557254));
#702 = CARTESIAN_POINT('',(7.358200222294,2.762184082644));
#703 = CARTESIAN_POINT('',(7.455244850848,3.689843027385));
#704 = CARTESIAN_POINT('',(7.578786766378,4.614178191666));
#705 = CARTESIAN_POINT('',(7.72341883823,5.535162946528));
#706 = CARTESIAN_POINT('',(7.883710815201,6.45316288744));
#707 = CARTESIAN_POINT('',(8.165869805628,7.966082216102));
#708 = CARTESIAN_POINT('',(8.281717535152,8.562360521694));
#709 = CARTESIAN_POINT('',(8.400620476808,9.158010256317));
#710 = CARTESIAN_POINT('',(8.521200470697,9.753296111229));
#711 = CARTESIAN_POINT('',(8.642140595363,10.348474832516));
#712 = CARTESIAN_POINT('',(8.762192392102,10.943793760208));
#713 = CARTESIAN_POINT('',(8.880170391197,11.539491951829));
#714 = CARTESIAN_POINT('',(9.117953942001,12.775016397557));
#715 = CARTESIAN_POINT('',(9.237270721289,13.414882559912));
#716 = CARTESIAN_POINT('',(9.351479834894,14.055681380029));
#717 = CARTESIAN_POINT('',(9.45922765401,14.697615100307));
#718 = CARTESIAN_POINT('',(9.55919664445,15.340811603235));
#719 = CARTESIAN_POINT('',(9.650090647025,15.985326811688));
#720 = CARTESIAN_POINT('',(9.730620157908,16.631147089214));
#721 = CARTESIAN_POINT('',(9.87513887198,17.988973536671));
#722 = CARTESIAN_POINT('',(9.936708218057,18.701151951104));
#723 = CARTESIAN_POINT('',(9.982486618964,19.414657671371));
#724 = CARTESIAN_POINT('',(10.010732634023,20.129215283218));
#725 = CARTESIAN_POINT('',(10.019671442591,20.844343920331));
#726 = CARTESIAN_POINT('',(10.007489088249,21.559357486121));
#727 = CARTESIAN_POINT('',(9.972321934743,22.273364347326));
#728 = CARTESIAN_POINT('',(9.86035304663,23.600096953589));
#729 = CARTESIAN_POINT('',(9.7898902501,24.213255306667));
#730 = CARTESIAN_POINT('',(9.699619246238,24.824059093776));
#731 = CARTESIAN_POINT('',(9.588271968095,25.431581186169));
#732 = CARTESIAN_POINT('',(9.454571611072,26.034655470738));
#733 = CARTESIAN_POINT('',(9.297251310533,26.631880479389));
#734 = CARTESIAN_POINT('',(9.115065865629,27.221620968307));
#735 = CARTESIAN_POINT('',(8.80471542749,28.086477907273));
#736 = CARTESIAN_POINT('',(8.696374944729,28.368681692466));
#737 = CARTESIAN_POINT('',(8.58163585032,28.648390743652));
#738 = CARTESIAN_POINT('',(8.460364740974,28.925354500158));
#739 = CARTESIAN_POINT('',(8.332435705554,29.199300653088));
#740 = CARTESIAN_POINT('',(8.197732009801,29.469935898748));
#741 = CARTESIAN_POINT('',(8.056147781063,29.736946692063));
#742 = CARTESIAN_POINT('',(7.907589693027,30.));
#743 = ( GEOMETRIC_REPRESENTATION_CONTEXT(2) 
PARAMETRIC_REPRESENTATION_CONTEXT() REPRESENTATION_CONTEXT('2D SPACE',''
  ) );
#744 = PCURVE('',#169,#745);
#745 = DEFINITIONAL_REPRESENTATION('',(#746),#826);
#746 = B_SPLINE_CURVE_WITH_KNOTS('',8,(#747,#748,#749,#750,#751,#752,
    #753,#754,#755,#756,#757,#758,#759,#760,#761,#762,#763,#764,#765,
    #766,#767,#768,#769,#770,#771,#772,#773,#774,#775,#776,#777,#778,
    #779,#780,#781,#782,#783,#784,#785,#786,#787,#788,#789,#790,#791,
    #792,#793,#794,#795,#796,#797,#798,#799,#800,#801,#802,#803,#804,
    #805,#806,#807,#808,#809,#810,#811,#812,#813,#814,#815,#816,#817,
    #818,#819,#820,#821,#822,#823,#824,#825),.UNSPECIFIED.,.F.,.F.,(9,7,
    7,7,7,7,7,7,7,7,7,9),(0.,0.13637538681,0.275284165599,0.333170914764
    ,0.426172584626,0.499454817434,0.621322162601,0.700794373059,
    0.785984065928,0.879565398685,0.960386412004,1.),.UNSPECIFIED.);
#747 = CARTESIAN_POINT('',(2.323929866644,0.912047893658));
#748 = CARTESIAN_POINT('',(2.338997517495,0.995629781069));
#749 = CARTESIAN_POINT('',(2.355381535382,1.075913509354));
#750 = CARTESIAN_POINT('',(2.37299980834,1.153176825953));
#751 = CARTESIAN_POINT('',(2.391781511496,1.22757440639));
#752 = CARTESIAN_POINT('',(2.41166137272,1.299241975098));
#753 = CARTESIAN_POINT('',(2.432583895688,1.368303047762));
#754 = CARTESIAN_POINT('',(2.454513813864,1.434899899521));
#755 = CARTESIAN_POINT('',(2.500816407819,1.564678970034));
#756 = CARTESIAN_POINT('',(2.525203076902,1.627708114407));
#757 = CARTESIAN_POINT('',(2.550593483503,1.68841271856));
#758 = CARTESIAN_POINT('',(2.576967075904,1.746851585018));
#759 = CARTESIAN_POINT('',(2.604302695139,1.80303731175));
#760 = CARTESIAN_POINT('',(2.632581944405,1.856942974235));
#761 = CARTESIAN_POINT('',(2.661793581246,1.908493720933));
#762 = CARTESIAN_POINT('',(2.70449986387,1.977992299569));
#763 = CARTESIAN_POINT('',(2.71722201907,1.997998975484));
#764 = CARTESIAN_POINT('',(2.730103618164,2.017558391391));
#765 = CARTESIAN_POINT('',(2.743143711873,2.036656840672));
#766 = CARTESIAN_POINT('',(2.756341209565,2.055277957185));
#767 = CARTESIAN_POINT('',(2.76969488669,2.073402601878));
#768 = CARTESIAN_POINT('',(2.783203392213,2.091008749415));
#769 = CARTESIAN_POINT('',(2.818814599682,2.135484430036));
#770 = CARTESIAN_POINT('',(2.841157416569,2.161491587217));
#771 = CARTESIAN_POINT('',(2.863889686543,2.185992383753));
#772 = CARTESIAN_POINT('',(2.887002744762,2.20886089204));
#773 = CARTESIAN_POINT('',(2.910482668942,2.229946770076));
#774 = CARTESIAN_POINT('',(2.934309497901,2.249078758851));
#775 = CARTESIAN_POINT('',(2.958456234127,2.266074406159));
#776 = CARTESIAN_POINT('',(3.002138676207,2.292331397318));
#777 = CARTESIAN_POINT('',(3.021566229335,2.302468419992));
#778 = CARTESIAN_POINT('',(3.041149631167,2.311083787511));
#779 = CARTESIAN_POINT('',(3.060864698503,2.318094915047));
#780 = CARTESIAN_POINT('',(3.080683597736,2.323429780881));
#781 = CARTESIAN_POINT('',(3.100574904494,2.327035029922));
#782 = CARTESIAN_POINT('',(3.120503905115,2.328882705351));
#783 = CARTESIAN_POINT('',(3.17357545931,2.329121038849));
#784 = CARTESIAN_POINT('',(3.206724458701,2.324407578942));
#785 = CARTESIAN_POINT('',(3.239704800356,2.31482643621));
#786 = CARTESIAN_POINT('',(3.272365007086,2.300582820919));
#787 = CARTESIAN_POINT('',(3.304585794233,2.28207189242));
#788 = CARTESIAN_POINT('',(3.336277683008,2.259731712265));
#789 = CARTESIAN_POINT('',(3.367377916015,2.233975486981));
#790 = CARTESIAN_POINT('',(3.417716669784,2.186366907862));
#791 = CARTESIAN_POINT('',(3.437319954499,2.166271496945));
#792 = CARTESIAN_POINT('',(3.456648143291,2.144968767731));
#793 = CARTESIAN_POINT('',(3.475694169234,2.122545414487));
#794 = CARTESIAN_POINT('',(3.494452468332,2.099077113041));
#795 = CARTESIAN_POINT('',(3.512918813257,2.074627775191));
#796 = CARTESIAN_POINT('',(3.531090213439,2.049249608505));
#797 = CARTESIAN_POINT('',(3.56812550981,1.994828722193));
#798 = CARTESIAN_POINT('',(3.586943630873,1.965656083434));
#799 = CARTESIAN_POINT('',(3.605416841811,1.935517168795));
#800 = CARTESIAN_POINT('',(3.62354224756,1.904452143346));
#801 = CARTESIAN_POINT('',(3.641316668887,1.872490896255));
#802 = CARTESIAN_POINT('',(3.658736850369,1.839653703355));
#803 = CARTESIAN_POINT('',(3.675799668387,1.805951889721));
#804 = CARTESIAN_POINT('',(3.710850312136,1.733420415441));
#805 = CARTESIAN_POINT('',(3.72876159575,1.694416788984));
#806 = CARTESIAN_POINT('',(3.74623365314,1.654379475365));
#807 = CARTESIAN_POINT('',(3.763261422494,1.613302396807));
#808 = CARTESIAN_POINT('',(3.779838180018,1.571172718122));
#809 = CARTESIAN_POINT('',(3.795956230679,1.527970354014));
#810 = CARTESIAN_POINT('',(3.81160742668,1.483665800814));
#811 = CARTESIAN_POINT('',(3.839890259313,1.398964070042));
#812 = CARTESIAN_POINT('',(3.852640449088,1.358864331452));
#813 = CARTESIAN_POINT('',(3.86502947733,1.317888519185));
#814 = CARTESIAN_POINT('',(3.877049816871,1.276008427634));
#815 = CARTESIAN_POINT('',(3.888691898839,1.233195733386));
#816 = CARTESIAN_POINT('',(3.899944729802,1.189420481433));
#817 = CARTESIAN_POINT('',(3.910796246224,1.144648527502));
#818 = CARTESIAN_POINT('',(3.926349072852,1.076384346687));
#819 = CARTESIAN_POINT('',(3.931364846852,1.053682770156));
#820 = CARTESIAN_POINT('',(3.936279058871,1.030728975522));
#821 = CARTESIAN_POINT('',(3.941089839718,1.007519053466));
#822 = CARTESIAN_POINT('',(3.945795141226,0.984049358093));
#823 = CARTESIAN_POINT('',(3.950392757068,0.960316448321));
#824 = CARTESIAN_POINT('',(3.954880343571,0.936317029272));
#825 = CARTESIAN_POINT('',(3.959255440535,0.912047893658));
#826 = ( GEOMETRIC_REPRESENTATION_CONTEXT(2) 
PARAMETRIC_REPRESENTATION_CONTEXT() REPRESENTATION_CONTEXT('2D SPACE',''
  ) );
#827 = ORIENTED_EDGE('',*,*,#828,.F.);
#828 = EDGE_CURVE('',#829,#578,#831,.T.);
#829 = VERTEX_POINT('',#830);
#830 = CARTESIAN_POINT('',(15.283675166297,0.,20.7));
#831 = SURFACE_CURVE('',#832,(#837,#844),.PCURVE_S1.);
#832 = CIRCLE('',#833,15.283675166297);
#833 = AXIS2_PLACEMENT_3D('',#834,#835,#836);
#834 = CARTESIAN_POINT('',(0.,0.,20.7));
#835 = DIRECTION('',(0.,0.,1.));
#836 = DIRECTION('',(1.,0.,-0.));
#837 = PCURVE('',#95,#838);
#838 = DEFINITIONAL_REPRESENTATION('',(#839),#843);
#839 = CIRCLE('',#840,15.283675166297);
#840 = AXIS2_PLACEMENT_2D('',#841,#842);
#841 = CARTESIAN_POINT('',(8.751616848252E-16,-1.604946055186E-15));
#842 = DIRECTION('',(1.,0.));
#843 = ( GEOMETRIC_REPRESENTATION_CONTEXT(2) 
PARAMETRIC_REPRESENTATION_CONTEXT() REPRESENTATION_CONTEXT('2D SPACE',''
  ) );
#844 = PCURVE('',#845,#850);
#845 = CONICAL_SURFACE('',#846,16.375,0.384116986522);
#846 = AXIS2_PLACEMENT_3D('',#847,#848,#849);
#847 = CARTESIAN_POINT('',(0.,0.,18.));
#848 = DIRECTION('',(-0.,-0.,-1.));
#849 = DIRECTION('',(1.,0.,0.));
#850 = DEFINITIONAL_REPRESENTATION('',(#851),#855);
#851 = LINE('',#852,#853);
#852 = CARTESIAN_POINT('',(-0.,-2.7));
#853 = VECTOR('',#854,1.);
#854 = DIRECTION('',(-1.,-0.));
#855 = ( GEOMETRIC_REPRESENTATION_CONTEXT(2) 
PARAMETRIC_REPRESENTATION_CONTEXT() REPRESENTATION_CONTEXT('2D SPACE',''
  ) );
#856 = ORIENTED_EDGE('',*,*,#857,.F.);
#857 = EDGE_CURVE('',#858,#829,#860,.T.);
#858 = VERTEX_POINT('',#859);
#859 = CARTESIAN_POINT('',(9.032027583805,-12.32936349996,20.7));
#860 = SURFACE_CURVE('',#861,(#866,#873),.PCURVE_S1.);
#861 = CIRCLE('',#862,15.283675166297);
#862 = AXIS2_PLACEMENT_3D('',#863,#864,#865);
#863 = CARTESIAN_POINT('',(0.,0.,20.7));
#864 = DIRECTION('',(0.,0.,1.));
#865 = DIRECTION('',(1.,0.,-0.));
#866 = PCURVE('',#95,#867);
#867 = DEFINITIONAL_REPRESENTATION('',(#868),#872);
#868 = CIRCLE('',#869,15.283675166297);
#869 = AXIS2_PLACEMENT_2D('',#870,#871);
#870 = CARTESIAN_POINT('',(8.751616848252E-16,-1.604946055186E-15));
#871 = DIRECTION('',(1.,0.));
#872 = ( GEOMETRIC_REPRESENTATION_CONTEXT(2) 
PARAMETRIC_REPRESENTATION_CONTEXT() REPRESENTATION_CONTEXT('2D SPACE',''
  ) );
#873 = PCURVE('',#845,#874);
#874 = DEFINITIONAL_REPRESENTATION('',(#875),#879);
#875 = LINE('',#876,#877);
#876 = CARTESIAN_POINT('',(-0.,-2.7));
#877 = VECTOR('',#878,1.);
#878 = DIRECTION('',(-1.,-0.));
#879 = ( GEOMETRIC_REPRESENTATION_CONTEXT(2) 
PARAMETRIC_REPRESENTATION_CONTEXT() REPRESENTATION_CONTEXT('2D SPACE',''
  ) );
#880 = ORIENTED_EDGE('',*,*,#881,.F.);
#881 = EDGE_CURVE('',#423,#858,#882,.T.);
#882 = SURFACE_CURVE('',#883,(#963,#1046),.PCURVE_S1.);
#883 = B_SPLINE_CURVE_WITH_KNOTS('',8,(#884,#885,#886,#887,#888,#889,
    #890,#891,#892,#893,#894,#895,#896,#897,#898,#899,#900,#901,#902,
    #903,#904,#905,#906,#907,#908,#909,#910,#911,#912,#913,#914,#915,
    #916,#917,#918,#919,#920,#921,#922,#923,#924,#925,#926,#927,#928,
    #929,#930,#931,#932,#933,#934,#935,#936,#937,#938,#939,#940,#941,
    #942,#943,#944,#945,#946,#947,#948,#949,#950,#951,#952,#953,#954,
    #955,#956,#957,#958,#959,#960,#961,#962),.UNSPECIFIED.,.F.,.F.,(9,7,
    7,7,7,7,7,7,7,7,7,9),(0.,0.13637538681,0.275284165599,0.333170914764
    ,0.426172584626,0.499454817434,0.621322162601,0.700794373059,
    0.785984065928,0.879565398685,0.960386412004,1.),.UNSPECIFIED.);
#884 = CARTESIAN_POINT('',(7.907589693027,-30.,20.7));
#885 = CARTESIAN_POINT('',(8.419217531188,-29.09405541603,20.7));
#886 = CARTESIAN_POINT('',(8.847523052318,-28.14224637812,20.7));
#887 = CARTESIAN_POINT('',(9.197477826189,-27.15692015878,20.7));
#888 = CARTESIAN_POINT('',(9.474397326689,-26.14829292322,20.7));
#889 = CARTESIAN_POINT('',(9.684348136431,-25.12463074853,20.7));
#890 = CARTESIAN_POINT('',(9.833613909331,-24.09210746222,20.7));
#891 = CARTESIAN_POINT('',(9.928378628331,-23.05475650047,20.7));
#892 = CARTESIAN_POINT('',(10.021226322591,-20.95465651724,20.7));
#893 = CARTESIAN_POINT('',(10.017433757533,-19.89287409655,20.7));
#894 = CARTESIAN_POINT('',(9.969204445733,-18.83164467321,20.7));
#895 = CARTESIAN_POINT('',(9.88235411279,-17.77285492505,20.7));
#896 = CARTESIAN_POINT('',(9.762552266767,-16.71764266099,20.7));
#897 = CARTESIAN_POINT('',(9.615386483325,-15.66639101876,20.7));
#898 = CARTESIAN_POINT('',(9.446416149673,-14.61872006142,20.7));
#899 = CARTESIAN_POINT('',(9.184279034433,-13.13788177705,20.7));
#900 = CARTESIAN_POINT('',(9.104393985717,-12.70277784687,20.7));
#901 = CARTESIAN_POINT('',(9.022151703839,-12.26809504238,20.7));
#902 = CARTESIAN_POINT('',(8.937982355849,-11.83376636168,20.7));
#903 = CARTESIAN_POINT('',(8.852327155182,-11.39971601694,20.7));
#904 = CARTESIAN_POINT('',(8.76564029709,-10.96585905657,20.7));
#905 = CARTESIAN_POINT('',(8.678390894073,-10.53210098734,20.7));
#906 = CARTESIAN_POINT('',(8.450765752416,-9.401446677046,20.7));
#907 = CARTESIAN_POINT('',(8.31028363325,-8.704617152524,20.7));
#908 = CARTESIAN_POINT('',(8.171618035159,-8.007345223841,20.7));
#909 = CARTESIAN_POINT('',(8.036896807839,-7.309190884208,20.7));
#910 = CARTESIAN_POINT('',(7.908391256497,-6.609774658855,20.7));
#911 = CARTESIAN_POINT('',(7.788486549458,-5.908782555615,20.7));
#912 = CARTESIAN_POINT('',(7.679577136909,-5.205985119009,20.7));
#913 = CARTESIAN_POINT('',(7.508432475411,-3.945989792274,20.7));
#914 = CARTESIAN_POINT('',(7.441198178768,-3.389523709726,20.7));
#915 = CARTESIAN_POINT('',(7.383240557829,-2.831923009629,20.7));
#916 = CARTESIAN_POINT('',(7.335562545446,-2.273287269325,20.7));
#917 = CARTESIAN_POINT('',(7.299019616107,-1.713775794744,20.7));
#918 = CARTESIAN_POINT('',(7.274234725496,-1.153614305602,20.7));
#919 = CARTESIAN_POINT('',(7.261530205395,-0.593100730143,20.7));
#920 = CARTESIAN_POINT('',(7.259891428768,0.89948566641,20.7));
#921 = CARTESIAN_POINT('',(7.292301101993,1.831687557254,20.7));
#922 = CARTESIAN_POINT('',(7.358200222294,2.762184082644,20.7));
#923 = CARTESIAN_POINT('',(7.455244850848,3.689843027385,20.7));
#924 = CARTESIAN_POINT('',(7.578786766378,4.614178191666,20.7));
#925 = CARTESIAN_POINT('',(7.72341883823,5.535162946528,20.7));
#926 = CARTESIAN_POINT('',(7.883710815201,6.45316288744,20.7));
#927 = CARTESIAN_POINT('',(8.165869805628,7.966082216102,20.7));
#928 = CARTESIAN_POINT('',(8.281717535152,8.562360521694,20.7));
#929 = CARTESIAN_POINT('',(8.400620476808,9.158010256317,20.7));
#930 = CARTESIAN_POINT('',(8.521200470697,9.753296111229,20.7));
#931 = CARTESIAN_POINT('',(8.642140595363,10.348474832516,20.7));
#932 = CARTESIAN_POINT('',(8.762192392102,10.943793760208,20.7));
#933 = CARTESIAN_POINT('',(8.880170391197,11.539491951829,20.7));
#934 = CARTESIAN_POINT('',(9.117953942001,12.775016397557,20.7));
#935 = CARTESIAN_POINT('',(9.237270721289,13.414882559912,20.7));
#936 = CARTESIAN_POINT('',(9.351479834894,14.055681380029,20.7));
#937 = CARTESIAN_POINT('',(9.45922765401,14.697615100307,20.7));
#938 = CARTESIAN_POINT('',(9.55919664445,15.340811603235,20.7));
#939 = CARTESIAN_POINT('',(9.650090647025,15.985326811688,20.7));
#940 = CARTESIAN_POINT('',(9.730620157908,16.631147089214,20.7));
#941 = CARTESIAN_POINT('',(9.87513887198,17.988973536671,20.7));
#942 = CARTESIAN_POINT('',(9.936708218057,18.701151951104,20.7));
#943 = CARTESIAN_POINT('',(9.982486618964,19.414657671371,20.7));
#944 = CARTESIAN_POINT('',(10.010732634023,20.129215283218,20.7));
#945 = CARTESIAN_POINT('',(10.019671442591,20.844343920331,20.7));
#946 = CARTESIAN_POINT('',(10.007489088249,21.559357486121,20.7));
#947 = CARTESIAN_POINT('',(9.972321934743,22.273364347326,20.7));
#948 = CARTESIAN_POINT('',(9.86035304663,23.600096953589,20.7));
#949 = CARTESIAN_POINT('',(9.7898902501,24.213255306667,20.7));
#950 = CARTESIAN_POINT('',(9.699619246238,24.824059093776,20.7));
#951 = CARTESIAN_POINT('',(9.588271968095,25.431581186169,20.7));
#952 = CARTESIAN_POINT('',(9.454571611072,26.034655470738,20.7));
#953 = CARTESIAN_POINT('',(9.297251310533,26.631880479389,20.7));
#954 = CARTESIAN_POINT('',(9.115065865629,27.221620968307,20.7));
#955 = CARTESIAN_POINT('',(8.80471542749,28.086477907273,20.7));
#956 = CARTESIAN_POINT('',(8.696374944729,28.368681692466,20.7));
#957 = CARTESIAN_POINT('',(8.58163585032,28.648390743652,20.7));
#958 = CARTESIAN_POINT('',(8.460364740974,28.925354500158,20.7));
#959 = CARTESIAN_POINT('',(8.332435705554,29.199300653088,20.7));
#960 = CARTESIAN_POINT('',(8.197732009801,29.469935898748,20.7));
#961 = CARTESIAN_POINT('',(8.056147781063,29.736946692063,20.7));
#962 = CARTESIAN_POINT('',(7.907589693027,30.,20.7));
#963 = PCURVE('',#95,#964);
#964 = DEFINITIONAL_REPRESENTATION('',(#965),#1045);
#965 = B_SPLINE_CURVE_WITH_KNOTS('',8,(#966,#967,#968,#969,#970,#971,
    #972,#973,#974,#975,#976,#977,#978,#979,#980,#981,#982,#983,#984,
    #985,#986,#987,#988,#989,#990,#991,#992,#993,#994,#995,#996,#997,
    #998,#999,#1000,#1001,#1002,#1003,#1004,#1005,#1006,#1007,#1008,
    #1009,#1010,#1011,#1012,#1013,#1014,#1015,#1016,#1017,#1018,#1019,
    #1020,#1021,#1022,#1023,#1024,#1025,#1026,#1027,#1028,#1029,#1030,
    #1031,#1032,#1033,#1034,#1035,#1036,#1037,#1038,#1039,#1040,#1041,
    #1042,#1043,#1044),.UNSPECIFIED.,.F.,.F.,(9,7,7,7,7,7,7,7,7,7,7,9),(
    0.,0.13637538681,0.275284165599,0.333170914764,0.426172584626,
    0.499454817434,0.621322162601,0.700794373059,0.785984065928,
    0.879565398685,0.960386412004,1.),.UNSPECIFIED.);
#966 = CARTESIAN_POINT('',(7.907589693027,-30.));
#967 = CARTESIAN_POINT('',(8.419217531188,-29.09405541603));
#968 = CARTESIAN_POINT('',(8.847523052318,-28.14224637812));
#969 = CARTESIAN_POINT('',(9.197477826189,-27.15692015878));
#970 = CARTESIAN_POINT('',(9.474397326689,-26.14829292322));
#971 = CARTESIAN_POINT('',(9.684348136431,-25.12463074853));
#972 = CARTESIAN_POINT('',(9.833613909331,-24.09210746222));
#973 = CARTESIAN_POINT('',(9.928378628331,-23.05475650047));
#974 = CARTESIAN_POINT('',(10.021226322591,-20.95465651724));
#975 = CARTESIAN_POINT('',(10.017433757533,-19.89287409655));
#976 = CARTESIAN_POINT('',(9.969204445733,-18.83164467321));
#977 = CARTESIAN_POINT('',(9.88235411279,-17.77285492505));
#978 = CARTESIAN_POINT('',(9.762552266767,-16.71764266099));
#979 = CARTESIAN_POINT('',(9.615386483325,-15.66639101876));
#980 = CARTESIAN_POINT('',(9.446416149673,-14.61872006142));
#981 = CARTESIAN_POINT('',(9.184279034433,-13.13788177705));
#982 = CARTESIAN_POINT('',(9.104393985717,-12.70277784687));
#983 = CARTESIAN_POINT('',(9.022151703839,-12.26809504238));
#984 = CARTESIAN_POINT('',(8.937982355849,-11.83376636168));
#985 = CARTESIAN_POINT('',(8.852327155182,-11.39971601694));
#986 = CARTESIAN_POINT('',(8.76564029709,-10.96585905657));
#987 = CARTESIAN_POINT('',(8.678390894073,-10.53210098734));
#988 = CARTESIAN_POINT('',(8.450765752416,-9.401446677046));
#989 = CARTESIAN_POINT('',(8.31028363325,-8.704617152524));
#990 = CARTESIAN_POINT('',(8.171618035159,-8.007345223841));
#991 = CARTESIAN_POINT('',(8.036896807839,-7.309190884208));
#992 = CARTESIAN_POINT('',(7.908391256497,-6.609774658855));
#993 = CARTESIAN_POINT('',(7.788486549458,-5.908782555615));
#994 = CARTESIAN_POINT('',(7.679577136909,-5.205985119009));
#995 = CARTESIAN_POINT('',(7.508432475411,-3.945989792274));
#996 = CARTESIAN_POINT('',(7.441198178768,-3.389523709726));
#997 = CARTESIAN_POINT('',(7.383240557829,-2.831923009629));
#998 = CARTESIAN_POINT('',(7.335562545446,-2.273287269325));
#999 = CARTESIAN_POINT('',(7.299019616107,-1.713775794744));
#1000 = CARTESIAN_POINT('',(7.274234725496,-1.153614305602));
#1001 = CARTESIAN_POINT('',(7.261530205395,-0.593100730143));
#1002 = CARTESIAN_POINT('',(7.259891428768,0.89948566641));
#1003 = CARTESIAN_POINT('',(7.292301101993,1.831687557254));
#1004 = CARTESIAN_POINT('',(7.358200222294,2.762184082644));
#1005 = CARTESIAN_POINT('',(7.455244850848,3.689843027385));
#1006 = CARTESIAN_POINT('',(7.578786766378,4.614178191666));
#1007 = CARTESIAN_POINT('',(7.72341883823,5.535162946528));
#1008 = CARTESIAN_POINT('',(7.883710815201,6.45316288744));
#1009 = CARTESIAN_POINT('',(8.165869805628,7.966082216102));
#1010 = CARTESIAN_POINT('',(8.281717535152,8.562360521694));
#1011 = CARTESIAN_POINT('',(8.400620476808,9.158010256317));
#1012 = CARTESIAN_POINT('',(8.521200470697,9.753296111229));
#1013 = CARTESIAN_POINT('',(8.642140595363,10.348474832516));
#1014 = CARTESIAN_POINT('',(8.762192392102,10.943793760208));
#1015 = CARTESIAN_POINT('',(8.880170391197,11.539491951829));
#1016 = CARTESIAN_POINT('',(9.117953942001,12.775016397557));
#1017 = CARTESIAN_POINT('',(9.237270721289,13.414882559912));
#1018 = CARTESIAN_POINT('',(9.351479834894,14.055681380029));
#1019 = CARTESIAN_POINT('',(9.45922765401,14.697615100307));
#1020 = CARTESIAN_POINT('',(9.55919664445,15.340811603235));
#1021 = CARTESIAN_POINT('',(9.650090647025,15.985326811688));
#1022 = CARTESIAN_POINT('',(9.730620157908,16.631147089214));
#1023 = CARTESIAN_POINT('',(9.87513887198,17.988973536671));
#1024 = CARTESIAN_POINT('',(9.936708218057,18.701151951104));
#1025 = CARTESIAN_POINT('',(9.982486618964,19.414657671371));
#1026 = CARTESIAN_POINT('',(10.010732634023,20.129215283218));
#1027 = CARTESIAN_POINT('',(10.019671442591,20.844343920331));
#1028 = CARTESIAN_POINT('',(10.007489088249,21.559357486121));
#1029 = CARTESIAN_POINT('',(9.972321934743,22.273364347326));
#1030 = CARTESIAN_POINT('',(9.86035304663,23.600096953589));
#1031 = CARTESIAN_POINT('',(9.7898902501,24.213255306667));
#1032 = CARTESIAN_POINT('',(9.699619246238,24.824059093776));
#1033 = CARTESIAN_POINT('',(9.588271968095,25.431581186169));
#1034 = CARTESIAN_POINT('',(9.454571611072,26.034655470738));
#1035 = CARTESIAN_POINT('',(9.297251310533,26.631880479389));
#1036 = CARTESIAN_POINT('',(9.115065865629,27.221620968307));
#1037 = CARTESIAN_POINT('',(8.80471542749,28.086477907273));
#1038 = CARTESIAN_POINT('',(8.696374944729,28.368681692466));
#1039 = CARTESIAN_POINT('',(8.58163585032,28.648390743652));
#1040 = CARTESIAN_POINT('',(8.460364740974,28.925354500158));
#1041 = CARTESIAN_POINT('',(8.332435705554,29.199300653088));
#1042 = CARTESIAN_POINT('',(8.197732009801,29.469935898748));
#1043 = CARTESIAN_POINT('',(8.056147781063,29.736946692063));
#1044 = CARTESIAN_POINT('',(7.907589693027,30.));
#1045 = ( GEOMETRIC_REPRESENTATION_CONTEXT(2) 
PARAMETRIC_REPRESENTATION_CONTEXT() REPRESENTATION_CONTEXT('2D SPACE',''
  ) );
#1046 = PCURVE('',#387,#1047);
#1047 = DEFINITIONAL_REPRESENTATION('',(#1048),#1128);
#1048 = B_SPLINE_CURVE_WITH_KNOTS('',8,(#1049,#1050,#1051,#1052,#1053,
    #1054,#1055,#1056,#1057,#1058,#1059,#1060,#1061,#1062,#1063,#1064,
    #1065,#1066,#1067,#1068,#1069,#1070,#1071,#1072,#1073,#1074,#1075,
    #1076,#1077,#1078,#1079,#1080,#1081,#1082,#1083,#1084,#1085,#1086,
    #1087,#1088,#1089,#1090,#1091,#1092,#1093,#1094,#1095,#1096,#1097,
    #1098,#1099,#1100,#1101,#1102,#1103,#1104,#1105,#1106,#1107,#1108,
    #1109,#1110,#1111,#1112,#1113,#1114,#1115,#1116,#1117,#1118,#1119,
    #1120,#1121,#1122,#1123,#1124,#1125,#1126,#1127),.UNSPECIFIED.,.F.,
  .F.,(9,7,7,7,7,7,7,7,7,7,7,9),(0.,0.13637538681,0.275284165599,
    0.333170914764,0.426172584626,0.499454817434,0.621322162601,
    0.700794373059,0.785984065928,0.879565398685,0.960386412004,1.),
  .UNSPECIFIED.);
#1049 = CARTESIAN_POINT('',(2.323929866644,0.912047893658));
#1050 = CARTESIAN_POINT('',(2.338997517495,0.995629781069));
#1051 = CARTESIAN_POINT('',(2.355381535382,1.075913509354));
#1052 = CARTESIAN_POINT('',(2.37299980834,1.153176825953));
#1053 = CARTESIAN_POINT('',(2.391781511496,1.22757440639));
#1054 = CARTESIAN_POINT('',(2.41166137272,1.299241975098));
#1055 = CARTESIAN_POINT('',(2.432583895688,1.368303047762));
#1056 = CARTESIAN_POINT('',(2.454513813864,1.434899899521));
#1057 = CARTESIAN_POINT('',(2.500816407819,1.564678970034));
#1058 = CARTESIAN_POINT('',(2.525203076902,1.627708114407));
#1059 = CARTESIAN_POINT('',(2.550593483503,1.68841271856));
#1060 = CARTESIAN_POINT('',(2.576967075904,1.746851585018));
#1061 = CARTESIAN_POINT('',(2.604302695139,1.80303731175));
#1062 = CARTESIAN_POINT('',(2.632581944405,1.856942974235));
#1063 = CARTESIAN_POINT('',(2.661793581246,1.908493720933));
#1064 = CARTESIAN_POINT('',(2.70449986387,1.977992299569));
#1065 = CARTESIAN_POINT('',(2.71722201907,1.997998975484));
#1066 = CARTESIAN_POINT('',(2.730103618164,2.017558391391));
#1067 = CARTESIAN_POINT('',(2.743143711873,2.036656840672));
#1068 = CARTESIAN_POINT('',(2.756341209565,2.055277957185));
#1069 = CARTESIAN_POINT('',(2.76969488669,2.073402601878));
#1070 = CARTESIAN_POINT('',(2.783203392213,2.091008749415));
#1071 = CARTESIAN_POINT('',(2.818814599682,2.135484430036));
#1072 = CARTESIAN_POINT('',(2.841157416569,2.161491587217));
#1073 = CARTESIAN_POINT('',(2.863889686543,2.185992383753));
#1074 = CARTESIAN_POINT('',(2.887002744762,2.20886089204));
#1075 = CARTESIAN_POINT('',(2.910482668942,2.229946770076));
#1076 = CARTESIAN_POINT('',(2.934309497901,2.249078758851));
#1077 = CARTESIAN_POINT('',(2.958456234127,2.266074406159));
#1078 = CARTESIAN_POINT('',(3.002138676207,2.292331397318));
#1079 = CARTESIAN_POINT('',(3.021566229335,2.302468419992));
#1080 = CARTESIAN_POINT('',(3.041149631167,2.311083787511));
#1081 = CARTESIAN_POINT('',(3.060864698503,2.318094915047));
#1082 = CARTESIAN_POINT('',(3.080683597736,2.323429780881));
#1083 = CARTESIAN_POINT('',(3.100574904494,2.327035029922));
#1084 = CARTESIAN_POINT('',(3.120503905115,2.328882705351));
#1085 = CARTESIAN_POINT('',(3.17357545931,2.329121038849));
#1086 = CARTESIAN_POINT('',(3.206724458701,2.324407578942));
#1087 = CARTESIAN_POINT('',(3.239704800356,2.31482643621));
#1088 = CARTESIAN_POINT('',(3.272365007086,2.300582820919));
#1089 = CARTESIAN_POINT('',(3.304585794233,2.28207189242));
#1090 = CARTESIAN_POINT('',(3.336277683008,2.259731712265));
#1091 = CARTESIAN_POINT('',(3.367377916015,2.233975486981));
#1092 = CARTESIAN_POINT('',(3.417716669784,2.186366907862));
#1093 = CARTESIAN_POINT('',(3.437319954499,2.166271496945));
#1094 = CARTESIAN_POINT('',(3.456648143291,2.144968767731));
#1095 = CARTESIAN_POINT('',(3.475694169234,2.122545414487));
#1096 = CARTESIAN_POINT('',(3.494452468332,2.099077113041));
#1097 = CARTESIAN_POINT('',(3.512918813257,2.074627775191));
#1098 = CARTESIAN_POINT('',(3.531090213439,2.049249608505));
#1099 = CARTESIAN_POINT('',(3.56812550981,1.994828722193));
#1100 = CARTESIAN_POINT('',(3.586943630873,1.965656083434));
#1101 = CARTESIAN_POINT('',(3.605416841811,1.935517168795));
#1102 = CARTESIAN_POINT('',(3.62354224756,1.904452143346));
#1103 = CARTESIAN_POINT('',(3.641316668887,1.872490896255));
#1104 = CARTESIAN_POINT('',(3.658736850369,1.839653703355));
#1105 = CARTESIAN_POINT('',(3.675799668387,1.805951889721));
#1106 = CARTESIAN_POINT('',(3.710850312136,1.733420415441));
#1107 = CARTESIAN_POINT('',(3.72876159575,1.694416788984));
#1108 = CARTESIAN_POINT('',(3.74623365314,1.654379475365));
#1109 = CARTESIAN_POINT('',(3.763261422494,1.613302396807));
#1110 = CARTESIAN_POINT('',(3.779838180018,1.571172718122));
#1111 = CARTESIAN_POINT('',(3.795956230679,1.527970354014));
#1112 = CARTESIAN_POINT('',(3.81160742668,1.483665800814));
#1113 = CARTESIAN_POINT('',(3.839890259313,1.398964070042));
#1114 = CARTESIAN_POINT('',(3.852640449088,1.358864331452));
#1115 = CARTESIAN_POINT('',(3.86502947733,1.317888519185));
#1116 = CARTESIAN_POINT('',(3.877049816871,1.276008427634));
#1117 = CARTESIAN_POINT('',(3.888691898839,1.233195733386));
#1118 = CARTESIAN_POINT('',(3.899944729802,1.189420481433));
#1119 = CARTESIAN_POINT('',(3.910796246224,1.144648527502));
#1120 = CARTESIAN_POINT('',(3.926349072852,1.076384346687));
#1121 = CARTESIAN_POINT('',(3.931364846852,1.053682770156));
#1122 = CARTESIAN_POINT('',(3.936279058871,1.030728975522));
#1123 = CARTESIAN_POINT('',(3.941089839718,1.007519053466));
#1124 = CARTESIAN_POINT('',(3.945795141226,0.984049358093));
#1125 = CARTESIAN_POINT('',(3.950392757068,0.960316448321));
#1126 = CARTESIAN_POINT('',(3.954880343571,0.936317029272));
#1127 = CARTESIAN_POINT('',(3.959255440535,0.912047893658));
#1128 = ( GEOMETRIC_REPRESENTATION_CONTEXT(2) 
PARAMETRIC_REPRESENTATION_CONTEXT() REPRESENTATION_CONTEXT('2D SPACE',''
  ) );
#1129 = ADVANCED_FACE('',(#1130),#387,.T.);
#1130 = FACE_BOUND('',#1131,.T.);
#1131 = EDGE_LOOP('',(#1132,#1383,#1384,#1408,#1430,#1431,#1432,#1433));
#1132 = ORIENTED_EDGE('',*,*,#1133,.T.);
#1133 = EDGE_CURVE('',#1134,#297,#1136,.T.);
#1134 = VERTEX_POINT('',#1135);
#1135 = CARTESIAN_POINT('',(-9.032027583805,-12.32936349996,20.7));
#1136 = SURFACE_CURVE('',#1137,(#1217,#1300),.PCURVE_S1.);
#1137 = B_SPLINE_CURVE_WITH_KNOTS('',8,(#1138,#1139,#1140,#1141,#1142,
    #1143,#1144,#1145,#1146,#1147,#1148,#1149,#1150,#1151,#1152,#1153,
    #1154,#1155,#1156,#1157,#1158,#1159,#1160,#1161,#1162,#1163,#1164,
    #1165,#1166,#1167,#1168,#1169,#1170,#1171,#1172,#1173,#1174,#1175,
    #1176,#1177,#1178,#1179,#1180,#1181,#1182,#1183,#1184,#1185,#1186,
    #1187,#1188,#1189,#1190,#1191,#1192,#1193,#1194,#1195,#1196,#1197,
    #1198,#1199,#1200,#1201,#1202,#1203,#1204,#1205,#1206,#1207,#1208,
    #1209,#1210,#1211,#1212,#1213,#1214,#1215,#1216),.UNSPECIFIED.,.F.,
  .F.,(9,7,7,7,7,7,7,7,7,7,7,9),(0.,0.136375386808,0.275284165597,
    0.333170914761,0.426172584621,0.499454817429,0.621322162595,
    0.700794373054,0.785984065924,0.879565398683,0.960386412003,1.),
  .UNSPECIFIED.);
#1138 = CARTESIAN_POINT('',(-7.907589693027,30.,20.7));
#1139 = CARTESIAN_POINT('',(-8.41921753119,29.094055416028,20.7));
#1140 = CARTESIAN_POINT('',(-8.84752305231,28.142246378144,20.7));
#1141 = CARTESIAN_POINT('',(-9.1974778262,27.156920158752,20.7));
#1142 = CARTESIAN_POINT('',(-9.474397326677,26.148292923263,20.7));
#1143 = CARTESIAN_POINT('',(-9.684348136436,25.124630748521,20.7));
#1144 = CARTESIAN_POINT('',(-9.833613909329,24.092107462232,20.7));
#1145 = CARTESIAN_POINT('',(-9.928378628331,23.054756500478,20.7));
#1146 = CARTESIAN_POINT('',(-10.02122632259,20.954656517242,20.7));
#1147 = CARTESIAN_POINT('',(-10.01743375753,19.892874096577,20.7));
#1148 = CARTESIAN_POINT('',(-9.969204445732,18.831644673202,20.7));
#1149 = CARTESIAN_POINT('',(-9.882354112792,17.772854925067,20.7));
#1150 = CARTESIAN_POINT('',(-9.76255226677,16.717642661022,20.7));
#1151 = CARTESIAN_POINT('',(-9.615386483324,15.666391018757,20.7));
#1152 = CARTESIAN_POINT('',(-9.446416149675,14.618720061441,20.7));
#1153 = CARTESIAN_POINT('',(-9.184279034435,13.137881777061,20.7));
#1154 = CARTESIAN_POINT('',(-9.104393985718,12.70277784688,20.7));
#1155 = CARTESIAN_POINT('',(-9.022151703841,12.268095042395,20.7));
#1156 = CARTESIAN_POINT('',(-8.937982355851,11.833766361691,20.7));
#1157 = CARTESIAN_POINT('',(-8.852327155184,11.399716016951,20.7));
#1158 = CARTESIAN_POINT('',(-8.765640297092,10.965859056584,20.7));
#1159 = CARTESIAN_POINT('',(-8.678390894075,10.532100987355,20.7));
#1160 = CARTESIAN_POINT('',(-8.450765752418,9.401446677057,20.7));
#1161 = CARTESIAN_POINT('',(-8.310283633254,8.704617152541,20.7));
#1162 = CARTESIAN_POINT('',(-8.17161803516,8.007345223845,20.7));
#1163 = CARTESIAN_POINT('',(-8.036896807842,7.309190884223,20.7));
#1164 = CARTESIAN_POINT('',(-7.9083912565,6.609774658876,20.7));
#1165 = CARTESIAN_POINT('',(-7.788486549459,5.908782555619,20.7));
#1166 = CARTESIAN_POINT('',(-7.679577136911,5.205985119026,20.7));
#1167 = CARTESIAN_POINT('',(-7.508432475412,3.945989792286,20.7));
#1168 = CARTESIAN_POINT('',(-7.44119817877,3.389523709745,20.7));
#1169 = CARTESIAN_POINT('',(-7.38324055783,2.831923009639,20.7));
#1170 = CARTESIAN_POINT('',(-7.335562545447,2.273287269337,20.7));
#1171 = CARTESIAN_POINT('',(-7.299019616108,1.713775794761,20.7));
#1172 = CARTESIAN_POINT('',(-7.274234725497,1.153614305614,20.7));
#1173 = CARTESIAN_POINT('',(-7.261530205396,0.593100730157,20.7));
#1174 = CARTESIAN_POINT('',(-7.259891428768,-0.8994856664,20.7));
#1175 = CARTESIAN_POINT('',(-7.292301101991,-1.831687557176,20.7));
#1176 = CARTESIAN_POINT('',(-7.358200222294,-2.762184082713,20.7));
#1177 = CARTESIAN_POINT('',(-7.455244850838,-3.689843027213,20.7));
#1178 = CARTESIAN_POINT('',(-7.578786766378,-4.614178191714,20.7));
#1179 = CARTESIAN_POINT('',(-7.723418838216,-5.535162946428,20.7));
#1180 = CARTESIAN_POINT('',(-7.883710815192,-6.453162887385,20.7));
#1181 = CARTESIAN_POINT('',(-8.165869805614,-7.966082216034,20.7));
#1182 = CARTESIAN_POINT('',(-8.281717535138,-8.562360521626,20.7));
#1183 = CARTESIAN_POINT('',(-8.400620476795,-9.158010256253,20.7));
#1184 = CARTESIAN_POINT('',(-8.521200470684,-9.753296111168,20.7));
#1185 = CARTESIAN_POINT('',(-8.642140595351,-10.34847483245,20.7));
#1186 = CARTESIAN_POINT('',(-8.76219239209,-10.94379376014,20.7));
#1187 = CARTESIAN_POINT('',(-8.880170391186,-11.53949195177,20.7));
#1188 = CARTESIAN_POINT('',(-9.117953941991,-12.7750163975,20.7));
#1189 = CARTESIAN_POINT('',(-9.23727072128,-13.41488255986,20.7));
#1190 = CARTESIAN_POINT('',(-9.351479834885,-14.05568137997,20.7));
#1191 = CARTESIAN_POINT('',(-9.459227654002,-14.69761510025,20.7));
#1192 = CARTESIAN_POINT('',(-9.559196644443,-15.34081160318,20.7));
#1193 = CARTESIAN_POINT('',(-9.650090647019,-15.98532681164,20.7));
#1194 = CARTESIAN_POINT('',(-9.730620157902,-16.63114708916,20.7));
#1195 = CARTESIAN_POINT('',(-9.875138871976,-17.98897353662,20.7));
#1196 = CARTESIAN_POINT('',(-9.936708218054,-18.70115195106,20.7));
#1197 = CARTESIAN_POINT('',(-9.982486618962,-19.41465767132,20.7));
#1198 = CARTESIAN_POINT('',(-10.01073263402,-20.12921528317,20.7));
#1199 = CARTESIAN_POINT('',(-10.01967144259,-20.84434392029,20.7));
#1200 = CARTESIAN_POINT('',(-10.00748908825,-21.55935748608,20.7));
#1201 = CARTESIAN_POINT('',(-9.972321934746,-22.27336434728,20.7));
#1202 = CARTESIAN_POINT('',(-9.860353046634,-23.60009695355,20.7));
#1203 = CARTESIAN_POINT('',(-9.789890250106,-24.21325530662,20.7));
#1204 = CARTESIAN_POINT('',(-9.699619246244,-24.82405909374,20.7));
#1205 = CARTESIAN_POINT('',(-9.588271968102,-25.43158118613,20.7));
#1206 = CARTESIAN_POINT('',(-9.45457161108,-26.0346554707,20.7));
#1207 = CARTESIAN_POINT('',(-9.297251310543,-26.63188047935,20.7));
#1208 = CARTESIAN_POINT('',(-9.115065865638,-27.22162096827,20.7));
#1209 = CARTESIAN_POINT('',(-8.8047154275,-28.08647790724,20.7));
#1210 = CARTESIAN_POINT('',(-8.696374944739,-28.36868169244,20.7));
#1211 = CARTESIAN_POINT('',(-8.581635850328,-28.64839074363,20.7));
#1212 = CARTESIAN_POINT('',(-8.460364740981,-28.92535450014,20.7));
#1213 = CARTESIAN_POINT('',(-8.332435705559,-29.19930065307,20.7));
#1214 = CARTESIAN_POINT('',(-8.197732009804,-29.46993589874,20.7));
#1215 = CARTESIAN_POINT('',(-8.056147781066,-29.73694669205,20.7));
#1216 = CARTESIAN_POINT('',(-7.907589693027,-30.,20.7));
#1217 = PCURVE('',#387,#1218);
#1218 = DEFINITIONAL_REPRESENTATION('',(#1219),#1299);
#1219 = B_SPLINE_CURVE_WITH_KNOTS('',8,(#1220,#1221,#1222,#1223,#1224,
    #1225,#1226,#1227,#1228,#1229,#1230,#1231,#1232,#1233,#1234,#1235,
    #1236,#1237,#1238,#1239,#1240,#1241,#1242,#1243,#1244,#1245,#1246,
    #1247,#1248,#1249,#1250,#1251,#1252,#1253,#1254,#1255,#1256,#1257,
    #1258,#1259,#1260,#1261,#1262,#1263,#1264,#1265,#1266,#1267,#1268,
    #1269,#1270,#1271,#1272,#1273,#1274,#1275,#1276,#1277,#1278,#1279,
    #1280,#1281,#1282,#1283,#1284,#1285,#1286,#1287,#1288,#1289,#1290,
    #1291,#1292,#1293,#1294,#1295,#1296,#1297,#1298),.UNSPECIFIED.,.F.,
  .F.,(9,7,7,7,7,7,7,7,7,7,7,9),(0.,0.136375386808,0.275284165597,
    0.333170914761,0.426172584621,0.499454817429,0.621322162595,
    0.700794373054,0.785984065924,0.879565398683,0.960386412003,1.),
  .UNSPECIFIED.);
#1220 = CARTESIAN_POINT('',(3.959255440535,5.371137413521));
#1221 = CARTESIAN_POINT('',(3.944187789685,5.287555526111));
#1222 = CARTESIAN_POINT('',(3.927803771798,5.207271797827));
#1223 = CARTESIAN_POINT('',(3.910185498839,5.130008481224));
#1224 = CARTESIAN_POINT('',(3.891403795684,5.055610900793));
#1225 = CARTESIAN_POINT('',(3.871523934459,4.98394333208));
#1226 = CARTESIAN_POINT('',(3.850601411492,4.914882259419));
#1227 = CARTESIAN_POINT('',(3.828671493315,4.848285407659));
#1228 = CARTESIAN_POINT('',(3.782368899361,4.718506337146));
#1229 = CARTESIAN_POINT('',(3.757982230278,4.655477192774));
#1230 = CARTESIAN_POINT('',(3.732591823676,4.594772588618));
#1231 = CARTESIAN_POINT('',(3.706218231276,4.536333722162));
#1232 = CARTESIAN_POINT('',(3.678882612041,4.480147995431));
#1233 = CARTESIAN_POINT('',(3.650603362774,4.426242332944));
#1234 = CARTESIAN_POINT('',(3.621391725934,4.374691586248));
#1235 = CARTESIAN_POINT('',(3.57868544331,4.305193007611));
#1236 = CARTESIAN_POINT('',(3.56596328811,4.285186331696));
#1237 = CARTESIAN_POINT('',(3.553081689016,4.265626915789));
#1238 = CARTESIAN_POINT('',(3.540041595307,4.246528466508));
#1239 = CARTESIAN_POINT('',(3.526844097615,4.227907349995));
#1240 = CARTESIAN_POINT('',(3.51349042049,4.209782705302));
#1241 = CARTESIAN_POINT('',(3.499981914967,4.192176557765));
#1242 = CARTESIAN_POINT('',(3.464370707498,4.147700877144));
#1243 = CARTESIAN_POINT('',(3.442027890611,4.121693719964));
#1244 = CARTESIAN_POINT('',(3.419295620637,4.097192923427));
#1245 = CARTESIAN_POINT('',(3.396182562418,4.07432441514));
#1246 = CARTESIAN_POINT('',(3.372702638238,4.053238537104));
#1247 = CARTESIAN_POINT('',(3.348875809279,4.034106548329));
#1248 = CARTESIAN_POINT('',(3.324729073053,4.017110901021));
#1249 = CARTESIAN_POINT('',(3.281046630973,3.990853909861));
#1250 = CARTESIAN_POINT('',(3.261619077845,3.980716887188));
#1251 = CARTESIAN_POINT('',(3.242035676013,3.972101519668));
#1252 = CARTESIAN_POINT('',(3.222320608677,3.965090392133));
#1253 = CARTESIAN_POINT('',(3.202501709445,3.959755526299));
#1254 = CARTESIAN_POINT('',(3.182610402686,3.956150277258));
#1255 = CARTESIAN_POINT('',(3.162681402065,3.954302601828));
#1256 = CARTESIAN_POINT('',(3.10960984787,3.95406426833));
#1257 = CARTESIAN_POINT('',(3.076460848481,3.958777728238));
#1258 = CARTESIAN_POINT('',(3.043480506822,3.96835887097));
#1259 = CARTESIAN_POINT('',(3.010820300098,3.982602486259));
#1260 = CARTESIAN_POINT('',(2.978599512945,4.00111341476));
#1261 = CARTESIAN_POINT('',(2.946907624175,4.023453594912));
#1262 = CARTESIAN_POINT('',(2.915807391167,4.049209820197));
#1263 = CARTESIAN_POINT('',(2.865468637398,4.096818399315));
#1264 = CARTESIAN_POINT('',(2.845865352683,4.116913810232));
#1265 = CARTESIAN_POINT('',(2.82653716389,4.138216539446));
#1266 = CARTESIAN_POINT('',(2.807491137948,4.16063989269));
#1267 = CARTESIAN_POINT('',(2.78873283885,4.184108194136));
#1268 = CARTESIAN_POINT('',(2.770266493924,4.208557531986));
#1269 = CARTESIAN_POINT('',(2.752095093742,4.233935698673));
#1270 = CARTESIAN_POINT('',(2.715059797371,4.288356584984));
#1271 = CARTESIAN_POINT('',(2.696241676308,4.317529223743));
#1272 = CARTESIAN_POINT('',(2.67776846537,4.347668138383));
#1273 = CARTESIAN_POINT('',(2.659643059621,4.378733163831));
#1274 = CARTESIAN_POINT('',(2.641868638294,4.410694410922));
#1275 = CARTESIAN_POINT('',(2.624448456812,4.443531603822));
#1276 = CARTESIAN_POINT('',(2.607385638794,4.477233417457));
#1277 = CARTESIAN_POINT('',(2.572334995045,4.549764891736));
#1278 = CARTESIAN_POINT('',(2.554423711431,4.588768518193));
#1279 = CARTESIAN_POINT('',(2.536951654041,4.628805831812));
#1280 = CARTESIAN_POINT('',(2.519923884686,4.66988291037));
#1281 = CARTESIAN_POINT('',(2.503347127163,4.712012589056));
#1282 = CARTESIAN_POINT('',(2.487229076502,4.755214953163));
#1283 = CARTESIAN_POINT('',(2.471577880501,4.799519506364));
#1284 = CARTESIAN_POINT('',(2.443295047867,4.884221237135));
#1285 = CARTESIAN_POINT('',(2.430544858092,4.924320975725));
#1286 = CARTESIAN_POINT('',(2.41815582985,4.965296787992));
#1287 = CARTESIAN_POINT('',(2.406135490309,5.007176879543));
#1288 = CARTESIAN_POINT('',(2.394493408341,5.049989573792));
#1289 = CARTESIAN_POINT('',(2.383240577378,5.093764825744));
#1290 = CARTESIAN_POINT('',(2.372389060956,5.138536779675));
#1291 = CARTESIAN_POINT('',(2.356836234329,5.20680096049));
#1292 = CARTESIAN_POINT('',(2.351820460328,5.229502537022));
#1293 = CARTESIAN_POINT('',(2.346906248309,5.252456331656));
#1294 = CARTESIAN_POINT('',(2.342095467462,5.275666253712));
#1295 = CARTESIAN_POINT('',(2.337390165954,5.299135949086));
#1296 = CARTESIAN_POINT('',(2.332792550112,5.322868858858));
#1297 = CARTESIAN_POINT('',(2.328304963608,5.346868277907));
#1298 = CARTESIAN_POINT('',(2.323929866644,5.371137413521));
#1299 = ( GEOMETRIC_REPRESENTATION_CONTEXT(2) 
PARAMETRIC_REPRESENTATION_CONTEXT() REPRESENTATION_CONTEXT('2D SPACE',''
  ) );
#1300 = PCURVE('',#313,#1301);
#1301 = DEFINITIONAL_REPRESENTATION('',(#1302),#1382);
#1302 = B_SPLINE_CURVE_WITH_KNOTS('',8,(#1303,#1304,#1305,#1306,#1307,
    #1308,#1309,#1310,#1311,#1312,#1313,#1314,#1315,#1316,#1317,#1318,
    #1319,#1320,#1321,#1322,#1323,#1324,#1325,#1326,#1327,#1328,#1329,
    #1330,#1331,#1332,#1333,#1334,#1335,#1336,#1337,#1338,#1339,#1340,
    #1341,#1342,#1343,#1344,#1345,#1346,#1347,#1348,#1349,#1350,#1351,
    #1352,#1353,#1354,#1355,#1356,#1357,#1358,#1359,#1360,#1361,#1362,
    #1363,#1364,#1365,#1366,#1367,#1368,#1369,#1370,#1371,#1372,#1373,
    #1374,#1375,#1376,#1377,#1378,#1379,#1380,#1381),.UNSPECIFIED.,.F.,
  .F.,(9,7,7,7,7,7,7,7,7,7,7,9),(0.,0.136375386808,0.275284165597,
    0.333170914761,0.426172584621,0.499454817429,0.621322162595,
    0.700794373054,0.785984065924,0.879565398683,0.960386412003,1.),
  .UNSPECIFIED.);
#1303 = CARTESIAN_POINT('',(-7.907589693027,30.));
#1304 = CARTESIAN_POINT('',(-8.41921753119,29.094055416028));
#1305 = CARTESIAN_POINT('',(-8.84752305231,28.142246378144));
#1306 = CARTESIAN_POINT('',(-9.1974778262,27.156920158752));
#1307 = CARTESIAN_POINT('',(-9.474397326677,26.148292923263));
#1308 = CARTESIAN_POINT('',(-9.684348136436,25.124630748521));
#1309 = CARTESIAN_POINT('',(-9.833613909329,24.092107462232));
#1310 = CARTESIAN_POINT('',(-9.928378628331,23.054756500478));
#1311 = CARTESIAN_POINT('',(-10.02122632259,20.954656517242));
#1312 = CARTESIAN_POINT('',(-10.01743375753,19.892874096577));
#1313 = CARTESIAN_POINT('',(-9.969204445732,18.831644673202));
#1314 = CARTESIAN_POINT('',(-9.882354112792,17.772854925067));
#1315 = CARTESIAN_POINT('',(-9.76255226677,16.717642661022));
#1316 = CARTESIAN_POINT('',(-9.615386483324,15.666391018757));
#1317 = CARTESIAN_POINT('',(-9.446416149675,14.618720061441));
#1318 = CARTESIAN_POINT('',(-9.184279034435,13.137881777061));
#1319 = CARTESIAN_POINT('',(-9.104393985718,12.70277784688));
#1320 = CARTESIAN_POINT('',(-9.022151703841,12.268095042395));
#1321 = CARTESIAN_POINT('',(-8.937982355851,11.833766361691));
#1322 = CARTESIAN_POINT('',(-8.852327155184,11.399716016951));
#1323 = CARTESIAN_POINT('',(-8.765640297092,10.965859056584));
#1324 = CARTESIAN_POINT('',(-8.678390894075,10.532100987355));
#1325 = CARTESIAN_POINT('',(-8.450765752418,9.401446677057));
#1326 = CARTESIAN_POINT('',(-8.310283633254,8.704617152541));
#1327 = CARTESIAN_POINT('',(-8.17161803516,8.007345223845));
#1328 = CARTESIAN_POINT('',(-8.036896807842,7.309190884223));
#1329 = CARTESIAN_POINT('',(-7.9083912565,6.609774658876));
#1330 = CARTESIAN_POINT('',(-7.788486549459,5.908782555619));
#1331 = CARTESIAN_POINT('',(-7.679577136911,5.205985119026));
#1332 = CARTESIAN_POINT('',(-7.508432475412,3.945989792286));
#1333 = CARTESIAN_POINT('',(-7.44119817877,3.389523709745));
#1334 = CARTESIAN_POINT('',(-7.38324055783,2.831923009639));
#1335 = CARTESIAN_POINT('',(-7.335562545447,2.273287269337));
#1336 = CARTESIAN_POINT('',(-7.299019616108,1.713775794761));
#1337 = CARTESIAN_POINT('',(-7.274234725497,1.153614305614));
#1338 = CARTESIAN_POINT('',(-7.261530205396,0.593100730157));
#1339 = CARTESIAN_POINT('',(-7.259891428768,-0.8994856664));
#1340 = CARTESIAN_POINT('',(-7.292301101991,-1.831687557176));
#1341 = CARTESIAN_POINT('',(-7.358200222294,-2.762184082713));
#1342 = CARTESIAN_POINT('',(-7.455244850838,-3.689843027213));
#1343 = CARTESIAN_POINT('',(-7.578786766378,-4.614178191714));
#1344 = CARTESIAN_POINT('',(-7.723418838216,-5.535162946428));
#1345 = CARTESIAN_POINT('',(-7.883710815192,-6.453162887385));
#1346 = CARTESIAN_POINT('',(-8.165869805614,-7.966082216034));
#1347 = CARTESIAN_POINT('',(-8.281717535138,-8.562360521626));
#1348 = CARTESIAN_POINT('',(-8.400620476795,-9.158010256253));
#1349 = CARTESIAN_POINT('',(-8.521200470684,-9.753296111168));
#1350 = CARTESIAN_POINT('',(-8.642140595351,-10.34847483245));
#1351 = CARTESIAN_POINT('',(-8.76219239209,-10.94379376014));
#1352 = CARTESIAN_POINT('',(-8.880170391186,-11.53949195177));
#1353 = CARTESIAN_POINT('',(-9.117953941991,-12.7750163975));
#1354 = CARTESIAN_POINT('',(-9.23727072128,-13.41488255986));
#1355 = CARTESIAN_POINT('',(-9.351479834885,-14.05568137997));
#1356 = CARTESIAN_POINT('',(-9.459227654002,-14.69761510025));
#1357 = CARTESIAN_POINT('',(-9.559196644443,-15.34081160318));
#1358 = CARTESIAN_POINT('',(-9.650090647019,-15.98532681164));
#1359 = CARTESIAN_POINT('',(-9.730620157902,-16.63114708916));
#1360 = CARTESIAN_POINT('',(-9.875138871976,-17.98897353662));
#1361 = CARTESIAN_POINT('',(-9.936708218054,-18.70115195106));
#1362 = CARTESIAN_POINT('',(-9.982486618962,-19.41465767132));
#1363 = CARTESIAN_POINT('',(-10.01073263402,-20.12921528317));
#1364 = CARTESIAN_POINT('',(-10.01967144259,-20.84434392029));
#1365 = CARTESIAN_POINT('',(-10.00748908825,-21.55935748608));
#1366 = CARTESIAN_POINT('',(-9.972321934746,-22.27336434728));
#1367 = CARTESIAN_POINT('',(-9.860353046634,-23.60009695355));
#1368 = CARTESIAN_POINT('',(-9.789890250106,-24.21325530662));
#1369 = CARTESIAN_POINT('',(-9.699619246244,-24.82405909374));
#1370 = CARTESIAN_POINT('',(-9.588271968102,-25.43158118613));
#1371 = CARTESIAN_POINT('',(-9.45457161108,-26.0346554707));
#1372 = CARTESIAN_POINT('',(-9.297251310543,-26.63188047935));
#1373 = CARTESIAN_POINT('',(-9.115065865638,-27.22162096827));
#1374 = CARTESIAN_POINT('',(-8.8047154275,-28.08647790724));
#1375 = CARTESIAN_POINT('',(-8.696374944739,-28.36868169244));
#1376 = CARTESIAN_POINT('',(-8.581635850328,-28.64839074363));
#1377 = CARTESIAN_POINT('',(-8.460364740981,-28.92535450014));
#1378 = CARTESIAN_POINT('',(-8.332435705559,-29.19930065307));
#1379 = CARTESIAN_POINT('',(-8.197732009804,-29.46993589874));
#1380 = CARTESIAN_POINT('',(-8.056147781066,-29.73694669205));
#1381 = CARTESIAN_POINT('',(-7.907589693027,-30.));
#1382 = ( GEOMETRIC_REPRESENTATION_CONTEXT(2) 
PARAMETRIC_REPRESENTATION_CONTEXT() REPRESENTATION_CONTEXT('2D SPACE',''
  ) );
#1383 = ORIENTED_EDGE('',*,*,#325,.F.);
#1384 = ORIENTED_EDGE('',*,*,#1385,.F.);
#1385 = EDGE_CURVE('',#1386,#326,#1388,.T.);
#1386 = VERTEX_POINT('',#1387);
#1387 = CARTESIAN_POINT('',(-2.449293598295E-15,1.102182119233E-14,
    93.824));
#1388 = SEAM_CURVE('',#1389,(#1394,#1401),.PCURVE_S1.);
#1389 = CIRCLE('',#1390,45.);
#1390 = AXIS2_PLACEMENT_3D('',#1391,#1392,#1393);
#1391 = CARTESIAN_POINT('',(-2.449293598295E-15,0.,48.824));
#1392 = DIRECTION('',(1.,0.,0.));
#1393 = DIRECTION('',(-0.,0.,1.));
#1394 = PCURVE('',#387,#1395);
#1395 = DEFINITIONAL_REPRESENTATION('',(#1396),#1400);
#1396 = LINE('',#1397,#1398);
#1397 = CARTESIAN_POINT('',(0.,6.28318530718));
#1398 = VECTOR('',#1399,1.);
#1399 = DIRECTION('',(1.,0.));
#1400 = ( GEOMETRIC_REPRESENTATION_CONTEXT(2) 
PARAMETRIC_REPRESENTATION_CONTEXT() REPRESENTATION_CONTEXT('2D SPACE',''
  ) );
#1401 = PCURVE('',#387,#1402);
#1402 = DEFINITIONAL_REPRESENTATION('',(#1403),#1407);
#1403 = LINE('',#1404,#1405);
#1404 = CARTESIAN_POINT('',(0.,0.));
#1405 = VECTOR('',#1406,1.);
#1406 = DIRECTION('',(1.,0.));
#1407 = ( GEOMETRIC_REPRESENTATION_CONTEXT(2) 
PARAMETRIC_REPRESENTATION_CONTEXT() REPRESENTATION_CONTEXT('2D SPACE',''
  ) );
#1408 = ORIENTED_EDGE('',*,*,#1409,.F.);
#1409 = EDGE_CURVE('',#1386,#1386,#1410,.T.);
#1410 = SURFACE_CURVE('',#1411,(#1416,#1423),.PCURVE_S1.);
#1411 = CIRCLE('',#1412,10.);
#1412 = AXIS2_PLACEMENT_3D('',#1413,#1414,#1415);
#1413 = CARTESIAN_POINT('',(0.,8.572527594031E-15,83.824));
#1414 = DIRECTION('',(0.,1.,-2.449293598295E-16));
#1415 = DIRECTION('',(0.,2.449293598295E-16,1.));
#1416 = PCURVE('',#387,#1417);
#1417 = DEFINITIONAL_REPRESENTATION('',(#1418),#1422);
#1418 = LINE('',#1419,#1420);
#1419 = CARTESIAN_POINT('',(0.,-0.));
#1420 = VECTOR('',#1421,1.);
#1421 = DIRECTION('',(0.,1.));
#1422 = ( GEOMETRIC_REPRESENTATION_CONTEXT(2) 
PARAMETRIC_REPRESENTATION_CONTEXT() REPRESENTATION_CONTEXT('2D SPACE',''
  ) );
#1423 = PCURVE('',#169,#1424);
#1424 = DEFINITIONAL_REPRESENTATION('',(#1425),#1429);
#1425 = LINE('',#1426,#1427);
#1426 = CARTESIAN_POINT('',(6.28318530718,-0.));
#1427 = VECTOR('',#1428,1.);
#1428 = DIRECTION('',(0.,1.));
#1429 = ( GEOMETRIC_REPRESENTATION_CONTEXT(2) 
PARAMETRIC_REPRESENTATION_CONTEXT() REPRESENTATION_CONTEXT('2D SPACE',''
  ) );
#1430 = ORIENTED_EDGE('',*,*,#1385,.T.);
#1431 = ORIENTED_EDGE('',*,*,#422,.T.);
#1432 = ORIENTED_EDGE('',*,*,#881,.T.);
#1433 = ORIENTED_EDGE('',*,*,#1434,.T.);
#1434 = EDGE_CURVE('',#858,#1134,#1435,.T.);
#1435 = SURFACE_CURVE('',#1436,(#1509,#1585),.PCURVE_S1.);
#1436 = B_SPLINE_CURVE_WITH_KNOTS('',8,(#1437,#1438,#1439,#1440,#1441,
    #1442,#1443,#1444,#1445,#1446,#1447,#1448,#1449,#1450,#1451,#1452,
    #1453,#1454,#1455,#1456,#1457,#1458,#1459,#1460,#1461,#1462,#1463,
    #1464,#1465,#1466,#1467,#1468,#1469,#1470,#1471,#1472,#1473,#1474,
    #1475,#1476,#1477,#1478,#1479,#1480,#1481,#1482,#1483,#1484,#1485,
    #1486,#1487,#1488,#1489,#1490,#1491,#1492,#1493,#1494,#1495,#1496,
    #1497,#1498,#1499,#1500,#1501,#1502,#1503,#1504,#1505,#1506,#1507,
    #1508),.UNSPECIFIED.,.F.,.F.,(9,7,7,7,7,7,7,7,7,7,9),(0.,
    9.187268863759E-02,0.313618364138,0.376806798377,0.425645659658,
    0.501087573094,0.550161521244,0.62476842149,0.688077761896,
    0.9100754611,1.),.UNSPECIFIED.);
#1437 = CARTESIAN_POINT('',(9.032027583805,-12.32936349996,20.7));
#1438 = CARTESIAN_POINT('',(8.935005964058,-12.29605936363,
    20.90832132559));
#1439 = CARTESIAN_POINT('',(8.832698541652,-12.26673539811,
    21.115792357519));
#1440 = CARTESIAN_POINT('',(8.725144759303,-12.24128755434,
    21.322297443704));
#1441 = CARTESIAN_POINT('',(8.612377188401,-12.21959574876,
    21.527720804661));
#1442 = CARTESIAN_POINT('',(8.49441902767,-12.20152593235,
    21.731945932166));
#1443 = CARTESIAN_POINT('',(8.371281601826,-12.18693215967,
    21.934854987914));
#1444 = CARTESIAN_POINT('',(8.242961860235,-12.17565865794,
    22.13632820217));
#1445 = CARTESIAN_POINT('',(7.787168663948,-12.14795112462,
    22.818762103184));
#1446 = CARTESIAN_POINT('',(7.43514631621,-12.14678387482,
    23.291369235971));
#1447 = CARTESIAN_POINT('',(7.052635886302,-12.16159173469,
    23.753360661414));
#1448 = CARTESIAN_POINT('',(6.638448728185,-12.18992816333,
    24.203049230743));
#1449 = CARTESIAN_POINT('',(6.191164423302,-12.22917348003,
    24.637881624624));
#1450 = CARTESIAN_POINT('',(5.708693444823,-12.27646764934,
    25.054170360419));
#1451 = CARTESIAN_POINT('',(5.188464773543,-12.32877885555,
    25.447203476796));
#1452 = CARTESIAN_POINT('',(4.464458665893,-12.39806867005,
    25.913358497781));
#1453 = CARTESIAN_POINT('',(4.300473975524,-12.41355750071,
    26.014224257664));
#1454 = CARTESIAN_POINT('',(4.132974626644,-12.42908742915,
    26.112401831293));
#1455 = CARTESIAN_POINT('',(3.961882343312,-12.44457136614,
    26.207684429043));
#1456 = CARTESIAN_POINT('',(3.787131704862,-12.4599170751,
    26.299837202228));
#1457 = CARTESIAN_POINT('',(3.608672040154,-12.47502744194,
    26.388598930767));
#1458 = CARTESIAN_POINT('',(3.426469321829,-12.48980074495,
    26.473683710836));
#1459 = CARTESIAN_POINT('',(3.096777070045,-12.5152068385,
    26.617464674809));
#1460 = CARTESIAN_POINT('',(2.950808901554,-12.52601740025,
    26.677761933185));
#1461 = CARTESIAN_POINT('',(2.802601728181,-12.53651371971,
    26.735531179885));
#1462 = CARTESIAN_POINT('',(2.652169525323,-12.5466445622,
    26.790616710797));
#1463 = CARTESIAN_POINT('',(2.499544571696,-12.5563572315,
    26.842853762911));
#1464 = CARTESIAN_POINT('',(2.344779950348,-12.56559845292,
    26.892071921769));
#1465 = CARTESIAN_POINT('',(2.187952049674,-12.57431525629,
    26.938098528913));
#1466 = CARTESIAN_POINT('',(1.783880013904,-12.59503073536,
    27.046664949227));
#1467 = CARTESIAN_POINT('',(1.533820492993,-12.60623580915,
    27.104569749915));
#1468 = CARTESIAN_POINT('',(1.279488672416,-12.61587261911,
    27.153800360569));
#1469 = CARTESIAN_POINT('',(1.021500152623,-12.6237573072,
    27.193730957706));
#1470 = CARTESIAN_POINT('',(0.760592272878,-12.62973383299,
    27.223824027305));
#1471 = CARTESIAN_POINT('',(0.497636572536,-12.63368718435,
    27.243675377052));
#1472 = CARTESIAN_POINT('',(0.233653404528,-12.63555658451,
    27.253066158717));
#1473 = CARTESIAN_POINT('',(-0.201785713685,-12.63521346653,
    27.25134262488));
#1474 = CARTESIAN_POINT('',(-0.373374592561,-12.63419923821,
    27.246247715909));
#1475 = CARTESIAN_POINT('',(-0.544629741514,-12.63230687024,
    27.236740404034));
#1476 = CARTESIAN_POINT('',(-0.715265412917,-12.62954877987,
    27.222864522341));
#1477 = CARTESIAN_POINT('',(-0.885017412775,-12.62594761146,
    27.204699552542));
#1478 = CARTESIAN_POINT('',(-1.053642207915,-12.621534906,
    27.182355670791));
#1479 = CARTESIAN_POINT('',(-1.220916033172,-12.61634977068,
    27.155968793508));
#1480 = CARTESIAN_POINT('',(-1.638574267905,-12.60144922377,
    27.079671460012));
#1481 = CARTESIAN_POINT('',(-1.88692439301,-12.59078008987,
    27.024663720359));
#1482 = CARTESIAN_POINT('',(-2.131046144632,-12.57858622122,
    26.961208899702));
#1483 = CARTESIAN_POINT('',(-2.370485862903,-12.56504983565,
    26.889920632322));
#1484 = CARTESIAN_POINT('',(-2.604939569235,-12.55036417606,
    26.811435702624));
#1485 = CARTESIAN_POINT('',(-2.834226062776,-12.53472226325,
    26.726372750437));
#1486 = CARTESIAN_POINT('',(-3.05826800146,-12.51830951957,
    26.635303670281));
#1487 = CARTESIAN_POINT('',(-3.462759564572,-12.48686668213,
    26.456794512074));
#1488 = CARTESIAN_POINT('',(-3.644665092449,-12.47200404905,
    26.370896259888));
#1489 = CARTESIAN_POINT('',(-3.822817284588,-12.45681845709,
    26.28135029715));
#1490 = CARTESIAN_POINT('',(-3.997253459502,-12.44141157791,
    26.188440678699));
#1491 = CARTESIAN_POINT('',(-4.168026751239,-12.42588042863,
    26.092426605451));
#1492 = CARTESIAN_POINT('',(-4.335204339736,-12.41031713828,
    25.993540864717));
#1493 = CARTESIAN_POINT('',(-4.498865681174,-12.39480871435,
    25.891988270529));
#1494 = CARTESIAN_POINT('',(-5.220973817293,-12.32553437477,
    25.42310748673));
#1495 = CARTESIAN_POINT('',(-5.739704115412,-12.27340941166,
    25.028296519152));
#1496 = CARTESIAN_POINT('',(-6.22073565829,-12.22645889998,
    24.610424180247));
#1497 = CARTESIAN_POINT('',(-6.666625340988,-12.18771337929,
    24.174145856584));
#1498 = CARTESIAN_POINT('',(-7.079440279562,-12.16003534896,
    23.723108010417));
#1499 = CARTESIAN_POINT('',(-7.460574663884,-12.14604989972,
    23.259841769224));
#1500 = CARTESIAN_POINT('',(-7.811185584052,-12.14820799814,
    22.786027978318));
#1501 = CARTESIAN_POINT('',(-8.261919386917,-12.1773597179,
    22.10647323106));
#1502 = CARTESIAN_POINT('',(-8.386879959619,-12.18880831257,
    21.90908547723));
#1503 = CARTESIAN_POINT('',(-8.506875427132,-12.20345389662,
    21.710334165696));
#1504 = CARTESIAN_POINT('',(-8.621907548309,-12.2214417825,
    21.510331397348));
#1505 = CARTESIAN_POINT('',(-8.731965020022,-12.24290814171,
    21.309187588141));
#1506 = CARTESIAN_POINT('',(-8.837025715562,-12.26797814006,
    21.107012002384));
#1507 = CARTESIAN_POINT('',(-8.937058923044,-12.29676407281,
    20.903913286037));
#1508 = CARTESIAN_POINT('',(-9.032027583805,-12.32936349996,20.7));
#1509 = PCURVE('',#387,#1510);
#1510 = DEFINITIONAL_REPRESENTATION('',(#1511),#1584);
#1511 = B_SPLINE_CURVE_WITH_KNOTS('',8,(#1512,#1513,#1514,#1515,#1516,
    #1517,#1518,#1519,#1520,#1521,#1522,#1523,#1524,#1525,#1526,#1527,
    #1528,#1529,#1530,#1531,#1532,#1533,#1534,#1535,#1536,#1537,#1538,
    #1539,#1540,#1541,#1542,#1543,#1544,#1545,#1546,#1547,#1548,#1549,
    #1550,#1551,#1552,#1553,#1554,#1555,#1556,#1557,#1558,#1559,#1560,
    #1561,#1562,#1563,#1564,#1565,#1566,#1567,#1568,#1569,#1570,#1571,
    #1572,#1573,#1574,#1575,#1576,#1577,#1578,#1579,#1580,#1581,#1582,
    #1583),.UNSPECIFIED.,.F.,.F.,(9,7,7,7,7,7,7,7,7,7,9),(0.,
    9.187268863759E-02,0.313618364138,0.376806798377,0.425645659658,
    0.501087573094,0.550161521244,0.62476842149,0.688077761896,
    0.9100754611,1.),.UNSPECIFIED.);
#1512 = CARTESIAN_POINT('',(2.728432960159,2.014418841248));
#1513 = CARTESIAN_POINT('',(2.726702449801,2.037023320201));
#1514 = CARTESIAN_POINT('',(2.724838052343,2.059630494468));
#1515 = CARTESIAN_POINT('',(2.722841369404,2.082248199214));
#1516 = CARTESIAN_POINT('',(2.720714707794,2.104884956878));
#1517 = CARTESIAN_POINT('',(2.718461066099,2.127550191544));
#1518 = CARTESIAN_POINT('',(2.71608412127,2.150254443308));
#1519 = CARTESIAN_POINT('',(2.713588215212,2.17300958265));
#1520 = CARTESIAN_POINT('',(2.704679100024,2.250906466089));
#1521 = CARTESIAN_POINT('',(2.697726828009,2.30626355274));
#1522 = CARTESIAN_POINT('',(2.690183076554,2.36219595253));
#1523 = CARTESIAN_POINT('',(2.682133850844,2.418970812055));
#1524 = CARTESIAN_POINT('',(2.673697300779,2.47684803324));
#1525 = CARTESIAN_POINT('',(2.66503724159,2.536144408533));
#1526 = CARTESIAN_POINT('',(2.656364437518,2.597227700374));
#1527 = CARTESIAN_POINT('',(2.64557797928,2.678886974752));
#1528 = CARTESIAN_POINT('',(2.643209792383,2.697186989518));
#1529 = CARTESIAN_POINT('',(2.640872605532,2.715689742402));
#1530 = CARTESIAN_POINT('',(2.638574478341,2.734406015984));
#1531 = CARTESIAN_POINT('',(2.636324366233,2.753345504086));
#1532 = CARTESIAN_POINT('',(2.634132083874,2.772516838916));
#1533 = CARTESIAN_POINT('',(2.632008268591,2.791927618199));
#1534 = CARTESIAN_POINT('',(2.628384577495,2.826777345853));
#1535 = CARTESIAN_POINT('',(2.626852628594,2.842116380927));
#1536 = CARTESIAN_POINT('',(2.625373767816,2.857604021771));
#1537 = CARTESIAN_POINT('',(2.62395365916,2.873241452397));
#1538 = CARTESIAN_POINT('',(2.62259824512,2.889028380447));
#1539 = CARTESIAN_POINT('',(2.621313631884,2.904962861041));
#1540 = CARTESIAN_POINT('',(2.620105974547,2.921041120634));
#1541 = CARTESIAN_POINT('',(2.617244161725,2.962306812156));
#1542 = CARTESIAN_POINT('',(2.615704416421,2.987695425685));
#1543 = CARTESIAN_POINT('',(2.614385641175,3.013388674745));
#1544 = CARTESIAN_POINT('',(2.613309875794,3.039344483004));
#1545 = CARTESIAN_POINT('',(2.612496026765,3.065512281143));
#1546 = CARTESIAN_POINT('',(2.611958168719,3.091831168202));
#1547 = CARTESIAN_POINT('',(2.611703805695,3.118227197633));
#1548 = CARTESIAN_POINT('',(2.61175049222,3.161771307647));
#1549 = CARTESIAN_POINT('',(2.611888495364,3.17893127862));
#1550 = CARTESIAN_POINT('',(2.612145997708,3.19606661723));
#1551 = CARTESIAN_POINT('',(2.612521474794,3.213156408527));
#1552 = CARTESIAN_POINT('',(2.613012155289,3.230181666943));
#1553 = CARTESIAN_POINT('',(2.613614194619,3.24712509687));
#1554 = CARTESIAN_POINT('',(2.614322848606,3.263970853243));
#1555 = CARTESIAN_POINT('',(2.616363780087,3.306144088352));
#1556 = CARTESIAN_POINT('',(2.617828727366,3.331324911972));
#1557 = CARTESIAN_POINT('',(2.619508698351,3.356203760818));
#1558 = CARTESIAN_POINT('',(2.621381996076,3.380752943493));
#1559 = CARTESIAN_POINT('',(2.62342597351,3.404956552404));
#1560 = CARTESIAN_POINT('',(2.625618490745,3.428808069718));
#1561 = CARTESIAN_POINT('',(2.627938873042,3.452309116239));
#1562 = CARTESIAN_POINT('',(2.632429973051,3.495122467619));
#1563 = CARTESIAN_POINT('',(2.634570074926,3.514529343399));
#1564 = CARTESIAN_POINT('',(2.636777291532,3.53369691717));
#1565 = CARTESIAN_POINT('',(2.63904103675,3.552633064082));
#1566 = CARTESIAN_POINT('',(2.641351554082,3.571346625834));
#1567 = CARTESIAN_POINT('',(2.643699948558,3.589847448696));
#1568 = CARTESIAN_POINT('',(2.646078218651,3.608146421526));
#1569 = CARTESIAN_POINT('',(2.656898771143,3.689756046169));
#1570 = CARTESIAN_POINT('',(2.66558323223,3.750807299512));
#1571 = CARTESIAN_POINT('',(2.674244237651,3.810087165618));
#1572 = CARTESIAN_POINT('',(2.682672918908,3.867962688115));
#1573 = CARTESIAN_POINT('',(2.690706807409,3.924749542499));
#1574 = CARTESIAN_POINT('',(2.698228602776,3.980706362398));
#1575 = CARTESIAN_POINT('',(2.705152904557,4.036098337546));
#1576 = CARTESIAN_POINT('',(2.713956780058,4.113545659237));
#1577 = CARTESIAN_POINT('',(2.716385061913,4.135813064711));
#1578 = CARTESIAN_POINT('',(2.718698925982,4.158032905985));
#1579 = CARTESIAN_POINT('',(2.720894353775,4.180216217656));
#1580 = CARTESIAN_POINT('',(2.722967937425,4.202372822767));
#1581 = CARTESIAN_POINT('',(2.724916891874,4.224511523762));
#1582 = CARTESIAN_POINT('',(2.726739067071,4.246640293446));
#1583 = CARTESIAN_POINT('',(2.728432960159,4.268766465931));
#1584 = ( GEOMETRIC_REPRESENTATION_CONTEXT(2) 
PARAMETRIC_REPRESENTATION_CONTEXT() REPRESENTATION_CONTEXT('2D SPACE',''
  ) );
#1585 = PCURVE('',#845,#1586);
#1586 = DEFINITIONAL_REPRESENTATION('',(#1587),#1660);
#1587 = B_SPLINE_CURVE_WITH_KNOTS('',8,(#1588,#1589,#1590,#1591,#1592,
    #1593,#1594,#1595,#1596,#1597,#1598,#1599,#1600,#1601,#1602,#1603,
    #1604,#1605,#1606,#1607,#1608,#1609,#1610,#1611,#1612,#1613,#1614,
    #1615,#1616,#1617,#1618,#1619,#1620,#1621,#1622,#1623,#1624,#1625,
    #1626,#1627,#1628,#1629,#1630,#1631,#1632,#1633,#1634,#1635,#1636,
    #1637,#1638,#1639,#1640,#1641,#1642,#1643,#1644,#1645,#1646,#1647,
    #1648,#1649,#1650,#1651,#1652,#1653,#1654,#1655,#1656,#1657,#1658,
    #1659),.UNSPECIFIED.,.F.,.F.,(9,7,7,7,7,7,7,7,7,7,9),(0.,
    9.187268863759E-02,0.313618364138,0.376806798377,0.425645659658,
    0.501087573094,0.550161521244,0.62476842149,0.688077761896,
    0.9100754611,1.),.UNSPECIFIED.);
#1588 = CARTESIAN_POINT('',(-5.344636273481,-2.7));
#1589 = CARTESIAN_POINT('',(-5.340803026536,-2.90832132559));
#1590 = CARTESIAN_POINT('',(-5.336488623958,-3.115792357519));
#1591 = CARTESIAN_POINT('',(-5.331688802853,-3.322297443704));
#1592 = CARTESIAN_POINT('',(-5.326399557894,-3.527720804661));
#1593 = CARTESIAN_POINT('',(-5.320616891968,-3.731945932166));
#1594 = CARTESIAN_POINT('',(-5.314336566819,-3.934854987914));
#1595 = CARTESIAN_POINT('',(-5.307553853698,-4.13632820217));
#1596 = CARTESIAN_POINT('',(-5.282666625786,-4.818762103184));
#1597 = CARTESIAN_POINT('',(-5.262141645034,-5.291369235971));
#1598 = CARTESIAN_POINT('',(-5.238594223152,-5.753360661414));
#1599 = CARTESIAN_POINT('',(-5.211895725929,-6.203049230743));
#1600 = CARTESIAN_POINT('',(-5.181900538025,-6.637881624623));
#1601 = CARTESIAN_POINT('',(-5.148413913284,-7.054170360419));
#1602 = CARTESIAN_POINT('',(-5.111208847425,-7.447203476796));
#1603 = CARTESIAN_POINT('',(-5.058063777818,-7.913358497781));
#1604 = CARTESIAN_POINT('',(-5.045946883704,-8.014224257664));
#1605 = CARTESIAN_POINT('',(-5.033491606955,-8.112401831293));
#1606 = CARTESIAN_POINT('',(-5.02069164055,-8.207684429043));
#1607 = CARTESIAN_POINT('',(-5.00754184859,-8.299837202228));
#1608 = CARTESIAN_POINT('',(-4.994038535577,-8.388598930767));
#1609 = CARTESIAN_POINT('',(-4.980179715689,-8.473683710836));
#1610 = CARTESIAN_POINT('',(-4.954979006514,-8.617464674809));
#1611 = CARTESIAN_POINT('',(-4.943780875601,-8.677761933185));
#1612 = CARTESIAN_POINT('',(-4.932371398265,-8.735531179885));
#1613 = CARTESIAN_POINT('',(-4.920752410399,-8.790616710797));
#1614 = CARTESIAN_POINT('',(-4.908927416597,-8.842853762911));
#1615 = CARTESIAN_POINT('',(-4.896901831926,-8.892071921769));
#1616 = CARTESIAN_POINT('',(-4.884683223685,-8.938098528913));
#1617 = CARTESIAN_POINT('',(-4.853124559572,-9.046664949227));
#1618 = CARTESIAN_POINT('',(-4.833523165598,-9.104569749915));
#1619 = CARTESIAN_POINT('',(-4.813523930709,-9.153800360569));
#1620 = CARTESIAN_POINT('',(-4.793184383338,-9.193730957706));
#1621 = CARTESIAN_POINT('',(-4.77257393035,-9.223824027305));
#1622 = CARTESIAN_POINT('',(-4.75177450417,-9.243675377052));
#1623 = CARTESIAN_POINT('',(-4.730880947614,-9.253066158717));
#1624 = CARTESIAN_POINT('',(-4.696419100518,-9.25134262488));
#1625 = CARTESIAN_POINT('',(-4.68283958738,-9.246247715909));
#1626 = CARTESIAN_POINT('',(-4.669290865699,-9.236740404034));
#1627 = CARTESIAN_POINT('',(-4.655799380683,-9.222864522341));
#1628 = CARTESIAN_POINT('',(-4.642389733451,-9.204699552542));
#1629 = CARTESIAN_POINT('',(-4.629084660482,-9.182355670791));
#1630 = CARTESIAN_POINT('',(-4.615905013057,-9.155968793508));
#1631 = CARTESIAN_POINT('',(-4.583052265322,-9.079671460012));
#1632 = CARTESIAN_POINT('',(-4.563568023643,-9.024663720359));
#1633 = CARTESIAN_POINT('',(-4.544477262648,-8.961208899702));
#1634 = CARTESIAN_POINT('',(-4.525823690696,-8.889920632322));
#1635 = CARTESIAN_POINT('',(-4.507637222264,-8.811435702624));
#1636 = CARTESIAN_POINT('',(-4.489936291486,-8.726372750437));
#1637 = CARTESIAN_POINT('',(-4.472729730459,-8.635303670281));
#1638 = CARTESIAN_POINT('',(-4.441837282893,-8.456794512074));
#1639 = CARTESIAN_POINT('',(-4.428013416686,-8.370896259888));
#1640 = CARTESIAN_POINT('',(-4.414546216678,-8.28135029715));
#1641 = CARTESIAN_POINT('',(-4.401433392248,-8.188440678699));
#1642 = CARTESIAN_POINT('',(-4.388671017358,-8.092426605451));
#1643 = CARTESIAN_POINT('',(-4.376253788733,-7.993540864717));
#1644 = CARTESIAN_POINT('',(-4.364175284021,-7.891988270529));
#1645 = CARTESIAN_POINT('',(-4.311236490992,-7.42310748673));
#1646 = CARTESIAN_POINT('',(-4.274194398118,-7.028296519151));
#1647 = CARTESIAN_POINT('',(-4.240866684689,-6.610424180249));
#1648 = CARTESIAN_POINT('',(-4.21102730855,-6.174145856582));
#1649 = CARTESIAN_POINT('',(-4.184483211662,-5.723108010418));
#1650 = CARTESIAN_POINT('',(-4.161090620342,-5.259841769224));
#1651 = CARTESIAN_POINT('',(-4.140722760031,-4.786027978318));
#1652 = CARTESIAN_POINT('',(-4.116224199314,-4.10647323106));
#1653 = CARTESIAN_POINT('',(-4.109647404708,-3.90908547723));
#1654 = CARTESIAN_POINT('',(-4.103551486999,-3.710334165696));
#1655 = CARTESIAN_POINT('',(-4.097932048476,-3.510331397348));
#1656 = CARTESIAN_POINT('',(-4.092785126778,-3.309187588141));
#1657 = CARTESIAN_POINT('',(-4.088106971945,-3.107012002384));
#1658 = CARTESIAN_POINT('',(-4.083893823459,-2.903913286037));
#1659 = CARTESIAN_POINT('',(-4.080141687288,-2.7));
#1660 = ( GEOMETRIC_REPRESENTATION_CONTEXT(2) 
PARAMETRIC_REPRESENTATION_CONTEXT() REPRESENTATION_CONTEXT('2D SPACE',''
  ) );
#1661 = ADVANCED_FACE('',(#1662),#313,.T.);
#1662 = FACE_BOUND('',#1663,.T.);
#1663 = EDGE_LOOP('',(#1664,#1915,#1916,#1917));
#1664 = ORIENTED_EDGE('',*,*,#1665,.F.);
#1665 = EDGE_CURVE('',#205,#1666,#1668,.T.);
#1666 = VERTEX_POINT('',#1667);
#1667 = CARTESIAN_POINT('',(-9.032027583805,12.329363499965,20.7));
#1668 = SURFACE_CURVE('',#1669,(#1749,#1832),.PCURVE_S1.);
#1669 = B_SPLINE_CURVE_WITH_KNOTS('',8,(#1670,#1671,#1672,#1673,#1674,
    #1675,#1676,#1677,#1678,#1679,#1680,#1681,#1682,#1683,#1684,#1685,
    #1686,#1687,#1688,#1689,#1690,#1691,#1692,#1693,#1694,#1695,#1696,
    #1697,#1698,#1699,#1700,#1701,#1702,#1703,#1704,#1705,#1706,#1707,
    #1708,#1709,#1710,#1711,#1712,#1713,#1714,#1715,#1716,#1717,#1718,
    #1719,#1720,#1721,#1722,#1723,#1724,#1725,#1726,#1727,#1728,#1729,
    #1730,#1731,#1732,#1733,#1734,#1735,#1736,#1737,#1738,#1739,#1740,
    #1741,#1742,#1743,#1744,#1745,#1746,#1747,#1748),.UNSPECIFIED.,.F.,
  .F.,(9,7,7,7,7,7,7,7,7,7,7,9),(0.,0.136375386808,0.275284165597,
    0.333170914761,0.426172584621,0.499454817429,0.621322162595,
    0.700794373054,0.785984065924,0.879565398683,0.960386412003,1.),
  .UNSPECIFIED.);
#1670 = CARTESIAN_POINT('',(-7.907589693027,30.,20.7));
#1671 = CARTESIAN_POINT('',(-8.41921753119,29.094055416028,20.7));
#1672 = CARTESIAN_POINT('',(-8.84752305231,28.142246378144,20.7));
#1673 = CARTESIAN_POINT('',(-9.1974778262,27.156920158752,20.7));
#1674 = CARTESIAN_POINT('',(-9.474397326677,26.148292923263,20.7));
#1675 = CARTESIAN_POINT('',(-9.684348136436,25.124630748521,20.7));
#1676 = CARTESIAN_POINT('',(-9.833613909329,24.092107462232,20.7));
#1677 = CARTESIAN_POINT('',(-9.928378628331,23.054756500478,20.7));
#1678 = CARTESIAN_POINT('',(-10.02122632259,20.954656517242,20.7));
#1679 = CARTESIAN_POINT('',(-10.01743375753,19.892874096577,20.7));
#1680 = CARTESIAN_POINT('',(-9.969204445732,18.831644673202,20.7));
#1681 = CARTESIAN_POINT('',(-9.882354112792,17.772854925067,20.7));
#1682 = CARTESIAN_POINT('',(-9.76255226677,16.717642661022,20.7));
#1683 = CARTESIAN_POINT('',(-9.615386483324,15.666391018757,20.7));
#1684 = CARTESIAN_POINT('',(-9.446416149675,14.618720061441,20.7));
#1685 = CARTESIAN_POINT('',(-9.184279034435,13.137881777061,20.7));
#1686 = CARTESIAN_POINT('',(-9.104393985718,12.70277784688,20.7));
#1687 = CARTESIAN_POINT('',(-9.022151703841,12.268095042395,20.7));
#1688 = CARTESIAN_POINT('',(-8.937982355851,11.833766361691,20.7));
#1689 = CARTESIAN_POINT('',(-8.852327155184,11.399716016951,20.7));
#1690 = CARTESIAN_POINT('',(-8.765640297092,10.965859056584,20.7));
#1691 = CARTESIAN_POINT('',(-8.678390894075,10.532100987355,20.7));
#1692 = CARTESIAN_POINT('',(-8.450765752418,9.401446677057,20.7));
#1693 = CARTESIAN_POINT('',(-8.310283633254,8.704617152541,20.7));
#1694 = CARTESIAN_POINT('',(-8.17161803516,8.007345223845,20.7));
#1695 = CARTESIAN_POINT('',(-8.036896807842,7.309190884223,20.7));
#1696 = CARTESIAN_POINT('',(-7.9083912565,6.609774658876,20.7));
#1697 = CARTESIAN_POINT('',(-7.788486549459,5.908782555619,20.7));
#1698 = CARTESIAN_POINT('',(-7.679577136911,5.205985119026,20.7));
#1699 = CARTESIAN_POINT('',(-7.508432475412,3.945989792286,20.7));
#1700 = CARTESIAN_POINT('',(-7.44119817877,3.389523709745,20.7));
#1701 = CARTESIAN_POINT('',(-7.38324055783,2.831923009639,20.7));
#1702 = CARTESIAN_POINT('',(-7.335562545447,2.273287269337,20.7));
#1703 = CARTESIAN_POINT('',(-7.299019616108,1.713775794761,20.7));
#1704 = CARTESIAN_POINT('',(-7.274234725497,1.153614305614,20.7));
#1705 = CARTESIAN_POINT('',(-7.261530205396,0.593100730157,20.7));
#1706 = CARTESIAN_POINT('',(-7.259891428768,-0.8994856664,20.7));
#1707 = CARTESIAN_POINT('',(-7.292301101991,-1.831687557176,20.7));
#1708 = CARTESIAN_POINT('',(-7.358200222294,-2.762184082713,20.7));
#1709 = CARTESIAN_POINT('',(-7.455244850838,-3.689843027213,20.7));
#1710 = CARTESIAN_POINT('',(-7.578786766378,-4.614178191714,20.7));
#1711 = CARTESIAN_POINT('',(-7.723418838216,-5.535162946428,20.7));
#1712 = CARTESIAN_POINT('',(-7.883710815192,-6.453162887385,20.7));
#1713 = CARTESIAN_POINT('',(-8.165869805614,-7.966082216034,20.7));
#1714 = CARTESIAN_POINT('',(-8.281717535138,-8.562360521626,20.7));
#1715 = CARTESIAN_POINT('',(-8.400620476795,-9.158010256253,20.7));
#1716 = CARTESIAN_POINT('',(-8.521200470684,-9.753296111168,20.7));
#1717 = CARTESIAN_POINT('',(-8.642140595351,-10.34847483245,20.7));
#1718 = CARTESIAN_POINT('',(-8.76219239209,-10.94379376014,20.7));
#1719 = CARTESIAN_POINT('',(-8.880170391186,-11.53949195177,20.7));
#1720 = CARTESIAN_POINT('',(-9.117953941991,-12.7750163975,20.7));
#1721 = CARTESIAN_POINT('',(-9.23727072128,-13.41488255986,20.7));
#1722 = CARTESIAN_POINT('',(-9.351479834885,-14.05568137997,20.7));
#1723 = CARTESIAN_POINT('',(-9.459227654002,-14.69761510025,20.7));
#1724 = CARTESIAN_POINT('',(-9.559196644443,-15.34081160318,20.7));
#1725 = CARTESIAN_POINT('',(-9.650090647019,-15.98532681164,20.7));
#1726 = CARTESIAN_POINT('',(-9.730620157902,-16.63114708916,20.7));
#1727 = CARTESIAN_POINT('',(-9.875138871976,-17.98897353662,20.7));
#1728 = CARTESIAN_POINT('',(-9.936708218054,-18.70115195106,20.7));
#1729 = CARTESIAN_POINT('',(-9.982486618962,-19.41465767132,20.7));
#1730 = CARTESIAN_POINT('',(-10.01073263402,-20.12921528317,20.7));
#1731 = CARTESIAN_POINT('',(-10.01967144259,-20.84434392029,20.7));
#1732 = CARTESIAN_POINT('',(-10.00748908825,-21.55935748608,20.7));
#1733 = CARTESIAN_POINT('',(-9.972321934746,-22.27336434728,20.7));
#1734 = CARTESIAN_POINT('',(-9.860353046634,-23.60009695355,20.7));
#1735 = CARTESIAN_POINT('',(-9.789890250106,-24.21325530662,20.7));
#1736 = CARTESIAN_POINT('',(-9.699619246244,-24.82405909374,20.7));
#1737 = CARTESIAN_POINT('',(-9.588271968102,-25.43158118613,20.7));
#1738 = CARTESIAN_POINT('',(-9.45457161108,-26.0346554707,20.7));
#1739 = CARTESIAN_POINT('',(-9.297251310543,-26.63188047935,20.7));
#1740 = CARTESIAN_POINT('',(-9.115065865638,-27.22162096827,20.7));
#1741 = CARTESIAN_POINT('',(-8.8047154275,-28.08647790724,20.7));
#1742 = CARTESIAN_POINT('',(-8.696374944739,-28.36868169244,20.7));
#1743 = CARTESIAN_POINT('',(-8.581635850328,-28.64839074363,20.7));
#1744 = CARTESIAN_POINT('',(-8.460364740981,-28.92535450014,20.7));
#1745 = CARTESIAN_POINT('',(-8.332435705559,-29.19930065307,20.7));
#1746 = CARTESIAN_POINT('',(-8.197732009804,-29.46993589874,20.7));
#1747 = CARTESIAN_POINT('',(-8.056147781066,-29.73694669205,20.7));
#1748 = CARTESIAN_POINT('',(-7.907589693027,-30.,20.7));
#1749 = PCURVE('',#313,#1750);
#1750 = DEFINITIONAL_REPRESENTATION('',(#1751),#1831);
#1751 = B_SPLINE_CURVE_WITH_KNOTS('',8,(#1752,#1753,#1754,#1755,#1756,
    #1757,#1758,#1759,#1760,#1761,#1762,#1763,#1764,#1765,#1766,#1767,
    #1768,#1769,#1770,#1771,#1772,#1773,#1774,#1775,#1776,#1777,#1778,
    #1779,#1780,#1781,#1782,#1783,#1784,#1785,#1786,#1787,#1788,#1789,
    #1790,#1791,#1792,#1793,#1794,#1795,#1796,#1797,#1798,#1799,#1800,
    #1801,#1802,#1803,#1804,#1805,#1806,#1807,#1808,#1809,#1810,#1811,
    #1812,#1813,#1814,#1815,#1816,#1817,#1818,#1819,#1820,#1821,#1822,
    #1823,#1824,#1825,#1826,#1827,#1828,#1829,#1830),.UNSPECIFIED.,.F.,
  .F.,(9,7,7,7,7,7,7,7,7,7,7,9),(0.,0.136375386808,0.275284165597,
    0.333170914761,0.426172584621,0.499454817429,0.621322162595,
    0.700794373054,0.785984065924,0.879565398683,0.960386412003,1.),
  .UNSPECIFIED.);
#1752 = CARTESIAN_POINT('',(-7.907589693027,30.));
#1753 = CARTESIAN_POINT('',(-8.41921753119,29.094055416028));
#1754 = CARTESIAN_POINT('',(-8.84752305231,28.142246378144));
#1755 = CARTESIAN_POINT('',(-9.1974778262,27.156920158752));
#1756 = CARTESIAN_POINT('',(-9.474397326677,26.148292923263));
#1757 = CARTESIAN_POINT('',(-9.684348136436,25.124630748521));
#1758 = CARTESIAN_POINT('',(-9.833613909329,24.092107462232));
#1759 = CARTESIAN_POINT('',(-9.928378628331,23.054756500478));
#1760 = CARTESIAN_POINT('',(-10.02122632259,20.954656517242));
#1761 = CARTESIAN_POINT('',(-10.01743375753,19.892874096577));
#1762 = CARTESIAN_POINT('',(-9.969204445732,18.831644673202));
#1763 = CARTESIAN_POINT('',(-9.882354112792,17.772854925067));
#1764 = CARTESIAN_POINT('',(-9.76255226677,16.717642661022));
#1765 = CARTESIAN_POINT('',(-9.615386483324,15.666391018757));
#1766 = CARTESIAN_POINT('',(-9.446416149675,14.618720061441));
#1767 = CARTESIAN_POINT('',(-9.184279034435,13.137881777061));
#1768 = CARTESIAN_POINT('',(-9.104393985718,12.70277784688));
#1769 = CARTESIAN_POINT('',(-9.022151703841,12.268095042395));
#1770 = CARTESIAN_POINT('',(-8.937982355851,11.833766361691));
#1771 = CARTESIAN_POINT('',(-8.852327155184,11.399716016951));
#1772 = CARTESIAN_POINT('',(-8.765640297092,10.965859056584));
#1773 = CARTESIAN_POINT('',(-8.678390894075,10.532100987355));
#1774 = CARTESIAN_POINT('',(-8.450765752418,9.401446677057));
#1775 = CARTESIAN_POINT('',(-8.310283633254,8.704617152541));
#1776 = CARTESIAN_POINT('',(-8.17161803516,8.007345223845));
#1777 = CARTESIAN_POINT('',(-8.036896807842,7.309190884223));
#1778 = CARTESIAN_POINT('',(-7.9083912565,6.609774658876));
#1779 = CARTESIAN_POINT('',(-7.788486549459,5.908782555619));
#1780 = CARTESIAN_POINT('',(-7.679577136911,5.205985119026));
#1781 = CARTESIAN_POINT('',(-7.508432475412,3.945989792286));
#1782 = CARTESIAN_POINT('',(-7.44119817877,3.389523709745));
#1783 = CARTESIAN_POINT('',(-7.38324055783,2.831923009639));
#1784 = CARTESIAN_POINT('',(-7.335562545447,2.273287269337));
#1785 = CARTESIAN_POINT('',(-7.299019616108,1.713775794761));
#1786 = CARTESIAN_POINT('',(-7.274234725497,1.153614305614));
#1787 = CARTESIAN_POINT('',(-7.261530205396,0.593100730157));
#1788 = CARTESIAN_POINT('',(-7.259891428768,-0.8994856664));
#1789 = CARTESIAN_POINT('',(-7.292301101991,-1.831687557176));
#1790 = CARTESIAN_POINT('',(-7.358200222294,-2.762184082713));
#1791 = CARTESIAN_POINT('',(-7.455244850838,-3.689843027213));
#1792 = CARTESIAN_POINT('',(-7.578786766378,-4.614178191714));
#1793 = CARTESIAN_POINT('',(-7.723418838216,-5.535162946428));
#1794 = CARTESIAN_POINT('',(-7.883710815192,-6.453162887385));
#1795 = CARTESIAN_POINT('',(-8.165869805614,-7.966082216034));
#1796 = CARTESIAN_POINT('',(-8.281717535138,-8.562360521626));
#1797 = CARTESIAN_POINT('',(-8.400620476795,-9.158010256253));
#1798 = CARTESIAN_POINT('',(-8.521200470684,-9.753296111168));
#1799 = CARTESIAN_POINT('',(-8.642140595351,-10.34847483245));
#1800 = CARTESIAN_POINT('',(-8.76219239209,-10.94379376014));
#1801 = CARTESIAN_POINT('',(-8.880170391186,-11.53949195177));
#1802 = CARTESIAN_POINT('',(-9.117953941991,-12.7750163975));
#1803 = CARTESIAN_POINT('',(-9.23727072128,-13.41488255986));
#1804 = CARTESIAN_POINT('',(-9.351479834885,-14.05568137997));
#1805 = CARTESIAN_POINT('',(-9.459227654002,-14.69761510025));
#1806 = CARTESIAN_POINT('',(-9.559196644443,-15.34081160318));
#1807 = CARTESIAN_POINT('',(-9.650090647019,-15.98532681164));
#1808 = CARTESIAN_POINT('',(-9.730620157902,-16.63114708916));
#1809 = CARTESIAN_POINT('',(-9.875138871976,-17.98897353662));
#1810 = CARTESIAN_POINT('',(-9.936708218054,-18.70115195106));
#1811 = CARTESIAN_POINT('',(-9.982486618962,-19.41465767132));
#1812 = CARTESIAN_POINT('',(-10.01073263402,-20.12921528317));
#1813 = CARTESIAN_POINT('',(-10.01967144259,-20.84434392029));
#1814 = CARTESIAN_POINT('',(-10.00748908825,-21.55935748608));
#1815 = CARTESIAN_POINT('',(-9.972321934746,-22.27336434728));
#1816 = CARTESIAN_POINT('',(-9.860353046634,-23.60009695355));
#1817 = CARTESIAN_POINT('',(-9.789890250106,-24.21325530662));
#1818 = CARTESIAN_POINT('',(-9.699619246244,-24.82405909374));
#1819 = CARTESIAN_POINT('',(-9.588271968102,-25.43158118613));
#1820 = CARTESIAN_POINT('',(-9.45457161108,-26.0346554707));
#1821 = CARTESIAN_POINT('',(-9.297251310543,-26.63188047935));
#1822 = CARTESIAN_POINT('',(-9.115065865638,-27.22162096827));
#1823 = CARTESIAN_POINT('',(-8.8047154275,-28.08647790724));
#1824 = CARTESIAN_POINT('',(-8.696374944739,-28.36868169244));
#1825 = CARTESIAN_POINT('',(-8.581635850328,-28.64839074363));
#1826 = CARTESIAN_POINT('',(-8.460364740981,-28.92535450014));
#1827 = CARTESIAN_POINT('',(-8.332435705559,-29.19930065307));
#1828 = CARTESIAN_POINT('',(-8.197732009804,-29.46993589874));
#1829 = CARTESIAN_POINT('',(-8.056147781066,-29.73694669205));
#1830 = CARTESIAN_POINT('',(-7.907589693027,-30.));
#1831 = ( GEOMETRIC_REPRESENTATION_CONTEXT(2) 
PARAMETRIC_REPRESENTATION_CONTEXT() REPRESENTATION_CONTEXT('2D SPACE',''
  ) );
#1832 = PCURVE('',#169,#1833);
#1833 = DEFINITIONAL_REPRESENTATION('',(#1834),#1914);
#1834 = B_SPLINE_CURVE_WITH_KNOTS('',8,(#1835,#1836,#1837,#1838,#1839,
    #1840,#1841,#1842,#1843,#1844,#1845,#1846,#1847,#1848,#1849,#1850,
    #1851,#1852,#1853,#1854,#1855,#1856,#1857,#1858,#1859,#1860,#1861,
    #1862,#1863,#1864,#1865,#1866,#1867,#1868,#1869,#1870,#1871,#1872,
    #1873,#1874,#1875,#1876,#1877,#1878,#1879,#1880,#1881,#1882,#1883,
    #1884,#1885,#1886,#1887,#1888,#1889,#1890,#1891,#1892,#1893,#1894,
    #1895,#1896,#1897,#1898,#1899,#1900,#1901,#1902,#1903,#1904,#1905,
    #1906,#1907,#1908,#1909,#1910,#1911,#1912,#1913),.UNSPECIFIED.,.F.,
  .F.,(9,7,7,7,7,7,7,7,7,7,7,9),(0.,0.136375386808,0.275284165597,
    0.333170914761,0.426172584621,0.499454817429,0.621322162595,
    0.700794373054,0.785984065924,0.879565398683,0.960386412003,1.),
  .UNSPECIFIED.);
#1835 = CARTESIAN_POINT('',(3.959255440535,5.371137413521));
#1836 = CARTESIAN_POINT('',(3.944187789685,5.287555526111));
#1837 = CARTESIAN_POINT('',(3.927803771798,5.207271797827));
#1838 = CARTESIAN_POINT('',(3.910185498839,5.130008481224));
#1839 = CARTESIAN_POINT('',(3.891403795684,5.055610900793));
#1840 = CARTESIAN_POINT('',(3.871523934459,4.98394333208));
#1841 = CARTESIAN_POINT('',(3.850601411492,4.914882259419));
#1842 = CARTESIAN_POINT('',(3.828671493315,4.848285407659));
#1843 = CARTESIAN_POINT('',(3.782368899361,4.718506337146));
#1844 = CARTESIAN_POINT('',(3.757982230278,4.655477192774));
#1845 = CARTESIAN_POINT('',(3.732591823676,4.594772588618));
#1846 = CARTESIAN_POINT('',(3.706218231276,4.536333722162));
#1847 = CARTESIAN_POINT('',(3.678882612041,4.480147995431));
#1848 = CARTESIAN_POINT('',(3.650603362774,4.426242332944));
#1849 = CARTESIAN_POINT('',(3.621391725934,4.374691586248));
#1850 = CARTESIAN_POINT('',(3.57868544331,4.305193007611));
#1851 = CARTESIAN_POINT('',(3.56596328811,4.285186331696));
#1852 = CARTESIAN_POINT('',(3.553081689016,4.265626915789));
#1853 = CARTESIAN_POINT('',(3.540041595307,4.246528466508));
#1854 = CARTESIAN_POINT('',(3.526844097615,4.227907349995));
#1855 = CARTESIAN_POINT('',(3.51349042049,4.209782705302));
#1856 = CARTESIAN_POINT('',(3.499981914967,4.192176557765));
#1857 = CARTESIAN_POINT('',(3.464370707498,4.147700877144));
#1858 = CARTESIAN_POINT('',(3.442027890611,4.121693719964));
#1859 = CARTESIAN_POINT('',(3.419295620637,4.097192923427));
#1860 = CARTESIAN_POINT('',(3.396182562418,4.07432441514));
#1861 = CARTESIAN_POINT('',(3.372702638238,4.053238537104));
#1862 = CARTESIAN_POINT('',(3.348875809279,4.034106548329));
#1863 = CARTESIAN_POINT('',(3.324729073053,4.017110901021));
#1864 = CARTESIAN_POINT('',(3.281046630973,3.990853909861));
#1865 = CARTESIAN_POINT('',(3.261619077845,3.980716887188));
#1866 = CARTESIAN_POINT('',(3.242035676013,3.972101519668));
#1867 = CARTESIAN_POINT('',(3.222320608677,3.965090392133));
#1868 = CARTESIAN_POINT('',(3.202501709445,3.959755526299));
#1869 = CARTESIAN_POINT('',(3.182610402686,3.956150277258));
#1870 = CARTESIAN_POINT('',(3.162681402065,3.954302601828));
#1871 = CARTESIAN_POINT('',(3.10960984787,3.95406426833));
#1872 = CARTESIAN_POINT('',(3.076460848481,3.958777728238));
#1873 = CARTESIAN_POINT('',(3.043480506822,3.96835887097));
#1874 = CARTESIAN_POINT('',(3.010820300098,3.982602486259));
#1875 = CARTESIAN_POINT('',(2.978599512945,4.00111341476));
#1876 = CARTESIAN_POINT('',(2.946907624175,4.023453594912));
#1877 = CARTESIAN_POINT('',(2.915807391167,4.049209820197));
#1878 = CARTESIAN_POINT('',(2.865468637398,4.096818399315));
#1879 = CARTESIAN_POINT('',(2.845865352683,4.116913810232));
#1880 = CARTESIAN_POINT('',(2.82653716389,4.138216539446));
#1881 = CARTESIAN_POINT('',(2.807491137948,4.16063989269));
#1882 = CARTESIAN_POINT('',(2.78873283885,4.184108194136));
#1883 = CARTESIAN_POINT('',(2.770266493924,4.208557531986));
#1884 = CARTESIAN_POINT('',(2.752095093742,4.233935698673));
#1885 = CARTESIAN_POINT('',(2.715059797371,4.288356584984));
#1886 = CARTESIAN_POINT('',(2.696241676308,4.317529223743));
#1887 = CARTESIAN_POINT('',(2.67776846537,4.347668138383));
#1888 = CARTESIAN_POINT('',(2.659643059621,4.378733163831));
#1889 = CARTESIAN_POINT('',(2.641868638294,4.410694410922));
#1890 = CARTESIAN_POINT('',(2.624448456812,4.443531603822));
#1891 = CARTESIAN_POINT('',(2.607385638794,4.477233417457));
#1892 = CARTESIAN_POINT('',(2.572334995045,4.549764891736));
#1893 = CARTESIAN_POINT('',(2.554423711431,4.588768518193));
#1894 = CARTESIAN_POINT('',(2.536951654041,4.628805831812));
#1895 = CARTESIAN_POINT('',(2.519923884686,4.66988291037));
#1896 = CARTESIAN_POINT('',(2.503347127163,4.712012589056));
#1897 = CARTESIAN_POINT('',(2.487229076502,4.755214953163));
#1898 = CARTESIAN_POINT('',(2.471577880501,4.799519506364));
#1899 = CARTESIAN_POINT('',(2.443295047867,4.884221237135));
#1900 = CARTESIAN_POINT('',(2.430544858092,4.924320975725));
#1901 = CARTESIAN_POINT('',(2.41815582985,4.965296787992));
#1902 = CARTESIAN_POINT('',(2.406135490309,5.007176879543));
#1903 = CARTESIAN_POINT('',(2.394493408341,5.049989573792));
#1904 = CARTESIAN_POINT('',(2.383240577378,5.093764825744));
#1905 = CARTESIAN_POINT('',(2.372389060956,5.138536779675));
#1906 = CARTESIAN_POINT('',(2.356836234329,5.20680096049));
#1907 = CARTESIAN_POINT('',(2.351820460328,5.229502537022));
#1908 = CARTESIAN_POINT('',(2.346906248309,5.252456331656));
#1909 = CARTESIAN_POINT('',(2.342095467462,5.275666253712));
#1910 = CARTESIAN_POINT('',(2.337390165954,5.299135949086));
#1911 = CARTESIAN_POINT('',(2.332792550112,5.322868858858));
#1912 = CARTESIAN_POINT('',(2.328304963608,5.346868277907));
#1913 = CARTESIAN_POINT('',(2.323929866644,5.371137413521));
#1914 = ( GEOMETRIC_REPRESENTATION_CONTEXT(2) 
PARAMETRIC_REPRESENTATION_CONTEXT() REPRESENTATION_CONTEXT('2D SPACE',''
  ) );
#1915 = ORIENTED_EDGE('',*,*,#296,.T.);
#1916 = ORIENTED_EDGE('',*,*,#1133,.F.);
#1917 = ORIENTED_EDGE('',*,*,#1918,.F.);
#1918 = EDGE_CURVE('',#1666,#1134,#1919,.T.);
#1919 = SURFACE_CURVE('',#1920,(#1925,#1932),.PCURVE_S1.);
#1920 = CIRCLE('',#1921,15.283675166297);
#1921 = AXIS2_PLACEMENT_3D('',#1922,#1923,#1924);
#1922 = CARTESIAN_POINT('',(0.,0.,20.7));
#1923 = DIRECTION('',(0.,0.,1.));
#1924 = DIRECTION('',(1.,0.,-0.));
#1925 = PCURVE('',#313,#1926);
#1926 = DEFINITIONAL_REPRESENTATION('',(#1927),#1931);
#1927 = CIRCLE('',#1928,15.283675166297);
#1928 = AXIS2_PLACEMENT_2D('',#1929,#1930);
#1929 = CARTESIAN_POINT('',(8.751616848252E-16,-1.604946055186E-15));
#1930 = DIRECTION('',(1.,0.));
#1931 = ( GEOMETRIC_REPRESENTATION_CONTEXT(2) 
PARAMETRIC_REPRESENTATION_CONTEXT() REPRESENTATION_CONTEXT('2D SPACE',''
  ) );
#1932 = PCURVE('',#845,#1933);
#1933 = DEFINITIONAL_REPRESENTATION('',(#1934),#1938);
#1934 = LINE('',#1935,#1936);
#1935 = CARTESIAN_POINT('',(-0.,-2.7));
#1936 = VECTOR('',#1937,1.);
#1937 = DIRECTION('',(-1.,-0.));
#1938 = ( GEOMETRIC_REPRESENTATION_CONTEXT(2) 
PARAMETRIC_REPRESENTATION_CONTEXT() REPRESENTATION_CONTEXT('2D SPACE',''
  ) );
#1939 = ADVANCED_FACE('',(#1940),#169,.T.);
#1940 = FACE_BOUND('',#1941,.T.);
#1941 = EDGE_LOOP('',(#1942,#1943,#2171,#2172,#2173,#2195,#2196,#2197));
#1942 = ORIENTED_EDGE('',*,*,#1665,.T.);
#1943 = ORIENTED_EDGE('',*,*,#1944,.F.);
#1944 = EDGE_CURVE('',#578,#1666,#1945,.T.);
#1945 = SURFACE_CURVE('',#1946,(#2019,#2095),.PCURVE_S1.);
#1946 = B_SPLINE_CURVE_WITH_KNOTS('',8,(#1947,#1948,#1949,#1950,#1951,
    #1952,#1953,#1954,#1955,#1956,#1957,#1958,#1959,#1960,#1961,#1962,
    #1963,#1964,#1965,#1966,#1967,#1968,#1969,#1970,#1971,#1972,#1973,
    #1974,#1975,#1976,#1977,#1978,#1979,#1980,#1981,#1982,#1983,#1984,
    #1985,#1986,#1987,#1988,#1989,#1990,#1991,#1992,#1993,#1994,#1995,
    #1996,#1997,#1998,#1999,#2000,#2001,#2002,#2003,#2004,#2005,#2006,
    #2007,#2008,#2009,#2010,#2011,#2012,#2013,#2014,#2015,#2016,#2017,
    #2018),.UNSPECIFIED.,.F.,.F.,(9,7,7,7,7,7,7,7,7,7,9),(0.,
    9.187268863649E-02,0.313618364138,0.376806798378,0.425645659659,
    0.501087573095,0.550161521388,0.624768421648,0.688077762067,
    0.910075461295,1.),.UNSPECIFIED.);
#1947 = CARTESIAN_POINT('',(9.032027583805,12.329363499965,20.7));
#1948 = CARTESIAN_POINT('',(8.93500596406,12.296059363634,
    20.908321325587));
#1949 = CARTESIAN_POINT('',(8.832698541656,12.266735398111,
    21.115792357513));
#1950 = CARTESIAN_POINT('',(8.725144759308,12.241287554345,
    21.322297443694));
#1951 = CARTESIAN_POINT('',(8.612377188408,12.21959574877,
    21.527720804648));
#1952 = CARTESIAN_POINT('',(8.494419027679,12.201525932358,
    21.731945932151));
#1953 = CARTESIAN_POINT('',(8.371281601837,12.186932159679,
    21.934854987895));
#1954 = CARTESIAN_POINT('',(8.242961860249,12.175658657944,
    22.136328202149));
#1955 = CARTESIAN_POINT('',(7.787168663965,12.147951124625,
    22.818762103161));
#1956 = CARTESIAN_POINT('',(7.435146316229,12.146783874822,
    23.291369235947));
#1957 = CARTESIAN_POINT('',(7.052635886319,12.161591734693,
    23.753360661395));
#1958 = CARTESIAN_POINT('',(6.638448728208,12.189928163335,
    24.20304923072));
#1959 = CARTESIAN_POINT('',(6.191164423322,12.229173480037,
    24.637881624605));
#1960 = CARTESIAN_POINT('',(5.708693444845,12.276467649341,25.0541703604
    ));
#1961 = CARTESIAN_POINT('',(5.188464773567,12.328778855552,
    25.447203476778));
#1962 = CARTESIAN_POINT('',(4.464458665918,12.398068670047,
    25.913358497765));
#1963 = CARTESIAN_POINT('',(4.300473975549,12.413557500717,
    26.014224257649));
#1964 = CARTESIAN_POINT('',(4.132974626669,12.429087429152,
    26.112401831279));
#1965 = CARTESIAN_POINT('',(3.961882343338,12.44457136614,
    26.207684429029));
#1966 = CARTESIAN_POINT('',(3.787131704888,12.459917075098,
    26.299837202215));
#1967 = CARTESIAN_POINT('',(3.60867204018,12.475027441945,
    26.388598930755));
#1968 = CARTESIAN_POINT('',(3.426469321856,12.489800744953,
    26.473683710824));
#1969 = CARTESIAN_POINT('',(3.096777070072,12.515206838503,
    26.617464674798));
#1970 = CARTESIAN_POINT('',(2.95080890158,12.526017400252,
    26.677761933174));
#1971 = CARTESIAN_POINT('',(2.802601728208,12.536513719715,
    26.735531179875));
#1972 = CARTESIAN_POINT('',(2.65216952535,12.546644562203,
    26.790616710788));
#1973 = CARTESIAN_POINT('',(2.499544571724,12.556357231507,
    26.842853762902));
#1974 = CARTESIAN_POINT('',(2.344779950375,12.565598452927,
    26.89207192176));
#1975 = CARTESIAN_POINT('',(2.187952049701,12.57431525629,
    26.938098528905));
#1976 = CARTESIAN_POINT('',(1.783880013932,12.595030735368,
    27.04666494922));
#1977 = CARTESIAN_POINT('',(1.533820493021,12.606235809158,
    27.10456974991));
#1978 = CARTESIAN_POINT('',(1.279488672444,12.615872619112,
    27.153800360565));
#1979 = CARTESIAN_POINT('',(1.021500152652,12.623757307204,
    27.193730957703));
#1980 = CARTESIAN_POINT('',(0.760592272906,12.629733832996,
    27.223824027303));
#1981 = CARTESIAN_POINT('',(0.497636572564,12.633687184352,
    27.24367537705));
#1982 = CARTESIAN_POINT('',(0.233653404556,12.635556584516,
    27.253066158716));
#1983 = CARTESIAN_POINT('',(-0.201785714157,12.635213466533,
    27.251342624879));
#1984 = CARTESIAN_POINT('',(-0.373374593533,12.634199238209,
    27.24624771588));
#1985 = CARTESIAN_POINT('',(-0.544629742983,12.632306870229,
    27.236740403953));
#1986 = CARTESIAN_POINT('',(-0.715265414878,12.629548779844,
    27.222864522182));
#1987 = CARTESIAN_POINT('',(-0.88501741522,12.625947611408,
    27.204699552281));
#1988 = CARTESIAN_POINT('',(-1.053642210834,12.621534905925,
    27.182355670405));
#1989 = CARTESIAN_POINT('',(-1.220916036556,12.616349770578,
    27.155968792975));
#1990 = CARTESIAN_POINT('',(-1.638574271739,12.60144922361,
    27.079671459183));
#1991 = CARTESIAN_POINT('',(-1.886924396836,12.59078008969,
    27.024663719404));
#1992 = CARTESIAN_POINT('',(-2.13104614844,12.578586221022,
    26.961208898626));
#1993 = CARTESIAN_POINT('',(-2.370485866688,12.565049835426,
    26.889920631129));
#1994 = CARTESIAN_POINT('',(-2.604939572993,12.550364175825,
    26.811435701318));
#1995 = CARTESIAN_POINT('',(-2.834226066504,12.534722262998,
    26.726372749023));
#1996 = CARTESIAN_POINT('',(-3.058268005153,12.518309519301,
    26.635303668765));
#1997 = CARTESIAN_POINT('',(-3.462759568205,12.486866681841,
    26.456794510374));
#1998 = CARTESIAN_POINT('',(-3.644665096054,12.472004048756,
    26.370896258106));
#1999 = CARTESIAN_POINT('',(-3.822817288164,12.456818456788,
    26.281350295288));
#2000 = CARTESIAN_POINT('',(-3.997253463049,12.441411577601,
    26.18844067676));
#2001 = CARTESIAN_POINT('',(-4.168026754756,12.425880428308,
    26.092426603438));
#2002 = CARTESIAN_POINT('',(-4.335204343223,12.410317137959,
    25.993540862631));
#2003 = CARTESIAN_POINT('',(-4.498865684631,12.394808714027,
    25.891988268373));
#2004 = CARTESIAN_POINT('',(-5.220973820557,12.325534374448,
    25.423107484301));
#2005 = CARTESIAN_POINT('',(-5.739704118532,12.273409411359,
    25.02829651654));
#2006 = CARTESIAN_POINT('',(-6.220735661246,12.226458899716,
    24.610424177491));
#2007 = CARTESIAN_POINT('',(-6.666625343825,12.18771337907,
    24.174145853668));
#2008 = CARTESIAN_POINT('',(-7.079440282241,12.160035348813,
    23.723108007381));
#2009 = CARTESIAN_POINT('',(-7.460574666433,12.146049899654,
    23.259841766054));
#2010 = CARTESIAN_POINT('',(-7.811185586456,12.148207998171,
    22.786027975032));
#2011 = CARTESIAN_POINT('',(-8.261919388814,12.177359718083,
    22.106473228064));
#2012 = CARTESIAN_POINT('',(-8.38687996118,12.188808312763,
    21.909085474644));
#2013 = CARTESIAN_POINT('',(-8.506875428379,12.203453896819,
    21.710334163528));
#2014 = CARTESIAN_POINT('',(-8.621907549264,12.22144178269,
    21.510331395604));
#2015 = CARTESIAN_POINT('',(-8.731965020705,12.242908141882,
    21.309187586826));
#2016 = CARTESIAN_POINT('',(-8.837025715996,12.267978140185,
    21.107012001503));
#2017 = CARTESIAN_POINT('',(-8.93705892325,12.296764072882,
    20.903913285595));
#2018 = CARTESIAN_POINT('',(-9.032027583805,12.329363499965,20.7));
#2019 = PCURVE('',#169,#2020);
#2020 = DEFINITIONAL_REPRESENTATION('',(#2021),#2094);
#2021 = B_SPLINE_CURVE_WITH_KNOTS('',8,(#2022,#2023,#2024,#2025,#2026,
    #2027,#2028,#2029,#2030,#2031,#2032,#2033,#2034,#2035,#2036,#2037,
    #2038,#2039,#2040,#2041,#2042,#2043,#2044,#2045,#2046,#2047,#2048,
    #2049,#2050,#2051,#2052,#2053,#2054,#2055,#2056,#2057,#2058,#2059,
    #2060,#2061,#2062,#2063,#2064,#2065,#2066,#2067,#2068,#2069,#2070,
    #2071,#2072,#2073,#2074,#2075,#2076,#2077,#2078,#2079,#2080,#2081,
    #2082,#2083,#2084,#2085,#2086,#2087,#2088,#2089,#2090,#2091,#2092,
    #2093),.UNSPECIFIED.,.F.,.F.,(9,7,7,7,7,7,7,7,7,7,9),(0.,
    9.187268863649E-02,0.313618364138,0.376806798378,0.425645659659,
    0.501087573095,0.550161521388,0.624768421648,0.688077762067,
    0.910075461295,1.),.UNSPECIFIED.);
#2022 = CARTESIAN_POINT('',(3.55475234702,2.014418841248));
#2023 = CARTESIAN_POINT('',(3.556482857378,2.0370233202));
#2024 = CARTESIAN_POINT('',(3.558347254836,2.059630494467));
#2025 = CARTESIAN_POINT('',(3.560343937775,2.082248199213));
#2026 = CARTESIAN_POINT('',(3.562470599386,2.104884956877));
#2027 = CARTESIAN_POINT('',(3.564724241081,2.127550191542));
#2028 = CARTESIAN_POINT('',(3.567101185909,2.150254443305));
#2029 = CARTESIAN_POINT('',(3.569597091967,2.173009582647));
#2030 = CARTESIAN_POINT('',(3.578506207155,2.250906466086));
#2031 = CARTESIAN_POINT('',(3.58545847917,2.306263552737));
#2032 = CARTESIAN_POINT('',(3.593002230625,2.362195952527));
#2033 = CARTESIAN_POINT('',(3.601051456336,2.418970812053));
#2034 = CARTESIAN_POINT('',(3.609488006401,2.476848033237));
#2035 = CARTESIAN_POINT('',(3.618148065589,2.536144408531));
#2036 = CARTESIAN_POINT('',(3.626820869661,2.597227700371));
#2037 = CARTESIAN_POINT('',(3.637607327899,2.678886974749));
#2038 = CARTESIAN_POINT('',(3.639975514796,2.697186989515));
#2039 = CARTESIAN_POINT('',(3.642312701647,2.7156897424));
#2040 = CARTESIAN_POINT('',(3.644610828838,2.734406015981));
#2041 = CARTESIAN_POINT('',(3.646860940946,2.753345504084));
#2042 = CARTESIAN_POINT('',(3.649053223305,2.772516838913));
#2043 = CARTESIAN_POINT('',(3.651177038588,2.791927618197));
#2044 = CARTESIAN_POINT('',(3.654800729684,2.82677734585));
#2045 = CARTESIAN_POINT('',(3.656332678585,2.842116380924));
#2046 = CARTESIAN_POINT('',(3.657811539364,2.857604021768));
#2047 = CARTESIAN_POINT('',(3.659231648019,2.873241452395));
#2048 = CARTESIAN_POINT('',(3.66058706206,2.889028380444));
#2049 = CARTESIAN_POINT('',(3.661871675295,2.904962861038));
#2050 = CARTESIAN_POINT('',(3.663079332632,2.921041120631));
#2051 = CARTESIAN_POINT('',(3.665941145454,2.962306812153));
#2052 = CARTESIAN_POINT('',(3.667480890758,2.987695425682));
#2053 = CARTESIAN_POINT('',(3.668799666004,3.013388674742));
#2054 = CARTESIAN_POINT('',(3.669875431386,3.039344483001));
#2055 = CARTESIAN_POINT('',(3.670689280414,3.06551228114));
#2056 = CARTESIAN_POINT('',(3.67122713846,3.091831168199));
#2057 = CARTESIAN_POINT('',(3.671481501485,3.11822719763));
#2058 = CARTESIAN_POINT('',(3.67143481496,3.161771307695));
#2059 = CARTESIAN_POINT('',(3.671296811815,3.178931278718));
#2060 = CARTESIAN_POINT('',(3.67103930947,3.196066617377));
#2061 = CARTESIAN_POINT('',(3.670663832381,3.213156408723));
#2062 = CARTESIAN_POINT('',(3.670173151884,3.230181667188));
#2063 = CARTESIAN_POINT('',(3.66957111255,3.247125097163));
#2064 = CARTESIAN_POINT('',(3.668862458559,3.263970853584));
#2065 = CARTESIAN_POINT('',(3.66682152707,3.306144088741));
#2066 = CARTESIAN_POINT('',(3.665356579789,3.331324912362));
#2067 = CARTESIAN_POINT('',(3.6636766088,3.356203761207));
#2068 = CARTESIAN_POINT('',(3.661803311073,3.380752943882));
#2069 = CARTESIAN_POINT('',(3.659759333636,3.404956552793));
#2070 = CARTESIAN_POINT('',(3.657566816398,3.428808070106));
#2071 = CARTESIAN_POINT('',(3.655246434099,3.452309116627));
#2072 = CARTESIAN_POINT('',(3.650755334086,3.495122468006));
#2073 = CARTESIAN_POINT('',(3.648615232209,3.514529343786));
#2074 = CARTESIAN_POINT('',(3.646408015602,3.533696917557));
#2075 = CARTESIAN_POINT('',(3.644144270382,3.552633064469));
#2076 = CARTESIAN_POINT('',(3.64183375305,3.571346626221));
#2077 = CARTESIAN_POINT('',(3.639485358572,3.589847449082));
#2078 = CARTESIAN_POINT('',(3.637107088478,3.608146421913));
#2079 = CARTESIAN_POINT('',(3.626286535982,3.689756046551));
#2080 = CARTESIAN_POINT('',(3.617602074894,3.750807299892));
#2081 = CARTESIAN_POINT('',(3.608941069473,3.810087165993));
#2082 = CARTESIAN_POINT('',(3.600512388218,3.867962688494));
#2083 = CARTESIAN_POINT('',(3.592478499718,3.924749542875));
#2084 = CARTESIAN_POINT('',(3.584956704353,3.980706362779));
#2085 = CARTESIAN_POINT('',(3.578032402576,4.036098337929));
#2086 = CARTESIAN_POINT('',(3.569228527085,4.113545659575));
#2087 = CARTESIAN_POINT('',(3.566800245236,4.135813065));
#2088 = CARTESIAN_POINT('',(3.564486381174,4.158032906226));
#2089 = CARTESIAN_POINT('',(3.562290953386,4.180216217848));
#2090 = CARTESIAN_POINT('',(3.560217369742,4.202372822911));
#2091 = CARTESIAN_POINT('',(3.558268415297,4.224511523858));
#2092 = CARTESIAN_POINT('',(3.556446240105,4.246640293494));
#2093 = CARTESIAN_POINT('',(3.55475234702,4.268766465931));
#2094 = ( GEOMETRIC_REPRESENTATION_CONTEXT(2) 
PARAMETRIC_REPRESENTATION_CONTEXT() REPRESENTATION_CONTEXT('2D SPACE',''
  ) );
#2095 = PCURVE('',#845,#2096);
#2096 = DEFINITIONAL_REPRESENTATION('',(#2097),#2170);
#2097 = B_SPLINE_CURVE_WITH_KNOTS('',8,(#2098,#2099,#2100,#2101,#2102,
    #2103,#2104,#2105,#2106,#2107,#2108,#2109,#2110,#2111,#2112,#2113,
    #2114,#2115,#2116,#2117,#2118,#2119,#2120,#2121,#2122,#2123,#2124,
    #2125,#2126,#2127,#2128,#2129,#2130,#2131,#2132,#2133,#2134,#2135,
    #2136,#2137,#2138,#2139,#2140,#2141,#2142,#2143,#2144,#2145,#2146,
    #2147,#2148,#2149,#2150,#2151,#2152,#2153,#2154,#2155,#2156,#2157,
    #2158,#2159,#2160,#2161,#2162,#2163,#2164,#2165,#2166,#2167,#2168,
    #2169),.UNSPECIFIED.,.F.,.F.,(9,7,7,7,7,7,7,7,7,7,9),(0.,
    9.187268863649E-02,0.313618364138,0.376806798378,0.425645659659,
    0.501087573095,0.550161521388,0.624768421648,0.688077762067,
    0.910075461295,1.),.UNSPECIFIED.);
#2098 = CARTESIAN_POINT('',(-0.938549033698,-2.7));
#2099 = CARTESIAN_POINT('',(-0.942382280644,-2.908321325587));
#2100 = CARTESIAN_POINT('',(-0.946696683222,-3.115792357513));
#2101 = CARTESIAN_POINT('',(-0.951496504327,-3.322297443694));
#2102 = CARTESIAN_POINT('',(-0.956785749285,-3.527720804648));
#2103 = CARTESIAN_POINT('',(-0.962568415211,-3.731945932151));
#2104 = CARTESIAN_POINT('',(-0.96884874036,-3.934854987895));
#2105 = CARTESIAN_POINT('',(-0.975631453481,-4.136328202149));
#2106 = CARTESIAN_POINT('',(-1.000518681393,-4.818762103161));
#2107 = CARTESIAN_POINT('',(-1.021043662144,-5.291369235947));
#2108 = CARTESIAN_POINT('',(-1.044591084027,-5.753360661396));
#2109 = CARTESIAN_POINT('',(-1.071289581249,-6.203049230718));
#2110 = CARTESIAN_POINT('',(-1.101284769154,-6.637881624605));
#2111 = CARTESIAN_POINT('',(-1.134771393894,-7.0541703604));
#2112 = CARTESIAN_POINT('',(-1.171976459753,-7.447203476778));
#2113 = CARTESIAN_POINT('',(-1.225121529359,-7.913358497765));
#2114 = CARTESIAN_POINT('',(-1.237238423474,-8.014224257649));
#2115 = CARTESIAN_POINT('',(-1.249693700223,-8.112401831279));
#2116 = CARTESIAN_POINT('',(-1.262493666628,-8.207684429029));
#2117 = CARTESIAN_POINT('',(-1.275643458588,-8.299837202215));
#2118 = CARTESIAN_POINT('',(-1.289146771601,-8.388598930755));
#2119 = CARTESIAN_POINT('',(-1.303005591489,-8.473683710824));
#2120 = CARTESIAN_POINT('',(-1.328206300664,-8.617464674798));
#2121 = CARTESIAN_POINT('',(-1.339404431577,-8.677761933174));
#2122 = CARTESIAN_POINT('',(-1.350813908912,-8.735531179875));
#2123 = CARTESIAN_POINT('',(-1.362432896778,-8.790616710788));
#2124 = CARTESIAN_POINT('',(-1.37425789058,-8.842853762902));
#2125 = CARTESIAN_POINT('',(-1.386283475252,-8.89207192176));
#2126 = CARTESIAN_POINT('',(-1.398502083493,-8.938098528905));
#2127 = CARTESIAN_POINT('',(-1.430060747605,-9.04666494922));
#2128 = CARTESIAN_POINT('',(-1.449662141579,-9.10456974991));
#2129 = CARTESIAN_POINT('',(-1.469661376468,-9.153800360565));
#2130 = CARTESIAN_POINT('',(-1.490000923839,-9.193730957703));
#2131 = CARTESIAN_POINT('',(-1.510611376828,-9.223824027303));
#2132 = CARTESIAN_POINT('',(-1.531410803007,-9.24367537705));
#2133 = CARTESIAN_POINT('',(-1.552304359564,-9.253066158716));
#2134 = CARTESIAN_POINT('',(-1.586766206699,-9.251342624879));
#2135 = CARTESIAN_POINT('',(-1.600345719877,-9.24624771588));
#2136 = CARTESIAN_POINT('',(-1.613894441597,-9.236740403953));
#2137 = CARTESIAN_POINT('',(-1.627385926652,-9.222864522182));
#2138 = CARTESIAN_POINT('',(-1.640795573922,-9.204699552281));
#2139 = CARTESIAN_POINT('',(-1.654100646928,-9.182355670405));
#2140 = CARTESIAN_POINT('',(-1.667280294389,-9.155968792975));
#2141 = CARTESIAN_POINT('',(-1.700133042159,-9.079671459183));
#2142 = CARTESIAN_POINT('',(-1.719617283836,-9.024663719404));
#2143 = CARTESIAN_POINT('',(-1.738708044828,-8.961208898626));
#2144 = CARTESIAN_POINT('',(-1.757361616778,-8.889920631129));
#2145 = CARTESIAN_POINT('',(-1.775548085206,-8.811435701318));
#2146 = CARTESIAN_POINT('',(-1.793249015981,-8.726372749023));
#2147 = CARTESIAN_POINT('',(-1.810455577004,-8.635303668765));
#2148 = CARTESIAN_POINT('',(-1.841348024562,-8.456794510374));
#2149 = CARTESIAN_POINT('',(-1.855171890767,-8.370896258106));
#2150 = CARTESIAN_POINT('',(-1.868639090771,-8.281350295288));
#2151 = CARTESIAN_POINT('',(-1.881751915198,-8.18844067676));
#2152 = CARTESIAN_POINT('',(-1.894514290083,-8.092426603438));
#2153 = CARTESIAN_POINT('',(-1.906931518705,-7.993540862631));
#2154 = CARTESIAN_POINT('',(-1.919010023413,-7.891988268373));
#2155 = CARTESIAN_POINT('',(-1.971948816422,-7.423107484301));
#2156 = CARTESIAN_POINT('',(-2.00899090928,-7.02829651654));
#2157 = CARTESIAN_POINT('',(-2.042318622692,-6.610424177491));
#2158 = CARTESIAN_POINT('',(-2.072157998816,-6.174145853667));
#2159 = CARTESIAN_POINT('',(-2.098702095688,-5.723108007381));
#2160 = CARTESIAN_POINT('',(-2.122094686992,-5.259841766054));
#2161 = CARTESIAN_POINT('',(-2.142462547287,-4.786027975032));
#2162 = CARTESIAN_POINT('',(-2.166961107966,-4.106473228064));
#2163 = CARTESIAN_POINT('',(-2.173537902551,-3.909085474644));
#2164 = CARTESIAN_POINT('',(-2.179633820241,-3.710334163528));
#2165 = CARTESIAN_POINT('',(-2.185253258749,-3.510331395604));
#2166 = CARTESIAN_POINT('',(-2.190400180432,-3.309187586826));
#2167 = CARTESIAN_POINT('',(-2.195078335253,-3.107012001503));
#2168 = CARTESIAN_POINT('',(-2.199291483729,-2.903913285595));
#2169 = CARTESIAN_POINT('',(-2.203043619891,-2.7));
#2170 = ( GEOMETRIC_REPRESENTATION_CONTEXT(2) 
PARAMETRIC_REPRESENTATION_CONTEXT() REPRESENTATION_CONTEXT('2D SPACE',''
  ) );
#2171 = ORIENTED_EDGE('',*,*,#577,.T.);
#2172 = ORIENTED_EDGE('',*,*,#107,.F.);
#2173 = ORIENTED_EDGE('',*,*,#2174,.T.);
#2174 = EDGE_CURVE('',#108,#1386,#2175,.T.);
#2175 = SEAM_CURVE('',#2176,(#2181,#2188),.PCURVE_S1.);
#2176 = CIRCLE('',#2177,45.);
#2177 = AXIS2_PLACEMENT_3D('',#2178,#2179,#2180);
#2178 = CARTESIAN_POINT('',(-2.449293598295E-15,0.,48.824));
#2179 = DIRECTION('',(1.,0.,0.));
#2180 = DIRECTION('',(-0.,0.,1.));
#2181 = PCURVE('',#169,#2182);
#2182 = DEFINITIONAL_REPRESENTATION('',(#2183),#2187);
#2183 = LINE('',#2184,#2185);
#2184 = CARTESIAN_POINT('',(0.,0.));
#2185 = VECTOR('',#2186,1.);
#2186 = DIRECTION('',(1.,0.));
#2187 = ( GEOMETRIC_REPRESENTATION_CONTEXT(2) 
PARAMETRIC_REPRESENTATION_CONTEXT() REPRESENTATION_CONTEXT('2D SPACE',''
  ) );
#2188 = PCURVE('',#169,#2189);
#2189 = DEFINITIONAL_REPRESENTATION('',(#2190),#2194);
#2190 = LINE('',#2191,#2192);
#2191 = CARTESIAN_POINT('',(0.,6.28318530718));
#2192 = VECTOR('',#2193,1.);
#2193 = DIRECTION('',(1.,0.));
#2194 = ( GEOMETRIC_REPRESENTATION_CONTEXT(2) 
PARAMETRIC_REPRESENTATION_CONTEXT() REPRESENTATION_CONTEXT('2D SPACE',''
  ) );
#2195 = ORIENTED_EDGE('',*,*,#1409,.T.);
#2196 = ORIENTED_EDGE('',*,*,#2174,.F.);
#2197 = ORIENTED_EDGE('',*,*,#204,.T.);
#2198 = ADVANCED_FACE('',(#2199),#560,.T.);
#2199 = FACE_BOUND('',#2200,.F.);
#2200 = EDGE_LOOP('',(#2201,#2224,#2225,#2226));
#2201 = ORIENTED_EDGE('',*,*,#2202,.T.);
#2202 = EDGE_CURVE('',#2203,#544,#2205,.T.);
#2203 = VERTEX_POINT('',#2204);
#2204 = CARTESIAN_POINT('',(12.,0.,-36.));
#2205 = SEAM_CURVE('',#2206,(#2210,#2217),.PCURVE_S1.);
#2206 = LINE('',#2207,#2208);
#2207 = CARTESIAN_POINT('',(12.,0.,-36.));
#2208 = VECTOR('',#2209,1.);
#2209 = DIRECTION('',(0.,0.,1.));
#2210 = PCURVE('',#560,#2211);
#2211 = DEFINITIONAL_REPRESENTATION('',(#2212),#2216);
#2212 = LINE('',#2213,#2214);
#2213 = CARTESIAN_POINT('',(-0.,0.));
#2214 = VECTOR('',#2215,1.);
#2215 = DIRECTION('',(-0.,-1.));
#2216 = ( GEOMETRIC_REPRESENTATION_CONTEXT(2) 
PARAMETRIC_REPRESENTATION_CONTEXT() REPRESENTATION_CONTEXT('2D SPACE',''
  ) );
#2217 = PCURVE('',#560,#2218);
#2218 = DEFINITIONAL_REPRESENTATION('',(#2219),#2223);
#2219 = LINE('',#2220,#2221);
#2220 = CARTESIAN_POINT('',(-6.28318530718,0.));
#2221 = VECTOR('',#2222,1.);
#2222 = DIRECTION('',(-0.,-1.));
#2223 = ( GEOMETRIC_REPRESENTATION_CONTEXT(2) 
PARAMETRIC_REPRESENTATION_CONTEXT() REPRESENTATION_CONTEXT('2D SPACE',''
  ) );
#2224 = ORIENTED_EDGE('',*,*,#543,.T.);
#2225 = ORIENTED_EDGE('',*,*,#2202,.F.);
#2226 = ORIENTED_EDGE('',*,*,#2227,.F.);
#2227 = EDGE_CURVE('',#2203,#2203,#2228,.T.);
#2228 = SURFACE_CURVE('',#2229,(#2234,#2241),.PCURVE_S1.);
#2229 = CIRCLE('',#2230,12.);
#2230 = AXIS2_PLACEMENT_3D('',#2231,#2232,#2233);
#2231 = CARTESIAN_POINT('',(0.,0.,-36.));
#2232 = DIRECTION('',(0.,0.,1.));
#2233 = DIRECTION('',(1.,0.,0.));
#2234 = PCURVE('',#560,#2235);
#2235 = DEFINITIONAL_REPRESENTATION('',(#2236),#2240);
#2236 = LINE('',#2237,#2238);
#2237 = CARTESIAN_POINT('',(-0.,0.));
#2238 = VECTOR('',#2239,1.);
#2239 = DIRECTION('',(-1.,0.));
#2240 = ( GEOMETRIC_REPRESENTATION_CONTEXT(2) 
PARAMETRIC_REPRESENTATION_CONTEXT() REPRESENTATION_CONTEXT('2D SPACE',''
  ) );
#2241 = PCURVE('',#2242,#2247);
#2242 = PLANE('',#2243);
#2243 = AXIS2_PLACEMENT_3D('',#2244,#2245,#2246);
#2244 = CARTESIAN_POINT('',(-6.837200662697E-16,4.217680353673E-16,-36.)
  );
#2245 = DIRECTION('',(0.,0.,1.));
#2246 = DIRECTION('',(1.,0.,-0.));
#2247 = DEFINITIONAL_REPRESENTATION('',(#2248),#2252);
#2248 = CIRCLE('',#2249,12.);
#2249 = AXIS2_PLACEMENT_2D('',#2250,#2251);
#2250 = CARTESIAN_POINT('',(6.837200662697E-16,-4.217680353673E-16));
#2251 = DIRECTION('',(1.,0.));
#2252 = ( GEOMETRIC_REPRESENTATION_CONTEXT(2) 
PARAMETRIC_REPRESENTATION_CONTEXT() REPRESENTATION_CONTEXT('2D SPACE',''
  ) );
#2253 = ADVANCED_FACE('',(#2254),#845,.T.);
#2254 = FACE_BOUND('',#2255,.T.);
#2255 = EDGE_LOOP('',(#2256,#2276,#2277,#2278,#2279,#2280,#2281,#2282));
#2256 = ORIENTED_EDGE('',*,*,#2257,.F.);
#2257 = EDGE_CURVE('',#829,#2258,#2260,.T.);
#2258 = VERTEX_POINT('',#2259);
#2259 = CARTESIAN_POINT('',(12.,0.,28.824));
#2260 = SEAM_CURVE('',#2261,(#2264,#2270),.PCURVE_S1.);
#2261 = B_SPLINE_CURVE_WITH_KNOTS('',1,(#2262,#2263),.UNSPECIFIED.,.F.,
  .F.,(2,2),(0.,1.),.PIECEWISE_BEZIER_KNOTS.);
#2262 = CARTESIAN_POINT('',(16.375,0.,18.));
#2263 = CARTESIAN_POINT('',(12.,0.,28.824));
#2264 = PCURVE('',#845,#2265);
#2265 = DEFINITIONAL_REPRESENTATION('',(#2266),#2269);
#2266 = B_SPLINE_CURVE_WITH_KNOTS('',1,(#2267,#2268),.UNSPECIFIED.,.F.,
  .F.,(2,2),(0.,1.),.PIECEWISE_BEZIER_KNOTS.);
#2267 = CARTESIAN_POINT('',(0.,0.));
#2268 = CARTESIAN_POINT('',(0.,-10.824));
#2269 = ( GEOMETRIC_REPRESENTATION_CONTEXT(2) 
PARAMETRIC_REPRESENTATION_CONTEXT() REPRESENTATION_CONTEXT('2D SPACE',''
  ) );
#2270 = PCURVE('',#845,#2271);
#2271 = DEFINITIONAL_REPRESENTATION('',(#2272),#2275);
#2272 = B_SPLINE_CURVE_WITH_KNOTS('',1,(#2273,#2274),.UNSPECIFIED.,.F.,
  .F.,(2,2),(0.,1.),.PIECEWISE_BEZIER_KNOTS.);
#2273 = CARTESIAN_POINT('',(-6.28318530718,0.));
#2274 = CARTESIAN_POINT('',(-6.28318530718,-10.824));
#2275 = ( GEOMETRIC_REPRESENTATION_CONTEXT(2) 
PARAMETRIC_REPRESENTATION_CONTEXT() REPRESENTATION_CONTEXT('2D SPACE',''
  ) );
#2276 = ORIENTED_EDGE('',*,*,#828,.T.);
#2277 = ORIENTED_EDGE('',*,*,#1944,.T.);
#2278 = ORIENTED_EDGE('',*,*,#1918,.T.);
#2279 = ORIENTED_EDGE('',*,*,#1434,.F.);
#2280 = ORIENTED_EDGE('',*,*,#857,.T.);
#2281 = ORIENTED_EDGE('',*,*,#2257,.T.);
#2282 = ORIENTED_EDGE('',*,*,#2283,.F.);
#2283 = EDGE_CURVE('',#2258,#2258,#2284,.T.);
#2284 = SURFACE_CURVE('',#2285,(#2290,#2297),.PCURVE_S1.);
#2285 = CIRCLE('',#2286,12.);
#2286 = AXIS2_PLACEMENT_3D('',#2287,#2288,#2289);
#2287 = CARTESIAN_POINT('',(0.,0.,28.824));
#2288 = DIRECTION('',(0.,0.,1.));
#2289 = DIRECTION('',(1.,0.,0.));
#2290 = PCURVE('',#845,#2291);
#2291 = DEFINITIONAL_REPRESENTATION('',(#2292),#2296);
#2292 = LINE('',#2293,#2294);
#2293 = CARTESIAN_POINT('',(-0.,-10.824));
#2294 = VECTOR('',#2295,1.);
#2295 = DIRECTION('',(-1.,-0.));
#2296 = ( GEOMETRIC_REPRESENTATION_CONTEXT(2) 
PARAMETRIC_REPRESENTATION_CONTEXT() REPRESENTATION_CONTEXT('2D SPACE',''
  ) );
#2297 = PCURVE('',#2298,#2303);
#2298 = PLANE('',#2299);
#2299 = AXIS2_PLACEMENT_3D('',#2300,#2301,#2302);
#2300 = CARTESIAN_POINT('',(0.,0.,28.824));
#2301 = DIRECTION('',(0.,0.,1.));
#2302 = DIRECTION('',(1.,0.,0.));
#2303 = DEFINITIONAL_REPRESENTATION('',(#2304),#2308);
#2304 = CIRCLE('',#2305,12.);
#2305 = AXIS2_PLACEMENT_2D('',#2306,#2307);
#2306 = CARTESIAN_POINT('',(0.,0.));
#2307 = DIRECTION('',(1.,0.));
#2308 = ( GEOMETRIC_REPRESENTATION_CONTEXT(2) 
PARAMETRIC_REPRESENTATION_CONTEXT() REPRESENTATION_CONTEXT('2D SPACE',''
  ) );
#2309 = ADVANCED_FACE('',(#2310),#2242,.F.);
#2310 = FACE_BOUND('',#2311,.F.);
#2311 = EDGE_LOOP('',(#2312));
#2312 = ORIENTED_EDGE('',*,*,#2227,.T.);
#2313 = ADVANCED_FACE('',(#2314),#2298,.T.);
#2314 = FACE_BOUND('',#2315,.T.);
#2315 = EDGE_LOOP('',(#2316));
#2316 = ORIENTED_EDGE('',*,*,#2283,.T.);
#2317 = ( GEOMETRIC_REPRESENTATION_CONTEXT(3) 
GLOBAL_UNCERTAINTY_ASSIGNED_CONTEXT((#2321)) 
GLOBAL_UNIT_ASSIGNED_CONTEXT((#2318,#2319,#2320)) REPRESENTATION_CONTEXT
('Context #1','3D Context with UNIT and UNCERTAINTY') );
#2318 = ( LENGTH_UNIT() NAMED_UNIT(*) SI_UNIT(.MILLI.,.METRE.) );
#2319 = ( NAMED_UNIT(*) PLANE_ANGLE_UNIT() SI_UNIT($,.RADIAN.) );
#2320 = ( NAMED_UNIT(*) SI_UNIT($,.STERADIAN.) SOLID_ANGLE_UNIT() );
#2321 = UNCERTAINTY_MEASURE_WITH_UNIT(LENGTH_MEASURE(5.E-07),#2318,
  'distance_accuracy_value','confusion accuracy');
#2322 = PRODUCT_RELATED_PRODUCT_CATEGORY('part',$,(#7));
ENDSEC;
END-ISO-10303-21;
