ISO-10303-21;
HEADER;
FILE_DESCRIPTION(('Open CASCADE Model'),'2;1');
FILE_NAME('Open CASCADE Shape Model','2026-05-03T08:10:32',('Author'),(
    'Open CASCADE'),'Open CASCADE STEP processor 7.9','Open CASCADE 7.9'
  ,'Unknown');
FILE_SCHEMA(('AUTOMOTIVE_DESIGN { 1 0 10303 214 1 1 1 1 }'));
ENDSEC;
DATA;
#1 = APPLICATION_PROTOCOL_DEFINITION('international standard',
  'automotive_design',2000,#2);
#2 = APPLICATION_CONTEXT(
  'core data for automotive mechanical design processes');
#3 = SHAPE_DEFINITION_REPRESENTATION(#4,#10);
#4 = PRODUCT_DEFINITION_SHAPE('','',#5);
#5 = PRODUCT_DEFINITION('design','',#6,#9);
#6 = PRODUCT_DEFINITION_FORMATION('','',#7);
#7 = PRODUCT('Open CASCADE STEP translator 7.9 1',
  'Open CASCADE STEP translator 7.9 1','',(#8));
#8 = PRODUCT_CONTEXT('',#2,'mechanical');
#9 = PRODUCT_DEFINITION_CONTEXT('part definition',#2,'design');
#10 = SHAPE_REPRESENTATION('',(#11,#15),#19);
#11 = AXIS2_PLACEMENT_3D('',#12,#13,#14);
#12 = CARTESIAN_POINT('',(0.,0.,0.));
#13 = DIRECTION('',(0.,0.,1.));
#14 = DIRECTION('',(1.,0.,-0.));
#15 = AXIS2_PLACEMENT_3D('',#16,#17,#18);
#16 = CARTESIAN_POINT('',(0.,0.,0.));
#17 = DIRECTION('',(0.,0.,1.));
#18 = DIRECTION('',(1.,0.,-0.));
#19 = ( GEOMETRIC_REPRESENTATION_CONTEXT(3) 
GLOBAL_UNCERTAINTY_ASSIGNED_CONTEXT((#23)) GLOBAL_UNIT_ASSIGNED_CONTEXT(
(#20,#21,#22)) REPRESENTATION_CONTEXT('Context #1',
  '3D Context with UNIT and UNCERTAINTY') );
#20 = ( LENGTH_UNIT() NAMED_UNIT(*) SI_UNIT(.MILLI.,.METRE.) );
#21 = ( NAMED_UNIT(*) PLANE_ANGLE_UNIT() SI_UNIT($,.RADIAN.) );
#22 = ( NAMED_UNIT(*) SI_UNIT($,.STERADIAN.) SOLID_ANGLE_UNIT() );
#23 = UNCERTAINTY_MEASURE_WITH_UNIT(LENGTH_MEASURE(1.E-07),#20,
  'distance_accuracy_value','confusion accuracy');
#24 = PRODUCT_RELATED_PRODUCT_CATEGORY('part',$,(#7));
#25 = SHAPE_DEFINITION_REPRESENTATION(#26,#32);
#26 = PRODUCT_DEFINITION_SHAPE('','',#27);
#27 = PRODUCT_DEFINITION('design','',#28,#31);
#28 = PRODUCT_DEFINITION_FORMATION('','',#29);
#29 = PRODUCT('Open CASCADE STEP translator 7.9 1.1',
  'Open CASCADE STEP translator 7.9 1.1','',(#30));
#30 = PRODUCT_CONTEXT('',#2,'mechanical');
#31 = PRODUCT_DEFINITION_CONTEXT('part definition',#2,'design');
#32 = SHAPE_REPRESENTATION('',(#11,#33,#37),#41);
#33 = AXIS2_PLACEMENT_3D('',#34,#35,#36);
#34 = CARTESIAN_POINT('',(0.,0.,0.));
#35 = DIRECTION('',(0.,0.,1.));
#36 = DIRECTION('',(1.,0.,-0.));
#37 = AXIS2_PLACEMENT_3D('',#38,#39,#40);
#38 = CARTESIAN_POINT('',(0.,0.,0.));
#39 = DIRECTION('',(0.,0.,1.));
#40 = DIRECTION('',(1.,0.,-0.));
#41 = ( GEOMETRIC_REPRESENTATION_CONTEXT(3) 
GLOBAL_UNCERTAINTY_ASSIGNED_CONTEXT((#45)) GLOBAL_UNIT_ASSIGNED_CONTEXT(
(#42,#43,#44)) REPRESENTATION_CONTEXT('Context #1',
  '3D Context with UNIT and UNCERTAINTY') );
#42 = ( LENGTH_UNIT() NAMED_UNIT(*) SI_UNIT(.MILLI.,.METRE.) );
#43 = ( NAMED_UNIT(*) PLANE_ANGLE_UNIT() SI_UNIT($,.RADIAN.) );
#44 = ( NAMED_UNIT(*) SI_UNIT($,.STERADIAN.) SOLID_ANGLE_UNIT() );
#45 = UNCERTAINTY_MEASURE_WITH_UNIT(LENGTH_MEASURE(1.E-07),#42,
  'distance_accuracy_value','confusion accuracy');
#46 = CONTEXT_DEPENDENT_SHAPE_REPRESENTATION(#47,#49);
#47 = ( REPRESENTATION_RELATIONSHIP('','',#32,#10) 
REPRESENTATION_RELATIONSHIP_WITH_TRANSFORMATION(#48) 
SHAPE_REPRESENTATION_RELATIONSHIP() );
#48 = ITEM_DEFINED_TRANSFORMATION('','',#11,#15);
#49 = PRODUCT_DEFINITION_SHAPE('Placement','Placement of an item',#50);
#50 = NEXT_ASSEMBLY_USAGE_OCCURRENCE('3','','',#5,#27,$);
#51 = PRODUCT_RELATED_PRODUCT_CATEGORY('part',$,(#29));
#52 = SHAPE_DEFINITION_REPRESENTATION(#53,#59);
#53 = PRODUCT_DEFINITION_SHAPE('','',#54);
#54 = PRODUCT_DEFINITION('design','',#55,#58);
#55 = PRODUCT_DEFINITION_FORMATION('','',#56);
#56 = PRODUCT('Open CASCADE STEP translator 7.9 1.1.1',
  'Open CASCADE STEP translator 7.9 1.1.1','',(#57));
#57 = PRODUCT_CONTEXT('',#2,'mechanical');
#58 = PRODUCT_DEFINITION_CONTEXT('part definition',#2,'design');
#59 = ADVANCED_BREP_SHAPE_REPRESENTATION('',(#11,#60),#350);
#60 = MANIFOLD_SOLID_BREP('',#61);
#61 = CLOSED_SHELL('',(#62,#149,#204,#239,#274,#323));
#62 = ADVANCED_FACE('',(#63),#77,.T.);
#63 = FACE_BOUND('',#64,.F.);
#64 = EDGE_LOOP('',(#65,#95,#122,#123));
#65 = ORIENTED_EDGE('',*,*,#66,.T.);
#66 = EDGE_CURVE('',#67,#69,#71,.T.);
#67 = VERTEX_POINT('',#68);
#68 = CARTESIAN_POINT('',(35.,23.5,0.));
#69 = VERTEX_POINT('',#70);
#70 = CARTESIAN_POINT('',(35.,20.5,3.330669073875E-16));
#71 = SEAM_CURVE('',#72,(#76,#88),.PCURVE_S1.);
#72 = LINE('',#73,#74);
#73 = CARTESIAN_POINT('',(35.,23.5,0.));
#74 = VECTOR('',#75,1.);
#75 = DIRECTION('',(0.,-1.,1.110223024625E-16));
#76 = PCURVE('',#77,#82);
#77 = CYLINDRICAL_SURFACE('',#78,35.);
#78 = AXIS2_PLACEMENT_3D('',#79,#80,#81);
#79 = CARTESIAN_POINT('',(0.,23.5,0.));
#80 = DIRECTION('',(-0.,1.,-1.110223024625E-16));
#81 = DIRECTION('',(1.,0.,0.));
#82 = DEFINITIONAL_REPRESENTATION('',(#83),#87);
#83 = LINE('',#84,#85);
#84 = CARTESIAN_POINT('',(-0.,0.));
#85 = VECTOR('',#86,1.);
#86 = DIRECTION('',(-0.,-1.));
#87 = ( GEOMETRIC_REPRESENTATION_CONTEXT(2) 
PARAMETRIC_REPRESENTATION_CONTEXT() REPRESENTATION_CONTEXT('2D SPACE',''
  ) );
#88 = PCURVE('',#77,#89);
#89 = DEFINITIONAL_REPRESENTATION('',(#90),#94);
#90 = LINE('',#91,#92);
#91 = CARTESIAN_POINT('',(-6.28318530718,0.));
#92 = VECTOR('',#93,1.);
#93 = DIRECTION('',(-0.,-1.));
#94 = ( GEOMETRIC_REPRESENTATION_CONTEXT(2) 
PARAMETRIC_REPRESENTATION_CONTEXT() REPRESENTATION_CONTEXT('2D SPACE',''
  ) );
#95 = ORIENTED_EDGE('',*,*,#96,.T.);
#96 = EDGE_CURVE('',#69,#69,#97,.T.);
#97 = SURFACE_CURVE('',#98,(#103,#110),.PCURVE_S1.);
#98 = CIRCLE('',#99,35.);
#99 = AXIS2_PLACEMENT_3D('',#100,#101,#102);
#100 = CARTESIAN_POINT('',(0.,20.5,3.330669073875E-16));
#101 = DIRECTION('',(0.,-1.,1.110223024625E-16));
#102 = DIRECTION('',(1.,0.,0.));
#103 = PCURVE('',#77,#104);
#104 = DEFINITIONAL_REPRESENTATION('',(#105),#109);
#105 = LINE('',#106,#107);
#106 = CARTESIAN_POINT('',(-0.,-3.));
#107 = VECTOR('',#108,1.);
#108 = DIRECTION('',(-1.,0.));
#109 = ( GEOMETRIC_REPRESENTATION_CONTEXT(2) 
PARAMETRIC_REPRESENTATION_CONTEXT() REPRESENTATION_CONTEXT('2D SPACE',''
  ) );
#110 = PCURVE('',#111,#116);
#111 = PLANE('',#112);
#112 = AXIS2_PLACEMENT_3D('',#113,#114,#115);
#113 = CARTESIAN_POINT('',(-1.250230978322E-15,20.5,2.655005243348E-15)
  );
#114 = DIRECTION('',(-0.,-1.,-0.));
#115 = DIRECTION('',(0.,0.,-1.));
#116 = DEFINITIONAL_REPRESENTATION('',(#117),#121);
#117 = CIRCLE('',#118,35.);
#118 = AXIS2_PLACEMENT_2D('',#119,#120);
#119 = CARTESIAN_POINT('',(2.32193833596E-15,1.250230978322E-15));
#120 = DIRECTION('',(0.,1.));
#121 = ( GEOMETRIC_REPRESENTATION_CONTEXT(2) 
PARAMETRIC_REPRESENTATION_CONTEXT() REPRESENTATION_CONTEXT('2D SPACE',''
  ) );
#122 = ORIENTED_EDGE('',*,*,#66,.F.);
#123 = ORIENTED_EDGE('',*,*,#124,.F.);
#124 = EDGE_CURVE('',#67,#67,#125,.T.);
#125 = SURFACE_CURVE('',#126,(#131,#138),.PCURVE_S1.);
#126 = CIRCLE('',#127,35.);
#127 = AXIS2_PLACEMENT_3D('',#128,#129,#130);
#128 = CARTESIAN_POINT('',(0.,23.5,0.));
#129 = DIRECTION('',(0.,-1.,1.110223024625E-16));
#130 = DIRECTION('',(1.,0.,0.));
#131 = PCURVE('',#77,#132);
#132 = DEFINITIONAL_REPRESENTATION('',(#133),#137);
#133 = LINE('',#134,#135);
#134 = CARTESIAN_POINT('',(-0.,0.));
#135 = VECTOR('',#136,1.);
#136 = DIRECTION('',(-1.,0.));
#137 = ( GEOMETRIC_REPRESENTATION_CONTEXT(2) 
PARAMETRIC_REPRESENTATION_CONTEXT() REPRESENTATION_CONTEXT('2D SPACE',''
  ) );
#138 = PCURVE('',#139,#144);
#139 = CYLINDRICAL_SURFACE('',#140,35.);
#140 = AXIS2_PLACEMENT_3D('',#141,#142,#143);
#141 = CARTESIAN_POINT('',(0.,23.5,0.));
#142 = DIRECTION('',(0.,-1.,1.110223024625E-16));
#143 = DIRECTION('',(1.,0.,0.));
#144 = DEFINITIONAL_REPRESENTATION('',(#145),#148);
#145 = B_SPLINE_CURVE_WITH_KNOTS('',1,(#146,#147),.UNSPECIFIED.,.F.,.F.,
  (2,2),(0.,6.28318530718),.PIECEWISE_BEZIER_KNOTS.);
#146 = CARTESIAN_POINT('',(0.,0.));
#147 = CARTESIAN_POINT('',(6.28318530718,0.));
#148 = ( GEOMETRIC_REPRESENTATION_CONTEXT(2) 
PARAMETRIC_REPRESENTATION_CONTEXT() REPRESENTATION_CONTEXT('2D SPACE',''
  ) );
#149 = ADVANCED_FACE('',(#150),#139,.T.);
#150 = FACE_BOUND('',#151,.T.);
#151 = EDGE_LOOP('',(#152,#175,#202,#203));
#152 = ORIENTED_EDGE('',*,*,#153,.T.);
#153 = EDGE_CURVE('',#67,#154,#156,.T.);
#154 = VERTEX_POINT('',#155);
#155 = CARTESIAN_POINT('',(35.,26.5,-3.330669073875E-16));
#156 = SEAM_CURVE('',#157,(#161,#168),.PCURVE_S1.);
#157 = LINE('',#158,#159);
#158 = CARTESIAN_POINT('',(35.,23.5,0.));
#159 = VECTOR('',#160,1.);
#160 = DIRECTION('',(-0.,1.,-1.110223024625E-16));
#161 = PCURVE('',#139,#162);
#162 = DEFINITIONAL_REPRESENTATION('',(#163),#167);
#163 = LINE('',#164,#165);
#164 = CARTESIAN_POINT('',(0.,0.));
#165 = VECTOR('',#166,1.);
#166 = DIRECTION('',(0.,-1.));
#167 = ( GEOMETRIC_REPRESENTATION_CONTEXT(2) 
PARAMETRIC_REPRESENTATION_CONTEXT() REPRESENTATION_CONTEXT('2D SPACE',''
  ) );
#168 = PCURVE('',#139,#169);
#169 = DEFINITIONAL_REPRESENTATION('',(#170),#174);
#170 = LINE('',#171,#172);
#171 = CARTESIAN_POINT('',(6.28318530718,0.));
#172 = VECTOR('',#173,1.);
#173 = DIRECTION('',(0.,-1.));
#174 = ( GEOMETRIC_REPRESENTATION_CONTEXT(2) 
PARAMETRIC_REPRESENTATION_CONTEXT() REPRESENTATION_CONTEXT('2D SPACE',''
  ) );
#175 = ORIENTED_EDGE('',*,*,#176,.T.);
#176 = EDGE_CURVE('',#154,#154,#177,.T.);
#177 = SURFACE_CURVE('',#178,(#183,#190),.PCURVE_S1.);
#178 = CIRCLE('',#179,35.);
#179 = AXIS2_PLACEMENT_3D('',#180,#181,#182);
#180 = CARTESIAN_POINT('',(0.,26.5,-3.330669073875E-16));
#181 = DIRECTION('',(0.,-1.,1.110223024625E-16));
#182 = DIRECTION('',(1.,0.,0.));
#183 = PCURVE('',#139,#184);
#184 = DEFINITIONAL_REPRESENTATION('',(#185),#189);
#185 = LINE('',#186,#187);
#186 = CARTESIAN_POINT('',(0.,-3.));
#187 = VECTOR('',#188,1.);
#188 = DIRECTION('',(1.,0.));
#189 = ( GEOMETRIC_REPRESENTATION_CONTEXT(2) 
PARAMETRIC_REPRESENTATION_CONTEXT() REPRESENTATION_CONTEXT('2D SPACE',''
  ) );
#190 = PCURVE('',#191,#196);
#191 = PLANE('',#192);
#192 = AXIS2_PLACEMENT_3D('',#193,#194,#195);
#193 = CARTESIAN_POINT('',(-1.250230978322E-15,26.5,1.988871428572E-15)
  );
#194 = DIRECTION('',(-0.,-1.,-0.));
#195 = DIRECTION('',(0.,0.,-1.));
#196 = DEFINITIONAL_REPRESENTATION('',(#197),#201);
#197 = CIRCLE('',#198,35.);
#198 = AXIS2_PLACEMENT_2D('',#199,#200);
#199 = CARTESIAN_POINT('',(2.32193833596E-15,1.250230978322E-15));
#200 = DIRECTION('',(0.,1.));
#201 = ( GEOMETRIC_REPRESENTATION_CONTEXT(2) 
PARAMETRIC_REPRESENTATION_CONTEXT() REPRESENTATION_CONTEXT('2D SPACE',''
  ) );
#202 = ORIENTED_EDGE('',*,*,#153,.F.);
#203 = ORIENTED_EDGE('',*,*,#124,.F.);
#204 = ADVANCED_FACE('',(#205,#208),#111,.T.);
#205 = FACE_BOUND('',#206,.T.);
#206 = EDGE_LOOP('',(#207));
#207 = ORIENTED_EDGE('',*,*,#96,.T.);
#208 = FACE_BOUND('',#209,.T.);
#209 = EDGE_LOOP('',(#210));
#210 = ORIENTED_EDGE('',*,*,#211,.F.);
#211 = EDGE_CURVE('',#212,#212,#214,.T.);
#212 = VERTEX_POINT('',#213);
#213 = CARTESIAN_POINT('',(26.,20.5,4.41599394223E-16));
#214 = SURFACE_CURVE('',#215,(#220,#227),.PCURVE_S1.);
#215 = CIRCLE('',#216,26.);
#216 = AXIS2_PLACEMENT_3D('',#217,#218,#219);
#217 = CARTESIAN_POINT('',(1.671608690878E-13,20.5,4.41599394223E-16));
#218 = DIRECTION('',(0.,-1.,1.110223024625E-16));
#219 = DIRECTION('',(1.,0.,0.));
#220 = PCURVE('',#111,#221);
#221 = DEFINITIONAL_REPRESENTATION('',(#222),#226);
#222 = CIRCLE('',#223,26.);
#223 = AXIS2_PLACEMENT_2D('',#224,#225);
#224 = CARTESIAN_POINT('',(2.213405849125E-15,1.684111000661E-13));
#225 = DIRECTION('',(0.,1.));
#226 = ( GEOMETRIC_REPRESENTATION_CONTEXT(2) 
PARAMETRIC_REPRESENTATION_CONTEXT() REPRESENTATION_CONTEXT('2D SPACE',''
  ) );
#227 = PCURVE('',#228,#233);
#228 = CYLINDRICAL_SURFACE('',#229,26.);
#229 = AXIS2_PLACEMENT_3D('',#230,#231,#232);
#230 = CARTESIAN_POINT('',(1.671608690878E-13,23.5,1.085324868355E-16));
#231 = DIRECTION('',(-0.,1.,-1.110223024625E-16));
#232 = DIRECTION('',(1.,0.,0.));
#233 = DEFINITIONAL_REPRESENTATION('',(#234),#238);
#234 = LINE('',#235,#236);
#235 = CARTESIAN_POINT('',(-0.,-3.));
#236 = VECTOR('',#237,1.);
#237 = DIRECTION('',(-1.,0.));
#238 = ( GEOMETRIC_REPRESENTATION_CONTEXT(2) 
PARAMETRIC_REPRESENTATION_CONTEXT() REPRESENTATION_CONTEXT('2D SPACE',''
  ) );
#239 = ADVANCED_FACE('',(#240,#243),#191,.F.);
#240 = FACE_BOUND('',#241,.F.);
#241 = EDGE_LOOP('',(#242));
#242 = ORIENTED_EDGE('',*,*,#176,.T.);
#243 = FACE_BOUND('',#244,.F.);
#244 = EDGE_LOOP('',(#245));
#245 = ORIENTED_EDGE('',*,*,#246,.F.);
#246 = EDGE_CURVE('',#247,#247,#249,.T.);
#247 = VERTEX_POINT('',#248);
#248 = CARTESIAN_POINT('',(26.,26.5,-2.245344205521E-16));
#249 = SURFACE_CURVE('',#250,(#255,#262),.PCURVE_S1.);
#250 = CIRCLE('',#251,26.);
#251 = AXIS2_PLACEMENT_3D('',#252,#253,#254);
#252 = CARTESIAN_POINT('',(1.671608690878E-13,26.5,-2.245344205521E-16)
  );
#253 = DIRECTION('',(0.,-1.,1.110223024625E-16));
#254 = DIRECTION('',(1.,0.,0.));
#255 = PCURVE('',#191,#256);
#256 = DEFINITIONAL_REPRESENTATION('',(#257),#261);
#257 = CIRCLE('',#258,26.);
#258 = AXIS2_PLACEMENT_2D('',#259,#260);
#259 = CARTESIAN_POINT('',(2.213405849125E-15,1.684111000661E-13));
#260 = DIRECTION('',(0.,1.));
#261 = ( GEOMETRIC_REPRESENTATION_CONTEXT(2) 
PARAMETRIC_REPRESENTATION_CONTEXT() REPRESENTATION_CONTEXT('2D SPACE',''
  ) );
#262 = PCURVE('',#263,#268);
#263 = CYLINDRICAL_SURFACE('',#264,26.);
#264 = AXIS2_PLACEMENT_3D('',#265,#266,#267);
#265 = CARTESIAN_POINT('',(1.671608690878E-13,23.5,1.085324868355E-16));
#266 = DIRECTION('',(0.,-1.,1.110223024625E-16));
#267 = DIRECTION('',(1.,0.,0.));
#268 = DEFINITIONAL_REPRESENTATION('',(#269),#273);
#269 = LINE('',#270,#271);
#270 = CARTESIAN_POINT('',(0.,-3.));
#271 = VECTOR('',#272,1.);
#272 = DIRECTION('',(1.,0.));
#273 = ( GEOMETRIC_REPRESENTATION_CONTEXT(2) 
PARAMETRIC_REPRESENTATION_CONTEXT() REPRESENTATION_CONTEXT('2D SPACE',''
  ) );
#274 = ADVANCED_FACE('',(#275),#228,.F.);
#275 = FACE_BOUND('',#276,.T.);
#276 = EDGE_LOOP('',(#277,#300,#301,#302));
#277 = ORIENTED_EDGE('',*,*,#278,.T.);
#278 = EDGE_CURVE('',#279,#212,#281,.T.);
#279 = VERTEX_POINT('',#280);
#280 = CARTESIAN_POINT('',(26.,23.5,1.085324868355E-16));
#281 = SEAM_CURVE('',#282,(#286,#293),.PCURVE_S1.);
#282 = LINE('',#283,#284);
#283 = CARTESIAN_POINT('',(26.,23.5,1.085324868355E-16));
#284 = VECTOR('',#285,1.);
#285 = DIRECTION('',(0.,-1.,1.110223024625E-16));
#286 = PCURVE('',#228,#287);
#287 = DEFINITIONAL_REPRESENTATION('',(#288),#292);
#288 = LINE('',#289,#290);
#289 = CARTESIAN_POINT('',(-0.,0.));
#290 = VECTOR('',#291,1.);
#291 = DIRECTION('',(-0.,-1.));
#292 = ( GEOMETRIC_REPRESENTATION_CONTEXT(2) 
PARAMETRIC_REPRESENTATION_CONTEXT() REPRESENTATION_CONTEXT('2D SPACE',''
  ) );
#293 = PCURVE('',#228,#294);
#294 = DEFINITIONAL_REPRESENTATION('',(#295),#299);
#295 = LINE('',#296,#297);
#296 = CARTESIAN_POINT('',(-6.28318530718,0.));
#297 = VECTOR('',#298,1.);
#298 = DIRECTION('',(-0.,-1.));
#299 = ( GEOMETRIC_REPRESENTATION_CONTEXT(2) 
PARAMETRIC_REPRESENTATION_CONTEXT() REPRESENTATION_CONTEXT('2D SPACE',''
  ) );
#300 = ORIENTED_EDGE('',*,*,#211,.T.);
#301 = ORIENTED_EDGE('',*,*,#278,.F.);
#302 = ORIENTED_EDGE('',*,*,#303,.F.);
#303 = EDGE_CURVE('',#279,#279,#304,.T.);
#304 = SURFACE_CURVE('',#305,(#310,#317),.PCURVE_S1.);
#305 = CIRCLE('',#306,26.);
#306 = AXIS2_PLACEMENT_3D('',#307,#308,#309);
#307 = CARTESIAN_POINT('',(1.671608690878E-13,23.5,1.085324868355E-16));
#308 = DIRECTION('',(0.,-1.,1.110223024625E-16));
#309 = DIRECTION('',(1.,0.,0.));
#310 = PCURVE('',#228,#311);
#311 = DEFINITIONAL_REPRESENTATION('',(#312),#316);
#312 = LINE('',#313,#314);
#313 = CARTESIAN_POINT('',(-0.,0.));
#314 = VECTOR('',#315,1.);
#315 = DIRECTION('',(-1.,0.));
#316 = ( GEOMETRIC_REPRESENTATION_CONTEXT(2) 
PARAMETRIC_REPRESENTATION_CONTEXT() REPRESENTATION_CONTEXT('2D SPACE',''
  ) );
#317 = PCURVE('',#263,#318);
#318 = DEFINITIONAL_REPRESENTATION('',(#319),#322);
#319 = B_SPLINE_CURVE_WITH_KNOTS('',1,(#320,#321),.UNSPECIFIED.,.F.,.F.,
  (2,2),(0.,6.28318530718),.PIECEWISE_BEZIER_KNOTS.);
#320 = CARTESIAN_POINT('',(0.,0.));
#321 = CARTESIAN_POINT('',(6.28318530718,0.));
#322 = ( GEOMETRIC_REPRESENTATION_CONTEXT(2) 
PARAMETRIC_REPRESENTATION_CONTEXT() REPRESENTATION_CONTEXT('2D SPACE',''
  ) );
#323 = ADVANCED_FACE('',(#324),#263,.F.);
#324 = FACE_BOUND('',#325,.F.);
#325 = EDGE_LOOP('',(#326,#347,#348,#349));
#326 = ORIENTED_EDGE('',*,*,#327,.T.);
#327 = EDGE_CURVE('',#279,#247,#328,.T.);
#328 = SEAM_CURVE('',#329,(#333,#340),.PCURVE_S1.);
#329 = LINE('',#330,#331);
#330 = CARTESIAN_POINT('',(26.,23.5,1.085324868355E-16));
#331 = VECTOR('',#332,1.);
#332 = DIRECTION('',(-0.,1.,-1.110223024625E-16));
#333 = PCURVE('',#263,#334);
#334 = DEFINITIONAL_REPRESENTATION('',(#335),#339);
#335 = LINE('',#336,#337);
#336 = CARTESIAN_POINT('',(0.,0.));
#337 = VECTOR('',#338,1.);
#338 = DIRECTION('',(0.,-1.));
#339 = ( GEOMETRIC_REPRESENTATION_CONTEXT(2) 
PARAMETRIC_REPRESENTATION_CONTEXT() REPRESENTATION_CONTEXT('2D SPACE',''
  ) );
#340 = PCURVE('',#263,#341);
#341 = DEFINITIONAL_REPRESENTATION('',(#342),#346);
#342 = LINE('',#343,#344);
#343 = CARTESIAN_POINT('',(6.28318530718,0.));
#344 = VECTOR('',#345,1.);
#345 = DIRECTION('',(0.,-1.));
#346 = ( GEOMETRIC_REPRESENTATION_CONTEXT(2) 
PARAMETRIC_REPRESENTATION_CONTEXT() REPRESENTATION_CONTEXT('2D SPACE',''
  ) );
#347 = ORIENTED_EDGE('',*,*,#246,.T.);
#348 = ORIENTED_EDGE('',*,*,#327,.F.);
#349 = ORIENTED_EDGE('',*,*,#303,.F.);
#350 = ( GEOMETRIC_REPRESENTATION_CONTEXT(3) 
GLOBAL_UNCERTAINTY_ASSIGNED_CONTEXT((#354)) GLOBAL_UNIT_ASSIGNED_CONTEXT
((#351,#352,#353)) REPRESENTATION_CONTEXT('Context #1',
  '3D Context with UNIT and UNCERTAINTY') );
#351 = ( LENGTH_UNIT() NAMED_UNIT(*) SI_UNIT(.MILLI.,.METRE.) );
#352 = ( NAMED_UNIT(*) PLANE_ANGLE_UNIT() SI_UNIT($,.RADIAN.) );
#353 = ( NAMED_UNIT(*) SI_UNIT($,.STERADIAN.) SOLID_ANGLE_UNIT() );
#354 = UNCERTAINTY_MEASURE_WITH_UNIT(LENGTH_MEASURE(1.E-07),#351,
  'distance_accuracy_value','confusion accuracy');
#355 = CONTEXT_DEPENDENT_SHAPE_REPRESENTATION(#356,#358);
#356 = ( REPRESENTATION_RELATIONSHIP('','',#59,#32) 
REPRESENTATION_RELATIONSHIP_WITH_TRANSFORMATION(#357) 
SHAPE_REPRESENTATION_RELATIONSHIP() );
#357 = ITEM_DEFINED_TRANSFORMATION('','',#11,#33);
#358 = PRODUCT_DEFINITION_SHAPE('Placement','Placement of an item',#359
  );
#359 = NEXT_ASSEMBLY_USAGE_OCCURRENCE('1','','',#27,#54,$);
#360 = PRODUCT_RELATED_PRODUCT_CATEGORY('part',$,(#56));
#361 = SHAPE_DEFINITION_REPRESENTATION(#362,#368);
#362 = PRODUCT_DEFINITION_SHAPE('','',#363);
#363 = PRODUCT_DEFINITION('design','',#364,#367);
#364 = PRODUCT_DEFINITION_FORMATION('','',#365);
#365 = PRODUCT('Open CASCADE STEP translator 7.9 1.1.2',
  'Open CASCADE STEP translator 7.9 1.1.2','',(#366));
#366 = PRODUCT_CONTEXT('',#2,'mechanical');
#367 = PRODUCT_DEFINITION_CONTEXT('part definition',#2,'design');
#368 = ADVANCED_BREP_SHAPE_REPRESENTATION('',(#11,#369),#5201);
#369 = MANIFOLD_SOLID_BREP('',#370);
#370 = CLOSED_SHELL('',(#371,#653,#708,#762,#816,#870,#924,#978,#1037,
    #1091,#1144,#1365,#1420,#4356,#4383,#4410,#4438,#4465,#4492,#4519,
    #4574,#4629,#4684,#4739,#4794,#4849,#4904,#4959,#5014,#5069,#5124,
    #5174));
#371 = ADVANCED_FACE('',(#372,#408,#443,#478,#513,#548,#583,#618),#385,
  .F.);
#372 = FACE_BOUND('',#373,.T.);
#373 = EDGE_LOOP('',(#374));
#374 = ORIENTED_EDGE('',*,*,#375,.F.);
#375 = EDGE_CURVE('',#376,#376,#378,.T.);
#376 = VERTEX_POINT('',#377);
#377 = CARTESIAN_POINT('',(25.3,0.,0.));
#378 = SURFACE_CURVE('',#379,(#384,#396),.PCURVE_S1.);
#379 = CIRCLE('',#380,25.3);
#380 = AXIS2_PLACEMENT_3D('',#381,#382,#383);
#381 = CARTESIAN_POINT('',(0.,0.,0.));
#382 = DIRECTION('',(-0.,1.,0.));
#383 = DIRECTION('',(1.,0.,0.));
#384 = PCURVE('',#385,#390);
#385 = PLANE('',#386);
#386 = AXIS2_PLACEMENT_3D('',#387,#388,#389);
#387 = CARTESIAN_POINT('',(0.,0.,0.));
#388 = DIRECTION('',(0.,1.,0.));
#389 = DIRECTION('',(1.,0.,0.));
#390 = DEFINITIONAL_REPRESENTATION('',(#391),#395);
#391 = CIRCLE('',#392,25.3);
#392 = AXIS2_PLACEMENT_2D('',#393,#394);
#393 = CARTESIAN_POINT('',(0.,0.));
#394 = DIRECTION('',(1.,-0.));
#395 = ( GEOMETRIC_REPRESENTATION_CONTEXT(2) 
PARAMETRIC_REPRESENTATION_CONTEXT() REPRESENTATION_CONTEXT('2D SPACE',''
  ) );
#396 = PCURVE('',#397,#402);
#397 = CYLINDRICAL_SURFACE('',#398,25.3);
#398 = AXIS2_PLACEMENT_3D('',#399,#400,#401);
#399 = CARTESIAN_POINT('',(0.,0.,0.));
#400 = DIRECTION('',(0.,1.,0.));
#401 = DIRECTION('',(1.,0.,0.));
#402 = DEFINITIONAL_REPRESENTATION('',(#403),#407);
#403 = LINE('',#404,#405);
#404 = CARTESIAN_POINT('',(0.,0.));
#405 = VECTOR('',#406,1.);
#406 = DIRECTION('',(1.,0.));
#407 = ( GEOMETRIC_REPRESENTATION_CONTEXT(2) 
PARAMETRIC_REPRESENTATION_CONTEXT() REPRESENTATION_CONTEXT('2D SPACE',''
  ) );
#408 = FACE_BOUND('',#409,.T.);
#409 = EDGE_LOOP('',(#410));
#410 = ORIENTED_EDGE('',*,*,#411,.F.);
#411 = EDGE_CURVE('',#412,#412,#414,.T.);
#412 = VERTEX_POINT('',#413);
#413 = CARTESIAN_POINT('',(12.4325,0.,21.5337216651));
#414 = SURFACE_CURVE('',#415,(#420,#431),.PCURVE_S1.);
#415 = CIRCLE('',#416,1.05);
#416 = AXIS2_PLACEMENT_3D('',#417,#418,#419);
#417 = CARTESIAN_POINT('',(11.9075,0.,20.624394991126));
#418 = DIRECTION('',(0.,-1.,0.));
#419 = DIRECTION('',(0.5,0.,0.866025403784));
#420 = PCURVE('',#385,#421);
#421 = DEFINITIONAL_REPRESENTATION('',(#422),#430);
#422 = ( BOUNDED_CURVE() B_SPLINE_CURVE(2,(#423,#424,#425,#426,#427,#428
,#429),.UNSPECIFIED.,.T.,.F.) B_SPLINE_CURVE_WITH_KNOTS((1,2,2,2,2,1),(
    -2.094395102393,0.,2.094395102393,4.188790204786,6.28318530718,
8.377580409573),.UNSPECIFIED.) CURVE() GEOMETRIC_REPRESENTATION_ITEM() 
RATIONAL_B_SPLINE_CURVE((1.,0.5,1.,0.5,1.,0.5,1.)) REPRESENTATION_ITEM(
  '') );
#423 = CARTESIAN_POINT('',(12.4325,-21.5337216651));
#424 = CARTESIAN_POINT('',(10.8575,-22.44304833907));
#425 = CARTESIAN_POINT('',(10.8575,-20.62439499112));
#426 = CARTESIAN_POINT('',(10.8575,-18.80574164317));
#427 = CARTESIAN_POINT('',(12.4325,-19.71506831715));
#428 = CARTESIAN_POINT('',(14.0075,-20.62439499112));
#429 = CARTESIAN_POINT('',(12.4325,-21.5337216651));
#430 = ( GEOMETRIC_REPRESENTATION_CONTEXT(2) 
PARAMETRIC_REPRESENTATION_CONTEXT() REPRESENTATION_CONTEXT('2D SPACE',''
  ) );
#431 = PCURVE('',#432,#437);
#432 = CYLINDRICAL_SURFACE('',#433,1.05);
#433 = AXIS2_PLACEMENT_3D('',#434,#435,#436);
#434 = CARTESIAN_POINT('',(11.9075,0.,20.624394991126));
#435 = DIRECTION('',(0.,-1.,0.));
#436 = DIRECTION('',(0.5,0.,0.866025403784));
#437 = DEFINITIONAL_REPRESENTATION('',(#438),#442);
#438 = LINE('',#439,#440);
#439 = CARTESIAN_POINT('',(0.,0.));
#440 = VECTOR('',#441,1.);
#441 = DIRECTION('',(1.,0.));
#442 = ( GEOMETRIC_REPRESENTATION_CONTEXT(2) 
PARAMETRIC_REPRESENTATION_CONTEXT() REPRESENTATION_CONTEXT('2D SPACE',''
  ) );
#443 = FACE_BOUND('',#444,.T.);
#444 = EDGE_LOOP('',(#445));
#445 = ORIENTED_EDGE('',*,*,#446,.F.);
#446 = EDGE_CURVE('',#447,#447,#449,.T.);
#447 = VERTEX_POINT('',#448);
#448 = CARTESIAN_POINT('',(-12.4325,0.,21.5337216651));
#449 = SURFACE_CURVE('',#450,(#455,#466),.PCURVE_S1.);
#450 = CIRCLE('',#451,1.05);
#451 = AXIS2_PLACEMENT_3D('',#452,#453,#454);
#452 = CARTESIAN_POINT('',(-11.9075,0.,20.624394991126));
#453 = DIRECTION('',(0.,-1.,0.));
#454 = DIRECTION('',(-0.5,0.,0.866025403784));
#455 = PCURVE('',#385,#456);
#456 = DEFINITIONAL_REPRESENTATION('',(#457),#465);
#457 = ( BOUNDED_CURVE() B_SPLINE_CURVE(2,(#458,#459,#460,#461,#462,#463
,#464),.UNSPECIFIED.,.T.,.F.) B_SPLINE_CURVE_WITH_KNOTS((1,2,2,2,2,1),(
    -2.094395102393,0.,2.094395102393,4.188790204786,6.28318530718,
8.377580409573),.UNSPECIFIED.) CURVE() GEOMETRIC_REPRESENTATION_ITEM() 
RATIONAL_B_SPLINE_CURVE((1.,0.5,1.,0.5,1.,0.5,1.)) REPRESENTATION_ITEM(
  '') );
#458 = CARTESIAN_POINT('',(-12.4325,-21.5337216651));
#459 = CARTESIAN_POINT('',(-14.0075,-20.62439499112));
#460 = CARTESIAN_POINT('',(-12.4325,-19.71506831715));
#461 = CARTESIAN_POINT('',(-10.8575,-18.80574164317));
#462 = CARTESIAN_POINT('',(-10.8575,-20.62439499112));
#463 = CARTESIAN_POINT('',(-10.8575,-22.44304833907));
#464 = CARTESIAN_POINT('',(-12.4325,-21.5337216651));
#465 = ( GEOMETRIC_REPRESENTATION_CONTEXT(2) 
PARAMETRIC_REPRESENTATION_CONTEXT() REPRESENTATION_CONTEXT('2D SPACE',''
  ) );
#466 = PCURVE('',#467,#472);
#467 = CYLINDRICAL_SURFACE('',#468,1.05);
#468 = AXIS2_PLACEMENT_3D('',#469,#470,#471);
#469 = CARTESIAN_POINT('',(-11.9075,0.,20.624394991126));
#470 = DIRECTION('',(0.,-1.,0.));
#471 = DIRECTION('',(-0.5,0.,0.866025403784));
#472 = DEFINITIONAL_REPRESENTATION('',(#473),#477);
#473 = LINE('',#474,#475);
#474 = CARTESIAN_POINT('',(0.,0.));
#475 = VECTOR('',#476,1.);
#476 = DIRECTION('',(1.,0.));
#477 = ( GEOMETRIC_REPRESENTATION_CONTEXT(2) 
PARAMETRIC_REPRESENTATION_CONTEXT() REPRESENTATION_CONTEXT('2D SPACE',''
  ) );
#478 = FACE_BOUND('',#479,.T.);
#479 = EDGE_LOOP('',(#480));
#480 = ORIENTED_EDGE('',*,*,#481,.F.);
#481 = EDGE_CURVE('',#482,#482,#484,.T.);
#482 = VERTEX_POINT('',#483);
#483 = CARTESIAN_POINT('',(-24.865,0.,3.04508426608E-15));
#484 = SURFACE_CURVE('',#485,(#490,#501),.PCURVE_S1.);
#485 = CIRCLE('',#486,1.05);
#486 = AXIS2_PLACEMENT_3D('',#487,#488,#489);
#487 = CARTESIAN_POINT('',(-23.815,0.,2.916496352169E-15));
#488 = DIRECTION('',(0.,-1.,0.));
#489 = DIRECTION('',(-1.,0.,1.224646799147E-16));
#490 = PCURVE('',#385,#491);
#491 = DEFINITIONAL_REPRESENTATION('',(#492),#500);
#492 = ( BOUNDED_CURVE() B_SPLINE_CURVE(2,(#493,#494,#495,#496,#497,#498
,#499),.UNSPECIFIED.,.T.,.F.) B_SPLINE_CURVE_WITH_KNOTS((1,2,2,2,2,1),(
    -2.094395102393,0.,2.094395102393,4.188790204786,6.28318530718,
8.377580409573),.UNSPECIFIED.) CURVE() GEOMETRIC_REPRESENTATION_ITEM() 
RATIONAL_B_SPLINE_CURVE((1.,0.5,1.,0.5,1.,0.5,1.)) REPRESENTATION_ITEM(
  '') );
#493 = CARTESIAN_POINT('',(-24.865,-3.04508426608E-15));
#494 = CARTESIAN_POINT('',(-24.865,1.818653347947));
#495 = CARTESIAN_POINT('',(-23.29,0.909326673974));
#496 = CARTESIAN_POINT('',(-21.715,-2.402144696528E-15));
#497 = CARTESIAN_POINT('',(-23.29,-0.909326673974));
#498 = CARTESIAN_POINT('',(-24.865,-1.818653347947));
#499 = CARTESIAN_POINT('',(-24.865,-3.04508426608E-15));
#500 = ( GEOMETRIC_REPRESENTATION_CONTEXT(2) 
PARAMETRIC_REPRESENTATION_CONTEXT() REPRESENTATION_CONTEXT('2D SPACE',''
  ) );
#501 = PCURVE('',#502,#507);
#502 = CYLINDRICAL_SURFACE('',#503,1.05);
#503 = AXIS2_PLACEMENT_3D('',#504,#505,#506);
#504 = CARTESIAN_POINT('',(-23.815,0.,2.916496352169E-15));
#505 = DIRECTION('',(0.,-1.,0.));
#506 = DIRECTION('',(-1.,0.,1.224646799147E-16));
#507 = DEFINITIONAL_REPRESENTATION('',(#508),#512);
#508 = LINE('',#509,#510);
#509 = CARTESIAN_POINT('',(0.,0.));
#510 = VECTOR('',#511,1.);
#511 = DIRECTION('',(1.,0.));
#512 = ( GEOMETRIC_REPRESENTATION_CONTEXT(2) 
PARAMETRIC_REPRESENTATION_CONTEXT() REPRESENTATION_CONTEXT('2D SPACE',''
  ) );
#513 = FACE_BOUND('',#514,.T.);
#514 = EDGE_LOOP('',(#515));
#515 = ORIENTED_EDGE('',*,*,#516,.F.);
#516 = EDGE_CURVE('',#517,#517,#519,.T.);
#517 = VERTEX_POINT('',#518);
#518 = CARTESIAN_POINT('',(24.865,0.,0.));
#519 = SURFACE_CURVE('',#520,(#525,#536),.PCURVE_S1.);
#520 = CIRCLE('',#521,1.05);
#521 = AXIS2_PLACEMENT_3D('',#522,#523,#524);
#522 = CARTESIAN_POINT('',(23.815,0.,0.));
#523 = DIRECTION('',(0.,-1.,0.));
#524 = DIRECTION('',(1.,0.,0.));
#525 = PCURVE('',#385,#526);
#526 = DEFINITIONAL_REPRESENTATION('',(#527),#535);
#527 = ( BOUNDED_CURVE() B_SPLINE_CURVE(2,(#528,#529,#530,#531,#532,#533
,#534),.UNSPECIFIED.,.T.,.F.) B_SPLINE_CURVE_WITH_KNOTS((1,2,2,2,2,1),(
    -2.094395102393,0.,2.094395102393,4.188790204786,6.28318530718,
8.377580409573),.UNSPECIFIED.) CURVE() GEOMETRIC_REPRESENTATION_ITEM() 
RATIONAL_B_SPLINE_CURVE((1.,0.5,1.,0.5,1.,0.5,1.)) REPRESENTATION_ITEM(
  '') );
#528 = CARTESIAN_POINT('',(24.865,0.));
#529 = CARTESIAN_POINT('',(24.865,-1.818653347947));
#530 = CARTESIAN_POINT('',(23.29,-0.909326673974));
#531 = CARTESIAN_POINT('',(21.715,-2.571758278209E-16));
#532 = CARTESIAN_POINT('',(23.29,0.909326673974));
#533 = CARTESIAN_POINT('',(24.865,1.818653347947));
#534 = CARTESIAN_POINT('',(24.865,0.));
#535 = ( GEOMETRIC_REPRESENTATION_CONTEXT(2) 
PARAMETRIC_REPRESENTATION_CONTEXT() REPRESENTATION_CONTEXT('2D SPACE',''
  ) );
#536 = PCURVE('',#537,#542);
#537 = CYLINDRICAL_SURFACE('',#538,1.05);
#538 = AXIS2_PLACEMENT_3D('',#539,#540,#541);
#539 = CARTESIAN_POINT('',(23.815,0.,0.));
#540 = DIRECTION('',(0.,-1.,0.));
#541 = DIRECTION('',(1.,0.,0.));
#542 = DEFINITIONAL_REPRESENTATION('',(#543),#547);
#543 = LINE('',#544,#545);
#544 = CARTESIAN_POINT('',(0.,0.));
#545 = VECTOR('',#546,1.);
#546 = DIRECTION('',(1.,0.));
#547 = ( GEOMETRIC_REPRESENTATION_CONTEXT(2) 
PARAMETRIC_REPRESENTATION_CONTEXT() REPRESENTATION_CONTEXT('2D SPACE',''
  ) );
#548 = FACE_BOUND('',#549,.T.);
#549 = EDGE_LOOP('',(#550));
#550 = ORIENTED_EDGE('',*,*,#551,.F.);
#551 = EDGE_CURVE('',#552,#552,#554,.T.);
#552 = VERTEX_POINT('',#553);
#553 = CARTESIAN_POINT('',(12.4325,0.,-21.5337216651));
#554 = SURFACE_CURVE('',#555,(#560,#571),.PCURVE_S1.);
#555 = CIRCLE('',#556,1.05);
#556 = AXIS2_PLACEMENT_3D('',#557,#558,#559);
#557 = CARTESIAN_POINT('',(11.9075,0.,-20.62439499112));
#558 = DIRECTION('',(0.,-1.,0.));
#559 = DIRECTION('',(0.5,0.,-0.866025403784));
#560 = PCURVE('',#385,#561);
#561 = DEFINITIONAL_REPRESENTATION('',(#562),#570);
#562 = ( BOUNDED_CURVE() B_SPLINE_CURVE(2,(#563,#564,#565,#566,#567,#568
,#569),.UNSPECIFIED.,.T.,.F.) B_SPLINE_CURVE_WITH_KNOTS((1,2,2,2,2,1),(
    -2.094395102393,0.,2.094395102393,4.188790204786,6.28318530718,
8.377580409573),.UNSPECIFIED.) CURVE() GEOMETRIC_REPRESENTATION_ITEM() 
RATIONAL_B_SPLINE_CURVE((1.,0.5,1.,0.5,1.,0.5,1.)) REPRESENTATION_ITEM(
  '') );
#563 = CARTESIAN_POINT('',(12.4325,21.5337216651));
#564 = CARTESIAN_POINT('',(14.0075,20.624394991126));
#565 = CARTESIAN_POINT('',(12.4325,19.715068317153));
#566 = CARTESIAN_POINT('',(10.8575,18.805741643179));
#567 = CARTESIAN_POINT('',(10.8575,20.624394991126));
#568 = CARTESIAN_POINT('',(10.8575,22.443048339074));
#569 = CARTESIAN_POINT('',(12.4325,21.5337216651));
#570 = ( GEOMETRIC_REPRESENTATION_CONTEXT(2) 
PARAMETRIC_REPRESENTATION_CONTEXT() REPRESENTATION_CONTEXT('2D SPACE',''
  ) );
#571 = PCURVE('',#572,#577);
#572 = CYLINDRICAL_SURFACE('',#573,1.05);
#573 = AXIS2_PLACEMENT_3D('',#574,#575,#576);
#574 = CARTESIAN_POINT('',(11.9075,0.,-20.62439499112));
#575 = DIRECTION('',(0.,-1.,0.));
#576 = DIRECTION('',(0.5,0.,-0.866025403784));
#577 = DEFINITIONAL_REPRESENTATION('',(#578),#582);
#578 = LINE('',#579,#580);
#579 = CARTESIAN_POINT('',(0.,0.));
#580 = VECTOR('',#581,1.);
#581 = DIRECTION('',(1.,0.));
#582 = ( GEOMETRIC_REPRESENTATION_CONTEXT(2) 
PARAMETRIC_REPRESENTATION_CONTEXT() REPRESENTATION_CONTEXT('2D SPACE',''
  ) );
#583 = FACE_BOUND('',#584,.T.);
#584 = EDGE_LOOP('',(#585));
#585 = ORIENTED_EDGE('',*,*,#586,.F.);
#586 = EDGE_CURVE('',#587,#587,#589,.T.);
#587 = VERTEX_POINT('',#588);
#588 = CARTESIAN_POINT('',(11.5,0.,-2.816687638039E-15));
#589 = SURFACE_CURVE('',#590,(#595,#606),.PCURVE_S1.);
#590 = CIRCLE('',#591,11.5);
#591 = AXIS2_PLACEMENT_3D('',#592,#593,#594);
#592 = CARTESIAN_POINT('',(0.,0.,0.));
#593 = DIRECTION('',(0.,-1.,0.));
#594 = DIRECTION('',(1.,0.,0.));
#595 = PCURVE('',#385,#596);
#596 = DEFINITIONAL_REPRESENTATION('',(#597),#605);
#597 = ( BOUNDED_CURVE() B_SPLINE_CURVE(2,(#598,#599,#600,#601,#602,#603
,#604),.UNSPECIFIED.,.T.,.F.) B_SPLINE_CURVE_WITH_KNOTS((1,2,2,2,2,1),(
    -2.094395102393,0.,2.094395102393,4.188790204786,6.28318530718,
8.377580409573),.UNSPECIFIED.) CURVE() GEOMETRIC_REPRESENTATION_ITEM() 
RATIONAL_B_SPLINE_CURVE((1.,0.5,1.,0.5,1.,0.5,1.)) REPRESENTATION_ITEM(
  '') );
#598 = CARTESIAN_POINT('',(11.5,0.));
#599 = CARTESIAN_POINT('',(11.5,-19.91858428704));
#600 = CARTESIAN_POINT('',(-5.75,-9.959292143521));
#601 = CARTESIAN_POINT('',(-23.,-2.816687638039E-15));
#602 = CARTESIAN_POINT('',(-5.75,9.959292143521));
#603 = CARTESIAN_POINT('',(11.5,19.918584287042));
#604 = CARTESIAN_POINT('',(11.5,0.));
#605 = ( GEOMETRIC_REPRESENTATION_CONTEXT(2) 
PARAMETRIC_REPRESENTATION_CONTEXT() REPRESENTATION_CONTEXT('2D SPACE',''
  ) );
#606 = PCURVE('',#607,#612);
#607 = CYLINDRICAL_SURFACE('',#608,11.5);
#608 = AXIS2_PLACEMENT_3D('',#609,#610,#611);
#609 = CARTESIAN_POINT('',(0.,92.,0.));
#610 = DIRECTION('',(0.,-1.,0.));
#611 = DIRECTION('',(1.,0.,0.));
#612 = DEFINITIONAL_REPRESENTATION('',(#613),#617);
#613 = LINE('',#614,#615);
#614 = CARTESIAN_POINT('',(0.,92.));
#615 = VECTOR('',#616,1.);
#616 = DIRECTION('',(1.,0.));
#617 = ( GEOMETRIC_REPRESENTATION_CONTEXT(2) 
PARAMETRIC_REPRESENTATION_CONTEXT() REPRESENTATION_CONTEXT('2D SPACE',''
  ) );
#618 = FACE_BOUND('',#619,.T.);
#619 = EDGE_LOOP('',(#620));
#620 = ORIENTED_EDGE('',*,*,#621,.F.);
#621 = EDGE_CURVE('',#622,#622,#624,.T.);
#622 = VERTEX_POINT('',#623);
#623 = CARTESIAN_POINT('',(-12.4325,0.,-21.5337216651));
#624 = SURFACE_CURVE('',#625,(#630,#641),.PCURVE_S1.);
#625 = CIRCLE('',#626,1.05);
#626 = AXIS2_PLACEMENT_3D('',#627,#628,#629);
#627 = CARTESIAN_POINT('',(-11.9075,0.,-20.62439499112));
#628 = DIRECTION('',(0.,-1.,-0.));
#629 = DIRECTION('',(-0.5,0.,-0.866025403784));
#630 = PCURVE('',#385,#631);
#631 = DEFINITIONAL_REPRESENTATION('',(#632),#640);
#632 = ( BOUNDED_CURVE() B_SPLINE_CURVE(2,(#633,#634,#635,#636,#637,#638
,#639),.UNSPECIFIED.,.T.,.F.) B_SPLINE_CURVE_WITH_KNOTS((1,2,2,2,2,1),(
    -2.094395102393,0.,2.094395102393,4.188790204786,6.28318530718,
8.377580409573),.UNSPECIFIED.) CURVE() GEOMETRIC_REPRESENTATION_ITEM() 
RATIONAL_B_SPLINE_CURVE((1.,0.5,1.,0.5,1.,0.5,1.)) REPRESENTATION_ITEM(
  '') );
#633 = CARTESIAN_POINT('',(-12.4325,21.5337216651));
#634 = CARTESIAN_POINT('',(-10.8575,22.443048339074));
#635 = CARTESIAN_POINT('',(-10.8575,20.624394991126));
#636 = CARTESIAN_POINT('',(-10.8575,18.805741643179));
#637 = CARTESIAN_POINT('',(-12.4325,19.715068317153));
#638 = CARTESIAN_POINT('',(-14.0075,20.624394991126));
#639 = CARTESIAN_POINT('',(-12.4325,21.5337216651));
#640 = ( GEOMETRIC_REPRESENTATION_CONTEXT(2) 
PARAMETRIC_REPRESENTATION_CONTEXT() REPRESENTATION_CONTEXT('2D SPACE',''
  ) );
#641 = PCURVE('',#642,#647);
#642 = CYLINDRICAL_SURFACE('',#643,1.05);
#643 = AXIS2_PLACEMENT_3D('',#644,#645,#646);
#644 = CARTESIAN_POINT('',(-11.9075,0.,-20.62439499112));
#645 = DIRECTION('',(0.,-1.,-0.));
#646 = DIRECTION('',(-0.5,0.,-0.866025403784));
#647 = DEFINITIONAL_REPRESENTATION('',(#648),#652);
#648 = LINE('',#649,#650);
#649 = CARTESIAN_POINT('',(0.,0.));
#650 = VECTOR('',#651,1.);
#651 = DIRECTION('',(1.,0.));
#652 = ( GEOMETRIC_REPRESENTATION_CONTEXT(2) 
PARAMETRIC_REPRESENTATION_CONTEXT() REPRESENTATION_CONTEXT('2D SPACE',''
  ) );
#653 = ADVANCED_FACE('',(#654),#397,.T.);
#654 = FACE_BOUND('',#655,.T.);
#655 = EDGE_LOOP('',(#656,#657,#680,#707));
#656 = ORIENTED_EDGE('',*,*,#375,.T.);
#657 = ORIENTED_EDGE('',*,*,#658,.T.);
#658 = EDGE_CURVE('',#376,#659,#661,.T.);
#659 = VERTEX_POINT('',#660);
#660 = CARTESIAN_POINT('',(25.3,3.3,0.));
#661 = SEAM_CURVE('',#662,(#666,#673),.PCURVE_S1.);
#662 = LINE('',#663,#664);
#663 = CARTESIAN_POINT('',(25.3,0.,0.));
#664 = VECTOR('',#665,1.);
#665 = DIRECTION('',(0.,1.,0.));
#666 = PCURVE('',#397,#667);
#667 = DEFINITIONAL_REPRESENTATION('',(#668),#672);
#668 = LINE('',#669,#670);
#669 = CARTESIAN_POINT('',(0.,0.));
#670 = VECTOR('',#671,1.);
#671 = DIRECTION('',(0.,1.));
#672 = ( GEOMETRIC_REPRESENTATION_CONTEXT(2) 
PARAMETRIC_REPRESENTATION_CONTEXT() REPRESENTATION_CONTEXT('2D SPACE',''
  ) );
#673 = PCURVE('',#397,#674);
#674 = DEFINITIONAL_REPRESENTATION('',(#675),#679);
#675 = LINE('',#676,#677);
#676 = CARTESIAN_POINT('',(6.28318530718,0.));
#677 = VECTOR('',#678,1.);
#678 = DIRECTION('',(0.,1.));
#679 = ( GEOMETRIC_REPRESENTATION_CONTEXT(2) 
PARAMETRIC_REPRESENTATION_CONTEXT() REPRESENTATION_CONTEXT('2D SPACE',''
  ) );
#680 = ORIENTED_EDGE('',*,*,#681,.F.);
#681 = EDGE_CURVE('',#659,#659,#682,.T.);
#682 = SURFACE_CURVE('',#683,(#688,#695),.PCURVE_S1.);
#683 = CIRCLE('',#684,25.3);
#684 = AXIS2_PLACEMENT_3D('',#685,#686,#687);
#685 = CARTESIAN_POINT('',(0.,3.3,0.));
#686 = DIRECTION('',(-0.,1.,0.));
#687 = DIRECTION('',(1.,0.,0.));
#688 = PCURVE('',#397,#689);
#689 = DEFINITIONAL_REPRESENTATION('',(#690),#694);
#690 = LINE('',#691,#692);
#691 = CARTESIAN_POINT('',(0.,3.3));
#692 = VECTOR('',#693,1.);
#693 = DIRECTION('',(1.,0.));
#694 = ( GEOMETRIC_REPRESENTATION_CONTEXT(2) 
PARAMETRIC_REPRESENTATION_CONTEXT() REPRESENTATION_CONTEXT('2D SPACE',''
  ) );
#695 = PCURVE('',#696,#701);
#696 = PLANE('',#697);
#697 = AXIS2_PLACEMENT_3D('',#698,#699,#700);
#698 = CARTESIAN_POINT('',(0.,3.3,0.));
#699 = DIRECTION('',(0.,1.,0.));
#700 = DIRECTION('',(1.,0.,0.));
#701 = DEFINITIONAL_REPRESENTATION('',(#702),#706);
#702 = CIRCLE('',#703,25.3);
#703 = AXIS2_PLACEMENT_2D('',#704,#705);
#704 = CARTESIAN_POINT('',(0.,0.));
#705 = DIRECTION('',(1.,0.));
#706 = ( GEOMETRIC_REPRESENTATION_CONTEXT(2) 
PARAMETRIC_REPRESENTATION_CONTEXT() REPRESENTATION_CONTEXT('2D SPACE',''
  ) );
#707 = ORIENTED_EDGE('',*,*,#658,.F.);
#708 = ADVANCED_FACE('',(#709),#432,.F.);
#709 = FACE_BOUND('',#710,.F.);
#710 = EDGE_LOOP('',(#711,#734,#760,#761));
#711 = ORIENTED_EDGE('',*,*,#712,.T.);
#712 = EDGE_CURVE('',#412,#713,#715,.T.);
#713 = VERTEX_POINT('',#714);
#714 = CARTESIAN_POINT('',(12.4325,3.3,21.5337216651));
#715 = SEAM_CURVE('',#716,(#720,#727),.PCURVE_S1.);
#716 = LINE('',#717,#718);
#717 = CARTESIAN_POINT('',(12.4325,0.,21.5337216651));
#718 = VECTOR('',#719,1.);
#719 = DIRECTION('',(-0.,1.,-0.));
#720 = PCURVE('',#432,#721);
#721 = DEFINITIONAL_REPRESENTATION('',(#722),#726);
#722 = LINE('',#723,#724);
#723 = CARTESIAN_POINT('',(0.,0.));
#724 = VECTOR('',#725,1.);
#725 = DIRECTION('',(0.,-1.));
#726 = ( GEOMETRIC_REPRESENTATION_CONTEXT(2) 
PARAMETRIC_REPRESENTATION_CONTEXT() REPRESENTATION_CONTEXT('2D SPACE',''
  ) );
#727 = PCURVE('',#432,#728);
#728 = DEFINITIONAL_REPRESENTATION('',(#729),#733);
#729 = LINE('',#730,#731);
#730 = CARTESIAN_POINT('',(6.28318530718,0.));
#731 = VECTOR('',#732,1.);
#732 = DIRECTION('',(0.,-1.));
#733 = ( GEOMETRIC_REPRESENTATION_CONTEXT(2) 
PARAMETRIC_REPRESENTATION_CONTEXT() REPRESENTATION_CONTEXT('2D SPACE',''
  ) );
#734 = ORIENTED_EDGE('',*,*,#735,.T.);
#735 = EDGE_CURVE('',#713,#713,#736,.T.);
#736 = SURFACE_CURVE('',#737,(#742,#749),.PCURVE_S1.);
#737 = CIRCLE('',#738,1.05);
#738 = AXIS2_PLACEMENT_3D('',#739,#740,#741);
#739 = CARTESIAN_POINT('',(11.9075,3.3,20.624394991126));
#740 = DIRECTION('',(0.,-1.,0.));
#741 = DIRECTION('',(0.5,0.,0.866025403784));
#742 = PCURVE('',#432,#743);
#743 = DEFINITIONAL_REPRESENTATION('',(#744),#748);
#744 = LINE('',#745,#746);
#745 = CARTESIAN_POINT('',(0.,-3.3));
#746 = VECTOR('',#747,1.);
#747 = DIRECTION('',(1.,0.));
#748 = ( GEOMETRIC_REPRESENTATION_CONTEXT(2) 
PARAMETRIC_REPRESENTATION_CONTEXT() REPRESENTATION_CONTEXT('2D SPACE',''
  ) );
#749 = PCURVE('',#696,#750);
#750 = DEFINITIONAL_REPRESENTATION('',(#751),#759);
#751 = ( BOUNDED_CURVE() B_SPLINE_CURVE(2,(#752,#753,#754,#755,#756,#757
,#758),.UNSPECIFIED.,.T.,.F.) B_SPLINE_CURVE_WITH_KNOTS((1,2,2,2,2,1),(
    -2.094395102393,0.,2.094395102393,4.188790204786,6.28318530718,
8.377580409573),.UNSPECIFIED.) CURVE() GEOMETRIC_REPRESENTATION_ITEM() 
RATIONAL_B_SPLINE_CURVE((1.,0.5,1.,0.5,1.,0.5,1.)) REPRESENTATION_ITEM(
  '') );
#752 = CARTESIAN_POINT('',(12.4325,-21.5337216651));
#753 = CARTESIAN_POINT('',(10.8575,-22.44304833907));
#754 = CARTESIAN_POINT('',(10.8575,-20.62439499112));
#755 = CARTESIAN_POINT('',(10.8575,-18.80574164317));
#756 = CARTESIAN_POINT('',(12.4325,-19.71506831715));
#757 = CARTESIAN_POINT('',(14.0075,-20.62439499112));
#758 = CARTESIAN_POINT('',(12.4325,-21.5337216651));
#759 = ( GEOMETRIC_REPRESENTATION_CONTEXT(2) 
PARAMETRIC_REPRESENTATION_CONTEXT() REPRESENTATION_CONTEXT('2D SPACE',''
  ) );
#760 = ORIENTED_EDGE('',*,*,#712,.F.);
#761 = ORIENTED_EDGE('',*,*,#411,.F.);
#762 = ADVANCED_FACE('',(#763),#467,.F.);
#763 = FACE_BOUND('',#764,.F.);
#764 = EDGE_LOOP('',(#765,#788,#814,#815));
#765 = ORIENTED_EDGE('',*,*,#766,.T.);
#766 = EDGE_CURVE('',#447,#767,#769,.T.);
#767 = VERTEX_POINT('',#768);
#768 = CARTESIAN_POINT('',(-12.4325,3.3,21.5337216651));
#769 = SEAM_CURVE('',#770,(#774,#781),.PCURVE_S1.);
#770 = LINE('',#771,#772);
#771 = CARTESIAN_POINT('',(-12.4325,0.,21.5337216651));
#772 = VECTOR('',#773,1.);
#773 = DIRECTION('',(-0.,1.,-0.));
#774 = PCURVE('',#467,#775);
#775 = DEFINITIONAL_REPRESENTATION('',(#776),#780);
#776 = LINE('',#777,#778);
#777 = CARTESIAN_POINT('',(0.,0.));
#778 = VECTOR('',#779,1.);
#779 = DIRECTION('',(0.,-1.));
#780 = ( GEOMETRIC_REPRESENTATION_CONTEXT(2) 
PARAMETRIC_REPRESENTATION_CONTEXT() REPRESENTATION_CONTEXT('2D SPACE',''
  ) );
#781 = PCURVE('',#467,#782);
#782 = DEFINITIONAL_REPRESENTATION('',(#783),#787);
#783 = LINE('',#784,#785);
#784 = CARTESIAN_POINT('',(6.28318530718,0.));
#785 = VECTOR('',#786,1.);
#786 = DIRECTION('',(0.,-1.));
#787 = ( GEOMETRIC_REPRESENTATION_CONTEXT(2) 
PARAMETRIC_REPRESENTATION_CONTEXT() REPRESENTATION_CONTEXT('2D SPACE',''
  ) );
#788 = ORIENTED_EDGE('',*,*,#789,.T.);
#789 = EDGE_CURVE('',#767,#767,#790,.T.);
#790 = SURFACE_CURVE('',#791,(#796,#803),.PCURVE_S1.);
#791 = CIRCLE('',#792,1.05);
#792 = AXIS2_PLACEMENT_3D('',#793,#794,#795);
#793 = CARTESIAN_POINT('',(-11.9075,3.3,20.624394991126));
#794 = DIRECTION('',(0.,-1.,0.));
#795 = DIRECTION('',(-0.5,0.,0.866025403784));
#796 = PCURVE('',#467,#797);
#797 = DEFINITIONAL_REPRESENTATION('',(#798),#802);
#798 = LINE('',#799,#800);
#799 = CARTESIAN_POINT('',(0.,-3.3));
#800 = VECTOR('',#801,1.);
#801 = DIRECTION('',(1.,0.));
#802 = ( GEOMETRIC_REPRESENTATION_CONTEXT(2) 
PARAMETRIC_REPRESENTATION_CONTEXT() REPRESENTATION_CONTEXT('2D SPACE',''
  ) );
#803 = PCURVE('',#696,#804);
#804 = DEFINITIONAL_REPRESENTATION('',(#805),#813);
#805 = ( BOUNDED_CURVE() B_SPLINE_CURVE(2,(#806,#807,#808,#809,#810,#811
,#812),.UNSPECIFIED.,.T.,.F.) B_SPLINE_CURVE_WITH_KNOTS((1,2,2,2,2,1),(
    -2.094395102393,0.,2.094395102393,4.188790204786,6.28318530718,
8.377580409573),.UNSPECIFIED.) CURVE() GEOMETRIC_REPRESENTATION_ITEM() 
RATIONAL_B_SPLINE_CURVE((1.,0.5,1.,0.5,1.,0.5,1.)) REPRESENTATION_ITEM(
  '') );
#806 = CARTESIAN_POINT('',(-12.4325,-21.5337216651));
#807 = CARTESIAN_POINT('',(-14.0075,-20.62439499112));
#808 = CARTESIAN_POINT('',(-12.4325,-19.71506831715));
#809 = CARTESIAN_POINT('',(-10.8575,-18.80574164317));
#810 = CARTESIAN_POINT('',(-10.8575,-20.62439499112));
#811 = CARTESIAN_POINT('',(-10.8575,-22.44304833907));
#812 = CARTESIAN_POINT('',(-12.4325,-21.5337216651));
#813 = ( GEOMETRIC_REPRESENTATION_CONTEXT(2) 
PARAMETRIC_REPRESENTATION_CONTEXT() REPRESENTATION_CONTEXT('2D SPACE',''
  ) );
#814 = ORIENTED_EDGE('',*,*,#766,.F.);
#815 = ORIENTED_EDGE('',*,*,#446,.F.);
#816 = ADVANCED_FACE('',(#817),#502,.F.);
#817 = FACE_BOUND('',#818,.F.);
#818 = EDGE_LOOP('',(#819,#842,#868,#869));
#819 = ORIENTED_EDGE('',*,*,#820,.T.);
#820 = EDGE_CURVE('',#482,#821,#823,.T.);
#821 = VERTEX_POINT('',#822);
#822 = CARTESIAN_POINT('',(-24.865,3.3,3.04508426608E-15));
#823 = SEAM_CURVE('',#824,(#828,#835),.PCURVE_S1.);
#824 = LINE('',#825,#826);
#825 = CARTESIAN_POINT('',(-24.865,0.,3.04508426608E-15));
#826 = VECTOR('',#827,1.);
#827 = DIRECTION('',(-0.,1.,-0.));
#828 = PCURVE('',#502,#829);
#829 = DEFINITIONAL_REPRESENTATION('',(#830),#834);
#830 = LINE('',#831,#832);
#831 = CARTESIAN_POINT('',(0.,0.));
#832 = VECTOR('',#833,1.);
#833 = DIRECTION('',(0.,-1.));
#834 = ( GEOMETRIC_REPRESENTATION_CONTEXT(2) 
PARAMETRIC_REPRESENTATION_CONTEXT() REPRESENTATION_CONTEXT('2D SPACE',''
  ) );
#835 = PCURVE('',#502,#836);
#836 = DEFINITIONAL_REPRESENTATION('',(#837),#841);
#837 = LINE('',#838,#839);
#838 = CARTESIAN_POINT('',(6.28318530718,0.));
#839 = VECTOR('',#840,1.);
#840 = DIRECTION('',(0.,-1.));
#841 = ( GEOMETRIC_REPRESENTATION_CONTEXT(2) 
PARAMETRIC_REPRESENTATION_CONTEXT() REPRESENTATION_CONTEXT('2D SPACE',''
  ) );
#842 = ORIENTED_EDGE('',*,*,#843,.T.);
#843 = EDGE_CURVE('',#821,#821,#844,.T.);
#844 = SURFACE_CURVE('',#845,(#850,#857),.PCURVE_S1.);
#845 = CIRCLE('',#846,1.05);
#846 = AXIS2_PLACEMENT_3D('',#847,#848,#849);
#847 = CARTESIAN_POINT('',(-23.815,3.3,2.916496352169E-15));
#848 = DIRECTION('',(0.,-1.,0.));
#849 = DIRECTION('',(-1.,0.,1.224646799147E-16));
#850 = PCURVE('',#502,#851);
#851 = DEFINITIONAL_REPRESENTATION('',(#852),#856);
#852 = LINE('',#853,#854);
#853 = CARTESIAN_POINT('',(0.,-3.3));
#854 = VECTOR('',#855,1.);
#855 = DIRECTION('',(1.,0.));
#856 = ( GEOMETRIC_REPRESENTATION_CONTEXT(2) 
PARAMETRIC_REPRESENTATION_CONTEXT() REPRESENTATION_CONTEXT('2D SPACE',''
  ) );
#857 = PCURVE('',#696,#858);
#858 = DEFINITIONAL_REPRESENTATION('',(#859),#867);
#859 = ( BOUNDED_CURVE() B_SPLINE_CURVE(2,(#860,#861,#862,#863,#864,#865
,#866),.UNSPECIFIED.,.T.,.F.) B_SPLINE_CURVE_WITH_KNOTS((1,2,2,2,2,1),(
    -2.094395102393,0.,2.094395102393,4.188790204786,6.28318530718,
8.377580409573),.UNSPECIFIED.) CURVE() GEOMETRIC_REPRESENTATION_ITEM() 
RATIONAL_B_SPLINE_CURVE((1.,0.5,1.,0.5,1.,0.5,1.)) REPRESENTATION_ITEM(
  '') );
#860 = CARTESIAN_POINT('',(-24.865,-3.04508426608E-15));
#861 = CARTESIAN_POINT('',(-24.865,1.818653347947));
#862 = CARTESIAN_POINT('',(-23.29,0.909326673974));
#863 = CARTESIAN_POINT('',(-21.715,-2.402144696528E-15));
#864 = CARTESIAN_POINT('',(-23.29,-0.909326673974));
#865 = CARTESIAN_POINT('',(-24.865,-1.818653347947));
#866 = CARTESIAN_POINT('',(-24.865,-3.04508426608E-15));
#867 = ( GEOMETRIC_REPRESENTATION_CONTEXT(2) 
PARAMETRIC_REPRESENTATION_CONTEXT() REPRESENTATION_CONTEXT('2D SPACE',''
  ) );
#868 = ORIENTED_EDGE('',*,*,#820,.F.);
#869 = ORIENTED_EDGE('',*,*,#481,.F.);
#870 = ADVANCED_FACE('',(#871),#537,.F.);
#871 = FACE_BOUND('',#872,.F.);
#872 = EDGE_LOOP('',(#873,#896,#922,#923));
#873 = ORIENTED_EDGE('',*,*,#874,.T.);
#874 = EDGE_CURVE('',#517,#875,#877,.T.);
#875 = VERTEX_POINT('',#876);
#876 = CARTESIAN_POINT('',(24.865,3.3,0.));
#877 = SEAM_CURVE('',#878,(#882,#889),.PCURVE_S1.);
#878 = LINE('',#879,#880);
#879 = CARTESIAN_POINT('',(24.865,0.,0.));
#880 = VECTOR('',#881,1.);
#881 = DIRECTION('',(-0.,1.,-0.));
#882 = PCURVE('',#537,#883);
#883 = DEFINITIONAL_REPRESENTATION('',(#884),#888);
#884 = LINE('',#885,#886);
#885 = CARTESIAN_POINT('',(0.,0.));
#886 = VECTOR('',#887,1.);
#887 = DIRECTION('',(0.,-1.));
#888 = ( GEOMETRIC_REPRESENTATION_CONTEXT(2) 
PARAMETRIC_REPRESENTATION_CONTEXT() REPRESENTATION_CONTEXT('2D SPACE',''
  ) );
#889 = PCURVE('',#537,#890);
#890 = DEFINITIONAL_REPRESENTATION('',(#891),#895);
#891 = LINE('',#892,#893);
#892 = CARTESIAN_POINT('',(6.28318530718,0.));
#893 = VECTOR('',#894,1.);
#894 = DIRECTION('',(0.,-1.));
#895 = ( GEOMETRIC_REPRESENTATION_CONTEXT(2) 
PARAMETRIC_REPRESENTATION_CONTEXT() REPRESENTATION_CONTEXT('2D SPACE',''
  ) );
#896 = ORIENTED_EDGE('',*,*,#897,.T.);
#897 = EDGE_CURVE('',#875,#875,#898,.T.);
#898 = SURFACE_CURVE('',#899,(#904,#911),.PCURVE_S1.);
#899 = CIRCLE('',#900,1.05);
#900 = AXIS2_PLACEMENT_3D('',#901,#902,#903);
#901 = CARTESIAN_POINT('',(23.815,3.3,0.));
#902 = DIRECTION('',(0.,-1.,0.));
#903 = DIRECTION('',(1.,0.,0.));
#904 = PCURVE('',#537,#905);
#905 = DEFINITIONAL_REPRESENTATION('',(#906),#910);
#906 = LINE('',#907,#908);
#907 = CARTESIAN_POINT('',(0.,-3.3));
#908 = VECTOR('',#909,1.);
#909 = DIRECTION('',(1.,0.));
#910 = ( GEOMETRIC_REPRESENTATION_CONTEXT(2) 
PARAMETRIC_REPRESENTATION_CONTEXT() REPRESENTATION_CONTEXT('2D SPACE',''
  ) );
#911 = PCURVE('',#696,#912);
#912 = DEFINITIONAL_REPRESENTATION('',(#913),#921);
#913 = ( BOUNDED_CURVE() B_SPLINE_CURVE(2,(#914,#915,#916,#917,#918,#919
,#920),.UNSPECIFIED.,.T.,.F.) B_SPLINE_CURVE_WITH_KNOTS((1,2,2,2,2,1),(
    -2.094395102393,0.,2.094395102393,4.188790204786,6.28318530718,
8.377580409573),.UNSPECIFIED.) CURVE() GEOMETRIC_REPRESENTATION_ITEM() 
RATIONAL_B_SPLINE_CURVE((1.,0.5,1.,0.5,1.,0.5,1.)) REPRESENTATION_ITEM(
  '') );
#914 = CARTESIAN_POINT('',(24.865,0.));
#915 = CARTESIAN_POINT('',(24.865,-1.818653347947));
#916 = CARTESIAN_POINT('',(23.29,-0.909326673974));
#917 = CARTESIAN_POINT('',(21.715,-2.571758278209E-16));
#918 = CARTESIAN_POINT('',(23.29,0.909326673974));
#919 = CARTESIAN_POINT('',(24.865,1.818653347947));
#920 = CARTESIAN_POINT('',(24.865,0.));
#921 = ( GEOMETRIC_REPRESENTATION_CONTEXT(2) 
PARAMETRIC_REPRESENTATION_CONTEXT() REPRESENTATION_CONTEXT('2D SPACE',''
  ) );
#922 = ORIENTED_EDGE('',*,*,#874,.F.);
#923 = ORIENTED_EDGE('',*,*,#516,.F.);
#924 = ADVANCED_FACE('',(#925),#572,.F.);
#925 = FACE_BOUND('',#926,.F.);
#926 = EDGE_LOOP('',(#927,#950,#976,#977));
#927 = ORIENTED_EDGE('',*,*,#928,.T.);
#928 = EDGE_CURVE('',#552,#929,#931,.T.);
#929 = VERTEX_POINT('',#930);
#930 = CARTESIAN_POINT('',(12.4325,3.3,-21.5337216651));
#931 = SEAM_CURVE('',#932,(#936,#943),.PCURVE_S1.);
#932 = LINE('',#933,#934);
#933 = CARTESIAN_POINT('',(12.4325,0.,-21.5337216651));
#934 = VECTOR('',#935,1.);
#935 = DIRECTION('',(-0.,1.,-0.));
#936 = PCURVE('',#572,#937);
#937 = DEFINITIONAL_REPRESENTATION('',(#938),#942);
#938 = LINE('',#939,#940);
#939 = CARTESIAN_POINT('',(0.,0.));
#940 = VECTOR('',#941,1.);
#941 = DIRECTION('',(0.,-1.));
#942 = ( GEOMETRIC_REPRESENTATION_CONTEXT(2) 
PARAMETRIC_REPRESENTATION_CONTEXT() REPRESENTATION_CONTEXT('2D SPACE',''
  ) );
#943 = PCURVE('',#572,#944);
#944 = DEFINITIONAL_REPRESENTATION('',(#945),#949);
#945 = LINE('',#946,#947);
#946 = CARTESIAN_POINT('',(6.28318530718,0.));
#947 = VECTOR('',#948,1.);
#948 = DIRECTION('',(0.,-1.));
#949 = ( GEOMETRIC_REPRESENTATION_CONTEXT(2) 
PARAMETRIC_REPRESENTATION_CONTEXT() REPRESENTATION_CONTEXT('2D SPACE',''
  ) );
#950 = ORIENTED_EDGE('',*,*,#951,.T.);
#951 = EDGE_CURVE('',#929,#929,#952,.T.);
#952 = SURFACE_CURVE('',#953,(#958,#965),.PCURVE_S1.);
#953 = CIRCLE('',#954,1.05);
#954 = AXIS2_PLACEMENT_3D('',#955,#956,#957);
#955 = CARTESIAN_POINT('',(11.9075,3.3,-20.62439499112));
#956 = DIRECTION('',(0.,-1.,0.));
#957 = DIRECTION('',(0.5,0.,-0.866025403784));
#958 = PCURVE('',#572,#959);
#959 = DEFINITIONAL_REPRESENTATION('',(#960),#964);
#960 = LINE('',#961,#962);
#961 = CARTESIAN_POINT('',(0.,-3.3));
#962 = VECTOR('',#963,1.);
#963 = DIRECTION('',(1.,0.));
#964 = ( GEOMETRIC_REPRESENTATION_CONTEXT(2) 
PARAMETRIC_REPRESENTATION_CONTEXT() REPRESENTATION_CONTEXT('2D SPACE',''
  ) );
#965 = PCURVE('',#696,#966);
#966 = DEFINITIONAL_REPRESENTATION('',(#967),#975);
#967 = ( BOUNDED_CURVE() B_SPLINE_CURVE(2,(#968,#969,#970,#971,#972,#973
,#974),.UNSPECIFIED.,.T.,.F.) B_SPLINE_CURVE_WITH_KNOTS((1,2,2,2,2,1),(
    -2.094395102393,0.,2.094395102393,4.188790204786,6.28318530718,
8.377580409573),.UNSPECIFIED.) CURVE() GEOMETRIC_REPRESENTATION_ITEM() 
RATIONAL_B_SPLINE_CURVE((1.,0.5,1.,0.5,1.,0.5,1.)) REPRESENTATION_ITEM(
  '') );
#968 = CARTESIAN_POINT('',(12.4325,21.5337216651));
#969 = CARTESIAN_POINT('',(14.0075,20.624394991126));
#970 = CARTESIAN_POINT('',(12.4325,19.715068317153));
#971 = CARTESIAN_POINT('',(10.8575,18.805741643179));
#972 = CARTESIAN_POINT('',(10.8575,20.624394991126));
#973 = CARTESIAN_POINT('',(10.8575,22.443048339074));
#974 = CARTESIAN_POINT('',(12.4325,21.5337216651));
#975 = ( GEOMETRIC_REPRESENTATION_CONTEXT(2) 
PARAMETRIC_REPRESENTATION_CONTEXT() REPRESENTATION_CONTEXT('2D SPACE',''
  ) );
#976 = ORIENTED_EDGE('',*,*,#928,.F.);
#977 = ORIENTED_EDGE('',*,*,#551,.F.);
#978 = ADVANCED_FACE('',(#979),#607,.F.);
#979 = FACE_BOUND('',#980,.F.);
#980 = EDGE_LOOP('',(#981,#982,#1005,#1036));
#981 = ORIENTED_EDGE('',*,*,#586,.F.);
#982 = ORIENTED_EDGE('',*,*,#983,.F.);
#983 = EDGE_CURVE('',#984,#587,#986,.T.);
#984 = VERTEX_POINT('',#985);
#985 = CARTESIAN_POINT('',(11.5,92.,-2.816687638039E-15));
#986 = SEAM_CURVE('',#987,(#991,#998),.PCURVE_S1.);
#987 = LINE('',#988,#989);
#988 = CARTESIAN_POINT('',(11.5,92.,-2.816687638039E-15));
#989 = VECTOR('',#990,1.);
#990 = DIRECTION('',(0.,-1.,0.));
#991 = PCURVE('',#607,#992);
#992 = DEFINITIONAL_REPRESENTATION('',(#993),#997);
#993 = LINE('',#994,#995);
#994 = CARTESIAN_POINT('',(6.28318530718,-0.));
#995 = VECTOR('',#996,1.);
#996 = DIRECTION('',(0.,1.));
#997 = ( GEOMETRIC_REPRESENTATION_CONTEXT(2) 
PARAMETRIC_REPRESENTATION_CONTEXT() REPRESENTATION_CONTEXT('2D SPACE',''
  ) );
#998 = PCURVE('',#607,#999);
#999 = DEFINITIONAL_REPRESENTATION('',(#1000),#1004);
#1000 = LINE('',#1001,#1002);
#1001 = CARTESIAN_POINT('',(0.,-0.));
#1002 = VECTOR('',#1003,1.);
#1003 = DIRECTION('',(0.,1.));
#1004 = ( GEOMETRIC_REPRESENTATION_CONTEXT(2) 
PARAMETRIC_REPRESENTATION_CONTEXT() REPRESENTATION_CONTEXT('2D SPACE',''
  ) );
#1005 = ORIENTED_EDGE('',*,*,#1006,.T.);
#1006 = EDGE_CURVE('',#984,#984,#1007,.T.);
#1007 = SURFACE_CURVE('',#1008,(#1013,#1020),.PCURVE_S1.);
#1008 = CIRCLE('',#1009,11.5);
#1009 = AXIS2_PLACEMENT_3D('',#1010,#1011,#1012);
#1010 = CARTESIAN_POINT('',(0.,92.,0.));
#1011 = DIRECTION('',(0.,-1.,0.));
#1012 = DIRECTION('',(1.,0.,0.));
#1013 = PCURVE('',#607,#1014);
#1014 = DEFINITIONAL_REPRESENTATION('',(#1015),#1019);
#1015 = LINE('',#1016,#1017);
#1016 = CARTESIAN_POINT('',(0.,0.));
#1017 = VECTOR('',#1018,1.);
#1018 = DIRECTION('',(1.,0.));
#1019 = ( GEOMETRIC_REPRESENTATION_CONTEXT(2) 
PARAMETRIC_REPRESENTATION_CONTEXT() REPRESENTATION_CONTEXT('2D SPACE',''
  ) );
#1020 = PCURVE('',#1021,#1026);
#1021 = PLANE('',#1022);
#1022 = AXIS2_PLACEMENT_3D('',#1023,#1024,#1025);
#1023 = CARTESIAN_POINT('',(0.,92.,0.));
#1024 = DIRECTION('',(0.,1.,0.));
#1025 = DIRECTION('',(1.,0.,0.));
#1026 = DEFINITIONAL_REPRESENTATION('',(#1027),#1035);
#1027 = ( BOUNDED_CURVE() B_SPLINE_CURVE(2,(#1028,#1029,#1030,#1031,
#1032,#1033,#1034),.UNSPECIFIED.,.T.,.F.) B_SPLINE_CURVE_WITH_KNOTS((1,2
    ,2,2,2,1),(-2.094395102393,0.,2.094395102393,4.188790204786,
6.28318530718,8.377580409573),.UNSPECIFIED.) CURVE() 
GEOMETRIC_REPRESENTATION_ITEM() RATIONAL_B_SPLINE_CURVE((1.,0.5,1.,0.5,
1.,0.5,1.)) REPRESENTATION_ITEM('') );
#1028 = CARTESIAN_POINT('',(11.5,0.));
#1029 = CARTESIAN_POINT('',(11.5,-19.91858428704));
#1030 = CARTESIAN_POINT('',(-5.75,-9.959292143521));
#1031 = CARTESIAN_POINT('',(-23.,-2.816687638039E-15));
#1032 = CARTESIAN_POINT('',(-5.75,9.959292143521));
#1033 = CARTESIAN_POINT('',(11.5,19.918584287042));
#1034 = CARTESIAN_POINT('',(11.5,0.));
#1035 = ( GEOMETRIC_REPRESENTATION_CONTEXT(2) 
PARAMETRIC_REPRESENTATION_CONTEXT() REPRESENTATION_CONTEXT('2D SPACE',''
  ) );
#1036 = ORIENTED_EDGE('',*,*,#983,.T.);
#1037 = ADVANCED_FACE('',(#1038),#642,.F.);
#1038 = FACE_BOUND('',#1039,.F.);
#1039 = EDGE_LOOP('',(#1040,#1063,#1089,#1090));
#1040 = ORIENTED_EDGE('',*,*,#1041,.T.);
#1041 = EDGE_CURVE('',#622,#1042,#1044,.T.);
#1042 = VERTEX_POINT('',#1043);
#1043 = CARTESIAN_POINT('',(-12.4325,3.3,-21.5337216651));
#1044 = SEAM_CURVE('',#1045,(#1049,#1056),.PCURVE_S1.);
#1045 = LINE('',#1046,#1047);
#1046 = CARTESIAN_POINT('',(-12.4325,0.,-21.5337216651));
#1047 = VECTOR('',#1048,1.);
#1048 = DIRECTION('',(-0.,1.,-0.));
#1049 = PCURVE('',#642,#1050);
#1050 = DEFINITIONAL_REPRESENTATION('',(#1051),#1055);
#1051 = LINE('',#1052,#1053);
#1052 = CARTESIAN_POINT('',(0.,0.));
#1053 = VECTOR('',#1054,1.);
#1054 = DIRECTION('',(0.,-1.));
#1055 = ( GEOMETRIC_REPRESENTATION_CONTEXT(2) 
PARAMETRIC_REPRESENTATION_CONTEXT() REPRESENTATION_CONTEXT('2D SPACE',''
  ) );
#1056 = PCURVE('',#642,#1057);
#1057 = DEFINITIONAL_REPRESENTATION('',(#1058),#1062);
#1058 = LINE('',#1059,#1060);
#1059 = CARTESIAN_POINT('',(6.28318530718,0.));
#1060 = VECTOR('',#1061,1.);
#1061 = DIRECTION('',(0.,-1.));
#1062 = ( GEOMETRIC_REPRESENTATION_CONTEXT(2) 
PARAMETRIC_REPRESENTATION_CONTEXT() REPRESENTATION_CONTEXT('2D SPACE',''
  ) );
#1063 = ORIENTED_EDGE('',*,*,#1064,.T.);
#1064 = EDGE_CURVE('',#1042,#1042,#1065,.T.);
#1065 = SURFACE_CURVE('',#1066,(#1071,#1078),.PCURVE_S1.);
#1066 = CIRCLE('',#1067,1.05);
#1067 = AXIS2_PLACEMENT_3D('',#1068,#1069,#1070);
#1068 = CARTESIAN_POINT('',(-11.9075,3.3,-20.62439499112));
#1069 = DIRECTION('',(0.,-1.,-0.));
#1070 = DIRECTION('',(-0.5,0.,-0.866025403784));
#1071 = PCURVE('',#642,#1072);
#1072 = DEFINITIONAL_REPRESENTATION('',(#1073),#1077);
#1073 = LINE('',#1074,#1075);
#1074 = CARTESIAN_POINT('',(0.,-3.3));
#1075 = VECTOR('',#1076,1.);
#1076 = DIRECTION('',(1.,0.));
#1077 = ( GEOMETRIC_REPRESENTATION_CONTEXT(2) 
PARAMETRIC_REPRESENTATION_CONTEXT() REPRESENTATION_CONTEXT('2D SPACE',''
  ) );
#1078 = PCURVE('',#696,#1079);
#1079 = DEFINITIONAL_REPRESENTATION('',(#1080),#1088);
#1080 = ( BOUNDED_CURVE() B_SPLINE_CURVE(2,(#1081,#1082,#1083,#1084,
#1085,#1086,#1087),.UNSPECIFIED.,.T.,.F.) B_SPLINE_CURVE_WITH_KNOTS((1,2
    ,2,2,2,1),(-2.094395102393,0.,2.094395102393,4.188790204786,
6.28318530718,8.377580409573),.UNSPECIFIED.) CURVE() 
GEOMETRIC_REPRESENTATION_ITEM() RATIONAL_B_SPLINE_CURVE((1.,0.5,1.,0.5,
1.,0.5,1.)) REPRESENTATION_ITEM('') );
#1081 = CARTESIAN_POINT('',(-12.4325,21.5337216651));
#1082 = CARTESIAN_POINT('',(-10.8575,22.443048339074));
#1083 = CARTESIAN_POINT('',(-10.8575,20.624394991126));
#1084 = CARTESIAN_POINT('',(-10.8575,18.805741643179));
#1085 = CARTESIAN_POINT('',(-12.4325,19.715068317153));
#1086 = CARTESIAN_POINT('',(-14.0075,20.624394991126));
#1087 = CARTESIAN_POINT('',(-12.4325,21.5337216651));
#1088 = ( GEOMETRIC_REPRESENTATION_CONTEXT(2) 
PARAMETRIC_REPRESENTATION_CONTEXT() REPRESENTATION_CONTEXT('2D SPACE',''
  ) );
#1089 = ORIENTED_EDGE('',*,*,#1041,.F.);
#1090 = ORIENTED_EDGE('',*,*,#621,.F.);
#1091 = ADVANCED_FACE('',(#1092,#1095,#1098,#1101,#1104,#1107,#1138,
    #1141),#696,.T.);
#1092 = FACE_BOUND('',#1093,.T.);
#1093 = EDGE_LOOP('',(#1094));
#1094 = ORIENTED_EDGE('',*,*,#681,.T.);
#1095 = FACE_BOUND('',#1096,.T.);
#1096 = EDGE_LOOP('',(#1097));
#1097 = ORIENTED_EDGE('',*,*,#789,.T.);
#1098 = FACE_BOUND('',#1099,.T.);
#1099 = EDGE_LOOP('',(#1100));
#1100 = ORIENTED_EDGE('',*,*,#843,.T.);
#1101 = FACE_BOUND('',#1102,.T.);
#1102 = EDGE_LOOP('',(#1103));
#1103 = ORIENTED_EDGE('',*,*,#735,.T.);
#1104 = FACE_BOUND('',#1105,.T.);
#1105 = EDGE_LOOP('',(#1106));
#1106 = ORIENTED_EDGE('',*,*,#1064,.T.);
#1107 = FACE_BOUND('',#1108,.T.);
#1108 = EDGE_LOOP('',(#1109));
#1109 = ORIENTED_EDGE('',*,*,#1110,.F.);
#1110 = EDGE_CURVE('',#1111,#1111,#1113,.T.);
#1111 = VERTEX_POINT('',#1112);
#1112 = CARTESIAN_POINT('',(22.,3.3,0.));
#1113 = SURFACE_CURVE('',#1114,(#1119,#1126),.PCURVE_S1.);
#1114 = CIRCLE('',#1115,22.);
#1115 = AXIS2_PLACEMENT_3D('',#1116,#1117,#1118);
#1116 = CARTESIAN_POINT('',(0.,3.3,0.));
#1117 = DIRECTION('',(-0.,1.,0.));
#1118 = DIRECTION('',(1.,0.,0.));
#1119 = PCURVE('',#696,#1120);
#1120 = DEFINITIONAL_REPRESENTATION('',(#1121),#1125);
#1121 = CIRCLE('',#1122,22.);
#1122 = AXIS2_PLACEMENT_2D('',#1123,#1124);
#1123 = CARTESIAN_POINT('',(0.,0.));
#1124 = DIRECTION('',(1.,0.));
#1125 = ( GEOMETRIC_REPRESENTATION_CONTEXT(2) 
PARAMETRIC_REPRESENTATION_CONTEXT() REPRESENTATION_CONTEXT('2D SPACE',''
  ) );
#1126 = PCURVE('',#1127,#1132);
#1127 = CONICAL_SURFACE('',#1128,22.,0.937003650836);
#1128 = AXIS2_PLACEMENT_3D('',#1129,#1130,#1131);
#1129 = CARTESIAN_POINT('',(0.,3.3,0.));
#1130 = DIRECTION('',(-0.,-1.,-0.));
#1131 = DIRECTION('',(1.,0.,0.));
#1132 = DEFINITIONAL_REPRESENTATION('',(#1133),#1137);
#1133 = LINE('',#1134,#1135);
#1134 = CARTESIAN_POINT('',(-0.,-0.));
#1135 = VECTOR('',#1136,1.);
#1136 = DIRECTION('',(-1.,-0.));
#1137 = ( GEOMETRIC_REPRESENTATION_CONTEXT(2) 
PARAMETRIC_REPRESENTATION_CONTEXT() REPRESENTATION_CONTEXT('2D SPACE',''
  ) );
#1138 = FACE_BOUND('',#1139,.T.);
#1139 = EDGE_LOOP('',(#1140));
#1140 = ORIENTED_EDGE('',*,*,#897,.T.);
#1141 = FACE_BOUND('',#1142,.T.);
#1142 = EDGE_LOOP('',(#1143));
#1143 = ORIENTED_EDGE('',*,*,#951,.T.);
#1144 = ADVANCED_FACE('',(#1145,#1176,#1207,#1238,#1269,#1300,#1331,
    #1334),#1021,.T.);
#1145 = FACE_BOUND('',#1146,.T.);
#1146 = EDGE_LOOP('',(#1147));
#1147 = ORIENTED_EDGE('',*,*,#1148,.T.);
#1148 = EDGE_CURVE('',#1149,#1149,#1151,.T.);
#1149 = VERTEX_POINT('',#1150);
#1150 = CARTESIAN_POINT('',(25.3,92.,0.));
#1151 = SURFACE_CURVE('',#1152,(#1157,#1164),.PCURVE_S1.);
#1152 = CIRCLE('',#1153,25.3);
#1153 = AXIS2_PLACEMENT_3D('',#1154,#1155,#1156);
#1154 = CARTESIAN_POINT('',(0.,92.,0.));
#1155 = DIRECTION('',(-0.,1.,0.));
#1156 = DIRECTION('',(1.,0.,0.));
#1157 = PCURVE('',#1021,#1158);
#1158 = DEFINITIONAL_REPRESENTATION('',(#1159),#1163);
#1159 = CIRCLE('',#1160,25.3);
#1160 = AXIS2_PLACEMENT_2D('',#1161,#1162);
#1161 = CARTESIAN_POINT('',(0.,0.));
#1162 = DIRECTION('',(1.,0.));
#1163 = ( GEOMETRIC_REPRESENTATION_CONTEXT(2) 
PARAMETRIC_REPRESENTATION_CONTEXT() REPRESENTATION_CONTEXT('2D SPACE',''
  ) );
#1164 = PCURVE('',#1165,#1170);
#1165 = CONICAL_SURFACE('',#1166,22.,0.785398163397);
#1166 = AXIS2_PLACEMENT_3D('',#1167,#1168,#1169);
#1167 = CARTESIAN_POINT('',(0.,88.7,0.));
#1168 = DIRECTION('',(0.,1.,0.));
#1169 = DIRECTION('',(1.,0.,0.));
#1170 = DEFINITIONAL_REPRESENTATION('',(#1171),#1175);
#1171 = LINE('',#1172,#1173);
#1172 = CARTESIAN_POINT('',(0.,3.3));
#1173 = VECTOR('',#1174,1.);
#1174 = DIRECTION('',(1.,0.));
#1175 = ( GEOMETRIC_REPRESENTATION_CONTEXT(2) 
PARAMETRIC_REPRESENTATION_CONTEXT() REPRESENTATION_CONTEXT('2D SPACE',''
  ) );
#1176 = FACE_BOUND('',#1177,.T.);
#1177 = EDGE_LOOP('',(#1178));
#1178 = ORIENTED_EDGE('',*,*,#1179,.F.);
#1179 = EDGE_CURVE('',#1180,#1180,#1182,.T.);
#1180 = VERTEX_POINT('',#1181);
#1181 = CARTESIAN_POINT('',(-12.4325,92.,21.5337216651));
#1182 = SURFACE_CURVE('',#1183,(#1188,#1195),.PCURVE_S1.);
#1183 = CIRCLE('',#1184,1.05);
#1184 = AXIS2_PLACEMENT_3D('',#1185,#1186,#1187);
#1185 = CARTESIAN_POINT('',(-11.9075,92.,20.624394991126));
#1186 = DIRECTION('',(0.,1.,-0.));
#1187 = DIRECTION('',(-0.5,0.,0.866025403784));
#1188 = PCURVE('',#1021,#1189);
#1189 = DEFINITIONAL_REPRESENTATION('',(#1190),#1194);
#1190 = CIRCLE('',#1191,1.05);
#1191 = AXIS2_PLACEMENT_2D('',#1192,#1193);
#1192 = CARTESIAN_POINT('',(-11.9075,-20.62439499112));
#1193 = DIRECTION('',(-0.5,-0.866025403784));
#1194 = ( GEOMETRIC_REPRESENTATION_CONTEXT(2) 
PARAMETRIC_REPRESENTATION_CONTEXT() REPRESENTATION_CONTEXT('2D SPACE',''
  ) );
#1195 = PCURVE('',#1196,#1201);
#1196 = CYLINDRICAL_SURFACE('',#1197,1.05);
#1197 = AXIS2_PLACEMENT_3D('',#1198,#1199,#1200);
#1198 = CARTESIAN_POINT('',(-11.9075,92.,20.624394991126));
#1199 = DIRECTION('',(0.,1.,-0.));
#1200 = DIRECTION('',(-0.5,0.,0.866025403784));
#1201 = DEFINITIONAL_REPRESENTATION('',(#1202),#1206);
#1202 = LINE('',#1203,#1204);
#1203 = CARTESIAN_POINT('',(0.,0.));
#1204 = VECTOR('',#1205,1.);
#1205 = DIRECTION('',(1.,0.));
#1206 = ( GEOMETRIC_REPRESENTATION_CONTEXT(2) 
PARAMETRIC_REPRESENTATION_CONTEXT() REPRESENTATION_CONTEXT('2D SPACE',''
  ) );
#1207 = FACE_BOUND('',#1208,.T.);
#1208 = EDGE_LOOP('',(#1209));
#1209 = ORIENTED_EDGE('',*,*,#1210,.F.);
#1210 = EDGE_CURVE('',#1211,#1211,#1213,.T.);
#1211 = VERTEX_POINT('',#1212);
#1212 = CARTESIAN_POINT('',(12.4325,92.,21.5337216651));
#1213 = SURFACE_CURVE('',#1214,(#1219,#1226),.PCURVE_S1.);
#1214 = CIRCLE('',#1215,1.05);
#1215 = AXIS2_PLACEMENT_3D('',#1216,#1217,#1218);
#1216 = CARTESIAN_POINT('',(11.9075,92.,20.624394991126));
#1217 = DIRECTION('',(-0.,1.,0.));
#1218 = DIRECTION('',(0.5,0.,0.866025403784));
#1219 = PCURVE('',#1021,#1220);
#1220 = DEFINITIONAL_REPRESENTATION('',(#1221),#1225);
#1221 = CIRCLE('',#1222,1.05);
#1222 = AXIS2_PLACEMENT_2D('',#1223,#1224);
#1223 = CARTESIAN_POINT('',(11.9075,-20.62439499112));
#1224 = DIRECTION('',(0.5,-0.866025403784));
#1225 = ( GEOMETRIC_REPRESENTATION_CONTEXT(2) 
PARAMETRIC_REPRESENTATION_CONTEXT() REPRESENTATION_CONTEXT('2D SPACE',''
  ) );
#1226 = PCURVE('',#1227,#1232);
#1227 = CYLINDRICAL_SURFACE('',#1228,1.05);
#1228 = AXIS2_PLACEMENT_3D('',#1229,#1230,#1231);
#1229 = CARTESIAN_POINT('',(11.9075,92.,20.624394991126));
#1230 = DIRECTION('',(-0.,1.,0.));
#1231 = DIRECTION('',(0.5,0.,0.866025403784));
#1232 = DEFINITIONAL_REPRESENTATION('',(#1233),#1237);
#1233 = LINE('',#1234,#1235);
#1234 = CARTESIAN_POINT('',(0.,0.));
#1235 = VECTOR('',#1236,1.);
#1236 = DIRECTION('',(1.,0.));
#1237 = ( GEOMETRIC_REPRESENTATION_CONTEXT(2) 
PARAMETRIC_REPRESENTATION_CONTEXT() REPRESENTATION_CONTEXT('2D SPACE',''
  ) );
#1238 = FACE_BOUND('',#1239,.T.);
#1239 = EDGE_LOOP('',(#1240));
#1240 = ORIENTED_EDGE('',*,*,#1241,.F.);
#1241 = EDGE_CURVE('',#1242,#1242,#1244,.T.);
#1242 = VERTEX_POINT('',#1243);
#1243 = CARTESIAN_POINT('',(24.865,92.,3.04508426608E-15));
#1244 = SURFACE_CURVE('',#1245,(#1250,#1257),.PCURVE_S1.);
#1245 = CIRCLE('',#1246,1.05);
#1246 = AXIS2_PLACEMENT_3D('',#1247,#1248,#1249);
#1247 = CARTESIAN_POINT('',(23.815,92.,2.916496352169E-15));
#1248 = DIRECTION('',(-0.,1.,0.));
#1249 = DIRECTION('',(1.,0.,1.224646799147E-16));
#1250 = PCURVE('',#1021,#1251);
#1251 = DEFINITIONAL_REPRESENTATION('',(#1252),#1256);
#1252 = CIRCLE('',#1253,1.05);
#1253 = AXIS2_PLACEMENT_2D('',#1254,#1255);
#1254 = CARTESIAN_POINT('',(23.815,-2.916496352169E-15));
#1255 = DIRECTION('',(1.,-1.224646799147E-16));
#1256 = ( GEOMETRIC_REPRESENTATION_CONTEXT(2) 
PARAMETRIC_REPRESENTATION_CONTEXT() REPRESENTATION_CONTEXT('2D SPACE',''
  ) );
#1257 = PCURVE('',#1258,#1263);
#1258 = CYLINDRICAL_SURFACE('',#1259,1.05);
#1259 = AXIS2_PLACEMENT_3D('',#1260,#1261,#1262);
#1260 = CARTESIAN_POINT('',(23.815,92.,2.916496352169E-15));
#1261 = DIRECTION('',(-0.,1.,0.));
#1262 = DIRECTION('',(1.,0.,1.224646799147E-16));
#1263 = DEFINITIONAL_REPRESENTATION('',(#1264),#1268);
#1264 = LINE('',#1265,#1266);
#1265 = CARTESIAN_POINT('',(0.,0.));
#1266 = VECTOR('',#1267,1.);
#1267 = DIRECTION('',(1.,0.));
#1268 = ( GEOMETRIC_REPRESENTATION_CONTEXT(2) 
PARAMETRIC_REPRESENTATION_CONTEXT() REPRESENTATION_CONTEXT('2D SPACE',''
  ) );
#1269 = FACE_BOUND('',#1270,.T.);
#1270 = EDGE_LOOP('',(#1271));
#1271 = ORIENTED_EDGE('',*,*,#1272,.F.);
#1272 = EDGE_CURVE('',#1273,#1273,#1275,.T.);
#1273 = VERTEX_POINT('',#1274);
#1274 = CARTESIAN_POINT('',(-24.865,92.,0.));
#1275 = SURFACE_CURVE('',#1276,(#1281,#1288),.PCURVE_S1.);
#1276 = CIRCLE('',#1277,1.05);
#1277 = AXIS2_PLACEMENT_3D('',#1278,#1279,#1280);
#1278 = CARTESIAN_POINT('',(-23.815,92.,0.));
#1279 = DIRECTION('',(0.,1.,-0.));
#1280 = DIRECTION('',(-1.,0.,0.));
#1281 = PCURVE('',#1021,#1282);
#1282 = DEFINITIONAL_REPRESENTATION('',(#1283),#1287);
#1283 = CIRCLE('',#1284,1.05);
#1284 = AXIS2_PLACEMENT_2D('',#1285,#1286);
#1285 = CARTESIAN_POINT('',(-23.815,0.));
#1286 = DIRECTION('',(-1.,0.));
#1287 = ( GEOMETRIC_REPRESENTATION_CONTEXT(2) 
PARAMETRIC_REPRESENTATION_CONTEXT() REPRESENTATION_CONTEXT('2D SPACE',''
  ) );
#1288 = PCURVE('',#1289,#1294);
#1289 = CYLINDRICAL_SURFACE('',#1290,1.05);
#1290 = AXIS2_PLACEMENT_3D('',#1291,#1292,#1293);
#1291 = CARTESIAN_POINT('',(-23.815,92.,0.));
#1292 = DIRECTION('',(0.,1.,-0.));
#1293 = DIRECTION('',(-1.,0.,0.));
#1294 = DEFINITIONAL_REPRESENTATION('',(#1295),#1299);
#1295 = LINE('',#1296,#1297);
#1296 = CARTESIAN_POINT('',(0.,0.));
#1297 = VECTOR('',#1298,1.);
#1298 = DIRECTION('',(1.,0.));
#1299 = ( GEOMETRIC_REPRESENTATION_CONTEXT(2) 
PARAMETRIC_REPRESENTATION_CONTEXT() REPRESENTATION_CONTEXT('2D SPACE',''
  ) );
#1300 = FACE_BOUND('',#1301,.T.);
#1301 = EDGE_LOOP('',(#1302));
#1302 = ORIENTED_EDGE('',*,*,#1303,.F.);
#1303 = EDGE_CURVE('',#1304,#1304,#1306,.T.);
#1304 = VERTEX_POINT('',#1305);
#1305 = CARTESIAN_POINT('',(-12.4325,92.,-21.5337216651));
#1306 = SURFACE_CURVE('',#1307,(#1312,#1319),.PCURVE_S1.);
#1307 = CIRCLE('',#1308,1.05);
#1308 = AXIS2_PLACEMENT_3D('',#1309,#1310,#1311);
#1309 = CARTESIAN_POINT('',(-11.9075,92.,-20.62439499112));
#1310 = DIRECTION('',(0.,1.,0.));
#1311 = DIRECTION('',(-0.5,0.,-0.866025403784));
#1312 = PCURVE('',#1021,#1313);
#1313 = DEFINITIONAL_REPRESENTATION('',(#1314),#1318);
#1314 = CIRCLE('',#1315,1.05);
#1315 = AXIS2_PLACEMENT_2D('',#1316,#1317);
#1316 = CARTESIAN_POINT('',(-11.9075,20.624394991126));
#1317 = DIRECTION('',(-0.5,0.866025403784));
#1318 = ( GEOMETRIC_REPRESENTATION_CONTEXT(2) 
PARAMETRIC_REPRESENTATION_CONTEXT() REPRESENTATION_CONTEXT('2D SPACE',''
  ) );
#1319 = PCURVE('',#1320,#1325);
#1320 = CYLINDRICAL_SURFACE('',#1321,1.05);
#1321 = AXIS2_PLACEMENT_3D('',#1322,#1323,#1324);
#1322 = CARTESIAN_POINT('',(-11.9075,92.,-20.62439499112));
#1323 = DIRECTION('',(0.,1.,0.));
#1324 = DIRECTION('',(-0.5,0.,-0.866025403784));
#1325 = DEFINITIONAL_REPRESENTATION('',(#1326),#1330);
#1326 = LINE('',#1327,#1328);
#1327 = CARTESIAN_POINT('',(0.,0.));
#1328 = VECTOR('',#1329,1.);
#1329 = DIRECTION('',(1.,0.));
#1330 = ( GEOMETRIC_REPRESENTATION_CONTEXT(2) 
PARAMETRIC_REPRESENTATION_CONTEXT() REPRESENTATION_CONTEXT('2D SPACE',''
  ) );
#1331 = FACE_BOUND('',#1332,.T.);
#1332 = EDGE_LOOP('',(#1333));
#1333 = ORIENTED_EDGE('',*,*,#1006,.T.);
#1334 = FACE_BOUND('',#1335,.T.);
#1335 = EDGE_LOOP('',(#1336));
#1336 = ORIENTED_EDGE('',*,*,#1337,.F.);
#1337 = EDGE_CURVE('',#1338,#1338,#1340,.T.);
#1338 = VERTEX_POINT('',#1339);
#1339 = CARTESIAN_POINT('',(12.4325,92.,-21.5337216651));
#1340 = SURFACE_CURVE('',#1341,(#1346,#1353),.PCURVE_S1.);
#1341 = CIRCLE('',#1342,1.05);
#1342 = AXIS2_PLACEMENT_3D('',#1343,#1344,#1345);
#1343 = CARTESIAN_POINT('',(11.9075,92.,-20.62439499112));
#1344 = DIRECTION('',(0.,1.,0.));
#1345 = DIRECTION('',(0.5,0.,-0.866025403784));
#1346 = PCURVE('',#1021,#1347);
#1347 = DEFINITIONAL_REPRESENTATION('',(#1348),#1352);
#1348 = CIRCLE('',#1349,1.05);
#1349 = AXIS2_PLACEMENT_2D('',#1350,#1351);
#1350 = CARTESIAN_POINT('',(11.9075,20.624394991126));
#1351 = DIRECTION('',(0.5,0.866025403784));
#1352 = ( GEOMETRIC_REPRESENTATION_CONTEXT(2) 
PARAMETRIC_REPRESENTATION_CONTEXT() REPRESENTATION_CONTEXT('2D SPACE',''
  ) );
#1353 = PCURVE('',#1354,#1359);
#1354 = CYLINDRICAL_SURFACE('',#1355,1.05);
#1355 = AXIS2_PLACEMENT_3D('',#1356,#1357,#1358);
#1356 = CARTESIAN_POINT('',(11.9075,92.,-20.62439499112));
#1357 = DIRECTION('',(0.,1.,0.));
#1358 = DIRECTION('',(0.5,0.,-0.866025403784));
#1359 = DEFINITIONAL_REPRESENTATION('',(#1360),#1364);
#1360 = LINE('',#1361,#1362);
#1361 = CARTESIAN_POINT('',(0.,0.));
#1362 = VECTOR('',#1363,1.);
#1363 = DIRECTION('',(1.,0.));
#1364 = ( GEOMETRIC_REPRESENTATION_CONTEXT(2) 
PARAMETRIC_REPRESENTATION_CONTEXT() REPRESENTATION_CONTEXT('2D SPACE',''
  ) );
#1365 = ADVANCED_FACE('',(#1366),#1127,.T.);
#1366 = FACE_BOUND('',#1367,.T.);
#1367 = EDGE_LOOP('',(#1368,#1369,#1392,#1419));
#1368 = ORIENTED_EDGE('',*,*,#1110,.T.);
#1369 = ORIENTED_EDGE('',*,*,#1370,.T.);
#1370 = EDGE_CURVE('',#1111,#1371,#1373,.T.);
#1371 = VERTEX_POINT('',#1372);
#1372 = CARTESIAN_POINT('',(13.7,9.4,0.));
#1373 = SEAM_CURVE('',#1374,(#1378,#1385),.PCURVE_S1.);
#1374 = LINE('',#1375,#1376);
#1375 = CARTESIAN_POINT('',(22.,3.3,0.));
#1376 = VECTOR('',#1377,1.);
#1377 = DIRECTION('',(-0.805787267024,0.592205099861,0.));
#1378 = PCURVE('',#1127,#1379);
#1379 = DEFINITIONAL_REPRESENTATION('',(#1380),#1384);
#1380 = LINE('',#1381,#1382);
#1381 = CARTESIAN_POINT('',(-0.,-0.));
#1382 = VECTOR('',#1383,1.);
#1383 = DIRECTION('',(-0.,-1.));
#1384 = ( GEOMETRIC_REPRESENTATION_CONTEXT(2) 
PARAMETRIC_REPRESENTATION_CONTEXT() REPRESENTATION_CONTEXT('2D SPACE',''
  ) );
#1385 = PCURVE('',#1127,#1386);
#1386 = DEFINITIONAL_REPRESENTATION('',(#1387),#1391);
#1387 = LINE('',#1388,#1389);
#1388 = CARTESIAN_POINT('',(-6.28318530718,-0.));
#1389 = VECTOR('',#1390,1.);
#1390 = DIRECTION('',(-0.,-1.));
#1391 = ( GEOMETRIC_REPRESENTATION_CONTEXT(2) 
PARAMETRIC_REPRESENTATION_CONTEXT() REPRESENTATION_CONTEXT('2D SPACE',''
  ) );
#1392 = ORIENTED_EDGE('',*,*,#1393,.F.);
#1393 = EDGE_CURVE('',#1371,#1371,#1394,.T.);
#1394 = SURFACE_CURVE('',#1395,(#1400,#1407),.PCURVE_S1.);
#1395 = CIRCLE('',#1396,13.7);
#1396 = AXIS2_PLACEMENT_3D('',#1397,#1398,#1399);
#1397 = CARTESIAN_POINT('',(0.,9.4,0.));
#1398 = DIRECTION('',(-0.,1.,0.));
#1399 = DIRECTION('',(1.,0.,0.));
#1400 = PCURVE('',#1127,#1401);
#1401 = DEFINITIONAL_REPRESENTATION('',(#1402),#1406);
#1402 = LINE('',#1403,#1404);
#1403 = CARTESIAN_POINT('',(-0.,-6.1));
#1404 = VECTOR('',#1405,1.);
#1405 = DIRECTION('',(-1.,-0.));
#1406 = ( GEOMETRIC_REPRESENTATION_CONTEXT(2) 
PARAMETRIC_REPRESENTATION_CONTEXT() REPRESENTATION_CONTEXT('2D SPACE',''
  ) );
#1407 = PCURVE('',#1408,#1413);
#1408 = CONICAL_SURFACE('',#1409,13.7,0.937003650836);
#1409 = AXIS2_PLACEMENT_3D('',#1410,#1411,#1412);
#1410 = CARTESIAN_POINT('',(0.,9.4,0.));
#1411 = DIRECTION('',(0.,1.,0.));
#1412 = DIRECTION('',(1.,0.,0.));
#1413 = DEFINITIONAL_REPRESENTATION('',(#1414),#1418);
#1414 = LINE('',#1415,#1416);
#1415 = CARTESIAN_POINT('',(0.,0.));
#1416 = VECTOR('',#1417,1.);
#1417 = DIRECTION('',(1.,0.));
#1418 = ( GEOMETRIC_REPRESENTATION_CONTEXT(2) 
PARAMETRIC_REPRESENTATION_CONTEXT() REPRESENTATION_CONTEXT('2D SPACE',''
  ) );
#1419 = ORIENTED_EDGE('',*,*,#1370,.F.);
#1420 = ADVANCED_FACE('',(#1421,#1936,#2420,#2904,#3388,#3872),#1165,.T.
  );
#1421 = FACE_BOUND('',#1422,.T.);
#1422 = EDGE_LOOP('',(#1423,#1448,#1475,#1476,#1706,#1727,#1728,#1729));
#1423 = ORIENTED_EDGE('',*,*,#1424,.F.);
#1424 = EDGE_CURVE('',#1425,#1427,#1429,.T.);
#1425 = VERTEX_POINT('',#1426);
#1426 = CARTESIAN_POINT('',(22.,88.7,0.));
#1427 = VERTEX_POINT('',#1428);
#1428 = CARTESIAN_POINT('',(22.765,89.465,0.));
#1429 = SEAM_CURVE('',#1430,(#1434,#1441),.PCURVE_S1.);
#1430 = LINE('',#1431,#1432);
#1431 = CARTESIAN_POINT('',(22.,88.7,0.));
#1432 = VECTOR('',#1433,1.);
#1433 = DIRECTION('',(0.707106781187,0.707106781187,0.));
#1434 = PCURVE('',#1165,#1435);
#1435 = DEFINITIONAL_REPRESENTATION('',(#1436),#1440);
#1436 = LINE('',#1437,#1438);
#1437 = CARTESIAN_POINT('',(0.,0.));
#1438 = VECTOR('',#1439,1.);
#1439 = DIRECTION('',(0.,1.));
#1440 = ( GEOMETRIC_REPRESENTATION_CONTEXT(2) 
PARAMETRIC_REPRESENTATION_CONTEXT() REPRESENTATION_CONTEXT('2D SPACE',''
  ) );
#1441 = PCURVE('',#1165,#1442);
#1442 = DEFINITIONAL_REPRESENTATION('',(#1443),#1447);
#1443 = LINE('',#1444,#1445);
#1444 = CARTESIAN_POINT('',(6.28318530718,0.));
#1445 = VECTOR('',#1446,1.);
#1446 = DIRECTION('',(0.,1.));
#1447 = ( GEOMETRIC_REPRESENTATION_CONTEXT(2) 
PARAMETRIC_REPRESENTATION_CONTEXT() REPRESENTATION_CONTEXT('2D SPACE',''
  ) );
#1448 = ORIENTED_EDGE('',*,*,#1449,.T.);
#1449 = EDGE_CURVE('',#1425,#1425,#1450,.T.);
#1450 = SURFACE_CURVE('',#1451,(#1456,#1463),.PCURVE_S1.);
#1451 = CIRCLE('',#1452,22.);
#1452 = AXIS2_PLACEMENT_3D('',#1453,#1454,#1455);
#1453 = CARTESIAN_POINT('',(0.,88.7,0.));
#1454 = DIRECTION('',(-0.,1.,0.));
#1455 = DIRECTION('',(1.,0.,0.));
#1456 = PCURVE('',#1165,#1457);
#1457 = DEFINITIONAL_REPRESENTATION('',(#1458),#1462);
#1458 = LINE('',#1459,#1460);
#1459 = CARTESIAN_POINT('',(0.,0.));
#1460 = VECTOR('',#1461,1.);
#1461 = DIRECTION('',(1.,0.));
#1462 = ( GEOMETRIC_REPRESENTATION_CONTEXT(2) 
PARAMETRIC_REPRESENTATION_CONTEXT() REPRESENTATION_CONTEXT('2D SPACE',''
  ) );
#1463 = PCURVE('',#1464,#1469);
#1464 = CONICAL_SURFACE('',#1465,13.7,0.937003650836);
#1465 = AXIS2_PLACEMENT_3D('',#1466,#1467,#1468);
#1466 = CARTESIAN_POINT('',(0.,82.6,0.));
#1467 = DIRECTION('',(0.,1.,0.));
#1468 = DIRECTION('',(1.,0.,0.));
#1469 = DEFINITIONAL_REPRESENTATION('',(#1470),#1474);
#1470 = LINE('',#1471,#1472);
#1471 = CARTESIAN_POINT('',(0.,6.1));
#1472 = VECTOR('',#1473,1.);
#1473 = DIRECTION('',(1.,0.));
#1474 = ( GEOMETRIC_REPRESENTATION_CONTEXT(2) 
PARAMETRIC_REPRESENTATION_CONTEXT() REPRESENTATION_CONTEXT('2D SPACE',''
  ) );
#1475 = ORIENTED_EDGE('',*,*,#1424,.T.);
#1476 = ORIENTED_EDGE('',*,*,#1477,.T.);
#1477 = EDGE_CURVE('',#1427,#1478,#1480,.T.);
#1478 = VERTEX_POINT('',#1479);
#1479 = CARTESIAN_POINT('',(24.865,91.565,1.52254213304E-15));
#1480 = SURFACE_CURVE('',#1481,(#1554,#1630),.PCURVE_S1.);
#1481 = B_SPLINE_CURVE_WITH_KNOTS('',8,(#1482,#1483,#1484,#1485,#1486,
    #1487,#1488,#1489,#1490,#1491,#1492,#1493,#1494,#1495,#1496,#1497,
    #1498,#1499,#1500,#1501,#1502,#1503,#1504,#1505,#1506,#1507,#1508,
    #1509,#1510,#1511,#1512,#1513,#1514,#1515,#1516,#1517,#1518,#1519,
    #1520,#1521,#1522,#1523,#1524,#1525,#1526,#1527,#1528,#1529,#1530,
    #1531,#1532,#1533,#1534,#1535,#1536,#1537,#1538,#1539,#1540,#1541,
    #1542,#1543,#1544,#1545,#1546,#1547,#1548,#1549,#1550,#1551,#1552,
    #1553),.UNSPECIFIED.,.F.,.F.,(9,7,7,7,7,7,7,7,7,7,9),(0.,
    6.236160158288E-02,0.10598111662,0.17255979125,0.236932606899,
    0.487272953361,0.638782706839,0.77574826501,0.846596349853,
    0.918155086307,1.),.UNSPECIFIED.);
#1482 = CARTESIAN_POINT('',(22.765,89.465,0.));
#1483 = CARTESIAN_POINT('',(22.765,89.465,3.615443159542E-02));
#1484 = CARTESIAN_POINT('',(22.76642274389,89.466488361707,
    7.232065068689E-02));
#1485 = CARTESIAN_POINT('',(22.769269843544,89.469466790126,
    0.108256284388));
#1486 = CARTESIAN_POINT('',(22.773500311464,89.473891829414,
    0.14375516867));
#1487 = CARTESIAN_POINT('',(22.779043042432,89.479688021865,
    0.178645764729));
#1488 = CARTESIAN_POINT('',(22.785807270301,89.486758992711,
    0.212789108845));
#1489 = CARTESIAN_POINT('',(22.793690999948,89.494996460734,
    0.246076295722));
#1490 = CARTESIAN_POINT('',(22.808810110261,89.510785667796,
    0.301052502362));
#1491 = CARTESIAN_POINT('',(22.815530739818,89.517802049134,
    0.323229404124));
#1492 = CARTESIAN_POINT('',(22.82271574259,89.525300674158,
    0.344936671483));
#1493 = CARTESIAN_POINT('',(22.83033213064,89.533246506467,
    0.366161468635));
#1494 = CARTESIAN_POINT('',(22.838348144564,89.541605811346,
    0.386896842964));
#1495 = CARTESIAN_POINT('',(22.846733909509,89.550346849296,
    0.407140914902));
#1496 = CARTESIAN_POINT('',(22.855462091194,89.559440569572,
    0.426896067792));
#1497 = CARTESIAN_POINT('',(22.878316623053,89.583240647284,
    0.475584074046));
#1498 = CARTESIAN_POINT('',(22.892862952724,89.598378466321,
    0.503867984558));
#1499 = CARTESIAN_POINT('',(22.90806256501,89.614184340441,
    0.531045768199));
#1500 = CARTESIAN_POINT('',(22.923840315196,89.630578349753,
    0.557147669861));
#1501 = CARTESIAN_POINT('',(22.940130874297,89.647491025981,
    0.582207541797));
#1502 = CARTESIAN_POINT('',(22.956878713559,89.664863303582,
    0.606262105005));
#1503 = CARTESIAN_POINT('',(22.974038088965,89.682646470871,
    0.629350210608));
#1504 = CARTESIAN_POINT('',(23.008527001754,89.718356245414,
    0.672939732658));
#1505 = CARTESIAN_POINT('',(23.025828818271,89.736255212421,
    0.693497478843));
#1506 = CARTESIAN_POINT('',(23.043443872598,89.754462140873,
    0.713219468306));
#1507 = CARTESIAN_POINT('',(23.061341800885,89.772944691663,
    0.732136911592));
#1508 = CARTESIAN_POINT('',(23.079496203676,89.79167476114,
    0.750278527274));
#1509 = CARTESIAN_POINT('',(23.097884371446,89.810628174394,
    0.767670967961));
#1510 = CARTESIAN_POINT('',(23.116487010149,89.829784378524,
    0.784339246294));
#1511 = CARTESIAN_POINT('',(23.208403270836,89.924344567768,
    0.862405008402));
#1512 = CARTESIAN_POINT('',(23.284420856541,90.002269437313,
    0.91382788517));
#1513 = CARTESIAN_POINT('',(23.362493366127,90.081993870737,
    0.956102446598));
#1514 = CARTESIAN_POINT('',(23.442080205985,90.162943504637,
    0.989930389816));
#1515 = CARTESIAN_POINT('',(23.522744021908,90.244659891956,
    1.015884421639));
#1516 = CARTESIAN_POINT('',(23.60418209615,90.32683016868,1.034285000604
    ));
#1517 = CARTESIAN_POINT('',(23.686176985562,90.409232208929,
    1.045328534765));
#1518 = CARTESIAN_POINT('',(23.818486274294,90.541670864069,
    1.05118085594));
#1519 = CARTESIAN_POINT('',(23.868486568357,90.591600276847,
    1.050675923388));
#1520 = CARTESIAN_POINT('',(23.918552489859,90.641475642515,
    1.047458373438));
#1521 = CARTESIAN_POINT('',(23.968629028603,90.691242607785,
    1.041502235048));
#1522 = CARTESIAN_POINT('',(24.018655463407,90.740841857419,
    1.032760328579));
#1523 = CARTESIAN_POINT('',(24.068564061134,90.790207926801,
    1.021163630287));
#1524 = CARTESIAN_POINT('',(24.118278201805,90.839267480175,
    1.006616420001));
#1525 = CARTESIAN_POINT('',(24.212396453641,90.93193458785,
    0.973050321679));
#1526 = CARTESIAN_POINT('',(24.256837251982,90.97559872272,
    0.954599708136));
#1527 = CARTESIAN_POINT('',(24.300977721715,91.018878112873,
    0.933538491934));
#1528 = CARTESIAN_POINT('',(24.344738677614,91.061697811156,
    0.909745104721));
#1529 = CARTESIAN_POINT('',(24.388016677578,91.103959936111,
    0.883078352929));
#1530 = CARTESIAN_POINT('',(24.430681124548,91.145541222063,
    0.853373572042));
#1531 = CARTESIAN_POINT('',(24.472568145105,91.186287452722,
    0.820429871392));
#1532 = CARTESIAN_POINT('',(24.534629164349,91.246549333393,
    0.765138449329));
#1533 = CARTESIAN_POINT('',(24.555519293774,91.266814195,0.745356578518)
  );
#1534 = CARTESIAN_POINT('',(24.576112827695,91.286772325587,
    0.72460745994));
#1535 = CARTESIAN_POINT('',(24.596374537076,91.306390584408,
    0.702854814369));
#1536 = CARTESIAN_POINT('',(24.616262359043,91.325629364974,
    0.680061314526));
#1537 = CARTESIAN_POINT('',(24.63572698678,91.344442232501,
    0.656188419123));
#1538 = CARTESIAN_POINT('',(24.654711459429,91.362775561352,
    0.631196206913));
#1539 = CARTESIAN_POINT('',(24.691775002444,91.398539254907,
    0.578627883289));
#1540 = CARTESIAN_POINT('',(24.709838035616,91.415953846634,
    0.551035407266));
#1541 = CARTESIAN_POINT('',(24.727275608341,91.432751582106,
    0.52222020493));
#1542 = CARTESIAN_POINT('',(24.744006984305,91.44885638197,
    0.492144857182));
#1543 = CARTESIAN_POINT('',(24.759935552477,91.464177146462,
    0.460782633972));
#1544 = CARTESIAN_POINT('',(24.77495041211,91.478609308875,
    0.428120995656));
#1545 = CARTESIAN_POINT('',(24.788928924295,91.492037249125,
    0.394166065301));
#1546 = CARTESIAN_POINT('',(24.816393091043,91.518405989242,
    0.318667684519));
#1547 = CARTESIAN_POINT('',(24.829531706282,91.53101145483,
    0.276700593573));
#1548 = CARTESIAN_POINT('',(24.840932685238,91.541942749991,
    0.233150171439));
#1549 = CARTESIAN_POINT('',(24.850370721866,91.550987238154,
    0.188179729613));
#1550 = CARTESIAN_POINT('',(24.857633549709,91.557944644981,
    0.142022721358));
#1551 = CARTESIAN_POINT('',(24.862545548169,91.562649180674,
    9.499175818213E-02));
#1552 = CARTESIAN_POINT('',(24.865,91.565,4.748644014057E-02));
#1553 = CARTESIAN_POINT('',(24.865,91.565,3.302260093901E-15));
#1554 = PCURVE('',#1165,#1555);
#1555 = DEFINITIONAL_REPRESENTATION('',(#1556),#1629);
#1556 = B_SPLINE_CURVE_WITH_KNOTS('',8,(#1557,#1558,#1559,#1560,#1561,
    #1562,#1563,#1564,#1565,#1566,#1567,#1568,#1569,#1570,#1571,#1572,
    #1573,#1574,#1575,#1576,#1577,#1578,#1579,#1580,#1581,#1582,#1583,
    #1584,#1585,#1586,#1587,#1588,#1589,#1590,#1591,#1592,#1593,#1594,
    #1595,#1596,#1597,#1598,#1599,#1600,#1601,#1602,#1603,#1604,#1605,
    #1606,#1607,#1608,#1609,#1610,#1611,#1612,#1613,#1614,#1615,#1616,
    #1617,#1618,#1619,#1620,#1621,#1622,#1623,#1624,#1625,#1626,#1627,
    #1628),.UNSPECIFIED.,.F.,.F.,(9,7,7,7,7,7,7,7,7,7,9),(0.,
    6.236160158288E-02,0.10598111662,0.17255979125,0.236932606899,
    0.487272953361,0.638782706839,0.77574826501,0.846596349853,
    0.918155086307,1.),.UNSPECIFIED.);
#1557 = CARTESIAN_POINT('',(6.28318530718,0.765));
#1558 = CARTESIAN_POINT('',(6.281597148533,0.765));
#1559 = CARTESIAN_POINT('',(6.28000847195,0.766488361707));
#1560 = CARTESIAN_POINT('',(6.278430334022,0.769466790126));
#1561 = CARTESIAN_POINT('',(6.276872200393,0.773891829414));
#1562 = CARTESIAN_POINT('',(6.275341966813,0.779688021865));
#1563 = CARTESIAN_POINT('',(6.273846020815,0.78675899271));
#1564 = CARTESIAN_POINT('',(6.27238934402,0.794996460734));
#1565 = CARTESIAN_POINT('',(6.269986834616,0.810785667796));
#1566 = CARTESIAN_POINT('',(6.269018661007,0.817802049134));
#1567 = CARTESIAN_POINT('',(6.268072037756,0.825300674158));
#1568 = CARTESIAN_POINT('',(6.267147557977,0.833246506467));
#1569 = CARTESIAN_POINT('',(6.266245542665,0.841605811346));
#1570 = CARTESIAN_POINT('',(6.265366078977,0.850346849296));
#1571 = CARTESIAN_POINT('',(6.264509058514,0.859440569572));
#1572 = CARTESIAN_POINT('',(6.262399952599,0.883240647284));
#1573 = CARTESIAN_POINT('',(6.261177642623,0.898378466321));
#1574 = CARTESIAN_POINT('',(6.260006114488,0.914184340441));
#1575 = CARTESIAN_POINT('',(6.258883972542,0.930578349753));
#1576 = CARTESIAN_POINT('',(6.257809639442,0.947491025981));
#1577 = CARTESIAN_POINT('',(6.256781398935,0.964863303582));
#1578 = CARTESIAN_POINT('',(6.255797438627,0.982646470871));
#1579 = CARTESIAN_POINT('',(6.253945541834,1.018356245414));
#1580 = CARTESIAN_POINT('',(6.253075012078,1.036255212421));
#1581 = CARTESIAN_POINT('',(6.252242709092,1.054462140873));
#1582 = CARTESIAN_POINT('',(6.251447163548,1.072944691663));
#1583 = CARTESIAN_POINT('',(6.250687014426,1.09167476114));
#1584 = CARTESIAN_POINT('',(6.249960992252,1.110628174394));
#1585 = CARTESIAN_POINT('',(6.249267902331,1.129784378523));
#1586 = CARTESIAN_POINT('',(6.246034891121,1.224344567768));
#1587 = CARTESIAN_POINT('',(6.243947472038,1.302269437314));
#1588 = CARTESIAN_POINT('',(6.242272060048,1.381993870735));
#1589 = CARTESIAN_POINT('',(6.240972695121,1.462943504641));
#1590 = CARTESIAN_POINT('',(6.240019326615,1.544659891953));
#1591 = CARTESIAN_POINT('',(6.239393272538,1.626830168681));
#1592 = CARTESIAN_POINT('',(6.239081494919,1.709232208929));
#1593 = CARTESIAN_POINT('',(6.23908094295,1.841670864069));
#1594 = CARTESIAN_POINT('',(6.239194804602,1.891600276847));
#1595 = CARTESIAN_POINT('',(6.23942173619,1.941475642515));
#1596 = CARTESIAN_POINT('',(6.239761780751,1.991242607785));
#1597 = CARTESIAN_POINT('',(6.240215862285,2.040841857419));
#1598 = CARTESIAN_POINT('',(6.240785798911,2.090207926801));
#1599 = CARTESIAN_POINT('',(6.241474491039,2.139267480175));
#1600 = CARTESIAN_POINT('',(6.243020149939,2.23193458785));
#1601 = CARTESIAN_POINT('',(6.24385438637,2.27559872272));
#1602 = CARTESIAN_POINT('',(6.244792214853,2.318878112873));
#1603 = CARTESIAN_POINT('',(6.245837821568,2.361697811156));
#1604 = CARTESIAN_POINT('',(6.246996150801,2.403959936111));
#1605 = CARTESIAN_POINT('',(6.248273066468,2.445541222063));
#1606 = CARTESIAN_POINT('',(6.249675882269,2.486287452722));
#1607 = CARTESIAN_POINT('',(6.252010016374,2.546549333393));
#1608 = CARTESIAN_POINT('',(6.252841874346,2.566814195));
#1609 = CARTESIAN_POINT('',(6.253711156326,2.586772325587));
#1610 = CARTESIAN_POINT('',(6.254619213774,2.606390584408));
#1611 = CARTESIAN_POINT('',(6.255567438884,2.625629364974));
#1612 = CARTESIAN_POINT('',(6.256557275776,2.6444422325));
#1613 = CARTESIAN_POINT('',(6.257590231693,2.662775561352));
#1614 = CARTESIAN_POINT('',(6.259756354284,2.698539254907));
#1615 = CARTESIAN_POINT('',(6.260890132288,2.715953846634));
#1616 = CARTESIAN_POINT('',(6.262070973079,2.732751582106));
#1617 = CARTESIAN_POINT('',(6.263300300743,2.74885638197));
#1618 = CARTESIAN_POINT('',(6.264579126118,2.764177146462));
#1619 = CARTESIAN_POINT('',(6.265907922405,2.778609308875));
#1620 = CARTESIAN_POINT('',(6.267286462852,2.792037249125));
#1621 = CARTESIAN_POINT('',(6.270345924282,2.818405989242));
#1622 = CARTESIAN_POINT('',(6.272043220761,2.83101145483));
#1623 = CARTESIAN_POINT('',(6.273801461286,2.841942749991));
#1624 = CARTESIAN_POINT('',(6.275614316465,2.850987238154));
#1625 = CARTESIAN_POINT('',(6.277472820826,2.85794464498));
#1626 = CARTESIAN_POINT('',(6.279365008053,2.862649180674));
#1627 = CARTESIAN_POINT('',(6.281275536814,2.865));
#1628 = CARTESIAN_POINT('',(6.28318530718,2.865));
#1629 = ( GEOMETRIC_REPRESENTATION_CONTEXT(2) 
PARAMETRIC_REPRESENTATION_CONTEXT() REPRESENTATION_CONTEXT('2D SPACE',''
  ) );
#1630 = PCURVE('',#1258,#1631);
#1631 = DEFINITIONAL_REPRESENTATION('',(#1632),#1705);
#1632 = B_SPLINE_CURVE_WITH_KNOTS('',8,(#1633,#1634,#1635,#1636,#1637,
    #1638,#1639,#1640,#1641,#1642,#1643,#1644,#1645,#1646,#1647,#1648,
    #1649,#1650,#1651,#1652,#1653,#1654,#1655,#1656,#1657,#1658,#1659,
    #1660,#1661,#1662,#1663,#1664,#1665,#1666,#1667,#1668,#1669,#1670,
    #1671,#1672,#1673,#1674,#1675,#1676,#1677,#1678,#1679,#1680,#1681,
    #1682,#1683,#1684,#1685,#1686,#1687,#1688,#1689,#1690,#1691,#1692,
    #1693,#1694,#1695,#1696,#1697,#1698,#1699,#1700,#1701,#1702,#1703,
    #1704),.UNSPECIFIED.,.F.,.F.,(9,7,7,7,7,7,7,7,7,7,9),(0.,
    6.236160158288E-02,0.10598111662,0.17255979125,0.236932606899,
    0.487272953361,0.638782706839,0.77574826501,0.846596349853,
    0.918155086307,1.),.UNSPECIFIED.);
#1633 = CARTESIAN_POINT('',(3.14159265359,-2.535));
#1634 = CARTESIAN_POINT('',(3.176025445585,-2.535));
#1635 = CARTESIAN_POINT('',(3.210469435947,-2.533511638293));
#1636 = CARTESIAN_POINT('',(3.244756128615,-2.530533209874));
#1637 = CARTESIAN_POINT('',(3.278751345256,-2.526108170586));
#1638 = CARTESIAN_POINT('',(3.312347722541,-2.520311978135));
#1639 = CARTESIAN_POINT('',(3.345459175943,-2.51324100729));
#1640 = CARTESIAN_POINT('',(3.37801733006,-2.505003539266));
#1641 = CARTESIAN_POINT('',(3.432319506287,-2.489214332204));
#1642 = CARTESIAN_POINT('',(3.454381491494,-2.482197950866));
#1643 = CARTESIAN_POINT('',(3.476146565626,-2.474699325842));
#1644 = CARTESIAN_POINT('',(3.497609701116,-2.466753493533));
#1645 = CARTESIAN_POINT('',(3.51876972649,-2.458394188654));
#1646 = CARTESIAN_POINT('',(3.539628904592,-2.449653150704));
#1647 = CARTESIAN_POINT('',(3.560192510796,-2.440559430428));
#1648 = CARTESIAN_POINT('',(3.611416544798,-2.416759352716));
#1649 = CARTESIAN_POINT('',(3.641687527749,-2.401621533679));
#1650 = CARTESIAN_POINT('',(3.671314361145,-2.385815659559));
#1651 = CARTESIAN_POINT('',(3.700329675688,-2.369421650247));
#1652 = CARTESIAN_POINT('',(3.728766476752,-2.352508974019));
#1653 = CARTESIAN_POINT('',(3.756658889408,-2.335136696418));
#1654 = CARTESIAN_POINT('',(3.784042903461,-2.317353529129));
#1655 = CARTESIAN_POINT('',(3.836979622093,-2.281643754586));
#1656 = CARTESIAN_POINT('',(3.862558022217,-2.263744787579));
#1657 = CARTESIAN_POINT('',(3.887724088395,-2.245537859127));
#1658 = CARTESIAN_POINT('',(3.912506305758,-2.227055308337));
#1659 = CARTESIAN_POINT('',(3.936930623333,-2.20832523886));
#1660 = CARTESIAN_POINT('',(3.961021202343,-2.189371825606));
#1661 = CARTESIAN_POINT('',(3.984801164525,-2.170215621477));
#1662 = CARTESIAN_POINT('',(4.099652393118,-2.075655432232));
#1663 = CARTESIAN_POINT('',(4.186537248065,-1.997730562687));
#1664 = CARTESIAN_POINT('',(4.270432949754,-1.918006129263));
#1665 = CARTESIAN_POINT('',(4.352077033257,-1.837056495363));
#1666 = CARTESIAN_POINT('',(4.432134660722,-1.755340108044));
#1667 = CARTESIAN_POINT('',(4.511129909199,-1.67316983132));
#1668 = CARTESIAN_POINT('',(4.589609247533,-1.590767791071));
#1669 = CARTESIAN_POINT('',(4.715741300667,-1.458329135931));
#1670 = CARTESIAN_POINT('',(4.763292982264,-1.408399723153));
#1671 = CARTESIAN_POINT('',(4.810956414418,-1.358524357485));
#1672 = CARTESIAN_POINT('',(4.858842792609,-1.308757392215));
#1673 = CARTESIAN_POINT('',(4.907062855927,-1.259158142581));
#1674 = CARTESIAN_POINT('',(4.955732862701,-1.209792073199));
#1675 = CARTESIAN_POINT('',(5.004982490674,-1.160732519825));
#1676 = CARTESIAN_POINT('',(5.100148788779,-1.06806541215));
#1677 = CARTESIAN_POINT('',(5.145916953478,-1.02440127728));
#1678 = CARTESIAN_POINT('',(5.192390520356,-0.981121887127));
#1679 = CARTESIAN_POINT('',(5.239695022438,-0.938302188844));
#1680 = CARTESIAN_POINT('',(5.287961357604,-0.896040063889));
#1681 = CARTESIAN_POINT('',(5.337334807463,-0.854458777937));
#1682 = CARTESIAN_POINT('',(5.38799187871,-0.813712547278));
#1683 = CARTESIAN_POINT('',(5.467152506268,-0.753450666607));
#1684 = CARTESIAN_POINT('',(5.494539914044,-0.733185805));
#1685 = CARTESIAN_POINT('',(5.522359281018,-0.713227674413));
#1686 = CARTESIAN_POINT('',(5.550642094687,-0.693609415592));
#1687 = CARTESIAN_POINT('',(5.579420284519,-0.674370635026));
#1688 = CARTESIAN_POINT('',(5.608727267155,-0.6555577675));
#1689 = CARTESIAN_POINT('',(5.638598991604,-0.637224438648));
#1690 = CARTESIAN_POINT('',(5.699856670984,-0.601460745093));
#1691 = CARTESIAN_POINT('',(5.731246600653,-0.584046153366));
#1692 = CARTESIAN_POINT('',(5.763289525769,-0.567248417894));
#1693 = CARTESIAN_POINT('',(5.796021948819,-0.55114361803));
#1694 = CARTESIAN_POINT('',(5.829472750665,-0.535822853538));
#1695 = CARTESIAN_POINT('',(5.863662810225,-0.521390691125));
#1696 = CARTESIAN_POINT('',(5.898603615612,-0.507962750875));
#1697 = CARTESIAN_POINT('',(5.97511654017,-0.481594010758));
#1698 = CARTESIAN_POINT('',(6.01695463539,-0.46898854517));
#1699 = CARTESIAN_POINT('',(6.059748374863,-0.458057250009));
#1700 = CARTESIAN_POINT('',(6.103402242664,-0.449012761846));
#1701 = CARTESIAN_POINT('',(6.147784359784,-0.442055355019));
#1702 = CARTESIAN_POINT('',(6.192717125677,-0.437350819326));
#1703 = CARTESIAN_POINT('',(6.237960126093,-0.435));
#1704 = CARTESIAN_POINT('',(6.28318530718,-0.435));
#1705 = ( GEOMETRIC_REPRESENTATION_CONTEXT(2) 
PARAMETRIC_REPRESENTATION_CONTEXT() REPRESENTATION_CONTEXT('2D SPACE',''
  ) );
#1706 = ORIENTED_EDGE('',*,*,#1707,.T.);
#1707 = EDGE_CURVE('',#1478,#1149,#1708,.T.);
#1708 = SEAM_CURVE('',#1709,(#1713,#1720),.PCURVE_S1.);
#1709 = LINE('',#1710,#1711);
#1710 = CARTESIAN_POINT('',(22.,88.7,0.));
#1711 = VECTOR('',#1712,1.);
#1712 = DIRECTION('',(0.707106781187,0.707106781187,0.));
#1713 = PCURVE('',#1165,#1714);
#1714 = DEFINITIONAL_REPRESENTATION('',(#1715),#1719);
#1715 = LINE('',#1716,#1717);
#1716 = CARTESIAN_POINT('',(0.,0.));
#1717 = VECTOR('',#1718,1.);
#1718 = DIRECTION('',(0.,1.));
#1719 = ( GEOMETRIC_REPRESENTATION_CONTEXT(2) 
PARAMETRIC_REPRESENTATION_CONTEXT() REPRESENTATION_CONTEXT('2D SPACE',''
  ) );
#1720 = PCURVE('',#1165,#1721);
#1721 = DEFINITIONAL_REPRESENTATION('',(#1722),#1726);
#1722 = LINE('',#1723,#1724);
#1723 = CARTESIAN_POINT('',(6.28318530718,0.));
#1724 = VECTOR('',#1725,1.);
#1725 = DIRECTION('',(0.,1.));
#1726 = ( GEOMETRIC_REPRESENTATION_CONTEXT(2) 
PARAMETRIC_REPRESENTATION_CONTEXT() REPRESENTATION_CONTEXT('2D SPACE',''
  ) );
#1727 = ORIENTED_EDGE('',*,*,#1148,.F.);
#1728 = ORIENTED_EDGE('',*,*,#1707,.F.);
#1729 = ORIENTED_EDGE('',*,*,#1730,.T.);
#1730 = EDGE_CURVE('',#1478,#1427,#1731,.T.);
#1731 = SURFACE_CURVE('',#1732,(#1798,#1867),.PCURVE_S1.);
#1732 = B_SPLINE_CURVE_WITH_KNOTS('',8,(#1733,#1734,#1735,#1736,#1737,
    #1738,#1739,#1740,#1741,#1742,#1743,#1744,#1745,#1746,#1747,#1748,
    #1749,#1750,#1751,#1752,#1753,#1754,#1755,#1756,#1757,#1758,#1759,
    #1760,#1761,#1762,#1763,#1764,#1765,#1766,#1767,#1768,#1769,#1770,
    #1771,#1772,#1773,#1774,#1775,#1776,#1777,#1778,#1779,#1780,#1781,
    #1782,#1783,#1784,#1785,#1786,#1787,#1788,#1789,#1790,#1791,#1792,
    #1793,#1794,#1795,#1796,#1797),.UNSPECIFIED.,.F.,.F.,(9,7,7,7,7,7,7,
    7,7,9),(0.,6.897230001204E-02,0.116722453385,0.188968403047,
    0.258184436571,0.512105501208,0.787041293796,0.852267714815,
    0.92281075128,1.),.UNSPECIFIED.);
#1733 = CARTESIAN_POINT('',(24.865,91.565,3.330669073875E-15));
#1734 = CARTESIAN_POINT('',(24.865,91.565,-4.001238730625E-02));
#1735 = CARTESIAN_POINT('',(24.863257407212,91.563330988803,
    -8.003583973499E-02));
#1736 = CARTESIAN_POINT('',(24.859770610999,91.559991445498,
    -0.119780447972));
#1737 = CARTESIAN_POINT('',(24.854592321565,91.555031189124,
    -0.158999657839));
#1738 = CARTESIAN_POINT('',(24.847813359492,91.548535971024,
    -0.197488193875));
#1739 = CARTESIAN_POINT('',(24.839549344785,91.540614895693,
    -0.235079474873));
#1740 = CARTESIAN_POINT('',(24.829930285406,91.531390670118,
    -0.271642521373));
#1741 = CARTESIAN_POINT('',(24.811590358854,91.5137940592,
    -0.331610906518));
#1742 = CARTESIAN_POINT('',(24.80350037098,91.506029574012,
    -0.355614137399));
#1743 = CARTESIAN_POINT('',(24.794864471052,91.497738255298,
    -0.37906529849));
#1744 = CARTESIAN_POINT('',(24.78572327321,91.488958420122,
    -0.401949403754));
#1745 = CARTESIAN_POINT('',(24.776115849943,91.4797269279,
    -0.424258270545));
#1746 = CARTESIAN_POINT('',(24.766078945667,91.470078434936,
    -0.445989559778));
#1747 = CARTESIAN_POINT('',(24.755646190296,91.46004464895,
    -0.467145816097));
#1748 = CARTESIAN_POINT('',(24.72850861849,91.433931908812,
    -0.518882671989));
#1749 = CARTESIAN_POINT('',(24.711335622943,91.417396032897,
    -0.548723398904));
#1750 = CARTESIAN_POINT('',(24.693430294685,91.400141982187,
    -0.577283552783));
#1751 = CARTESIAN_POINT('',(24.674882920663,91.382254825142,
    -0.604596477261));
#1752 = CARTESIAN_POINT('',(24.655772138935,91.363808668824,
    -0.630699957748));
#1753 = CARTESIAN_POINT('',(24.636164971351,91.344866655369,
    -0.655635183581));
#1754 = CARTESIAN_POINT('',(24.616116856237,91.325480958442,
    -0.679445710165));
#1755 = CARTESIAN_POINT('',(24.576083954197,91.286734495556,
    -0.723953830907));
#1756 = CARTESIAN_POINT('',(24.556135443704,91.267410327997,
    -0.744736097643));
#1757 = CARTESIAN_POINT('',(24.535867071621,91.247758755149,
    -0.764560557778));
#1758 = CARTESIAN_POINT('',(24.515314838369,91.227813653563,
    -0.783461658457));
#1759 = CARTESIAN_POINT('',(24.494510138017,91.207604579956,
    -0.801471329456));
#1760 = CARTESIAN_POINT('',(24.473480073539,91.187157052939,
    -0.818619355119));
#1761 = CARTESIAN_POINT('',(24.452247772074,91.16649283475,
    -0.834933746287));
#1762 = CARTESIAN_POINT('',(24.35227087604,91.06909506843,
    -0.907330342541));
#1763 = CARTESIAN_POINT('',(24.271345134639,90.989983136556,
    -0.95328856123));
#1764 = CARTESIAN_POINT('',(24.188917636846,90.909102089246,
    -0.989738467338));
#1765 = CARTESIAN_POINT('',(24.105563938104,90.826994940289,
    -1.017410681447));
#1766 = CARTESIAN_POINT('',(24.021741249762,90.744098475956,
    -1.036896336881));
#1767 = CARTESIAN_POINT('',(23.937773579541,90.660726456101,
    -1.048555957067));
#1768 = CARTESIAN_POINT('',(23.853895535014,90.57710885619,
    -1.052613485714));
#1769 = CARTESIAN_POINT('',(23.679697917041,90.402753062936,
    -1.045183877695));
#1770 = CARTESIAN_POINT('',(23.589724889978,90.312303723208,
    -1.032394694821));
#1771 = CARTESIAN_POINT('',(23.500438852719,90.222150168504,
    -1.01076222194));
#1772 = CARTESIAN_POINT('',(23.412108934028,90.132567799091,
    -0.979971315029));
#1773 = CARTESIAN_POINT('',(23.325137788103,90.043972522155,
    -0.939577744893));
#1774 = CARTESIAN_POINT('',(23.240191341149,89.957062699835,
    -0.888679393146));
#1775 = CARTESIAN_POINT('',(23.158071325008,89.872692168445,
    -0.826335324179));
#1776 = CARTESIAN_POINT('',(23.061720175937,89.773325941837,
    -0.731941569502));
#1777 = CARTESIAN_POINT('',(23.04349379486,89.754511243788,
    -0.713066267995));
#1778 = CARTESIAN_POINT('',(23.025537972044,89.735958390222,
    -0.69338620491));
#1779 = CARTESIAN_POINT('',(23.007878976725,89.717695369587,
    -0.672870933593));
#1780 = CARTESIAN_POINT('',(22.990548174341,89.699755568826,
    -0.651488750667));
#1781 = CARTESIAN_POINT('',(22.97358237033,89.682178159542,
    -0.629206335582));
#1782 = CARTESIAN_POINT('',(22.957024153933,89.665008484155,
    -0.605988390178));
#1783 = CARTESIAN_POINT('',(22.923507860782,89.630226361925,
    -0.555634345101));
#1784 = CARTESIAN_POINT('',(22.90663278021,89.612697684186,
    -0.528341389367));
#1785 = CARTESIAN_POINT('',(22.890354630246,89.595773932514,
    -0.499866040087));
#1786 = CARTESIAN_POINT('',(22.874748500741,89.579534973278,
    -0.470163703517));
#1787 = CARTESIAN_POINT('',(22.859906373381,89.5640785587,
    -0.439199846402));
#1788 = CARTESIAN_POINT('',(22.845935701289,89.549518896352,
    -0.406953364635));
#1789 = CARTESIAN_POINT('',(22.832957136302,89.535984244969,
    -0.373421037257));
#1790 = CARTESIAN_POINT('',(22.808128683694,89.510077321952,
    -0.300546603466));
#1791 = CARTESIAN_POINT('',(22.796489186652,89.497923079888,
    -0.260922379067));
#1792 = CARTESIAN_POINT('',(22.786379895697,89.487359569711,
    -0.219835770214));
#1793 = CARTESIAN_POINT('',(22.778002464297,89.478600894938,
    -0.177429056843));
#1794 = CARTESIAN_POINT('',(22.771549509023,89.47185162266,
    -0.133911647196));
#1795 = CARTESIAN_POINT('',(22.767182321532,89.467282961758,
    -8.956991118027E-02));
#1796 = CARTESIAN_POINT('',(22.765,89.465,-4.477662113455E-02));
#1797 = CARTESIAN_POINT('',(22.765,89.465,0.));
#1798 = PCURVE('',#1165,#1799);
#1799 = DEFINITIONAL_REPRESENTATION('',(#1800),#1866);
#1800 = B_SPLINE_CURVE_WITH_KNOTS('',8,(#1801,#1802,#1803,#1804,#1805,
    #1806,#1807,#1808,#1809,#1810,#1811,#1812,#1813,#1814,#1815,#1816,
    #1817,#1818,#1819,#1820,#1821,#1822,#1823,#1824,#1825,#1826,#1827,
    #1828,#1829,#1830,#1831,#1832,#1833,#1834,#1835,#1836,#1837,#1838,
    #1839,#1840,#1841,#1842,#1843,#1844,#1845,#1846,#1847,#1848,#1849,
    #1850,#1851,#1852,#1853,#1854,#1855,#1856,#1857,#1858,#1859,#1860,
    #1861,#1862,#1863,#1864,#1865),.UNSPECIFIED.,.F.,.F.,(9,7,7,7,7,7,7,
    7,7,9),(0.,6.897230001204E-02,0.116722453385,0.188968403047,
    0.258184436571,0.512105501208,0.787041293796,0.852267714815,
    0.92281075128,1.),.UNSPECIFIED.);
#1801 = CARTESIAN_POINT('',(0.,2.865));
#1802 = CARTESIAN_POINT('',(1.609185091747E-03,2.865));
#1803 = CARTESIAN_POINT('',(3.218814996006E-03,2.863330988803));
#1804 = CARTESIAN_POINT('',(4.817669637269E-03,2.859991445498));
#1805 = CARTESIAN_POINT('',(6.39627141587E-03,2.855031189124));
#1806 = CARTESIAN_POINT('',(7.94674998574E-03,2.848535971024));
#1807 = CARTESIAN_POINT('',(9.462707847899E-03,2.840614895693));
#1808 = CARTESIAN_POINT('',(1.093908675967E-02,2.831390670118));
#1809 = CARTESIAN_POINT('',(1.336407808867E-02,2.8137940592));
#1810 = CARTESIAN_POINT('',(1.433574757674E-02,2.806029574012));
#1811 = CARTESIAN_POINT('',(1.528617503017E-02,2.797738255298));
#1812 = CARTESIAN_POINT('',(1.621478740299E-02,2.788958420122));
#1813 = CARTESIAN_POINT('',(1.712127116842E-02,2.7797269279));
#1814 = CARTESIAN_POINT('',(1.80055364903E-02,2.770078434936));
#1815 = CARTESIAN_POINT('',(1.886768139458E-02,2.76004464895));
#1816 = CARTESIAN_POINT('',(2.097929075917E-02,2.733931908812));
#1817 = CARTESIAN_POINT('',(2.22002796502E-02,2.717396032897));
#1818 = CARTESIAN_POINT('',(2.337200803199E-02,2.700141982187));
#1819 = CARTESIAN_POINT('',(2.449574789504E-02,2.682254825142));
#1820 = CARTESIAN_POINT('',(2.55729262983E-02,2.663808668824));
#1821 = CARTESIAN_POINT('',(2.660509386511E-02,2.644866655369));
#1822 = CARTESIAN_POINT('',(2.759389327922E-02,2.625480958442));
#1823 = CARTESIAN_POINT('',(2.944844049694E-02,2.586734495556));
#1824 = CARTESIAN_POINT('',(3.03174426866E-02,2.567410327997));
#1825 = CARTESIAN_POINT('',(3.114943995439E-02,2.547758755149));
#1826 = CARTESIAN_POINT('',(3.194571809402E-02,2.527813653563));
#1827 = CARTESIAN_POINT('',(3.27074599559E-02,2.507604579956));
#1828 = CARTESIAN_POINT('',(3.343576231473E-02,2.487157052939));
#1829 = CARTESIAN_POINT('',(3.413165273712E-02,2.46649283475));
#1830 = CARTESIAN_POINT('',(3.723367452961E-02,2.36909506843));
#1831 = CARTESIAN_POINT('',(3.924516487791E-02,2.289983136555));
#1832 = CARTESIAN_POINT('',(4.088322905709E-02,2.209102089248));
#1833 = CARTESIAN_POINT('',(4.217263087039E-02,2.126994940287));
#1834 = CARTESIAN_POINT('',(4.313258915208E-02,2.044098475958));
#1835 = CARTESIAN_POINT('',(4.377315075632E-02,1.960726456101));
#1836 = CARTESIAN_POINT('',(4.409890267195E-02,1.87710885619));
#1837 = CARTESIAN_POINT('',(4.410974420213E-02,1.702753062936));
#1838 = CARTESIAN_POINT('',(4.373952702621E-02,1.612303723208));
#1839 = CARTESIAN_POINT('',(4.299106141721E-02,1.522150168504));
#1840 = CARTESIAN_POINT('',(4.184481070527E-02,1.432567799091));
#1841 = CARTESIAN_POINT('',(4.027515095395E-02,1.343972522154));
#1842 = CARTESIAN_POINT('',(3.823579370911E-02,1.257062699835));
#1843 = CARTESIAN_POINT('',(3.567833283485E-02,1.172692168445));
#1844 = CARTESIAN_POINT('',(3.172835181328E-02,1.073325941837));
#1845 = CARTESIAN_POINT('',(3.09356080249E-02,1.054511243788));
#1846 = CARTESIAN_POINT('',(3.010613855516E-02,1.035958390222));
#1847 = CARTESIAN_POINT('',(2.923850350962E-02,1.017695369587));
#1848 = CARTESIAN_POINT('',(2.833120541978E-02,0.999755568826));
#1849 = CARTESIAN_POINT('',(2.738267713385E-02,0.982178159542));
#1850 = CARTESIAN_POINT('',(2.639126970749E-02,0.965008484155));
#1851 = CARTESIAN_POINT('',(2.423476396723E-02,0.930226361925));
#1852 = CARTESIAN_POINT('',(2.306244857212E-02,0.912697684186));
#1853 = CARTESIAN_POINT('',(2.18358901558E-02,0.895773932514));
#1854 = CARTESIAN_POINT('',(2.055302324766E-02,0.879534973278));
#1855 = CARTESIAN_POINT('',(1.92122396503E-02,0.8640785587));
#1856 = CARTESIAN_POINT('',(1.781255747484E-02,0.849518896352));
#1857 = CARTESIAN_POINT('',(1.635384042116E-02,0.835984244969));
#1858 = CARTESIAN_POINT('',(1.317739140367E-02,0.810077321952));
#1859 = CARTESIAN_POINT('',(1.144679116078E-02,0.797923079888));
#1860 = CARTESIAN_POINT('',(9.649111214584E-03,0.787359569711));
#1861 = CARTESIAN_POINT('',(7.790828112387E-03,0.778600894938));
#1862 = CARTESIAN_POINT('',(5.881568919405E-03,0.77185162266));
#1863 = CARTESIAN_POINT('',(3.934545756605E-03,0.767282961758));
#1864 = CARTESIAN_POINT('',(1.966906265519E-03,0.765));
#1865 = CARTESIAN_POINT('',(0.,0.765));
#1866 = ( GEOMETRIC_REPRESENTATION_CONTEXT(2) 
PARAMETRIC_REPRESENTATION_CONTEXT() REPRESENTATION_CONTEXT('2D SPACE',''
  ) );
#1867 = PCURVE('',#1258,#1868);
#1868 = DEFINITIONAL_REPRESENTATION('',(#1869),#1935);
#1869 = B_SPLINE_CURVE_WITH_KNOTS('',8,(#1870,#1871,#1872,#1873,#1874,
    #1875,#1876,#1877,#1878,#1879,#1880,#1881,#1882,#1883,#1884,#1885,
    #1886,#1887,#1888,#1889,#1890,#1891,#1892,#1893,#1894,#1895,#1896,
    #1897,#1898,#1899,#1900,#1901,#1902,#1903,#1904,#1905,#1906,#1907,
    #1908,#1909,#1910,#1911,#1912,#1913,#1914,#1915,#1916,#1917,#1918,
    #1919,#1920,#1921,#1922,#1923,#1924,#1925,#1926,#1927,#1928,#1929,
    #1930,#1931,#1932,#1933,#1934),.UNSPECIFIED.,.F.,.F.,(9,7,7,7,7,7,7,
    7,7,9),(0.,6.897230001204E-02,0.116722453385,0.188968403047,
    0.258184436571,0.512105501208,0.787041293796,0.852267714815,
    0.92281075128,1.),.UNSPECIFIED.);
#1870 = CARTESIAN_POINT('',(0.,-0.435));
#1871 = CARTESIAN_POINT('',(3.810703552977E-02,-0.435));
#1872 = CARTESIAN_POINT('',(7.622456432225E-02,-0.436669011197));
#1873 = CARTESIAN_POINT('',(0.114161010703,-0.440008554502));
#1874 = CARTESIAN_POINT('',(0.151765735749,-0.444968810876));
#1875 = CARTESIAN_POINT('',(0.188918821184,-0.451464028976));
#1876 = CARTESIAN_POINT('',(0.225523651458,-0.459385104307));
#1877 = CARTESIAN_POINT('',(0.261502294029,-0.468609329882));
#1878 = CARTESIAN_POINT('',(0.321226225223,-0.4862059408));
#1879 = CARTESIAN_POINT('',(0.345340237074,-0.493970425988));
#1880 = CARTESIAN_POINT('',(0.369125817164,-0.502261744702));
#1881 = CARTESIAN_POINT('',(0.392577687946,-0.511041579878));
#1882 = CARTESIAN_POINT('',(0.415694742166,-0.5202730721));
#1883 = CARTESIAN_POINT('',(0.438479594484,-0.529921565064));
#1884 = CARTESIAN_POINT('',(0.460938133095,-0.53995535105));
#1885 = CARTESIAN_POINT('',(0.516578295926,-0.566068091188));
#1886 = CARTESIAN_POINT('',(0.549343108767,-0.582603967103));
#1887 = CARTESIAN_POINT('',(0.581409058737,-0.599858017813));
#1888 = CARTESIAN_POINT('',(0.612811179548,-0.617745174858));
#1889 = CARTESIAN_POINT('',(0.643584847637,-0.636191331176));
#1890 = CARTESIAN_POINT('',(0.673766640024,-0.655133344631));
#1891 = CARTESIAN_POINT('',(0.703395192185,-0.674519041558));
#1892 = CARTESIAN_POINT('',(0.76040779021,-0.713265504444));
#1893 = CARTESIAN_POINT('',(0.787828695485,-0.732589672003));
#1894 = CARTESIAN_POINT('',(0.814808080217,-0.752241244851));
#1895 = CARTESIAN_POINT('',(0.841375890969,-0.772186346437));
#1896 = CARTESIAN_POINT('',(0.867559495016,-0.792395420044));
#1897 = CARTESIAN_POINT('',(0.893384462991,-0.812842947061));
#1898 = CARTESIAN_POINT('',(0.918875351519,-0.83350716525));
#1899 = CARTESIAN_POINT('',(1.036434221375,-0.93090493157));
#1900 = CARTESIAN_POINT('',(1.124529888423,-1.010016863444));
#1901 = CARTESIAN_POINT('',(1.209671880688,-1.090897910754));
#1902 = CARTESIAN_POINT('',(1.292568841164,-1.173005059711));
#1903 = CARTESIAN_POINT('',(1.373852973648,-1.255901524044));
#1904 = CARTESIAN_POINT('',(1.454046435751,-1.339273543899));
#1905 = CARTESIAN_POINT('',(1.533693450264,-1.42289114381));
#1906 = CARTESIAN_POINT('',(1.69974676843,-1.597246937064));
#1907 = CARTESIAN_POINT('',(1.785877970622,-1.687696276792));
#1908 = CARTESIAN_POINT('',(1.872685322752,-1.777849831496));
#1909 = CARTESIAN_POINT('',(1.960926231844,-1.867432200909));
#1910 = CARTESIAN_POINT('',(2.051272647171,-1.956027477845));
#1911 = CARTESIAN_POINT('',(2.144684777596,-2.042937300165));
#1912 = CARTESIAN_POINT('',(2.242104471858,-2.127307831555));
#1913 = CARTESIAN_POINT('',(2.370565535069,-2.226674058163));
#1914 = CARTESIAN_POINT('',(2.395545255181,-2.245488756212));
#1915 = CARTESIAN_POINT('',(2.420900160156,-2.264041609778));
#1916 = CARTESIAN_POINT('',(2.446658039754,-2.282304630413));
#1917 = CARTESIAN_POINT('',(2.47284741027,-2.300244431174));
#1918 = CARTESIAN_POINT('',(2.499498444473,-2.317821840458));
#1919 = CARTESIAN_POINT('',(2.526643901549,-2.334991515845));
#1920 = CARTESIAN_POINT('',(2.584252100151,-2.369773638075));
#1921 = CARTESIAN_POINT('',(2.614795430055,-2.387302315814));
#1922 = CARTESIAN_POINT('',(2.646002100094,-2.404226067486));
#1923 = CARTESIAN_POINT('',(2.677915591014,-2.420465026722));
#1924 = CARTESIAN_POINT('',(2.710571656778,-2.4359214413));
#1925 = CARTESIAN_POINT('',(2.743998115996,-2.450481103648));
#1926 = CARTESIAN_POINT('',(2.778213588952,-2.464015755031));
#1927 = CARTESIAN_POINT('',(2.851535388658,-2.489922678048));
#1928 = CARTESIAN_POINT('',(2.890831240422,-2.502076920112));
#1929 = CARTESIAN_POINT('',(2.931061714445,-2.512640430289));
#1930 = CARTESIAN_POINT('',(2.972139540154,-2.521399105062));
#1931 = CARTESIAN_POINT('',(3.013939335182,-2.52814837734));
#1932 = CARTESIAN_POINT('',(3.056288126143,-2.532717038242));
#1933 = CARTESIAN_POINT('',(3.098948252509,-2.535));
#1934 = CARTESIAN_POINT('',(3.14159265359,-2.535));
#1935 = ( GEOMETRIC_REPRESENTATION_CONTEXT(2) 
PARAMETRIC_REPRESENTATION_CONTEXT() REPRESENTATION_CONTEXT('2D SPACE',''
  ) );
#1936 = FACE_BOUND('',#1937,.T.);
#1937 = EDGE_LOOP('',(#1938));
#1938 = ORIENTED_EDGE('',*,*,#1939,.T.);
#1939 = EDGE_CURVE('',#1940,#1940,#1942,.T.);
#1940 = VERTEX_POINT('',#1941);
#1941 = CARTESIAN_POINT('',(-24.865,91.565,0.));
#1942 = SURFACE_CURVE('',#1943,(#2100,#2260),.PCURVE_S1.);
#1943 = B_SPLINE_CURVE_WITH_KNOTS('',8,(#1944,#1945,#1946,#1947,#1948,
    #1949,#1950,#1951,#1952,#1953,#1954,#1955,#1956,#1957,#1958,#1959,
    #1960,#1961,#1962,#1963,#1964,#1965,#1966,#1967,#1968,#1969,#1970,
    #1971,#1972,#1973,#1974,#1975,#1976,#1977,#1978,#1979,#1980,#1981,
    #1982,#1983,#1984,#1985,#1986,#1987,#1988,#1989,#1990,#1991,#1992,
    #1993,#1994,#1995,#1996,#1997,#1998,#1999,#2000,#2001,#2002,#2003,
    #2004,#2005,#2006,#2007,#2008,#2009,#2010,#2011,#2012,#2013,#2014,
    #2015,#2016,#2017,#2018,#2019,#2020,#2021,#2022,#2023,#2024,#2025,
    #2026,#2027,#2028,#2029,#2030,#2031,#2032,#2033,#2034,#2035,#2036,
    #2037,#2038,#2039,#2040,#2041,#2042,#2043,#2044,#2045,#2046,#2047,
    #2048,#2049,#2050,#2051,#2052,#2053,#2054,#2055,#2056,#2057,#2058,
    #2059,#2060,#2061,#2062,#2063,#2064,#2065,#2066,#2067,#2068,#2069,
    #2070,#2071,#2072,#2073,#2074,#2075,#2076,#2077,#2078,#2079,#2080,
    #2081,#2082,#2083,#2084,#2085,#2086,#2087,#2088,#2089,#2090,#2091,
    #2092,#2093,#2094,#2095,#2096,#2097,#2098,#2099),.UNSPECIFIED.,.T.,
  .F.,(9,7,7,7,7,7,7,7,7,7,7,7,7,7,7,7,7,7,7,7,7,7,9),(0.,
    3.448614051211E-02,5.836121062562E-02,9.448417551239E-02,
    0.129092182747,0.256052680114,0.393520538566,0.426133740098,
    0.461405248621,0.475301444502,0.483451922223,0.500025796144,
    0.520647969433,0.531213222049,0.553021483904,0.586308545588,
    0.618222485797,0.743969606121,0.819404419307,0.887882047334,
    0.923532721247,0.959277856272,1.),.UNSPECIFIED.);
#1944 = CARTESIAN_POINT('',(-24.865,91.565,-2.22044604925E-16));
#1945 = CARTESIAN_POINT('',(-24.865,91.565,4.001238730628E-02));
#1946 = CARTESIAN_POINT('',(-24.86325740721,91.563330988803,
    8.003583973497E-02));
#1947 = CARTESIAN_POINT('',(-24.85977061099,91.559991445498,
    0.119780447972));
#1948 = CARTESIAN_POINT('',(-24.85459232156,91.555031189124,
    0.158999657839));
#1949 = CARTESIAN_POINT('',(-24.84781335949,91.548535971024,
    0.197488193875));
#1950 = CARTESIAN_POINT('',(-24.83954934478,91.540614895693,
    0.235079474873));
#1951 = CARTESIAN_POINT('',(-24.8299302854,91.531390670118,
    0.271642521373));
#1952 = CARTESIAN_POINT('',(-24.81159035885,91.5137940592,0.331610906518
    ));
#1953 = CARTESIAN_POINT('',(-24.80350037098,91.506029574012,
    0.355614137399));
#1954 = CARTESIAN_POINT('',(-24.79486447105,91.497738255298,
    0.37906529849));
#1955 = CARTESIAN_POINT('',(-24.78572327321,91.488958420122,
    0.401949403754));
#1956 = CARTESIAN_POINT('',(-24.77611584994,91.4797269279,0.424258270545
    ));
#1957 = CARTESIAN_POINT('',(-24.76607894566,91.470078434936,
    0.445989559778));
#1958 = CARTESIAN_POINT('',(-24.75564619029,91.46004464895,
    0.467145816097));
#1959 = CARTESIAN_POINT('',(-24.72850861849,91.433931908812,
    0.518882671989));
#1960 = CARTESIAN_POINT('',(-24.71133562294,91.417396032897,
    0.548723398904));
#1961 = CARTESIAN_POINT('',(-24.69343029468,91.400141982187,
    0.577283552783));
#1962 = CARTESIAN_POINT('',(-24.67488292066,91.382254825142,
    0.604596477261));
#1963 = CARTESIAN_POINT('',(-24.65577213893,91.363808668824,
    0.630699957748));
#1964 = CARTESIAN_POINT('',(-24.63616497135,91.344866655369,
    0.655635183581));
#1965 = CARTESIAN_POINT('',(-24.61611685623,91.325480958442,
    0.679445710165));
#1966 = CARTESIAN_POINT('',(-24.57608395419,91.286734495556,
    0.723953830907));
#1967 = CARTESIAN_POINT('',(-24.5561354437,91.267410327997,
    0.744736097643));
#1968 = CARTESIAN_POINT('',(-24.53586707162,91.247758755149,
    0.764560557778));
#1969 = CARTESIAN_POINT('',(-24.51531483836,91.227813653563,
    0.783461658457));
#1970 = CARTESIAN_POINT('',(-24.49451013801,91.207604579956,
    0.801471329456));
#1971 = CARTESIAN_POINT('',(-24.47348007353,91.187157052939,
    0.818619355119));
#1972 = CARTESIAN_POINT('',(-24.45224777207,91.16649283475,
    0.834933746287));
#1973 = CARTESIAN_POINT('',(-24.35227087604,91.069095068429,
    0.907330342542));
#1974 = CARTESIAN_POINT('',(-24.27134513464,90.989983136558,
    0.953288561229));
#1975 = CARTESIAN_POINT('',(-24.18891763684,90.909102089241,
    0.98973846734));
#1976 = CARTESIAN_POINT('',(-24.1055639381,90.826994940296,
    1.017410681444));
#1977 = CARTESIAN_POINT('',(-24.02174124975,90.744098475951,
    1.036896336883));
#1978 = CARTESIAN_POINT('',(-23.93777357954,90.660726456104,
    1.048555957067));
#1979 = CARTESIAN_POINT('',(-23.85389553501,90.577108856189,
    1.052613485714));
#1980 = CARTESIAN_POINT('',(-23.67969791704,90.402753062936,
    1.045183877695));
#1981 = CARTESIAN_POINT('',(-23.58972488997,90.312303723209,
    1.032394694821));
#1982 = CARTESIAN_POINT('',(-23.50043885271,90.222150168502,
    1.010762221939));
#1983 = CARTESIAN_POINT('',(-23.41210893402,90.132567799093,
    0.97997131503));
#1984 = CARTESIAN_POINT('',(-23.3251377881,90.043972522153,
    0.939577744892));
#1985 = CARTESIAN_POINT('',(-23.24019134115,89.957062699836,
    0.888679393147));
#1986 = CARTESIAN_POINT('',(-23.158071325,89.872692168445,0.826335324179
    ));
#1987 = CARTESIAN_POINT('',(-23.06172017593,89.773325941837,
    0.731941569502));
#1988 = CARTESIAN_POINT('',(-23.04349379486,89.754511243788,
    0.713066267995));
#1989 = CARTESIAN_POINT('',(-23.02553797204,89.735958390222,
    0.69338620491));
#1990 = CARTESIAN_POINT('',(-23.00787897672,89.717695369587,
    0.672870933593));
#1991 = CARTESIAN_POINT('',(-22.99054817434,89.699755568826,
    0.651488750667));
#1992 = CARTESIAN_POINT('',(-22.97358237033,89.682178159542,
    0.629206335582));
#1993 = CARTESIAN_POINT('',(-22.95702415393,89.665008484155,
    0.605988390178));
#1994 = CARTESIAN_POINT('',(-22.92350786078,89.630226361925,
    0.555634345101));
#1995 = CARTESIAN_POINT('',(-22.90663278021,89.612697684186,
    0.528341389367));
#1996 = CARTESIAN_POINT('',(-22.89035463024,89.595773932514,
    0.499866040087));
#1997 = CARTESIAN_POINT('',(-22.87474850074,89.579534973278,
    0.470163703517));
#1998 = CARTESIAN_POINT('',(-22.85990637338,89.5640785587,0.439199846402
    ));
#1999 = CARTESIAN_POINT('',(-22.84593570128,89.549518896352,
    0.406953364635));
#2000 = CARTESIAN_POINT('',(-22.8329571363,89.535984244969,
    0.373421037256));
#2001 = CARTESIAN_POINT('',(-22.81643050702,89.518739750552,
    0.324913433098));
#2002 = CARTESIAN_POINT('',(-22.81193452906,89.514047292083,
    0.311009208598));
#2003 = CARTESIAN_POINT('',(-22.80762168551,89.5095448879,0.296912702399
    ));
#2004 = CARTESIAN_POINT('',(-22.80350052898,89.50524162128,0.28262730366
    ));
#2005 = CARTESIAN_POINT('',(-22.79957981363,89.501146788282,
    0.268157597838));
#2006 = CARTESIAN_POINT('',(-22.79586835962,89.497269753943,
    0.253509483901));
#2007 = CARTESIAN_POINT('',(-22.79237491748,89.49361980848,
    0.238690291548));
#2008 = CARTESIAN_POINT('',(-22.78719192026,89.488203750433,
    0.21492192449));
#2009 = CARTESIAN_POINT('',(-22.78535373341,89.486282705628,
    0.20607916932));
#2010 = CARTESIAN_POINT('',(-22.78359522565,89.484444750527,
    0.197182445954));
#2011 = CARTESIAN_POINT('',(-22.78191809213,89.482691684486,
    0.188233754262));
#2012 = CARTESIAN_POINT('',(-22.7803239696,89.481025244757,
    0.179235280943));
#2013 = CARTESIAN_POINT('',(-22.77881443634,89.479447106491,
    0.170189399523));
#2014 = CARTESIAN_POINT('',(-22.77739101223,89.477958882736,
    0.161098670355));
#2015 = CARTESIAN_POINT('',(-22.77333872059,89.473721837437,
    0.133394368643));
#2016 = CARTESIAN_POINT('',(-22.77098415214,89.471259513205,
    0.114647566693));
#2017 = CARTESIAN_POINT('',(-22.76900380552,89.469188257455,
    9.575010474877E-02));
#2018 = CARTESIAN_POINT('',(-22.7674081719,89.467519202321,
    7.672858678794E-02));
#2019 = CARTESIAN_POINT('',(-22.76620556979,89.46626117501,
    5.76115199947E-02));
#2020 = CARTESIAN_POINT('',(-22.76540183321,89.46542036646,
    3.842928397168E-02));
#2021 = CARTESIAN_POINT('',(-22.765,89.465,1.921409995004E-02));
#2022 = CARTESIAN_POINT('',(-22.765,89.465,-2.390729533978E-02));
#2023 = CARTESIAN_POINT('',(-22.76562212344,89.465650815742,
    -4.781734396646E-02));
#2024 = CARTESIAN_POINT('',(-22.76686656099,89.466952653942,
    -7.166319514526E-02));
#2025 = CARTESIAN_POINT('',(-22.76872591921,89.468897669419,
    -9.538311584852E-02));
#2026 = CARTESIAN_POINT('',(-22.7711862805,89.471471091893,
    -0.118920577599));
#2027 = CARTESIAN_POINT('',(-22.77422826303,89.474652352768,
    -0.142224243313));
#2028 = CARTESIAN_POINT('',(-22.77782808065,89.478416211931,
    -0.165247954144));
#2029 = CARTESIAN_POINT('',(-22.78407477216,89.484945935669,
    -0.199581906412));
#2030 = CARTESIAN_POINT('',(-22.78633044083,89.487303562032,
    -0.211129712591));
#2031 = CARTESIAN_POINT('',(-22.78872200149,89.48980293479,
    -0.22258922094));
#2032 = CARTESIAN_POINT('',(-22.7912457823,89.492440156384,
    -0.233956020212));
#2033 = CARTESIAN_POINT('',(-22.79389804697,89.495211260535,
    -0.245226201839));
#2034 = CARTESIAN_POINT('',(-22.79667499476,89.49811221224,
    -0.256396359929));
#2035 = CARTESIAN_POINT('',(-22.79957276044,89.501138907776,
    -0.267463591268));
#2036 = CARTESIAN_POINT('',(-22.808810111,89.510785668574,
    -0.301052505071));
#2037 = CARTESIAN_POINT('',(-22.81553074119,89.51780205057,
    -0.323229408587));
#2038 = CARTESIAN_POINT('',(-22.82271574441,89.525300676064,
    -0.344936676835));
#2039 = CARTESIAN_POINT('',(-22.83033213268,89.5332465086,
    -0.366161474101));
#2040 = CARTESIAN_POINT('',(-22.83834814655,89.541605813419,
    -0.386896847858));
#2041 = CARTESIAN_POINT('',(-22.84673391114,89.550346850998,
    -0.407140918629));
#2042 = CARTESIAN_POINT('',(-22.85546209216,89.55944057058,
    -0.426896069854));
#2043 = CARTESIAN_POINT('',(-22.87831662459,89.583240648888,
    -0.475584077328));
#2044 = CARTESIAN_POINT('',(-22.8928629554,89.598378469107,
    -0.503867989664));
#2045 = CARTESIAN_POINT('',(-22.90806256836,89.614184343933,
    -0.531045774001));
#2046 = CARTESIAN_POINT('',(-22.92384031876,89.630578353455,
    -0.557147675497));
#2047 = CARTESIAN_POINT('',(-22.94013087759,89.647491029405,
    -0.582207546614));
#2048 = CARTESIAN_POINT('',(-22.95687871615,89.66486330627,
    -0.606262108521));
#2049 = CARTESIAN_POINT('',(-22.97403809044,89.682646472404,
    -0.629350212479));
#2050 = CARTESIAN_POINT('',(-23.00838462905,89.718208832915,
    -0.672759791999));
#2051 = CARTESIAN_POINT('',(-23.02553827169,89.735954636951,
    -0.693152163311));
#2052 = CARTESIAN_POINT('',(-23.04300019814,89.754003555407,
    -0.712722473643));
#2053 = CARTESIAN_POINT('',(-23.06074076002,89.772324011259,
    -0.731501168138));
#2054 = CARTESIAN_POINT('',(-23.07873415243,89.790888533583,
    -0.749516287283));
#2055 = CARTESIAN_POINT('',(-23.0969581502,89.809673462833,
    -0.766793875578));
#2056 = CARTESIAN_POINT('',(-23.11539384418,89.828658656117,
    -0.7833583902));
#2057 = CARTESIAN_POINT('',(-23.20743723626,89.923354947225,
    -0.861782586357));
#2058 = CARTESIAN_POINT('',(-23.28379062888,90.001627372803,
    -0.913538174606));
#2059 = CARTESIAN_POINT('',(-23.36222233175,90.081720579082,
    -0.956056076109));
#2060 = CARTESIAN_POINT('',(-23.44218366681,90.163051586227,
    -0.990046546326));
#2061 = CARTESIAN_POINT('',(-23.52323044219,90.245154801443,
    -1.016091446668));
#2062 = CARTESIAN_POINT('',(-23.60505621543,90.327713557952,
    -1.034514486157));
#2063 = CARTESIAN_POINT('',(-23.68744117059,90.410503347539,
    -1.045514130998));
#2064 = CARTESIAN_POINT('',(-23.81993874741,90.543121235079,
    -1.051165213204));
#2065 = CARTESIAN_POINT('',(-23.86973316567,90.592842098743,
    -1.050595099282));
#2066 = CARTESIAN_POINT('',(-23.91959150456,90.64250821356,
    -1.047334306781));
#2067 = CARTESIAN_POINT('',(-23.96945937901,90.692065855548,
    -1.041356836764));
#2068 = CARTESIAN_POINT('',(-24.01927675114,90.741456385622,
    -1.032615814134));
#2069 = CARTESIAN_POINT('',(-24.06897665341,90.79061508465,
    -1.021042845435));
#2070 = CARTESIAN_POINT('',(-24.11848334908,90.839469464426,
    -1.00654325679));
#2071 = CARTESIAN_POINT('',(-24.21239645235,90.931934586586,
    -0.973050322137));
#2072 = CARTESIAN_POINT('',(-24.25683724965,90.975598720429,
    -0.954599709116));
#2073 = CARTESIAN_POINT('',(-24.30097771861,91.018878109838,
    -0.933538493453));
#2074 = CARTESIAN_POINT('',(-24.34473867409,91.061697807713,
    -0.909745106718));
#2075 = CARTESIAN_POINT('',(-24.38801667405,91.103959932676,
    -0.883078355234));
#2076 = CARTESIAN_POINT('',(-24.43068112155,91.145541219145,
    -0.853373574319));
#2077 = CARTESIAN_POINT('',(-24.47256814325,91.186287450925,
    -0.820429873041));
#2078 = CARTESIAN_POINT('',(-24.53476612852,91.246682327003,
    -0.765016425162));
#2079 = CARTESIAN_POINT('',(-24.5557897047,91.267076511375,
    -0.745100464241));
#2080 = CARTESIAN_POINT('',(-24.57651264233,91.287159801724,
    -0.724204466221));
#2081 = CARTESIAN_POINT('',(-24.59689900177,91.306898389009,
    -0.702291415616));
#2082 = CARTESIAN_POINT('',(-24.61690581143,91.326251810746,
    -0.679323235002));
#2083 = CARTESIAN_POINT('',(-24.63648264447,91.345172576894,
    -0.655260618052));
#2084 = CARTESIAN_POINT('',(-24.65557119559,91.363605795744,
    -0.63006286257));
#2085 = CARTESIAN_POINT('',(-24.69268762727,91.399419187214,
    -0.577242660051));
#2086 = CARTESIAN_POINT('',(-24.71070750293,91.416791554636,
    -0.549621046595));
#2087 = CARTESIAN_POINT('',(-24.72810004914,91.433545353851,
    -0.520777476974));
#2088 = CARTESIAN_POINT('',(-24.74478433518,91.449604321343,
    -0.490674823437));
#2089 = CARTESIAN_POINT('',(-24.76066356351,91.464877180781,
    -0.459286760972));
#2090 = CARTESIAN_POINT('',(-24.77562668201,91.479259221901,
    -0.426601294724));
#2091 = CARTESIAN_POINT('',(-24.78955097996,91.492634755765,
    -0.392625270533));
#2092 = CARTESIAN_POINT('',(-24.8168362672,91.518831177755,
    -0.317248431093));
#2093 = CARTESIAN_POINT('',(-24.82986118451,91.531327358442,
    -0.275438809128));
#2094 = CARTESIAN_POINT('',(-24.84115997909,91.54216056578,
    -0.232064547993));
#2095 = CARTESIAN_POINT('',(-24.85051069361,91.551121323272,
    -0.187288183788));
#2096 = CARTESIAN_POINT('',(-24.8577045822,91.558012677157,
    -0.141341170856));
#2097 = CARTESIAN_POINT('',(-24.86256922081,91.562671854096,
    -9.453262947774E-02));
#2098 = CARTESIAN_POINT('',(-24.865,91.565,-4.725691379915E-02));
#2099 = CARTESIAN_POINT('',(-24.865,91.565,-2.22044604925E-16));
#2100 = PCURVE('',#1165,#2101);
#2101 = DEFINITIONAL_REPRESENTATION('',(#2102),#2259);
#2102 = B_SPLINE_CURVE_WITH_KNOTS('',8,(#2103,#2104,#2105,#2106,#2107,
    #2108,#2109,#2110,#2111,#2112,#2113,#2114,#2115,#2116,#2117,#2118,
    #2119,#2120,#2121,#2122,#2123,#2124,#2125,#2126,#2127,#2128,#2129,
    #2130,#2131,#2132,#2133,#2134,#2135,#2136,#2137,#2138,#2139,#2140,
    #2141,#2142,#2143,#2144,#2145,#2146,#2147,#2148,#2149,#2150,#2151,
    #2152,#2153,#2154,#2155,#2156,#2157,#2158,#2159,#2160,#2161,#2162,
    #2163,#2164,#2165,#2166,#2167,#2168,#2169,#2170,#2171,#2172,#2173,
    #2174,#2175,#2176,#2177,#2178,#2179,#2180,#2181,#2182,#2183,#2184,
    #2185,#2186,#2187,#2188,#2189,#2190,#2191,#2192,#2193,#2194,#2195,
    #2196,#2197,#2198,#2199,#2200,#2201,#2202,#2203,#2204,#2205,#2206,
    #2207,#2208,#2209,#2210,#2211,#2212,#2213,#2214,#2215,#2216,#2217,
    #2218,#2219,#2220,#2221,#2222,#2223,#2224,#2225,#2226,#2227,#2228,
    #2229,#2230,#2231,#2232,#2233,#2234,#2235,#2236,#2237,#2238,#2239,
    #2240,#2241,#2242,#2243,#2244,#2245,#2246,#2247,#2248,#2249,#2250,
    #2251,#2252,#2253,#2254,#2255,#2256,#2257,#2258),.UNSPECIFIED.,.T.,
  .F.,(9,7,7,7,7,7,7,7,7,7,7,7,7,7,7,7,7,7,7,7,7,7,9),(0.,
    3.448614051211E-02,5.836121062562E-02,9.448417551239E-02,
    0.129092182747,0.256052680114,0.393520538566,0.426133740098,
    0.461405248621,0.475301444502,0.483451922223,0.500025796144,
    0.520647969433,0.531213222049,0.553021483904,0.586308545588,
    0.618222485797,0.743969606121,0.819404419307,0.887882047334,
    0.923532721247,0.959277856272,1.),.UNSPECIFIED.);
#2103 = CARTESIAN_POINT('',(3.14159265359,2.865));
#2104 = CARTESIAN_POINT('',(3.143201838682,2.865));
#2105 = CARTESIAN_POINT('',(3.144811468586,2.863330988803));
#2106 = CARTESIAN_POINT('',(3.146410323227,2.859991445498));
#2107 = CARTESIAN_POINT('',(3.147988925006,2.855031189124));
#2108 = CARTESIAN_POINT('',(3.149539403576,2.848535971024));
#2109 = CARTESIAN_POINT('',(3.151055361438,2.840614895693));
#2110 = CARTESIAN_POINT('',(3.152531740349,2.831390670118));
#2111 = CARTESIAN_POINT('',(3.154956731678,2.8137940592));
#2112 = CARTESIAN_POINT('',(3.155928401167,2.806029574012));
#2113 = CARTESIAN_POINT('',(3.15687882862,2.797738255298));
#2114 = CARTESIAN_POINT('',(3.157807440993,2.788958420122));
#2115 = CARTESIAN_POINT('',(3.158713924758,2.7797269279));
#2116 = CARTESIAN_POINT('',(3.15959819008,2.770078434936));
#2117 = CARTESIAN_POINT('',(3.160460334984,2.76004464895));
#2118 = CARTESIAN_POINT('',(3.162571944349,2.733931908812));
#2119 = CARTESIAN_POINT('',(3.16379293324,2.717396032897));
#2120 = CARTESIAN_POINT('',(3.164964661622,2.700141982187));
#2121 = CARTESIAN_POINT('',(3.166088401485,2.682254825142));
#2122 = CARTESIAN_POINT('',(3.167165579888,2.663808668824));
#2123 = CARTESIAN_POINT('',(3.168197747455,2.644866655369));
#2124 = CARTESIAN_POINT('',(3.169186546869,2.625480958442));
#2125 = CARTESIAN_POINT('',(3.171041094087,2.586734495556));
#2126 = CARTESIAN_POINT('',(3.171910096276,2.567410327997));
#2127 = CARTESIAN_POINT('',(3.172742093544,2.547758755149));
#2128 = CARTESIAN_POINT('',(3.173538371684,2.527813653563));
#2129 = CARTESIAN_POINT('',(3.174300113546,2.507604579956));
#2130 = CARTESIAN_POINT('',(3.175028415905,2.487157052939));
#2131 = CARTESIAN_POINT('',(3.175724306327,2.46649283475));
#2132 = CARTESIAN_POINT('',(3.178826328119,2.369095068429));
#2133 = CARTESIAN_POINT('',(3.180837818468,2.289983136558));
#2134 = CARTESIAN_POINT('',(3.182475882647,2.209102089241));
#2135 = CARTESIAN_POINT('',(3.18376528446,2.126994940295));
#2136 = CARTESIAN_POINT('',(3.184725242742,2.044098475951));
#2137 = CARTESIAN_POINT('',(3.185365804346,1.960726456103));
#2138 = CARTESIAN_POINT('',(3.185691556262,1.877108856189));
#2139 = CARTESIAN_POINT('',(3.185702397792,1.702753062936));
#2140 = CARTESIAN_POINT('',(3.185332180616,1.612303723208));
#2141 = CARTESIAN_POINT('',(3.184583715007,1.522150168503));
#2142 = CARTESIAN_POINT('',(3.183437464295,1.432567799092));
#2143 = CARTESIAN_POINT('',(3.181867804544,1.343972522153));
#2144 = CARTESIAN_POINT('',(3.179828447299,1.257062699835));
#2145 = CARTESIAN_POINT('',(3.177270986425,1.172692168445));
#2146 = CARTESIAN_POINT('',(3.173321005403,1.073325941837));
#2147 = CARTESIAN_POINT('',(3.172528261615,1.054511243788));
#2148 = CARTESIAN_POINT('',(3.171698792145,1.035958390222));
#2149 = CARTESIAN_POINT('',(3.170831157099,1.017695369587));
#2150 = CARTESIAN_POINT('',(3.16992385901,0.999755568826));
#2151 = CARTESIAN_POINT('',(3.168975330724,0.982178159542));
#2152 = CARTESIAN_POINT('',(3.167983923297,0.965008484155));
#2153 = CARTESIAN_POINT('',(3.165827417557,0.930226361925));
#2154 = CARTESIAN_POINT('',(3.164655102162,0.912697684186));
#2155 = CARTESIAN_POINT('',(3.163428543746,0.895773932514));
#2156 = CARTESIAN_POINT('',(3.162145676837,0.879534973278));
#2157 = CARTESIAN_POINT('',(3.16080489324,0.8640785587));
#2158 = CARTESIAN_POINT('',(3.159405211065,0.849518896352));
#2159 = CARTESIAN_POINT('',(3.157946494011,0.835984244969));
#2160 = CARTESIAN_POINT('',(3.155832145761,0.818739750552));
#2161 = CARTESIAN_POINT('',(3.155225640311,0.814047292083));
#2162 = CARTESIAN_POINT('',(3.15461031138,0.8095448879));
#2163 = CARTESIAN_POINT('',(3.15398631533,0.80524162128));
#2164 = CARTESIAN_POINT('',(3.153353863426,0.801146788282));
#2165 = CARTESIAN_POINT('',(3.152713227206,0.797269753943));
#2166 = CARTESIAN_POINT('',(3.152064743857,0.79361980848));
#2167 = CARTESIAN_POINT('',(3.151024106245,0.788203750433));
#2168 = CARTESIAN_POINT('',(3.150636832589,0.786282705628));
#2169 = CARTESIAN_POINT('',(3.150247083937,0.784444750527));
#2170 = CARTESIAN_POINT('',(3.14985495215,0.782691684486));
#2171 = CARTESIAN_POINT('',(3.149460537643,0.781025244757));
#2172 = CARTESIAN_POINT('',(3.149063949384,0.779447106491));
#2173 = CARTESIAN_POINT('',(3.14866530489,0.777958882736));
#2174 = CARTESIAN_POINT('',(3.147450167684,0.773721837437));
#2175 = CARTESIAN_POINT('',(3.146627569391,0.771259513205));
#2176 = CARTESIAN_POINT('',(3.145798063792,0.769188257455));
#2177 = CARTESIAN_POINT('',(3.144962870617,0.767519202321));
#2178 = CARTESIAN_POINT('',(3.144123298059,0.76626117501));
#2179 = CARTESIAN_POINT('',(3.143280739946,0.76542036646));
#2180 = CARTESIAN_POINT('',(3.142436672916,0.765));
#2181 = CARTESIAN_POINT('',(3.14054247589,0.765));
#2182 = CARTESIAN_POINT('',(3.139492176891,0.765650815742));
#2183 = CARTESIAN_POINT('',(3.138444816999,0.766952653942));
#2184 = CARTESIAN_POINT('',(3.137403225544,0.768897669419));
#2185 = CARTESIAN_POINT('',(3.136369997515,0.771471091893));
#2186 = CARTESIAN_POINT('',(3.135347490294,0.774652352768));
#2187 = CARTESIAN_POINT('',(3.134337820386,0.778416211931));
#2188 = CARTESIAN_POINT('',(3.132833117274,0.784945935669));
#2189 = CARTESIAN_POINT('',(3.132327197868,0.787303562032));
#2190 = CARTESIAN_POINT('',(3.13182532765,0.78980293479));
#2191 = CARTESIAN_POINT('',(3.131327709293,0.792440156384));
#2192 = CARTESIAN_POINT('',(3.130834522426,0.795211260535));
#2193 = CARTESIAN_POINT('',(3.130345923639,0.79811221224));
#2194 = CARTESIAN_POINT('',(3.129862046485,0.801138907776));
#2195 = CARTESIAN_POINT('',(3.128394180908,0.810785668574));
#2196 = CARTESIAN_POINT('',(3.127426007223,0.81780205057));
#2197 = CARTESIAN_POINT('',(3.126479383933,0.825300676064));
#2198 = CARTESIAN_POINT('',(3.125554904149,0.8332465086));
#2199 = CARTESIAN_POINT('',(3.124652888863,0.841605813419));
#2200 = CARTESIAN_POINT('',(3.123773425225,0.850346850998));
#2201 = CARTESIAN_POINT('',(3.122916404835,0.85944057058));
#2202 = CARTESIAN_POINT('',(3.120807298867,0.883240648888));
#2203 = CARTESIAN_POINT('',(3.119584988813,0.898378469107));
#2204 = CARTESIAN_POINT('',(3.118413460649,0.914184343933));
#2205 = CARTESIAN_POINT('',(3.11729131871,0.930578353455));
#2206 = CARTESIAN_POINT('',(3.116216985647,0.947491029405));
#2207 = CARTESIAN_POINT('',(3.115188745195,0.96486330627));
#2208 = CARTESIAN_POINT('',(3.114204784958,0.982646472404));
#2209 = CARTESIAN_POINT('',(3.112360533006,1.018208832915));
#2210 = CARTESIAN_POINT('',(3.111496981283,1.035954636951));
#2211 = CARTESIAN_POINT('',(3.110671030183,1.054003555407));
#2212 = CARTESIAN_POINT('',(3.109881246463,1.072324011259));
#2213 = CARTESIAN_POINT('',(3.109126301382,1.090888533583));
#2214 = CARTESIAN_POINT('',(3.108404954631,1.109673462833));
#2215 = CARTESIAN_POINT('',(3.107716038261,1.128658656117));
#2216 = CARTESIAN_POINT('',(3.104467378202,1.223354947225));
#2217 = CARTESIAN_POINT('',(3.102366051507,1.301627372803));
#2218 = CARTESIAN_POINT('',(3.100680796766,1.381720579081));
#2219 = CARTESIAN_POINT('',(3.099375202606,1.463051586227));
#2220 = CARTESIAN_POINT('',(3.098418745878,1.545154801442));
#2221 = CARTESIAN_POINT('',(3.097792538017,1.627713557952));
#2222 = CARTESIAN_POINT('',(3.097483391304,1.710503347539));
#2223 = CARTESIAN_POINT('',(3.097491637551,1.843121235079));
#2224 = CARTESIAN_POINT('',(3.097607830722,1.892842098743));
#2225 = CARTESIAN_POINT('',(3.097836157917,1.94250821356));
#2226 = CARTESIAN_POINT('',(3.098176676236,1.992065855548));
#2227 = CARTESIAN_POINT('',(3.09863030973,2.041456385622));
#2228 = CARTESIAN_POINT('',(3.099198863116,2.09061508465));
#2229 = CARTESIAN_POINT('',(3.099885206485,2.139469464426));
#2230 = CARTESIAN_POINT('',(3.101427496328,2.231934586586));
#2231 = CARTESIAN_POINT('',(3.102261732736,2.275598720429));
#2232 = CARTESIAN_POINT('',(3.103199561196,2.318878109838));
#2233 = CARTESIAN_POINT('',(3.104245167891,2.361697807713));
#2234 = CARTESIAN_POINT('',(3.105403497112,2.403959932676));
#2235 = CARTESIAN_POINT('',(3.106680412781,2.445541219145));
#2236 = CARTESIAN_POINT('',(3.108083228609,2.486287450925));
#2237 = CARTESIAN_POINT('',(3.110422514049,2.546682327003));
#2238 = CARTESIAN_POINT('',(3.111259990614,2.567076511375));
#2239 = CARTESIAN_POINT('',(3.112135385717,2.587159801724));
#2240 = CARTESIAN_POINT('',(3.113050078315,2.606898389009));
#2241 = CARTESIAN_POINT('',(3.114005488607,2.626251810746));
#2242 = CARTESIAN_POINT('',(3.115003089436,2.645172576894));
#2243 = CARTESIAN_POINT('',(3.1160444177,2.663605795744));
#2244 = CARTESIAN_POINT('',(3.118220633096,2.699419187214));
#2245 = CARTESIAN_POINT('',(3.119355469197,2.716791554636));
#2246 = CARTESIAN_POINT('',(3.120537337819,2.733545353851));
#2247 = CARTESIAN_POINT('',(3.121767652059,2.749604321342));
#2248 = CARTESIAN_POINT('',(3.123047407422,2.764877180781));
#2249 = CARTESIAN_POINT('',(3.124377056411,2.779259221901));
#2250 = CARTESIAN_POINT('',(3.125756344667,2.792634755765));
#2251 = CARTESIAN_POINT('',(3.128810668717,2.818831177755));
#2252 = CARTESIAN_POINT('',(3.130501507584,2.831327358442));
#2253 = CARTESIAN_POINT('',(3.132252571011,2.84216056578));
#2254 = CARTESIAN_POINT('',(3.134057560669,2.851121323272));
#2255 = CARTESIAN_POINT('',(3.135907587895,2.858012677157));
#2256 = CARTESIAN_POINT('',(3.137790819289,2.862671854096));
#2257 = CARTESIAN_POINT('',(3.139692114125,2.865));
#2258 = CARTESIAN_POINT('',(3.14159265359,2.865));
#2259 = ( GEOMETRIC_REPRESENTATION_CONTEXT(2) 
PARAMETRIC_REPRESENTATION_CONTEXT() REPRESENTATION_CONTEXT('2D SPACE',''
  ) );
#2260 = PCURVE('',#1289,#2261);
#2261 = DEFINITIONAL_REPRESENTATION('',(#2262),#2419);
#2262 = B_SPLINE_CURVE_WITH_KNOTS('',8,(#2263,#2264,#2265,#2266,#2267,
    #2268,#2269,#2270,#2271,#2272,#2273,#2274,#2275,#2276,#2277,#2278,
    #2279,#2280,#2281,#2282,#2283,#2284,#2285,#2286,#2287,#2288,#2289,
    #2290,#2291,#2292,#2293,#2294,#2295,#2296,#2297,#2298,#2299,#2300,
    #2301,#2302,#2303,#2304,#2305,#2306,#2307,#2308,#2309,#2310,#2311,
    #2312,#2313,#2314,#2315,#2316,#2317,#2318,#2319,#2320,#2321,#2322,
    #2323,#2324,#2325,#2326,#2327,#2328,#2329,#2330,#2331,#2332,#2333,
    #2334,#2335,#2336,#2337,#2338,#2339,#2340,#2341,#2342,#2343,#2344,
    #2345,#2346,#2347,#2348,#2349,#2350,#2351,#2352,#2353,#2354,#2355,
    #2356,#2357,#2358,#2359,#2360,#2361,#2362,#2363,#2364,#2365,#2366,
    #2367,#2368,#2369,#2370,#2371,#2372,#2373,#2374,#2375,#2376,#2377,
    #2378,#2379,#2380,#2381,#2382,#2383,#2384,#2385,#2386,#2387,#2388,
    #2389,#2390,#2391,#2392,#2393,#2394,#2395,#2396,#2397,#2398,#2399,
    #2400,#2401,#2402,#2403,#2404,#2405,#2406,#2407,#2408,#2409,#2410,
    #2411,#2412,#2413,#2414,#2415,#2416,#2417,#2418),.UNSPECIFIED.,.F.,
  .F.,(9,7,7,7,7,7,7,7,7,7,7,7,7,7,7,7,7,7,7,7,7,7,9),(0.,
    3.448614051211E-02,5.836121062562E-02,9.448417551239E-02,
    0.129092182747,0.256052680114,0.393520538566,0.426133740098,
    0.461405248621,0.475301444502,0.483451922223,0.500025796144,
    0.520647969433,0.531213222049,0.553021483904,0.586308545588,
    0.618222485797,0.743969606121,0.819404419307,0.887882047334,
    0.923532721247,0.959277856272,1.),.UNSPECIFIED.);
#2263 = CARTESIAN_POINT('',(0.,-0.435));
#2264 = CARTESIAN_POINT('',(3.810703552979E-02,-0.435));
#2265 = CARTESIAN_POINT('',(7.622456432222E-02,-0.436669011197));
#2266 = CARTESIAN_POINT('',(0.114161010703,-0.440008554502));
#2267 = CARTESIAN_POINT('',(0.151765735749,-0.444968810876));
#2268 = CARTESIAN_POINT('',(0.188918821184,-0.451464028976));
#2269 = CARTESIAN_POINT('',(0.225523651458,-0.459385104307));
#2270 = CARTESIAN_POINT('',(0.261502294029,-0.468609329882));
#2271 = CARTESIAN_POINT('',(0.321226225223,-0.4862059408));
#2272 = CARTESIAN_POINT('',(0.345340237074,-0.493970425988));
#2273 = CARTESIAN_POINT('',(0.369125817164,-0.502261744702));
#2274 = CARTESIAN_POINT('',(0.392577687946,-0.511041579878));
#2275 = CARTESIAN_POINT('',(0.415694742166,-0.5202730721));
#2276 = CARTESIAN_POINT('',(0.438479594484,-0.529921565064));
#2277 = CARTESIAN_POINT('',(0.460938133095,-0.53995535105));
#2278 = CARTESIAN_POINT('',(0.516578295926,-0.566068091188));
#2279 = CARTESIAN_POINT('',(0.549343108767,-0.582603967103));
#2280 = CARTESIAN_POINT('',(0.581409058737,-0.599858017813));
#2281 = CARTESIAN_POINT('',(0.612811179548,-0.617745174858));
#2282 = CARTESIAN_POINT('',(0.643584847637,-0.636191331176));
#2283 = CARTESIAN_POINT('',(0.673766640024,-0.655133344631));
#2284 = CARTESIAN_POINT('',(0.703395192185,-0.674519041558));
#2285 = CARTESIAN_POINT('',(0.76040779021,-0.713265504444));
#2286 = CARTESIAN_POINT('',(0.787828695485,-0.732589672003));
#2287 = CARTESIAN_POINT('',(0.814808080217,-0.752241244851));
#2288 = CARTESIAN_POINT('',(0.841375890969,-0.772186346437));
#2289 = CARTESIAN_POINT('',(0.867559495016,-0.792395420044));
#2290 = CARTESIAN_POINT('',(0.893384462991,-0.812842947061));
#2291 = CARTESIAN_POINT('',(0.918875351519,-0.83350716525));
#2292 = CARTESIAN_POINT('',(1.036434221375,-0.930904931571));
#2293 = CARTESIAN_POINT('',(1.12452988842,-1.010016863442));
#2294 = CARTESIAN_POINT('',(1.209671880693,-1.090897910759));
#2295 = CARTESIAN_POINT('',(1.292568841158,-1.173005059704));
#2296 = CARTESIAN_POINT('',(1.373852973652,-1.255901524049));
#2297 = CARTESIAN_POINT('',(1.454046435749,-1.339273543896));
#2298 = CARTESIAN_POINT('',(1.533693450264,-1.422891143811));
#2299 = CARTESIAN_POINT('',(1.69974676843,-1.597246937064));
#2300 = CARTESIAN_POINT('',(1.78587797062,-1.687696276791));
#2301 = CARTESIAN_POINT('',(1.872685322757,-1.777849831498));
#2302 = CARTESIAN_POINT('',(1.960926231836,-1.867432200907));
#2303 = CARTESIAN_POINT('',(2.051272647177,-1.956027477847));
#2304 = CARTESIAN_POINT('',(2.144684777594,-2.042937300164));
#2305 = CARTESIAN_POINT('',(2.242104471858,-2.127307831555));
#2306 = CARTESIAN_POINT('',(2.370565535069,-2.226674058163));
#2307 = CARTESIAN_POINT('',(2.395545255181,-2.245488756212));
#2308 = CARTESIAN_POINT('',(2.420900160156,-2.264041609778));
#2309 = CARTESIAN_POINT('',(2.446658039754,-2.282304630413));
#2310 = CARTESIAN_POINT('',(2.47284741027,-2.300244431174));
#2311 = CARTESIAN_POINT('',(2.499498444473,-2.317821840458));
#2312 = CARTESIAN_POINT('',(2.526643901549,-2.334991515845));
#2313 = CARTESIAN_POINT('',(2.584252100151,-2.369773638075));
#2314 = CARTESIAN_POINT('',(2.614795430055,-2.387302315814));
#2315 = CARTESIAN_POINT('',(2.646002100094,-2.404226067486));
#2316 = CARTESIAN_POINT('',(2.677915591014,-2.420465026722));
#2317 = CARTESIAN_POINT('',(2.710571656778,-2.4359214413));
#2318 = CARTESIAN_POINT('',(2.743998115996,-2.450481103648));
#2319 = CARTESIAN_POINT('',(2.778213588952,-2.464015755031));
#2320 = CARTESIAN_POINT('',(2.827018974481,-2.481260249448));
#2321 = CARTESIAN_POINT('',(2.84093447165,-2.485952707917));
#2322 = CARTESIAN_POINT('',(2.85497105219,-2.4904551121));
#2323 = CARTESIAN_POINT('',(2.869127338905,-2.49475837872));
#2324 = CARTESIAN_POINT('',(2.883401114064,-2.498853211718));
#2325 = CARTESIAN_POINT('',(2.897789236509,-2.502730246057));
#2326 = CARTESIAN_POINT('',(2.912287558757,-2.50638019152));
#2327 = CARTESIAN_POINT('',(2.935456048046,-2.511796249567));
#2328 = CARTESIAN_POINT('',(2.944057341929,-2.513717294372));
#2329 = CARTESIAN_POINT('',(2.952693646891,-2.515555249473));
#2330 = CARTESIAN_POINT('',(2.961363750024,-2.517308315514));
#2331 = CARTESIAN_POINT('',(2.970066304365,-2.518974755243));
#2332 = CARTESIAN_POINT('',(2.9787998289,-2.520552893509));
#2333 = CARTESIAN_POINT('',(2.987562708561,-2.522041117264));
#2334 = CARTESIAN_POINT('',(3.014228514686,-2.526278162563));
#2335 = CARTESIAN_POINT('',(3.032219189449,-2.528740486795));
#2336 = CARTESIAN_POINT('',(3.050308937477,-2.530811742545));
#2337 = CARTESIAN_POINT('',(3.068480443653,-2.532480797679));
#2338 = CARTESIAN_POINT('',(3.08671519983,-2.53373882499));
#2339 = CARTESIAN_POINT('',(3.104993345888,-2.53457963354));
#2340 = CARTESIAN_POINT('',(3.12329351078,-2.535));
#2341 = CARTESIAN_POINT('',(3.164361506294,-2.535));
#2342 = CARTESIAN_POINT('',(3.187132937624,-2.534349184258));
#2343 = CARTESIAN_POINT('',(3.209861312061,-2.533047346058));
#2344 = CARTESIAN_POINT('',(3.232505729351,-2.531102330581));
#2345 = CARTESIAN_POINT('',(3.255029519715,-2.528528908107));
#2346 = CARTESIAN_POINT('',(3.277399739061,-2.525347647232));
#2347 = CARTESIAN_POINT('',(3.299586664191,-2.521583788069));
#2348 = CARTESIAN_POINT('',(3.332822459351,-2.515054064331));
#2349 = CARTESIAN_POINT('',(3.344027275764,-2.512696437968));
#2350 = CARTESIAN_POINT('',(3.355174705464,-2.51019706521));
#2351 = CARTESIAN_POINT('',(3.366262073447,-2.507559843616));
#2352 = CARTESIAN_POINT('',(3.377287061487,-2.504788739465));
#2353 = CARTESIAN_POINT('',(3.388247708143,-2.50188778776));
#2354 = CARTESIAN_POINT('',(3.399142408758,-2.498861092224));
#2355 = CARTESIAN_POINT('',(3.432319508964,-2.489214331426));
#2356 = CARTESIAN_POINT('',(3.45438149594,-2.48219794943));
#2357 = CARTESIAN_POINT('',(3.476146571009,-2.474699323936));
#2358 = CARTESIAN_POINT('',(3.49760970667,-2.4667534914));
#2359 = CARTESIAN_POINT('',(3.518769731518,-2.458394186581));
#2360 = CARTESIAN_POINT('',(3.539628908466,-2.449653149002));
#2361 = CARTESIAN_POINT('',(3.560192512965,-2.44055942942));
#2362 = CARTESIAN_POINT('',(3.611416548251,-2.416759351112));
#2363 = CARTESIAN_POINT('',(3.641687533236,-2.401621530893));
#2364 = CARTESIAN_POINT('',(3.671314367521,-2.385815656067));
#2365 = CARTESIAN_POINT('',(3.700329682029,-2.369421646545));
#2366 = CARTESIAN_POINT('',(3.728766482307,-2.352508970595));
#2367 = CARTESIAN_POINT('',(3.756658893568,-2.33513669373));
#2368 = CARTESIAN_POINT('',(3.784042905734,-2.317353527596));
#2369 = CARTESIAN_POINT('',(3.836761095539,-2.281791167085));
#2370 = CARTESIAN_POINT('',(3.86212841803,-2.264045363049));
#2371 = CARTESIAN_POINT('',(3.887090041314,-2.245996444593));
#2372 = CARTESIAN_POINT('',(3.911673753166,-2.227675988741));
#2373 = CARTESIAN_POINT('',(3.935904892958,-2.209111466417));
#2374 = CARTESIAN_POINT('',(3.95980707085,-2.190326537167));
#2375 = CARTESIAN_POINT('',(3.983402886981,-2.171341343883));
#2376 = CARTESIAN_POINT('',(4.098567525388,-2.076645052775));
#2377 = CARTESIAN_POINT('',(4.185886168628,-1.998372627197));
#2378 = CARTESIAN_POINT('',(4.270183762098,-1.918279420918));
#2379 = CARTESIAN_POINT('',(4.352206457065,-1.836948413773));
#2380 = CARTESIAN_POINT('',(4.432629217657,-1.754845198557));
#2381 = CARTESIAN_POINT('',(4.511982276267,-1.672286442048));
#2382 = CARTESIAN_POINT('',(4.590819770259,-1.589496652461));
#2383 = CARTESIAN_POINT('',(4.717122658528,-1.456878764921));
#2384 = CARTESIAN_POINT('',(4.764479818732,-1.407157901257));
#2385 = CARTESIAN_POINT('',(4.811950054163,-1.35749178644));
#2386 = CARTESIAN_POINT('',(4.859643216293,-1.307934144452));
#2387 = CARTESIAN_POINT('',(4.907668763082,-1.258543614378));
#2388 = CARTESIAN_POINT('',(4.956141618914,-1.20938491535));
#2389 = CARTESIAN_POINT('',(5.00518992235,-1.160530535574));
#2390 = CARTESIAN_POINT('',(5.10014878748,-1.068065413414));
#2391 = CARTESIAN_POINT('',(5.145916951073,-1.024401279571));
#2392 = CARTESIAN_POINT('',(5.192390517079,-0.981121890162));
#2393 = CARTESIAN_POINT('',(5.239695018597,-0.938302192287));
#2394 = CARTESIAN_POINT('',(5.287961353612,-0.896040067324));
#2395 = CARTESIAN_POINT('',(5.337334803888,-0.854458780855));
#2396 = CARTESIAN_POINT('',(5.38799187635,-0.813712549075));
#2397 = CARTESIAN_POINT('',(5.467327208045,-0.753317672997));
#2398 = CARTESIAN_POINT('',(5.494894457996,-0.732923488625));
#2399 = CARTESIAN_POINT('',(5.522899485184,-0.712840198276));
#2400 = CARTESIAN_POINT('',(5.551374415982,-0.693101610991));
#2401 = CARTESIAN_POINT('',(5.580351814084,-0.673748189254));
#2402 = CARTESIAN_POINT('',(5.609865759798,-0.654827423106));
#2403 = CARTESIAN_POINT('',(5.639952929358,-0.636394204256));
#2404 = CARTESIAN_POINT('',(5.70143576471,-0.600580812786));
#2405 = CARTESIAN_POINT('',(5.732826437787,-0.583208445364));
#2406 = CARTESIAN_POINT('',(5.764870312975,-0.566454646149));
#2407 = CARTESIAN_POINT('',(5.797603694385,-0.550395678657));
#2408 = CARTESIAN_POINT('',(5.831055194982,-0.535122819219));
#2409 = CARTESIAN_POINT('',(5.865245334878,-0.520740778099));
#2410 = CARTESIAN_POINT('',(5.900185113626,-0.507365244235));
#2411 = CARTESIAN_POINT('',(5.976531114557,-0.481168822245));
#2412 = CARTESIAN_POINT('',(6.018194298128,-0.468672641558));
#2413 = CARTESIAN_POINT('',(6.060802118828,-0.45783943422));
#2414 = CARTESIAN_POINT('',(6.104259475705,-0.448878676728));
#2415 = CARTESIAN_POINT('',(6.148435499093,-0.441987322843));
#2416 = CARTESIAN_POINT('',(6.193154385369,-0.437328145904));
#2417 = CARTESIAN_POINT('',(6.238178722609,-0.435));
#2418 = CARTESIAN_POINT('',(6.28318530718,-0.435));
#2419 = ( GEOMETRIC_REPRESENTATION_CONTEXT(2) 
PARAMETRIC_REPRESENTATION_CONTEXT() REPRESENTATION_CONTEXT('2D SPACE',''
  ) );
#2420 = FACE_BOUND('',#2421,.T.);
#2421 = EDGE_LOOP('',(#2422));
#2422 = ORIENTED_EDGE('',*,*,#2423,.T.);
#2423 = EDGE_CURVE('',#2424,#2424,#2426,.T.);
#2424 = VERTEX_POINT('',#2425);
#2425 = CARTESIAN_POINT('',(12.4325,91.565,21.5337216651));
#2426 = SURFACE_CURVE('',#2427,(#2584,#2744),.PCURVE_S1.);
#2427 = B_SPLINE_CURVE_WITH_KNOTS('',8,(#2428,#2429,#2430,#2431,#2432,
    #2433,#2434,#2435,#2436,#2437,#2438,#2439,#2440,#2441,#2442,#2443,
    #2444,#2445,#2446,#2447,#2448,#2449,#2450,#2451,#2452,#2453,#2454,
    #2455,#2456,#2457,#2458,#2459,#2460,#2461,#2462,#2463,#2464,#2465,
    #2466,#2467,#2468,#2469,#2470,#2471,#2472,#2473,#2474,#2475,#2476,
    #2477,#2478,#2479,#2480,#2481,#2482,#2483,#2484,#2485,#2486,#2487,
    #2488,#2489,#2490,#2491,#2492,#2493,#2494,#2495,#2496,#2497,#2498,
    #2499,#2500,#2501,#2502,#2503,#2504,#2505,#2506,#2507,#2508,#2509,
    #2510,#2511,#2512,#2513,#2514,#2515,#2516,#2517,#2518,#2519,#2520,
    #2521,#2522,#2523,#2524,#2525,#2526,#2527,#2528,#2529,#2530,#2531,
    #2532,#2533,#2534,#2535,#2536,#2537,#2538,#2539,#2540,#2541,#2542,
    #2543,#2544,#2545,#2546,#2547,#2548,#2549,#2550,#2551,#2552,#2553,
    #2554,#2555,#2556,#2557,#2558,#2559,#2560,#2561,#2562,#2563,#2564,
    #2565,#2566,#2567,#2568,#2569,#2570,#2571,#2572,#2573,#2574,#2575,
    #2576,#2577,#2578,#2579,#2580,#2581,#2582,#2583),.UNSPECIFIED.,.T.,
  .F.,(9,7,7,7,7,7,7,7,7,7,7,7,7,7,7,7,7,7,7,7,7,7,9),(0.,
    3.448614051237E-02,5.836121062607E-02,9.448417551316E-02,
    0.129092182748,0.256052680116,0.393520538568,0.4261337401,
    0.461405248623,0.475301444504,0.483451922225,0.500025796146,
    0.520647969435,0.53121322205,0.553021483905,0.586308545589,
    0.618222485798,0.743969606121,0.819404419307,0.887882047335,
    0.923532721247,0.959277856272,1.),.UNSPECIFIED.);
#2428 = CARTESIAN_POINT('',(12.4325,91.565,21.5337216651));
#2429 = CARTESIAN_POINT('',(12.467151743873,91.565,21.513715471447));
#2430 = CARTESIAN_POINT('',(12.50094177403,91.563330988803,
    21.49219461561));
#2431 = CARTESIAN_POINT('',(12.53361821632,91.559991445498,
    21.469302657393));
#2432 = CARTESIAN_POINT('',(12.564993903664,91.555031189124,
    21.445208522261));
#2433 = CARTESIAN_POINT('',(12.594936472589,91.548535971024,
    21.420093500877));
#2434 = CARTESIAN_POINT('',(12.62335946954,91.540614895693,
    21.394141013704));
#2435 = CARTESIAN_POINT('',(12.65021446696,91.531390670118,
    21.367529140672));
#2436 = CARTESIAN_POINT('',(12.692978648644,91.5137940592,
    21.321662105802));
#2437 = CARTESIAN_POINT('',(12.709721062422,91.506029574012,
    21.302654355346));
#2438 = CARTESIAN_POINT('',(12.725712413712,91.497738255298,
    21.283449866078));
#2439 = CARTESIAN_POINT('',(12.740960031292,91.488958420122,
    21.264091303894));
#2440 = CARTESIAN_POINT('',(12.755476365029,91.4797269279,
    21.244616597884));
#2441 = CARTESIAN_POINT('',(12.769277761424,91.470078434936,
    21.22505873919));
#2442 = CARTESIAN_POINT('',(12.782383239159,91.46004464895,
    21.205445579847));
#2443 = CARTESIAN_POINT('',(12.813619884771,91.433931908812,
    21.15607532532));
#2444 = CARTESIAN_POINT('',(12.830876214573,91.417396032897,
    21.12628271146));
#2445 = CARTESIAN_POINT('',(12.84665736924,91.400141982187,
    21.096496165386));
#2446 = CARTESIAN_POINT('',(12.861037368678,91.382254825142,
    21.06677720607));
#2447 = CARTESIAN_POINT('',(12.874088255043,91.363808668824,
    21.037175043364));
#2448 = CARTESIAN_POINT('',(12.885879210272,91.344866655369,
    21.007727125224));
#2449 = CARTESIAN_POINT('',(12.896475673613,91.325480958442,
    20.978459684945));
#2450 = CARTESIAN_POINT('',(12.915004385831,91.286734495556,
    20.921536114421));
#2451 = CARTESIAN_POINT('',(12.923028101526,91.267410327997,
    20.893869064197));
#2452 = CARTESIAN_POINT('',(12.930062401578,91.247758755149,
    20.866403909013));
#2453 = CARTESIAN_POINT('',(12.936155118299,91.227813653563,
    20.839154602573));
#2454 = CARTESIAN_POINT('',(12.941349600723,91.207604579956,
    20.81213236805));
#2455 = CARTESIAN_POINT('',(12.945685194332,91.187157052939,
    20.785345785137));
#2456 = CARTESIAN_POINT('',(12.949197720799,91.16649283475,
    20.758800877104));
#2457 = CARTESIAN_POINT('',(12.961906564285,91.069095068429,
    20.63602004722));
#2458 = CARTESIAN_POINT('',(12.961244678482,90.989983136557,
    20.542957190003));
#2459 = CARTESIAN_POINT('',(12.951597474242,90.909102089244,
    20.453347929889));
#2460 = CARTESIAN_POINT('',(12.933885465264,90.826994940293,
    20.367325402226));
#2461 = CARTESIAN_POINT('',(12.908849193713,90.744098475953,
    20.284989996989));
#2462 = CARTESIAN_POINT('',(12.87696288588,90.660726456103,
    20.206442051389));
#2463 = CARTESIAN_POINT('',(12.838537786501,90.577108856189,
    20.131772769685));
#2464 = CARTESIAN_POINT('',(12.745004748231,90.402753062936,
    19.984628011251));
#2465 = CARTESIAN_POINT('',(12.688942477436,90.312303723208,
    19.913103675597));
#2466 = CARTESIAN_POINT('',(12.625565187746,90.222150168503,
    19.846595935567));
#2467 = CARTESIAN_POINT('',(12.554734520807,90.132567799093,
    19.785495435523));
#2468 = CARTESIAN_POINT('',(12.476267089959,90.043972522153,
    19.730372998822));
#2469 = CARTESIAN_POINT('',(12.389714600859,89.957062699835,
    19.682256393673));
#2470 = CARTESIAN_POINT('',(12.294663045287,89.872692168445,
    19.64231040802));
#2471 = CARTESIAN_POINT('',(12.164740081243,89.773325941837,
    19.606064742579));
#2472 = CARTESIAN_POINT('',(12.139280400095,89.754511243788,
    19.599717884301));
#2473 = CARTESIAN_POINT('',(12.113259054108,89.735958390222,
    19.594007717139));
#2474 = CARTESIAN_POINT('',(12.086662810323,89.717695369587,
    19.588972214245));
#2475 = CARTESIAN_POINT('',(12.059479895528,89.699755568826,
    19.584654390576));
#2476 = CARTESIAN_POINT('',(12.031699856001,89.682178159542,
    19.581102780849));
#2477 = CARTESIAN_POINT('',(12.003313417259,89.665008484155,
    19.57837191751));
#2478 = CARTESIAN_POINT('',(11.942947388463,89.630226361925,
    19.574522978739));
#2479 = CARTESIAN_POINT('',(11.910873455167,89.612697684186,
    19.57355520814));
#2480 = CARTESIAN_POINT('',(11.878074004328,89.595773932514,
    19.573695591384));
#2481 = CARTESIAN_POINT('',(11.844547961554,89.579534973278,
    19.575031455064));
#2482 = CARTESIAN_POINT('',(11.810311411013,89.5640785587,
    19.577659724281));
#2483 = CARTESIAN_POINT('',(11.775399802574,89.549518896352,
    19.581684008224));
#2484 = CARTESIAN_POINT('',(11.739870672723,89.535984244969,
    19.58721040493));
#2485 = CARTESIAN_POINT('',(11.689598540607,89.518739750552,
    19.597151726217));
#2486 = CARTESIAN_POINT('',(11.67530913999,89.514047292083,
    19.600210207339));
#2487 = CARTESIAN_POINT('',(11.660944785742,89.5095448879,
    19.603523428363));
#2488 = CARTESIAN_POINT('',(11.646512689266,89.50524162128,
    19.607097101484));
#2489 = CARTESIAN_POINT('',(11.632021198765,89.501146788282,
    19.610936515304));
#2490 = CARTESIAN_POINT('',(11.617479832969,89.497269753943,
    19.615046358806));
#2491 = CARTESIAN_POINT('',(11.602899314858,89.49361980848,
    19.619430545343));
#2492 = CARTESIAN_POINT('',(11.57972380657,89.488203750433,
    19.626826121615));
#2493 = CARTESIAN_POINT('',(11.571146662529,89.486282705628,
    19.629655582692));
#2494 = CARTESIAN_POINT('',(11.562562620202,89.484444750527,
    19.63258103198));
#2495 = CARTESIAN_POINT('',(11.55397425911,89.482691684486,
    19.635602937598));
#2496 = CARTESIAN_POINT('',(11.545384291354,89.481025244757,
    19.638721623647));
#2497 = CARTESIAN_POINT('',(11.536795561617,89.479447106491,
    19.641937270209));
#2498 = CARTESIAN_POINT('',(11.52821104716,89.477958882736,
    19.645249913348));
#2499 = CARTESIAN_POINT('',(11.502192272262,89.473721837437,
    19.655592676697));
#2500 = CARTESIAN_POINT('',(11.484779781312,89.471259513205,
    19.662926961587));
#2501 = CARTESIAN_POINT('',(11.467423925887,89.469188257455,
    19.67066066207));
#2502 = CARTESIAN_POINT('',(11.450152991307,89.467519202321,
    19.678789561804));
#2503 = CARTESIAN_POINT('',(11.432995824762,89.46626117501,
    19.687306611222));
#2504 = CARTESIAN_POINT('',(11.415981652778,89.46542036646,
    19.696201672941));
#2505 = CARTESIAN_POINT('',(11.399139898668,89.465,19.705461267178));
#2506 = CARTESIAN_POINT('',(11.3617956749,89.465,19.727021964823));
#2507 = CARTESIAN_POINT('',(11.341400027106,89.465650815742,
    19.739515763843));
#2508 = CARTESIAN_POINT('',(11.321371132985,89.466952653942,
    19.752516403963));
#2509 = CARTESIAN_POINT('',(11.30175875819,89.468897669419,
    19.765986615768));
#2510 = CARTESIAN_POINT('',(11.28260489902,89.471471091893,
    19.779886082025));
#2511 = CARTESIAN_POINT('',(11.263944323774,89.474652352768,
    19.79417234903));
#2512 = CARTESIAN_POINT('',(11.245805114116,89.478416211931,
    19.808801737955));
#2513 = CARTESIAN_POINT('',(11.219194384994,89.484945935669,
    19.831378507624));
#2514 = CARTESIAN_POINT('',(11.21032152582,89.487303562032,
    19.839105877086));
#2515 = CARTESIAN_POINT('',(11.201593080803,89.48980293479,
    19.846906783543));
#2516 = CARTESIAN_POINT('',(11.193011034279,89.492440156384,
    19.854775841474));
#2517 = CARTESIAN_POINT('',(11.184576903021,89.495211260535,
    19.862707860873));
#2518 = CARTESIAN_POINT('',(11.176291736244,89.49811221224,
    19.870697847245));
#2519 = CARTESIAN_POINT('',(11.168156115598,89.501138907776,
    19.878741001613));
#2520 = CARTESIAN_POINT('',(11.143685938238,89.510785668574,
    19.903535238762));
#2521 = CARTESIAN_POINT('',(11.12784049151,89.51780205057,
    19.920443926993));
#2522 = CARTESIAN_POINT('',(11.112633947372,89.525300676064,
    19.937519956434));
#2523 = CARTESIAN_POINT('',(11.098060927884,89.5332465086,
    19.954728340792));
#2524 = CARTESIAN_POINT('',(11.084111574387,89.541605813419,
    19.972038099317));
#2525 = CARTESIAN_POINT('',(11.070772577118,89.550346850998,
    19.989422419867));
#2526 = CARTESIAN_POINT('',(11.058028204812,89.55944057058,
    20.006858821971));
#2527 = CARTESIAN_POINT('',(11.027290419695,89.583240648888,
    20.050995431386));
#2528 = CARTESIAN_POINT('',(11.010068998499,89.598378469107,
    20.077734879566));
#2529 = CARTESIAN_POINT('',(10.994132153327,89.614184343933,
    20.104487022692));
#2530 = CARTESIAN_POINT('',(10.979416118741,89.630578353455,
    20.131201906093));
#2531 = CARTESIAN_POINT('',(10.965858913156,89.647491029405,
    20.157839879446));
#2532 = CARTESIAN_POINT('',(10.953400970745,89.66486330627,
    20.184371214047));
#2533 = CARTESIAN_POINT('',(10.941985773339,89.682646472404,
    20.210775720077));
#2534 = CARTESIAN_POINT('',(10.921565244014,89.718208832915,
    20.262225484808));
#2535 = CARTESIAN_POINT('',(10.912481753734,89.735954636951,
    20.287277160758));
#2536 = CARTESIAN_POINT('',(10.904264331048,89.754003555407,
    20.312184787822));
#2537 = CARTESIAN_POINT('',(10.896871785507,89.772324011259,
    20.336937912337));
#2538 = CARTESIAN_POINT('',(10.89026693088,89.790888533583,
    20.361528206837));
#2539 = CARTESIAN_POINT('',(10.884416099383,89.809673462833,
    20.385949446009));
#2540 = CARTESIAN_POINT('',(10.879288655911,89.828658656117,
    20.410197482644));
#2541 = CARTESIAN_POINT('',(10.857393005805,89.923354947225,
    20.529121496513));
#2542 = CARTESIAN_POINT('',(10.850748047906,90.001627372803,
    20.621123268314));
#2543 = CARTESIAN_POINT('',(10.853142316521,90.081720579081,
    20.71030606621));
#2544 = CARTESIAN_POINT('',(10.863686373362,90.163051586228,
    20.796549848807));
#2545 = CARTESIAN_POINT('',(10.881654215713,90.245154801442,
    20.879760865347));
#2546 = CARTESIAN_POINT('',(10.906612282123,90.327713557952,
    20.959835583405));
#2547 = CARTESIAN_POINT('',(10.938278787839,90.410503347539,
    21.036682869887));
#2548 = CARTESIAN_POINT('',(10.999633595499,90.543121235079,
    21.154254678453));
#2549 = CARTESIAN_POINT('',(11.025024537767,90.592842098743,
    21.197092852669));
#2550 = CARTESIAN_POINT('',(11.052777636356,90.64250821356,
    21.238641044492));
#2551 = CARTESIAN_POINT('',(11.082888214466,90.692065855548,
    21.27883915559));
#2552 = CARTESIAN_POINT('',(11.115366848181,90.741456385622,
    21.317611754083));
#2553 = CARTESIAN_POINT('',(11.150239284208,90.79061508465,
    21.354866647667));
#2554 = CARTESIAN_POINT('',(11.187549644152,90.839469464426,
    21.39049090945));
#2555 = CARTESIAN_POINT('',(11.263511928047,90.931934586586,
    21.45507557531));
#2556 = CARTESIAN_POINT('',(11.301711026285,90.975598720429,
    21.48433712822));
#2557 = CARTESIAN_POINT('',(11.342020808568,91.018878109838,
    21.512033287849));
#2558 = CARTESIAN_POINT('',(11.384506963661,91.061697807713,
    21.538034693617));
#2559 = CARTESIAN_POINT('',(11.429240047864,91.103959932676,
    21.562181165268));
#2560 = CARTESIAN_POINT('',(11.476297366497,91.145541219145,
    21.584277270178));
#2561 = CARTESIAN_POINT('',(11.52577095955,91.186287450925,
    21.604080644425));
#2562 = CARTESIAN_POINT('',(11.604859405761,91.246682327003,
    21.630238955796));
#2563 = CARTESIAN_POINT('',(11.632618921949,91.267076511375,
    21.638487926385));
#2564 = CARTESIAN_POINT('',(11.661076855885,91.287159801724,
    21.645986517801));
#2565 = CARTESIAN_POINT('',(11.690247294105,91.306898389009,
    21.652685097667));
#2566 = CARTESIAN_POINT('',(11.720141726823,91.326251810746,
    21.658527412769));
#2567 = CARTESIAN_POINT('',(11.750768980903,91.345172576894,
    21.663450139032));
#2568 = CARTESIAN_POINT('',(11.782135152829,91.363605795744,
    21.667382431483));
#2569 = CARTESIAN_POINT('',(11.846437005884,91.399419187214,
    21.673116102956));
#2570 = CARTESIAN_POINT('',(11.879367962661,91.416791554636,
    21.674910966325));
#2571 = CARTESIAN_POINT('',(11.913043499796,91.433545353851,
    21.675551568373));
#2572 = CARTESIAN_POINT('',(11.947455305497,91.449604321343,
    21.674949257154));
#2573 = CARTESIAN_POINT('',(11.982577779134,91.464877180781,
    21.673007041049));
#2574 = CARTESIAN_POINT('',(12.01836578249,91.479259221901,
    21.669622748669));
#2575 = CARTESIAN_POINT('',(12.054752031534,91.492634755765,
    21.664693532327));
#2576 = CARTESIAN_POINT('',(12.133672932966,91.518831177755,
    21.650634864506));
#2577 = CARTESIAN_POINT('',(12.176393586366,91.531327358442,
    21.641009962797));
#2578 = CARTESIAN_POINT('',(12.219606195668,91.54216056578,
    21.629107875366));
#2579 = CARTESIAN_POINT('',(12.26305902182,91.551121323272,
    21.614817649584));
#2580 = CARTESIAN_POINT('',(12.306447246541,91.558012677157,
    21.598074233387));
#2581 = CARTESIAN_POINT('',(12.349416951794,91.562671854096,
    21.578882863315));
#2582 = CARTESIAN_POINT('',(12.391574312146,91.565,21.557350122));
#2583 = CARTESIAN_POINT('',(12.4325,91.565,21.5337216651));
#2584 = PCURVE('',#1165,#2585);
#2585 = DEFINITIONAL_REPRESENTATION('',(#2586),#2743);
#2586 = B_SPLINE_CURVE_WITH_KNOTS('',8,(#2587,#2588,#2589,#2590,#2591,
    #2592,#2593,#2594,#2595,#2596,#2597,#2598,#2599,#2600,#2601,#2602,
    #2603,#2604,#2605,#2606,#2607,#2608,#2609,#2610,#2611,#2612,#2613,
    #2614,#2615,#2616,#2617,#2618,#2619,#2620,#2621,#2622,#2623,#2624,
    #2625,#2626,#2627,#2628,#2629,#2630,#2631,#2632,#2633,#2634,#2635,
    #2636,#2637,#2638,#2639,#2640,#2641,#2642,#2643,#2644,#2645,#2646,
    #2647,#2648,#2649,#2650,#2651,#2652,#2653,#2654,#2655,#2656,#2657,
    #2658,#2659,#2660,#2661,#2662,#2663,#2664,#2665,#2666,#2667,#2668,
    #2669,#2670,#2671,#2672,#2673,#2674,#2675,#2676,#2677,#2678,#2679,
    #2680,#2681,#2682,#2683,#2684,#2685,#2686,#2687,#2688,#2689,#2690,
    #2691,#2692,#2693,#2694,#2695,#2696,#2697,#2698,#2699,#2700,#2701,
    #2702,#2703,#2704,#2705,#2706,#2707,#2708,#2709,#2710,#2711,#2712,
    #2713,#2714,#2715,#2716,#2717,#2718,#2719,#2720,#2721,#2722,#2723,
    #2724,#2725,#2726,#2727,#2728,#2729,#2730,#2731,#2732,#2733,#2734,
    #2735,#2736,#2737,#2738,#2739,#2740,#2741,#2742),.UNSPECIFIED.,.T.,
  .F.,(9,7,7,7,7,7,7,7,7,7,7,7,7,7,7,7,7,7,7,7,7,7,9),(0.,
    3.448614051237E-02,5.836121062607E-02,9.448417551316E-02,
    0.129092182748,0.256052680116,0.393520538568,0.4261337401,
    0.461405248623,0.475301444504,0.483451922225,0.500025796146,
    0.520647969435,0.53121322205,0.553021483905,0.586308545589,
    0.618222485798,0.743969606121,0.819404419307,0.887882047335,
    0.923532721247,0.959277856272,1.),.UNSPECIFIED.);
#2587 = CARTESIAN_POINT('',(5.235987755983,2.865));
#2588 = CARTESIAN_POINT('',(5.237596941075,2.865));
#2589 = CARTESIAN_POINT('',(5.239206570979,2.863330988803));
#2590 = CARTESIAN_POINT('',(5.24080542562,2.859991445498));
#2591 = CARTESIAN_POINT('',(5.242384027399,2.855031189124));
#2592 = CARTESIAN_POINT('',(5.243934505969,2.848535971024));
#2593 = CARTESIAN_POINT('',(5.245450463831,2.840614895693));
#2594 = CARTESIAN_POINT('',(5.246926842743,2.831390670118));
#2595 = CARTESIAN_POINT('',(5.249351834072,2.8137940592));
#2596 = CARTESIAN_POINT('',(5.25032350356,2.806029574012));
#2597 = CARTESIAN_POINT('',(5.251273931013,2.797738255298));
#2598 = CARTESIAN_POINT('',(5.252202543386,2.788958420122));
#2599 = CARTESIAN_POINT('',(5.253109027151,2.7797269279));
#2600 = CARTESIAN_POINT('',(5.253993292473,2.770078434936));
#2601 = CARTESIAN_POINT('',(5.254855437378,2.76004464895));
#2602 = CARTESIAN_POINT('',(5.256967046742,2.733931908812));
#2603 = CARTESIAN_POINT('',(5.258188035633,2.717396032897));
#2604 = CARTESIAN_POINT('',(5.259359764015,2.700141982187));
#2605 = CARTESIAN_POINT('',(5.260483503878,2.682254825142));
#2606 = CARTESIAN_POINT('',(5.261560682281,2.663808668824));
#2607 = CARTESIAN_POINT('',(5.262592849848,2.644866655369));
#2608 = CARTESIAN_POINT('',(5.263581649262,2.625480958442));
#2609 = CARTESIAN_POINT('',(5.26543619648,2.586734495556));
#2610 = CARTESIAN_POINT('',(5.26630519867,2.567410327997));
#2611 = CARTESIAN_POINT('',(5.267137195937,2.547758755149));
#2612 = CARTESIAN_POINT('',(5.267933474077,2.527813653563));
#2613 = CARTESIAN_POINT('',(5.268695215939,2.507604579956));
#2614 = CARTESIAN_POINT('',(5.269423518298,2.487157052939));
#2615 = CARTESIAN_POINT('',(5.27011940872,2.46649283475));
#2616 = CARTESIAN_POINT('',(5.273221430513,2.369095068429));
#2617 = CARTESIAN_POINT('',(5.275232920861,2.289983136557));
#2618 = CARTESIAN_POINT('',(5.27687098504,2.209102089242));
#2619 = CARTESIAN_POINT('',(5.278160386853,2.126994940294));
#2620 = CARTESIAN_POINT('',(5.279120345135,2.044098475952));
#2621 = CARTESIAN_POINT('',(5.279760906739,1.960726456103));
#2622 = CARTESIAN_POINT('',(5.280086658655,1.877108856189));
#2623 = CARTESIAN_POINT('',(5.280097500185,1.702753062936));
#2624 = CARTESIAN_POINT('',(5.279727283009,1.612303723208));
#2625 = CARTESIAN_POINT('',(5.2789788174,1.522150168503));
#2626 = CARTESIAN_POINT('',(5.277832566688,1.432567799093));
#2627 = CARTESIAN_POINT('',(5.276262906937,1.343972522153));
#2628 = CARTESIAN_POINT('',(5.274223549692,1.257062699835));
#2629 = CARTESIAN_POINT('',(5.271666088818,1.172692168445));
#2630 = CARTESIAN_POINT('',(5.267716107796,1.073325941837));
#2631 = CARTESIAN_POINT('',(5.266923364008,1.054511243788));
#2632 = CARTESIAN_POINT('',(5.266093894538,1.035958390222));
#2633 = CARTESIAN_POINT('',(5.265226259493,1.017695369587));
#2634 = CARTESIAN_POINT('',(5.264318961403,0.999755568826));
#2635 = CARTESIAN_POINT('',(5.263370433117,0.982178159542));
#2636 = CARTESIAN_POINT('',(5.26237902569,0.965008484155));
#2637 = CARTESIAN_POINT('',(5.26022251995,0.930226361925));
#2638 = CARTESIAN_POINT('',(5.259050204555,0.912697684186));
#2639 = CARTESIAN_POINT('',(5.257823646139,0.895773932514));
#2640 = CARTESIAN_POINT('',(5.256540779231,0.879534973278));
#2641 = CARTESIAN_POINT('',(5.255199995633,0.8640785587));
#2642 = CARTESIAN_POINT('',(5.253800313458,0.849518896352));
#2643 = CARTESIAN_POINT('',(5.252341596404,0.835984244969));
#2644 = CARTESIAN_POINT('',(5.250227248154,0.818739750552));
#2645 = CARTESIAN_POINT('',(5.249620742704,0.814047292083));
#2646 = CARTESIAN_POINT('',(5.249005413773,0.8095448879));
#2647 = CARTESIAN_POINT('',(5.248381417723,0.80524162128));
#2648 = CARTESIAN_POINT('',(5.247748965819,0.801146788282));
#2649 = CARTESIAN_POINT('',(5.247108329599,0.797269753943));
#2650 = CARTESIAN_POINT('',(5.246459846251,0.79361980848));
#2651 = CARTESIAN_POINT('',(5.245419208638,0.788203750433));
#2652 = CARTESIAN_POINT('',(5.245031934983,0.786282705628));
#2653 = CARTESIAN_POINT('',(5.24464218633,0.784444750527));
#2654 = CARTESIAN_POINT('',(5.244250054543,0.782691684486));
#2655 = CARTESIAN_POINT('',(5.243855640037,0.781025244757));
#2656 = CARTESIAN_POINT('',(5.243459051777,0.779447106491));
#2657 = CARTESIAN_POINT('',(5.243060407283,0.777958882736));
#2658 = CARTESIAN_POINT('',(5.241845270077,0.773721837437));
#2659 = CARTESIAN_POINT('',(5.241022671784,0.771259513205));
#2660 = CARTESIAN_POINT('',(5.240193166185,0.769188257455));
#2661 = CARTESIAN_POINT('',(5.23935797301,0.767519202321));
#2662 = CARTESIAN_POINT('',(5.238518400452,0.76626117501));
#2663 = CARTESIAN_POINT('',(5.237675842339,0.76542036646));
#2664 = CARTESIAN_POINT('',(5.236831775309,0.765));
#2665 = CARTESIAN_POINT('',(5.234937578283,0.765));
#2666 = CARTESIAN_POINT('',(5.233887279284,0.765650815742));
#2667 = CARTESIAN_POINT('',(5.232839919393,0.766952653942));
#2668 = CARTESIAN_POINT('',(5.231798327938,0.768897669419));
#2669 = CARTESIAN_POINT('',(5.230765099909,0.771471091893));
#2670 = CARTESIAN_POINT('',(5.229742592687,0.774652352768));
#2671 = CARTESIAN_POINT('',(5.22873292278,0.778416211931));
#2672 = CARTESIAN_POINT('',(5.227228219668,0.784945935669));
#2673 = CARTESIAN_POINT('',(5.226722300261,0.787303562032));
#2674 = CARTESIAN_POINT('',(5.226220430043,0.78980293479));
#2675 = CARTESIAN_POINT('',(5.225722811686,0.792440156384));
#2676 = CARTESIAN_POINT('',(5.225229624819,0.795211260535));
#2677 = CARTESIAN_POINT('',(5.224741026032,0.79811221224));
#2678 = CARTESIAN_POINT('',(5.224257148878,0.801138907776));
#2679 = CARTESIAN_POINT('',(5.222789283301,0.810785668574));
#2680 = CARTESIAN_POINT('',(5.221821109616,0.81780205057));
#2681 = CARTESIAN_POINT('',(5.220874486326,0.825300676064));
#2682 = CARTESIAN_POINT('',(5.219950006542,0.8332465086));
#2683 = CARTESIAN_POINT('',(5.219047991256,0.841605813419));
#2684 = CARTESIAN_POINT('',(5.218168527619,0.850346850998));
#2685 = CARTESIAN_POINT('',(5.217311507228,0.85944057058));
#2686 = CARTESIAN_POINT('',(5.21520240126,0.883240648888));
#2687 = CARTESIAN_POINT('',(5.213980091206,0.898378469107));
#2688 = CARTESIAN_POINT('',(5.212808563042,0.914184343933));
#2689 = CARTESIAN_POINT('',(5.211686421104,0.930578353455));
#2690 = CARTESIAN_POINT('',(5.21061208804,0.947491029405));
#2691 = CARTESIAN_POINT('',(5.209583847589,0.96486330627));
#2692 = CARTESIAN_POINT('',(5.208599887351,0.982646472404));
#2693 = CARTESIAN_POINT('',(5.2067556354,1.018208832915));
#2694 = CARTESIAN_POINT('',(5.205892083676,1.035954636951));
#2695 = CARTESIAN_POINT('',(5.205066132577,1.054003555407));
#2696 = CARTESIAN_POINT('',(5.204276348857,1.072324011259));
#2697 = CARTESIAN_POINT('',(5.203521403775,1.090888533583));
#2698 = CARTESIAN_POINT('',(5.202800057024,1.109673462833));
#2699 = CARTESIAN_POINT('',(5.202111140654,1.128658656117));
#2700 = CARTESIAN_POINT('',(5.198862480595,1.223354947225));
#2701 = CARTESIAN_POINT('',(5.1967611539,1.301627372803));
#2702 = CARTESIAN_POINT('',(5.19507589916,1.381720579081));
#2703 = CARTESIAN_POINT('',(5.193770304999,1.463051586229));
#2704 = CARTESIAN_POINT('',(5.192813848272,1.545154801441));
#2705 = CARTESIAN_POINT('',(5.192187640411,1.627713557952));
#2706 = CARTESIAN_POINT('',(5.191878493697,1.710503347539));
#2707 = CARTESIAN_POINT('',(5.191886739944,1.843121235079));
#2708 = CARTESIAN_POINT('',(5.192002933115,1.892842098743));
#2709 = CARTESIAN_POINT('',(5.19223126031,1.94250821356));
#2710 = CARTESIAN_POINT('',(5.192571778629,1.992065855548));
#2711 = CARTESIAN_POINT('',(5.193025412123,2.041456385622));
#2712 = CARTESIAN_POINT('',(5.193593965509,2.09061508465));
#2713 = CARTESIAN_POINT('',(5.194280308878,2.139469464426));
#2714 = CARTESIAN_POINT('',(5.195822598721,2.231934586586));
#2715 = CARTESIAN_POINT('',(5.196656835129,2.275598720429));
#2716 = CARTESIAN_POINT('',(5.197594663589,2.318878109838));
#2717 = CARTESIAN_POINT('',(5.198640270284,2.361697807713));
#2718 = CARTESIAN_POINT('',(5.199798599505,2.403959932676));
#2719 = CARTESIAN_POINT('',(5.201075515174,2.445541219145));
#2720 = CARTESIAN_POINT('',(5.202478331003,2.486287450925));
#2721 = CARTESIAN_POINT('',(5.204817616442,2.546682327003));
#2722 = CARTESIAN_POINT('',(5.205655093008,2.567076511375));
#2723 = CARTESIAN_POINT('',(5.20653048811,2.587159801724));
#2724 = CARTESIAN_POINT('',(5.207445180709,2.606898389009));
#2725 = CARTESIAN_POINT('',(5.208400591,2.626251810746));
#2726 = CARTESIAN_POINT('',(5.209398191829,2.645172576894));
#2727 = CARTESIAN_POINT('',(5.210439520094,2.663605795744));
#2728 = CARTESIAN_POINT('',(5.212615735489,2.699419187214));
#2729 = CARTESIAN_POINT('',(5.213750571591,2.716791554636));
#2730 = CARTESIAN_POINT('',(5.214932440212,2.733545353851));
#2731 = CARTESIAN_POINT('',(5.216162754452,2.749604321342));
#2732 = CARTESIAN_POINT('',(5.217442509815,2.764877180781));
#2733 = CARTESIAN_POINT('',(5.218772158804,2.779259221901));
#2734 = CARTESIAN_POINT('',(5.22015144706,2.792634755765));
#2735 = CARTESIAN_POINT('',(5.22320577111,2.818831177755));
#2736 = CARTESIAN_POINT('',(5.224896609977,2.831327358442));
#2737 = CARTESIAN_POINT('',(5.226647673404,2.84216056578));
#2738 = CARTESIAN_POINT('',(5.228452663062,2.851121323272));
#2739 = CARTESIAN_POINT('',(5.230302690289,2.858012677157));
#2740 = CARTESIAN_POINT('',(5.232185921682,2.862671854096));
#2741 = CARTESIAN_POINT('',(5.234087216518,2.865));
#2742 = CARTESIAN_POINT('',(5.235987755983,2.865));
#2743 = ( GEOMETRIC_REPRESENTATION_CONTEXT(2) 
PARAMETRIC_REPRESENTATION_CONTEXT() REPRESENTATION_CONTEXT('2D SPACE',''
  ) );
#2744 = PCURVE('',#1227,#2745);
#2745 = DEFINITIONAL_REPRESENTATION('',(#2746),#2903);
#2746 = B_SPLINE_CURVE_WITH_KNOTS('',8,(#2747,#2748,#2749,#2750,#2751,
    #2752,#2753,#2754,#2755,#2756,#2757,#2758,#2759,#2760,#2761,#2762,
    #2763,#2764,#2765,#2766,#2767,#2768,#2769,#2770,#2771,#2772,#2773,
    #2774,#2775,#2776,#2777,#2778,#2779,#2780,#2781,#2782,#2783,#2784,
    #2785,#2786,#2787,#2788,#2789,#2790,#2791,#2792,#2793,#2794,#2795,
    #2796,#2797,#2798,#2799,#2800,#2801,#2802,#2803,#2804,#2805,#2806,
    #2807,#2808,#2809,#2810,#2811,#2812,#2813,#2814,#2815,#2816,#2817,
    #2818,#2819,#2820,#2821,#2822,#2823,#2824,#2825,#2826,#2827,#2828,
    #2829,#2830,#2831,#2832,#2833,#2834,#2835,#2836,#2837,#2838,#2839,
    #2840,#2841,#2842,#2843,#2844,#2845,#2846,#2847,#2848,#2849,#2850,
    #2851,#2852,#2853,#2854,#2855,#2856,#2857,#2858,#2859,#2860,#2861,
    #2862,#2863,#2864,#2865,#2866,#2867,#2868,#2869,#2870,#2871,#2872,
    #2873,#2874,#2875,#2876,#2877,#2878,#2879,#2880,#2881,#2882,#2883,
    #2884,#2885,#2886,#2887,#2888,#2889,#2890,#2891,#2892,#2893,#2894,
    #2895,#2896,#2897,#2898,#2899,#2900,#2901,#2902),.UNSPECIFIED.,.F.,
  .F.,(9,7,7,7,7,7,7,7,7,7,7,7,7,7,7,7,7,7,7,7,7,7,9),(0.,
    3.448614051237E-02,5.836121062607E-02,9.448417551316E-02,
    0.129092182748,0.256052680116,0.393520538568,0.4261337401,
    0.461405248623,0.475301444504,0.483451922225,0.500025796146,
    0.520647969435,0.53121322205,0.553021483905,0.586308545589,
    0.618222485798,0.743969606121,0.819404419307,0.887882047335,
    0.923532721247,0.959277856272,1.),.UNSPECIFIED.);
#2747 = CARTESIAN_POINT('',(1.835990619955E-15,-0.435));
#2748 = CARTESIAN_POINT('',(3.810703552979E-02,-0.435));
#2749 = CARTESIAN_POINT('',(7.622456432222E-02,-0.436669011197));
#2750 = CARTESIAN_POINT('',(0.114161010703,-0.440008554502));
#2751 = CARTESIAN_POINT('',(0.151765735749,-0.444968810876));
#2752 = CARTESIAN_POINT('',(0.188918821184,-0.451464028976));
#2753 = CARTESIAN_POINT('',(0.225523651458,-0.459385104307));
#2754 = CARTESIAN_POINT('',(0.261502294029,-0.468609329882));
#2755 = CARTESIAN_POINT('',(0.321226225223,-0.4862059408));
#2756 = CARTESIAN_POINT('',(0.345340237074,-0.493970425988));
#2757 = CARTESIAN_POINT('',(0.369125817164,-0.502261744702));
#2758 = CARTESIAN_POINT('',(0.392577687946,-0.511041579878));
#2759 = CARTESIAN_POINT('',(0.415694742166,-0.5202730721));
#2760 = CARTESIAN_POINT('',(0.438479594484,-0.529921565064));
#2761 = CARTESIAN_POINT('',(0.460938133095,-0.53995535105));
#2762 = CARTESIAN_POINT('',(0.516578295926,-0.566068091188));
#2763 = CARTESIAN_POINT('',(0.549343108767,-0.582603967103));
#2764 = CARTESIAN_POINT('',(0.581409058737,-0.599858017813));
#2765 = CARTESIAN_POINT('',(0.612811179548,-0.617745174858));
#2766 = CARTESIAN_POINT('',(0.643584847637,-0.636191331176));
#2767 = CARTESIAN_POINT('',(0.673766640024,-0.655133344631));
#2768 = CARTESIAN_POINT('',(0.703395192185,-0.674519041558));
#2769 = CARTESIAN_POINT('',(0.76040779021,-0.713265504444));
#2770 = CARTESIAN_POINT('',(0.787828695485,-0.732589672003));
#2771 = CARTESIAN_POINT('',(0.814808080217,-0.752241244851));
#2772 = CARTESIAN_POINT('',(0.841375890969,-0.772186346437));
#2773 = CARTESIAN_POINT('',(0.867559495016,-0.792395420044));
#2774 = CARTESIAN_POINT('',(0.893384462991,-0.812842947061));
#2775 = CARTESIAN_POINT('',(0.918875351519,-0.83350716525));
#2776 = CARTESIAN_POINT('',(1.036434221375,-0.930904931571));
#2777 = CARTESIAN_POINT('',(1.124529888421,-1.010016863443));
#2778 = CARTESIAN_POINT('',(1.209671880692,-1.090897910756));
#2779 = CARTESIAN_POINT('',(1.292568841158,-1.173005059707));
#2780 = CARTESIAN_POINT('',(1.373852973652,-1.255901524047));
#2781 = CARTESIAN_POINT('',(1.454046435749,-1.339273543897));
#2782 = CARTESIAN_POINT('',(1.533693450264,-1.422891143811));
#2783 = CARTESIAN_POINT('',(1.69974676843,-1.597246937064));
#2784 = CARTESIAN_POINT('',(1.785877970621,-1.687696276792));
#2785 = CARTESIAN_POINT('',(1.872685322754,-1.777849831497));
#2786 = CARTESIAN_POINT('',(1.960926231841,-1.867432200907));
#2787 = CARTESIAN_POINT('',(2.051272647174,-1.956027477847));
#2788 = CARTESIAN_POINT('',(2.144684777595,-2.042937300165));
#2789 = CARTESIAN_POINT('',(2.242104471858,-2.127307831555));
#2790 = CARTESIAN_POINT('',(2.370565535069,-2.226674058163));
#2791 = CARTESIAN_POINT('',(2.395545255181,-2.245488756212));
#2792 = CARTESIAN_POINT('',(2.420900160156,-2.264041609778));
#2793 = CARTESIAN_POINT('',(2.446658039754,-2.282304630413));
#2794 = CARTESIAN_POINT('',(2.47284741027,-2.300244431174));
#2795 = CARTESIAN_POINT('',(2.499498444473,-2.317821840458));
#2796 = CARTESIAN_POINT('',(2.526643901549,-2.334991515845));
#2797 = CARTESIAN_POINT('',(2.584252100151,-2.369773638075));
#2798 = CARTESIAN_POINT('',(2.614795430055,-2.387302315814));
#2799 = CARTESIAN_POINT('',(2.646002100094,-2.404226067486));
#2800 = CARTESIAN_POINT('',(2.677915591014,-2.420465026722));
#2801 = CARTESIAN_POINT('',(2.710571656778,-2.4359214413));
#2802 = CARTESIAN_POINT('',(2.743998115996,-2.450481103648));
#2803 = CARTESIAN_POINT('',(2.778213588952,-2.464015755031));
#2804 = CARTESIAN_POINT('',(2.827018974481,-2.481260249448));
#2805 = CARTESIAN_POINT('',(2.84093447165,-2.485952707917));
#2806 = CARTESIAN_POINT('',(2.85497105219,-2.4904551121));
#2807 = CARTESIAN_POINT('',(2.869127338905,-2.49475837872));
#2808 = CARTESIAN_POINT('',(2.883401114064,-2.498853211718));
#2809 = CARTESIAN_POINT('',(2.897789236509,-2.502730246057));
#2810 = CARTESIAN_POINT('',(2.912287558757,-2.50638019152));
#2811 = CARTESIAN_POINT('',(2.935456048046,-2.511796249567));
#2812 = CARTESIAN_POINT('',(2.944057341929,-2.513717294372));
#2813 = CARTESIAN_POINT('',(2.952693646891,-2.515555249473));
#2814 = CARTESIAN_POINT('',(2.961363750024,-2.517308315514));
#2815 = CARTESIAN_POINT('',(2.970066304365,-2.518974755243));
#2816 = CARTESIAN_POINT('',(2.9787998289,-2.520552893509));
#2817 = CARTESIAN_POINT('',(2.987562708561,-2.522041117264));
#2818 = CARTESIAN_POINT('',(3.014228514686,-2.526278162563));
#2819 = CARTESIAN_POINT('',(3.032219189449,-2.528740486795));
#2820 = CARTESIAN_POINT('',(3.050308937477,-2.530811742545));
#2821 = CARTESIAN_POINT('',(3.068480443653,-2.532480797679));
#2822 = CARTESIAN_POINT('',(3.08671519983,-2.53373882499));
#2823 = CARTESIAN_POINT('',(3.104993345888,-2.53457963354));
#2824 = CARTESIAN_POINT('',(3.12329351078,-2.535));
#2825 = CARTESIAN_POINT('',(3.164361506294,-2.535));
#2826 = CARTESIAN_POINT('',(3.187132937624,-2.534349184258));
#2827 = CARTESIAN_POINT('',(3.209861312061,-2.533047346058));
#2828 = CARTESIAN_POINT('',(3.232505729351,-2.531102330581));
#2829 = CARTESIAN_POINT('',(3.255029519715,-2.528528908107));
#2830 = CARTESIAN_POINT('',(3.277399739061,-2.525347647232));
#2831 = CARTESIAN_POINT('',(3.299586664191,-2.521583788069));
#2832 = CARTESIAN_POINT('',(3.332822459351,-2.515054064331));
#2833 = CARTESIAN_POINT('',(3.344027275764,-2.512696437968));
#2834 = CARTESIAN_POINT('',(3.355174705464,-2.51019706521));
#2835 = CARTESIAN_POINT('',(3.366262073447,-2.507559843616));
#2836 = CARTESIAN_POINT('',(3.377287061487,-2.504788739465));
#2837 = CARTESIAN_POINT('',(3.388247708143,-2.50188778776));
#2838 = CARTESIAN_POINT('',(3.399142408758,-2.498861092224));
#2839 = CARTESIAN_POINT('',(3.432319508964,-2.489214331426));
#2840 = CARTESIAN_POINT('',(3.45438149594,-2.48219794943));
#2841 = CARTESIAN_POINT('',(3.476146571009,-2.474699323936));
#2842 = CARTESIAN_POINT('',(3.49760970667,-2.4667534914));
#2843 = CARTESIAN_POINT('',(3.518769731518,-2.458394186581));
#2844 = CARTESIAN_POINT('',(3.539628908466,-2.449653149002));
#2845 = CARTESIAN_POINT('',(3.560192512965,-2.44055942942));
#2846 = CARTESIAN_POINT('',(3.611416548251,-2.416759351112));
#2847 = CARTESIAN_POINT('',(3.641687533236,-2.401621530893));
#2848 = CARTESIAN_POINT('',(3.671314367521,-2.385815656067));
#2849 = CARTESIAN_POINT('',(3.700329682029,-2.369421646545));
#2850 = CARTESIAN_POINT('',(3.728766482307,-2.352508970595));
#2851 = CARTESIAN_POINT('',(3.756658893568,-2.33513669373));
#2852 = CARTESIAN_POINT('',(3.784042905734,-2.317353527596));
#2853 = CARTESIAN_POINT('',(3.836761095539,-2.281791167085));
#2854 = CARTESIAN_POINT('',(3.86212841803,-2.264045363049));
#2855 = CARTESIAN_POINT('',(3.887090041314,-2.245996444593));
#2856 = CARTESIAN_POINT('',(3.911673753166,-2.227675988741));
#2857 = CARTESIAN_POINT('',(3.935904892958,-2.209111466417));
#2858 = CARTESIAN_POINT('',(3.95980707085,-2.190326537167));
#2859 = CARTESIAN_POINT('',(3.983402886981,-2.171341343883));
#2860 = CARTESIAN_POINT('',(4.098567525388,-2.076645052775));
#2861 = CARTESIAN_POINT('',(4.185886168627,-1.998372627197));
#2862 = CARTESIAN_POINT('',(4.270183762101,-1.918279420919));
#2863 = CARTESIAN_POINT('',(4.352206457062,-1.836948413772));
#2864 = CARTESIAN_POINT('',(4.432629217659,-1.754845198558));
#2865 = CARTESIAN_POINT('',(4.511982276267,-1.672286442048));
#2866 = CARTESIAN_POINT('',(4.590819770259,-1.589496652461));
#2867 = CARTESIAN_POINT('',(4.717122658528,-1.456878764921));
#2868 = CARTESIAN_POINT('',(4.764479818732,-1.407157901257));
#2869 = CARTESIAN_POINT('',(4.811950054163,-1.35749178644));
#2870 = CARTESIAN_POINT('',(4.859643216293,-1.307934144452));
#2871 = CARTESIAN_POINT('',(4.907668763082,-1.258543614378));
#2872 = CARTESIAN_POINT('',(4.956141618914,-1.20938491535));
#2873 = CARTESIAN_POINT('',(5.00518992235,-1.160530535574));
#2874 = CARTESIAN_POINT('',(5.10014878748,-1.068065413414));
#2875 = CARTESIAN_POINT('',(5.145916951073,-1.024401279571));
#2876 = CARTESIAN_POINT('',(5.192390517079,-0.981121890162));
#2877 = CARTESIAN_POINT('',(5.239695018597,-0.938302192287));
#2878 = CARTESIAN_POINT('',(5.287961353612,-0.896040067324));
#2879 = CARTESIAN_POINT('',(5.337334803888,-0.854458780855));
#2880 = CARTESIAN_POINT('',(5.38799187635,-0.813712549075));
#2881 = CARTESIAN_POINT('',(5.467327208045,-0.753317672997));
#2882 = CARTESIAN_POINT('',(5.494894457996,-0.732923488625));
#2883 = CARTESIAN_POINT('',(5.522899485184,-0.712840198276));
#2884 = CARTESIAN_POINT('',(5.551374415982,-0.693101610991));
#2885 = CARTESIAN_POINT('',(5.580351814084,-0.673748189254));
#2886 = CARTESIAN_POINT('',(5.609865759798,-0.654827423106));
#2887 = CARTESIAN_POINT('',(5.639952929358,-0.636394204256));
#2888 = CARTESIAN_POINT('',(5.70143576471,-0.600580812786));
#2889 = CARTESIAN_POINT('',(5.732826437787,-0.583208445364));
#2890 = CARTESIAN_POINT('',(5.764870312975,-0.566454646149));
#2891 = CARTESIAN_POINT('',(5.797603694385,-0.550395678657));
#2892 = CARTESIAN_POINT('',(5.831055194982,-0.535122819219));
#2893 = CARTESIAN_POINT('',(5.865245334878,-0.520740778099));
#2894 = CARTESIAN_POINT('',(5.900185113626,-0.507365244235));
#2895 = CARTESIAN_POINT('',(5.976531114557,-0.481168822245));
#2896 = CARTESIAN_POINT('',(6.018194298128,-0.468672641558));
#2897 = CARTESIAN_POINT('',(6.060802118828,-0.45783943422));
#2898 = CARTESIAN_POINT('',(6.104259475705,-0.448878676728));
#2899 = CARTESIAN_POINT('',(6.148435499093,-0.441987322843));
#2900 = CARTESIAN_POINT('',(6.193154385369,-0.437328145904));
#2901 = CARTESIAN_POINT('',(6.238178722609,-0.435));
#2902 = CARTESIAN_POINT('',(6.28318530718,-0.435));
#2903 = ( GEOMETRIC_REPRESENTATION_CONTEXT(2) 
PARAMETRIC_REPRESENTATION_CONTEXT() REPRESENTATION_CONTEXT('2D SPACE',''
  ) );
#2904 = FACE_BOUND('',#2905,.T.);
#2905 = EDGE_LOOP('',(#2906));
#2906 = ORIENTED_EDGE('',*,*,#2907,.T.);
#2907 = EDGE_CURVE('',#2908,#2908,#2910,.T.);
#2908 = VERTEX_POINT('',#2909);
#2909 = CARTESIAN_POINT('',(12.4325,91.565,-21.5337216651));
#2910 = SURFACE_CURVE('',#2911,(#3068,#3228),.PCURVE_S1.);
#2911 = B_SPLINE_CURVE_WITH_KNOTS('',8,(#2912,#2913,#2914,#2915,#2916,
    #2917,#2918,#2919,#2920,#2921,#2922,#2923,#2924,#2925,#2926,#2927,
    #2928,#2929,#2930,#2931,#2932,#2933,#2934,#2935,#2936,#2937,#2938,
    #2939,#2940,#2941,#2942,#2943,#2944,#2945,#2946,#2947,#2948,#2949,
    #2950,#2951,#2952,#2953,#2954,#2955,#2956,#2957,#2958,#2959,#2960,
    #2961,#2962,#2963,#2964,#2965,#2966,#2967,#2968,#2969,#2970,#2971,
    #2972,#2973,#2974,#2975,#2976,#2977,#2978,#2979,#2980,#2981,#2982,
    #2983,#2984,#2985,#2986,#2987,#2988,#2989,#2990,#2991,#2992,#2993,
    #2994,#2995,#2996,#2997,#2998,#2999,#3000,#3001,#3002,#3003,#3004,
    #3005,#3006,#3007,#3008,#3009,#3010,#3011,#3012,#3013,#3014,#3015,
    #3016,#3017,#3018,#3019,#3020,#3021,#3022,#3023,#3024,#3025,#3026,
    #3027,#3028,#3029,#3030,#3031,#3032,#3033,#3034,#3035,#3036,#3037,
    #3038,#3039,#3040,#3041,#3042,#3043,#3044,#3045,#3046,#3047,#3048,
    #3049,#3050,#3051,#3052,#3053,#3054,#3055,#3056,#3057,#3058,#3059,
    #3060,#3061,#3062,#3063,#3064,#3065,#3066,#3067),.UNSPECIFIED.,.T.,
  .F.,(9,7,7,7,7,7,7,7,7,7,7,7,7,7,7,7,7,7,7,7,7,7,9),(0.,
    3.448614051222E-02,5.836121062579E-02,9.448417551268E-02,
    0.129092182747,0.256052680115,0.393520538567,0.426133740098,
    0.461405248621,0.475301444503,0.483451922224,0.500025796145,
    0.520647969434,0.531213222049,0.553021483904,0.586308545588,
    0.618222485797,0.743969606121,0.819404419307,0.887882047335,
    0.923532721247,0.959277856272,1.),.UNSPECIFIED.);
#2912 = CARTESIAN_POINT('',(12.4325,91.565,-21.5337216651));
#2913 = CARTESIAN_POINT('',(12.397848256127,91.565,-21.55372785875));
#2914 = CARTESIAN_POINT('',(12.362315633182,91.563330988803,
    -21.57223045534));
#2915 = CARTESIAN_POINT('',(12.326152394679,91.559991445498,
    -21.58908310536));
#2916 = CARTESIAN_POINT('',(12.289598417901,91.555031189124,
    -21.6042081801));
#2917 = CARTESIAN_POINT('',(12.252876886903,91.548535971024,
    -21.61758169475));
#2918 = CARTESIAN_POINT('',(12.216189875244,91.540614895693,
    -21.62922048857));
#2919 = CARTESIAN_POINT('',(12.179715818446,91.531390670119,
    -21.63917166204));
#2920 = CARTESIAN_POINT('',(12.11861171021,91.5137940592,-21.65327301232
    ));
#2921 = CARTESIAN_POINT('',(12.093779308558,91.506029574012,
    -21.65826849274));
#2922 = CARTESIAN_POINT('',(12.069152057341,91.497738255298,
    -21.66251516456));
#2923 = CARTESIAN_POINT('',(12.044763241918,91.488958420122,
    -21.66604070764));
#2924 = CARTESIAN_POINT('',(12.020639484913,91.4797269279,
    -21.66887486842));
#2925 = CARTESIAN_POINT('',(11.996801184243,91.470078434936,
    -21.67104829896));
#2926 = CARTESIAN_POINT('',(11.973262951136,91.46004464895,
    -21.67259139594));
#2927 = CARTESIAN_POINT('',(11.914888733719,91.433931908812,
    -21.67495799731));
#2928 = CARTESIAN_POINT('',(11.88045940837,91.417396032897,
    -21.67500611036));
#2929 = CARTESIAN_POINT('',(11.846772925445,91.400141982187,
    -21.67377971816));
#2930 = CARTESIAN_POINT('',(11.813845551985,91.382254825142,
    -21.67137368333));
#2931 = CARTESIAN_POINT('',(11.781683883892,91.363808668824,
    -21.66787500111));
#2932 = CARTESIAN_POINT('',(11.75028576108,91.344866655369,
    -21.6633623088));
#2933 = CARTESIAN_POINT('',(11.719641182624,91.325480958442,
    -21.65790539511));
#2934 = CARTESIAN_POINT('',(11.661079568367,91.286734495556,
    -21.64548994532));
#2935 = CARTESIAN_POINT('',(11.633107342177,91.267410327997,
    -21.63860516184));
#2936 = CARTESIAN_POINT('',(11.605804670043,91.247758755149,
    -21.63096446679));
#2937 = CARTESIAN_POINT('',(11.57915972007,91.227813653563,
    -21.62261626103));
#2938 = CARTESIAN_POINT('',(11.553160537294,91.207604579956,
    -21.6136036975));
#2939 = CARTESIAN_POINT('',(11.527794879207,91.187157052939,
    -21.60396514025));
#2940 = CARTESIAN_POINT('',(11.503050051275,91.16649283475,
    -21.59373462339));
#2941 = CARTESIAN_POINT('',(11.390364311755,91.069095068429,
    -21.54335038976));
#2942 = CARTESIAN_POINT('',(11.310100456158,90.989983136557,
    -21.49624575123));
#2943 = CARTESIAN_POINT('',(11.237320162605,90.909102089242,
    -21.44308639722));
#2944 = CARTESIAN_POINT('',(11.171678472839,90.826994940294,
    -21.38473608367));
#2945 = CARTESIAN_POINT('',(11.11289205605,90.744098475952,
    -21.32188633387));
#2946 = CARTESIAN_POINT('',(11.060810693661,90.660726456103,
    -21.25499800845));
#2947 = CARTESIAN_POINT('',(11.015357748512,90.577108856189,
    -21.18438625539));
#2948 = CARTESIAN_POINT('',(10.93469316881,90.402753062936,
    -21.02981188894));
#2949 = CARTESIAN_POINT('',(10.900782412542,90.312303723209,
    -20.94549837041));
#2950 = CARTESIAN_POINT('',(10.874873664974,90.222150168501,
    -20.8573581575));
#2951 = CARTESIAN_POINT('',(10.857374413219,90.132567799095,
    -20.76546675055));
#2952 = CARTESIAN_POINT('',(10.848870698144,90.043972522151,
    -20.66995074371));
#2953 = CARTESIAN_POINT('',(10.85047674029,89.957062699836,
    -20.57093578682));
#2954 = CARTESIAN_POINT('',(10.863408279721,89.872692168445,
    -20.46864573219));
#2955 = CARTESIAN_POINT('',(10.896980094694,89.773325941837,
    -20.33800631208));
#2956 = CARTESIAN_POINT('',(10.904213394765,89.754511243788,
    -20.31278415229));
#2957 = CARTESIAN_POINT('',(10.912278917936,89.735958390222,
    -20.28739392204));
#2958 = CARTESIAN_POINT('',(10.921216166403,89.717695369587,
    -20.26184314783));
#2959 = CARTESIAN_POINT('',(10.931068278813,89.699755568826,
    -20.23614314124));
#2960 = CARTESIAN_POINT('',(10.941882514329,89.682178159542,
    -20.21030911643));
#2961 = CARTESIAN_POINT('',(10.953710736674,89.665008484155,
    -20.18436030768));
#2962 = CARTESIAN_POINT('',(10.980560472318,89.630226361925,
    -20.13015732384));
#2963 = CARTESIAN_POINT('',(10.995759325043,89.612697684186,
    -20.1018965975));
#2964 = CARTESIAN_POINT('',(11.012280625918,89.595773932514,
    -20.07356163147));
#2965 = CARTESIAN_POINT('',(11.030200539188,89.579534973278,
    -20.04519515858));
#2966 = CARTESIAN_POINT('',(11.049594962368,89.564078558701,
    -20.01685957068));
#2967 = CARTESIAN_POINT('',(11.070535898715,89.549518896352,
    -19.98863737285));
#2968 = CARTESIAN_POINT('',(11.093086463579,89.535984244969,
    -19.96063144218));
#2969 = CARTESIAN_POINT('',(11.126831966419,89.518739750552,
    -19.92206515931));
#2970 = CARTESIAN_POINT('',(11.136625389076,89.514047292083,
    -19.91121941593));
#2971 = CARTESIAN_POINT('',(11.146676899775,89.5095448879,
    -19.90043613076));
#2972 = CARTESIAN_POINT('',(11.156987839721,89.50524162128,
    -19.88972440514));
#2973 = CARTESIAN_POINT('',(11.167558614874,89.501146788282,
    -19.87909411314));
#2974 = CARTESIAN_POINT('',(11.178388526651,89.497269753943,
    -19.8685558427));
#2975 = CARTESIAN_POINT('',(11.189475602623,89.49361980848,
    -19.85812083689));
#2976 = CARTESIAN_POINT('',(11.207468113694,89.488203750433,
    -19.8417480461));
#2977 = CARTESIAN_POINT('',(11.214207070886,89.486282705628,
    -19.83573475201));
#2978 = CARTESIAN_POINT('',(11.22103260545,89.484444750527,
    -19.82976347793));
#2979 = CARTESIAN_POINT('',(11.227943833029,89.482691684486,
    -19.82383669186));
#2980 = CARTESIAN_POINT('',(11.234939678252,89.481025244757,
    -19.81795690459));
#2981 = CARTESIAN_POINT('',(11.242018874733,89.479447106491,
    -19.81212666973));
#2982 = CARTESIAN_POINT('',(11.249179965073,89.477958882736,
    -19.8063485837));
#2983 = CARTESIAN_POINT('',(11.271146448329,89.473721837437,
    -19.78898704534));
#2984 = CARTESIAN_POINT('',(11.286204370836,89.471259513205,
    -19.77757452827));
#2985 = CARTESIAN_POINT('',(11.301579879632,89.469188257455,
    -19.76641076681));
#2986 = CARTESIAN_POINT('',(11.317255180597,89.467519202321,
    -19.75551814859));
#2987 = CARTESIAN_POINT('',(11.33320974503,89.46626117501,
    -19.74491813121));
#2988 = CARTESIAN_POINT('',(11.34942018044,89.46542036646,
    -19.73463095691));
#2989 = CARTESIAN_POINT('',(11.365860101332,89.465,-19.72467536712));
#2990 = CARTESIAN_POINT('',(11.4032043251,89.465,-19.70311466948));
#2991 = CARTESIAN_POINT('',(11.424222096339,89.465650815742,
    -19.69169841987));
#2992 = CARTESIAN_POINT('',(11.445495428009,89.466952653942,
    -19.68085320881));
#2993 = CARTESIAN_POINT('',(11.466967161024,89.468897669419,
    -19.67060349992));
#2994 = CARTESIAN_POINT('',(11.488581381486,89.471471091893,
    -19.66096550442));
#2995 = CARTESIAN_POINT('',(11.51028393926,89.474652352768,
    -19.65194810571));
#2996 = CARTESIAN_POINT('',(11.53202296654,89.478416211931,
    -19.64355378381));
#2997 = CARTESIAN_POINT('',(11.56488038717,89.484945935669,
    -19.63179660121));
#2998 = CARTESIAN_POINT('',(11.576008915015,89.487303562032,
    -19.62797616449));
#2999 = CARTESIAN_POINT('',(11.587128920688,89.48980293479,
    -19.6243175626));
#3000 = CARTESIAN_POINT('',(11.598234748023,89.492440156384,
    -19.62081982126));
#3001 = CARTESIAN_POINT('',(11.609321143954,89.495211260535,
    -19.61748165903));
#3002 = CARTESIAN_POINT('',(11.620383258517,89.49811221224,
    -19.61430148731));
#3003 = CARTESIAN_POINT('',(11.631416644849,89.501138907776,
    -19.61127741034));
#3004 = CARTESIAN_POINT('',(11.665124172768,89.510785668574,
    -19.60248273369));
#3005 = CARTESIAN_POINT('',(11.687690249684,89.51780205057,
    -19.5972145184));
#3006 = CARTESIAN_POINT('',(11.710081797045,89.525300676064,
    -19.59258327959));
#3007 = CARTESIAN_POINT('',(11.732271204801,89.5332465086,
    -19.58856686669));
#3008 = CARTESIAN_POINT('',(11.754236572166,89.541605813419,
    -19.58514125145));
#3009 = CARTESIAN_POINT('',(11.775961334024,89.550346850998,
    -19.58228150123));
#3010 = CARTESIAN_POINT('',(11.79743388735,89.55944057058,
    -19.57996275211));
#3011 = CARTESIAN_POINT('',(11.851026204898,89.583240648888,
    -19.57541135405));
#3012 = CARTESIAN_POINT('',(11.882793956904,89.598378469107,
    -19.5738668899));
#3013 = CARTESIAN_POINT('',(11.913930415042,89.614184343933,
    -19.57344124869));
#3014 = CARTESIAN_POINT('',(11.94442420002,89.630578353455,
    -19.57405423059));
#3015 = CARTESIAN_POINT('',(11.974271964442,89.647491029405,
    -19.57563233283));
#3016 = CARTESIAN_POINT('',(12.003477745407,89.66486330627,
    -19.57810910552));
#3017 = CARTESIAN_POINT('',(12.032052317107,89.682646472404,
    -19.58142550759));
#3018 = CARTESIAN_POINT('',(12.086819385045,89.718208832915,
    -19.5894656928));
#3019 = CARTESIAN_POINT('',(12.113056517965,89.735954636951,
    -19.59412499744));
#3020 = CARTESIAN_POINT('',(12.138735867094,89.754003555407,
    -19.59946231417));
#3021 = CARTESIAN_POINT('',(12.163868974517,89.772324011259,
    -19.60543674419));
#3022 = CARTESIAN_POINT('',(12.188467221554,89.790888533583,
    -19.61201191955));
#3023 = CARTESIAN_POINT('',(12.212542050818,89.809673462833,
    -19.61915557043));
#3024 = CARTESIAN_POINT('',(12.236105188272,89.828658656117,
    -19.62683909244));
#3025 = CARTESIAN_POINT('',(12.350044230455,89.923354947225,
    -19.66733891015));
#3026 = CARTESIAN_POINT('',(12.433042580977,90.001627372803,
    -19.7075850937));
#3027 = CARTESIAN_POINT('',(12.509080015229,90.081720579082,
    -19.7542499901));
#3028 = CARTESIAN_POINT('',(12.578497293455,90.163051586227,
    -19.80650330248));
#3029 = CARTESIAN_POINT('',(12.641576226478,90.245154801443,
    -19.86366941867));
#3030 = CARTESIAN_POINT('',(12.698443933312,90.327713557952,
    -19.92532109724));
#3031 = CARTESIAN_POINT('',(12.74916238276,90.410503347539,
    -19.99116873888));
#3032 = CARTESIAN_POINT('',(12.820305151917,90.543121235079,
    -20.10308946524));
#3033 = CARTESIAN_POINT('',(12.844708627906,90.592842098743,
    -20.14649775338));
#3034 = CARTESIAN_POINT('',(12.866813868211,90.64250821356,
    -20.19130673771));
#3035 = CARTESIAN_POINT('',(12.886571164551,90.692065855548,
    -20.23748231882));
#3036 = CARTESIAN_POINT('',(12.903909902959,90.741456385622,
    -20.28499593994));
#3037 = CARTESIAN_POINT('',(12.918737369205,90.79061508465,
    -20.33382380223));
#3038 = CARTESIAN_POINT('',(12.930933704928,90.839469464426,
    -20.38394765266));
#3039 = CARTESIAN_POINT('',(12.94888452431,90.931934586586,
    -20.48202525317));
#3040 = CARTESIAN_POINT('',(12.955126223365,90.975598720429,
    -20.5297374191));
#3041 = CARTESIAN_POINT('',(12.95895691005,91.018878109838,
    -20.57849479439));
#3042 = CARTESIAN_POINT('',(12.960231710433,91.061697807713,
    -20.6282895869));
#3043 = CARTESIAN_POINT('',(12.958776626193,91.103959932676,
    -20.67910281003));
#3044 = CARTESIAN_POINT('',(12.954383755053,91.145541219145,
    -20.73090369586));
#3045 = CARTESIAN_POINT('',(12.946797183705,91.186287450925,
    -20.78365077138));
#3046 = CARTESIAN_POINT('',(12.929906722766,91.246682327003,
    -20.86522253063));
#3047 = CARTESIAN_POINT('',(12.923170782758,91.267076511375,
    -20.89338746214));
#3048 = CARTESIAN_POINT('',(12.915435786449,91.287159801724,
    -20.92178205158));
#3049 = CARTESIAN_POINT('',(12.906651707671,91.306898389009,
    -20.95039368205));
#3050 = CARTESIAN_POINT('',(12.896764084608,91.326251810746,
    -20.97920417776));
#3051 = CARTESIAN_POINT('',(12.885713663568,91.345172576894,
    -21.00818952098));
#3052 = CARTESIAN_POINT('',(12.873436042762,91.363605795744,
    -21.03731956891));
#3053 = CARTESIAN_POINT('',(12.846250621388,91.399419187214,
    -21.0958734429));
#3054 = CARTESIAN_POINT('',(12.831339540273,91.416791554636,
    -21.12528991973));
#3055 = CARTESIAN_POINT('',(12.815056549353,91.433545353851,
    -21.15477409139));
#3056 = CARTESIAN_POINT('',(12.797329029685,91.449604321342,
    -21.18427443371));
#3057 = CARTESIAN_POINT('',(12.778085784381,91.464877180781,
    -21.21372028007));
#3058 = CARTESIAN_POINT('',(12.757260899527,91.479259221901,
    -21.24302145394));
#3059 = CARTESIAN_POINT('',(12.734798948433,91.492634755765,
    -21.27206826179));
#3060 = CARTESIAN_POINT('',(12.68316333424,91.518831177755,
    -21.33338643341));
#3061 = CARTESIAN_POINT('',(12.653467598151,91.531327358442,
    -21.36557115366));
#3062 = CARTESIAN_POINT('',(12.621553783427,91.54216056578,
    -21.39704332737));
#3063 = CARTESIAN_POINT('',(12.587451671798,91.551121323272,
    -21.42752946579));
#3064 = CARTESIAN_POINT('',(12.551257335665,91.558012677157,
    -21.45673306253));
#3065 = CARTESIAN_POINT('',(12.513152269023,91.562671854096,
    -21.48435023383));
#3066 = CARTESIAN_POINT('',(12.473425687855,91.565,-21.5100932082));
#3067 = CARTESIAN_POINT('',(12.4325,91.565,-21.5337216651));
#3068 = PCURVE('',#1165,#3069);
#3069 = DEFINITIONAL_REPRESENTATION('',(#3070),#3227);
#3070 = B_SPLINE_CURVE_WITH_KNOTS('',8,(#3071,#3072,#3073,#3074,#3075,
    #3076,#3077,#3078,#3079,#3080,#3081,#3082,#3083,#3084,#3085,#3086,
    #3087,#3088,#3089,#3090,#3091,#3092,#3093,#3094,#3095,#3096,#3097,
    #3098,#3099,#3100,#3101,#3102,#3103,#3104,#3105,#3106,#3107,#3108,
    #3109,#3110,#3111,#3112,#3113,#3114,#3115,#3116,#3117,#3118,#3119,
    #3120,#3121,#3122,#3123,#3124,#3125,#3126,#3127,#3128,#3129,#3130,
    #3131,#3132,#3133,#3134,#3135,#3136,#3137,#3138,#3139,#3140,#3141,
    #3142,#3143,#3144,#3145,#3146,#3147,#3148,#3149,#3150,#3151,#3152,
    #3153,#3154,#3155,#3156,#3157,#3158,#3159,#3160,#3161,#3162,#3163,
    #3164,#3165,#3166,#3167,#3168,#3169,#3170,#3171,#3172,#3173,#3174,
    #3175,#3176,#3177,#3178,#3179,#3180,#3181,#3182,#3183,#3184,#3185,
    #3186,#3187,#3188,#3189,#3190,#3191,#3192,#3193,#3194,#3195,#3196,
    #3197,#3198,#3199,#3200,#3201,#3202,#3203,#3204,#3205,#3206,#3207,
    #3208,#3209,#3210,#3211,#3212,#3213,#3214,#3215,#3216,#3217,#3218,
    #3219,#3220,#3221,#3222,#3223,#3224,#3225,#3226),.UNSPECIFIED.,.T.,
  .F.,(9,7,7,7,7,7,7,7,7,7,7,7,7,7,7,7,7,7,7,7,7,7,9),(0.,
    3.448614051222E-02,5.836121062579E-02,9.448417551268E-02,
    0.129092182747,0.256052680115,0.393520538567,0.426133740098,
    0.461405248621,0.475301444503,0.483451922224,0.500025796145,
    0.520647969434,0.531213222049,0.553021483904,0.586308545588,
    0.618222485797,0.743969606121,0.819404419307,0.887882047335,
    0.923532721247,0.959277856272,1.),.UNSPECIFIED.);
#3071 = CARTESIAN_POINT('',(1.047197551197,2.865));
#3072 = CARTESIAN_POINT('',(1.048806736288,2.865));
#3073 = CARTESIAN_POINT('',(1.050416366193,2.863330988803));
#3074 = CARTESIAN_POINT('',(1.052015220834,2.859991445498));
#3075 = CARTESIAN_POINT('',(1.053593822612,2.855031189124));
#3076 = CARTESIAN_POINT('',(1.055144301182,2.848535971024));
#3077 = CARTESIAN_POINT('',(1.056660259044,2.840614895693));
#3078 = CARTESIAN_POINT('',(1.058136637956,2.831390670118));
#3079 = CARTESIAN_POINT('',(1.060561629285,2.8137940592));
#3080 = CARTESIAN_POINT('',(1.061533298773,2.806029574012));
#3081 = CARTESIAN_POINT('',(1.062483726227,2.797738255298));
#3082 = CARTESIAN_POINT('',(1.0634123386,2.788958420122));
#3083 = CARTESIAN_POINT('',(1.064318822365,2.7797269279));
#3084 = CARTESIAN_POINT('',(1.065203087687,2.770078434936));
#3085 = CARTESIAN_POINT('',(1.066065232591,2.76004464895));
#3086 = CARTESIAN_POINT('',(1.068176841956,2.733931908812));
#3087 = CARTESIAN_POINT('',(1.069397830847,2.717396032897));
#3088 = CARTESIAN_POINT('',(1.070569559229,2.700141982187));
#3089 = CARTESIAN_POINT('',(1.071693299092,2.682254825142));
#3090 = CARTESIAN_POINT('',(1.072770477495,2.663808668824));
#3091 = CARTESIAN_POINT('',(1.073802645062,2.644866655369));
#3092 = CARTESIAN_POINT('',(1.074791444476,2.625480958442));
#3093 = CARTESIAN_POINT('',(1.076645991694,2.586734495556));
#3094 = CARTESIAN_POINT('',(1.077514993883,2.567410327997));
#3095 = CARTESIAN_POINT('',(1.078346991151,2.547758755149));
#3096 = CARTESIAN_POINT('',(1.079143269291,2.527813653563));
#3097 = CARTESIAN_POINT('',(1.079905011153,2.507604579956));
#3098 = CARTESIAN_POINT('',(1.080633313511,2.487157052939));
#3099 = CARTESIAN_POINT('',(1.081329203934,2.46649283475));
#3100 = CARTESIAN_POINT('',(1.084431225726,2.369095068429));
#3101 = CARTESIAN_POINT('',(1.086442716074,2.289983136557));
#3102 = CARTESIAN_POINT('',(1.088080780254,2.209102089244));
#3103 = CARTESIAN_POINT('',(1.089370182067,2.126994940291));
#3104 = CARTESIAN_POINT('',(1.090330140349,2.044098475954));
#3105 = CARTESIAN_POINT('',(1.090970701953,1.960726456103));
#3106 = CARTESIAN_POINT('',(1.091296453869,1.877108856189));
#3107 = CARTESIAN_POINT('',(1.091307295399,1.702753062936));
#3108 = CARTESIAN_POINT('',(1.090937078223,1.612303723209));
#3109 = CARTESIAN_POINT('',(1.090188612614,1.522150168501));
#3110 = CARTESIAN_POINT('',(1.089042361902,1.432567799094));
#3111 = CARTESIAN_POINT('',(1.08747270215,1.343972522152));
#3112 = CARTESIAN_POINT('',(1.085433344906,1.257062699836));
#3113 = CARTESIAN_POINT('',(1.082875884031,1.172692168445));
#3114 = CARTESIAN_POINT('',(1.07892590301,1.073325941837));
#3115 = CARTESIAN_POINT('',(1.078133159221,1.054511243788));
#3116 = CARTESIAN_POINT('',(1.077303689752,1.035958390222));
#3117 = CARTESIAN_POINT('',(1.076436054706,1.017695369587));
#3118 = CARTESIAN_POINT('',(1.075528756616,0.999755568826));
#3119 = CARTESIAN_POINT('',(1.07458022833,0.982178159542));
#3120 = CARTESIAN_POINT('',(1.073588820904,0.965008484155));
#3121 = CARTESIAN_POINT('',(1.071432315164,0.930226361925));
#3122 = CARTESIAN_POINT('',(1.070259999769,0.912697684186));
#3123 = CARTESIAN_POINT('',(1.069033441352,0.895773932514));
#3124 = CARTESIAN_POINT('',(1.067750574444,0.879534973278));
#3125 = CARTESIAN_POINT('',(1.066409790847,0.8640785587));
#3126 = CARTESIAN_POINT('',(1.065010108671,0.849518896352));
#3127 = CARTESIAN_POINT('',(1.063551391618,0.835984244969));
#3128 = CARTESIAN_POINT('',(1.061437043368,0.818739750552));
#3129 = CARTESIAN_POINT('',(1.060830537918,0.814047292083));
#3130 = CARTESIAN_POINT('',(1.060215208987,0.8095448879));
#3131 = CARTESIAN_POINT('',(1.059591212937,0.80524162128));
#3132 = CARTESIAN_POINT('',(1.058958761032,0.801146788282));
#3133 = CARTESIAN_POINT('',(1.058318124812,0.797269753943));
#3134 = CARTESIAN_POINT('',(1.057669641464,0.79361980848));
#3135 = CARTESIAN_POINT('',(1.056629003852,0.788203750433));
#3136 = CARTESIAN_POINT('',(1.056241730196,0.786282705628));
#3137 = CARTESIAN_POINT('',(1.055851981543,0.784444750527));
#3138 = CARTESIAN_POINT('',(1.055459849756,0.782691684486));
#3139 = CARTESIAN_POINT('',(1.05506543525,0.781025244757));
#3140 = CARTESIAN_POINT('',(1.054668846991,0.779447106491));
#3141 = CARTESIAN_POINT('',(1.054270202497,0.777958882736));
#3142 = CARTESIAN_POINT('',(1.053055065291,0.773721837437));
#3143 = CARTESIAN_POINT('',(1.052232466997,0.771259513205));
#3144 = CARTESIAN_POINT('',(1.051402961398,0.769188257455));
#3145 = CARTESIAN_POINT('',(1.050567768224,0.767519202321));
#3146 = CARTESIAN_POINT('',(1.049728195666,0.76626117501));
#3147 = CARTESIAN_POINT('',(1.048885637552,0.76542036646));
#3148 = CARTESIAN_POINT('',(1.048041570522,0.765));
#3149 = CARTESIAN_POINT('',(1.046147373497,0.765));
#3150 = CARTESIAN_POINT('',(1.045097074498,0.765650815742));
#3151 = CARTESIAN_POINT('',(1.044049714606,0.766952653942));
#3152 = CARTESIAN_POINT('',(1.043008123151,0.768897669419));
#3153 = CARTESIAN_POINT('',(1.041974895122,0.771471091893));
#3154 = CARTESIAN_POINT('',(1.0409523879,0.774652352768));
#3155 = CARTESIAN_POINT('',(1.039942717993,0.778416211931));
#3156 = CARTESIAN_POINT('',(1.038438014881,0.784945935669));
#3157 = CARTESIAN_POINT('',(1.037932095474,0.787303562032));
#3158 = CARTESIAN_POINT('',(1.037430225257,0.78980293479));
#3159 = CARTESIAN_POINT('',(1.0369326069,0.792440156384));
#3160 = CARTESIAN_POINT('',(1.036439420032,0.795211260535));
#3161 = CARTESIAN_POINT('',(1.035950821246,0.79811221224));
#3162 = CARTESIAN_POINT('',(1.035466944092,0.801138907776));
#3163 = CARTESIAN_POINT('',(1.033999078514,0.810785668574));
#3164 = CARTESIAN_POINT('',(1.033030904829,0.81780205057));
#3165 = CARTESIAN_POINT('',(1.032084281539,0.825300676064));
#3166 = CARTESIAN_POINT('',(1.031159801756,0.8332465086));
#3167 = CARTESIAN_POINT('',(1.030257786469,0.841605813419));
#3168 = CARTESIAN_POINT('',(1.029378322832,0.850346850998));
#3169 = CARTESIAN_POINT('',(1.028521302442,0.85944057058));
#3170 = CARTESIAN_POINT('',(1.026412196474,0.883240648888));
#3171 = CARTESIAN_POINT('',(1.02518988642,0.898378469107));
#3172 = CARTESIAN_POINT('',(1.024018358256,0.914184343933));
#3173 = CARTESIAN_POINT('',(1.022896216317,0.930578353455));
#3174 = CARTESIAN_POINT('',(1.021821883253,0.947491029405));
#3175 = CARTESIAN_POINT('',(1.020793642802,0.96486330627));
#3176 = CARTESIAN_POINT('',(1.019809682565,0.982646472404));
#3177 = CARTESIAN_POINT('',(1.017965430613,1.018208832915));
#3178 = CARTESIAN_POINT('',(1.01710187889,1.035954636951));
#3179 = CARTESIAN_POINT('',(1.01627592779,1.054003555407));
#3180 = CARTESIAN_POINT('',(1.01548614407,1.072324011259));
#3181 = CARTESIAN_POINT('',(1.014731198989,1.090888533583));
#3182 = CARTESIAN_POINT('',(1.014009852238,1.109673462833));
#3183 = CARTESIAN_POINT('',(1.013320935868,1.128658656117));
#3184 = CARTESIAN_POINT('',(1.010072275808,1.223354947225));
#3185 = CARTESIAN_POINT('',(1.007970949114,1.301627372802));
#3186 = CARTESIAN_POINT('',(1.006285694373,1.381720579082));
#3187 = CARTESIAN_POINT('',(1.004980100213,1.463051586227));
#3188 = CARTESIAN_POINT('',(1.004023643485,1.545154801443));
#3189 = CARTESIAN_POINT('',(1.003397435624,1.627713557951));
#3190 = CARTESIAN_POINT('',(1.003088288911,1.710503347539));
#3191 = CARTESIAN_POINT('',(1.003096535157,1.843121235079));
#3192 = CARTESIAN_POINT('',(1.003212728328,1.892842098743));
#3193 = CARTESIAN_POINT('',(1.003441055524,1.94250821356));
#3194 = CARTESIAN_POINT('',(1.003781573842,1.992065855548));
#3195 = CARTESIAN_POINT('',(1.004235207336,2.041456385622));
#3196 = CARTESIAN_POINT('',(1.004803760723,2.09061508465));
#3197 = CARTESIAN_POINT('',(1.005490104091,2.139469464426));
#3198 = CARTESIAN_POINT('',(1.007032393934,2.231934586586));
#3199 = CARTESIAN_POINT('',(1.007866630343,2.275598720429));
#3200 = CARTESIAN_POINT('',(1.008804458803,2.318878109838));
#3201 = CARTESIAN_POINT('',(1.009850065498,2.361697807713));
#3202 = CARTESIAN_POINT('',(1.011008394718,2.403959932676));
#3203 = CARTESIAN_POINT('',(1.012285310387,2.445541219145));
#3204 = CARTESIAN_POINT('',(1.013688126216,2.486287450925));
#3205 = CARTESIAN_POINT('',(1.016027411656,2.546682327003));
#3206 = CARTESIAN_POINT('',(1.016864888221,2.567076511375));
#3207 = CARTESIAN_POINT('',(1.017740283324,2.587159801724));
#3208 = CARTESIAN_POINT('',(1.018654975922,2.606898389009));
#3209 = CARTESIAN_POINT('',(1.019610386214,2.626251810746));
#3210 = CARTESIAN_POINT('',(1.020607987043,2.645172576894));
#3211 = CARTESIAN_POINT('',(1.021649315307,2.663605795744));
#3212 = CARTESIAN_POINT('',(1.023825530703,2.699419187214));
#3213 = CARTESIAN_POINT('',(1.024960366804,2.716791554636));
#3214 = CARTESIAN_POINT('',(1.026142235425,2.733545353851));
#3215 = CARTESIAN_POINT('',(1.027372549666,2.749604321342));
#3216 = CARTESIAN_POINT('',(1.028652305029,2.764877180781));
#3217 = CARTESIAN_POINT('',(1.029981954018,2.779259221901));
#3218 = CARTESIAN_POINT('',(1.031361242274,2.792634755765));
#3219 = CARTESIAN_POINT('',(1.034415566324,2.818831177755));
#3220 = CARTESIAN_POINT('',(1.036106405191,2.831327358442));
#3221 = CARTESIAN_POINT('',(1.037857468618,2.84216056578));
#3222 = CARTESIAN_POINT('',(1.039662458276,2.851121323272));
#3223 = CARTESIAN_POINT('',(1.041512485502,2.858012677157));
#3224 = CARTESIAN_POINT('',(1.043395716896,2.862671854096));
#3225 = CARTESIAN_POINT('',(1.045297011732,2.865));
#3226 = CARTESIAN_POINT('',(1.047197551197,2.865));
#3227 = ( GEOMETRIC_REPRESENTATION_CONTEXT(2) 
PARAMETRIC_REPRESENTATION_CONTEXT() REPRESENTATION_CONTEXT('2D SPACE',''
  ) );
#3228 = PCURVE('',#1354,#3229);
#3229 = DEFINITIONAL_REPRESENTATION('',(#3230),#3387);
#3230 = B_SPLINE_CURVE_WITH_KNOTS('',8,(#3231,#3232,#3233,#3234,#3235,
    #3236,#3237,#3238,#3239,#3240,#3241,#3242,#3243,#3244,#3245,#3246,
    #3247,#3248,#3249,#3250,#3251,#3252,#3253,#3254,#3255,#3256,#3257,
    #3258,#3259,#3260,#3261,#3262,#3263,#3264,#3265,#3266,#3267,#3268,
    #3269,#3270,#3271,#3272,#3273,#3274,#3275,#3276,#3277,#3278,#3279,
    #3280,#3281,#3282,#3283,#3284,#3285,#3286,#3287,#3288,#3289,#3290,
    #3291,#3292,#3293,#3294,#3295,#3296,#3297,#3298,#3299,#3300,#3301,
    #3302,#3303,#3304,#3305,#3306,#3307,#3308,#3309,#3310,#3311,#3312,
    #3313,#3314,#3315,#3316,#3317,#3318,#3319,#3320,#3321,#3322,#3323,
    #3324,#3325,#3326,#3327,#3328,#3329,#3330,#3331,#3332,#3333,#3334,
    #3335,#3336,#3337,#3338,#3339,#3340,#3341,#3342,#3343,#3344,#3345,
    #3346,#3347,#3348,#3349,#3350,#3351,#3352,#3353,#3354,#3355,#3356,
    #3357,#3358,#3359,#3360,#3361,#3362,#3363,#3364,#3365,#3366,#3367,
    #3368,#3369,#3370,#3371,#3372,#3373,#3374,#3375,#3376,#3377,#3378,
    #3379,#3380,#3381,#3382,#3383,#3384,#3385,#3386),.UNSPECIFIED.,.F.,
  .F.,(9,7,7,7,7,7,7,7,7,7,7,7,7,7,7,7,7,7,7,7,7,7,9),(0.,
    3.448614051222E-02,5.836121062579E-02,9.448417551268E-02,
    0.129092182747,0.256052680115,0.393520538567,0.426133740098,
    0.461405248621,0.475301444503,0.483451922224,0.500025796145,
    0.520647969434,0.531213222049,0.553021483904,0.586308545588,
    0.618222485797,0.743969606121,0.819404419307,0.887882047335,
    0.923532721247,0.959277856272,1.),.UNSPECIFIED.);
#3231 = CARTESIAN_POINT('',(-8.881784197001E-16,-0.435));
#3232 = CARTESIAN_POINT('',(3.81070355297E-02,-0.435));
#3233 = CARTESIAN_POINT('',(7.622456432231E-02,-0.436669011197));
#3234 = CARTESIAN_POINT('',(0.114161010703,-0.440008554502));
#3235 = CARTESIAN_POINT('',(0.151765735749,-0.444968810876));
#3236 = CARTESIAN_POINT('',(0.188918821184,-0.451464028976));
#3237 = CARTESIAN_POINT('',(0.225523651458,-0.459385104307));
#3238 = CARTESIAN_POINT('',(0.261502294029,-0.468609329881));
#3239 = CARTESIAN_POINT('',(0.321226225223,-0.4862059408));
#3240 = CARTESIAN_POINT('',(0.345340237074,-0.493970425988));
#3241 = CARTESIAN_POINT('',(0.369125817164,-0.502261744702));
#3242 = CARTESIAN_POINT('',(0.392577687946,-0.511041579878));
#3243 = CARTESIAN_POINT('',(0.415694742166,-0.5202730721));
#3244 = CARTESIAN_POINT('',(0.438479594484,-0.529921565064));
#3245 = CARTESIAN_POINT('',(0.460938133095,-0.53995535105));
#3246 = CARTESIAN_POINT('',(0.516578295926,-0.566068091188));
#3247 = CARTESIAN_POINT('',(0.549343108767,-0.582603967103));
#3248 = CARTESIAN_POINT('',(0.581409058737,-0.599858017813));
#3249 = CARTESIAN_POINT('',(0.612811179548,-0.617745174858));
#3250 = CARTESIAN_POINT('',(0.643584847637,-0.636191331176));
#3251 = CARTESIAN_POINT('',(0.673766640024,-0.655133344631));
#3252 = CARTESIAN_POINT('',(0.703395192185,-0.674519041558));
#3253 = CARTESIAN_POINT('',(0.76040779021,-0.713265504444));
#3254 = CARTESIAN_POINT('',(0.787828695485,-0.732589672003));
#3255 = CARTESIAN_POINT('',(0.814808080217,-0.752241244851));
#3256 = CARTESIAN_POINT('',(0.841375890969,-0.772186346437));
#3257 = CARTESIAN_POINT('',(0.867559495016,-0.792395420044));
#3258 = CARTESIAN_POINT('',(0.893384462991,-0.812842947061));
#3259 = CARTESIAN_POINT('',(0.918875351519,-0.83350716525));
#3260 = CARTESIAN_POINT('',(1.036434221375,-0.930904931571));
#3261 = CARTESIAN_POINT('',(1.124529888422,-1.010016863443));
#3262 = CARTESIAN_POINT('',(1.209671880689,-1.090897910758));
#3263 = CARTESIAN_POINT('',(1.292568841162,-1.173005059706));
#3264 = CARTESIAN_POINT('',(1.373852973649,-1.255901524048));
#3265 = CARTESIAN_POINT('',(1.45404643575,-1.339273543897));
#3266 = CARTESIAN_POINT('',(1.533693450264,-1.422891143811));
#3267 = CARTESIAN_POINT('',(1.69974676843,-1.597246937064));
#3268 = CARTESIAN_POINT('',(1.78587797062,-1.687696276791));
#3269 = CARTESIAN_POINT('',(1.872685322757,-1.777849831499));
#3270 = CARTESIAN_POINT('',(1.960926231837,-1.867432200905));
#3271 = CARTESIAN_POINT('',(2.051272647176,-1.956027477849));
#3272 = CARTESIAN_POINT('',(2.144684777594,-2.042937300164));
#3273 = CARTESIAN_POINT('',(2.242104471858,-2.127307831555));
#3274 = CARTESIAN_POINT('',(2.370565535069,-2.226674058162));
#3275 = CARTESIAN_POINT('',(2.395545255181,-2.245488756212));
#3276 = CARTESIAN_POINT('',(2.420900160156,-2.264041609778));
#3277 = CARTESIAN_POINT('',(2.446658039754,-2.282304630413));
#3278 = CARTESIAN_POINT('',(2.47284741027,-2.300244431174));
#3279 = CARTESIAN_POINT('',(2.499498444473,-2.317821840458));
#3280 = CARTESIAN_POINT('',(2.526643901549,-2.334991515845));
#3281 = CARTESIAN_POINT('',(2.584252100151,-2.369773638075));
#3282 = CARTESIAN_POINT('',(2.614795430055,-2.387302315814));
#3283 = CARTESIAN_POINT('',(2.646002100094,-2.404226067486));
#3284 = CARTESIAN_POINT('',(2.677915591014,-2.420465026722));
#3285 = CARTESIAN_POINT('',(2.710571656778,-2.4359214413));
#3286 = CARTESIAN_POINT('',(2.743998115996,-2.450481103648));
#3287 = CARTESIAN_POINT('',(2.778213588952,-2.464015755031));
#3288 = CARTESIAN_POINT('',(2.827018974481,-2.481260249448));
#3289 = CARTESIAN_POINT('',(2.84093447165,-2.485952707917));
#3290 = CARTESIAN_POINT('',(2.85497105219,-2.4904551121));
#3291 = CARTESIAN_POINT('',(2.869127338905,-2.49475837872));
#3292 = CARTESIAN_POINT('',(2.883401114064,-2.498853211718));
#3293 = CARTESIAN_POINT('',(2.897789236509,-2.502730246057));
#3294 = CARTESIAN_POINT('',(2.912287558757,-2.50638019152));
#3295 = CARTESIAN_POINT('',(2.935456048046,-2.511796249567));
#3296 = CARTESIAN_POINT('',(2.944057341929,-2.513717294372));
#3297 = CARTESIAN_POINT('',(2.952693646891,-2.515555249473));
#3298 = CARTESIAN_POINT('',(2.961363750024,-2.517308315514));
#3299 = CARTESIAN_POINT('',(2.970066304365,-2.518974755243));
#3300 = CARTESIAN_POINT('',(2.9787998289,-2.520552893509));
#3301 = CARTESIAN_POINT('',(2.987562708561,-2.522041117264));
#3302 = CARTESIAN_POINT('',(3.014228514686,-2.526278162563));
#3303 = CARTESIAN_POINT('',(3.032219189449,-2.528740486795));
#3304 = CARTESIAN_POINT('',(3.050308937477,-2.530811742545));
#3305 = CARTESIAN_POINT('',(3.068480443653,-2.532480797679));
#3306 = CARTESIAN_POINT('',(3.08671519983,-2.53373882499));
#3307 = CARTESIAN_POINT('',(3.104993345888,-2.53457963354));
#3308 = CARTESIAN_POINT('',(3.12329351078,-2.535));
#3309 = CARTESIAN_POINT('',(3.164361506294,-2.535));
#3310 = CARTESIAN_POINT('',(3.187132937624,-2.534349184258));
#3311 = CARTESIAN_POINT('',(3.209861312061,-2.533047346058));
#3312 = CARTESIAN_POINT('',(3.232505729351,-2.531102330581));
#3313 = CARTESIAN_POINT('',(3.255029519715,-2.528528908107));
#3314 = CARTESIAN_POINT('',(3.277399739061,-2.525347647232));
#3315 = CARTESIAN_POINT('',(3.299586664191,-2.521583788069));
#3316 = CARTESIAN_POINT('',(3.332822459351,-2.515054064331));
#3317 = CARTESIAN_POINT('',(3.344027275764,-2.512696437968));
#3318 = CARTESIAN_POINT('',(3.355174705464,-2.51019706521));
#3319 = CARTESIAN_POINT('',(3.366262073447,-2.507559843616));
#3320 = CARTESIAN_POINT('',(3.377287061487,-2.504788739465));
#3321 = CARTESIAN_POINT('',(3.388247708143,-2.50188778776));
#3322 = CARTESIAN_POINT('',(3.399142408758,-2.498861092224));
#3323 = CARTESIAN_POINT('',(3.432319508964,-2.489214331426));
#3324 = CARTESIAN_POINT('',(3.45438149594,-2.48219794943));
#3325 = CARTESIAN_POINT('',(3.476146571009,-2.474699323936));
#3326 = CARTESIAN_POINT('',(3.49760970667,-2.4667534914));
#3327 = CARTESIAN_POINT('',(3.518769731518,-2.458394186581));
#3328 = CARTESIAN_POINT('',(3.539628908466,-2.449653149002));
#3329 = CARTESIAN_POINT('',(3.560192512965,-2.44055942942));
#3330 = CARTESIAN_POINT('',(3.611416548251,-2.416759351112));
#3331 = CARTESIAN_POINT('',(3.641687533236,-2.401621530893));
#3332 = CARTESIAN_POINT('',(3.671314367521,-2.385815656067));
#3333 = CARTESIAN_POINT('',(3.700329682029,-2.369421646545));
#3334 = CARTESIAN_POINT('',(3.728766482307,-2.352508970595));
#3335 = CARTESIAN_POINT('',(3.756658893568,-2.33513669373));
#3336 = CARTESIAN_POINT('',(3.784042905734,-2.317353527596));
#3337 = CARTESIAN_POINT('',(3.836761095539,-2.281791167085));
#3338 = CARTESIAN_POINT('',(3.86212841803,-2.264045363049));
#3339 = CARTESIAN_POINT('',(3.887090041314,-2.245996444593));
#3340 = CARTESIAN_POINT('',(3.911673753166,-2.227675988741));
#3341 = CARTESIAN_POINT('',(3.935904892958,-2.209111466417));
#3342 = CARTESIAN_POINT('',(3.95980707085,-2.190326537167));
#3343 = CARTESIAN_POINT('',(3.983402886981,-2.171341343883));
#3344 = CARTESIAN_POINT('',(4.098567525388,-2.076645052775));
#3345 = CARTESIAN_POINT('',(4.185886168626,-1.998372627197));
#3346 = CARTESIAN_POINT('',(4.2701837621,-1.918279420918));
#3347 = CARTESIAN_POINT('',(4.352206457062,-1.836948413773));
#3348 = CARTESIAN_POINT('',(4.432629217659,-1.754845198557));
#3349 = CARTESIAN_POINT('',(4.511982276267,-1.672286442048));
#3350 = CARTESIAN_POINT('',(4.590819770259,-1.589496652461));
#3351 = CARTESIAN_POINT('',(4.717122658528,-1.456878764921));
#3352 = CARTESIAN_POINT('',(4.764479818732,-1.407157901257));
#3353 = CARTESIAN_POINT('',(4.811950054163,-1.35749178644));
#3354 = CARTESIAN_POINT('',(4.859643216293,-1.307934144452));
#3355 = CARTESIAN_POINT('',(4.907668763082,-1.258543614378));
#3356 = CARTESIAN_POINT('',(4.956141618914,-1.20938491535));
#3357 = CARTESIAN_POINT('',(5.00518992235,-1.160530535574));
#3358 = CARTESIAN_POINT('',(5.10014878748,-1.068065413414));
#3359 = CARTESIAN_POINT('',(5.145916951073,-1.024401279571));
#3360 = CARTESIAN_POINT('',(5.192390517079,-0.981121890162));
#3361 = CARTESIAN_POINT('',(5.239695018597,-0.938302192287));
#3362 = CARTESIAN_POINT('',(5.287961353612,-0.896040067324));
#3363 = CARTESIAN_POINT('',(5.337334803888,-0.854458780855));
#3364 = CARTESIAN_POINT('',(5.38799187635,-0.813712549075));
#3365 = CARTESIAN_POINT('',(5.467327208045,-0.753317672997));
#3366 = CARTESIAN_POINT('',(5.494894457996,-0.732923488625));
#3367 = CARTESIAN_POINT('',(5.522899485184,-0.712840198276));
#3368 = CARTESIAN_POINT('',(5.551374415982,-0.693101610991));
#3369 = CARTESIAN_POINT('',(5.580351814084,-0.673748189254));
#3370 = CARTESIAN_POINT('',(5.609865759798,-0.654827423105));
#3371 = CARTESIAN_POINT('',(5.639952929358,-0.636394204256));
#3372 = CARTESIAN_POINT('',(5.701435764709,-0.600580812786));
#3373 = CARTESIAN_POINT('',(5.732826437787,-0.583208445364));
#3374 = CARTESIAN_POINT('',(5.764870312975,-0.566454646149));
#3375 = CARTESIAN_POINT('',(5.797603694385,-0.550395678657));
#3376 = CARTESIAN_POINT('',(5.831055194982,-0.535122819219));
#3377 = CARTESIAN_POINT('',(5.865245334878,-0.520740778099));
#3378 = CARTESIAN_POINT('',(5.900185113626,-0.507365244235));
#3379 = CARTESIAN_POINT('',(5.976531114557,-0.481168822245));
#3380 = CARTESIAN_POINT('',(6.018194298128,-0.468672641558));
#3381 = CARTESIAN_POINT('',(6.060802118828,-0.45783943422));
#3382 = CARTESIAN_POINT('',(6.104259475705,-0.448878676728));
#3383 = CARTESIAN_POINT('',(6.148435499093,-0.441987322843));
#3384 = CARTESIAN_POINT('',(6.193154385369,-0.437328145904));
#3385 = CARTESIAN_POINT('',(6.238178722609,-0.435));
#3386 = CARTESIAN_POINT('',(6.28318530718,-0.435));
#3387 = ( GEOMETRIC_REPRESENTATION_CONTEXT(2) 
PARAMETRIC_REPRESENTATION_CONTEXT() REPRESENTATION_CONTEXT('2D SPACE',''
  ) );
#3388 = FACE_BOUND('',#3389,.T.);
#3389 = EDGE_LOOP('',(#3390));
#3390 = ORIENTED_EDGE('',*,*,#3391,.T.);
#3391 = EDGE_CURVE('',#3392,#3392,#3394,.T.);
#3392 = VERTEX_POINT('',#3393);
#3393 = CARTESIAN_POINT('',(-12.4325,91.565,-21.5337216651));
#3394 = SURFACE_CURVE('',#3395,(#3552,#3712),.PCURVE_S1.);
#3395 = B_SPLINE_CURVE_WITH_KNOTS('',8,(#3396,#3397,#3398,#3399,#3400,
    #3401,#3402,#3403,#3404,#3405,#3406,#3407,#3408,#3409,#3410,#3411,
    #3412,#3413,#3414,#3415,#3416,#3417,#3418,#3419,#3420,#3421,#3422,
    #3423,#3424,#3425,#3426,#3427,#3428,#3429,#3430,#3431,#3432,#3433,
    #3434,#3435,#3436,#3437,#3438,#3439,#3440,#3441,#3442,#3443,#3444,
    #3445,#3446,#3447,#3448,#3449,#3450,#3451,#3452,#3453,#3454,#3455,
    #3456,#3457,#3458,#3459,#3460,#3461,#3462,#3463,#3464,#3465,#3466,
    #3467,#3468,#3469,#3470,#3471,#3472,#3473,#3474,#3475,#3476,#3477,
    #3478,#3479,#3480,#3481,#3482,#3483,#3484,#3485,#3486,#3487,#3488,
    #3489,#3490,#3491,#3492,#3493,#3494,#3495,#3496,#3497,#3498,#3499,
    #3500,#3501,#3502,#3503,#3504,#3505,#3506,#3507,#3508,#3509,#3510,
    #3511,#3512,#3513,#3514,#3515,#3516,#3517,#3518,#3519,#3520,#3521,
    #3522,#3523,#3524,#3525,#3526,#3527,#3528,#3529,#3530,#3531,#3532,
    #3533,#3534,#3535,#3536,#3537,#3538,#3539,#3540,#3541,#3542,#3543,
    #3544,#3545,#3546,#3547,#3548,#3549,#3550,#3551),.UNSPECIFIED.,.T.,
  .F.,(9,7,7,7,7,7,7,7,7,7,7,7,7,7,7,7,7,7,7,7,7,7,9),(0.,
    3.448614051271E-02,5.83612106267E-02,9.448417551422E-02,
    0.129092182749,0.256052680118,0.39352053857,0.426133740102,
    0.461405248625,0.475301444506,0.483451922227,0.500025796148,
    0.520647969437,0.531213222052,0.553021483907,0.586308545591,
    0.6182224858,0.743969606123,0.819404419309,0.887882047335,
    0.923532721247,0.959277856273,1.),.UNSPECIFIED.);
#3396 = CARTESIAN_POINT('',(-12.4325,91.565,-21.5337216651));
#3397 = CARTESIAN_POINT('',(-12.46715174387,91.565,-21.51371547144));
#3398 = CARTESIAN_POINT('',(-12.50094177403,91.563330988803,
    -21.49219461561));
#3399 = CARTESIAN_POINT('',(-12.53361821632,91.559991445498,
    -21.46930265739));
#3400 = CARTESIAN_POINT('',(-12.56499390366,91.555031189124,
    -21.44520852226));
#3401 = CARTESIAN_POINT('',(-12.59493647258,91.548535971024,
    -21.42009350087));
#3402 = CARTESIAN_POINT('',(-12.62335946954,91.540614895693,
    -21.3941410137));
#3403 = CARTESIAN_POINT('',(-12.65021446696,91.531390670118,
    -21.36752914067));
#3404 = CARTESIAN_POINT('',(-12.69297864864,91.5137940592,-21.3216621058
    ));
#3405 = CARTESIAN_POINT('',(-12.70972106242,91.506029574012,
    -21.30265435534));
#3406 = CARTESIAN_POINT('',(-12.72571241371,91.497738255298,
    -21.28344986607));
#3407 = CARTESIAN_POINT('',(-12.74096003129,91.488958420122,
    -21.26409130389));
#3408 = CARTESIAN_POINT('',(-12.75547636502,91.4797269279,
    -21.24461659788));
#3409 = CARTESIAN_POINT('',(-12.76927776142,91.470078434936,
    -21.22505873919));
#3410 = CARTESIAN_POINT('',(-12.78238323915,91.46004464895,
    -21.20544557984));
#3411 = CARTESIAN_POINT('',(-12.81361988477,91.433931908812,
    -21.15607532532));
#3412 = CARTESIAN_POINT('',(-12.83087621457,91.417396032897,
    -21.12628271146));
#3413 = CARTESIAN_POINT('',(-12.84665736924,91.400141982187,
    -21.09649616538));
#3414 = CARTESIAN_POINT('',(-12.86103736867,91.382254825142,
    -21.06677720607));
#3415 = CARTESIAN_POINT('',(-12.87408825504,91.363808668824,
    -21.03717504336));
#3416 = CARTESIAN_POINT('',(-12.88587921027,91.344866655369,
    -21.00772712522));
#3417 = CARTESIAN_POINT('',(-12.89647567361,91.325480958442,
    -20.97845968494));
#3418 = CARTESIAN_POINT('',(-12.91500438583,91.286734495556,
    -20.92153611442));
#3419 = CARTESIAN_POINT('',(-12.92302810152,91.267410327997,
    -20.89386906419));
#3420 = CARTESIAN_POINT('',(-12.93006240157,91.247758755149,
    -20.86640390901));
#3421 = CARTESIAN_POINT('',(-12.93615511829,91.227813653563,
    -20.83915460257));
#3422 = CARTESIAN_POINT('',(-12.94134960072,91.207604579956,
    -20.81213236805));
#3423 = CARTESIAN_POINT('',(-12.94568519433,91.187157052939,
    -20.78534578513));
#3424 = CARTESIAN_POINT('',(-12.94919772079,91.16649283475,
    -20.7588008771));
#3425 = CARTESIAN_POINT('',(-12.96190656428,91.06909506843,
    -20.63602004722));
#3426 = CARTESIAN_POINT('',(-12.96124467848,90.989983136554,-20.54295719
    ));
#3427 = CARTESIAN_POINT('',(-12.95159747424,90.909102089249,
    -20.45334792989));
#3428 = CARTESIAN_POINT('',(-12.93388546526,90.826994940285,
    -20.36732540222));
#3429 = CARTESIAN_POINT('',(-12.90884919371,90.744098475959,
    -20.28498999699));
#3430 = CARTESIAN_POINT('',(-12.87696288587,90.6607264561,
    -20.20644205138));
#3431 = CARTESIAN_POINT('',(-12.8385377865,90.57710885619,
    -20.13177276968));
#3432 = CARTESIAN_POINT('',(-12.74500474823,90.402753062936,
    -19.98462801125));
#3433 = CARTESIAN_POINT('',(-12.68894247743,90.312303723209,
    -19.91310367559));
#3434 = CARTESIAN_POINT('',(-12.62556518774,90.222150168501,
    -19.84659593556));
#3435 = CARTESIAN_POINT('',(-12.55473452081,90.132567799095,
    -19.78549543552));
#3436 = CARTESIAN_POINT('',(-12.47626708995,90.043972522152,
    -19.73037299882));
#3437 = CARTESIAN_POINT('',(-12.38971460086,89.957062699836,
    -19.68225639367));
#3438 = CARTESIAN_POINT('',(-12.29466304528,89.872692168445,
    -19.64231040801));
#3439 = CARTESIAN_POINT('',(-12.16474008124,89.773325941838,
    -19.60606474257));
#3440 = CARTESIAN_POINT('',(-12.13928040009,89.754511243788,
    -19.5997178843));
#3441 = CARTESIAN_POINT('',(-12.1132590541,89.735958390222,
    -19.59400771713));
#3442 = CARTESIAN_POINT('',(-12.08666281032,89.717695369587,
    -19.58897221424));
#3443 = CARTESIAN_POINT('',(-12.05947989552,89.699755568826,
    -19.58465439057));
#3444 = CARTESIAN_POINT('',(-12.031699856,89.682178159542,
    -19.58110278084));
#3445 = CARTESIAN_POINT('',(-12.00331341725,89.665008484155,
    -19.57837191751));
#3446 = CARTESIAN_POINT('',(-11.94294738846,89.630226361925,
    -19.57452297873));
#3447 = CARTESIAN_POINT('',(-11.91087345516,89.612697684186,
    -19.57355520814));
#3448 = CARTESIAN_POINT('',(-11.87807400432,89.595773932514,
    -19.57369559138));
#3449 = CARTESIAN_POINT('',(-11.84454796155,89.579534973278,
    -19.57503145506));
#3450 = CARTESIAN_POINT('',(-11.81031141101,89.564078558701,
    -19.57765972428));
#3451 = CARTESIAN_POINT('',(-11.77539980257,89.549518896352,
    -19.58168400822));
#3452 = CARTESIAN_POINT('',(-11.73987067272,89.535984244969,
    -19.58721040493));
#3453 = CARTESIAN_POINT('',(-11.6895985406,89.518739750552,
    -19.59715172621));
#3454 = CARTESIAN_POINT('',(-11.67530913999,89.514047292083,
    -19.60021020733));
#3455 = CARTESIAN_POINT('',(-11.66094478574,89.5095448879,
    -19.60352342836));
#3456 = CARTESIAN_POINT('',(-11.64651268926,89.50524162128,
    -19.60709710148));
#3457 = CARTESIAN_POINT('',(-11.63202119876,89.501146788282,
    -19.6109365153));
#3458 = CARTESIAN_POINT('',(-11.61747983296,89.497269753943,
    -19.6150463588));
#3459 = CARTESIAN_POINT('',(-11.60289931485,89.49361980848,
    -19.61943054534));
#3460 = CARTESIAN_POINT('',(-11.57972380657,89.488203750433,
    -19.62682612161));
#3461 = CARTESIAN_POINT('',(-11.57114666252,89.486282705628,
    -19.62965558269));
#3462 = CARTESIAN_POINT('',(-11.5625626202,89.484444750527,
    -19.63258103198));
#3463 = CARTESIAN_POINT('',(-11.55397425911,89.482691684486,
    -19.63560293759));
#3464 = CARTESIAN_POINT('',(-11.54538429135,89.481025244757,
    -19.63872162364));
#3465 = CARTESIAN_POINT('',(-11.53679556161,89.479447106491,
    -19.6419372702));
#3466 = CARTESIAN_POINT('',(-11.52821104716,89.477958882736,
    -19.64524991334));
#3467 = CARTESIAN_POINT('',(-11.50219227226,89.473721837437,
    -19.65559267669));
#3468 = CARTESIAN_POINT('',(-11.48477978131,89.471259513205,
    -19.66292696158));
#3469 = CARTESIAN_POINT('',(-11.46742392588,89.469188257455,
    -19.67066066207));
#3470 = CARTESIAN_POINT('',(-11.4501529913,89.467519202321,
    -19.6787895618));
#3471 = CARTESIAN_POINT('',(-11.43299582476,89.46626117501,
    -19.68730661122));
#3472 = CARTESIAN_POINT('',(-11.41598165277,89.46542036646,
    -19.69620167294));
#3473 = CARTESIAN_POINT('',(-11.39913989866,89.465,-19.70546126717));
#3474 = CARTESIAN_POINT('',(-11.3617956749,89.465,-19.72702196482));
#3475 = CARTESIAN_POINT('',(-11.3414000271,89.465650815742,
    -19.73951576384));
#3476 = CARTESIAN_POINT('',(-11.32137113298,89.466952653942,
    -19.75251640396));
#3477 = CARTESIAN_POINT('',(-11.30175875819,89.468897669419,
    -19.76598661576));
#3478 = CARTESIAN_POINT('',(-11.28260489902,89.471471091893,
    -19.77988608202));
#3479 = CARTESIAN_POINT('',(-11.26394432377,89.474652352768,
    -19.79417234903));
#3480 = CARTESIAN_POINT('',(-11.24580511411,89.478416211931,
    -19.80880173795));
#3481 = CARTESIAN_POINT('',(-11.21919438499,89.484945935669,
    -19.83137850762));
#3482 = CARTESIAN_POINT('',(-11.21032152582,89.487303562032,
    -19.83910587708));
#3483 = CARTESIAN_POINT('',(-11.2015930808,89.48980293479,
    -19.84690678354));
#3484 = CARTESIAN_POINT('',(-11.19301103427,89.492440156384,
    -19.85477584147));
#3485 = CARTESIAN_POINT('',(-11.18457690302,89.495211260535,
    -19.86270786087));
#3486 = CARTESIAN_POINT('',(-11.17629173624,89.49811221224,
    -19.87069784724));
#3487 = CARTESIAN_POINT('',(-11.16815611559,89.501138907776,
    -19.87874100161));
#3488 = CARTESIAN_POINT('',(-11.14368593823,89.510785668574,
    -19.90353523876));
#3489 = CARTESIAN_POINT('',(-11.12784049151,89.51780205057,
    -19.92044392699));
#3490 = CARTESIAN_POINT('',(-11.11263394737,89.525300676064,
    -19.93751995643));
#3491 = CARTESIAN_POINT('',(-11.09806092788,89.5332465086,
    -19.95472834079));
#3492 = CARTESIAN_POINT('',(-11.08411157438,89.541605813419,
    -19.97203809931));
#3493 = CARTESIAN_POINT('',(-11.07077257711,89.550346850998,
    -19.98942241986));
#3494 = CARTESIAN_POINT('',(-11.05802820481,89.55944057058,
    -20.00685882197));
#3495 = CARTESIAN_POINT('',(-11.02729041969,89.583240648888,
    -20.05099543138));
#3496 = CARTESIAN_POINT('',(-11.01006899849,89.598378469107,
    -20.07773487956));
#3497 = CARTESIAN_POINT('',(-10.99413215332,89.614184343933,
    -20.10448702269));
#3498 = CARTESIAN_POINT('',(-10.97941611874,89.630578353455,
    -20.13120190609));
#3499 = CARTESIAN_POINT('',(-10.96585891315,89.647491029405,
    -20.15783987944));
#3500 = CARTESIAN_POINT('',(-10.95340097074,89.66486330627,
    -20.18437121404));
#3501 = CARTESIAN_POINT('',(-10.94198577333,89.682646472404,
    -20.21077572007));
#3502 = CARTESIAN_POINT('',(-10.92156524401,89.718208832915,
    -20.2622254848));
#3503 = CARTESIAN_POINT('',(-10.91248175373,89.735954636951,
    -20.28727716075));
#3504 = CARTESIAN_POINT('',(-10.90426433104,89.754003555407,
    -20.31218478782));
#3505 = CARTESIAN_POINT('',(-10.8968717855,89.772324011259,
    -20.33693791233));
#3506 = CARTESIAN_POINT('',(-10.89026693088,89.790888533583,
    -20.36152820683));
#3507 = CARTESIAN_POINT('',(-10.88441609938,89.809673462833,
    -20.385949446));
#3508 = CARTESIAN_POINT('',(-10.87928865591,89.828658656117,
    -20.41019748264));
#3509 = CARTESIAN_POINT('',(-10.8573930058,89.923354947225,
    -20.52912149651));
#3510 = CARTESIAN_POINT('',(-10.8507480479,90.001627372804,
    -20.62112326831));
#3511 = CARTESIAN_POINT('',(-10.85314231652,90.08172057908,
    -20.7103060662));
#3512 = CARTESIAN_POINT('',(-10.86368637335,90.16305158623,
    -20.7965498488));
#3513 = CARTESIAN_POINT('',(-10.88165421571,90.245154801441,
    -20.87976086534));
#3514 = CARTESIAN_POINT('',(-10.90661228212,90.327713557952,
    -20.9598355834));
#3515 = CARTESIAN_POINT('',(-10.93827878783,90.410503347539,
    -21.03668286988));
#3516 = CARTESIAN_POINT('',(-10.99963359549,90.543121235079,
    -21.15425467845));
#3517 = CARTESIAN_POINT('',(-11.02502453776,90.592842098743,
    -21.19709285266));
#3518 = CARTESIAN_POINT('',(-11.05277763635,90.64250821356,
    -21.23864104449));
#3519 = CARTESIAN_POINT('',(-11.08288821446,90.692065855548,
    -21.27883915559));
#3520 = CARTESIAN_POINT('',(-11.11536684818,90.741456385622,
    -21.31761175408));
#3521 = CARTESIAN_POINT('',(-11.1502392842,90.79061508465,
    -21.35486664766));
#3522 = CARTESIAN_POINT('',(-11.18754964415,90.839469464426,
    -21.39049090945));
#3523 = CARTESIAN_POINT('',(-11.26351192804,90.931934586586,
    -21.45507557531));
#3524 = CARTESIAN_POINT('',(-11.30171102628,90.975598720429,
    -21.48433712822));
#3525 = CARTESIAN_POINT('',(-11.34202080856,91.018878109838,
    -21.51203328784));
#3526 = CARTESIAN_POINT('',(-11.38450696366,91.061697807713,
    -21.53803469361));
#3527 = CARTESIAN_POINT('',(-11.42924004786,91.103959932676,
    -21.56218116526));
#3528 = CARTESIAN_POINT('',(-11.47629736649,91.145541219145,
    -21.58427727017));
#3529 = CARTESIAN_POINT('',(-11.52577095955,91.186287450925,
    -21.60408064442));
#3530 = CARTESIAN_POINT('',(-11.60485940576,91.246682327003,
    -21.63023895579));
#3531 = CARTESIAN_POINT('',(-11.63261892194,91.267076511375,
    -21.63848792638));
#3532 = CARTESIAN_POINT('',(-11.66107685588,91.287159801724,
    -21.6459865178));
#3533 = CARTESIAN_POINT('',(-11.6902472941,91.306898389009,
    -21.65268509766));
#3534 = CARTESIAN_POINT('',(-11.72014172682,91.326251810746,
    -21.65852741276));
#3535 = CARTESIAN_POINT('',(-11.7507689809,91.345172576895,
    -21.66345013903));
#3536 = CARTESIAN_POINT('',(-11.78213515282,91.363605795744,
    -21.66738243148));
#3537 = CARTESIAN_POINT('',(-11.84643700588,91.399419187214,
    -21.67311610295));
#3538 = CARTESIAN_POINT('',(-11.87936796266,91.416791554636,
    -21.67491096632));
#3539 = CARTESIAN_POINT('',(-11.91304349979,91.433545353851,
    -21.67555156837));
#3540 = CARTESIAN_POINT('',(-11.94745530549,91.449604321342,
    -21.67494925715));
#3541 = CARTESIAN_POINT('',(-11.98257777913,91.464877180781,
    -21.67300704104));
#3542 = CARTESIAN_POINT('',(-12.01836578249,91.479259221901,
    -21.66962274866));
#3543 = CARTESIAN_POINT('',(-12.05475203153,91.492634755765,
    -21.66469353232));
#3544 = CARTESIAN_POINT('',(-12.13367293296,91.518831177755,
    -21.6506348645));
#3545 = CARTESIAN_POINT('',(-12.17639358636,91.531327358442,
    -21.64100996279));
#3546 = CARTESIAN_POINT('',(-12.21960619566,91.54216056578,
    -21.62910787536));
#3547 = CARTESIAN_POINT('',(-12.26305902182,91.551121323272,
    -21.61481764958));
#3548 = CARTESIAN_POINT('',(-12.30644724654,91.558012677157,
    -21.59807423338));
#3549 = CARTESIAN_POINT('',(-12.34941695179,91.562671854096,
    -21.57888286331));
#3550 = CARTESIAN_POINT('',(-12.39157431214,91.565,-21.557350122));
#3551 = CARTESIAN_POINT('',(-12.4325,91.565,-21.5337216651));
#3552 = PCURVE('',#1165,#3553);
#3553 = DEFINITIONAL_REPRESENTATION('',(#3554),#3711);
#3554 = B_SPLINE_CURVE_WITH_KNOTS('',8,(#3555,#3556,#3557,#3558,#3559,
    #3560,#3561,#3562,#3563,#3564,#3565,#3566,#3567,#3568,#3569,#3570,
    #3571,#3572,#3573,#3574,#3575,#3576,#3577,#3578,#3579,#3580,#3581,
    #3582,#3583,#3584,#3585,#3586,#3587,#3588,#3589,#3590,#3591,#3592,
    #3593,#3594,#3595,#3596,#3597,#3598,#3599,#3600,#3601,#3602,#3603,
    #3604,#3605,#3606,#3607,#3608,#3609,#3610,#3611,#3612,#3613,#3614,
    #3615,#3616,#3617,#3618,#3619,#3620,#3621,#3622,#3623,#3624,#3625,
    #3626,#3627,#3628,#3629,#3630,#3631,#3632,#3633,#3634,#3635,#3636,
    #3637,#3638,#3639,#3640,#3641,#3642,#3643,#3644,#3645,#3646,#3647,
    #3648,#3649,#3650,#3651,#3652,#3653,#3654,#3655,#3656,#3657,#3658,
    #3659,#3660,#3661,#3662,#3663,#3664,#3665,#3666,#3667,#3668,#3669,
    #3670,#3671,#3672,#3673,#3674,#3675,#3676,#3677,#3678,#3679,#3680,
    #3681,#3682,#3683,#3684,#3685,#3686,#3687,#3688,#3689,#3690,#3691,
    #3692,#3693,#3694,#3695,#3696,#3697,#3698,#3699,#3700,#3701,#3702,
    #3703,#3704,#3705,#3706,#3707,#3708,#3709,#3710),.UNSPECIFIED.,.T.,
  .F.,(9,7,7,7,7,7,7,7,7,7,7,7,7,7,7,7,7,7,7,7,7,7,9),(0.,
    3.448614051271E-02,5.83612106267E-02,9.448417551422E-02,
    0.129092182749,0.256052680118,0.39352053857,0.426133740102,
    0.461405248625,0.475301444506,0.483451922227,0.500025796148,
    0.520647969437,0.531213222052,0.553021483907,0.586308545591,
    0.6182224858,0.743969606123,0.819404419309,0.887882047335,
    0.923532721247,0.959277856273,1.),.UNSPECIFIED.);
#3555 = CARTESIAN_POINT('',(2.094395102393,2.865));
#3556 = CARTESIAN_POINT('',(2.096004287485,2.865));
#3557 = CARTESIAN_POINT('',(2.097613917389,2.863330988803));
#3558 = CARTESIAN_POINT('',(2.09921277203,2.859991445498));
#3559 = CARTESIAN_POINT('',(2.100791373809,2.855031189124));
#3560 = CARTESIAN_POINT('',(2.102341852379,2.848535971024));
#3561 = CARTESIAN_POINT('',(2.103857810241,2.840614895693));
#3562 = CARTESIAN_POINT('',(2.105334189153,2.831390670118));
#3563 = CARTESIAN_POINT('',(2.107759180482,2.8137940592));
#3564 = CARTESIAN_POINT('',(2.10873084997,2.806029574012));
#3565 = CARTESIAN_POINT('',(2.109681277423,2.797738255298));
#3566 = CARTESIAN_POINT('',(2.110609889796,2.788958420122));
#3567 = CARTESIAN_POINT('',(2.111516373562,2.7797269279));
#3568 = CARTESIAN_POINT('',(2.112400638883,2.770078434936));
#3569 = CARTESIAN_POINT('',(2.113262783788,2.76004464895));
#3570 = CARTESIAN_POINT('',(2.115374393152,2.733931908812));
#3571 = CARTESIAN_POINT('',(2.116595382043,2.717396032897));
#3572 = CARTESIAN_POINT('',(2.117767110425,2.700141982187));
#3573 = CARTESIAN_POINT('',(2.118890850288,2.682254825142));
#3574 = CARTESIAN_POINT('',(2.119968028691,2.663808668824));
#3575 = CARTESIAN_POINT('',(2.121000196258,2.644866655369));
#3576 = CARTESIAN_POINT('',(2.121988995672,2.625480958442));
#3577 = CARTESIAN_POINT('',(2.12384354289,2.586734495556));
#3578 = CARTESIAN_POINT('',(2.12471254508,2.567410327997));
#3579 = CARTESIAN_POINT('',(2.125544542348,2.547758755149));
#3580 = CARTESIAN_POINT('',(2.126340820487,2.527813653563));
#3581 = CARTESIAN_POINT('',(2.127102562349,2.507604579956));
#3582 = CARTESIAN_POINT('',(2.127830864708,2.487157052939));
#3583 = CARTESIAN_POINT('',(2.12852675513,2.46649283475));
#3584 = CARTESIAN_POINT('',(2.131628776923,2.36909506843));
#3585 = CARTESIAN_POINT('',(2.133640267271,2.289983136554));
#3586 = CARTESIAN_POINT('',(2.13527833145,2.209102089249));
#3587 = CARTESIAN_POINT('',(2.136567733264,2.126994940285));
#3588 = CARTESIAN_POINT('',(2.137527691545,2.044098475959));
#3589 = CARTESIAN_POINT('',(2.13816825315,1.9607264561));
#3590 = CARTESIAN_POINT('',(2.138494005065,1.87710885619));
#3591 = CARTESIAN_POINT('',(2.138504846595,1.702753062936));
#3592 = CARTESIAN_POINT('',(2.138134629419,1.612303723209));
#3593 = CARTESIAN_POINT('',(2.13738616381,1.522150168502));
#3594 = CARTESIAN_POINT('',(2.136239913098,1.432567799094));
#3595 = CARTESIAN_POINT('',(2.134670253347,1.343972522152));
#3596 = CARTESIAN_POINT('',(2.132630896102,1.257062699836));
#3597 = CARTESIAN_POINT('',(2.130073435228,1.172692168445));
#3598 = CARTESIAN_POINT('',(2.126123454206,1.073325941837));
#3599 = CARTESIAN_POINT('',(2.125330710418,1.054511243788));
#3600 = CARTESIAN_POINT('',(2.124501240948,1.035958390222));
#3601 = CARTESIAN_POINT('',(2.123633605903,1.017695369587));
#3602 = CARTESIAN_POINT('',(2.122726307813,0.999755568826));
#3603 = CARTESIAN_POINT('',(2.121777779527,0.982178159542));
#3604 = CARTESIAN_POINT('',(2.120786372101,0.965008484155));
#3605 = CARTESIAN_POINT('',(2.11862986636,0.930226361925));
#3606 = CARTESIAN_POINT('',(2.117457550965,0.912697684186));
#3607 = CARTESIAN_POINT('',(2.116230992549,0.895773932514));
#3608 = CARTESIAN_POINT('',(2.114948125641,0.879534973278));
#3609 = CARTESIAN_POINT('',(2.113607342043,0.8640785587));
#3610 = CARTESIAN_POINT('',(2.112207659868,0.849518896352));
#3611 = CARTESIAN_POINT('',(2.110748942814,0.835984244969));
#3612 = CARTESIAN_POINT('',(2.108634594564,0.818739750552));
#3613 = CARTESIAN_POINT('',(2.108028089115,0.814047292083));
#3614 = CARTESIAN_POINT('',(2.107412760183,0.8095448879));
#3615 = CARTESIAN_POINT('',(2.106788764133,0.80524162128));
#3616 = CARTESIAN_POINT('',(2.106156312229,0.801146788282));
#3617 = CARTESIAN_POINT('',(2.105515676009,0.797269753943));
#3618 = CARTESIAN_POINT('',(2.104867192661,0.79361980848));
#3619 = CARTESIAN_POINT('',(2.103826555048,0.788203750433));
#3620 = CARTESIAN_POINT('',(2.103439281393,0.786282705628));
#3621 = CARTESIAN_POINT('',(2.10304953274,0.784444750527));
#3622 = CARTESIAN_POINT('',(2.102657400953,0.782691684486));
#3623 = CARTESIAN_POINT('',(2.102262986447,0.781025244757));
#3624 = CARTESIAN_POINT('',(2.101866398188,0.779447106491));
#3625 = CARTESIAN_POINT('',(2.101467753694,0.777958882736));
#3626 = CARTESIAN_POINT('',(2.100252616488,0.773721837437));
#3627 = CARTESIAN_POINT('',(2.099430018194,0.771259513205));
#3628 = CARTESIAN_POINT('',(2.098600512595,0.769188257455));
#3629 = CARTESIAN_POINT('',(2.09776531942,0.767519202321));
#3630 = CARTESIAN_POINT('',(2.096925746862,0.76626117501));
#3631 = CARTESIAN_POINT('',(2.096083188749,0.76542036646));
#3632 = CARTESIAN_POINT('',(2.095239121719,0.765));
#3633 = CARTESIAN_POINT('',(2.093344924693,0.765));
#3634 = CARTESIAN_POINT('',(2.092294625695,0.765650815742));
#3635 = CARTESIAN_POINT('',(2.091247265803,0.766952653942));
#3636 = CARTESIAN_POINT('',(2.090205674348,0.768897669419));
#3637 = CARTESIAN_POINT('',(2.089172446319,0.771471091893));
#3638 = CARTESIAN_POINT('',(2.088149939097,0.774652352768));
#3639 = CARTESIAN_POINT('',(2.08714026919,0.778416211931));
#3640 = CARTESIAN_POINT('',(2.085635566078,0.784945935669));
#3641 = CARTESIAN_POINT('',(2.085129646671,0.787303562032));
#3642 = CARTESIAN_POINT('',(2.084627776454,0.78980293479));
#3643 = CARTESIAN_POINT('',(2.084130158096,0.792440156384));
#3644 = CARTESIAN_POINT('',(2.083636971229,0.795211260535));
#3645 = CARTESIAN_POINT('',(2.083148372443,0.79811221224));
#3646 = CARTESIAN_POINT('',(2.082664495288,0.801138907776));
#3647 = CARTESIAN_POINT('',(2.081196629711,0.810785668574));
#3648 = CARTESIAN_POINT('',(2.080228456026,0.81780205057));
#3649 = CARTESIAN_POINT('',(2.079281832736,0.825300676064));
#3650 = CARTESIAN_POINT('',(2.078357352953,0.8332465086));
#3651 = CARTESIAN_POINT('',(2.077455337666,0.841605813419));
#3652 = CARTESIAN_POINT('',(2.076575874029,0.850346850998));
#3653 = CARTESIAN_POINT('',(2.075718853638,0.85944057058));
#3654 = CARTESIAN_POINT('',(2.073609747671,0.883240648888));
#3655 = CARTESIAN_POINT('',(2.072387437616,0.898378469107));
#3656 = CARTESIAN_POINT('',(2.071215909452,0.914184343933));
#3657 = CARTESIAN_POINT('',(2.070093767514,0.930578353455));
#3658 = CARTESIAN_POINT('',(2.06901943445,0.947491029405));
#3659 = CARTESIAN_POINT('',(2.067991193999,0.96486330627));
#3660 = CARTESIAN_POINT('',(2.067007233761,0.982646472404));
#3661 = CARTESIAN_POINT('',(2.06516298181,1.018208832915));
#3662 = CARTESIAN_POINT('',(2.064299430086,1.035954636951));
#3663 = CARTESIAN_POINT('',(2.063473478987,1.054003555407));
#3664 = CARTESIAN_POINT('',(2.062683695267,1.072324011259));
#3665 = CARTESIAN_POINT('',(2.061928750186,1.090888533583));
#3666 = CARTESIAN_POINT('',(2.061207403435,1.109673462833));
#3667 = CARTESIAN_POINT('',(2.060518487065,1.128658656117));
#3668 = CARTESIAN_POINT('',(2.057269827005,1.223354947225));
#3669 = CARTESIAN_POINT('',(2.05516850031,1.301627372803));
#3670 = CARTESIAN_POINT('',(2.05348324557,1.381720579081));
#3671 = CARTESIAN_POINT('',(2.05217765141,1.463051586228));
#3672 = CARTESIAN_POINT('',(2.051221194682,1.545154801442));
#3673 = CARTESIAN_POINT('',(2.050594986821,1.627713557952));
#3674 = CARTESIAN_POINT('',(2.050285840108,1.710503347539));
#3675 = CARTESIAN_POINT('',(2.050294086354,1.843121235079));
#3676 = CARTESIAN_POINT('',(2.050410279525,1.892842098743));
#3677 = CARTESIAN_POINT('',(2.050638606721,1.94250821356));
#3678 = CARTESIAN_POINT('',(2.050979125039,1.992065855548));
#3679 = CARTESIAN_POINT('',(2.051432758533,2.041456385622));
#3680 = CARTESIAN_POINT('',(2.05200131192,2.09061508465));
#3681 = CARTESIAN_POINT('',(2.052687655288,2.139469464426));
#3682 = CARTESIAN_POINT('',(2.054229945131,2.231934586586));
#3683 = CARTESIAN_POINT('',(2.055064181539,2.275598720429));
#3684 = CARTESIAN_POINT('',(2.056002009999,2.318878109838));
#3685 = CARTESIAN_POINT('',(2.057047616694,2.361697807713));
#3686 = CARTESIAN_POINT('',(2.058205945915,2.403959932676));
#3687 = CARTESIAN_POINT('',(2.059482861584,2.445541219145));
#3688 = CARTESIAN_POINT('',(2.060885677413,2.486287450925));
#3689 = CARTESIAN_POINT('',(2.063224962852,2.546682327003));
#3690 = CARTESIAN_POINT('',(2.064062439418,2.567076511375));
#3691 = CARTESIAN_POINT('',(2.06493783452,2.587159801724));
#3692 = CARTESIAN_POINT('',(2.065852527119,2.606898389009));
#3693 = CARTESIAN_POINT('',(2.066807937411,2.626251810746));
#3694 = CARTESIAN_POINT('',(2.067805538239,2.645172576894));
#3695 = CARTESIAN_POINT('',(2.068846866504,2.663605795744));
#3696 = CARTESIAN_POINT('',(2.071023081899,2.699419187214));
#3697 = CARTESIAN_POINT('',(2.072157918001,2.716791554636));
#3698 = CARTESIAN_POINT('',(2.073339786622,2.733545353851));
#3699 = CARTESIAN_POINT('',(2.074570100862,2.749604321342));
#3700 = CARTESIAN_POINT('',(2.075849856225,2.764877180781));
#3701 = CARTESIAN_POINT('',(2.077179505215,2.779259221901));
#3702 = CARTESIAN_POINT('',(2.07855879347,2.792634755765));
#3703 = CARTESIAN_POINT('',(2.081613117521,2.818831177755));
#3704 = CARTESIAN_POINT('',(2.083303956387,2.831327358442));
#3705 = CARTESIAN_POINT('',(2.085055019814,2.84216056578));
#3706 = CARTESIAN_POINT('',(2.086860009472,2.851121323272));
#3707 = CARTESIAN_POINT('',(2.088710036699,2.858012677157));
#3708 = CARTESIAN_POINT('',(2.090593268093,2.862671854096));
#3709 = CARTESIAN_POINT('',(2.092494562928,2.865));
#3710 = CARTESIAN_POINT('',(2.094395102393,2.865));
#3711 = ( GEOMETRIC_REPRESENTATION_CONTEXT(2) 
PARAMETRIC_REPRESENTATION_CONTEXT() REPRESENTATION_CONTEXT('2D SPACE',''
  ) );
#3712 = PCURVE('',#1320,#3713);
#3713 = DEFINITIONAL_REPRESENTATION('',(#3714),#3871);
#3714 = B_SPLINE_CURVE_WITH_KNOTS('',8,(#3715,#3716,#3717,#3718,#3719,
    #3720,#3721,#3722,#3723,#3724,#3725,#3726,#3727,#3728,#3729,#3730,
    #3731,#3732,#3733,#3734,#3735,#3736,#3737,#3738,#3739,#3740,#3741,
    #3742,#3743,#3744,#3745,#3746,#3747,#3748,#3749,#3750,#3751,#3752,
    #3753,#3754,#3755,#3756,#3757,#3758,#3759,#3760,#3761,#3762,#3763,
    #3764,#3765,#3766,#3767,#3768,#3769,#3770,#3771,#3772,#3773,#3774,
    #3775,#3776,#3777,#3778,#3779,#3780,#3781,#3782,#3783,#3784,#3785,
    #3786,#3787,#3788,#3789,#3790,#3791,#3792,#3793,#3794,#3795,#3796,
    #3797,#3798,#3799,#3800,#3801,#3802,#3803,#3804,#3805,#3806,#3807,
    #3808,#3809,#3810,#3811,#3812,#3813,#3814,#3815,#3816,#3817,#3818,
    #3819,#3820,#3821,#3822,#3823,#3824,#3825,#3826,#3827,#3828,#3829,
    #3830,#3831,#3832,#3833,#3834,#3835,#3836,#3837,#3838,#3839,#3840,
    #3841,#3842,#3843,#3844,#3845,#3846,#3847,#3848,#3849,#3850,#3851,
    #3852,#3853,#3854,#3855,#3856,#3857,#3858,#3859,#3860,#3861,#3862,
    #3863,#3864,#3865,#3866,#3867,#3868,#3869,#3870),.UNSPECIFIED.,.F.,
  .F.,(9,7,7,7,7,7,7,7,7,7,7,7,7,7,7,7,7,7,7,7,7,7,9),(0.,
    3.448614051271E-02,5.83612106267E-02,9.448417551422E-02,
    0.129092182749,0.256052680118,0.39352053857,0.426133740102,
    0.461405248625,0.475301444506,0.483451922227,0.500025796148,
    0.520647969437,0.531213222052,0.553021483907,0.586308545591,
    0.6182224858,0.743969606123,0.819404419309,0.887882047335,
    0.923532721247,0.959277856273,1.),.UNSPECIFIED.);
#3715 = CARTESIAN_POINT('',(1.595620284157E-15,-0.435));
#3716 = CARTESIAN_POINT('',(3.810703552983E-02,-0.435));
#3717 = CARTESIAN_POINT('',(7.622456432216E-02,-0.436669011197));
#3718 = CARTESIAN_POINT('',(0.114161010703,-0.440008554502));
#3719 = CARTESIAN_POINT('',(0.151765735749,-0.444968810876));
#3720 = CARTESIAN_POINT('',(0.188918821184,-0.451464028976));
#3721 = CARTESIAN_POINT('',(0.225523651458,-0.459385104307));
#3722 = CARTESIAN_POINT('',(0.261502294029,-0.468609329882));
#3723 = CARTESIAN_POINT('',(0.321226225223,-0.4862059408));
#3724 = CARTESIAN_POINT('',(0.345340237074,-0.493970425988));
#3725 = CARTESIAN_POINT('',(0.369125817164,-0.502261744702));
#3726 = CARTESIAN_POINT('',(0.392577687946,-0.511041579878));
#3727 = CARTESIAN_POINT('',(0.415694742166,-0.5202730721));
#3728 = CARTESIAN_POINT('',(0.438479594484,-0.529921565064));
#3729 = CARTESIAN_POINT('',(0.460938133095,-0.53995535105));
#3730 = CARTESIAN_POINT('',(0.516578295926,-0.566068091188));
#3731 = CARTESIAN_POINT('',(0.549343108767,-0.582603967103));
#3732 = CARTESIAN_POINT('',(0.581409058737,-0.599858017813));
#3733 = CARTESIAN_POINT('',(0.612811179548,-0.617745174858));
#3734 = CARTESIAN_POINT('',(0.643584847637,-0.636191331176));
#3735 = CARTESIAN_POINT('',(0.673766640024,-0.655133344631));
#3736 = CARTESIAN_POINT('',(0.703395192185,-0.674519041558));
#3737 = CARTESIAN_POINT('',(0.76040779021,-0.713265504444));
#3738 = CARTESIAN_POINT('',(0.787828695485,-0.732589672003));
#3739 = CARTESIAN_POINT('',(0.814808080217,-0.752241244851));
#3740 = CARTESIAN_POINT('',(0.841375890969,-0.772186346437));
#3741 = CARTESIAN_POINT('',(0.867559495016,-0.792395420044));
#3742 = CARTESIAN_POINT('',(0.893384462991,-0.812842947061));
#3743 = CARTESIAN_POINT('',(0.918875351519,-0.83350716525));
#3744 = CARTESIAN_POINT('',(1.036434221374,-0.93090493157));
#3745 = CARTESIAN_POINT('',(1.124529888425,-1.010016863446));
#3746 = CARTESIAN_POINT('',(1.209671880683,-1.090897910751));
#3747 = CARTESIAN_POINT('',(1.292568841169,-1.173005059715));
#3748 = CARTESIAN_POINT('',(1.373852973644,-1.255901524041));
#3749 = CARTESIAN_POINT('',(1.454046435753,-1.3392735439));
#3750 = CARTESIAN_POINT('',(1.533693450263,-1.42289114381));
#3751 = CARTESIAN_POINT('',(1.69974676843,-1.597246937064));
#3752 = CARTESIAN_POINT('',(1.78587797062,-1.687696276791));
#3753 = CARTESIAN_POINT('',(1.872685322757,-1.777849831499));
#3754 = CARTESIAN_POINT('',(1.960926231837,-1.867432200905));
#3755 = CARTESIAN_POINT('',(2.051272647176,-1.956027477848));
#3756 = CARTESIAN_POINT('',(2.144684777595,-2.042937300164));
#3757 = CARTESIAN_POINT('',(2.242104471858,-2.127307831555));
#3758 = CARTESIAN_POINT('',(2.370565535069,-2.226674058162));
#3759 = CARTESIAN_POINT('',(2.395545255181,-2.245488756212));
#3760 = CARTESIAN_POINT('',(2.420900160156,-2.264041609778));
#3761 = CARTESIAN_POINT('',(2.446658039754,-2.282304630413));
#3762 = CARTESIAN_POINT('',(2.47284741027,-2.300244431174));
#3763 = CARTESIAN_POINT('',(2.499498444473,-2.317821840458));
#3764 = CARTESIAN_POINT('',(2.526643901549,-2.334991515845));
#3765 = CARTESIAN_POINT('',(2.584252100151,-2.369773638075));
#3766 = CARTESIAN_POINT('',(2.614795430055,-2.387302315814));
#3767 = CARTESIAN_POINT('',(2.646002100094,-2.404226067486));
#3768 = CARTESIAN_POINT('',(2.677915591014,-2.420465026722));
#3769 = CARTESIAN_POINT('',(2.710571656778,-2.4359214413));
#3770 = CARTESIAN_POINT('',(2.743998115996,-2.450481103648));
#3771 = CARTESIAN_POINT('',(2.778213588952,-2.464015755031));
#3772 = CARTESIAN_POINT('',(2.827018974481,-2.481260249448));
#3773 = CARTESIAN_POINT('',(2.84093447165,-2.485952707917));
#3774 = CARTESIAN_POINT('',(2.85497105219,-2.4904551121));
#3775 = CARTESIAN_POINT('',(2.869127338905,-2.49475837872));
#3776 = CARTESIAN_POINT('',(2.883401114064,-2.498853211718));
#3777 = CARTESIAN_POINT('',(2.897789236509,-2.502730246057));
#3778 = CARTESIAN_POINT('',(2.912287558757,-2.50638019152));
#3779 = CARTESIAN_POINT('',(2.935456048046,-2.511796249567));
#3780 = CARTESIAN_POINT('',(2.944057341929,-2.513717294372));
#3781 = CARTESIAN_POINT('',(2.952693646891,-2.515555249473));
#3782 = CARTESIAN_POINT('',(2.961363750024,-2.517308315514));
#3783 = CARTESIAN_POINT('',(2.970066304365,-2.518974755243));
#3784 = CARTESIAN_POINT('',(2.9787998289,-2.520552893509));
#3785 = CARTESIAN_POINT('',(2.987562708561,-2.522041117264));
#3786 = CARTESIAN_POINT('',(3.014228514686,-2.526278162563));
#3787 = CARTESIAN_POINT('',(3.032219189449,-2.528740486795));
#3788 = CARTESIAN_POINT('',(3.050308937477,-2.530811742545));
#3789 = CARTESIAN_POINT('',(3.068480443653,-2.532480797679));
#3790 = CARTESIAN_POINT('',(3.08671519983,-2.53373882499));
#3791 = CARTESIAN_POINT('',(3.104993345888,-2.53457963354));
#3792 = CARTESIAN_POINT('',(3.12329351078,-2.535));
#3793 = CARTESIAN_POINT('',(3.164361506294,-2.535));
#3794 = CARTESIAN_POINT('',(3.187132937624,-2.534349184258));
#3795 = CARTESIAN_POINT('',(3.209861312061,-2.533047346058));
#3796 = CARTESIAN_POINT('',(3.232505729351,-2.531102330581));
#3797 = CARTESIAN_POINT('',(3.255029519715,-2.528528908107));
#3798 = CARTESIAN_POINT('',(3.277399739061,-2.525347647232));
#3799 = CARTESIAN_POINT('',(3.299586664191,-2.521583788069));
#3800 = CARTESIAN_POINT('',(3.332822459351,-2.515054064331));
#3801 = CARTESIAN_POINT('',(3.344027275764,-2.512696437968));
#3802 = CARTESIAN_POINT('',(3.355174705464,-2.51019706521));
#3803 = CARTESIAN_POINT('',(3.366262073447,-2.507559843616));
#3804 = CARTESIAN_POINT('',(3.377287061487,-2.504788739465));
#3805 = CARTESIAN_POINT('',(3.388247708143,-2.50188778776));
#3806 = CARTESIAN_POINT('',(3.399142408758,-2.498861092224));
#3807 = CARTESIAN_POINT('',(3.432319508964,-2.489214331426));
#3808 = CARTESIAN_POINT('',(3.45438149594,-2.48219794943));
#3809 = CARTESIAN_POINT('',(3.476146571009,-2.474699323936));
#3810 = CARTESIAN_POINT('',(3.49760970667,-2.4667534914));
#3811 = CARTESIAN_POINT('',(3.518769731518,-2.458394186581));
#3812 = CARTESIAN_POINT('',(3.539628908466,-2.449653149002));
#3813 = CARTESIAN_POINT('',(3.560192512965,-2.44055942942));
#3814 = CARTESIAN_POINT('',(3.611416548251,-2.416759351112));
#3815 = CARTESIAN_POINT('',(3.641687533236,-2.401621530893));
#3816 = CARTESIAN_POINT('',(3.671314367521,-2.385815656067));
#3817 = CARTESIAN_POINT('',(3.700329682029,-2.369421646545));
#3818 = CARTESIAN_POINT('',(3.728766482307,-2.352508970595));
#3819 = CARTESIAN_POINT('',(3.756658893568,-2.33513669373));
#3820 = CARTESIAN_POINT('',(3.784042905734,-2.317353527596));
#3821 = CARTESIAN_POINT('',(3.836761095539,-2.281791167085));
#3822 = CARTESIAN_POINT('',(3.86212841803,-2.264045363049));
#3823 = CARTESIAN_POINT('',(3.887090041314,-2.245996444593));
#3824 = CARTESIAN_POINT('',(3.911673753166,-2.227675988741));
#3825 = CARTESIAN_POINT('',(3.935904892958,-2.209111466417));
#3826 = CARTESIAN_POINT('',(3.95980707085,-2.190326537167));
#3827 = CARTESIAN_POINT('',(3.983402886981,-2.171341343883));
#3828 = CARTESIAN_POINT('',(4.098567525388,-2.076645052775));
#3829 = CARTESIAN_POINT('',(4.185886168629,-1.998372627196));
#3830 = CARTESIAN_POINT('',(4.270183762094,-1.91827942092));
#3831 = CARTESIAN_POINT('',(4.352206457071,-1.83694841377));
#3832 = CARTESIAN_POINT('',(4.432629217654,-1.754845198559));
#3833 = CARTESIAN_POINT('',(4.511982276269,-1.672286442048));
#3834 = CARTESIAN_POINT('',(4.590819770259,-1.589496652461));
#3835 = CARTESIAN_POINT('',(4.717122658528,-1.456878764921));
#3836 = CARTESIAN_POINT('',(4.764479818732,-1.407157901257));
#3837 = CARTESIAN_POINT('',(4.811950054163,-1.35749178644));
#3838 = CARTESIAN_POINT('',(4.859643216293,-1.307934144452));
#3839 = CARTESIAN_POINT('',(4.907668763082,-1.258543614378));
#3840 = CARTESIAN_POINT('',(4.956141618914,-1.20938491535));
#3841 = CARTESIAN_POINT('',(5.00518992235,-1.160530535574));
#3842 = CARTESIAN_POINT('',(5.10014878748,-1.068065413414));
#3843 = CARTESIAN_POINT('',(5.145916951073,-1.024401279571));
#3844 = CARTESIAN_POINT('',(5.192390517079,-0.981121890162));
#3845 = CARTESIAN_POINT('',(5.239695018597,-0.938302192287));
#3846 = CARTESIAN_POINT('',(5.287961353612,-0.896040067324));
#3847 = CARTESIAN_POINT('',(5.337334803888,-0.854458780855));
#3848 = CARTESIAN_POINT('',(5.38799187635,-0.813712549075));
#3849 = CARTESIAN_POINT('',(5.467327208045,-0.753317672997));
#3850 = CARTESIAN_POINT('',(5.494894457996,-0.732923488625));
#3851 = CARTESIAN_POINT('',(5.522899485184,-0.712840198276));
#3852 = CARTESIAN_POINT('',(5.551374415982,-0.693101610991));
#3853 = CARTESIAN_POINT('',(5.580351814084,-0.673748189254));
#3854 = CARTESIAN_POINT('',(5.609865759798,-0.654827423105));
#3855 = CARTESIAN_POINT('',(5.639952929358,-0.636394204256));
#3856 = CARTESIAN_POINT('',(5.701435764709,-0.600580812786));
#3857 = CARTESIAN_POINT('',(5.732826437787,-0.583208445364));
#3858 = CARTESIAN_POINT('',(5.764870312975,-0.566454646149));
#3859 = CARTESIAN_POINT('',(5.797603694384,-0.550395678658));
#3860 = CARTESIAN_POINT('',(5.831055194982,-0.535122819219));
#3861 = CARTESIAN_POINT('',(5.865245334878,-0.520740778099));
#3862 = CARTESIAN_POINT('',(5.900185113626,-0.507365244235));
#3863 = CARTESIAN_POINT('',(5.976531114558,-0.481168822245));
#3864 = CARTESIAN_POINT('',(6.018194298128,-0.468672641558));
#3865 = CARTESIAN_POINT('',(6.060802118828,-0.45783943422));
#3866 = CARTESIAN_POINT('',(6.104259475705,-0.448878676728));
#3867 = CARTESIAN_POINT('',(6.148435499093,-0.441987322843));
#3868 = CARTESIAN_POINT('',(6.193154385369,-0.437328145904));
#3869 = CARTESIAN_POINT('',(6.238178722609,-0.435));
#3870 = CARTESIAN_POINT('',(6.28318530718,-0.435));
#3871 = ( GEOMETRIC_REPRESENTATION_CONTEXT(2) 
PARAMETRIC_REPRESENTATION_CONTEXT() REPRESENTATION_CONTEXT('2D SPACE',''
  ) );
#3872 = FACE_BOUND('',#3873,.T.);
#3873 = EDGE_LOOP('',(#3874));
#3874 = ORIENTED_EDGE('',*,*,#3875,.T.);
#3875 = EDGE_CURVE('',#3876,#3876,#3878,.T.);
#3876 = VERTEX_POINT('',#3877);
#3877 = CARTESIAN_POINT('',(-12.4325,91.565,21.5337216651));
#3878 = SURFACE_CURVE('',#3879,(#4036,#4196),.PCURVE_S1.);
#3879 = B_SPLINE_CURVE_WITH_KNOTS('',8,(#3880,#3881,#3882,#3883,#3884,
    #3885,#3886,#3887,#3888,#3889,#3890,#3891,#3892,#3893,#3894,#3895,
    #3896,#3897,#3898,#3899,#3900,#3901,#3902,#3903,#3904,#3905,#3906,
    #3907,#3908,#3909,#3910,#3911,#3912,#3913,#3914,#3915,#3916,#3917,
    #3918,#3919,#3920,#3921,#3922,#3923,#3924,#3925,#3926,#3927,#3928,
    #3929,#3930,#3931,#3932,#3933,#3934,#3935,#3936,#3937,#3938,#3939,
    #3940,#3941,#3942,#3943,#3944,#3945,#3946,#3947,#3948,#3949,#3950,
    #3951,#3952,#3953,#3954,#3955,#3956,#3957,#3958,#3959,#3960,#3961,
    #3962,#3963,#3964,#3965,#3966,#3967,#3968,#3969,#3970,#3971,#3972,
    #3973,#3974,#3975,#3976,#3977,#3978,#3979,#3980,#3981,#3982,#3983,
    #3984,#3985,#3986,#3987,#3988,#3989,#3990,#3991,#3992,#3993,#3994,
    #3995,#3996,#3997,#3998,#3999,#4000,#4001,#4002,#4003,#4004,#4005,
    #4006,#4007,#4008,#4009,#4010,#4011,#4012,#4013,#4014,#4015,#4016,
    #4017,#4018,#4019,#4020,#4021,#4022,#4023,#4024,#4025,#4026,#4027,
    #4028,#4029,#4030,#4031,#4032,#4033,#4034,#4035),.UNSPECIFIED.,.T.,
  .F.,(9,7,7,7,7,7,7,7,7,7,7,7,7,7,7,7,7,7,7,7,7,7,9),(0.,
    3.448614051251E-02,5.836121062631E-02,9.448417551353E-02,
    0.129092182748,0.256052680116,0.393520538568,0.4261337401,
    0.461405248623,0.475301444504,0.483451922225,0.500025796146,
    0.520647969434,0.53121322205,0.553021483905,0.586308545589,
    0.618222485797,0.743969606121,0.819404419307,0.887882047334,
    0.923532721247,0.959277856272,1.),.UNSPECIFIED.);
#3880 = CARTESIAN_POINT('',(-12.4325,91.565,21.5337216651));
#3881 = CARTESIAN_POINT('',(-12.39784825612,91.565,21.553727858753));
#3882 = CARTESIAN_POINT('',(-12.36231563318,91.563330988803,
    21.572230455345));
#3883 = CARTESIAN_POINT('',(-12.32615239467,91.559991445498,
    21.589083105365));
#3884 = CARTESIAN_POINT('',(-12.2895984179,91.555031189124,21.6042081801
    ));
#3885 = CARTESIAN_POINT('',(-12.2528768869,91.548535971024,
    21.617581694752));
#3886 = CARTESIAN_POINT('',(-12.21618987524,91.540614895693,
    21.629220488577));
#3887 = CARTESIAN_POINT('',(-12.17971581844,91.531390670119,
    21.639171662044));
#3888 = CARTESIAN_POINT('',(-12.11861171021,91.5137940592,21.65327301232
    ));
#3889 = CARTESIAN_POINT('',(-12.09377930855,91.506029574012,
    21.658268492745));
#3890 = CARTESIAN_POINT('',(-12.06915205734,91.497738255298,
    21.662515164569));
#3891 = CARTESIAN_POINT('',(-12.04476324191,91.488958420122,
    21.666040707648));
#3892 = CARTESIAN_POINT('',(-12.02063948491,91.4797269279,
    21.668874868429));
#3893 = CARTESIAN_POINT('',(-11.99680118424,91.470078434936,
    21.671048298968));
#3894 = CARTESIAN_POINT('',(-11.97326295113,91.46004464895,
    21.672591395944));
#3895 = CARTESIAN_POINT('',(-11.91488873371,91.433931908812,
    21.67495799731));
#3896 = CARTESIAN_POINT('',(-11.88045940837,91.417396032897,
    21.675006110364));
#3897 = CARTESIAN_POINT('',(-11.84677292544,91.400141982187,
    21.673779718169));
#3898 = CARTESIAN_POINT('',(-11.81384555198,91.382254825142,
    21.671373683331));
#3899 = CARTESIAN_POINT('',(-11.78168388389,91.363808668824,
    21.667875001112));
#3900 = CARTESIAN_POINT('',(-11.75028576108,91.344866655369,
    21.663362308805));
#3901 = CARTESIAN_POINT('',(-11.71964118262,91.325480958442,
    21.65790539511));
#3902 = CARTESIAN_POINT('',(-11.66107956836,91.286734495556,
    21.645489945327));
#3903 = CARTESIAN_POINT('',(-11.63310734217,91.267410327997,
    21.638605161841));
#3904 = CARTESIAN_POINT('',(-11.60580467004,91.247758755149,
    21.630964466791));
#3905 = CARTESIAN_POINT('',(-11.57915972007,91.227813653563,
    21.62261626103));
#3906 = CARTESIAN_POINT('',(-11.55316053729,91.207604579956,
    21.613603697506));
#3907 = CARTESIAN_POINT('',(-11.5277948792,91.187157052939,
    21.603965140257));
#3908 = CARTESIAN_POINT('',(-11.50305005127,91.16649283475,
    21.593734623391));
#3909 = CARTESIAN_POINT('',(-11.39036431175,91.06909506843,
    21.543350389762));
#3910 = CARTESIAN_POINT('',(-11.31010045615,90.989983136556,
    21.496245751232));
#3911 = CARTESIAN_POINT('',(-11.2373201626,90.909102089246,
    21.443086397228));
#3912 = CARTESIAN_POINT('',(-11.17167847283,90.826994940289,
    21.38473608367));
#3913 = CARTESIAN_POINT('',(-11.11289205605,90.744098475956,
    21.321886333872));
#3914 = CARTESIAN_POINT('',(-11.06081069366,90.660726456102,
    21.254998008456));
#3915 = CARTESIAN_POINT('',(-11.01535774851,90.57710885619,
    21.184386255399));
#3916 = CARTESIAN_POINT('',(-10.93469316881,90.402753062936,
    21.029811888947));
#3917 = CARTESIAN_POINT('',(-10.90078241254,90.312303723208,
    20.945498370418));
#3918 = CARTESIAN_POINT('',(-10.87487366497,90.222150168503,
    20.857358157506));
#3919 = CARTESIAN_POINT('',(-10.85737441322,90.132567799093,
    20.765466750552));
#3920 = CARTESIAN_POINT('',(-10.84887069814,90.043972522153,
    20.669950743715));
#3921 = CARTESIAN_POINT('',(-10.85047674029,89.957062699835,
    20.57093578682));
#3922 = CARTESIAN_POINT('',(-10.86340827972,89.872692168445,
    20.468645732199));
#3923 = CARTESIAN_POINT('',(-10.89698009469,89.773325941838,
    20.338006312081));
#3924 = CARTESIAN_POINT('',(-10.90421339476,89.754511243788,
    20.312784152295));
#3925 = CARTESIAN_POINT('',(-10.91227891793,89.735958390222,
    20.287393922048));
#3926 = CARTESIAN_POINT('',(-10.9212161664,89.717695369587,
    20.261843147839));
#3927 = CARTESIAN_POINT('',(-10.93106827881,89.699755568826,
    20.236143141243));
#3928 = CARTESIAN_POINT('',(-10.94188251432,89.682178159542,
    20.210309116431));
#3929 = CARTESIAN_POINT('',(-10.95371073667,89.665008484155,
    20.184360307688));
#3930 = CARTESIAN_POINT('',(-10.98056047231,89.630226361925,
    20.13015732384));
#3931 = CARTESIAN_POINT('',(-10.99575932504,89.612697684186,
    20.101896597507));
#3932 = CARTESIAN_POINT('',(-11.01228062591,89.595773932514,
    20.073561631471));
#3933 = CARTESIAN_POINT('',(-11.03020053918,89.579534973278,
    20.04519515858));
#3934 = CARTESIAN_POINT('',(-11.04959496236,89.564078558701,
    20.016859570683));
#3935 = CARTESIAN_POINT('',(-11.07053589871,89.549518896352,
    19.988637372859));
#3936 = CARTESIAN_POINT('',(-11.09308646357,89.535984244969,
    19.960631442187));
#3937 = CARTESIAN_POINT('',(-11.12683196641,89.518739750552,
    19.922065159315));
#3938 = CARTESIAN_POINT('',(-11.13662538907,89.514047292083,
    19.911219415938));
#3939 = CARTESIAN_POINT('',(-11.14667689977,89.5095448879,
    19.900436130762));
#3940 = CARTESIAN_POINT('',(-11.15698783972,89.50524162128,
    19.889724405144));
#3941 = CARTESIAN_POINT('',(-11.16755861487,89.501146788282,
    19.879094113141));
#3942 = CARTESIAN_POINT('',(-11.17838852665,89.497269753943,
    19.868555842708));
#3943 = CARTESIAN_POINT('',(-11.18947560262,89.49361980848,
    19.858120836892));
#3944 = CARTESIAN_POINT('',(-11.20746811369,89.488203750433,
    19.841748046105));
#3945 = CARTESIAN_POINT('',(-11.21420707088,89.486282705628,
    19.835734752012));
#3946 = CARTESIAN_POINT('',(-11.22103260545,89.484444750527,
    19.829763477933));
#3947 = CARTESIAN_POINT('',(-11.22794383302,89.482691684486,
    19.82383669186));
#3948 = CARTESIAN_POINT('',(-11.23493967825,89.481025244757,
    19.81795690459));
#3949 = CARTESIAN_POINT('',(-11.24201887473,89.479447106491,
    19.812126669732));
#3950 = CARTESIAN_POINT('',(-11.24917996507,89.477958882736,
    19.806348583703));
#3951 = CARTESIAN_POINT('',(-11.27114644832,89.473721837437,
    19.78898704534));
#3952 = CARTESIAN_POINT('',(-11.28620437083,89.471259513205,
    19.777574528279));
#3953 = CARTESIAN_POINT('',(-11.30157987963,89.469188257455,
    19.766410766819));
#3954 = CARTESIAN_POINT('',(-11.31725518059,89.467519202321,
    19.755518148592));
#3955 = CARTESIAN_POINT('',(-11.33320974503,89.46626117501,
    19.744918131217));
#3956 = CARTESIAN_POINT('',(-11.34942018044,89.46542036646,
    19.734630956913));
#3957 = CARTESIAN_POINT('',(-11.36586010133,89.465,19.724675367128));
#3958 = CARTESIAN_POINT('',(-11.4032043251,89.465,19.703114669483));
#3959 = CARTESIAN_POINT('',(-11.42422209633,89.465650815742,
    19.691698419877));
#3960 = CARTESIAN_POINT('',(-11.445495428,89.466952653942,
    19.680853208818));
#3961 = CARTESIAN_POINT('',(-11.46696716102,89.468897669419,
    19.67060349992));
#3962 = CARTESIAN_POINT('',(-11.48858138148,89.471471091893,
    19.660965504427));
#3963 = CARTESIAN_POINT('',(-11.51028393926,89.474652352768,
    19.651948105717));
#3964 = CARTESIAN_POINT('',(-11.53202296654,89.478416211931,
    19.643553783811));
#3965 = CARTESIAN_POINT('',(-11.56488038717,89.484945935669,
    19.631796601212));
#3966 = CARTESIAN_POINT('',(-11.57600891501,89.487303562032,
    19.627976164495));
#3967 = CARTESIAN_POINT('',(-11.58712892068,89.48980293479,
    19.624317562603));
#3968 = CARTESIAN_POINT('',(-11.59823474802,89.492440156384,
    19.620819821262));
#3969 = CARTESIAN_POINT('',(-11.60932114395,89.495211260535,
    19.617481659034));
#3970 = CARTESIAN_POINT('',(-11.62038325851,89.49811221224,
    19.614301487316));
#3971 = CARTESIAN_POINT('',(-11.63141664484,89.501138907776,
    19.611277410345));
#3972 = CARTESIAN_POINT('',(-11.66512417276,89.510785668574,
    19.602482733691));
#3973 = CARTESIAN_POINT('',(-11.68769024968,89.51780205057,
    19.597214518405));
#3974 = CARTESIAN_POINT('',(-11.71008179704,89.525300676064,
    19.592583279599));
#3975 = CARTESIAN_POINT('',(-11.7322712048,89.5332465086,19.58856686669)
  );
#3976 = CARTESIAN_POINT('',(-11.75423657216,89.541605813419,
    19.585141251459));
#3977 = CARTESIAN_POINT('',(-11.77596133402,89.550346850998,
    19.582281501238));
#3978 = CARTESIAN_POINT('',(-11.79743388735,89.55944057058,
    19.579962752117));
#3979 = CARTESIAN_POINT('',(-11.85102620489,89.583240648888,
    19.575411354057));
#3980 = CARTESIAN_POINT('',(-11.8827939569,89.598378469107,
    19.573866889902));
#3981 = CARTESIAN_POINT('',(-11.91393041504,89.614184343933,
    19.57344124869));
#3982 = CARTESIAN_POINT('',(-11.94442420002,89.630578353455,
    19.574054230596));
#3983 = CARTESIAN_POINT('',(-11.97427196444,89.647491029405,
    19.575632332832));
#3984 = CARTESIAN_POINT('',(-12.0034777454,89.66486330627,
    19.578109105526));
#3985 = CARTESIAN_POINT('',(-12.0320523171,89.682646472404,
    19.581425507597));
#3986 = CARTESIAN_POINT('',(-12.08681938504,89.718208832915,
    19.589465692809));
#3987 = CARTESIAN_POINT('',(-12.11305651796,89.735954636951,
    19.594124997447));
#3988 = CARTESIAN_POINT('',(-12.13873586709,89.754003555407,
    19.599462314179));
#3989 = CARTESIAN_POINT('',(-12.16386897451,89.772324011259,
    19.605436744199));
#3990 = CARTESIAN_POINT('',(-12.18846722155,89.790888533583,
    19.612011919554));
#3991 = CARTESIAN_POINT('',(-12.21254205081,89.809673462833,
    19.619155570431));
#3992 = CARTESIAN_POINT('',(-12.23610518827,89.828658656117,
    19.626839092445));
#3993 = CARTESIAN_POINT('',(-12.35004423045,89.923354947225,
    19.667338910155));
#3994 = CARTESIAN_POINT('',(-12.43304258097,90.001627372803,
    19.707585093708));
#3995 = CARTESIAN_POINT('',(-12.50908001522,90.081720579082,
    19.754249990101));
#3996 = CARTESIAN_POINT('',(-12.57849729345,90.163051586226,
    19.80650330248));
#3997 = CARTESIAN_POINT('',(-12.64157622647,90.245154801444,
    19.863669418681));
#3998 = CARTESIAN_POINT('',(-12.69844393331,90.32771355795,
    19.925321097247));
#3999 = CARTESIAN_POINT('',(-12.74916238276,90.41050334754,
    19.991168738889));
#4000 = CARTESIAN_POINT('',(-12.82030515191,90.543121235079,
    20.103089465249));
#4001 = CARTESIAN_POINT('',(-12.8447086279,90.592842098743,
    20.146497753387));
#4002 = CARTESIAN_POINT('',(-12.86681386821,90.64250821356,
    20.19130673771));
#4003 = CARTESIAN_POINT('',(-12.88657116455,90.692065855548,
    20.237482318826));
#4004 = CARTESIAN_POINT('',(-12.90390990295,90.741456385622,
    20.284995939949));
#4005 = CARTESIAN_POINT('',(-12.9187373692,90.79061508465,
    20.333823802233));
#4006 = CARTESIAN_POINT('',(-12.93093370492,90.839469464426,
    20.38394765266));
#4007 = CARTESIAN_POINT('',(-12.94888452431,90.931934586586,
    20.482025253172));
#4008 = CARTESIAN_POINT('',(-12.95512622336,90.975598720429,
    20.529737419104));
#4009 = CARTESIAN_POINT('',(-12.95895691005,91.018878109838,
    20.578494794396));
#4010 = CARTESIAN_POINT('',(-12.96023171043,91.061697807713,
    20.6282895869));
#4011 = CARTESIAN_POINT('',(-12.95877662619,91.103959932676,
    20.679102810034));
#4012 = CARTESIAN_POINT('',(-12.95438375505,91.145541219145,
    20.73090369586));
#4013 = CARTESIAN_POINT('',(-12.9467971837,91.186287450925,
    20.783650771384));
#4014 = CARTESIAN_POINT('',(-12.92990672276,91.246682327003,
    20.865222530634));
#4015 = CARTESIAN_POINT('',(-12.92317078275,91.267076511375,
    20.893387462143));
#4016 = CARTESIAN_POINT('',(-12.91543578644,91.287159801724,
    20.92178205158));
#4017 = CARTESIAN_POINT('',(-12.90665170767,91.306898389009,
    20.950393682051));
#4018 = CARTESIAN_POINT('',(-12.8967640846,91.326251810746,
    20.979204177767));
#4019 = CARTESIAN_POINT('',(-12.88571366356,91.345172576894,
    21.00818952098));
#4020 = CARTESIAN_POINT('',(-12.87343604276,91.363605795744,
    21.037319568913));
#4021 = CARTESIAN_POINT('',(-12.84625062138,91.399419187214,
    21.095873442905));
#4022 = CARTESIAN_POINT('',(-12.83133954027,91.416791554636,
    21.12528991973));
#4023 = CARTESIAN_POINT('',(-12.81505654935,91.433545353851,
    21.154774091399));
#4024 = CARTESIAN_POINT('',(-12.79732902968,91.449604321343,
    21.184274433716));
#4025 = CARTESIAN_POINT('',(-12.77808578438,91.464877180781,
    21.213720280077));
#4026 = CARTESIAN_POINT('',(-12.75726089952,91.479259221901,
    21.243021453944));
#4027 = CARTESIAN_POINT('',(-12.73479894843,91.492634755765,
    21.272068261794));
#4028 = CARTESIAN_POINT('',(-12.68316333424,91.518831177755,
    21.333386433413));
#4029 = CARTESIAN_POINT('',(-12.65346759815,91.531327358442,
    21.365571153669));
#4030 = CARTESIAN_POINT('',(-12.62155378342,91.54216056578,
    21.397043327373));
#4031 = CARTESIAN_POINT('',(-12.58745167179,91.551121323272,
    21.427529465796));
#4032 = CARTESIAN_POINT('',(-12.55125733566,91.558012677157,
    21.456733062531));
#4033 = CARTESIAN_POINT('',(-12.51315226902,91.562671854096,
    21.484350233838));
#4034 = CARTESIAN_POINT('',(-12.47342568785,91.565,21.5100932082));
#4035 = CARTESIAN_POINT('',(-12.4325,91.565,21.5337216651));
#4036 = PCURVE('',#1165,#4037);
#4037 = DEFINITIONAL_REPRESENTATION('',(#4038),#4195);
#4038 = B_SPLINE_CURVE_WITH_KNOTS('',8,(#4039,#4040,#4041,#4042,#4043,
    #4044,#4045,#4046,#4047,#4048,#4049,#4050,#4051,#4052,#4053,#4054,
    #4055,#4056,#4057,#4058,#4059,#4060,#4061,#4062,#4063,#4064,#4065,
    #4066,#4067,#4068,#4069,#4070,#4071,#4072,#4073,#4074,#4075,#4076,
    #4077,#4078,#4079,#4080,#4081,#4082,#4083,#4084,#4085,#4086,#4087,
    #4088,#4089,#4090,#4091,#4092,#4093,#4094,#4095,#4096,#4097,#4098,
    #4099,#4100,#4101,#4102,#4103,#4104,#4105,#4106,#4107,#4108,#4109,
    #4110,#4111,#4112,#4113,#4114,#4115,#4116,#4117,#4118,#4119,#4120,
    #4121,#4122,#4123,#4124,#4125,#4126,#4127,#4128,#4129,#4130,#4131,
    #4132,#4133,#4134,#4135,#4136,#4137,#4138,#4139,#4140,#4141,#4142,
    #4143,#4144,#4145,#4146,#4147,#4148,#4149,#4150,#4151,#4152,#4153,
    #4154,#4155,#4156,#4157,#4158,#4159,#4160,#4161,#4162,#4163,#4164,
    #4165,#4166,#4167,#4168,#4169,#4170,#4171,#4172,#4173,#4174,#4175,
    #4176,#4177,#4178,#4179,#4180,#4181,#4182,#4183,#4184,#4185,#4186,
    #4187,#4188,#4189,#4190,#4191,#4192,#4193,#4194),.UNSPECIFIED.,.T.,
  .F.,(9,7,7,7,7,7,7,7,7,7,7,7,7,7,7,7,7,7,7,7,7,7,9),(0.,
    3.448614051251E-02,5.836121062631E-02,9.448417551353E-02,
    0.129092182748,0.256052680116,0.393520538568,0.4261337401,
    0.461405248623,0.475301444504,0.483451922225,0.500025796146,
    0.520647969434,0.53121322205,0.553021483905,0.586308545589,
    0.618222485797,0.743969606121,0.819404419307,0.887882047334,
    0.923532721247,0.959277856272,1.),.UNSPECIFIED.);
#4039 = CARTESIAN_POINT('',(4.188790204786,2.865));
#4040 = CARTESIAN_POINT('',(4.190399389878,2.865));
#4041 = CARTESIAN_POINT('',(4.192009019782,2.863330988803));
#4042 = CARTESIAN_POINT('',(4.193607874424,2.859991445498));
#4043 = CARTESIAN_POINT('',(4.195186476202,2.855031189124));
#4044 = CARTESIAN_POINT('',(4.196736954772,2.848535971024));
#4045 = CARTESIAN_POINT('',(4.198252912634,2.840614895693));
#4046 = CARTESIAN_POINT('',(4.199729291546,2.831390670118));
#4047 = CARTESIAN_POINT('',(4.202154282875,2.8137940592));
#4048 = CARTESIAN_POINT('',(4.203125952363,2.806029574012));
#4049 = CARTESIAN_POINT('',(4.204076379817,2.797738255298));
#4050 = CARTESIAN_POINT('',(4.205004992189,2.788958420122));
#4051 = CARTESIAN_POINT('',(4.205911475955,2.7797269279));
#4052 = CARTESIAN_POINT('',(4.206795741277,2.770078434936));
#4053 = CARTESIAN_POINT('',(4.207657886181,2.76004464895));
#4054 = CARTESIAN_POINT('',(4.209769495546,2.733931908812));
#4055 = CARTESIAN_POINT('',(4.210990484437,2.717396032897));
#4056 = CARTESIAN_POINT('',(4.212162212818,2.700141982187));
#4057 = CARTESIAN_POINT('',(4.213285952681,2.682254825142));
#4058 = CARTESIAN_POINT('',(4.214363131085,2.663808668824));
#4059 = CARTESIAN_POINT('',(4.215395298651,2.644866655369));
#4060 = CARTESIAN_POINT('',(4.216384098066,2.625480958442));
#4061 = CARTESIAN_POINT('',(4.218238645283,2.586734495556));
#4062 = CARTESIAN_POINT('',(4.219107647473,2.567410327997));
#4063 = CARTESIAN_POINT('',(4.219939644741,2.547758755149));
#4064 = CARTESIAN_POINT('',(4.22073592288,2.527813653563));
#4065 = CARTESIAN_POINT('',(4.221497664742,2.507604579956));
#4066 = CARTESIAN_POINT('',(4.222225967101,2.487157052939));
#4067 = CARTESIAN_POINT('',(4.222921857524,2.46649283475));
#4068 = CARTESIAN_POINT('',(4.226023879316,2.36909506843));
#4069 = CARTESIAN_POINT('',(4.228035369664,2.289983136555));
#4070 = CARTESIAN_POINT('',(4.229673433843,2.209102089247));
#4071 = CARTESIAN_POINT('',(4.230962835657,2.126994940288));
#4072 = CARTESIAN_POINT('',(4.231922793938,2.044098475956));
#4073 = CARTESIAN_POINT('',(4.232563355543,1.960726456101));
#4074 = CARTESIAN_POINT('',(4.232889107458,1.87710885619));
#4075 = CARTESIAN_POINT('',(4.232899948989,1.702753062936));
#4076 = CARTESIAN_POINT('',(4.232529731813,1.612303723208));
#4077 = CARTESIAN_POINT('',(4.231781266203,1.522150168503));
#4078 = CARTESIAN_POINT('',(4.230635015492,1.432567799093));
#4079 = CARTESIAN_POINT('',(4.22906535574,1.343972522153));
#4080 = CARTESIAN_POINT('',(4.227025998496,1.257062699835));
#4081 = CARTESIAN_POINT('',(4.224468537621,1.172692168445));
#4082 = CARTESIAN_POINT('',(4.2205185566,1.073325941837));
#4083 = CARTESIAN_POINT('',(4.219725812811,1.054511243788));
#4084 = CARTESIAN_POINT('',(4.218896343342,1.035958390222));
#4085 = CARTESIAN_POINT('',(4.218028708296,1.017695369587));
#4086 = CARTESIAN_POINT('',(4.217121410206,0.999755568826));
#4087 = CARTESIAN_POINT('',(4.21617288192,0.982178159542));
#4088 = CARTESIAN_POINT('',(4.215181474494,0.965008484155));
#4089 = CARTESIAN_POINT('',(4.213024968754,0.930226361925));
#4090 = CARTESIAN_POINT('',(4.211852653359,0.912697684186));
#4091 = CARTESIAN_POINT('',(4.210626094942,0.895773932514));
#4092 = CARTESIAN_POINT('',(4.209343228034,0.879534973278));
#4093 = CARTESIAN_POINT('',(4.208002444437,0.8640785587));
#4094 = CARTESIAN_POINT('',(4.206602762261,0.849518896352));
#4095 = CARTESIAN_POINT('',(4.205144045208,0.835984244969));
#4096 = CARTESIAN_POINT('',(4.203029696957,0.818739750552));
#4097 = CARTESIAN_POINT('',(4.202423191508,0.814047292083));
#4098 = CARTESIAN_POINT('',(4.201807862576,0.8095448879));
#4099 = CARTESIAN_POINT('',(4.201183866527,0.80524162128));
#4100 = CARTESIAN_POINT('',(4.200551414622,0.801146788282));
#4101 = CARTESIAN_POINT('',(4.199910778402,0.797269753943));
#4102 = CARTESIAN_POINT('',(4.199262295054,0.79361980848));
#4103 = CARTESIAN_POINT('',(4.198221657441,0.788203750433));
#4104 = CARTESIAN_POINT('',(4.197834383786,0.786282705628));
#4105 = CARTESIAN_POINT('',(4.197444635133,0.784444750527));
#4106 = CARTESIAN_POINT('',(4.197052503346,0.782691684486));
#4107 = CARTESIAN_POINT('',(4.19665808884,0.781025244757));
#4108 = CARTESIAN_POINT('',(4.196261500581,0.779447106491));
#4109 = CARTESIAN_POINT('',(4.195862856087,0.777958882736));
#4110 = CARTESIAN_POINT('',(4.194647718881,0.773721837437));
#4111 = CARTESIAN_POINT('',(4.193825120587,0.771259513205));
#4112 = CARTESIAN_POINT('',(4.192995614988,0.769188257455));
#4113 = CARTESIAN_POINT('',(4.192160421813,0.767519202321));
#4114 = CARTESIAN_POINT('',(4.191320849255,0.76626117501));
#4115 = CARTESIAN_POINT('',(4.190478291142,0.76542036646));
#4116 = CARTESIAN_POINT('',(4.189634224112,0.765));
#4117 = CARTESIAN_POINT('',(4.187740027086,0.765));
#4118 = CARTESIAN_POINT('',(4.186689728088,0.765650815742));
#4119 = CARTESIAN_POINT('',(4.185642368196,0.766952653942));
#4120 = CARTESIAN_POINT('',(4.184600776741,0.768897669419));
#4121 = CARTESIAN_POINT('',(4.183567548712,0.771471091893));
#4122 = CARTESIAN_POINT('',(4.18254504149,0.774652352768));
#4123 = CARTESIAN_POINT('',(4.181535371583,0.778416211931));
#4124 = CARTESIAN_POINT('',(4.180030668471,0.784945935669));
#4125 = CARTESIAN_POINT('',(4.179524749064,0.787303562032));
#4126 = CARTESIAN_POINT('',(4.179022878847,0.78980293479));
#4127 = CARTESIAN_POINT('',(4.178525260489,0.792440156384));
#4128 = CARTESIAN_POINT('',(4.178032073622,0.795211260535));
#4129 = CARTESIAN_POINT('',(4.177543474836,0.79811221224));
#4130 = CARTESIAN_POINT('',(4.177059597681,0.801138907776));
#4131 = CARTESIAN_POINT('',(4.175591732104,0.810785668574));
#4132 = CARTESIAN_POINT('',(4.174623558419,0.81780205057));
#4133 = CARTESIAN_POINT('',(4.173676935129,0.825300676064));
#4134 = CARTESIAN_POINT('',(4.172752455346,0.8332465086));
#4135 = CARTESIAN_POINT('',(4.171850440059,0.841605813419));
#4136 = CARTESIAN_POINT('',(4.170970976422,0.850346850998));
#4137 = CARTESIAN_POINT('',(4.170113956031,0.85944057058));
#4138 = CARTESIAN_POINT('',(4.168004850064,0.883240648888));
#4139 = CARTESIAN_POINT('',(4.166782540009,0.898378469107));
#4140 = CARTESIAN_POINT('',(4.165611011845,0.914184343933));
#4141 = CARTESIAN_POINT('',(4.164488869907,0.930578353455));
#4142 = CARTESIAN_POINT('',(4.163414536843,0.947491029405));
#4143 = CARTESIAN_POINT('',(4.162386296392,0.96486330627));
#4144 = CARTESIAN_POINT('',(4.161402336155,0.982646472404));
#4145 = CARTESIAN_POINT('',(4.159558084203,1.018208832915));
#4146 = CARTESIAN_POINT('',(4.15869453248,1.035954636951));
#4147 = CARTESIAN_POINT('',(4.15786858138,1.054003555407));
#4148 = CARTESIAN_POINT('',(4.15707879766,1.072324011259));
#4149 = CARTESIAN_POINT('',(4.156323852579,1.090888533583));
#4150 = CARTESIAN_POINT('',(4.155602505828,1.109673462833));
#4151 = CARTESIAN_POINT('',(4.154913589458,1.128658656117));
#4152 = CARTESIAN_POINT('',(4.151664929398,1.223354947225));
#4153 = CARTESIAN_POINT('',(4.149563602703,1.301627372802));
#4154 = CARTESIAN_POINT('',(4.147878347963,1.381720579083));
#4155 = CARTESIAN_POINT('',(4.146572753803,1.463051586225));
#4156 = CARTESIAN_POINT('',(4.145616297075,1.545154801445));
#4157 = CARTESIAN_POINT('',(4.144990089214,1.62771355795));
#4158 = CARTESIAN_POINT('',(4.144680942501,1.710503347539));
#4159 = CARTESIAN_POINT('',(4.144689188747,1.843121235079));
#4160 = CARTESIAN_POINT('',(4.144805381918,1.892842098743));
#4161 = CARTESIAN_POINT('',(4.145033709114,1.94250821356));
#4162 = CARTESIAN_POINT('',(4.145374227432,1.992065855548));
#4163 = CARTESIAN_POINT('',(4.145827860926,2.041456385622));
#4164 = CARTESIAN_POINT('',(4.146396414313,2.09061508465));
#4165 = CARTESIAN_POINT('',(4.147082757681,2.139469464426));
#4166 = CARTESIAN_POINT('',(4.148625047524,2.231934586586));
#4167 = CARTESIAN_POINT('',(4.149459283933,2.275598720429));
#4168 = CARTESIAN_POINT('',(4.150397112392,2.318878109838));
#4169 = CARTESIAN_POINT('',(4.151442719087,2.361697807713));
#4170 = CARTESIAN_POINT('',(4.152601048308,2.403959932676));
#4171 = CARTESIAN_POINT('',(4.153877963977,2.445541219145));
#4172 = CARTESIAN_POINT('',(4.155280779806,2.486287450925));
#4173 = CARTESIAN_POINT('',(4.157620065246,2.546682327003));
#4174 = CARTESIAN_POINT('',(4.158457541811,2.567076511375));
#4175 = CARTESIAN_POINT('',(4.159332936913,2.587159801724));
#4176 = CARTESIAN_POINT('',(4.160247629512,2.606898389009));
#4177 = CARTESIAN_POINT('',(4.161203039804,2.626251810746));
#4178 = CARTESIAN_POINT('',(4.162200640633,2.645172576894));
#4179 = CARTESIAN_POINT('',(4.163241968897,2.663605795744));
#4180 = CARTESIAN_POINT('',(4.165418184292,2.699419187214));
#4181 = CARTESIAN_POINT('',(4.166553020394,2.716791554636));
#4182 = CARTESIAN_POINT('',(4.167734889015,2.733545353851));
#4183 = CARTESIAN_POINT('',(4.168965203255,2.749604321343));
#4184 = CARTESIAN_POINT('',(4.170244958618,2.764877180781));
#4185 = CARTESIAN_POINT('',(4.171574607608,2.779259221901));
#4186 = CARTESIAN_POINT('',(4.172953895864,2.792634755765));
#4187 = CARTESIAN_POINT('',(4.176008219914,2.818831177755));
#4188 = CARTESIAN_POINT('',(4.17769905878,2.831327358442));
#4189 = CARTESIAN_POINT('',(4.179450122208,2.84216056578));
#4190 = CARTESIAN_POINT('',(4.181255111865,2.851121323272));
#4191 = CARTESIAN_POINT('',(4.183105139092,2.858012677157));
#4192 = CARTESIAN_POINT('',(4.184988370486,2.862671854096));
#4193 = CARTESIAN_POINT('',(4.186889665321,2.865));
#4194 = CARTESIAN_POINT('',(4.188790204786,2.865));
#4195 = ( GEOMETRIC_REPRESENTATION_CONTEXT(2) 
PARAMETRIC_REPRESENTATION_CONTEXT() REPRESENTATION_CONTEXT('2D SPACE',''
  ) );
#4196 = PCURVE('',#1196,#4197);
#4197 = DEFINITIONAL_REPRESENTATION('',(#4198),#4355);
#4198 = B_SPLINE_CURVE_WITH_KNOTS('',8,(#4199,#4200,#4201,#4202,#4203,
    #4204,#4205,#4206,#4207,#4208,#4209,#4210,#4211,#4212,#4213,#4214,
    #4215,#4216,#4217,#4218,#4219,#4220,#4221,#4222,#4223,#4224,#4225,
    #4226,#4227,#4228,#4229,#4230,#4231,#4232,#4233,#4234,#4235,#4236,
    #4237,#4238,#4239,#4240,#4241,#4242,#4243,#4244,#4245,#4246,#4247,
    #4248,#4249,#4250,#4251,#4252,#4253,#4254,#4255,#4256,#4257,#4258,
    #4259,#4260,#4261,#4262,#4263,#4264,#4265,#4266,#4267,#4268,#4269,
    #4270,#4271,#4272,#4273,#4274,#4275,#4276,#4277,#4278,#4279,#4280,
    #4281,#4282,#4283,#4284,#4285,#4286,#4287,#4288,#4289,#4290,#4291,
    #4292,#4293,#4294,#4295,#4296,#4297,#4298,#4299,#4300,#4301,#4302,
    #4303,#4304,#4305,#4306,#4307,#4308,#4309,#4310,#4311,#4312,#4313,
    #4314,#4315,#4316,#4317,#4318,#4319,#4320,#4321,#4322,#4323,#4324,
    #4325,#4326,#4327,#4328,#4329,#4330,#4331,#4332,#4333,#4334,#4335,
    #4336,#4337,#4338,#4339,#4340,#4341,#4342,#4343,#4344,#4345,#4346,
    #4347,#4348,#4349,#4350,#4351,#4352,#4353,#4354),.UNSPECIFIED.,.F.,
  .F.,(9,7,7,7,7,7,7,7,7,7,7,7,7,7,7,7,7,7,7,7,7,7,9),(0.,
    3.448614051251E-02,5.836121062631E-02,9.448417551353E-02,
    0.129092182748,0.256052680116,0.393520538568,0.4261337401,
    0.461405248623,0.475301444504,0.483451922225,0.500025796146,
    0.520647969434,0.53121322205,0.553021483905,0.586308545589,
    0.618222485797,0.743969606121,0.819404419307,0.887882047334,
    0.923532721247,0.959277856272,1.),.UNSPECIFIED.);
#4199 = CARTESIAN_POINT('',(-8.881784197001E-16,-0.435));
#4200 = CARTESIAN_POINT('',(3.810703552973E-02,-0.435));
#4201 = CARTESIAN_POINT('',(7.622456432226E-02,-0.436669011197));
#4202 = CARTESIAN_POINT('',(0.114161010703,-0.440008554502));
#4203 = CARTESIAN_POINT('',(0.151765735749,-0.444968810876));
#4204 = CARTESIAN_POINT('',(0.188918821184,-0.451464028976));
#4205 = CARTESIAN_POINT('',(0.225523651458,-0.459385104307));
#4206 = CARTESIAN_POINT('',(0.261502294029,-0.468609329881));
#4207 = CARTESIAN_POINT('',(0.321226225223,-0.4862059408));
#4208 = CARTESIAN_POINT('',(0.345340237074,-0.493970425988));
#4209 = CARTESIAN_POINT('',(0.369125817164,-0.502261744702));
#4210 = CARTESIAN_POINT('',(0.392577687946,-0.511041579878));
#4211 = CARTESIAN_POINT('',(0.415694742166,-0.5202730721));
#4212 = CARTESIAN_POINT('',(0.438479594484,-0.529921565064));
#4213 = CARTESIAN_POINT('',(0.460938133095,-0.53995535105));
#4214 = CARTESIAN_POINT('',(0.516578295926,-0.566068091188));
#4215 = CARTESIAN_POINT('',(0.549343108767,-0.582603967103));
#4216 = CARTESIAN_POINT('',(0.581409058737,-0.599858017813));
#4217 = CARTESIAN_POINT('',(0.612811179548,-0.617745174858));
#4218 = CARTESIAN_POINT('',(0.643584847637,-0.636191331176));
#4219 = CARTESIAN_POINT('',(0.673766640024,-0.655133344631));
#4220 = CARTESIAN_POINT('',(0.703395192185,-0.674519041558));
#4221 = CARTESIAN_POINT('',(0.76040779021,-0.713265504444));
#4222 = CARTESIAN_POINT('',(0.787828695485,-0.732589672003));
#4223 = CARTESIAN_POINT('',(0.814808080217,-0.752241244851));
#4224 = CARTESIAN_POINT('',(0.841375890969,-0.772186346437));
#4225 = CARTESIAN_POINT('',(0.867559495016,-0.792395420044));
#4226 = CARTESIAN_POINT('',(0.893384462991,-0.812842947061));
#4227 = CARTESIAN_POINT('',(0.918875351519,-0.83350716525));
#4228 = CARTESIAN_POINT('',(1.036434221375,-0.93090493157));
#4229 = CARTESIAN_POINT('',(1.124529888423,-1.010016863444));
#4230 = CARTESIAN_POINT('',(1.209671880688,-1.090897910754));
#4231 = CARTESIAN_POINT('',(1.292568841164,-1.173005059711));
#4232 = CARTESIAN_POINT('',(1.373852973648,-1.255901524044));
#4233 = CARTESIAN_POINT('',(1.454046435751,-1.339273543898));
#4234 = CARTESIAN_POINT('',(1.533693450264,-1.42289114381));
#4235 = CARTESIAN_POINT('',(1.69974676843,-1.597246937064));
#4236 = CARTESIAN_POINT('',(1.785877970621,-1.687696276792));
#4237 = CARTESIAN_POINT('',(1.872685322754,-1.777849831497));
#4238 = CARTESIAN_POINT('',(1.960926231841,-1.867432200907));
#4239 = CARTESIAN_POINT('',(2.051272647173,-1.956027477847));
#4240 = CARTESIAN_POINT('',(2.144684777596,-2.042937300165));
#4241 = CARTESIAN_POINT('',(2.242104471858,-2.127307831555));
#4242 = CARTESIAN_POINT('',(2.370565535069,-2.226674058162));
#4243 = CARTESIAN_POINT('',(2.395545255181,-2.245488756212));
#4244 = CARTESIAN_POINT('',(2.420900160156,-2.264041609778));
#4245 = CARTESIAN_POINT('',(2.446658039754,-2.282304630413));
#4246 = CARTESIAN_POINT('',(2.47284741027,-2.300244431174));
#4247 = CARTESIAN_POINT('',(2.499498444473,-2.317821840458));
#4248 = CARTESIAN_POINT('',(2.526643901549,-2.334991515845));
#4249 = CARTESIAN_POINT('',(2.584252100151,-2.369773638075));
#4250 = CARTESIAN_POINT('',(2.614795430055,-2.387302315814));
#4251 = CARTESIAN_POINT('',(2.646002100094,-2.404226067486));
#4252 = CARTESIAN_POINT('',(2.677915591014,-2.420465026722));
#4253 = CARTESIAN_POINT('',(2.710571656778,-2.4359214413));
#4254 = CARTESIAN_POINT('',(2.743998115996,-2.450481103648));
#4255 = CARTESIAN_POINT('',(2.778213588952,-2.464015755031));
#4256 = CARTESIAN_POINT('',(2.827018974481,-2.481260249448));
#4257 = CARTESIAN_POINT('',(2.84093447165,-2.485952707917));
#4258 = CARTESIAN_POINT('',(2.85497105219,-2.4904551121));
#4259 = CARTESIAN_POINT('',(2.869127338905,-2.49475837872));
#4260 = CARTESIAN_POINT('',(2.883401114064,-2.498853211718));
#4261 = CARTESIAN_POINT('',(2.897789236509,-2.502730246057));
#4262 = CARTESIAN_POINT('',(2.912287558757,-2.50638019152));
#4263 = CARTESIAN_POINT('',(2.935456048046,-2.511796249567));
#4264 = CARTESIAN_POINT('',(2.944057341929,-2.513717294372));
#4265 = CARTESIAN_POINT('',(2.952693646891,-2.515555249473));
#4266 = CARTESIAN_POINT('',(2.961363750024,-2.517308315514));
#4267 = CARTESIAN_POINT('',(2.970066304365,-2.518974755243));
#4268 = CARTESIAN_POINT('',(2.9787998289,-2.520552893509));
#4269 = CARTESIAN_POINT('',(2.987562708561,-2.522041117264));
#4270 = CARTESIAN_POINT('',(3.014228514686,-2.526278162563));
#4271 = CARTESIAN_POINT('',(3.032219189449,-2.528740486795));
#4272 = CARTESIAN_POINT('',(3.050308937477,-2.530811742545));
#4273 = CARTESIAN_POINT('',(3.068480443653,-2.532480797679));
#4274 = CARTESIAN_POINT('',(3.08671519983,-2.53373882499));
#4275 = CARTESIAN_POINT('',(3.104993345888,-2.53457963354));
#4276 = CARTESIAN_POINT('',(3.12329351078,-2.535));
#4277 = CARTESIAN_POINT('',(3.164361506294,-2.535));
#4278 = CARTESIAN_POINT('',(3.187132937624,-2.534349184258));
#4279 = CARTESIAN_POINT('',(3.209861312061,-2.533047346058));
#4280 = CARTESIAN_POINT('',(3.232505729351,-2.531102330581));
#4281 = CARTESIAN_POINT('',(3.255029519715,-2.528528908107));
#4282 = CARTESIAN_POINT('',(3.277399739061,-2.525347647232));
#4283 = CARTESIAN_POINT('',(3.299586664191,-2.521583788069));
#4284 = CARTESIAN_POINT('',(3.332822459351,-2.515054064331));
#4285 = CARTESIAN_POINT('',(3.344027275764,-2.512696437968));
#4286 = CARTESIAN_POINT('',(3.355174705464,-2.51019706521));
#4287 = CARTESIAN_POINT('',(3.366262073447,-2.507559843616));
#4288 = CARTESIAN_POINT('',(3.377287061487,-2.504788739465));
#4289 = CARTESIAN_POINT('',(3.388247708143,-2.50188778776));
#4290 = CARTESIAN_POINT('',(3.399142408758,-2.498861092224));
#4291 = CARTESIAN_POINT('',(3.432319508964,-2.489214331426));
#4292 = CARTESIAN_POINT('',(3.45438149594,-2.48219794943));
#4293 = CARTESIAN_POINT('',(3.476146571009,-2.474699323936));
#4294 = CARTESIAN_POINT('',(3.49760970667,-2.4667534914));
#4295 = CARTESIAN_POINT('',(3.518769731518,-2.458394186581));
#4296 = CARTESIAN_POINT('',(3.539628908466,-2.449653149002));
#4297 = CARTESIAN_POINT('',(3.560192512965,-2.44055942942));
#4298 = CARTESIAN_POINT('',(3.611416548251,-2.416759351112));
#4299 = CARTESIAN_POINT('',(3.641687533236,-2.401621530893));
#4300 = CARTESIAN_POINT('',(3.671314367521,-2.385815656067));
#4301 = CARTESIAN_POINT('',(3.700329682029,-2.369421646545));
#4302 = CARTESIAN_POINT('',(3.728766482307,-2.352508970595));
#4303 = CARTESIAN_POINT('',(3.756658893568,-2.33513669373));
#4304 = CARTESIAN_POINT('',(3.784042905734,-2.317353527596));
#4305 = CARTESIAN_POINT('',(3.836761095539,-2.281791167085));
#4306 = CARTESIAN_POINT('',(3.86212841803,-2.264045363049));
#4307 = CARTESIAN_POINT('',(3.887090041314,-2.245996444593));
#4308 = CARTESIAN_POINT('',(3.911673753166,-2.227675988741));
#4309 = CARTESIAN_POINT('',(3.935904892958,-2.209111466417));
#4310 = CARTESIAN_POINT('',(3.95980707085,-2.190326537167));
#4311 = CARTESIAN_POINT('',(3.983402886981,-2.171341343883));
#4312 = CARTESIAN_POINT('',(4.098567525388,-2.076645052775));
#4313 = CARTESIAN_POINT('',(4.185886168626,-1.998372627197));
#4314 = CARTESIAN_POINT('',(4.270183762103,-1.918279420918));
#4315 = CARTESIAN_POINT('',(4.352206457058,-1.836948413774));
#4316 = CARTESIAN_POINT('',(4.432629217664,-1.754845198556));
#4317 = CARTESIAN_POINT('',(4.511982276265,-1.67228644205));
#4318 = CARTESIAN_POINT('',(4.590819770259,-1.58949665246));
#4319 = CARTESIAN_POINT('',(4.717122658528,-1.456878764921));
#4320 = CARTESIAN_POINT('',(4.764479818732,-1.407157901257));
#4321 = CARTESIAN_POINT('',(4.811950054163,-1.35749178644));
#4322 = CARTESIAN_POINT('',(4.859643216293,-1.307934144452));
#4323 = CARTESIAN_POINT('',(4.907668763082,-1.258543614378));
#4324 = CARTESIAN_POINT('',(4.956141618914,-1.209384915349));
#4325 = CARTESIAN_POINT('',(5.00518992235,-1.160530535574));
#4326 = CARTESIAN_POINT('',(5.10014878748,-1.068065413414));
#4327 = CARTESIAN_POINT('',(5.145916951073,-1.024401279571));
#4328 = CARTESIAN_POINT('',(5.192390517079,-0.981121890162));
#4329 = CARTESIAN_POINT('',(5.239695018597,-0.938302192287));
#4330 = CARTESIAN_POINT('',(5.287961353612,-0.896040067324));
#4331 = CARTESIAN_POINT('',(5.337334803888,-0.854458780855));
#4332 = CARTESIAN_POINT('',(5.38799187635,-0.813712549075));
#4333 = CARTESIAN_POINT('',(5.467327208045,-0.753317672997));
#4334 = CARTESIAN_POINT('',(5.494894457996,-0.732923488625));
#4335 = CARTESIAN_POINT('',(5.522899485184,-0.712840198276));
#4336 = CARTESIAN_POINT('',(5.551374415982,-0.693101610991));
#4337 = CARTESIAN_POINT('',(5.580351814084,-0.673748189254));
#4338 = CARTESIAN_POINT('',(5.609865759798,-0.654827423106));
#4339 = CARTESIAN_POINT('',(5.639952929358,-0.636394204256));
#4340 = CARTESIAN_POINT('',(5.70143576471,-0.600580812786));
#4341 = CARTESIAN_POINT('',(5.732826437786,-0.583208445364));
#4342 = CARTESIAN_POINT('',(5.764870312975,-0.566454646149));
#4343 = CARTESIAN_POINT('',(5.797603694385,-0.550395678657));
#4344 = CARTESIAN_POINT('',(5.831055194982,-0.535122819219));
#4345 = CARTESIAN_POINT('',(5.865245334877,-0.520740778099));
#4346 = CARTESIAN_POINT('',(5.900185113626,-0.507365244235));
#4347 = CARTESIAN_POINT('',(5.976531114557,-0.481168822245));
#4348 = CARTESIAN_POINT('',(6.018194298128,-0.468672641558));
#4349 = CARTESIAN_POINT('',(6.060802118828,-0.45783943422));
#4350 = CARTESIAN_POINT('',(6.104259475705,-0.448878676728));
#4351 = CARTESIAN_POINT('',(6.148435499094,-0.441987322843));
#4352 = CARTESIAN_POINT('',(6.193154385369,-0.437328145904));
#4353 = CARTESIAN_POINT('',(6.238178722609,-0.435));
#4354 = CARTESIAN_POINT('',(6.28318530718,-0.435));
#4355 = ( GEOMETRIC_REPRESENTATION_CONTEXT(2) 
PARAMETRIC_REPRESENTATION_CONTEXT() REPRESENTATION_CONTEXT('2D SPACE',''
  ) );
#4356 = ADVANCED_FACE('',(#4357),#1196,.F.);
#4357 = FACE_BOUND('',#4358,.F.);
#4358 = EDGE_LOOP('',(#4359,#4360,#4381,#4382));
#4359 = ORIENTED_EDGE('',*,*,#1179,.F.);
#4360 = ORIENTED_EDGE('',*,*,#4361,.T.);
#4361 = EDGE_CURVE('',#1180,#3876,#4362,.T.);
#4362 = SEAM_CURVE('',#4363,(#4367,#4374),.PCURVE_S1.);
#4363 = LINE('',#4364,#4365);
#4364 = CARTESIAN_POINT('',(-12.4325,92.,21.5337216651));
#4365 = VECTOR('',#4366,1.);
#4366 = DIRECTION('',(0.,-1.,-0.));
#4367 = PCURVE('',#1196,#4368);
#4368 = DEFINITIONAL_REPRESENTATION('',(#4369),#4373);
#4369 = LINE('',#4370,#4371);
#4370 = CARTESIAN_POINT('',(6.28318530718,0.));
#4371 = VECTOR('',#4372,1.);
#4372 = DIRECTION('',(0.,-1.));
#4373 = ( GEOMETRIC_REPRESENTATION_CONTEXT(2) 
PARAMETRIC_REPRESENTATION_CONTEXT() REPRESENTATION_CONTEXT('2D SPACE',''
  ) );
#4374 = PCURVE('',#1196,#4375);
#4375 = DEFINITIONAL_REPRESENTATION('',(#4376),#4380);
#4376 = LINE('',#4377,#4378);
#4377 = CARTESIAN_POINT('',(0.,0.));
#4378 = VECTOR('',#4379,1.);
#4379 = DIRECTION('',(0.,-1.));
#4380 = ( GEOMETRIC_REPRESENTATION_CONTEXT(2) 
PARAMETRIC_REPRESENTATION_CONTEXT() REPRESENTATION_CONTEXT('2D SPACE',''
  ) );
#4381 = ORIENTED_EDGE('',*,*,#3875,.T.);
#4382 = ORIENTED_EDGE('',*,*,#4361,.F.);
#4383 = ADVANCED_FACE('',(#4384),#1227,.F.);
#4384 = FACE_BOUND('',#4385,.F.);
#4385 = EDGE_LOOP('',(#4386,#4387,#4408,#4409));
#4386 = ORIENTED_EDGE('',*,*,#1210,.F.);
#4387 = ORIENTED_EDGE('',*,*,#4388,.T.);
#4388 = EDGE_CURVE('',#1211,#2424,#4389,.T.);
#4389 = SEAM_CURVE('',#4390,(#4394,#4401),.PCURVE_S1.);
#4390 = LINE('',#4391,#4392);
#4391 = CARTESIAN_POINT('',(12.4325,92.,21.5337216651));
#4392 = VECTOR('',#4393,1.);
#4393 = DIRECTION('',(0.,-1.,-0.));
#4394 = PCURVE('',#1227,#4395);
#4395 = DEFINITIONAL_REPRESENTATION('',(#4396),#4400);
#4396 = LINE('',#4397,#4398);
#4397 = CARTESIAN_POINT('',(6.28318530718,0.));
#4398 = VECTOR('',#4399,1.);
#4399 = DIRECTION('',(0.,-1.));
#4400 = ( GEOMETRIC_REPRESENTATION_CONTEXT(2) 
PARAMETRIC_REPRESENTATION_CONTEXT() REPRESENTATION_CONTEXT('2D SPACE',''
  ) );
#4401 = PCURVE('',#1227,#4402);
#4402 = DEFINITIONAL_REPRESENTATION('',(#4403),#4407);
#4403 = LINE('',#4404,#4405);
#4404 = CARTESIAN_POINT('',(0.,0.));
#4405 = VECTOR('',#4406,1.);
#4406 = DIRECTION('',(0.,-1.));
#4407 = ( GEOMETRIC_REPRESENTATION_CONTEXT(2) 
PARAMETRIC_REPRESENTATION_CONTEXT() REPRESENTATION_CONTEXT('2D SPACE',''
  ) );
#4408 = ORIENTED_EDGE('',*,*,#2423,.T.);
#4409 = ORIENTED_EDGE('',*,*,#4388,.F.);
#4410 = ADVANCED_FACE('',(#4411),#1258,.F.);
#4411 = FACE_BOUND('',#4412,.F.);
#4412 = EDGE_LOOP('',(#4413,#4414,#4435,#4436,#4437));
#4413 = ORIENTED_EDGE('',*,*,#1241,.F.);
#4414 = ORIENTED_EDGE('',*,*,#4415,.T.);
#4415 = EDGE_CURVE('',#1242,#1478,#4416,.T.);
#4416 = SEAM_CURVE('',#4417,(#4421,#4428),.PCURVE_S1.);
#4417 = LINE('',#4418,#4419);
#4418 = CARTESIAN_POINT('',(24.865,92.,3.04508426608E-15));
#4419 = VECTOR('',#4420,1.);
#4420 = DIRECTION('',(0.,-1.,-0.));
#4421 = PCURVE('',#1258,#4422);
#4422 = DEFINITIONAL_REPRESENTATION('',(#4423),#4427);
#4423 = LINE('',#4424,#4425);
#4424 = CARTESIAN_POINT('',(6.28318530718,0.));
#4425 = VECTOR('',#4426,1.);
#4426 = DIRECTION('',(0.,-1.));
#4427 = ( GEOMETRIC_REPRESENTATION_CONTEXT(2) 
PARAMETRIC_REPRESENTATION_CONTEXT() REPRESENTATION_CONTEXT('2D SPACE',''
  ) );
#4428 = PCURVE('',#1258,#4429);
#4429 = DEFINITIONAL_REPRESENTATION('',(#4430),#4434);
#4430 = LINE('',#4431,#4432);
#4431 = CARTESIAN_POINT('',(0.,0.));
#4432 = VECTOR('',#4433,1.);
#4433 = DIRECTION('',(0.,-1.));
#4434 = ( GEOMETRIC_REPRESENTATION_CONTEXT(2) 
PARAMETRIC_REPRESENTATION_CONTEXT() REPRESENTATION_CONTEXT('2D SPACE',''
  ) );
#4435 = ORIENTED_EDGE('',*,*,#1730,.T.);
#4436 = ORIENTED_EDGE('',*,*,#1477,.T.);
#4437 = ORIENTED_EDGE('',*,*,#4415,.F.);
#4438 = ADVANCED_FACE('',(#4439),#1289,.F.);
#4439 = FACE_BOUND('',#4440,.F.);
#4440 = EDGE_LOOP('',(#4441,#4442,#4463,#4464));
#4441 = ORIENTED_EDGE('',*,*,#1272,.F.);
#4442 = ORIENTED_EDGE('',*,*,#4443,.T.);
#4443 = EDGE_CURVE('',#1273,#1940,#4444,.T.);
#4444 = SEAM_CURVE('',#4445,(#4449,#4456),.PCURVE_S1.);
#4445 = LINE('',#4446,#4447);
#4446 = CARTESIAN_POINT('',(-24.865,92.,0.));
#4447 = VECTOR('',#4448,1.);
#4448 = DIRECTION('',(0.,-1.,-0.));
#4449 = PCURVE('',#1289,#4450);
#4450 = DEFINITIONAL_REPRESENTATION('',(#4451),#4455);
#4451 = LINE('',#4452,#4453);
#4452 = CARTESIAN_POINT('',(6.28318530718,0.));
#4453 = VECTOR('',#4454,1.);
#4454 = DIRECTION('',(0.,-1.));
#4455 = ( GEOMETRIC_REPRESENTATION_CONTEXT(2) 
PARAMETRIC_REPRESENTATION_CONTEXT() REPRESENTATION_CONTEXT('2D SPACE',''
  ) );
#4456 = PCURVE('',#1289,#4457);
#4457 = DEFINITIONAL_REPRESENTATION('',(#4458),#4462);
#4458 = LINE('',#4459,#4460);
#4459 = CARTESIAN_POINT('',(0.,0.));
#4460 = VECTOR('',#4461,1.);
#4461 = DIRECTION('',(0.,-1.));
#4462 = ( GEOMETRIC_REPRESENTATION_CONTEXT(2) 
PARAMETRIC_REPRESENTATION_CONTEXT() REPRESENTATION_CONTEXT('2D SPACE',''
  ) );
#4463 = ORIENTED_EDGE('',*,*,#1939,.T.);
#4464 = ORIENTED_EDGE('',*,*,#4443,.F.);
#4465 = ADVANCED_FACE('',(#4466),#1320,.F.);
#4466 = FACE_BOUND('',#4467,.F.);
#4467 = EDGE_LOOP('',(#4468,#4469,#4490,#4491));
#4468 = ORIENTED_EDGE('',*,*,#1303,.F.);
#4469 = ORIENTED_EDGE('',*,*,#4470,.T.);
#4470 = EDGE_CURVE('',#1304,#3392,#4471,.T.);
#4471 = SEAM_CURVE('',#4472,(#4476,#4483),.PCURVE_S1.);
#4472 = LINE('',#4473,#4474);
#4473 = CARTESIAN_POINT('',(-12.4325,92.,-21.5337216651));
#4474 = VECTOR('',#4475,1.);
#4475 = DIRECTION('',(0.,-1.,-0.));
#4476 = PCURVE('',#1320,#4477);
#4477 = DEFINITIONAL_REPRESENTATION('',(#4478),#4482);
#4478 = LINE('',#4479,#4480);
#4479 = CARTESIAN_POINT('',(6.28318530718,0.));
#4480 = VECTOR('',#4481,1.);
#4481 = DIRECTION('',(0.,-1.));
#4482 = ( GEOMETRIC_REPRESENTATION_CONTEXT(2) 
PARAMETRIC_REPRESENTATION_CONTEXT() REPRESENTATION_CONTEXT('2D SPACE',''
  ) );
#4483 = PCURVE('',#1320,#4484);
#4484 = DEFINITIONAL_REPRESENTATION('',(#4485),#4489);
#4485 = LINE('',#4486,#4487);
#4486 = CARTESIAN_POINT('',(0.,0.));
#4487 = VECTOR('',#4488,1.);
#4488 = DIRECTION('',(0.,-1.));
#4489 = ( GEOMETRIC_REPRESENTATION_CONTEXT(2) 
PARAMETRIC_REPRESENTATION_CONTEXT() REPRESENTATION_CONTEXT('2D SPACE',''
  ) );
#4490 = ORIENTED_EDGE('',*,*,#3391,.T.);
#4491 = ORIENTED_EDGE('',*,*,#4470,.F.);
#4492 = ADVANCED_FACE('',(#4493),#1354,.F.);
#4493 = FACE_BOUND('',#4494,.F.);
#4494 = EDGE_LOOP('',(#4495,#4496,#4517,#4518));
#4495 = ORIENTED_EDGE('',*,*,#1337,.F.);
#4496 = ORIENTED_EDGE('',*,*,#4497,.T.);
#4497 = EDGE_CURVE('',#1338,#2908,#4498,.T.);
#4498 = SEAM_CURVE('',#4499,(#4503,#4510),.PCURVE_S1.);
#4499 = LINE('',#4500,#4501);
#4500 = CARTESIAN_POINT('',(12.4325,92.,-21.5337216651));
#4501 = VECTOR('',#4502,1.);
#4502 = DIRECTION('',(0.,-1.,-0.));
#4503 = PCURVE('',#1354,#4504);
#4504 = DEFINITIONAL_REPRESENTATION('',(#4505),#4509);
#4505 = LINE('',#4506,#4507);
#4506 = CARTESIAN_POINT('',(6.28318530718,0.));
#4507 = VECTOR('',#4508,1.);
#4508 = DIRECTION('',(0.,-1.));
#4509 = ( GEOMETRIC_REPRESENTATION_CONTEXT(2) 
PARAMETRIC_REPRESENTATION_CONTEXT() REPRESENTATION_CONTEXT('2D SPACE',''
  ) );
#4510 = PCURVE('',#1354,#4511);
#4511 = DEFINITIONAL_REPRESENTATION('',(#4512),#4516);
#4512 = LINE('',#4513,#4514);
#4513 = CARTESIAN_POINT('',(0.,0.));
#4514 = VECTOR('',#4515,1.);
#4515 = DIRECTION('',(0.,-1.));
#4516 = ( GEOMETRIC_REPRESENTATION_CONTEXT(2) 
PARAMETRIC_REPRESENTATION_CONTEXT() REPRESENTATION_CONTEXT('2D SPACE',''
  ) );
#4517 = ORIENTED_EDGE('',*,*,#2907,.T.);
#4518 = ORIENTED_EDGE('',*,*,#4497,.F.);
#4519 = ADVANCED_FACE('',(#4520),#1408,.T.);
#4520 = FACE_BOUND('',#4521,.T.);
#4521 = EDGE_LOOP('',(#4522,#4523,#4546,#4573));
#4522 = ORIENTED_EDGE('',*,*,#1393,.T.);
#4523 = ORIENTED_EDGE('',*,*,#4524,.T.);
#4524 = EDGE_CURVE('',#1371,#4525,#4527,.T.);
#4525 = VERTEX_POINT('',#4526);
#4526 = CARTESIAN_POINT('',(22.,15.5,0.));
#4527 = SEAM_CURVE('',#4528,(#4532,#4539),.PCURVE_S1.);
#4528 = LINE('',#4529,#4530);
#4529 = CARTESIAN_POINT('',(13.7,9.4,0.));
#4530 = VECTOR('',#4531,1.);
#4531 = DIRECTION('',(0.805787267024,0.592205099861,0.));
#4532 = PCURVE('',#1408,#4533);
#4533 = DEFINITIONAL_REPRESENTATION('',(#4534),#4538);
#4534 = LINE('',#4535,#4536);
#4535 = CARTESIAN_POINT('',(0.,0.));
#4536 = VECTOR('',#4537,1.);
#4537 = DIRECTION('',(0.,1.));
#4538 = ( GEOMETRIC_REPRESENTATION_CONTEXT(2) 
PARAMETRIC_REPRESENTATION_CONTEXT() REPRESENTATION_CONTEXT('2D SPACE',''
  ) );
#4539 = PCURVE('',#1408,#4540);
#4540 = DEFINITIONAL_REPRESENTATION('',(#4541),#4545);
#4541 = LINE('',#4542,#4543);
#4542 = CARTESIAN_POINT('',(6.28318530718,0.));
#4543 = VECTOR('',#4544,1.);
#4544 = DIRECTION('',(0.,1.));
#4545 = ( GEOMETRIC_REPRESENTATION_CONTEXT(2) 
PARAMETRIC_REPRESENTATION_CONTEXT() REPRESENTATION_CONTEXT('2D SPACE',''
  ) );
#4546 = ORIENTED_EDGE('',*,*,#4547,.F.);
#4547 = EDGE_CURVE('',#4525,#4525,#4548,.T.);
#4548 = SURFACE_CURVE('',#4549,(#4554,#4561),.PCURVE_S1.);
#4549 = CIRCLE('',#4550,22.);
#4550 = AXIS2_PLACEMENT_3D('',#4551,#4552,#4553);
#4551 = CARTESIAN_POINT('',(0.,15.5,0.));
#4552 = DIRECTION('',(-0.,1.,0.));
#4553 = DIRECTION('',(1.,0.,0.));
#4554 = PCURVE('',#1408,#4555);
#4555 = DEFINITIONAL_REPRESENTATION('',(#4556),#4560);
#4556 = LINE('',#4557,#4558);
#4557 = CARTESIAN_POINT('',(0.,6.1));
#4558 = VECTOR('',#4559,1.);
#4559 = DIRECTION('',(1.,0.));
#4560 = ( GEOMETRIC_REPRESENTATION_CONTEXT(2) 
PARAMETRIC_REPRESENTATION_CONTEXT() REPRESENTATION_CONTEXT('2D SPACE',''
  ) );
#4561 = PCURVE('',#4562,#4567);
#4562 = CONICAL_SURFACE('',#4563,22.,0.937003650836);
#4563 = AXIS2_PLACEMENT_3D('',#4564,#4565,#4566);
#4564 = CARTESIAN_POINT('',(0.,15.5,0.));
#4565 = DIRECTION('',(-0.,-1.,-0.));
#4566 = DIRECTION('',(1.,0.,0.));
#4567 = DEFINITIONAL_REPRESENTATION('',(#4568),#4572);
#4568 = LINE('',#4569,#4570);
#4569 = CARTESIAN_POINT('',(-0.,-0.));
#4570 = VECTOR('',#4571,1.);
#4571 = DIRECTION('',(-1.,-0.));
#4572 = ( GEOMETRIC_REPRESENTATION_CONTEXT(2) 
PARAMETRIC_REPRESENTATION_CONTEXT() REPRESENTATION_CONTEXT('2D SPACE',''
  ) );
#4573 = ORIENTED_EDGE('',*,*,#4524,.F.);
#4574 = ADVANCED_FACE('',(#4575),#1464,.T.);
#4575 = FACE_BOUND('',#4576,.T.);
#4576 = EDGE_LOOP('',(#4577,#4606,#4627,#4628));
#4577 = ORIENTED_EDGE('',*,*,#4578,.T.);
#4578 = EDGE_CURVE('',#4579,#4579,#4581,.T.);
#4579 = VERTEX_POINT('',#4580);
#4580 = CARTESIAN_POINT('',(13.7,82.6,0.));
#4581 = SURFACE_CURVE('',#4582,(#4587,#4594),.PCURVE_S1.);
#4582 = CIRCLE('',#4583,13.7);
#4583 = AXIS2_PLACEMENT_3D('',#4584,#4585,#4586);
#4584 = CARTESIAN_POINT('',(0.,82.6,0.));
#4585 = DIRECTION('',(-0.,1.,0.));
#4586 = DIRECTION('',(1.,0.,0.));
#4587 = PCURVE('',#1464,#4588);
#4588 = DEFINITIONAL_REPRESENTATION('',(#4589),#4593);
#4589 = LINE('',#4590,#4591);
#4590 = CARTESIAN_POINT('',(0.,0.));
#4591 = VECTOR('',#4592,1.);
#4592 = DIRECTION('',(1.,0.));
#4593 = ( GEOMETRIC_REPRESENTATION_CONTEXT(2) 
PARAMETRIC_REPRESENTATION_CONTEXT() REPRESENTATION_CONTEXT('2D SPACE',''
  ) );
#4594 = PCURVE('',#4595,#4600);
#4595 = CONICAL_SURFACE('',#4596,22.,0.937003650836);
#4596 = AXIS2_PLACEMENT_3D('',#4597,#4598,#4599);
#4597 = CARTESIAN_POINT('',(0.,76.5,0.));
#4598 = DIRECTION('',(-0.,-1.,-0.));
#4599 = DIRECTION('',(1.,0.,0.));
#4600 = DEFINITIONAL_REPRESENTATION('',(#4601),#4605);
#4601 = LINE('',#4602,#4603);
#4602 = CARTESIAN_POINT('',(-0.,-6.1));
#4603 = VECTOR('',#4604,1.);
#4604 = DIRECTION('',(-1.,-0.));
#4605 = ( GEOMETRIC_REPRESENTATION_CONTEXT(2) 
PARAMETRIC_REPRESENTATION_CONTEXT() REPRESENTATION_CONTEXT('2D SPACE',''
  ) );
#4606 = ORIENTED_EDGE('',*,*,#4607,.T.);
#4607 = EDGE_CURVE('',#4579,#1425,#4608,.T.);
#4608 = SEAM_CURVE('',#4609,(#4613,#4620),.PCURVE_S1.);
#4609 = LINE('',#4610,#4611);
#4610 = CARTESIAN_POINT('',(13.7,82.6,0.));
#4611 = VECTOR('',#4612,1.);
#4612 = DIRECTION('',(0.805787267024,0.592205099861,0.));
#4613 = PCURVE('',#1464,#4614);
#4614 = DEFINITIONAL_REPRESENTATION('',(#4615),#4619);
#4615 = LINE('',#4616,#4617);
#4616 = CARTESIAN_POINT('',(0.,0.));
#4617 = VECTOR('',#4618,1.);
#4618 = DIRECTION('',(0.,1.));
#4619 = ( GEOMETRIC_REPRESENTATION_CONTEXT(2) 
PARAMETRIC_REPRESENTATION_CONTEXT() REPRESENTATION_CONTEXT('2D SPACE',''
  ) );
#4620 = PCURVE('',#1464,#4621);
#4621 = DEFINITIONAL_REPRESENTATION('',(#4622),#4626);
#4622 = LINE('',#4623,#4624);
#4623 = CARTESIAN_POINT('',(6.28318530718,0.));
#4624 = VECTOR('',#4625,1.);
#4625 = DIRECTION('',(0.,1.));
#4626 = ( GEOMETRIC_REPRESENTATION_CONTEXT(2) 
PARAMETRIC_REPRESENTATION_CONTEXT() REPRESENTATION_CONTEXT('2D SPACE',''
  ) );
#4627 = ORIENTED_EDGE('',*,*,#1449,.F.);
#4628 = ORIENTED_EDGE('',*,*,#4607,.F.);
#4629 = ADVANCED_FACE('',(#4630),#4562,.T.);
#4630 = FACE_BOUND('',#4631,.T.);
#4631 = EDGE_LOOP('',(#4632,#4633,#4656,#4683));
#4632 = ORIENTED_EDGE('',*,*,#4547,.T.);
#4633 = ORIENTED_EDGE('',*,*,#4634,.T.);
#4634 = EDGE_CURVE('',#4525,#4635,#4637,.T.);
#4635 = VERTEX_POINT('',#4636);
#4636 = CARTESIAN_POINT('',(13.7,21.6,0.));
#4637 = SEAM_CURVE('',#4638,(#4642,#4649),.PCURVE_S1.);
#4638 = LINE('',#4639,#4640);
#4639 = CARTESIAN_POINT('',(22.,15.5,0.));
#4640 = VECTOR('',#4641,1.);
#4641 = DIRECTION('',(-0.805787267024,0.592205099861,0.));
#4642 = PCURVE('',#4562,#4643);
#4643 = DEFINITIONAL_REPRESENTATION('',(#4644),#4648);
#4644 = LINE('',#4645,#4646);
#4645 = CARTESIAN_POINT('',(-0.,-0.));
#4646 = VECTOR('',#4647,1.);
#4647 = DIRECTION('',(-0.,-1.));
#4648 = ( GEOMETRIC_REPRESENTATION_CONTEXT(2) 
PARAMETRIC_REPRESENTATION_CONTEXT() REPRESENTATION_CONTEXT('2D SPACE',''
  ) );
#4649 = PCURVE('',#4562,#4650);
#4650 = DEFINITIONAL_REPRESENTATION('',(#4651),#4655);
#4651 = LINE('',#4652,#4653);
#4652 = CARTESIAN_POINT('',(-6.28318530718,-0.));
#4653 = VECTOR('',#4654,1.);
#4654 = DIRECTION('',(-0.,-1.));
#4655 = ( GEOMETRIC_REPRESENTATION_CONTEXT(2) 
PARAMETRIC_REPRESENTATION_CONTEXT() REPRESENTATION_CONTEXT('2D SPACE',''
  ) );
#4656 = ORIENTED_EDGE('',*,*,#4657,.F.);
#4657 = EDGE_CURVE('',#4635,#4635,#4658,.T.);
#4658 = SURFACE_CURVE('',#4659,(#4664,#4671),.PCURVE_S1.);
#4659 = CIRCLE('',#4660,13.7);
#4660 = AXIS2_PLACEMENT_3D('',#4661,#4662,#4663);
#4661 = CARTESIAN_POINT('',(0.,21.6,0.));
#4662 = DIRECTION('',(-0.,1.,0.));
#4663 = DIRECTION('',(1.,0.,0.));
#4664 = PCURVE('',#4562,#4665);
#4665 = DEFINITIONAL_REPRESENTATION('',(#4666),#4670);
#4666 = LINE('',#4667,#4668);
#4667 = CARTESIAN_POINT('',(-0.,-6.1));
#4668 = VECTOR('',#4669,1.);
#4669 = DIRECTION('',(-1.,-0.));
#4670 = ( GEOMETRIC_REPRESENTATION_CONTEXT(2) 
PARAMETRIC_REPRESENTATION_CONTEXT() REPRESENTATION_CONTEXT('2D SPACE',''
  ) );
#4671 = PCURVE('',#4672,#4677);
#4672 = CONICAL_SURFACE('',#4673,13.7,0.937003650836);
#4673 = AXIS2_PLACEMENT_3D('',#4674,#4675,#4676);
#4674 = CARTESIAN_POINT('',(0.,21.6,0.));
#4675 = DIRECTION('',(0.,1.,0.));
#4676 = DIRECTION('',(1.,0.,0.));
#4677 = DEFINITIONAL_REPRESENTATION('',(#4678),#4682);
#4678 = LINE('',#4679,#4680);
#4679 = CARTESIAN_POINT('',(0.,0.));
#4680 = VECTOR('',#4681,1.);
#4681 = DIRECTION('',(1.,0.));
#4682 = ( GEOMETRIC_REPRESENTATION_CONTEXT(2) 
PARAMETRIC_REPRESENTATION_CONTEXT() REPRESENTATION_CONTEXT('2D SPACE',''
  ) );
#4683 = ORIENTED_EDGE('',*,*,#4634,.F.);
#4684 = ADVANCED_FACE('',(#4685),#4595,.T.);
#4685 = FACE_BOUND('',#4686,.T.);
#4686 = EDGE_LOOP('',(#4687,#4716,#4737,#4738));
#4687 = ORIENTED_EDGE('',*,*,#4688,.T.);
#4688 = EDGE_CURVE('',#4689,#4689,#4691,.T.);
#4689 = VERTEX_POINT('',#4690);
#4690 = CARTESIAN_POINT('',(22.,76.5,0.));
#4691 = SURFACE_CURVE('',#4692,(#4697,#4704),.PCURVE_S1.);
#4692 = CIRCLE('',#4693,22.);
#4693 = AXIS2_PLACEMENT_3D('',#4694,#4695,#4696);
#4694 = CARTESIAN_POINT('',(0.,76.5,0.));
#4695 = DIRECTION('',(-0.,1.,0.));
#4696 = DIRECTION('',(1.,0.,0.));
#4697 = PCURVE('',#4595,#4698);
#4698 = DEFINITIONAL_REPRESENTATION('',(#4699),#4703);
#4699 = LINE('',#4700,#4701);
#4700 = CARTESIAN_POINT('',(-0.,-0.));
#4701 = VECTOR('',#4702,1.);
#4702 = DIRECTION('',(-1.,-0.));
#4703 = ( GEOMETRIC_REPRESENTATION_CONTEXT(2) 
PARAMETRIC_REPRESENTATION_CONTEXT() REPRESENTATION_CONTEXT('2D SPACE',''
  ) );
#4704 = PCURVE('',#4705,#4710);
#4705 = CONICAL_SURFACE('',#4706,13.7,0.937003650836);
#4706 = AXIS2_PLACEMENT_3D('',#4707,#4708,#4709);
#4707 = CARTESIAN_POINT('',(0.,70.4,0.));
#4708 = DIRECTION('',(0.,1.,0.));
#4709 = DIRECTION('',(1.,0.,0.));
#4710 = DEFINITIONAL_REPRESENTATION('',(#4711),#4715);
#4711 = LINE('',#4712,#4713);
#4712 = CARTESIAN_POINT('',(0.,6.1));
#4713 = VECTOR('',#4714,1.);
#4714 = DIRECTION('',(1.,0.));
#4715 = ( GEOMETRIC_REPRESENTATION_CONTEXT(2) 
PARAMETRIC_REPRESENTATION_CONTEXT() REPRESENTATION_CONTEXT('2D SPACE',''
  ) );
#4716 = ORIENTED_EDGE('',*,*,#4717,.T.);
#4717 = EDGE_CURVE('',#4689,#4579,#4718,.T.);
#4718 = SEAM_CURVE('',#4719,(#4723,#4730),.PCURVE_S1.);
#4719 = LINE('',#4720,#4721);
#4720 = CARTESIAN_POINT('',(22.,76.5,0.));
#4721 = VECTOR('',#4722,1.);
#4722 = DIRECTION('',(-0.805787267024,0.592205099861,0.));
#4723 = PCURVE('',#4595,#4724);
#4724 = DEFINITIONAL_REPRESENTATION('',(#4725),#4729);
#4725 = LINE('',#4726,#4727);
#4726 = CARTESIAN_POINT('',(-0.,-0.));
#4727 = VECTOR('',#4728,1.);
#4728 = DIRECTION('',(-0.,-1.));
#4729 = ( GEOMETRIC_REPRESENTATION_CONTEXT(2) 
PARAMETRIC_REPRESENTATION_CONTEXT() REPRESENTATION_CONTEXT('2D SPACE',''
  ) );
#4730 = PCURVE('',#4595,#4731);
#4731 = DEFINITIONAL_REPRESENTATION('',(#4732),#4736);
#4732 = LINE('',#4733,#4734);
#4733 = CARTESIAN_POINT('',(-6.28318530718,-0.));
#4734 = VECTOR('',#4735,1.);
#4735 = DIRECTION('',(-0.,-1.));
#4736 = ( GEOMETRIC_REPRESENTATION_CONTEXT(2) 
PARAMETRIC_REPRESENTATION_CONTEXT() REPRESENTATION_CONTEXT('2D SPACE',''
  ) );
#4737 = ORIENTED_EDGE('',*,*,#4578,.F.);
#4738 = ORIENTED_EDGE('',*,*,#4717,.F.);
#4739 = ADVANCED_FACE('',(#4740),#4672,.T.);
#4740 = FACE_BOUND('',#4741,.T.);
#4741 = EDGE_LOOP('',(#4742,#4743,#4766,#4793));
#4742 = ORIENTED_EDGE('',*,*,#4657,.T.);
#4743 = ORIENTED_EDGE('',*,*,#4744,.T.);
#4744 = EDGE_CURVE('',#4635,#4745,#4747,.T.);
#4745 = VERTEX_POINT('',#4746);
#4746 = CARTESIAN_POINT('',(22.,27.7,0.));
#4747 = SEAM_CURVE('',#4748,(#4752,#4759),.PCURVE_S1.);
#4748 = LINE('',#4749,#4750);
#4749 = CARTESIAN_POINT('',(13.7,21.6,0.));
#4750 = VECTOR('',#4751,1.);
#4751 = DIRECTION('',(0.805787267024,0.592205099861,0.));
#4752 = PCURVE('',#4672,#4753);
#4753 = DEFINITIONAL_REPRESENTATION('',(#4754),#4758);
#4754 = LINE('',#4755,#4756);
#4755 = CARTESIAN_POINT('',(0.,0.));
#4756 = VECTOR('',#4757,1.);
#4757 = DIRECTION('',(0.,1.));
#4758 = ( GEOMETRIC_REPRESENTATION_CONTEXT(2) 
PARAMETRIC_REPRESENTATION_CONTEXT() REPRESENTATION_CONTEXT('2D SPACE',''
  ) );
#4759 = PCURVE('',#4672,#4760);
#4760 = DEFINITIONAL_REPRESENTATION('',(#4761),#4765);
#4761 = LINE('',#4762,#4763);
#4762 = CARTESIAN_POINT('',(6.28318530718,0.));
#4763 = VECTOR('',#4764,1.);
#4764 = DIRECTION('',(0.,1.));
#4765 = ( GEOMETRIC_REPRESENTATION_CONTEXT(2) 
PARAMETRIC_REPRESENTATION_CONTEXT() REPRESENTATION_CONTEXT('2D SPACE',''
  ) );
#4766 = ORIENTED_EDGE('',*,*,#4767,.F.);
#4767 = EDGE_CURVE('',#4745,#4745,#4768,.T.);
#4768 = SURFACE_CURVE('',#4769,(#4774,#4781),.PCURVE_S1.);
#4769 = CIRCLE('',#4770,22.);
#4770 = AXIS2_PLACEMENT_3D('',#4771,#4772,#4773);
#4771 = CARTESIAN_POINT('',(0.,27.7,0.));
#4772 = DIRECTION('',(-0.,1.,0.));
#4773 = DIRECTION('',(1.,0.,0.));
#4774 = PCURVE('',#4672,#4775);
#4775 = DEFINITIONAL_REPRESENTATION('',(#4776),#4780);
#4776 = LINE('',#4777,#4778);
#4777 = CARTESIAN_POINT('',(0.,6.1));
#4778 = VECTOR('',#4779,1.);
#4779 = DIRECTION('',(1.,0.));
#4780 = ( GEOMETRIC_REPRESENTATION_CONTEXT(2) 
PARAMETRIC_REPRESENTATION_CONTEXT() REPRESENTATION_CONTEXT('2D SPACE',''
  ) );
#4781 = PCURVE('',#4782,#4787);
#4782 = CONICAL_SURFACE('',#4783,22.,0.937003650836);
#4783 = AXIS2_PLACEMENT_3D('',#4784,#4785,#4786);
#4784 = CARTESIAN_POINT('',(0.,27.7,0.));
#4785 = DIRECTION('',(-0.,-1.,-0.));
#4786 = DIRECTION('',(1.,0.,0.));
#4787 = DEFINITIONAL_REPRESENTATION('',(#4788),#4792);
#4788 = LINE('',#4789,#4790);
#4789 = CARTESIAN_POINT('',(-0.,-0.));
#4790 = VECTOR('',#4791,1.);
#4791 = DIRECTION('',(-1.,-0.));
#4792 = ( GEOMETRIC_REPRESENTATION_CONTEXT(2) 
PARAMETRIC_REPRESENTATION_CONTEXT() REPRESENTATION_CONTEXT('2D SPACE',''
  ) );
#4793 = ORIENTED_EDGE('',*,*,#4744,.F.);
#4794 = ADVANCED_FACE('',(#4795),#4705,.T.);
#4795 = FACE_BOUND('',#4796,.T.);
#4796 = EDGE_LOOP('',(#4797,#4826,#4847,#4848));
#4797 = ORIENTED_EDGE('',*,*,#4798,.T.);
#4798 = EDGE_CURVE('',#4799,#4799,#4801,.T.);
#4799 = VERTEX_POINT('',#4800);
#4800 = CARTESIAN_POINT('',(13.7,70.4,0.));
#4801 = SURFACE_CURVE('',#4802,(#4807,#4814),.PCURVE_S1.);
#4802 = CIRCLE('',#4803,13.7);
#4803 = AXIS2_PLACEMENT_3D('',#4804,#4805,#4806);
#4804 = CARTESIAN_POINT('',(0.,70.4,0.));
#4805 = DIRECTION('',(-0.,1.,0.));
#4806 = DIRECTION('',(1.,0.,0.));
#4807 = PCURVE('',#4705,#4808);
#4808 = DEFINITIONAL_REPRESENTATION('',(#4809),#4813);
#4809 = LINE('',#4810,#4811);
#4810 = CARTESIAN_POINT('',(0.,0.));
#4811 = VECTOR('',#4812,1.);
#4812 = DIRECTION('',(1.,0.));
#4813 = ( GEOMETRIC_REPRESENTATION_CONTEXT(2) 
PARAMETRIC_REPRESENTATION_CONTEXT() REPRESENTATION_CONTEXT('2D SPACE',''
  ) );
#4814 = PCURVE('',#4815,#4820);
#4815 = CONICAL_SURFACE('',#4816,22.,0.937003650836);
#4816 = AXIS2_PLACEMENT_3D('',#4817,#4818,#4819);
#4817 = CARTESIAN_POINT('',(0.,64.3,0.));
#4818 = DIRECTION('',(-0.,-1.,-0.));
#4819 = DIRECTION('',(1.,0.,0.));
#4820 = DEFINITIONAL_REPRESENTATION('',(#4821),#4825);
#4821 = LINE('',#4822,#4823);
#4822 = CARTESIAN_POINT('',(-0.,-6.1));
#4823 = VECTOR('',#4824,1.);
#4824 = DIRECTION('',(-1.,-0.));
#4825 = ( GEOMETRIC_REPRESENTATION_CONTEXT(2) 
PARAMETRIC_REPRESENTATION_CONTEXT() REPRESENTATION_CONTEXT('2D SPACE',''
  ) );
#4826 = ORIENTED_EDGE('',*,*,#4827,.T.);
#4827 = EDGE_CURVE('',#4799,#4689,#4828,.T.);
#4828 = SEAM_CURVE('',#4829,(#4833,#4840),.PCURVE_S1.);
#4829 = LINE('',#4830,#4831);
#4830 = CARTESIAN_POINT('',(13.7,70.4,0.));
#4831 = VECTOR('',#4832,1.);
#4832 = DIRECTION('',(0.805787267024,0.592205099861,0.));
#4833 = PCURVE('',#4705,#4834);
#4834 = DEFINITIONAL_REPRESENTATION('',(#4835),#4839);
#4835 = LINE('',#4836,#4837);
#4836 = CARTESIAN_POINT('',(0.,0.));
#4837 = VECTOR('',#4838,1.);
#4838 = DIRECTION('',(0.,1.));
#4839 = ( GEOMETRIC_REPRESENTATION_CONTEXT(2) 
PARAMETRIC_REPRESENTATION_CONTEXT() REPRESENTATION_CONTEXT('2D SPACE',''
  ) );
#4840 = PCURVE('',#4705,#4841);
#4841 = DEFINITIONAL_REPRESENTATION('',(#4842),#4846);
#4842 = LINE('',#4843,#4844);
#4843 = CARTESIAN_POINT('',(6.28318530718,0.));
#4844 = VECTOR('',#4845,1.);
#4845 = DIRECTION('',(0.,1.));
#4846 = ( GEOMETRIC_REPRESENTATION_CONTEXT(2) 
PARAMETRIC_REPRESENTATION_CONTEXT() REPRESENTATION_CONTEXT('2D SPACE',''
  ) );
#4847 = ORIENTED_EDGE('',*,*,#4688,.F.);
#4848 = ORIENTED_EDGE('',*,*,#4827,.F.);
#4849 = ADVANCED_FACE('',(#4850),#4782,.T.);
#4850 = FACE_BOUND('',#4851,.T.);
#4851 = EDGE_LOOP('',(#4852,#4853,#4876,#4903));
#4852 = ORIENTED_EDGE('',*,*,#4767,.T.);
#4853 = ORIENTED_EDGE('',*,*,#4854,.T.);
#4854 = EDGE_CURVE('',#4745,#4855,#4857,.T.);
#4855 = VERTEX_POINT('',#4856);
#4856 = CARTESIAN_POINT('',(13.7,33.8,0.));
#4857 = SEAM_CURVE('',#4858,(#4862,#4869),.PCURVE_S1.);
#4858 = LINE('',#4859,#4860);
#4859 = CARTESIAN_POINT('',(22.,27.7,0.));
#4860 = VECTOR('',#4861,1.);
#4861 = DIRECTION('',(-0.805787267024,0.592205099861,0.));
#4862 = PCURVE('',#4782,#4863);
#4863 = DEFINITIONAL_REPRESENTATION('',(#4864),#4868);
#4864 = LINE('',#4865,#4866);
#4865 = CARTESIAN_POINT('',(-0.,-0.));
#4866 = VECTOR('',#4867,1.);
#4867 = DIRECTION('',(-0.,-1.));
#4868 = ( GEOMETRIC_REPRESENTATION_CONTEXT(2) 
PARAMETRIC_REPRESENTATION_CONTEXT() REPRESENTATION_CONTEXT('2D SPACE',''
  ) );
#4869 = PCURVE('',#4782,#4870);
#4870 = DEFINITIONAL_REPRESENTATION('',(#4871),#4875);
#4871 = LINE('',#4872,#4873);
#4872 = CARTESIAN_POINT('',(-6.28318530718,-0.));
#4873 = VECTOR('',#4874,1.);
#4874 = DIRECTION('',(-0.,-1.));
#4875 = ( GEOMETRIC_REPRESENTATION_CONTEXT(2) 
PARAMETRIC_REPRESENTATION_CONTEXT() REPRESENTATION_CONTEXT('2D SPACE',''
  ) );
#4876 = ORIENTED_EDGE('',*,*,#4877,.F.);
#4877 = EDGE_CURVE('',#4855,#4855,#4878,.T.);
#4878 = SURFACE_CURVE('',#4879,(#4884,#4891),.PCURVE_S1.);
#4879 = CIRCLE('',#4880,13.7);
#4880 = AXIS2_PLACEMENT_3D('',#4881,#4882,#4883);
#4881 = CARTESIAN_POINT('',(0.,33.8,0.));
#4882 = DIRECTION('',(-0.,1.,0.));
#4883 = DIRECTION('',(1.,0.,0.));
#4884 = PCURVE('',#4782,#4885);
#4885 = DEFINITIONAL_REPRESENTATION('',(#4886),#4890);
#4886 = LINE('',#4887,#4888);
#4887 = CARTESIAN_POINT('',(-0.,-6.1));
#4888 = VECTOR('',#4889,1.);
#4889 = DIRECTION('',(-1.,-0.));
#4890 = ( GEOMETRIC_REPRESENTATION_CONTEXT(2) 
PARAMETRIC_REPRESENTATION_CONTEXT() REPRESENTATION_CONTEXT('2D SPACE',''
  ) );
#4891 = PCURVE('',#4892,#4897);
#4892 = CONICAL_SURFACE('',#4893,13.7,0.937003650836);
#4893 = AXIS2_PLACEMENT_3D('',#4894,#4895,#4896);
#4894 = CARTESIAN_POINT('',(0.,33.8,0.));
#4895 = DIRECTION('',(0.,1.,0.));
#4896 = DIRECTION('',(1.,0.,0.));
#4897 = DEFINITIONAL_REPRESENTATION('',(#4898),#4902);
#4898 = LINE('',#4899,#4900);
#4899 = CARTESIAN_POINT('',(0.,0.));
#4900 = VECTOR('',#4901,1.);
#4901 = DIRECTION('',(1.,0.));
#4902 = ( GEOMETRIC_REPRESENTATION_CONTEXT(2) 
PARAMETRIC_REPRESENTATION_CONTEXT() REPRESENTATION_CONTEXT('2D SPACE',''
  ) );
#4903 = ORIENTED_EDGE('',*,*,#4854,.F.);
#4904 = ADVANCED_FACE('',(#4905),#4815,.T.);
#4905 = FACE_BOUND('',#4906,.T.);
#4906 = EDGE_LOOP('',(#4907,#4936,#4957,#4958));
#4907 = ORIENTED_EDGE('',*,*,#4908,.T.);
#4908 = EDGE_CURVE('',#4909,#4909,#4911,.T.);
#4909 = VERTEX_POINT('',#4910);
#4910 = CARTESIAN_POINT('',(22.,64.3,0.));
#4911 = SURFACE_CURVE('',#4912,(#4917,#4924),.PCURVE_S1.);
#4912 = CIRCLE('',#4913,22.);
#4913 = AXIS2_PLACEMENT_3D('',#4914,#4915,#4916);
#4914 = CARTESIAN_POINT('',(0.,64.3,0.));
#4915 = DIRECTION('',(-0.,1.,0.));
#4916 = DIRECTION('',(1.,0.,0.));
#4917 = PCURVE('',#4815,#4918);
#4918 = DEFINITIONAL_REPRESENTATION('',(#4919),#4923);
#4919 = LINE('',#4920,#4921);
#4920 = CARTESIAN_POINT('',(-0.,-0.));
#4921 = VECTOR('',#4922,1.);
#4922 = DIRECTION('',(-1.,-0.));
#4923 = ( GEOMETRIC_REPRESENTATION_CONTEXT(2) 
PARAMETRIC_REPRESENTATION_CONTEXT() REPRESENTATION_CONTEXT('2D SPACE',''
  ) );
#4924 = PCURVE('',#4925,#4930);
#4925 = CONICAL_SURFACE('',#4926,13.7,0.937003650836);
#4926 = AXIS2_PLACEMENT_3D('',#4927,#4928,#4929);
#4927 = CARTESIAN_POINT('',(0.,58.2,0.));
#4928 = DIRECTION('',(0.,1.,0.));
#4929 = DIRECTION('',(1.,0.,0.));
#4930 = DEFINITIONAL_REPRESENTATION('',(#4931),#4935);
#4931 = LINE('',#4932,#4933);
#4932 = CARTESIAN_POINT('',(0.,6.1));
#4933 = VECTOR('',#4934,1.);
#4934 = DIRECTION('',(1.,0.));
#4935 = ( GEOMETRIC_REPRESENTATION_CONTEXT(2) 
PARAMETRIC_REPRESENTATION_CONTEXT() REPRESENTATION_CONTEXT('2D SPACE',''
  ) );
#4936 = ORIENTED_EDGE('',*,*,#4937,.T.);
#4937 = EDGE_CURVE('',#4909,#4799,#4938,.T.);
#4938 = SEAM_CURVE('',#4939,(#4943,#4950),.PCURVE_S1.);
#4939 = LINE('',#4940,#4941);
#4940 = CARTESIAN_POINT('',(22.,64.3,0.));
#4941 = VECTOR('',#4942,1.);
#4942 = DIRECTION('',(-0.805787267024,0.592205099861,0.));
#4943 = PCURVE('',#4815,#4944);
#4944 = DEFINITIONAL_REPRESENTATION('',(#4945),#4949);
#4945 = LINE('',#4946,#4947);
#4946 = CARTESIAN_POINT('',(-0.,-0.));
#4947 = VECTOR('',#4948,1.);
#4948 = DIRECTION('',(-0.,-1.));
#4949 = ( GEOMETRIC_REPRESENTATION_CONTEXT(2) 
PARAMETRIC_REPRESENTATION_CONTEXT() REPRESENTATION_CONTEXT('2D SPACE',''
  ) );
#4950 = PCURVE('',#4815,#4951);
#4951 = DEFINITIONAL_REPRESENTATION('',(#4952),#4956);
#4952 = LINE('',#4953,#4954);
#4953 = CARTESIAN_POINT('',(-6.28318530718,-0.));
#4954 = VECTOR('',#4955,1.);
#4955 = DIRECTION('',(-0.,-1.));
#4956 = ( GEOMETRIC_REPRESENTATION_CONTEXT(2) 
PARAMETRIC_REPRESENTATION_CONTEXT() REPRESENTATION_CONTEXT('2D SPACE',''
  ) );
#4957 = ORIENTED_EDGE('',*,*,#4798,.F.);
#4958 = ORIENTED_EDGE('',*,*,#4937,.F.);
#4959 = ADVANCED_FACE('',(#4960),#4892,.T.);
#4960 = FACE_BOUND('',#4961,.T.);
#4961 = EDGE_LOOP('',(#4962,#4963,#4986,#5013));
#4962 = ORIENTED_EDGE('',*,*,#4877,.T.);
#4963 = ORIENTED_EDGE('',*,*,#4964,.T.);
#4964 = EDGE_CURVE('',#4855,#4965,#4967,.T.);
#4965 = VERTEX_POINT('',#4966);
#4966 = CARTESIAN_POINT('',(22.,39.9,0.));
#4967 = SEAM_CURVE('',#4968,(#4972,#4979),.PCURVE_S1.);
#4968 = LINE('',#4969,#4970);
#4969 = CARTESIAN_POINT('',(13.7,33.8,0.));
#4970 = VECTOR('',#4971,1.);
#4971 = DIRECTION('',(0.805787267024,0.592205099861,0.));
#4972 = PCURVE('',#4892,#4973);
#4973 = DEFINITIONAL_REPRESENTATION('',(#4974),#4978);
#4974 = LINE('',#4975,#4976);
#4975 = CARTESIAN_POINT('',(0.,0.));
#4976 = VECTOR('',#4977,1.);
#4977 = DIRECTION('',(0.,1.));
#4978 = ( GEOMETRIC_REPRESENTATION_CONTEXT(2) 
PARAMETRIC_REPRESENTATION_CONTEXT() REPRESENTATION_CONTEXT('2D SPACE',''
  ) );
#4979 = PCURVE('',#4892,#4980);
#4980 = DEFINITIONAL_REPRESENTATION('',(#4981),#4985);
#4981 = LINE('',#4982,#4983);
#4982 = CARTESIAN_POINT('',(6.28318530718,0.));
#4983 = VECTOR('',#4984,1.);
#4984 = DIRECTION('',(0.,1.));
#4985 = ( GEOMETRIC_REPRESENTATION_CONTEXT(2) 
PARAMETRIC_REPRESENTATION_CONTEXT() REPRESENTATION_CONTEXT('2D SPACE',''
  ) );
#4986 = ORIENTED_EDGE('',*,*,#4987,.F.);
#4987 = EDGE_CURVE('',#4965,#4965,#4988,.T.);
#4988 = SURFACE_CURVE('',#4989,(#4994,#5001),.PCURVE_S1.);
#4989 = CIRCLE('',#4990,22.);
#4990 = AXIS2_PLACEMENT_3D('',#4991,#4992,#4993);
#4991 = CARTESIAN_POINT('',(0.,39.9,0.));
#4992 = DIRECTION('',(-0.,1.,0.));
#4993 = DIRECTION('',(1.,0.,0.));
#4994 = PCURVE('',#4892,#4995);
#4995 = DEFINITIONAL_REPRESENTATION('',(#4996),#5000);
#4996 = LINE('',#4997,#4998);
#4997 = CARTESIAN_POINT('',(0.,6.1));
#4998 = VECTOR('',#4999,1.);
#4999 = DIRECTION('',(1.,0.));
#5000 = ( GEOMETRIC_REPRESENTATION_CONTEXT(2) 
PARAMETRIC_REPRESENTATION_CONTEXT() REPRESENTATION_CONTEXT('2D SPACE',''
  ) );
#5001 = PCURVE('',#5002,#5007);
#5002 = CONICAL_SURFACE('',#5003,22.,0.937003650836);
#5003 = AXIS2_PLACEMENT_3D('',#5004,#5005,#5006);
#5004 = CARTESIAN_POINT('',(0.,39.9,0.));
#5005 = DIRECTION('',(-0.,-1.,-0.));
#5006 = DIRECTION('',(1.,0.,0.));
#5007 = DEFINITIONAL_REPRESENTATION('',(#5008),#5012);
#5008 = LINE('',#5009,#5010);
#5009 = CARTESIAN_POINT('',(-0.,-0.));
#5010 = VECTOR('',#5011,1.);
#5011 = DIRECTION('',(-1.,-0.));
#5012 = ( GEOMETRIC_REPRESENTATION_CONTEXT(2) 
PARAMETRIC_REPRESENTATION_CONTEXT() REPRESENTATION_CONTEXT('2D SPACE',''
  ) );
#5013 = ORIENTED_EDGE('',*,*,#4964,.F.);
#5014 = ADVANCED_FACE('',(#5015),#4925,.T.);
#5015 = FACE_BOUND('',#5016,.T.);
#5016 = EDGE_LOOP('',(#5017,#5046,#5067,#5068));
#5017 = ORIENTED_EDGE('',*,*,#5018,.T.);
#5018 = EDGE_CURVE('',#5019,#5019,#5021,.T.);
#5019 = VERTEX_POINT('',#5020);
#5020 = CARTESIAN_POINT('',(13.7,58.2,0.));
#5021 = SURFACE_CURVE('',#5022,(#5027,#5034),.PCURVE_S1.);
#5022 = CIRCLE('',#5023,13.7);
#5023 = AXIS2_PLACEMENT_3D('',#5024,#5025,#5026);
#5024 = CARTESIAN_POINT('',(0.,58.2,0.));
#5025 = DIRECTION('',(-0.,1.,0.));
#5026 = DIRECTION('',(1.,0.,0.));
#5027 = PCURVE('',#4925,#5028);
#5028 = DEFINITIONAL_REPRESENTATION('',(#5029),#5033);
#5029 = LINE('',#5030,#5031);
#5030 = CARTESIAN_POINT('',(0.,0.));
#5031 = VECTOR('',#5032,1.);
#5032 = DIRECTION('',(1.,0.));
#5033 = ( GEOMETRIC_REPRESENTATION_CONTEXT(2) 
PARAMETRIC_REPRESENTATION_CONTEXT() REPRESENTATION_CONTEXT('2D SPACE',''
  ) );
#5034 = PCURVE('',#5035,#5040);
#5035 = CONICAL_SURFACE('',#5036,22.,0.937003650836);
#5036 = AXIS2_PLACEMENT_3D('',#5037,#5038,#5039);
#5037 = CARTESIAN_POINT('',(0.,52.1,0.));
#5038 = DIRECTION('',(-0.,-1.,-0.));
#5039 = DIRECTION('',(1.,0.,0.));
#5040 = DEFINITIONAL_REPRESENTATION('',(#5041),#5045);
#5041 = LINE('',#5042,#5043);
#5042 = CARTESIAN_POINT('',(-0.,-6.1));
#5043 = VECTOR('',#5044,1.);
#5044 = DIRECTION('',(-1.,-0.));
#5045 = ( GEOMETRIC_REPRESENTATION_CONTEXT(2) 
PARAMETRIC_REPRESENTATION_CONTEXT() REPRESENTATION_CONTEXT('2D SPACE',''
  ) );
#5046 = ORIENTED_EDGE('',*,*,#5047,.T.);
#5047 = EDGE_CURVE('',#5019,#4909,#5048,.T.);
#5048 = SEAM_CURVE('',#5049,(#5053,#5060),.PCURVE_S1.);
#5049 = LINE('',#5050,#5051);
#5050 = CARTESIAN_POINT('',(13.7,58.2,0.));
#5051 = VECTOR('',#5052,1.);
#5052 = DIRECTION('',(0.805787267024,0.592205099861,0.));
#5053 = PCURVE('',#4925,#5054);
#5054 = DEFINITIONAL_REPRESENTATION('',(#5055),#5059);
#5055 = LINE('',#5056,#5057);
#5056 = CARTESIAN_POINT('',(0.,0.));
#5057 = VECTOR('',#5058,1.);
#5058 = DIRECTION('',(0.,1.));
#5059 = ( GEOMETRIC_REPRESENTATION_CONTEXT(2) 
PARAMETRIC_REPRESENTATION_CONTEXT() REPRESENTATION_CONTEXT('2D SPACE',''
  ) );
#5060 = PCURVE('',#4925,#5061);
#5061 = DEFINITIONAL_REPRESENTATION('',(#5062),#5066);
#5062 = LINE('',#5063,#5064);
#5063 = CARTESIAN_POINT('',(6.28318530718,0.));
#5064 = VECTOR('',#5065,1.);
#5065 = DIRECTION('',(0.,1.));
#5066 = ( GEOMETRIC_REPRESENTATION_CONTEXT(2) 
PARAMETRIC_REPRESENTATION_CONTEXT() REPRESENTATION_CONTEXT('2D SPACE',''
  ) );
#5067 = ORIENTED_EDGE('',*,*,#4908,.F.);
#5068 = ORIENTED_EDGE('',*,*,#5047,.F.);
#5069 = ADVANCED_FACE('',(#5070),#5002,.T.);
#5070 = FACE_BOUND('',#5071,.T.);
#5071 = EDGE_LOOP('',(#5072,#5073,#5096,#5123));
#5072 = ORIENTED_EDGE('',*,*,#4987,.T.);
#5073 = ORIENTED_EDGE('',*,*,#5074,.T.);
#5074 = EDGE_CURVE('',#4965,#5075,#5077,.T.);
#5075 = VERTEX_POINT('',#5076);
#5076 = CARTESIAN_POINT('',(13.7,46.,0.));
#5077 = SEAM_CURVE('',#5078,(#5082,#5089),.PCURVE_S1.);
#5078 = LINE('',#5079,#5080);
#5079 = CARTESIAN_POINT('',(22.,39.9,0.));
#5080 = VECTOR('',#5081,1.);
#5081 = DIRECTION('',(-0.805787267024,0.592205099861,0.));
#5082 = PCURVE('',#5002,#5083);
#5083 = DEFINITIONAL_REPRESENTATION('',(#5084),#5088);
#5084 = LINE('',#5085,#5086);
#5085 = CARTESIAN_POINT('',(-0.,-0.));
#5086 = VECTOR('',#5087,1.);
#5087 = DIRECTION('',(-0.,-1.));
#5088 = ( GEOMETRIC_REPRESENTATION_CONTEXT(2) 
PARAMETRIC_REPRESENTATION_CONTEXT() REPRESENTATION_CONTEXT('2D SPACE',''
  ) );
#5089 = PCURVE('',#5002,#5090);
#5090 = DEFINITIONAL_REPRESENTATION('',(#5091),#5095);
#5091 = LINE('',#5092,#5093);
#5092 = CARTESIAN_POINT('',(-6.28318530718,-0.));
#5093 = VECTOR('',#5094,1.);
#5094 = DIRECTION('',(-0.,-1.));
#5095 = ( GEOMETRIC_REPRESENTATION_CONTEXT(2) 
PARAMETRIC_REPRESENTATION_CONTEXT() REPRESENTATION_CONTEXT('2D SPACE',''
  ) );
#5096 = ORIENTED_EDGE('',*,*,#5097,.F.);
#5097 = EDGE_CURVE('',#5075,#5075,#5098,.T.);
#5098 = SURFACE_CURVE('',#5099,(#5104,#5111),.PCURVE_S1.);
#5099 = CIRCLE('',#5100,13.7);
#5100 = AXIS2_PLACEMENT_3D('',#5101,#5102,#5103);
#5101 = CARTESIAN_POINT('',(0.,46.,0.));
#5102 = DIRECTION('',(-0.,1.,0.));
#5103 = DIRECTION('',(1.,0.,0.));
#5104 = PCURVE('',#5002,#5105);
#5105 = DEFINITIONAL_REPRESENTATION('',(#5106),#5110);
#5106 = LINE('',#5107,#5108);
#5107 = CARTESIAN_POINT('',(-0.,-6.1));
#5108 = VECTOR('',#5109,1.);
#5109 = DIRECTION('',(-1.,-0.));
#5110 = ( GEOMETRIC_REPRESENTATION_CONTEXT(2) 
PARAMETRIC_REPRESENTATION_CONTEXT() REPRESENTATION_CONTEXT('2D SPACE',''
  ) );
#5111 = PCURVE('',#5112,#5117);
#5112 = CONICAL_SURFACE('',#5113,13.7,0.937003650836);
#5113 = AXIS2_PLACEMENT_3D('',#5114,#5115,#5116);
#5114 = CARTESIAN_POINT('',(0.,46.,0.));
#5115 = DIRECTION('',(0.,1.,0.));
#5116 = DIRECTION('',(1.,0.,0.));
#5117 = DEFINITIONAL_REPRESENTATION('',(#5118),#5122);
#5118 = LINE('',#5119,#5120);
#5119 = CARTESIAN_POINT('',(0.,0.));
#5120 = VECTOR('',#5121,1.);
#5121 = DIRECTION('',(1.,0.));
#5122 = ( GEOMETRIC_REPRESENTATION_CONTEXT(2) 
PARAMETRIC_REPRESENTATION_CONTEXT() REPRESENTATION_CONTEXT('2D SPACE',''
  ) );
#5123 = ORIENTED_EDGE('',*,*,#5074,.F.);
#5124 = ADVANCED_FACE('',(#5125),#5035,.T.);
#5125 = FACE_BOUND('',#5126,.T.);
#5126 = EDGE_LOOP('',(#5127,#5151,#5172,#5173));
#5127 = ORIENTED_EDGE('',*,*,#5128,.T.);
#5128 = EDGE_CURVE('',#5129,#5129,#5131,.T.);
#5129 = VERTEX_POINT('',#5130);
#5130 = CARTESIAN_POINT('',(22.,52.1,0.));
#5131 = SURFACE_CURVE('',#5132,(#5137,#5144),.PCURVE_S1.);
#5132 = CIRCLE('',#5133,22.);
#5133 = AXIS2_PLACEMENT_3D('',#5134,#5135,#5136);
#5134 = CARTESIAN_POINT('',(0.,52.1,0.));
#5135 = DIRECTION('',(-0.,1.,0.));
#5136 = DIRECTION('',(1.,0.,0.));
#5137 = PCURVE('',#5035,#5138);
#5138 = DEFINITIONAL_REPRESENTATION('',(#5139),#5143);
#5139 = LINE('',#5140,#5141);
#5140 = CARTESIAN_POINT('',(-0.,-0.));
#5141 = VECTOR('',#5142,1.);
#5142 = DIRECTION('',(-1.,-0.));
#5143 = ( GEOMETRIC_REPRESENTATION_CONTEXT(2) 
PARAMETRIC_REPRESENTATION_CONTEXT() REPRESENTATION_CONTEXT('2D SPACE',''
  ) );
#5144 = PCURVE('',#5112,#5145);
#5145 = DEFINITIONAL_REPRESENTATION('',(#5146),#5150);
#5146 = LINE('',#5147,#5148);
#5147 = CARTESIAN_POINT('',(0.,6.1));
#5148 = VECTOR('',#5149,1.);
#5149 = DIRECTION('',(1.,0.));
#5150 = ( GEOMETRIC_REPRESENTATION_CONTEXT(2) 
PARAMETRIC_REPRESENTATION_CONTEXT() REPRESENTATION_CONTEXT('2D SPACE',''
  ) );
#5151 = ORIENTED_EDGE('',*,*,#5152,.T.);
#5152 = EDGE_CURVE('',#5129,#5019,#5153,.T.);
#5153 = SEAM_CURVE('',#5154,(#5158,#5165),.PCURVE_S1.);
#5154 = LINE('',#5155,#5156);
#5155 = CARTESIAN_POINT('',(22.,52.1,0.));
#5156 = VECTOR('',#5157,1.);
#5157 = DIRECTION('',(-0.805787267024,0.592205099861,0.));
#5158 = PCURVE('',#5035,#5159);
#5159 = DEFINITIONAL_REPRESENTATION('',(#5160),#5164);
#5160 = LINE('',#5161,#5162);
#5161 = CARTESIAN_POINT('',(-0.,-0.));
#5162 = VECTOR('',#5163,1.);
#5163 = DIRECTION('',(-0.,-1.));
#5164 = ( GEOMETRIC_REPRESENTATION_CONTEXT(2) 
PARAMETRIC_REPRESENTATION_CONTEXT() REPRESENTATION_CONTEXT('2D SPACE',''
  ) );
#5165 = PCURVE('',#5035,#5166);
#5166 = DEFINITIONAL_REPRESENTATION('',(#5167),#5171);
#5167 = LINE('',#5168,#5169);
#5168 = CARTESIAN_POINT('',(-6.28318530718,-0.));
#5169 = VECTOR('',#5170,1.);
#5170 = DIRECTION('',(-0.,-1.));
#5171 = ( GEOMETRIC_REPRESENTATION_CONTEXT(2) 
PARAMETRIC_REPRESENTATION_CONTEXT() REPRESENTATION_CONTEXT('2D SPACE',''
  ) );
#5172 = ORIENTED_EDGE('',*,*,#5018,.F.);
#5173 = ORIENTED_EDGE('',*,*,#5152,.F.);
#5174 = ADVANCED_FACE('',(#5175),#5112,.T.);
#5175 = FACE_BOUND('',#5176,.T.);
#5176 = EDGE_LOOP('',(#5177,#5178,#5199,#5200));
#5177 = ORIENTED_EDGE('',*,*,#5097,.T.);
#5178 = ORIENTED_EDGE('',*,*,#5179,.T.);
#5179 = EDGE_CURVE('',#5075,#5129,#5180,.T.);
#5180 = SEAM_CURVE('',#5181,(#5185,#5192),.PCURVE_S1.);
#5181 = LINE('',#5182,#5183);
#5182 = CARTESIAN_POINT('',(13.7,46.,0.));
#5183 = VECTOR('',#5184,1.);
#5184 = DIRECTION('',(0.805787267024,0.592205099861,0.));
#5185 = PCURVE('',#5112,#5186);
#5186 = DEFINITIONAL_REPRESENTATION('',(#5187),#5191);
#5187 = LINE('',#5188,#5189);
#5188 = CARTESIAN_POINT('',(0.,0.));
#5189 = VECTOR('',#5190,1.);
#5190 = DIRECTION('',(0.,1.));
#5191 = ( GEOMETRIC_REPRESENTATION_CONTEXT(2) 
PARAMETRIC_REPRESENTATION_CONTEXT() REPRESENTATION_CONTEXT('2D SPACE',''
  ) );
#5192 = PCURVE('',#5112,#5193);
#5193 = DEFINITIONAL_REPRESENTATION('',(#5194),#5198);
#5194 = LINE('',#5195,#5196);
#5195 = CARTESIAN_POINT('',(6.28318530718,0.));
#5196 = VECTOR('',#5197,1.);
#5197 = DIRECTION('',(0.,1.));
#5198 = ( GEOMETRIC_REPRESENTATION_CONTEXT(2) 
PARAMETRIC_REPRESENTATION_CONTEXT() REPRESENTATION_CONTEXT('2D SPACE',''
  ) );
#5199 = ORIENTED_EDGE('',*,*,#5128,.F.);
#5200 = ORIENTED_EDGE('',*,*,#5179,.F.);
#5201 = ( GEOMETRIC_REPRESENTATION_CONTEXT(3) 
GLOBAL_UNCERTAINTY_ASSIGNED_CONTEXT((#5205)) 
GLOBAL_UNIT_ASSIGNED_CONTEXT((#5202,#5203,#5204)) REPRESENTATION_CONTEXT
('Context #1','3D Context with UNIT and UNCERTAINTY') );
#5202 = ( LENGTH_UNIT() NAMED_UNIT(*) SI_UNIT(.MILLI.,.METRE.) );
#5203 = ( NAMED_UNIT(*) PLANE_ANGLE_UNIT() SI_UNIT($,.RADIAN.) );
#5204 = ( NAMED_UNIT(*) SI_UNIT($,.STERADIAN.) SOLID_ANGLE_UNIT() );
#5205 = UNCERTAINTY_MEASURE_WITH_UNIT(LENGTH_MEASURE(1.E-07),#5202,
  'distance_accuracy_value','confusion accuracy');
#5206 = CONTEXT_DEPENDENT_SHAPE_REPRESENTATION(#5207,#5209);
#5207 = ( REPRESENTATION_RELATIONSHIP('','',#368,#32) 
REPRESENTATION_RELATIONSHIP_WITH_TRANSFORMATION(#5208) 
SHAPE_REPRESENTATION_RELATIONSHIP() );
#5208 = ITEM_DEFINED_TRANSFORMATION('','',#11,#37);
#5209 = PRODUCT_DEFINITION_SHAPE('Placement','Placement of an item',
  #5210);
#5210 = NEXT_ASSEMBLY_USAGE_OCCURRENCE('2','','',#27,#363,$);
#5211 = PRODUCT_RELATED_PRODUCT_CATEGORY('part',$,(#365));
ENDSEC;
END-ISO-10303-21;
