ISO-10303-21;
HEADER;
FILE_DESCRIPTION(('Open CASCADE Model'),'2;1');
FILE_NAME('Open CASCADE Shape Model','2026-05-03T13:33:23',('Author'),(
    'Open CASCADE'),'Open CASCADE STEP processor 7.9','Open CASCADE 7.9'
  ,'Unknown');
FILE_SCHEMA(('AUTOMOTIVE_DESIGN { 1 0 10303 214 1 1 1 1 }'));
ENDSEC;
DATA;
#1 = APPLICATION_PROTOCOL_DEFINITION('international standard',
  'automotive_design',2000,#2);
#2 = APPLICATION_CONTEXT(
  'core data for automotive mechanical design processes');
#3 = SHAPE_DEFINITION_REPRESENTATION(#4,#10);
#4 = PRODUCT_DEFINITION_SHAPE('','',#5);
#5 = PRODUCT_DEFINITION('design','',#6,#9);
#6 = PRODUCT_DEFINITION_FORMATION('','',#7);
#7 = PRODUCT('Open CASCADE STEP translator 7.9 1',
  'Open CASCADE STEP translator 7.9 1','',(#8));
#8 = PRODUCT_CONTEXT('',#2,'mechanical');
#9 = PRODUCT_DEFINITION_CONTEXT('part definition',#2,'design');
#10 = SHAPE_REPRESENTATION('',(#11,#15),#19);
#11 = AXIS2_PLACEMENT_3D('',#12,#13,#14);
#12 = CARTESIAN_POINT('',(0.,0.,0.));
#13 = DIRECTION('',(0.,0.,1.));
#14 = DIRECTION('',(1.,0.,-0.));
#15 = AXIS2_PLACEMENT_3D('',#16,#17,#18);
#16 = CARTESIAN_POINT('',(0.,0.,0.));
#17 = DIRECTION('',(0.,0.,1.));
#18 = DIRECTION('',(1.,0.,-0.));
#19 = ( GEOMETRIC_REPRESENTATION_CONTEXT(3) 
GLOBAL_UNCERTAINTY_ASSIGNED_CONTEXT((#23)) GLOBAL_UNIT_ASSIGNED_CONTEXT(
(#20,#21,#22)) REPRESENTATION_CONTEXT('Context #1',
  '3D Context with UNIT and UNCERTAINTY') );
#20 = ( LENGTH_UNIT() NAMED_UNIT(*) SI_UNIT(.MILLI.,.METRE.) );
#21 = ( NAMED_UNIT(*) PLANE_ANGLE_UNIT() SI_UNIT($,.RADIAN.) );
#22 = ( NAMED_UNIT(*) SI_UNIT($,.STERADIAN.) SOLID_ANGLE_UNIT() );
#23 = UNCERTAINTY_MEASURE_WITH_UNIT(LENGTH_MEASURE(2.E-06),#20,
  'distance_accuracy_value','confusion accuracy');
#24 = PRODUCT_RELATED_PRODUCT_CATEGORY('part',$,(#7));
#25 = SHAPE_DEFINITION_REPRESENTATION(#26,#32);
#26 = PRODUCT_DEFINITION_SHAPE('','',#27);
#27 = PRODUCT_DEFINITION('design','',#28,#31);
#28 = PRODUCT_DEFINITION_FORMATION('','',#29);
#29 = PRODUCT('Open CASCADE STEP translator 7.9 1.1',
  'Open CASCADE STEP translator 7.9 1.1','',(#30));
#30 = PRODUCT_CONTEXT('',#2,'mechanical');
#31 = PRODUCT_DEFINITION_CONTEXT('part definition',#2,'design');
#32 = SHAPE_REPRESENTATION('',(#11,#33,#37),#41);
#33 = AXIS2_PLACEMENT_3D('',#34,#35,#36);
#34 = CARTESIAN_POINT('',(0.,0.,30.5));
#35 = DIRECTION('',(0.,0.,1.));
#36 = DIRECTION('',(1.,0.,0.));
#37 = AXIS2_PLACEMENT_3D('',#38,#39,#40);
#38 = CARTESIAN_POINT('',(0.,0.,0.));
#39 = DIRECTION('',(0.,0.,1.));
#40 = DIRECTION('',(1.,0.,-0.));
#41 = ( GEOMETRIC_REPRESENTATION_CONTEXT(3) 
GLOBAL_UNCERTAINTY_ASSIGNED_CONTEXT((#45)) GLOBAL_UNIT_ASSIGNED_CONTEXT(
(#42,#43,#44)) REPRESENTATION_CONTEXT('Context #1',
  '3D Context with UNIT and UNCERTAINTY') );
#42 = ( LENGTH_UNIT() NAMED_UNIT(*) SI_UNIT(.MILLI.,.METRE.) );
#43 = ( NAMED_UNIT(*) PLANE_ANGLE_UNIT() SI_UNIT($,.RADIAN.) );
#44 = ( NAMED_UNIT(*) SI_UNIT($,.STERADIAN.) SOLID_ANGLE_UNIT() );
#45 = UNCERTAINTY_MEASURE_WITH_UNIT(LENGTH_MEASURE(2.E-06),#42,
  'distance_accuracy_value','confusion accuracy');
#46 = CONTEXT_DEPENDENT_SHAPE_REPRESENTATION(#47,#49);
#47 = ( REPRESENTATION_RELATIONSHIP('','',#32,#10) 
REPRESENTATION_RELATIONSHIP_WITH_TRANSFORMATION(#48) 
SHAPE_REPRESENTATION_RELATIONSHIP() );
#48 = ITEM_DEFINED_TRANSFORMATION('','',#11,#15);
#49 = PRODUCT_DEFINITION_SHAPE('Placement','Placement of an item',#50);
#50 = NEXT_ASSEMBLY_USAGE_OCCURRENCE('3','','',#5,#27,$);
#51 = PRODUCT_RELATED_PRODUCT_CATEGORY('part',$,(#29));
#52 = SHAPE_DEFINITION_REPRESENTATION(#53,#59);
#53 = PRODUCT_DEFINITION_SHAPE('','',#54);
#54 = PRODUCT_DEFINITION('design','',#55,#58);
#55 = PRODUCT_DEFINITION_FORMATION('','',#56);
#56 = PRODUCT('Open CASCADE STEP translator 7.9 1.1.1',
  'Open CASCADE STEP translator 7.9 1.1.1','',(#57));
#57 = PRODUCT_CONTEXT('',#2,'mechanical');
#58 = PRODUCT_DEFINITION_CONTEXT('part definition',#2,'design');
#59 = ADVANCED_BREP_SHAPE_REPRESENTATION('',(#11,#60),#158);
#60 = MANIFOLD_SOLID_BREP('',#61);
#61 = CLOSED_SHELL('',(#62,#150,#154));
#62 = ADVANCED_FACE('',(#63),#76,.T.);
#63 = FACE_BOUND('',#64,.T.);
#64 = EDGE_LOOP('',(#65,#99,#122,#149));
#65 = ORIENTED_EDGE('',*,*,#66,.F.);
#66 = EDGE_CURVE('',#67,#67,#69,.T.);
#67 = VERTEX_POINT('',#68);
#68 = CARTESIAN_POINT('',(8.,-1.959434878636E-15,1.5));
#69 = SURFACE_CURVE('',#70,(#75,#87),.PCURVE_S1.);
#70 = CIRCLE('',#71,8.);
#71 = AXIS2_PLACEMENT_3D('',#72,#73,#74);
#72 = CARTESIAN_POINT('',(0.,0.,1.5));
#73 = DIRECTION('',(0.,0.,1.));
#74 = DIRECTION('',(1.,0.,-0.));
#75 = PCURVE('',#76,#81);
#76 = CYLINDRICAL_SURFACE('',#77,8.);
#77 = AXIS2_PLACEMENT_3D('',#78,#79,#80);
#78 = CARTESIAN_POINT('',(0.,0.,-1.5));
#79 = DIRECTION('',(0.,0.,1.));
#80 = DIRECTION('',(1.,0.,-0.));
#81 = DEFINITIONAL_REPRESENTATION('',(#82),#86);
#82 = LINE('',#83,#84);
#83 = CARTESIAN_POINT('',(0.,3.));
#84 = VECTOR('',#85,1.);
#85 = DIRECTION('',(1.,0.));
#86 = ( GEOMETRIC_REPRESENTATION_CONTEXT(2) 
PARAMETRIC_REPRESENTATION_CONTEXT() REPRESENTATION_CONTEXT('2D SPACE',''
  ) );
#87 = PCURVE('',#88,#93);
#88 = PLANE('',#89);
#89 = AXIS2_PLACEMENT_3D('',#90,#91,#92);
#90 = CARTESIAN_POINT('',(0.,0.,1.5));
#91 = DIRECTION('',(0.,0.,1.));
#92 = DIRECTION('',(1.,0.,-0.));
#93 = DEFINITIONAL_REPRESENTATION('',(#94),#98);
#94 = CIRCLE('',#95,8.);
#95 = AXIS2_PLACEMENT_2D('',#96,#97);
#96 = CARTESIAN_POINT('',(0.,0.));
#97 = DIRECTION('',(1.,0.));
#98 = ( GEOMETRIC_REPRESENTATION_CONTEXT(2) 
PARAMETRIC_REPRESENTATION_CONTEXT() REPRESENTATION_CONTEXT('2D SPACE',''
  ) );
#99 = ORIENTED_EDGE('',*,*,#100,.F.);
#100 = EDGE_CURVE('',#101,#67,#103,.T.);
#101 = VERTEX_POINT('',#102);
#102 = CARTESIAN_POINT('',(8.,-1.959434878636E-15,-1.5));
#103 = SEAM_CURVE('',#104,(#108,#115),.PCURVE_S1.);
#104 = LINE('',#105,#106);
#105 = CARTESIAN_POINT('',(8.,-1.959434878636E-15,-1.5));
#106 = VECTOR('',#107,1.);
#107 = DIRECTION('',(0.,0.,1.));
#108 = PCURVE('',#76,#109);
#109 = DEFINITIONAL_REPRESENTATION('',(#110),#114);
#110 = LINE('',#111,#112);
#111 = CARTESIAN_POINT('',(6.28318530718,-0.));
#112 = VECTOR('',#113,1.);
#113 = DIRECTION('',(0.,1.));
#114 = ( GEOMETRIC_REPRESENTATION_CONTEXT(2) 
PARAMETRIC_REPRESENTATION_CONTEXT() REPRESENTATION_CONTEXT('2D SPACE',''
  ) );
#115 = PCURVE('',#76,#116);
#116 = DEFINITIONAL_REPRESENTATION('',(#117),#121);
#117 = LINE('',#118,#119);
#118 = CARTESIAN_POINT('',(0.,-0.));
#119 = VECTOR('',#120,1.);
#120 = DIRECTION('',(0.,1.));
#121 = ( GEOMETRIC_REPRESENTATION_CONTEXT(2) 
PARAMETRIC_REPRESENTATION_CONTEXT() REPRESENTATION_CONTEXT('2D SPACE',''
  ) );
#122 = ORIENTED_EDGE('',*,*,#123,.T.);
#123 = EDGE_CURVE('',#101,#101,#124,.T.);
#124 = SURFACE_CURVE('',#125,(#130,#137),.PCURVE_S1.);
#125 = CIRCLE('',#126,8.);
#126 = AXIS2_PLACEMENT_3D('',#127,#128,#129);
#127 = CARTESIAN_POINT('',(0.,0.,-1.5));
#128 = DIRECTION('',(0.,0.,1.));
#129 = DIRECTION('',(1.,0.,-0.));
#130 = PCURVE('',#76,#131);
#131 = DEFINITIONAL_REPRESENTATION('',(#132),#136);
#132 = LINE('',#133,#134);
#133 = CARTESIAN_POINT('',(0.,0.));
#134 = VECTOR('',#135,1.);
#135 = DIRECTION('',(1.,0.));
#136 = ( GEOMETRIC_REPRESENTATION_CONTEXT(2) 
PARAMETRIC_REPRESENTATION_CONTEXT() REPRESENTATION_CONTEXT('2D SPACE',''
  ) );
#137 = PCURVE('',#138,#143);
#138 = PLANE('',#139);
#139 = AXIS2_PLACEMENT_3D('',#140,#141,#142);
#140 = CARTESIAN_POINT('',(0.,0.,-1.5));
#141 = DIRECTION('',(0.,0.,1.));
#142 = DIRECTION('',(1.,0.,-0.));
#143 = DEFINITIONAL_REPRESENTATION('',(#144),#148);
#144 = CIRCLE('',#145,8.);
#145 = AXIS2_PLACEMENT_2D('',#146,#147);
#146 = CARTESIAN_POINT('',(0.,0.));
#147 = DIRECTION('',(1.,0.));
#148 = ( GEOMETRIC_REPRESENTATION_CONTEXT(2) 
PARAMETRIC_REPRESENTATION_CONTEXT() REPRESENTATION_CONTEXT('2D SPACE',''
  ) );
#149 = ORIENTED_EDGE('',*,*,#100,.T.);
#150 = ADVANCED_FACE('',(#151),#88,.T.);
#151 = FACE_BOUND('',#152,.T.);
#152 = EDGE_LOOP('',(#153));
#153 = ORIENTED_EDGE('',*,*,#66,.T.);
#154 = ADVANCED_FACE('',(#155),#138,.F.);
#155 = FACE_BOUND('',#156,.T.);
#156 = EDGE_LOOP('',(#157));
#157 = ORIENTED_EDGE('',*,*,#123,.F.);
#158 = ( GEOMETRIC_REPRESENTATION_CONTEXT(3) 
GLOBAL_UNCERTAINTY_ASSIGNED_CONTEXT((#162)) GLOBAL_UNIT_ASSIGNED_CONTEXT
((#159,#160,#161)) REPRESENTATION_CONTEXT('Context #1',
  '3D Context with UNIT and UNCERTAINTY') );
#159 = ( LENGTH_UNIT() NAMED_UNIT(*) SI_UNIT(.MILLI.,.METRE.) );
#160 = ( NAMED_UNIT(*) PLANE_ANGLE_UNIT() SI_UNIT($,.RADIAN.) );
#161 = ( NAMED_UNIT(*) SI_UNIT($,.STERADIAN.) SOLID_ANGLE_UNIT() );
#162 = UNCERTAINTY_MEASURE_WITH_UNIT(LENGTH_MEASURE(1.E-07),#159,
  'distance_accuracy_value','confusion accuracy');
#163 = CONTEXT_DEPENDENT_SHAPE_REPRESENTATION(#164,#166);
#164 = ( REPRESENTATION_RELATIONSHIP('','',#59,#32) 
REPRESENTATION_RELATIONSHIP_WITH_TRANSFORMATION(#165) 
SHAPE_REPRESENTATION_RELATIONSHIP() );
#165 = ITEM_DEFINED_TRANSFORMATION('','',#11,#33);
#166 = PRODUCT_DEFINITION_SHAPE('Placement','Placement of an item',#167
  );
#167 = NEXT_ASSEMBLY_USAGE_OCCURRENCE('1','','',#27,#54,$);
#168 = PRODUCT_RELATED_PRODUCT_CATEGORY('part',$,(#56));
#169 = SHAPE_DEFINITION_REPRESENTATION(#170,#176);
#170 = PRODUCT_DEFINITION_SHAPE('','',#171);
#171 = PRODUCT_DEFINITION('design','',#172,#175);
#172 = PRODUCT_DEFINITION_FORMATION('','',#173);
#173 = PRODUCT('Open CASCADE STEP translator 7.9 1.1.2',
  'Open CASCADE STEP translator 7.9 1.1.2','',(#174));
#174 = PRODUCT_CONTEXT('',#2,'mechanical');
#175 = PRODUCT_DEFINITION_CONTEXT('part definition',#2,'design');
#176 = ADVANCED_BREP_SHAPE_REPRESENTATION('',(#11,#177),#2950);
#177 = MANIFOLD_SOLID_BREP('',#178);
#178 = CLOSED_SHELL('',(#179,#876,#1579,#1583,#1639,#1678,#1713,#1717,
    #2252,#2328,#2411,#2416,#2865,#2892,#2917,#2945));
#179 = ADVANCED_FACE('',(#180),#387,.T.);
#180 = FACE_BOUND('',#181,.T.);
#181 = EDGE_LOOP('',(#182,#826,#848,#875));
#182 = ORIENTED_EDGE('',*,*,#183,.F.);
#183 = EDGE_CURVE('',#184,#184,#186,.T.);
#184 = VERTEX_POINT('',#185);
#185 = CARTESIAN_POINT('',(-14.113776808,-6.407129170997,1.754291530025)
  );
#186 = SURFACE_CURVE('',#187,(#386,#619),.PCURVE_S1.);
#187 = B_SPLINE_CURVE_WITH_KNOTS('',8,(#188,#189,#190,#191,#192,#193,
    #194,#195,#196,#197,#198,#199,#200,#201,#202,#203,#204,#205,#206,
    #207,#208,#209,#210,#211,#212,#213,#214,#215,#216,#217,#218,#219,
    #220,#221,#222,#223,#224,#225,#226,#227,#228,#229,#230,#231,#232,
    #233,#234,#235,#236,#237,#238,#239,#240,#241,#242,#243,#244,#245,
    #246,#247,#248,#249,#250,#251,#252,#253,#254,#255,#256,#257,#258,
    #259,#260,#261,#262,#263,#264,#265,#266,#267,#268,#269,#270,#271,
    #272,#273,#274,#275,#276,#277,#278,#279,#280,#281,#282,#283,#284,
    #285,#286,#287,#288,#289,#290,#291,#292,#293,#294,#295,#296,#297,
    #298,#299,#300,#301,#302,#303,#304,#305,#306,#307,#308,#309,#310,
    #311,#312,#313,#314,#315,#316,#317,#318,#319,#320,#321,#322,#323,
    #324,#325,#326,#327,#328,#329,#330,#331,#332,#333,#334,#335,#336,
    #337,#338,#339,#340,#341,#342,#343,#344,#345,#346,#347,#348,#349,
    #350,#351,#352,#353,#354,#355,#356,#357,#358,#359,#360,#361,#362,
    #363,#364,#365,#366,#367,#368,#369,#370,#371,#372,#373,#374,#375,
    #376,#377,#378,#379,#380,#381,#382,#383,#384,#385),.UNSPECIFIED.,.T.
  ,.F.,(9,7,7,7,7,7,7,7,7,7,7,7,7,7,7,7,7,7,7,7,7,7,7,7,7,7,7,7,9),(0.,
    2.164284906758E-02,4.056068912103E-02,5.765547010291E-02,
    0.129615803109,0.193557764879,0.217455070016,0.266386732872,
    0.338776467906,0.402732210831,0.464660214258,0.481562999395,
    0.499012877006,0.517925764767,0.532498342837,0.551519056283,
    0.564342093647,0.583694090249,0.603574974692,0.642055422365,
    0.687849185765,0.767028047533,0.84824247797,0.888557288628,
    0.923917221067,0.954812955936,0.969688883872,0.981208576298,1.),
  .UNSPECIFIED.);
#188 = CARTESIAN_POINT('',(-14.113776808,-6.407129170997,1.754291530025)
  );
#189 = CARTESIAN_POINT('',(-14.11479106248,-6.404894947055,
    1.693283804583));
#190 = CARTESIAN_POINT('',(-14.11788056317,-6.39808822794,1.632293511933
    ));
#191 = CARTESIAN_POINT('',(-14.1228771279,-6.38707190265,1.571524013099)
  );
#192 = CARTESIAN_POINT('',(-14.12959967872,-6.372215859005,
    1.511136257777));
#193 = CARTESIAN_POINT('',(-14.13786960992,-6.353872875472,
    1.451251311479));
#194 = CARTESIAN_POINT('',(-14.14752152439,-6.332361657467,
    1.391952311189));
#195 = CARTESIAN_POINT('',(-14.15840933843,-6.307957018101,
    1.333285849496));
#196 = CARTESIAN_POINT('',(-14.18089547396,-6.257225696395,
    1.224545295847));
#197 = CARTESIAN_POINT('',(-14.19222909604,-6.231533945706,
    1.174332295616));
#198 = CARTESIAN_POINT('',(-14.20432302443,-6.203968501665,
    1.124638173365));
#199 = CARTESIAN_POINT('',(-14.21710004268,-6.17466798827,1.075473492373
    ));
#200 = CARTESIAN_POINT('',(-14.23049089442,-6.143754194478,
    1.026844720237));
#201 = CARTESIAN_POINT('',(-14.24443386311,-6.111333165508,
    0.978753956741));
#202 = CARTESIAN_POINT('',(-14.25887435187,-6.077496294143,
    0.931198661727));
#203 = CARTESIAN_POINT('',(-14.28721965654,-6.010536234426,
    0.841675990853));
#204 = CARTESIAN_POINT('',(-14.30104091144,-5.977660987152,
    0.799615170741));
#205 = CARTESIAN_POINT('',(-14.31519223148,-5.943754475053,
    0.757985564081));
#206 = CARTESIAN_POINT('',(-14.32964082526,-5.90886926111,0.716784034598
    ));
#207 = CARTESIAN_POINT('',(-14.34435684509,-5.873052156711,0.67600745559
    ));
#208 = CARTESIAN_POINT('',(-14.35931312567,-5.836344711935,
    0.635652497236));
#209 = CARTESIAN_POINT('',(-14.37448492263,-5.798783705826,
    0.595715413902));
#210 = CARTESIAN_POINT('',(-14.45452734348,-5.598832647838,
    0.389817652231));
#211 = CARTESIAN_POINT('',(-14.52257407802,-5.422838455236,
    0.230898658439));
#212 = CARTESIAN_POINT('',(-14.5923711982,-5.234693368116,
    7.891616854586E-02));
#213 = CARTESIAN_POINT('',(-14.66279003048,-5.035756659589,
    -6.617459696962E-02));
#214 = CARTESIAN_POINT('',(-14.73288804438,-4.827112873982,
    -0.20437758418));
#215 = CARTESIAN_POINT('',(-14.80191613395,-4.609508941421,
    -0.335619770987));
#216 = CARTESIAN_POINT('',(-14.86923672734,-4.383478028754,
    -0.45982696088));
#217 = CARTESIAN_POINT('',(-14.99212123506,-3.94118618016,
    -0.680915287576));
#218 = CARTESIAN_POINT('',(-15.04811219006,-3.726812373001,
    -0.77921504947));
#219 = CARTESIAN_POINT('',(-15.10185741664,-3.50651621297,
    -0.871659935978));
#220 = CARTESIAN_POINT('',(-15.15296580208,-3.280640813389,-0.9580659165
    ));
#221 = CARTESIAN_POINT('',(-15.20107052643,-3.049536485508,
    -1.038218876833));
#222 = CARTESIAN_POINT('',(-15.24582832456,-2.813574488,-1.111891394377)
  );
#223 = CARTESIAN_POINT('',(-15.28692218861,-2.57315708079,
    -1.178855031597));
#224 = CARTESIAN_POINT('',(-15.33794999227,-2.237370810098,
    -1.261324583131));
#225 = CARTESIAN_POINT('',(-15.35128062845,-2.145459330763,
    -1.282792503085));
#226 = CARTESIAN_POINT('',(-15.36404432973,-2.053013466272,
    -1.303280008529));
#227 = CARTESIAN_POINT('',(-15.37622676063,-1.960058207163,
    -1.322775612027));
#228 = CARTESIAN_POINT('',(-15.38781433972,-1.866619513449,
    -1.341268237769));
#229 = CARTESIAN_POINT('',(-15.3987942397,-1.772724314612,
    -1.358747221577));
#230 = CARTESIAN_POINT('',(-15.40915438737,-1.678400509606,
    -1.375202310896));
#231 = CARTESIAN_POINT('',(-15.43880453321,-1.389722860667,
    -1.422200132771));
#232 = CARTESIAN_POINT('',(-15.45608079358,-1.194085371047,
    -1.449444204781));
#233 = CARTESIAN_POINT('',(-15.47061479259,-0.997022074216,
    -1.47227104889));
#234 = CARTESIAN_POINT('',(-15.48232604329,-0.798799729863,
    -1.490609163792));
#235 = CARTESIAN_POINT('',(-15.4911523167,-0.599694615362,
    -1.504402238981));
#236 = CARTESIAN_POINT('',(-15.4970509345,-0.399992859979,
    -1.513611014906));
#237 = CARTESIAN_POINT('',(-15.50000006182,-0.199990779088,
    -1.518215143138));
#238 = CARTESIAN_POINT('',(-15.49999990853,0.295879191263,
    -1.518214903598));
#239 = CARTESIAN_POINT('',(-15.49354513733,0.591786935938,-1.50813776162
    ));
#240 = CARTESIAN_POINT('',(-15.48063311428,0.886706812369,
    -1.487980016592));
#241 = CARTESIAN_POINT('',(-15.46137106065,1.179687124012,
    -1.457842798057));
#242 = CARTESIAN_POINT('',(-15.435962522,1.469841068274,-1.417913079043)
  );
#243 = CARTESIAN_POINT('',(-15.40469527397,1.756341992857,
    -1.368445961451));
#244 = CARTESIAN_POINT('',(-15.36793060312,2.038418531246,
    -1.309748136882));
#245 = CARTESIAN_POINT('',(-15.28913163046,2.560015982506,
    -1.182451181908));
#246 = CARTESIAN_POINT('',(-15.24820760374,2.800684277015,
    -1.115797676531));
#247 = CARTESIAN_POINT('',(-15.20360558573,3.036912637444,
    -1.042423501032));
#248 = CARTESIAN_POINT('',(-15.15564186712,3.268297105631,
    -0.962557337205));
#249 = CARTESIAN_POINT('',(-15.104659111,3.494465212243,-0.876427142157)
  );
#250 = CARTESIAN_POINT('',(-15.0510235569,3.715065940435,-0.784247830989
    ));
#251 = CARTESIAN_POINT('',(-14.99512564363,3.929756069574,-0.68620455436
    ));
#252 = CARTESIAN_POINT('',(-14.88147317649,4.340001481985,
    -0.481948746775));
#253 = CARTESIAN_POINT('',(-14.82385634318,4.535865694307,
    -0.376134661696));
#254 = CARTESIAN_POINT('',(-14.76489642947,4.725536281724,
    -0.265079255382));
#255 = CARTESIAN_POINT('',(-14.70499747315,4.908674830256,
    -0.148859739165));
#256 = CARTESIAN_POINT('',(-14.64462764512,5.084823648878,
    -2.752756451773E-02));
#257 = CARTESIAN_POINT('',(-14.58432801227,5.253408234281,
    9.889106445818E-02));
#258 = CARTESIAN_POINT('',(-14.52474032931,5.413692528616,0.23042957476)
  );
#259 = CARTESIAN_POINT('',(-14.45084190449,5.605810935712,0.404656160433
    ));
#260 = CARTESIAN_POINT('',(-14.43511248545,5.646303624152,0.442407269594
    ));
#261 = CARTESIAN_POINT('',(-14.41951609026,5.686072480072,0.48055511967)
  );
#262 = CARTESIAN_POINT('',(-14.40407134621,5.725092040374,0.519102630558
    ));
#263 = CARTESIAN_POINT('',(-14.38879843446,5.763333840163,0.558052752687
    ));
#264 = CARTESIAN_POINT('',(-14.37371926464,5.800766107637,0.597408625169
    ));
#265 = CARTESIAN_POINT('',(-14.35885764953,5.837353458991,0.637173733941
    ));
#266 = CARTESIAN_POINT('',(-14.32914816359,5.909915331034,0.718830858161
    ));
#267 = CARTESIAN_POINT('',(-14.3143168508,5.945830373127,0.760748525198)
  );
#268 = CARTESIAN_POINT('',(-14.29977379093,5.98075903239,0.80311038907)
  );
#269 = CARTESIAN_POINT('',(-14.28555028346,6.014652525279,0.845920435992
    ));
#270 = CARTESIAN_POINT('',(-14.2716810164,6.04745529564,0.889181574136)
  );
#271 = CARTESIAN_POINT('',(-14.25820440491,6.079104338442,0.932895887419
    ));
#272 = CARTESIAN_POINT('',(-14.2451629299,6.10952852351,0.97706488929));
#273 = CARTESIAN_POINT('',(-14.21899102988,6.170208705865,1.070056046016
    ));
#274 = CARTESIAN_POINT('',(-14.20594661626,6.200232709616,1.118951684661
    ));
#275 = CARTESIAN_POINT('',(-14.1935285502,6.228620875714,1.168382231261)
  );
#276 = CARTESIAN_POINT('',(-14.18180412354,6.255255816135,1.218344929643
    ));
#277 = CARTESIAN_POINT('',(-14.17084953013,6.280001375541,1.268828751117
    ));
#278 = CARTESIAN_POINT('',(-14.16074979047,6.302702197194,1.319814416949
    ));
#279 = CARTESIAN_POINT('',(-14.15159867637,6.323183288867,1.371274420841
    ));
#280 = CARTESIAN_POINT('',(-14.13725746922,6.355169862004,1.463161489708
    ));
#281 = CARTESIAN_POINT('',(-14.13164123799,6.367654411255,1.503405145063
    ));
#282 = CARTESIAN_POINT('',(-14.12669621455,6.378614862137,1.543886601011
    ));
#283 = CARTESIAN_POINT('',(-14.12247322414,6.387952485456,1.584579241922
    ));
#284 = CARTESIAN_POINT('',(-14.11902589423,6.395561151212,1.625447032327
    ));
#285 = CARTESIAN_POINT('',(-14.11640890437,6.401330282617,1.666444296268
    ));
#286 = CARTESIAN_POINT('',(-14.11467623598,6.405147810108,1.70751549664)
  );
#287 = CARTESIAN_POINT('',(-14.1128393887,6.409194233253,1.802213649119)
  );
#288 = CARTESIAN_POINT('',(-14.11339307817,6.407973525101,1.855870616538
    ));
#289 = CARTESIAN_POINT('',(-14.1156569873,6.402989731924,1.909381552084)
  );
#290 = CARTESIAN_POINT('',(-14.11973262178,6.394014132675,1.962538054536
    ));
#291 = CARTESIAN_POINT('',(-14.12569406452,6.38085971998,2.015111130282)
  );
#292 = CARTESIAN_POINT('',(-14.13357456087,6.363407520234,2.066855578046
    ));
#293 = CARTESIAN_POINT('',(-14.14335212068,6.341640068067,2.117515314245
    ));
#294 = CARTESIAN_POINT('',(-14.16274228977,6.298182122455,2.200075470134
    ));
#295 = CARTESIAN_POINT('',(-14.17137291069,6.278772399245,2.232719706755
    ));
#296 = CARTESIAN_POINT('',(-14.18079935508,6.257487408976,2.264684876638
    ));
#297 = CARTESIAN_POINT('',(-14.19098471076,6.234381553119,2.295908229162
    ));
#298 = CARTESIAN_POINT('',(-14.20188365785,6.209526239934,2.326340354775
    ));
#299 = CARTESIAN_POINT('',(-14.21344432845,6.183007033212,2.35594380451)
  );
#300 = CARTESIAN_POINT('',(-14.22561016614,6.154920801007,2.384691709501
    ));
#301 = CARTESIAN_POINT('',(-14.25750563508,6.080780342896,2.454633729013
    ));
#302 = CARTESIAN_POINT('',(-14.27793241178,6.032859021722,2.494711796785
    ));
#303 = CARTESIAN_POINT('',(-14.29940962765,5.98194367844,2.532766620568)
  );
#304 = CARTESIAN_POINT('',(-14.32174403899,5.928379123915,2.568823917707
    ));
#305 = CARTESIAN_POINT('',(-14.34475491863,5.872495753617,2.602948261619
    ));
#306 = CARTESIAN_POINT('',(-14.36828286108,5.81459121877,2.635227658346)
  );
#307 = CARTESIAN_POINT('',(-14.39219412066,5.754918217308,2.665763544169
    ));
#308 = CARTESIAN_POINT('',(-14.4412278554,5.630764914948,2.724358770746)
  );
#309 = CARTESIAN_POINT('',(-14.46636083548,5.566210007859,2.752321700367
    ));
#310 = CARTESIAN_POINT('',(-14.49166381752,5.500228355062,2.778677669082
    ));
#311 = CARTESIAN_POINT('',(-14.51703860613,5.433007186789,2.80354213711)
  );
#312 = CARTESIAN_POINT('',(-14.54240326994,5.364706031634,2.827023503784
    ));
#313 = CARTESIAN_POINT('',(-14.5676909956,5.295456456369,2.849223262388)
  );
#314 = CARTESIAN_POINT('',(-14.5928489417,5.225361805756,2.870236155006)
  );
#315 = CARTESIAN_POINT('',(-14.66620291085,5.017334449641,2.92869520544)
  );
#316 = CARTESIAN_POINT('',(-14.71390112564,4.877375214963,2.963099196522
    ));
#317 = CARTESIAN_POINT('',(-14.76064182901,4.735168868861,2.994010382749
    ));
#318 = CARTESIAN_POINT('',(-14.80621575365,4.591138015962,3.021909260456
    ));
#319 = CARTESIAN_POINT('',(-14.85047239764,4.445607205845,3.047182371247
    ));
#320 = CARTESIAN_POINT('',(-14.89330686234,4.298812386639,3.070151295265
    ));
#321 = CARTESIAN_POINT('',(-14.93465041578,4.150902360797,3.091082445175
    ));
#322 = CARTESIAN_POINT('',(-15.02183505486,3.824675169707,3.13295768699)
  );
#323 = CARTESIAN_POINT('',(-15.06701280781,3.646014211946,3.153136486566
    ));
#324 = CARTESIAN_POINT('',(-15.10990113809,3.466162511702,3.171113520672
    ));
#325 = CARTESIAN_POINT('',(-15.15043200575,3.285286087447,3.187173825715
    ));
#326 = CARTESIAN_POINT('',(-15.18855531001,3.103521307553,3.201542196492
    ));
#327 = CARTESIAN_POINT('',(-15.22423409308,2.920978729963,3.214402818151
    ));
#328 = CARTESIAN_POINT('',(-15.2574408835,2.737744827584,3.22590978556)
  );
#329 = CARTESIAN_POINT('',(-15.34126116489,2.235976276787,3.253960749229
    ));
#330 = CARTESIAN_POINT('',(-15.38690436671,1.916257033391,3.268058242017
    ));
#331 = CARTESIAN_POINT('',(-15.42497502647,1.595098759433,3.279133479982
    ));
#332 = CARTESIAN_POINT('',(-15.45540042258,1.272837420078,3.28760411282)
  );
#333 = CARTESIAN_POINT('',(-15.47813396672,0.94978100984,3.293750697591)
  );
#334 = CARTESIAN_POINT('',(-15.49314871179,0.626213528739,3.297753067421
    ));
#335 = CARTESIAN_POINT('',(-15.50043290069,0.302396188515,3.299696242038
    ));
#336 = CARTESIAN_POINT('',(-15.49952596067,-0.353581153693,
    3.299454292085));
#337 = CARTESIAN_POINT('',(-15.49093223713,-0.68569144743,3.297161808485
    ));
#338 = CARTESIAN_POINT('',(-15.4742069852,-1.017504200051,3.292694821273
    ));
#339 = CARTESIAN_POINT('',(-15.44936423032,-1.348738199523,
    3.285951464875));
#340 = CARTESIAN_POINT('',(-15.41643511997,-1.679084394979,
    3.276722946702));
#341 = CARTESIAN_POINT('',(-15.37547341614,-2.008204641128,
    3.264687185122));
#342 = CARTESIAN_POINT('',(-15.32656358036,-2.335726861715,
    3.249364678955));
#343 = CARTESIAN_POINT('',(-15.24167438414,-2.822811207243,
    3.220380812427));
#344 = CARTESIAN_POINT('',(-15.21159003251,-2.983879162466,
    3.209769614193));
#345 = CARTESIAN_POINT('',(-15.1795973207,-3.144387228695,3.198069459622
    ));
#346 = CARTESIAN_POINT('',(-15.14571665239,-3.304272933566,
    3.185169859238));
#347 = CARTESIAN_POINT('',(-15.10997452571,-3.463459015744,
    3.170940781077));
#348 = CARTESIAN_POINT('',(-15.07240551599,-3.621852431044,
    3.155226728045));
#349 = CARTESIAN_POINT('',(-15.03305479301,-3.779342374209,
    3.137836501623));
#350 = CARTESIAN_POINT('',(-14.95595569198,-4.073023216534,3.10159382702
    ));
#351 = CARTESIAN_POINT('',(-14.9186140343,-4.209417807795,3.083187708337
    ));
#352 = CARTESIAN_POINT('',(-14.87998983788,-4.344920284354,
    3.063146222357));
#353 = CARTESIAN_POINT('',(-14.84013336221,-4.479419771857,
    3.041274447965));
#354 = CARTESIAN_POINT('',(-14.79911553771,-4.612756493341,
    3.017345445865));
#355 = CARTESIAN_POINT('',(-14.75703395501,-4.744718800098,
    2.991089076797));
#356 = CARTESIAN_POINT('',(-14.71402079422,-4.875036067427,
    2.962170808581));
#357 = CARTESIAN_POINT('',(-14.63201032407,-5.115496983281,
    2.902191520842));
#358 = CARTESIAN_POINT('',(-14.59322786682,-5.22600378504,2.871888363692
    ));
#359 = CARTESIAN_POINT('',(-14.55399770166,-5.334747491045,
    2.838949659082));
#360 = CARTESIAN_POINT('',(-14.51447694166,-5.441415338851,
    2.803040537411));
#361 = CARTESIAN_POINT('',(-14.47490370689,-5.545524289179,
    2.763788118587));
#362 = CARTESIAN_POINT('',(-14.43560889786,-5.646424644696,
    2.720780874229));
#363 = CARTESIAN_POINT('',(-14.39702346879,-5.743305171477,
    2.673571874408));
#364 = CARTESIAN_POINT('',(-14.34170134416,-5.879445854012,
    2.596703450062));
#365 = CARTESIAN_POINT('',(-14.32401789874,-5.922515802899,
    2.570648223213));
#366 = CARTESIAN_POINT('',(-14.30669601339,-5.964288602208,
    2.543477379019));
#367 = CARTESIAN_POINT('',(-14.28980963015,-6.004627306768,2.5151549262)
  );
#368 = CARTESIAN_POINT('',(-14.27344048484,-6.043382344168,
    2.485654208068));
#369 = CARTESIAN_POINT('',(-14.25767595514,-6.080396468449,
    2.454961654311));
#370 = CARTESIAN_POINT('',(-14.24260575629,-6.115511317169,
    2.423081818073));
#371 = CARTESIAN_POINT('',(-14.2172528639,-6.174180027965,2.364459480688
    ));
#372 = CARTESIAN_POINT('',(-14.20665644726,-6.198556402858,
    2.338179095576));
#373 = CARTESIAN_POINT('',(-14.19657055518,-6.22163060385,2.31121944838)
  );
#374 = CARTESIAN_POINT('',(-14.18703497913,-6.243335270673,
    2.283603663073));
#375 = CARTESIAN_POINT('',(-14.17808593942,-6.263611328967,
    2.255361816934));
#376 = CARTESIAN_POINT('',(-14.16975504332,-6.282409543784,
    2.226531675269));
#377 = CARTESIAN_POINT('',(-14.16206824309,-6.299692073096,
    2.197159426137));
#378 = CARTESIAN_POINT('',(-14.14358783836,-6.341112972402,
    2.118593096548));
#379 = CARTESIAN_POINT('',(-14.13389140596,-6.362702759331,
    2.068571093059));
#380 = CARTESIAN_POINT('',(-14.12604503296,-6.380082670711,2.01748534455
    ));
#381 = CARTESIAN_POINT('',(-14.12007114034,-6.393267163029,
    1.965582717973));
#382 = CARTESIAN_POINT('',(-14.11593932906,-6.402367907924,
    1.913100099059));
#383 = CARTESIAN_POINT('',(-14.11357983654,-6.407562395773,
    1.860259347497));
#384 = CARTESIAN_POINT('',(-14.11289615448,-6.409069095551,
    1.807263115542));
#385 = CARTESIAN_POINT('',(-14.113776808,-6.407129170997,1.754291530025)
  );
#386 = PCURVE('',#387,#418);
#387 = B_SPLINE_SURFACE_WITH_KNOTS('',14,1,(
    (#388,#389)
    ,(#390,#391)
    ,(#392,#393)
    ,(#394,#395)
    ,(#396,#397)
    ,(#398,#399)
    ,(#400,#401)
    ,(#402,#403)
    ,(#404,#405)
    ,(#406,#407)
    ,(#408,#409)
    ,(#410,#411)
    ,(#412,#413)
    ,(#414,#415)
    ,(#416,#417
    )),.UNSPECIFIED.,.T.,.F.,.F.,(15,15),(2,2),(0.,6.28318530718),(0.,1.
    ),.PIECEWISE_BEZIER_KNOTS.);
#388 = CARTESIAN_POINT('',(-1.490015741869E-15,-7.6,10.85));
#389 = CARTESIAN_POINT('',(-46.73550315436,-3.65,-19.26897649172));
#390 = CARTESIAN_POINT('',(-0.585914563785,-7.600000000001,
    11.759161436862));
#391 = CARTESIAN_POINT('',(-46.91440874292,-3.65,-18.71836170707));
#392 = CARTESIAN_POINT('',(-1.171829343843,-5.95145085488,
    12.668323209299));
#393 = CARTESIAN_POINT('',(-47.09331439754,-2.858258159594,
    -18.16774671919));
#394 = CARTESIAN_POINT('',(-1.60946635202,-2.654350457146,
    13.347402917831));
#395 = CARTESIAN_POINT('',(-47.22694430086,-1.274817686895,
    -17.75647616557));
#396 = CARTESIAN_POINT('',(-1.750564320706,1.798240672014,
    13.566344107948));
#397 = CARTESIAN_POINT('',(-47.27002774121,0.863738490466,
    -17.62387897063));
#398 = CARTESIAN_POINT('',(-1.500008579672,6.420295019067,13.17755770198
    ));
#399 = CARTESIAN_POINT('',(-47.19352200962,3.083180310938,
    -17.85933940106));
#400 = CARTESIAN_POINT('',(-0.869324365763,9.9487169326,12.198927366336)
  );
#401 = CARTESIAN_POINT('',(-47.00094627002,4.778404615516,
    -18.45202658462));
#402 = CARTESIAN_POINT('',(-1.768293788143E-11,11.277097375575,
    10.850000000107));
#403 = CARTESIAN_POINT('',(-46.73550315436,5.415504925606,
    -19.26897649172));
#404 = CARTESIAN_POINT('',(0.869324365795,9.948716932601,9.501072633467)
  );
#405 = CARTESIAN_POINT('',(-46.47006003869,4.778404615511,-20.0859263988
    ));
#406 = CARTESIAN_POINT('',(1.500008579647,6.420295019066,8.522442298173)
  );
#407 = CARTESIAN_POINT('',(-46.27748429908,3.083180310945,
    -20.67861358236));
#408 = CARTESIAN_POINT('',(1.750564320721,1.798240672015,8.133655891955)
  );
#409 = CARTESIAN_POINT('',(-46.20097856752,0.86373849046,-20.91407401282
    ));
#410 = CARTESIAN_POINT('',(1.609466352012,-2.654350457146,8.352597082217
    ));
#411 = CARTESIAN_POINT('',(-46.24406200784,-1.274817686892,
    -20.78147681784));
#412 = CARTESIAN_POINT('',(1.171829343846,-5.95145085488,9.031676790683)
  );
#413 = CARTESIAN_POINT('',(-46.37769191118,-2.858258159596,
    -20.37020626425));
#414 = CARTESIAN_POINT('',(0.585914563784,-7.600000000001,9.940838563142
    ));
#415 = CARTESIAN_POINT('',(-46.55659756579,-3.65,-19.81959127636));
#416 = CARTESIAN_POINT('',(2.863411095642E-16,-7.6,10.85));
#417 = CARTESIAN_POINT('',(-46.73550315436,-3.65,-19.26897649172));
#418 = DEFINITIONAL_REPRESENTATION('',(#419),#618);
#419 = B_SPLINE_CURVE_WITH_KNOTS('',8,(#420,#421,#422,#423,#424,#425,
    #426,#427,#428,#429,#430,#431,#432,#433,#434,#435,#436,#437,#438,
    #439,#440,#441,#442,#443,#444,#445,#446,#447,#448,#449,#450,#451,
    #452,#453,#454,#455,#456,#457,#458,#459,#460,#461,#462,#463,#464,
    #465,#466,#467,#468,#469,#470,#471,#472,#473,#474,#475,#476,#477,
    #478,#479,#480,#481,#482,#483,#484,#485,#486,#487,#488,#489,#490,
    #491,#492,#493,#494,#495,#496,#497,#498,#499,#500,#501,#502,#503,
    #504,#505,#506,#507,#508,#509,#510,#511,#512,#513,#514,#515,#516,
    #517,#518,#519,#520,#521,#522,#523,#524,#525,#526,#527,#528,#529,
    #530,#531,#532,#533,#534,#535,#536,#537,#538,#539,#540,#541,#542,
    #543,#544,#545,#546,#547,#548,#549,#550,#551,#552,#553,#554,#555,
    #556,#557,#558,#559,#560,#561,#562,#563,#564,#565,#566,#567,#568,
    #569,#570,#571,#572,#573,#574,#575,#576,#577,#578,#579,#580,#581,
    #582,#583,#584,#585,#586,#587,#588,#589,#590,#591,#592,#593,#594,
    #595,#596,#597,#598,#599,#600,#601,#602,#603,#604,#605,#606,#607,
    #608,#609,#610,#611,#612,#613,#614,#615,#616,#617),.UNSPECIFIED.,.F.
  ,.F.,(9,7,7,7,7,7,7,7,7,7,7,7,7,7,7,7,7,7,7,7,7,7,7,7,7,7,7,7,9),(0.,
    2.164284906758E-02,4.056068912103E-02,5.765547010291E-02,
    0.129615803109,0.193557764879,0.217455070016,0.266386732872,
    0.338776467906,0.402732210831,0.464660214258,0.481562999395,
    0.499012877006,0.517925764767,0.532498342837,0.551519056283,
    0.564342093647,0.583694090249,0.603574974692,0.642055422365,
    0.687849185765,0.767028047533,0.84824247797,0.888557288628,
    0.923917221067,0.954812955936,0.969688883872,0.981208576298,1.),
  .UNSPECIFIED.);
#420 = CARTESIAN_POINT('',(6.28318530718,0.301992614937));
#421 = CARTESIAN_POINT('',(6.25854447214,0.302558241252));
#422 = CARTESIAN_POINT('',(6.234438798359,0.303155840534));
#423 = CARTESIAN_POINT('',(6.210883109391,0.30378094473));
#424 = CARTESIAN_POINT('',(6.187876431074,0.304429274307));
#425 = CARTESIAN_POINT('',(6.16540652075,0.305096953348));
#426 = CARTESIAN_POINT('',(6.143452712186,0.30578065754));
#427 = CARTESIAN_POINT('',(6.121987076202,0.306477695058));
#428 = CARTESIAN_POINT('',(6.082606446293,0.307805161767));
#429 = CARTESIAN_POINT('',(6.064589372344,0.308432770349));
#430 = CARTESIAN_POINT('',(6.046901414802,0.309067386211));
#431 = CARTESIAN_POINT('',(6.029522961384,0.309707715339));
#432 = CARTESIAN_POINT('',(6.01243560022,0.310352625221));
#433 = CARTESIAN_POINT('',(5.99562167221,0.311001140476));
#434 = CARTESIAN_POINT('',(5.979063823369,0.31165243849));
#435 = CARTESIAN_POINT('',(5.947997932814,0.31289628466));
#436 = CARTESIAN_POINT('',(5.933447314969,0.313488398566));
#437 = CARTESIAN_POINT('',(5.919080582144,0.314081659969));
#438 = CARTESIAN_POINT('',(5.904886729014,0.314675590074));
#439 = CARTESIAN_POINT('',(5.890855663166,0.315269755894));
#440 = CARTESIAN_POINT('',(5.876978001839,0.315863768051));
#441 = CARTESIAN_POINT('',(5.863244868659,0.316457278576));
#442 = CARTESIAN_POINT('',(5.792410485739,0.319544944789));
#443 = CARTESIAN_POINT('',(5.737626453348,0.322023632518));
#444 = CARTESIAN_POINT('',(5.684592375315,0.324465764248));
#445 = CARTESIAN_POINT('',(5.632940397532,0.326854428508));
#446 = CARTESIAN_POINT('',(5.58236801166,0.329175248641));
#447 = CARTESIAN_POINT('',(5.532650370017,0.331416160379));
#448 = CARTESIAN_POINT('',(5.483579298866,0.333566816708));
#449 = CARTESIAN_POINT('',(5.391753099399,0.33744063851));
#450 = CARTESIAN_POINT('',(5.34893835403,0.339183256325));
#451 = CARTESIAN_POINT('',(5.306404207426,0.340838310919));
#452 = CARTESIAN_POINT('',(5.264069644213,0.342398235632));
#453 = CARTESIAN_POINT('',(5.221872477818,0.343855570925));
#454 = CARTESIAN_POINT('',(5.179763447195,0.345203100425));
#455 = CARTESIAN_POINT('',(5.137703402913,0.346433999056));
#456 = CARTESIAN_POINT('',(5.079951859267,0.347956088718));
#457 = CARTESIAN_POINT('',(5.06424336415,0.348353007929));
#458 = CARTESIAN_POINT('',(5.048536778518,0.34873241695));
#459 = CARTESIAN_POINT('',(5.032830969059,0.349093996914));
#460 = CARTESIAN_POINT('',(5.017124987892,0.349437444032));
#461 = CARTESIAN_POINT('',(5.001418072572,0.349762469596));
#462 = CARTESIAN_POINT('',(4.985709646082,0.350068799975));
#463 = CARTESIAN_POINT('',(4.937831148534,0.350944603509));
#464 = CARTESIAN_POINT('',(4.905653692897,0.351453595158));
#465 = CARTESIAN_POINT('',(4.873465102541,0.351880924278));
#466 = CARTESIAN_POINT('',(4.841264880855,0.352224738836));
#467 = CARTESIAN_POINT('',(4.809053938808,0.352483597975));
#468 = CARTESIAN_POINT('',(4.776834651754,0.352656507923));
#469 = CARTESIAN_POINT('',(4.744610916235,0.352742957914));
#470 = CARTESIAN_POINT('',(4.664717776987,0.352742953418));
#471 = CARTESIAN_POINT('',(4.617041970888,0.35255373941));
#472 = CARTESIAN_POINT('',(4.569383215843,0.352175242641));
#473 = CARTESIAN_POINT('',(4.521752612736,0.351609983353));
#474 = CARTESIAN_POINT('',(4.474152002429,0.350862699198));
#475 = CARTESIAN_POINT('',(4.426574626694,0.349940005156));
#476 = CARTESIAN_POINT('',(4.37900438364,0.348850087657));
#477 = CARTESIAN_POINT('',(4.289367675392,0.346500140043));
#478 = CARTESIAN_POINT('',(4.247302460717,0.34527463981));
#479 = CARTESIAN_POINT('',(4.205189684801,0.343932190735));
#480 = CARTESIAN_POINT('',(4.162990612655,0.342479609146));
#481 = CARTESIAN_POINT('',(4.120656407533,0.34092410694));
#482 = CARTESIAN_POINT('',(4.078125355129,0.339273141814));
#483 = CARTESIAN_POINT('',(4.035317027537,0.337534279929));
#484 = CARTESIAN_POINT('',(3.950299216062,0.333953540788));
#485 = CARTESIAN_POINT('',(3.908130825201,0.33211739301));
#486 = CARTESIAN_POINT('',(3.865503905646,0.330212931035));
#487 = CARTESIAN_POINT('',(3.822298296479,0.328246981007));
#488 = CARTESIAN_POINT('',(3.778372171263,0.326227132262));
#489 = CARTESIAN_POINT('',(3.733557267518,0.324161880611));
#490 = CARTESIAN_POINT('',(3.68763526203,0.322060753763));
#491 = CARTESIAN_POINT('',(3.627336144228,0.319354152601));
#492 = CARTESIAN_POINT('',(3.6143002158,0.318771988398));
#493 = CARTESIAN_POINT('',(3.601151078468,0.318188243305));
#494 = CARTESIAN_POINT('',(3.587881913016,0.317603177646));
#495 = CARTESIAN_POINT('',(3.574485476708,0.31701707563));
#496 = CARTESIAN_POINT('',(3.560953967746,0.316430246663));
#497 = CARTESIAN_POINT('',(3.547278889735,0.315843026669));
#498 = CARTESIAN_POINT('',(3.519175372517,0.314649524703));
#499 = CARTESIAN_POINT('',(3.5047374072,0.314043263109));
#500 = CARTESIAN_POINT('',(3.490126396832,0.313437382878));
#501 = CARTESIAN_POINT('',(3.475331448593,0.312832331655));
#502 = CARTESIAN_POINT('',(3.460341129736,0.312228619539));
#503 = CARTESIAN_POINT('',(3.44514319712,0.311626822152));
#504 = CARTESIAN_POINT('',(3.429724326747,0.311027583706));
#505 = CARTESIAN_POINT('',(3.397102876798,0.309785690423));
#506 = CARTESIAN_POINT('',(3.379861284111,0.309143691012));
#507 = CARTESIAN_POINT('',(3.362324962858,0.308506475889));
#508 = CARTESIAN_POINT('',(3.344474589609,0.307875113519));
#509 = CARTESIAN_POINT('',(3.326291306008,0.307250885842));
#510 = CARTESIAN_POINT('',(3.307756404909,0.306635287329));
#511 = CARTESIAN_POINT('',(3.288851016508,0.306030024038));
#512 = CARTESIAN_POINT('',(3.254688623867,0.304980091214));
#513 = CARTESIAN_POINT('',(3.239591898547,0.304530504691));
#514 = CARTESIAN_POINT('',(3.224257366563,0.304089130451));
#515 = CARTESIAN_POINT('',(3.208678751591,0.303657000155));
#516 = CARTESIAN_POINT('',(3.192852188053,0.303235274773));
#517 = CARTESIAN_POINT('',(3.176776656217,0.30282521956));
#518 = CARTESIAN_POINT('',(3.160454417304,0.302428179043));
#519 = CARTESIAN_POINT('',(3.122272797428,0.301546131838));
#520 = CARTESIAN_POINT('',(3.100234363252,0.301071039355));
#521 = CARTESIAN_POINT('',(3.077804687283,0.300623760889));
#522 = CARTESIAN_POINT('',(3.055023289223,0.300207770696));
#523 = CARTESIAN_POINT('',(3.031942412171,0.299826306884));
#524 = CARTESIAN_POINT('',(3.008629682233,0.29948212243));
#525 = CARTESIAN_POINT('',(2.985171682826,0.29917721129));
#526 = CARTESIAN_POINT('',(2.94584020056,0.298734057848));
#527 = CARTESIAN_POINT('',(2.929981242978,0.298573828443));
#528 = CARTESIAN_POINT('',(2.914133742411,0.298432113504));
#529 = CARTESIAN_POINT('',(2.898327144942,0.298308912293));
#530 = CARTESIAN_POINT('',(2.882588372022,0.298203972375));
#531 = CARTESIAN_POINT('',(2.866942021238,0.298116830779));
#532 = CARTESIAN_POINT('',(2.851410567096,0.298046855151));
#533 = CARTESIAN_POINT('',(2.812779548587,0.297912438932));
#534 = CARTESIAN_POINT('',(2.789853233651,0.297868959511));
#535 = CARTESIAN_POINT('',(2.767291441696,0.297860172549));
#536 = CARTESIAN_POINT('',(2.745130052053,0.297882848184));
#537 = CARTESIAN_POINT('',(2.723389230741,0.297933595987));
#538 = CARTESIAN_POINT('',(2.702076407619,0.298009142051));
#539 = CARTESIAN_POINT('',(2.681187998613,0.298106487962));
#540 = CARTESIAN_POINT('',(2.639672082592,0.298342598298));
#541 = CARTESIAN_POINT('',(2.619071437285,0.298482401508));
#542 = CARTESIAN_POINT('',(2.598890914988,0.29863945194));
#543 = CARTESIAN_POINT('',(2.579112786505,0.298811174639));
#544 = CARTESIAN_POINT('',(2.559718356982,0.298995310355));
#545 = CARTESIAN_POINT('',(2.540687707336,0.299189896867));
#546 = CARTESIAN_POINT('',(2.521999435686,0.299393250296));
#547 = CARTESIAN_POINT('',(2.468076207768,0.30001175933));
#548 = CARTESIAN_POINT('',(2.433740961002,0.300446811274));
#549 = CARTESIAN_POINT('',(2.400454795201,0.300898696866));
#550 = CARTESIAN_POINT('',(2.368094781189,0.301359776865));
#551 = CARTESIAN_POINT('',(2.336559008094,0.301824177089));
#552 = CARTESIAN_POINT('',(2.305756506092,0.302287323503));
#553 = CARTESIAN_POINT('',(2.275603934412,0.302745707231));
#554 = CARTESIAN_POINT('',(2.210813472122,0.303733127627));
#555 = CARTESIAN_POINT('',(2.176430580181,0.304258753085));
#556 = CARTESIAN_POINT('',(2.142750998382,0.304768589834));
#557 = CARTESIAN_POINT('',(2.109681780435,0.305258958178));
#558 = CARTESIAN_POINT('',(2.07714715366,0.305727006575));
#559 = CARTESIAN_POINT('',(2.045081525761,0.306170459552));
#560 = CARTESIAN_POINT('',(2.013425665571,0.306587465484));
#561 = CARTESIAN_POINT('',(1.928008048331,0.30764927367));
#562 = CARTESIAN_POINT('',(1.874966200797,0.308238361171));
#563 = CARTESIAN_POINT('',(1.822730273461,0.308736058264));
#564 = CARTESIAN_POINT('',(1.77109948123,0.309137346875));
#565 = CARTESIAN_POINT('',(1.71990474135,0.309438884475));
#566 = CARTESIAN_POINT('',(1.668992973523,0.309638572991));
#567 = CARTESIAN_POINT('',(1.618219624723,0.309735435117));
#568 = CARTESIAN_POINT('',(1.515345972642,0.309723375085));
#569 = CARTESIAN_POINT('',(1.463253088261,0.309609099033));
#570 = CARTESIAN_POINT('',(1.410995408021,0.309386742198));
#571 = CARTESIAN_POINT('',(1.358416271698,0.309057474648));
#572 = CARTESIAN_POINT('',(1.305348467684,0.308623729745));
#573 = CARTESIAN_POINT('',(1.251606159273,0.308089348377));
#574 = CARTESIAN_POINT('',(1.196966279925,0.307460105274));
#575 = CARTESIAN_POINT('',(1.113400205291,0.306390077714));
#576 = CARTESIAN_POINT('',(1.085384489898,0.306014004331));
#577 = CARTESIAN_POINT('',(1.057036394567,0.305617918601));
#578 = CARTESIAN_POINT('',(1.028314235223,0.305203158799));
#579 = CARTESIAN_POINT('',(0.999171986485,0.304771337241));
#580 = CARTESIAN_POINT('',(0.969557138091,0.30432442479));
#581 = CARTESIAN_POINT('',(0.939407045348,0.303864882558));
#582 = CARTESIAN_POINT('',(0.881661451437,0.302984446473));
#583 = CARTESIAN_POINT('',(0.854214145004,0.302565853479));
#584 = CARTESIAN_POINT('',(0.826244713978,0.302142089609));
#585 = CARTESIAN_POINT('',(0.797692033029,0.301715722409));
#586 = CARTESIAN_POINT('',(0.768490571757,0.301289933109));
#587 = CARTESIAN_POINT('',(0.738566492258,0.300868710508));
#588 = CARTESIAN_POINT('',(0.707830264342,0.300457164812));
#589 = CARTESIAN_POINT('',(0.648498976754,0.29971665257));
#590 = CARTESIAN_POINT('',(0.620149697985,0.299384148499));
#591 = CARTESIAN_POINT('',(0.591022038834,0.299068627558));
#592 = CARTESIAN_POINT('',(0.561032388612,0.298775581091));
#593 = CARTESIAN_POINT('',(0.530107836863,0.298512105977));
#594 = CARTESIAN_POINT('',(0.498184526608,0.298287089647));
#595 = CARTESIAN_POINT('',(0.465205973154,0.298111287593));
#596 = CARTESIAN_POINT('',(0.414710008164,0.297942406496));
#597 = CARTESIAN_POINT('',(0.398049783639,0.297901872755));
#598 = CARTESIAN_POINT('',(0.381140935673,0.297877092651));
#599 = CARTESIAN_POINT('',(0.363988473355,0.297869540699));
#600 = CARTESIAN_POINT('',(0.346602480133,0.297880727156));
#601 = CARTESIAN_POINT('',(0.328998745558,0.297912130382));
#602 = CARTESIAN_POINT('',(0.311199702744,0.297965099802));
#603 = CARTESIAN_POINT('',(0.279324598919,0.298099295943));
#604 = CARTESIAN_POINT('',(0.265313719487,0.298171454518));
#605 = CARTESIAN_POINT('',(0.251219068962,0.298257707867));
#606 = CARTESIAN_POINT('',(0.237057851919,0.298358462448));
#607 = CARTESIAN_POINT('',(0.222848552359,0.298474005815));
#608 = CARTESIAN_POINT('',(0.208611044244,0.298604483922));
#609 = CARTESIAN_POINT('',(0.194366702044,0.298749878437));
#610 = CARTESIAN_POINT('',(0.156928867197,0.299171155268));
#611 = CARTESIAN_POINT('',(0.133752957177,0.299471575452));
#612 = CARTESIAN_POINT('',(0.110716778874,0.299810349633));
#613 = CARTESIAN_POINT('',(8.7904154998E-02,0.30018557463));
#614 = CARTESIAN_POINT('',(6.538090951379E-02,0.300594617544));
#615 = CARTESIAN_POINT('',(4.319820805029E-02,0.301034372382));
#616 = CARTESIAN_POINT('',(2.139506252804E-02,0.301501494797));
#617 = CARTESIAN_POINT('',(0.,0.301992614937));
#618 = ( GEOMETRIC_REPRESENTATION_CONTEXT(2) 
PARAMETRIC_REPRESENTATION_CONTEXT() REPRESENTATION_CONTEXT('2D SPACE',''
  ) );
#619 = PCURVE('',#620,#625);
#620 = CYLINDRICAL_SURFACE('',#621,15.5);
#621 = AXIS2_PLACEMENT_3D('',#622,#623,#624);
#622 = CARTESIAN_POINT('',(0.,0.,-10.6));
#623 = DIRECTION('',(0.,0.,1.));
#624 = DIRECTION('',(1.,0.,0.));
#625 = DEFINITIONAL_REPRESENTATION('',(#626),#825);
#626 = B_SPLINE_CURVE_WITH_KNOTS('',8,(#627,#628,#629,#630,#631,#632,
    #633,#634,#635,#636,#637,#638,#639,#640,#641,#642,#643,#644,#645,
    #646,#647,#648,#649,#650,#651,#652,#653,#654,#655,#656,#657,#658,
    #659,#660,#661,#662,#663,#664,#665,#666,#667,#668,#669,#670,#671,
    #672,#673,#674,#675,#676,#677,#678,#679,#680,#681,#682,#683,#684,
    #685,#686,#687,#688,#689,#690,#691,#692,#693,#694,#695,#696,#697,
    #698,#699,#700,#701,#702,#703,#704,#705,#706,#707,#708,#709,#710,
    #711,#712,#713,#714,#715,#716,#717,#718,#719,#720,#721,#722,#723,
    #724,#725,#726,#727,#728,#729,#730,#731,#732,#733,#734,#735,#736,
    #737,#738,#739,#740,#741,#742,#743,#744,#745,#746,#747,#748,#749,
    #750,#751,#752,#753,#754,#755,#756,#757,#758,#759,#760,#761,#762,
    #763,#764,#765,#766,#767,#768,#769,#770,#771,#772,#773,#774,#775,
    #776,#777,#778,#779,#780,#781,#782,#783,#784,#785,#786,#787,#788,
    #789,#790,#791,#792,#793,#794,#795,#796,#797,#798,#799,#800,#801,
    #802,#803,#804,#805,#806,#807,#808,#809,#810,#811,#812,#813,#814,
    #815,#816,#817,#818,#819,#820,#821,#822,#823,#824),.UNSPECIFIED.,.F.
  ,.F.,(9,7,7,7,7,7,7,7,7,7,7,7,7,7,7,7,7,7,7,7,7,7,7,7,7,7,7,7,9),(0.,
    2.164284906758E-02,4.056068912103E-02,5.765547010291E-02,
    0.129615803109,0.193557764879,0.217455070016,0.266386732872,
    0.338776467906,0.402732210831,0.464660214258,0.481562999395,
    0.499012877006,0.517925764767,0.532498342837,0.551519056283,
    0.564342093647,0.583694090249,0.603574974692,0.642055422365,
    0.687849185765,0.767028047533,0.84824247797,0.888557288628,
    0.923917221067,0.954812955936,0.969688883872,0.981208576298,1.),
  .UNSPECIFIED.);
#627 = CARTESIAN_POINT('',(3.567737128355,12.354291530025));
#628 = CARTESIAN_POINT('',(3.567578827429,12.293283804583));
#629 = CARTESIAN_POINT('',(3.567096565908,12.232293511932));
#630 = CARTESIAN_POINT('',(3.566316147027,12.171524013099));
#631 = CARTESIAN_POINT('',(3.565264129882,12.111136257777));
#632 = CARTESIAN_POINT('',(3.563966000292,12.051251311479));
#633 = CARTESIAN_POINT('',(3.562444885271,11.991952311189));
#634 = CARTESIAN_POINT('',(3.56072081112,11.933285849496));
#635 = CARTESIAN_POINT('',(3.557140722065,11.824545295847));
#636 = CARTESIAN_POINT('',(3.555329076696,11.774332295616));
#637 = CARTESIAN_POINT('',(3.553387033552,11.724638173365));
#638 = CARTESIAN_POINT('',(3.551324775261,11.675473492373));
#639 = CARTESIAN_POINT('',(3.549151277627,11.626844720237));
#640 = CARTESIAN_POINT('',(3.546874384693,11.578753956741));
#641 = CARTESIAN_POINT('',(3.544500883811,11.531198661727));
#642 = CARTESIAN_POINT('',(3.53980975556,11.441675990853));
#643 = CARTESIAN_POINT('',(3.537508960549,11.399615170741));
#644 = CARTESIAN_POINT('',(3.535138577896,11.357985564081));
#645 = CARTESIAN_POINT('',(3.532702533647,11.316784034598));
#646 = CARTESIAN_POINT('',(3.530204333446,11.27600745559));
#647 = CARTESIAN_POINT('',(3.527647098308,11.235652497236));
#648 = CARTESIAN_POINT('',(3.525033600393,11.195715413902));
#649 = CARTESIAN_POINT('',(3.511138315673,10.989817652231));
#650 = CARTESIAN_POINT('',(3.498965551894,10.830898658439));
#651 = CARTESIAN_POINT('',(3.486020881198,10.678916168546));
#652 = CARTESIAN_POINT('',(3.472409097489,10.53382540303));
#653 = CARTESIAN_POINT('',(3.4582126912,10.39562241582));
#654 = CARTESIAN_POINT('',(3.44348806045,10.264380229013));
#655 = CARTESIAN_POINT('',(3.428274963171,10.14017303912));
#656 = CARTESIAN_POINT('',(3.398659130751,9.919084712424));
#657 = CARTESIAN_POINT('',(3.384366328198,9.82078495053));
#658 = CARTESIAN_POINT('',(3.36974004265,9.728340064022));
#659 = CARTESIAN_POINT('',(3.354803350414,9.6419340835));
#660 = CARTESIAN_POINT('',(3.339578511996,9.561781123167));
#661 = CARTESIAN_POINT('',(3.324087929055,9.488108605623));
#662 = CARTESIAN_POINT('',(3.308354865208,9.421144968403));
#663 = CARTESIAN_POINT('',(3.286442519125,9.338675416869));
#664 = CARTESIAN_POINT('',(3.280450840839,9.317207496915));
#665 = CARTESIAN_POINT('',(3.274430248332,9.296719991471));
#666 = CARTESIAN_POINT('',(3.268382137816,9.277224387973));
#667 = CARTESIAN_POINT('',(3.262307949202,9.258731762231));
#668 = CARTESIAN_POINT('',(3.256209166104,9.241252778423));
#669 = CARTESIAN_POINT('',(3.250087315831,9.224797689104));
#670 = CARTESIAN_POINT('',(3.231364971271,9.177799867229));
#671 = CARTESIAN_POINT('',(3.21869536772,9.150555795219));
#672 = CARTESIAN_POINT('',(3.205949306813,9.12772895111));
#673 = CARTESIAN_POINT('',(3.193141216727,9.109390836208));
#674 = CARTESIAN_POINT('',(3.180285902403,9.095597761019));
#675 = CARTESIAN_POINT('',(3.16739864219,9.086388985094));
#676 = CARTESIAN_POINT('',(3.154495284499,9.081784856862));
#677 = CARTESIAN_POINT('',(3.122503673508,9.081785096402));
#678 = CARTESIAN_POINT('',(3.103412851334,9.09186223838));
#679 = CARTESIAN_POINT('',(3.084375163036,9.112019983408));
#680 = CARTESIAN_POINT('',(3.065441400499,9.142157201943));
#681 = CARTESIAN_POINT('',(3.0466588156,9.182086920957));
#682 = CARTESIAN_POINT('',(3.028071949066,9.231554038549));
#683 = CARTESIAN_POINT('',(3.009723334972,9.290251863118));
#684 = CARTESIAN_POINT('',(2.975690041653,9.417548818092));
#685 = CARTESIAN_POINT('',(2.959942869655,9.484202323469));
#686 = CARTESIAN_POINT('',(2.944437282148,9.557576498968));
#687 = CARTESIAN_POINT('',(2.929196612576,9.637442662795));
#688 = CARTESIAN_POINT('',(2.914243300132,9.723572857843));
#689 = CARTESIAN_POINT('',(2.899599609617,9.815752169011));
#690 = CARTESIAN_POINT('',(2.885288581571,9.91379544564));
#691 = CARTESIAN_POINT('',(2.857824240358,10.118051253225));
#692 = CARTESIAN_POINT('',(2.844654092472,10.223865338304));
#693 = CARTESIAN_POINT('',(2.831842138462,10.334920744618));
#694 = CARTESIAN_POINT('',(2.819413411754,10.451140260835));
#695 = CARTESIAN_POINT('',(2.807402288984,10.572472435482));
#696 = CARTESIAN_POINT('',(2.795852567459,10.698891064458));
#697 = CARTESIAN_POINT('',(2.784820869821,10.83042957476));
#698 = CARTESIAN_POINT('',(2.771540814355,11.004656160433));
#699 = CARTESIAN_POINT('',(2.768738220183,11.042407269594));
#700 = CARTESIAN_POINT('',(2.765982257583,11.08055511967));
#701 = CARTESIAN_POINT('',(2.763274860726,11.119102630558));
#702 = CARTESIAN_POINT('',(2.760618185323,11.158052752687));
#703 = CARTESIAN_POINT('',(2.758014631223,11.197408625169));
#704 = CARTESIAN_POINT('',(2.755466864998,11.237173733941));
#705 = CARTESIAN_POINT('',(2.750408257872,11.318830858161));
#706 = CARTESIAN_POINT('',(2.747901372958,11.360748525198));
#707 = CARTESIAN_POINT('',(2.745460401133,11.40311038907));
#708 = CARTESIAN_POINT('',(2.743088999638,11.445920435992));
#709 = CARTESIAN_POINT('',(2.740791318347,11.489181574136));
#710 = CARTESIAN_POINT('',(2.738572048502,11.532895887419));
#711 = CARTESIAN_POINT('',(2.736436471442,11.57706488929));
#712 = CARTESIAN_POINT('',(2.732173008159,11.670056046016));
#713 = CARTESIAN_POINT('',(2.73006106322,11.718951684661));
#714 = CARTESIAN_POINT('',(2.7280620136,11.768382231261));
#715 = CARTESIAN_POINT('',(2.72618452311,11.818344929643));
#716 = CARTESIAN_POINT('',(2.724438601269,11.868828751117));
#717 = CARTESIAN_POINT('',(2.722835626269,11.919814416949));
#718 = CARTESIAN_POINT('',(2.721388367944,11.971274420841));
#719 = CARTESIAN_POINT('',(2.719126793636,12.063161489708));
#720 = CARTESIAN_POINT('',(2.718243592274,12.103405145063));
#721 = CARTESIAN_POINT('',(2.717467829099,12.143886601011));
#722 = CARTESIAN_POINT('',(2.716806657632,12.184579241922));
#723 = CARTESIAN_POINT('',(2.716267741892,12.225447032327));
#724 = CARTESIAN_POINT('',(2.715859035829,12.266444296268));
#725 = CARTESIAN_POINT('',(2.715588562744,12.30751549664));
#726 = CARTESIAN_POINT('',(2.715301864592,12.402213649119));
#727 = CARTESIAN_POINT('',(2.715388342681,12.455870616538));
#728 = CARTESIAN_POINT('',(2.715741496884,12.509381552084));
#729 = CARTESIAN_POINT('',(2.716377470912,12.562538054536));
#730 = CARTESIAN_POINT('',(2.717309225708,12.615111130282));
#731 = CARTESIAN_POINT('',(2.718544637724,12.666855578046));
#732 = CARTESIAN_POINT('',(2.720084154074,12.717515314245));
#733 = CARTESIAN_POINT('',(2.723154316407,12.800075470134));
#734 = CARTESIAN_POINT('',(2.72452477067,12.832719706755));
#735 = CARTESIAN_POINT('',(2.726026634252,12.864684876638));
#736 = CARTESIAN_POINT('',(2.727655737315,12.895908229162));
#737 = CARTESIAN_POINT('',(2.729406690774,12.926340354775));
#738 = CARTESIAN_POINT('',(2.731273103797,12.95594380451));
#739 = CARTESIAN_POINT('',(2.733247801293,12.984691709501));
#740 = CARTESIAN_POINT('',(2.738454907807,13.054633729013));
#741 = CARTESIAN_POINT('',(2.741815743845,13.094711796785));
#742 = CARTESIAN_POINT('',(2.745380847409,13.132766620568));
#743 = CARTESIAN_POINT('',(2.749124933439,13.168823917707));
#744 = CARTESIAN_POINT('',(2.753023918522,13.202948261619));
#745 = CARTESIAN_POINT('',(2.757056227654,13.235227658346));
#746 = CARTESIAN_POINT('',(2.761203623156,13.265763544169));
#747 = CARTESIAN_POINT('',(2.769815583871,13.324358770746));
#748 = CARTESIAN_POINT('',(2.774284874577,13.352321700367));
#749 = CARTESIAN_POINT('',(2.778843934741,13.378677669082));
#750 = CARTESIAN_POINT('',(2.783479353726,13.40354213711));
#751 = CARTESIAN_POINT('',(2.788179787314,13.427023503784));
#752 = CARTESIAN_POINT('',(2.792935941625,13.449223262388));
#753 = CARTESIAN_POINT('',(2.797740557039,13.470236155006));
#754 = CARTESIAN_POINT('',(2.811971619733,13.52869520544));
#755 = CARTESIAN_POINT('',(2.821510689849,13.563099196522));
#756 = CARTESIAN_POINT('',(2.831167199562,13.594010382749));
#757 = CARTESIAN_POINT('',(2.840912380589,13.621909260456));
#758 = CARTESIAN_POINT('',(2.850724771298,13.647182371247));
#759 = CARTESIAN_POINT('',(2.860589306473,13.670151295265));
#760 = CARTESIAN_POINT('',(2.870497016427,13.691082445175));
#761 = CARTESIAN_POINT('',(2.892282589702,13.73295768699));
#762 = CARTESIAN_POINT('',(2.904170831629,13.753136486566));
#763 = CARTESIAN_POINT('',(2.916097683568,13.771113520672));
#764 = CARTESIAN_POINT('',(2.928054281179,13.787173825715));
#765 = CARTESIAN_POINT('',(2.940033947929,13.801542196492));
#766 = CARTESIAN_POINT('',(2.952031848379,13.81440281815));
#767 = CARTESIAN_POINT('',(2.964044811924,13.82590978556));
#768 = CARTESIAN_POINT('',(2.996865550916,13.853960749229));
#769 = CARTESIAN_POINT('',(3.017695872324,13.868058242017));
#770 = CARTESIAN_POINT('',(3.038550970349,13.879133479982));
#771 = CARTESIAN_POINT('',(3.059422592232,13.88760411282));
#772 = CARTESIAN_POINT('',(3.080304573828,13.893750697591));
#773 = CARTESIAN_POINT('',(3.101192430797,13.897753067421));
#774 = CARTESIAN_POINT('',(3.122083202545,13.899696242038));
#775 = CARTESIAN_POINT('',(3.164404361846,13.899454292085));
#776 = CARTESIAN_POINT('',(3.185831578683,13.897161808485));
#777 = CARTESIAN_POINT('',(3.207255318572,13.892694821273));
#778 = CARTESIAN_POINT('',(3.228672424349,13.885951464875));
#779 = CARTESIAN_POINT('',(3.250077877841,13.876722946702));
#780 = CARTESIAN_POINT('',(3.271464627477,13.864687185122));
#781 = CARTESIAN_POINT('',(3.29282308944,13.849364678955));
#782 = CARTESIAN_POINT('',(3.324721558396,13.820380812427));
#783 = CARTESIAN_POINT('',(3.33529197433,13.809769614193));
#784 = CARTESIAN_POINT('',(3.345849749322,13.798069459622));
#785 = CARTESIAN_POINT('',(3.356392475495,13.785169859238));
#786 = CARTESIAN_POINT('',(3.366916716581,13.770940781077));
#787 = CARTESIAN_POINT('',(3.377417907983,13.755226728045));
#788 = CARTESIAN_POINT('',(3.387890177365,13.737836501623));
#789 = CARTESIAN_POINT('',(3.407479372344,13.70159382702));
#790 = CARTESIAN_POINT('',(3.416602345552,13.683187708337));
#791 = CARTESIAN_POINT('',(3.425691829026,13.663146222357));
#792 = CARTESIAN_POINT('',(3.434741216005,13.641274447965));
#793 = CARTESIAN_POINT('',(3.443740469513,13.617345445865));
#794 = CARTESIAN_POINT('',(3.452675808095,13.591089076797));
#795 = CARTESIAN_POINT('',(3.46152907712,13.562170808581));
#796 = CARTESIAN_POINT('',(3.477920131921,13.502191520842));
#797 = CARTESIAN_POINT('',(3.485475619577,13.471888363692));
#798 = CARTESIAN_POINT('',(3.492933448013,13.438949659082));
#799 = CARTESIAN_POINT('',(3.500271870917,13.403040537411));
#800 = CARTESIAN_POINT('',(3.507456965028,13.363788118587));
#801 = CARTESIAN_POINT('',(3.514442543374,13.320780874229));
#802 = CARTESIAN_POINT('',(3.521170232988,13.273571874408));
#803 = CARTESIAN_POINT('',(3.530650992389,13.196703450062));
#804 = CARTESIAN_POINT('',(3.53365476837,13.170648223213));
#805 = CARTESIAN_POINT('',(3.536572276922,13.143477379019));
#806 = CARTESIAN_POINT('',(3.539393572395,13.1151549262));
#807 = CARTESIAN_POINT('',(3.542107753639,13.085654208068));
#808 = CARTESIAN_POINT('',(3.544703311144,13.054961654311));
#809 = CARTESIAN_POINT('',(3.5471685993,13.023081818073));
#810 = CARTESIAN_POINT('',(3.55129197586,12.964459480688));
#811 = CARTESIAN_POINT('',(3.553006804808,12.938179095576));
#812 = CARTESIAN_POINT('',(3.554631458628,12.91121944838));
#813 = CARTESIAN_POINT('',(3.556160934872,12.883603663073));
#814 = CARTESIAN_POINT('',(3.55759080996,12.855361816934));
#815 = CARTESIAN_POINT('',(3.558917358504,12.826531675269));
#816 = CARTESIAN_POINT('',(3.560137672631,12.797159426137));
#817 = CARTESIAN_POINT('',(3.5630639014,12.718593096548));
#818 = CARTESIAN_POINT('',(3.564590817415,12.668571093059));
#819 = CARTESIAN_POINT('',(3.565821072948,12.61748534455));
#820 = CARTESIAN_POINT('',(3.566754926836,12.565582717973));
#821 = CARTESIAN_POINT('',(3.567399750826,12.513100099059));
#822 = CARTESIAN_POINT('',(3.567767831629,12.460259347497));
#823 = CARTESIAN_POINT('',(3.567874577358,12.407263115542));
#824 = CARTESIAN_POINT('',(3.567737128355,12.354291530025));
#825 = ( GEOMETRIC_REPRESENTATION_CONTEXT(2) 
PARAMETRIC_REPRESENTATION_CONTEXT() REPRESENTATION_CONTEXT('2D SPACE',''
  ) );
#826 = ORIENTED_EDGE('',*,*,#827,.T.);
#827 = EDGE_CURVE('',#184,#828,#830,.T.);
#828 = VERTEX_POINT('',#829);
#829 = CARTESIAN_POINT('',(-46.73550315436,-3.65,-19.26897649172));
#830 = SEAM_CURVE('',#831,(#834,#841),.PCURVE_S1.);
#831 = B_SPLINE_CURVE_WITH_KNOTS('',1,(#832,#833),.UNSPECIFIED.,.F.,.F.,
  (2,2),(0.,1.),.PIECEWISE_BEZIER_KNOTS.);
#832 = CARTESIAN_POINT('',(-1.490015741869E-15,-7.6,10.85));
#833 = CARTESIAN_POINT('',(-46.73550315436,-3.65,-19.26897649172));
#834 = PCURVE('',#387,#835);
#835 = DEFINITIONAL_REPRESENTATION('',(#836),#840);
#836 = LINE('',#837,#838);
#837 = CARTESIAN_POINT('',(0.,0.));
#838 = VECTOR('',#839,1.);
#839 = DIRECTION('',(0.,1.));
#840 = ( GEOMETRIC_REPRESENTATION_CONTEXT(2) 
PARAMETRIC_REPRESENTATION_CONTEXT() REPRESENTATION_CONTEXT('2D SPACE',''
  ) );
#841 = PCURVE('',#387,#842);
#842 = DEFINITIONAL_REPRESENTATION('',(#843),#847);
#843 = LINE('',#844,#845);
#844 = CARTESIAN_POINT('',(6.28318530718,0.));
#845 = VECTOR('',#846,1.);
#846 = DIRECTION('',(0.,1.));
#847 = ( GEOMETRIC_REPRESENTATION_CONTEXT(2) 
PARAMETRIC_REPRESENTATION_CONTEXT() REPRESENTATION_CONTEXT('2D SPACE',''
  ) );
#848 = ORIENTED_EDGE('',*,*,#849,.F.);
#849 = EDGE_CURVE('',#828,#828,#850,.T.);
#850 = SURFACE_CURVE('',#851,(#856,#863),.PCURVE_S1.);
#851 = ELLIPSE('',#852,3.65,1.29);
#852 = AXIS2_PLACEMENT_3D('',#853,#854,#855);
#853 = CARTESIAN_POINT('',(-46.73550315436,5.723448434453E-15,
    -19.26897649172));
#854 = DIRECTION('',(-0.951056516295,1.164708318489E-16,-0.309016994375)
  );
#855 = DIRECTION('',(-8.815690169918E-17,-1.,-1.055884842111E-16));
#856 = PCURVE('',#387,#857);
#857 = DEFINITIONAL_REPRESENTATION('',(#858),#862);
#858 = LINE('',#859,#860);
#859 = CARTESIAN_POINT('',(0.,1.));
#860 = VECTOR('',#861,1.);
#861 = DIRECTION('',(1.,0.));
#862 = ( GEOMETRIC_REPRESENTATION_CONTEXT(2) 
PARAMETRIC_REPRESENTATION_CONTEXT() REPRESENTATION_CONTEXT('2D SPACE',''
  ) );
#863 = PCURVE('',#864,#869);
#864 = PLANE('',#865);
#865 = AXIS2_PLACEMENT_3D('',#866,#867,#868);
#866 = CARTESIAN_POINT('',(-46.73550315436,5.723448434453E-15,
    -19.26897649172));
#867 = DIRECTION('',(-0.951056516295,1.164708318489E-16,-0.309016994375)
  );
#868 = DIRECTION('',(-8.815690169918E-17,-1.,-1.055884842111E-16));
#869 = DEFINITIONAL_REPRESENTATION('',(#870),#874);
#870 = ELLIPSE('',#871,3.65,1.29);
#871 = AXIS2_PLACEMENT_2D('',#872,#873);
#872 = CARTESIAN_POINT('',(0.,0.));
#873 = DIRECTION('',(1.,-3.639879569226E-34));
#874 = ( GEOMETRIC_REPRESENTATION_CONTEXT(2) 
PARAMETRIC_REPRESENTATION_CONTEXT() REPRESENTATION_CONTEXT('2D SPACE',''
  ) );
#875 = ORIENTED_EDGE('',*,*,#827,.F.);
#876 = ADVANCED_FACE('',(#877,#1576),#620,.T.);
#877 = FACE_BOUND('',#878,.T.);
#878 = EDGE_LOOP('',(#879,#1184,#1207,#1234,#1235,#1381,#1525,#1548,
    #1575));
#879 = ORIENTED_EDGE('',*,*,#880,.T.);
#880 = EDGE_CURVE('',#881,#883,#885,.T.);
#881 = VERTEX_POINT('',#882);
#882 = CARTESIAN_POINT('',(15.5,-3.796405077357E-15,-1.518215046527));
#883 = VERTEX_POINT('',#884);
#884 = CARTESIAN_POINT('',(15.5,-3.796405077357E-15,3.299580754429));
#885 = SURFACE_CURVE('',#886,(#973,#1063),.PCURVE_S1.);
#886 = B_SPLINE_CURVE_WITH_KNOTS('',7,(#887,#888,#889,#890,#891,#892,
    #893,#894,#895,#896,#897,#898,#899,#900,#901,#902,#903,#904,#905,
    #906,#907,#908,#909,#910,#911,#912,#913,#914,#915,#916,#917,#918,
    #919,#920,#921,#922,#923,#924,#925,#926,#927,#928,#929,#930,#931,
    #932,#933,#934,#935,#936,#937,#938,#939,#940,#941,#942,#943,#944,
    #945,#946,#947,#948,#949,#950,#951,#952,#953,#954,#955,#956,#957,
    #958,#959,#960,#961,#962,#963,#964,#965,#966,#967,#968,#969,#970,
    #971,#972),.UNSPECIFIED.,.F.,.F.,(8,6,6,6,6,6,6,6,6,6,6,6,6,6,8),(0.
    ,0.144783695473,0.272698655594,0.396558026563,0.430364515049,
    0.465265218199,0.503092021128,0.532237968894,0.570280429049,
    0.595927200364,0.634632244827,0.674395093702,0.751358079421,
    0.842948093878,1.),.UNSPECIFIED.);
#887 = CARTESIAN_POINT('',(15.5,-4.440892098501E-15,-1.518215046527));
#888 = CARTESIAN_POINT('',(15.5,-0.33814285544,-1.518215046375));
#889 = CARTESIAN_POINT('',(15.491393725529,-0.676330186943,
    -1.504778993117));
#890 = CARTESIAN_POINT('',(15.47417705946,-1.012928042888,
    -1.477901118714));
#891 = CARTESIAN_POINT('',(15.448565473348,-1.346441505922,
    -1.437785124074));
#892 = CARTESIAN_POINT('',(15.41495810949,-1.675502365532,
    -1.384793805156));
#893 = CARTESIAN_POINT('',(15.373907362811,-1.99885630708,
    -1.319403380894));
#894 = CARTESIAN_POINT('',(15.283851297303,-2.594968320387,
    -1.173920990338));
#895 = CARTESIAN_POINT('',(15.236326372559,-2.869256262553,
    -1.096423238597));
#896 = CARTESIAN_POINT('',(15.183973113642,-3.137506462373,
    -1.010023658495));
#897 = CARTESIAN_POINT('',(15.127310620602,-3.399087748883,
    -0.915091015917));
#898 = CARTESIAN_POINT('',(15.066906595019,-3.653427651169,
    -0.811987352562));
#899 = CARTESIAN_POINT('',(15.003374442549,-3.899980808219,
    -0.701029266276));
#900 = CARTESIAN_POINT('',(14.873485908674,-4.368832708119,
    -0.467594057607));
#901 = CARTESIAN_POINT('',(14.80731315469,-4.591543356364,
    -0.345648196395));
#902 = CARTESIAN_POINT('',(14.739446394351,-4.805932036938,
    -0.216737890775));
#903 = CARTESIAN_POINT('',(14.670548551963,-5.011417623569,
    -8.098158755802E-02));
#904 = CARTESIAN_POINT('',(14.601426133739,-5.207167024384,
    6.156247387676E-02));
#905 = CARTESIAN_POINT('',(14.533033647892,-5.392131863966,
    0.210876836198));
#906 = CARTESIAN_POINT('',(14.448578305245,-5.61169575779,0.409992934111
    ));
#907 = CARTESIAN_POINT('',(14.430623878862,-5.657839579604,
    0.453212048086));
#908 = CARTESIAN_POINT('',(14.412851417103,-5.70301222035,0.496960962618
    ));
#909 = CARTESIAN_POINT('',(14.395291275332,-5.747171860395,
    0.541244298495));
#910 = CARTESIAN_POINT('',(14.377977033021,-5.790270473104,
    0.586066843004));
#911 = CARTESIAN_POINT('',(14.360945959504,-5.832253011229,
    0.631433971657));
#912 = CARTESIAN_POINT('',(14.326992261296,-5.915180864993,
    0.724756399337));
#913 = CARTESIAN_POINT('',(14.310091713981,-5.956046875837,
    0.772745900483));
#914 = CARTESIAN_POINT('',(14.293583037109,-5.99558632632,0.82132908222)
  );
#915 = CARTESIAN_POINT('',(14.277517529822,-6.033718724236,0.87051178976
    ));
#916 = CARTESIAN_POINT('',(14.261953494055,-6.070349581311,
    0.920297881424));
#917 = CARTESIAN_POINT('',(14.246957137512,-6.10536860983,0.9706899054)
  );
#918 = CARTESIAN_POINT('',(14.217046394637,-6.174717389664,
    1.076965513087));
#919 = CARTESIAN_POINT('',(14.202246690141,-6.208737816265,
    1.132947075183));
#920 = CARTESIAN_POINT('',(14.188297666247,-6.240550711382,
    1.189643324905));
#921 = CARTESIAN_POINT('',(14.175310580841,-6.269960920887,
    1.247046534378));
#922 = CARTESIAN_POINT('',(14.163414445615,-6.296735466631,
    1.305132445677));
#923 = CARTESIAN_POINT('',(14.152755825071,-6.320602388882,1.36386033076
    ));
#924 = CARTESIAN_POINT('',(14.136365874043,-6.357158472468,1.46887412375
    ));
#925 = CARTESIAN_POINT('',(14.130066359309,-6.371153057517,
    1.514915485498));
#926 = CARTESIAN_POINT('',(14.124674127709,-6.383091944908,
    1.561269270317));
#927 = CARTESIAN_POINT('',(14.120272320579,-6.392813026003,
    1.607889213524));
#928 = CARTESIAN_POINT('',(14.116948516991,-6.400141359894,
    1.654710063661));
#929 = CARTESIAN_POINT('',(14.114790066538,-6.404897050785,
    1.701646994082));
#930 = CARTESIAN_POINT('',(14.112690812499,-6.409521534379,
    1.809873454058));
#931 = CARTESIAN_POINT('',(14.113627166737,-6.407457522009,1.87120300403
    ));
#932 = CARTESIAN_POINT('',(14.116874879651,-6.400309057873,
    1.932288680914));
#933 = CARTESIAN_POINT('',(14.122590363914,-6.387719207478,
    1.992787428155));
#934 = CARTESIAN_POINT('',(14.130866898869,-6.369427240819,
    2.052317300488));
#935 = CARTESIAN_POINT('',(14.141697546887,-6.345348358478,
    2.110470410714));
#936 = CARTESIAN_POINT('',(14.163857740133,-6.295682134923,
    2.204824874588));
#937 = CARTESIAN_POINT('',(14.173877967545,-6.273135820687,
    2.242017984143));
#938 = CARTESIAN_POINT('',(14.184952187609,-6.248098361951,
    2.278285012133));
#939 = CARTESIAN_POINT('',(14.19701723391,-6.220664744289,2.313531446188
    ));
#940 = CARTESIAN_POINT('',(14.209994364435,-6.190962066013,2.34768853575
    ));
#941 = CARTESIAN_POINT('',(14.223794220499,-6.159141934812,
    2.380709610786));
#942 = CARTESIAN_POINT('',(14.260246185002,-6.074409982685,
    2.460643347372));
#943 = CARTESIAN_POINT('',(14.283827820714,-6.019008701402,
    2.506067946587));
#944 = CARTESIAN_POINT('',(14.308758711816,-5.959704664666,
    2.548785824955));
#945 = CARTESIAN_POINT('',(14.334729366168,-5.897053583168,
    2.588862010457));
#946 = CARTESIAN_POINT('',(14.361464172747,-5.831566037704,
    2.626425346885));
#947 = CARTESIAN_POINT('',(14.388738926074,-5.763666761977,
    2.661634592725));
#948 = CARTESIAN_POINT('',(14.444777480063,-5.621777273566,
    2.728600565956));
#949 = CARTESIAN_POINT('',(14.473555287289,-5.547687585961,
    2.760228745169));
#950 = CARTESIAN_POINT('',(14.502528935671,-5.471752816528,
    2.789747023427));
#951 = CARTESIAN_POINT('',(14.531548276596,-5.394261557057,2.81733725079
    ));
#952 = CARTESIAN_POINT('',(14.560494925519,-5.315446822606,
    2.843167258769));
#953 = CARTESIAN_POINT('',(14.589279205839,-5.235485357673,
    2.867391273241));
#954 = CARTESIAN_POINT('',(14.673112313429,-4.997739807829,
    2.934201616594));
#955 = CARTESIAN_POINT('',(14.727497396383,-4.83725368401,2.972731723165
    ));
#956 = CARTESIAN_POINT('',(14.780528488585,-4.673917979783,
    3.006777578498));
#957 = CARTESIAN_POINT('',(14.831903018717,-4.508358052149,
    3.037040942412));
#958 = CARTESIAN_POINT('',(14.881421362533,-4.341022462008,
    3.064084752638));
#959 = CARTESIAN_POINT('',(14.928963361755,-4.172182160561,3.08835092314
    ));
#960 = CARTESIAN_POINT('',(15.028602949273,-3.79935108503,3.136208342357
    ));
#961 = CARTESIAN_POINT('',(15.079816093992,-3.594901920926,
    3.158779201301));
#962 = CARTESIAN_POINT('',(15.127952164552,-3.388918866176,
    3.178514112294));
#963 = CARTESIAN_POINT('',(15.172911846961,-3.181653308726,
    3.195833539134));
#964 = CARTESIAN_POINT('',(15.214627748444,-2.973301305611,
    3.211056625422));
#965 = CARTESIAN_POINT('',(15.25305312701,-2.764011003043,3.224441396335
    ));
#966 = CARTESIAN_POINT('',(15.348345628782,-2.193566956295,
    3.256331607878));
#967 = CARTESIAN_POINT('',(15.398749742915,-1.830873088539,
    3.271655797446));
#968 = CARTESIAN_POINT('',(15.439196065513,-1.466385719735,3.28317936216
    ));
#969 = CARTESIAN_POINT('',(15.469584986905,-1.100614834808,
    3.291466133949));
#970 = CARTESIAN_POINT('',(15.489860690409,-0.734022782107,
    3.296876044155));
#971 = CARTESIAN_POINT('',(15.5,-0.367025646481,3.299580754294));
#972 = CARTESIAN_POINT('',(15.5,-3.552713678801E-15,3.299580754429));
#973 = PCURVE('',#620,#974);
#974 = DEFINITIONAL_REPRESENTATION('',(#975),#1062);
#975 = B_SPLINE_CURVE_WITH_KNOTS('',7,(#976,#977,#978,#979,#980,#981,
    #982,#983,#984,#985,#986,#987,#988,#989,#990,#991,#992,#993,#994,
    #995,#996,#997,#998,#999,#1000,#1001,#1002,#1003,#1004,#1005,#1006,
    #1007,#1008,#1009,#1010,#1011,#1012,#1013,#1014,#1015,#1016,#1017,
    #1018,#1019,#1020,#1021,#1022,#1023,#1024,#1025,#1026,#1027,#1028,
    #1029,#1030,#1031,#1032,#1033,#1034,#1035,#1036,#1037,#1038,#1039,
    #1040,#1041,#1042,#1043,#1044,#1045,#1046,#1047,#1048,#1049,#1050,
    #1051,#1052,#1053,#1054,#1055,#1056,#1057,#1058,#1059,#1060,#1061),
  .UNSPECIFIED.,.F.,.F.,(8,6,6,6,6,6,6,6,6,6,6,6,6,6,8),(0.,
    0.144783695473,0.272698655594,0.396558026563,0.430364515049,
    0.465265218199,0.503092021128,0.532237968894,0.570280429049,
    0.595927200364,0.634632244827,0.674395093702,0.751358079421,
    0.842948093878,1.),.UNSPECIFIED.);
#976 = CARTESIAN_POINT('',(6.28318530718,9.081784953473));
#977 = CARTESIAN_POINT('',(6.261369639087,9.081784953625));
#978 = CARTESIAN_POINT('',(6.239551101826,9.095221006883));
#979 = CARTESIAN_POINT('',(6.217818152133,9.122098881286));
#980 = CARTESIAN_POINT('',(6.196250260239,9.162214875926));
#981 = CARTESIAN_POINT('',(6.174920451795,9.215206194844));
#982 = CARTESIAN_POINT('',(6.153897352362,9.280596619106));
#983 = CARTESIAN_POINT('',(6.115002118211,9.426079009662));
#984 = CARTESIAN_POINT('',(6.097046658257,9.503576761403));
#985 = CARTESIAN_POINT('',(6.079419902227,9.589976341505));
#986 = CARTESIAN_POINT('',(6.062158630104,9.684908984083));
#987 = CARTESIAN_POINT('',(6.045298159752,9.788012647438));
#988 = CARTESIAN_POINT('',(6.028874573569,9.898970733724));
#989 = CARTESIAN_POINT('',(5.99748675504,10.132405942393));
#990 = CARTESIAN_POINT('',(5.982500076403,10.254351803605));
#991 = CARTESIAN_POINT('',(5.967995621442,10.383262109225));
#992 = CARTESIAN_POINT('',(5.954016509246,10.519018412442));
#993 = CARTESIAN_POINT('',(5.940625664788,10.661562473877));
#994 = CARTESIAN_POINT('',(5.92790388983,10.810876836198));
#995 = CARTESIAN_POINT('',(5.912726683583,11.009992934111));
#996 = CARTESIAN_POINT('',(5.909532270502,11.053212048086));
#997 = CARTESIAN_POINT('',(5.906400495576,11.096960962618));
#998 = CARTESIAN_POINT('',(5.903334533055,11.141244298495));
#999 = CARTESIAN_POINT('',(5.900338015342,11.186066843004));
#1000 = CARTESIAN_POINT('',(5.897415093226,11.231433971657));
#1001 = CARTESIAN_POINT('',(5.891633827939,11.324756399337));
#1002 = CARTESIAN_POINT('',(5.888780759417,11.372745900483));
#1003 = CARTESIAN_POINT('',(5.886016431905,11.42132908222));
#1004 = CARTESIAN_POINT('',(5.88334687455,11.47051178976));
#1005 = CARTESIAN_POINT('',(5.88077913425,11.520297881424));
#1006 = CARTESIAN_POINT('',(5.878321405618,11.5706899054));
#1007 = CARTESIAN_POINT('',(5.873448876151,11.676965513087));
#1008 = CARTESIAN_POINT('',(5.871055330363,11.732947075183));
#1009 = CARTESIAN_POINT('',(5.868814269286,11.789643324905));
#1010 = CARTESIAN_POINT('',(5.866740084114,11.847046534378));
#1011 = CARTESIAN_POINT('',(5.864849872766,11.905132445677));
#1012 = CARTESIAN_POINT('',(5.863163501135,11.96386033076));
#1013 = CARTESIAN_POINT('',(5.860578844783,12.06887412375));
#1014 = CARTESIAN_POINT('',(5.859588712891,12.114915485498));
#1015 = CARTESIAN_POINT('',(5.858743544568,12.161269270317));
#1016 = CARTESIAN_POINT('',(5.858055077875,12.207889213524));
#1017 = CARTESIAN_POINT('',(5.857535924827,12.254710063661));
#1018 = CARTESIAN_POINT('',(5.857198983194,12.301646994082));
#1019 = CARTESIAN_POINT('',(5.856871328163,12.409873454058));
#1020 = CARTESIAN_POINT('',(5.857017552307,12.47120300403));
#1021 = CARTESIAN_POINT('',(5.857524109374,12.532288680914));
#1022 = CARTESIAN_POINT('',(5.85841613963,12.592787428155));
#1023 = CARTESIAN_POINT('',(5.85971144541,12.652317300488));
#1024 = CARTESIAN_POINT('',(5.861414829022,12.710470410714));
#1025 = CARTESIAN_POINT('',(5.864923585974,12.804824874588));
#1026 = CARTESIAN_POINT('',(5.866515370355,12.842017984143));
#1027 = CARTESIAN_POINT('',(5.868281638334,12.878285012133));
#1028 = CARTESIAN_POINT('',(5.870215143475,12.913531446188));
#1029 = CARTESIAN_POINT('',(5.872306345846,12.94768853575));
#1030 = CARTESIAN_POINT('',(5.874543992008,12.980709610786));
#1031 = CARTESIAN_POINT('',(5.880494970881,13.060643347372));
#1032 = CARTESIAN_POINT('',(5.884379539619,13.106067946587));
#1033 = CARTESIAN_POINT('',(5.888529877827,13.148785824955));
#1034 = CARTESIAN_POINT('',(5.89290529623,13.188862010457));
#1035 = CARTESIAN_POINT('',(5.897468698582,13.226425346885));
#1036 = CARTESIAN_POINT('',(5.902189429231,13.261634592725));
#1037 = CARTESIAN_POINT('',(5.912031670048,13.328600565956));
#1038 = CARTESIAN_POINT('',(5.917159480873,13.360228745169));
#1039 = CARTESIAN_POINT('',(5.922402852805,13.389747023427));
#1040 = CARTESIAN_POINT('',(5.927741161826,13.41733725079));
#1041 = CARTESIAN_POINT('',(5.933157906032,13.443167258769));
#1042 = CARTESIAN_POINT('',(5.938640662761,13.467391273241));
#1043 = CARTESIAN_POINT('',(5.954904734411,13.534201616594));
#1044 = CARTESIAN_POINT('',(5.965836213115,13.572731723164));
#1045 = CARTESIAN_POINT('',(5.976914037173,13.606777578498));
#1046 = CARTESIAN_POINT('',(5.988096031184,13.637040942412));
#1047 = CARTESIAN_POINT('',(5.999353081061,13.664084752638));
#1048 = CARTESIAN_POINT('',(6.010668597067,13.68835092314));
#1049 = CARTESIAN_POINT('',(6.035566395095,13.736208342357));
#1050 = CARTESIAN_POINT('',(6.04916251526,13.758779201301));
#1051 = CARTESIAN_POINT('',(6.062807030295,13.778514112294));
#1052 = CARTESIAN_POINT('',(6.076486839241,13.795833539134));
#1053 = CARTESIAN_POINT('',(6.090192871979,13.811056625422));
#1054 = CARTESIAN_POINT('',(6.103919391937,13.824441396335));
#1055 = CARTESIAN_POINT('',(6.141232203069,13.856331607878));
#1056 = CARTESIAN_POINT('',(6.164847796178,13.871655797445));
#1057 = CARTESIAN_POINT('',(6.188493048389,13.883179362161));
#1058 = CARTESIAN_POINT('',(6.212156213791,13.891466133948));
#1059 = CARTESIAN_POINT('',(6.235828998468,13.896876044155));
#1060 = CARTESIAN_POINT('',(6.259506233213,13.899580754294));
#1061 = CARTESIAN_POINT('',(6.28318530718,13.899580754429));
#1062 = ( GEOMETRIC_REPRESENTATION_CONTEXT(2) 
PARAMETRIC_REPRESENTATION_CONTEXT() REPRESENTATION_CONTEXT('2D SPACE',''
  ) );
#1063 = PCURVE('',#1064,#1095);
#1064 = B_SPLINE_SURFACE_WITH_KNOTS('',14,1,(
    (#1065,#1066)
    ,(#1067,#1068)
    ,(#1069,#1070)
    ,(#1071,#1072)
    ,(#1073,#1074)
    ,(#1075,#1076)
    ,(#1077,#1078)
    ,(#1079,#1080)
    ,(#1081,#1082)
    ,(#1083,#1084)
    ,(#1085,#1086)
    ,(#1087,#1088)
    ,(#1089,#1090)
    ,(#1091,#1092)
    ,(#1093,#1094
    )),.UNSPECIFIED.,.T.,.F.,.F.,(15,15),(2,2),(0.,6.28318530718),(0.,1.
    ),.PIECEWISE_BEZIER_KNOTS.);
#1065 = CARTESIAN_POINT('',(-2.41341173287E-16,7.6,10.85));
#1066 = CARTESIAN_POINT('',(46.73550315436,3.65,-19.26897649172));
#1067 = CARTESIAN_POINT('',(0.585914563785,7.600000000001,
    11.759161436862));
#1068 = CARTESIAN_POINT('',(46.914408742926,3.65,-18.71836170707));
#1069 = CARTESIAN_POINT('',(1.171829343843,5.95145085488,12.668323209299
    ));
#1070 = CARTESIAN_POINT('',(47.093314397544,2.858258159594,
    -18.16774671919));
#1071 = CARTESIAN_POINT('',(1.60946635202,2.654350457148,13.347402917831
    ));
#1072 = CARTESIAN_POINT('',(47.226944300859,1.274817686897,
    -17.75647616557));
#1073 = CARTESIAN_POINT('',(1.750564320706,-1.798240672019,
    13.566344107948));
#1074 = CARTESIAN_POINT('',(47.27002774122,-0.863738490468,
    -17.62387897063));
#1075 = CARTESIAN_POINT('',(1.500008579672,-6.420295019059,
    13.17755770198));
#1076 = CARTESIAN_POINT('',(47.193522009618,-3.083180310936,
    -17.85933940106));
#1077 = CARTESIAN_POINT('',(0.869324365763,-9.948716932613,
    12.198927366336));
#1078 = CARTESIAN_POINT('',(47.000946270026,-4.778404615517,
    -18.45202658462));
#1079 = CARTESIAN_POINT('',(1.639316359442E-11,-11.27709737556,
    10.850000000107));
#1080 = CARTESIAN_POINT('',(46.735503154367,-5.415504925607,
    -19.26897649172));
#1081 = CARTESIAN_POINT('',(-0.869324365794,-9.948716932615,
    9.501072633467));
#1082 = CARTESIAN_POINT('',(46.470060038689,-4.77840461551,
    -20.0859263988));
#1083 = CARTESIAN_POINT('',(-1.500008579648,-6.420295019055,
    8.522442298173));
#1084 = CARTESIAN_POINT('',(46.277484299093,-3.083180310947,
    -20.67861358236));
#1085 = CARTESIAN_POINT('',(-1.750564320721,-1.798240672022,
    8.133655891955));
#1086 = CARTESIAN_POINT('',(46.200978567515,-0.863738490458,
    -20.91407401282));
#1087 = CARTESIAN_POINT('',(-1.609466352013,2.654350457149,
    8.352597082217));
#1088 = CARTESIAN_POINT('',(46.24406200785,1.274817686891,
    -20.78147681784));
#1089 = CARTESIAN_POINT('',(-1.171829343846,5.951450854879,
    9.031676790683));
#1090 = CARTESIAN_POINT('',(46.377691911181,2.858258159596,
    -20.37020626425));
#1091 = CARTESIAN_POINT('',(-0.585914563784,7.600000000001,
    9.940838563142));
#1092 = CARTESIAN_POINT('',(46.556597565793,3.65,-19.81959127636));
#1093 = CARTESIAN_POINT('',(-2.01769802472E-15,7.6,10.85));
#1094 = CARTESIAN_POINT('',(46.73550315436,3.65,-19.26897649172));
#1095 = DEFINITIONAL_REPRESENTATION('',(#1096),#1183);
#1096 = B_SPLINE_CURVE_WITH_KNOTS('',7,(#1097,#1098,#1099,#1100,#1101,
    #1102,#1103,#1104,#1105,#1106,#1107,#1108,#1109,#1110,#1111,#1112,
    #1113,#1114,#1115,#1116,#1117,#1118,#1119,#1120,#1121,#1122,#1123,
    #1124,#1125,#1126,#1127,#1128,#1129,#1130,#1131,#1132,#1133,#1134,
    #1135,#1136,#1137,#1138,#1139,#1140,#1141,#1142,#1143,#1144,#1145,
    #1146,#1147,#1148,#1149,#1150,#1151,#1152,#1153,#1154,#1155,#1156,
    #1157,#1158,#1159,#1160,#1161,#1162,#1163,#1164,#1165,#1166,#1167,
    #1168,#1169,#1170,#1171,#1172,#1173,#1174,#1175,#1176,#1177,#1178,
    #1179,#1180,#1181,#1182),.UNSPECIFIED.,.F.,.F.,(8,6,6,6,6,6,6,6,6,6,
    6,6,6,6,8),(0.,0.144783695473,0.272698655594,0.396558026563,
    0.430364515049,0.465265218199,0.503092021128,0.532237968894,
    0.570280429049,0.595927200364,0.634632244827,0.674395093702,
    0.751358079421,0.842948093878,1.),.UNSPECIFIED.);
#1097 = CARTESIAN_POINT('',(4.7123889788,0.352742955924));
#1098 = CARTESIAN_POINT('',(4.657908377337,0.352742955923));
#1099 = CARTESIAN_POINT('',(4.603420607159,0.352490673761));
#1100 = CARTESIAN_POINT('',(4.54896155241,0.351985993276));
#1101 = CARTESIAN_POINT('',(4.494544443997,0.351233985121));
#1102 = CARTESIAN_POINT('',(4.440165370363,0.350243903986));
#1103 = CARTESIAN_POINT('',(4.385803165989,0.349028326937));
#1104 = CARTESIAN_POINT('',(4.283361103647,0.346342669636));
#1105 = CARTESIAN_POINT('',(4.235282913074,0.344918629868));
#1106 = CARTESIAN_POINT('',(4.187133747838,0.343340327255));
#1107 = CARTESIAN_POINT('',(4.138847477474,0.341618891036));
#1108 = CARTESIAN_POINT('',(4.090337957633,0.339766133447));
#1109 = CARTESIAN_POINT('',(4.04148754762,0.337794166915));
#1110 = CARTESIAN_POINT('',(3.944324334507,0.333701893611));
#1111 = CARTESIAN_POINT('',(3.8960663221,0.331589226143));
#1112 = CARTESIAN_POINT('',(3.847166455774,0.32938715397));
#1113 = CARTESIAN_POINT('',(3.797430137186,0.327106808043));
#1114 = CARTESIAN_POINT('',(3.746608894726,0.32476100596));
#1115 = CARTESIAN_POINT('',(3.694402385895,0.322364504564));
#1116 = CARTESIAN_POINT('',(3.625489108407,0.319271246093));
#1117 = CARTESIAN_POINT('',(3.610570584932,0.318605569166));
#1118 = CARTESIAN_POINT('',(3.59549937459,0.317937847788));
#1119 = CARTESIAN_POINT('',(3.580264451444,0.317268507504));
#1120 = CARTESIAN_POINT('',(3.564853852151,0.316598022505));
#1121 = CARTESIAN_POINT('',(3.549254314534,0.315926919135));
#1122 = CARTESIAN_POINT('',(3.517136009142,0.314562916889));
#1123 = CARTESIAN_POINT('',(3.500604539887,0.313870045182));
#1124 = CARTESIAN_POINT('',(3.483839511001,0.313177785495));
#1125 = CARTESIAN_POINT('',(3.466823386187,0.312486877814));
#1126 = CARTESIAN_POINT('',(3.449537368985,0.31179818908));
#1127 = CARTESIAN_POINT('',(3.431960681527,0.311112721368));
#1128 = CARTESIAN_POINT('',(3.394679024443,0.309693414758));
#1129 = CARTESIAN_POINT('',(3.374922037334,0.308960449763));
#1130 = CARTESIAN_POINT('',(3.354766718173,0.308234091564));
#1131 = CARTESIAN_POINT('',(3.334182461046,0.307516135474));
#1132 = CARTESIAN_POINT('',(3.313139380946,0.306808803123));
#1133 = CARTESIAN_POINT('',(3.291607476797,0.306114739947));
#1134 = CARTESIAN_POINT('',(3.252564742351,0.304914816719));
#1135 = CARTESIAN_POINT('',(3.23526761728,0.304402400682));
#1136 = CARTESIAN_POINT('',(3.217651216134,0.303901168312));
#1137 = CARTESIAN_POINT('',(3.19970628705,0.303412831999));
#1138 = CARTESIAN_POINT('',(3.181428689726,0.302939346064));
#1139 = CARTESIAN_POINT('',(3.162820555693,0.302482840049));
#1140 = CARTESIAN_POINT('',(3.119184418692,0.301474786101));
#1141 = CARTESIAN_POINT('',(3.093917678106,0.300936457107));
#1142 = CARTESIAN_POINT('',(3.06813689279,0.300436143158));
#1143 = CARTESIAN_POINT('',(3.041909685658,0.299979398234));
#1144 = CARTESIAN_POINT('',(3.015330289695,0.299571154635));
#1145 = CARTESIAN_POINT('',(2.988527859849,0.299215025817));
#1146 = CARTESIAN_POINT('',(2.943577594403,0.29870856474));
#1147 = CARTESIAN_POINT('',(2.925449125837,0.298528916344));
#1148 = CARTESIAN_POINT('',(2.907344512356,0.2983740318));
#1149 = CARTESIAN_POINT('',(2.88930977753,0.298243792786));
#1150 = CARTESIAN_POINT('',(2.87138602951,0.298137605025));
#1151 = CARTESIAN_POINT('',(2.853609996426,0.298054508042));
#1152 = CARTESIAN_POINT('',(2.809460260988,0.297900889506));
#1153 = CARTESIAN_POINT('',(2.783317557873,0.297858316179));
#1154 = CARTESIAN_POINT('',(2.757675771991,0.297861286371));
#1155 = CARTESIAN_POINT('',(2.732584332116,0.297904409997));
#1156 = CARTESIAN_POINT('',(2.708064061784,0.297982239304));
#1157 = CARTESIAN_POINT('',(2.684113445128,0.29808985029));
#1158 = CARTESIAN_POINT('',(2.636666683961,0.298359690675));
#1159 = CARTESIAN_POINT('',(2.613206355061,0.298523305119));
#1160 = CARTESIAN_POINT('',(2.590301650946,0.298709140033));
#1161 = CARTESIAN_POINT('',(2.567923922067,0.298913209244));
#1162 = CARTESIAN_POINT('',(2.546042415177,0.29913214554));
#1163 = CARTESIAN_POINT('',(2.524623583815,0.299363150849));
#1164 = CARTESIAN_POINT('',(2.462997037624,0.300070018316));
#1165 = CARTESIAN_POINT('',(2.423988935462,0.300572408926));
#1166 = CARTESIAN_POINT('',(2.386334311047,0.30109446963));
#1167 = CARTESIAN_POINT('',(2.349855251333,0.301625084099));
#1168 = CARTESIAN_POINT('',(2.314398602697,0.302155998737));
#1169 = CARTESIAN_POINT('',(2.279830216285,0.302681297798));
#1170 = CARTESIAN_POINT('',(2.205783973667,0.303809778251));
#1171 = CARTESIAN_POINT('',(2.166646115687,0.304408411363));
#1172 = CARTESIAN_POINT('',(2.128413928001,0.304984696916));
#1173 = CARTESIAN_POINT('',(2.090949632871,0.305533219439));
#1174 = CARTESIAN_POINT('',(2.054143021644,0.306049985134));
#1175 = CARTESIAN_POINT('',(2.017897038115,0.306531882806));
#1176 = CARTESIAN_POINT('',(1.92078857812,0.307739017365));
#1177 = CARTESIAN_POINT('',(1.860862253114,0.308391806699));
#1178 = CARTESIAN_POINT('',(1.801925442469,0.308922817295));
#1179 = CARTESIAN_POINT('',(1.743690848457,0.309325240644));
#1180 = CARTESIAN_POINT('',(1.685908792345,0.30959484922));
#1181 = CARTESIAN_POINT('',(1.62835482418,0.309729678623));
#1182 = CARTESIAN_POINT('',(1.570796328142,0.309729678622));
#1183 = ( GEOMETRIC_REPRESENTATION_CONTEXT(2) 
PARAMETRIC_REPRESENTATION_CONTEXT() REPRESENTATION_CONTEXT('2D SPACE',''
  ) );
#1184 = ORIENTED_EDGE('',*,*,#1185,.T.);
#1185 = EDGE_CURVE('',#883,#1186,#1188,.T.);
#1186 = VERTEX_POINT('',#1187);
#1187 = CARTESIAN_POINT('',(15.5,-3.796405077357E-15,10.6));
#1188 = SEAM_CURVE('',#1189,(#1193,#1200),.PCURVE_S1.);
#1189 = LINE('',#1190,#1191);
#1190 = CARTESIAN_POINT('',(15.5,-3.796405077357E-15,-10.6));
#1191 = VECTOR('',#1192,1.);
#1192 = DIRECTION('',(0.,0.,1.));
#1193 = PCURVE('',#620,#1194);
#1194 = DEFINITIONAL_REPRESENTATION('',(#1195),#1199);
#1195 = LINE('',#1196,#1197);
#1196 = CARTESIAN_POINT('',(0.,-0.));
#1197 = VECTOR('',#1198,1.);
#1198 = DIRECTION('',(0.,1.));
#1199 = ( GEOMETRIC_REPRESENTATION_CONTEXT(2) 
PARAMETRIC_REPRESENTATION_CONTEXT() REPRESENTATION_CONTEXT('2D SPACE',''
  ) );
#1200 = PCURVE('',#620,#1201);
#1201 = DEFINITIONAL_REPRESENTATION('',(#1202),#1206);
#1202 = LINE('',#1203,#1204);
#1203 = CARTESIAN_POINT('',(6.28318530718,-0.));
#1204 = VECTOR('',#1205,1.);
#1205 = DIRECTION('',(0.,1.));
#1206 = ( GEOMETRIC_REPRESENTATION_CONTEXT(2) 
PARAMETRIC_REPRESENTATION_CONTEXT() REPRESENTATION_CONTEXT('2D SPACE',''
  ) );
#1207 = ORIENTED_EDGE('',*,*,#1208,.F.);
#1208 = EDGE_CURVE('',#1186,#1186,#1209,.T.);
#1209 = SURFACE_CURVE('',#1210,(#1215,#1222),.PCURVE_S1.);
#1210 = CIRCLE('',#1211,15.5);
#1211 = AXIS2_PLACEMENT_3D('',#1212,#1213,#1214);
#1212 = CARTESIAN_POINT('',(0.,0.,10.6));
#1213 = DIRECTION('',(0.,0.,1.));
#1214 = DIRECTION('',(1.,0.,0.));
#1215 = PCURVE('',#620,#1216);
#1216 = DEFINITIONAL_REPRESENTATION('',(#1217),#1221);
#1217 = LINE('',#1218,#1219);
#1218 = CARTESIAN_POINT('',(0.,21.2));
#1219 = VECTOR('',#1220,1.);
#1220 = DIRECTION('',(1.,0.));
#1221 = ( GEOMETRIC_REPRESENTATION_CONTEXT(2) 
PARAMETRIC_REPRESENTATION_CONTEXT() REPRESENTATION_CONTEXT('2D SPACE',''
  ) );
#1222 = PCURVE('',#1223,#1228);
#1223 = PLANE('',#1224);
#1224 = AXIS2_PLACEMENT_3D('',#1225,#1226,#1227);
#1225 = CARTESIAN_POINT('',(0.,0.,10.6));
#1226 = DIRECTION('',(0.,0.,1.));
#1227 = DIRECTION('',(1.,0.,0.));
#1228 = DEFINITIONAL_REPRESENTATION('',(#1229),#1233);
#1229 = CIRCLE('',#1230,15.5);
#1230 = AXIS2_PLACEMENT_2D('',#1231,#1232);
#1231 = CARTESIAN_POINT('',(0.,0.));
#1232 = DIRECTION('',(1.,0.));
#1233 = ( GEOMETRIC_REPRESENTATION_CONTEXT(2) 
PARAMETRIC_REPRESENTATION_CONTEXT() REPRESENTATION_CONTEXT('2D SPACE',''
  ) );
#1234 = ORIENTED_EDGE('',*,*,#1185,.F.);
#1235 = ORIENTED_EDGE('',*,*,#1236,.T.);
#1236 = EDGE_CURVE('',#883,#1237,#1239,.T.);
#1237 = VERTEX_POINT('',#1238);
#1238 = CARTESIAN_POINT('',(14.113776808004,6.407129170997,
    1.754291530025));
#1239 = SURFACE_CURVE('',#1240,(#1285,#1333),.PCURVE_S1.);
#1240 = B_SPLINE_CURVE_WITH_KNOTS('',7,(#1241,#1242,#1243,#1244,#1245,
    #1246,#1247,#1248,#1249,#1250,#1251,#1252,#1253,#1254,#1255,#1256,
    #1257,#1258,#1259,#1260,#1261,#1262,#1263,#1264,#1265,#1266,#1267,
    #1268,#1269,#1270,#1271,#1272,#1273,#1274,#1275,#1276,#1277,#1278,
    #1279,#1280,#1281,#1282,#1283,#1284),.UNSPECIFIED.,.F.,.F.,(8,6,6,6,
    6,6,6,8),(0.,0.350428239699,0.522988796657,0.674340856516,
    0.806584692708,0.870258522846,0.91956656891,1.),.UNSPECIFIED.);
#1241 = CARTESIAN_POINT('',(15.5,-3.962175431578E-15,3.299580754429));
#1242 = CARTESIAN_POINT('',(15.5,0.382663557641,3.29958075457));
#1243 = CARTESIAN_POINT('',(15.488978265531,0.765290315627,
    3.296640724129));
#1244 = CARTESIAN_POINT('',(15.46693873208,1.14745991087,3.290759829846)
  );
#1245 = CARTESIAN_POINT('',(15.433908049809,1.52870191888,3.281736356684
    ));
#1246 = CARTESIAN_POINT('',(15.389952185999,1.908486884828,
    3.269142020167));
#1247 = CARTESIAN_POINT('',(15.335190664304,2.286225656338,
    3.252310239289));
#1248 = CARTESIAN_POINT('',(15.237651493624,2.845894085702,
    3.219007269891));
#1249 = CARTESIAN_POINT('',(15.202902878893,3.029874187662,
    3.206690395656));
#1250 = CARTESIAN_POINT('',(15.165613985892,3.213095052851,
    3.192896898038));
#1251 = CARTESIAN_POINT('',(15.125819319018,3.395450813712,
    3.177442820486));
#1252 = CARTESIAN_POINT('',(15.083566537048,3.576806018385,3.1601040488)
  );
#1253 = CARTESIAN_POINT('',(15.038922453114,3.75699166792,3.140594765893
    ));
#1254 = CARTESIAN_POINT('',(14.950809194797,4.092626916303,
    3.099174566351));
#1255 = CARTESIAN_POINT('',(14.907882314241,4.248348104622,
    3.077858755714));
#1256 = CARTESIAN_POINT('',(14.86325435218,4.402863591799,3.054318702405
    ));
#1257 = CARTESIAN_POINT('',(14.817012372401,4.555975951436,
    3.028230193608));
#1258 = CARTESIAN_POINT('',(14.769287480104,4.70739072923,2.999204199743
    ));
#1259 = CARTESIAN_POINT('',(14.72027338004,4.856703011799,2.966743708144
    ));
#1260 = CARTESIAN_POINT('',(14.626547128439,5.131515487079,
    2.898195950736));
#1261 = CARTESIAN_POINT('',(14.582121446375,5.2574998841,2.863119168088)
  );
#1262 = CARTESIAN_POINT('',(14.537123454954,5.381096054912,
    2.824447953775));
#1263 = CARTESIAN_POINT('',(14.491830428502,5.501734622431,
    2.781633121175));
#1264 = CARTESIAN_POINT('',(14.446692504383,5.618507066637,
    2.734046447789));
#1265 = CARTESIAN_POINT('',(14.402358078551,5.730177378229,
    2.680984153837));
#1266 = CARTESIAN_POINT('',(14.339132793287,5.885766729636,
    2.593134526064));
#1267 = CARTESIAN_POINT('',(14.318979600711,5.934765493631,2.56315278915
    ));
#1268 = CARTESIAN_POINT('',(14.299325861224,5.982002466835,
    2.531672133283));
#1269 = CARTESIAN_POINT('',(14.280293399408,6.02725214595,2.498637719652
    ));
#1270 = CARTESIAN_POINT('',(14.262018961049,6.070266006743,
    2.464015022958));
#1271 = CARTESIAN_POINT('',(14.2446469382,6.110787851728,2.427801549903)
  );
#1272 = CARTESIAN_POINT('',(14.215672204047,6.177837806923,2.36080459298
    ));
#1273 = CARTESIAN_POINT('',(14.203651195275,6.205462600879,
    2.330637263822));
#1274 = CARTESIAN_POINT('',(14.192322171439,6.231331404924,
    2.299568759988));
#1275 = CARTESIAN_POINT('',(14.181747787193,6.255339135588,
    2.267638567268));
#1276 = CARTESIAN_POINT('',(14.171982860283,6.27739831689,2.23490056788)
  );
#1277 = CARTESIAN_POINT('',(14.163071593099,6.297443223012,
    2.201424999726));
#1278 = CARTESIAN_POINT('',(14.141951130504,6.344781393773,
    2.111634908706));
#1279 = CARTESIAN_POINT('',(14.131204831215,6.368676547641,
    2.054216488458));
#1280 = CARTESIAN_POINT('',(14.122949154092,6.386926344394,1.99544665883
    ));
#1281 = CARTESIAN_POINT('',(14.117193126646,6.399607981554,
    1.935718777749));
#1282 = CARTESIAN_POINT('',(14.113849666452,6.406967785146,
    1.875402301878));
#1283 = CARTESIAN_POINT('',(14.112770346839,6.409346227634,
    1.814830484993));
#1284 = CARTESIAN_POINT('',(14.113776808004,6.407129170997,
    1.754291530025));
#1285 = PCURVE('',#620,#1286);
#1286 = DEFINITIONAL_REPRESENTATION('',(#1287),#1332);
#1287 = B_SPLINE_CURVE_WITH_KNOTS('',7,(#1288,#1289,#1290,#1291,#1292,
    #1293,#1294,#1295,#1296,#1297,#1298,#1299,#1300,#1301,#1302,#1303,
    #1304,#1305,#1306,#1307,#1308,#1309,#1310,#1311,#1312,#1313,#1314,
    #1315,#1316,#1317,#1318,#1319,#1320,#1321,#1322,#1323,#1324,#1325,
    #1326,#1327,#1328,#1329,#1330,#1331),.UNSPECIFIED.,.F.,.F.,(8,6,6,6,
    6,6,6,8),(0.,0.350428239699,0.522988796657,0.674340856516,
    0.806584692708,0.870258522846,0.91956656891,1.),.UNSPECIFIED.);
#1288 = CARTESIAN_POINT('',(0.,13.899580754429));
#1289 = CARTESIAN_POINT('',(2.468797146071E-02,13.89958075457));
#1290 = CARTESIAN_POINT('',(4.937356903369E-02,13.896640724129));
#1291 = CARTESIAN_POINT('',(7.405424761296E-02,13.890759829846));
#1292 = CARTESIAN_POINT('',(9.87242200746E-02,13.881736356684));
#1293 = CARTESIAN_POINT('',(0.123373722118,13.869142020167));
#1294 = CARTESIAN_POINT('',(0.147988671508,13.852310239289));
#1295 = CARTESIAN_POINT('',(0.184640570062,13.819007269891));
#1296 = CARTESIAN_POINT('',(0.196718904274,13.806690395656));
#1297 = CARTESIAN_POINT('',(0.208780010576,13.792896898038));
#1298 = CARTESIAN_POINT('',(0.220819633196,13.777442820486));
#1299 = CARTESIAN_POINT('',(0.232831445933,13.7601040488));
#1300 = CARTESIAN_POINT('',(0.244806679701,13.740594765893));
#1301 = CARTESIAN_POINT('',(0.267194331107,13.699174566351));
#1302 = CARTESIAN_POINT('',(0.277614812225,13.677858755714));
#1303 = CARTESIAN_POINT('',(0.287989793336,13.654318702405));
#1304 = CARTESIAN_POINT('',(0.298307331463,13.628230193608));
#1305 = CARTESIAN_POINT('',(0.308548623316,13.599204199743));
#1306 = CARTESIAN_POINT('',(0.318686748013,13.566743708144));
#1307 = CARTESIAN_POINT('',(0.337419382072,13.498195950736));
#1308 = CARTESIAN_POINT('',(0.346037493941,13.463119168088));
#1309 = CARTESIAN_POINT('',(0.354522774692,13.424447953775));
#1310 = CARTESIAN_POINT('',(0.362835659938,13.381633121175));
#1311 = CARTESIAN_POINT('',(0.370912063906,13.334046447789));
#1312 = CARTESIAN_POINT('',(0.378663367372,13.280984153837));
#1313 = CARTESIAN_POINT('',(0.389498520969,13.193134526064));
#1314 = CARTESIAN_POINT('',(0.392916646026,13.16315278915));
#1315 = CARTESIAN_POINT('',(0.396217409679,13.131672133283));
#1316 = CARTESIAN_POINT('',(0.399384427879,13.098637719652));
#1317 = CARTESIAN_POINT('',(0.402399553589,13.064015022958));
#1318 = CARTESIAN_POINT('',(0.405243969323,13.027801549903));
#1319 = CARTESIAN_POINT('',(0.409956399676,12.96080459298));
#1320 = CARTESIAN_POINT('',(0.411900068354,12.930637263822));
#1321 = CARTESIAN_POINT('',(0.413722046998,12.899568759988));
#1322 = CARTESIAN_POINT('',(0.415414515508,12.867638567268));
#1323 = CARTESIAN_POINT('',(0.416970891068,12.83490056788));
#1324 = CARTESIAN_POINT('',(0.418386146348,12.801424999726));
#1325 = CARTESIAN_POINT('',(0.421730407808,12.711634908706));
#1326 = CARTESIAN_POINT('',(0.423420749149,12.654216488458));
#1327 = CARTESIAN_POINT('',(0.424713021473,12.59544665883));
#1328 = CARTESIAN_POINT('',(0.425611525013,12.535718777749));
#1329 = CARTESIAN_POINT('',(0.426133050938,12.475402301878));
#1330 = CARTESIAN_POINT('',(0.426301559341,12.414830484993));
#1331 = CARTESIAN_POINT('',(0.426144474765,12.354291530025));
#1332 = ( GEOMETRIC_REPRESENTATION_CONTEXT(2) 
PARAMETRIC_REPRESENTATION_CONTEXT() REPRESENTATION_CONTEXT('2D SPACE',''
  ) );
#1333 = PCURVE('',#1064,#1334);
#1334 = DEFINITIONAL_REPRESENTATION('',(#1335),#1380);
#1335 = B_SPLINE_CURVE_WITH_KNOTS('',7,(#1336,#1337,#1338,#1339,#1340,
    #1341,#1342,#1343,#1344,#1345,#1346,#1347,#1348,#1349,#1350,#1351,
    #1352,#1353,#1354,#1355,#1356,#1357,#1358,#1359,#1360,#1361,#1362,
    #1363,#1364,#1365,#1366,#1367,#1368,#1369,#1370,#1371,#1372,#1373,
    #1374,#1375,#1376,#1377,#1378,#1379),.UNSPECIFIED.,.F.,.F.,(8,6,6,6,
    6,6,6,8),(0.,0.350428239699,0.522988796657,0.674340856516,
    0.806584692708,0.870258522846,0.91956656891,1.),.UNSPECIFIED.);
#1336 = CARTESIAN_POINT('',(1.570796328142,0.309729678622));
#1337 = CARTESIAN_POINT('',(1.51078542951,0.309729678621));
#1338 = CARTESIAN_POINT('',(1.450780387437,0.309583114365));
#1339 = CARTESIAN_POINT('',(1.390516407994,0.309290055205));
#1340 = CARTESIAN_POINT('',(1.329739503327,0.30885280062));
#1341 = CARTESIAN_POINT('',(1.268163596615,0.308276373071));
#1342 = CARTESIAN_POINT('',(1.205458898216,0.30756884959));
#1343 = CARTESIAN_POINT('',(1.109440017366,0.306339369215));
#1344 = CARTESIAN_POINT('',(1.077365980812,0.30590554937));
#1345 = CARTESIAN_POINT('',(1.044838642903,0.305445340141));
#1346 = CARTESIAN_POINT('',(1.011789827645,0.304960977459));
#1347 = CARTESIAN_POINT('',(0.978142251356,0.304455270213));
#1348 = CARTESIAN_POINT('',(0.943801798504,0.303931888524));
#1349 = CARTESIAN_POINT('',(0.877806834034,0.302925675854));
#1350 = CARTESIAN_POINT('',(0.846349915396,0.302445912688));
#1351 = CARTESIAN_POINT('',(0.81418159321,0.301959795763));
#1352 = CARTESIAN_POINT('',(0.781202472952,0.301471649057));
#1353 = CARTESIAN_POINT('',(0.747304069903,0.300987073199));
#1354 = CARTESIAN_POINT('',(0.712353759528,0.300513622436));
#1355 = CARTESIAN_POINT('',(0.644546573713,0.299667322732));
#1356 = CARTESIAN_POINT('',(0.612017406145,0.299289757088));
#1357 = CARTESIAN_POINT('',(0.578424818531,0.298935949841));
#1358 = CARTESIAN_POINT('',(0.543639958797,0.298615212342));
#1359 = CARTESIAN_POINT('',(0.507554300446,0.298340262036));
#1360 = CARTESIAN_POINT('',(0.470075205299,0.298127572484));
#1361 = CARTESIAN_POINT('',(0.412365531054,0.297934565516));
#1362 = CARTESIAN_POINT('',(0.393277867973,0.297890975168));
#1363 = CARTESIAN_POINT('',(0.373858776505,0.297868763142));
#1364 = CARTESIAN_POINT('',(0.354118170526,0.297870318257));
#1365 = CARTESIAN_POINT('',(0.334076329983,0.297898075322));
#1366 = CARTESIAN_POINT('',(0.313765993159,0.297954295562));
#1367 = CARTESIAN_POINT('',(0.277337303109,0.29810766258));
#1368 = CARTESIAN_POINT('',(0.261305858655,0.298192718495));
#1369 = CARTESIAN_POINT('',(0.245166995596,0.298296701487));
#1370 = CARTESIAN_POINT('',(0.228948708806,0.298420223405));
#1371 = CARTESIAN_POINT('',(0.212681625699,0.298563643158));
#1372 = CARTESIAN_POINT('',(0.196399301005,0.298727006205));
#1373 = CARTESIAN_POINT('',(0.153613203995,0.299208465441));
#1374 = CARTESIAN_POINT('',(0.127132875181,0.299559278785));
#1375 = CARTESIAN_POINT('',(0.100867121364,0.299960992137));
#1376 = CARTESIAN_POINT('',(7.494118890348E-02,0.300410157117));
#1377 = CARTESIAN_POINT('',(4.944711079814E-02,0.300902051583));
#1378 = CARTESIAN_POINT('',(2.445150006886E-02,0.301431334776));
#1379 = CARTESIAN_POINT('',(0.,0.301992614937));
#1380 = ( GEOMETRIC_REPRESENTATION_CONTEXT(2) 
PARAMETRIC_REPRESENTATION_CONTEXT() REPRESENTATION_CONTEXT('2D SPACE',''
  ) );
#1381 = ORIENTED_EDGE('',*,*,#1382,.T.);
#1382 = EDGE_CURVE('',#1237,#881,#1383,.T.);
#1383 = SURFACE_CURVE('',#1384,(#1429,#1477),.PCURVE_S1.);
#1384 = B_SPLINE_CURVE_WITH_KNOTS('',8,(#1385,#1386,#1387,#1388,#1389,
    #1390,#1391,#1392,#1393,#1394,#1395,#1396,#1397,#1398,#1399,#1400,
    #1401,#1402,#1403,#1404,#1405,#1406,#1407,#1408,#1409,#1410,#1411,
    #1412,#1413,#1414,#1415,#1416,#1417,#1418,#1419,#1420,#1421,#1422,
    #1423,#1424,#1425,#1426,#1427,#1428),.UNSPECIFIED.,.F.,.F.,(9,7,7,7,
    7,7,9),(0.,8.124755308189E-02,0.152265384844,0.216439427777,
    0.486579507646,0.726618511609,1.),.UNSPECIFIED.);
#1385 = CARTESIAN_POINT('',(14.113776808004,6.407129170997,
    1.754291530025));
#1386 = CARTESIAN_POINT('',(14.114791062487,6.404894947056,
    1.693283804583));
#1387 = CARTESIAN_POINT('',(14.117880563175,6.39808822794,1.632293511933
    ));
#1388 = CARTESIAN_POINT('',(14.122877127903,6.38707190265,1.571524013099
    ));
#1389 = CARTESIAN_POINT('',(14.129599678723,6.372215859005,
    1.511136257777));
#1390 = CARTESIAN_POINT('',(14.137869609921,6.353872875473,
    1.451251311479));
#1391 = CARTESIAN_POINT('',(14.147521524398,6.332361657467,
    1.391952311189));
#1392 = CARTESIAN_POINT('',(14.158409338434,6.307957018101,
    1.333285849496));
#1393 = CARTESIAN_POINT('',(14.180895473966,6.257225696395,
    1.224545295847));
#1394 = CARTESIAN_POINT('',(14.192229096047,6.231533945706,
    1.174332295616));
#1395 = CARTESIAN_POINT('',(14.20432302443,6.203968501665,1.124638173365
    ));
#1396 = CARTESIAN_POINT('',(14.217100042687,6.17466798827,1.075473492373
    ));
#1397 = CARTESIAN_POINT('',(14.230490894428,6.143754194478,
    1.026844720237));
#1398 = CARTESIAN_POINT('',(14.244433863114,6.111333165508,
    0.978753956741));
#1399 = CARTESIAN_POINT('',(14.25887435187,6.077496294143,0.931198661727
    ));
#1400 = CARTESIAN_POINT('',(14.287219656546,6.010536234427,
    0.841675990853));
#1401 = CARTESIAN_POINT('',(14.301040911446,5.977660987152,
    0.799615170741));
#1402 = CARTESIAN_POINT('',(14.315192231485,5.943754475053,
    0.757985564081));
#1403 = CARTESIAN_POINT('',(14.32964082526,5.90886926111,0.716784034598)
  );
#1404 = CARTESIAN_POINT('',(14.344356845099,5.873052156711,0.67600745559
    ));
#1405 = CARTESIAN_POINT('',(14.359313125678,5.836344711936,
    0.635652497236));
#1406 = CARTESIAN_POINT('',(14.374484922638,5.798783705826,
    0.595715413902));
#1407 = CARTESIAN_POINT('',(14.454527343485,5.598832647838,
    0.389817652231));
#1408 = CARTESIAN_POINT('',(14.522574078025,5.422838455238,
    0.230898658442));
#1409 = CARTESIAN_POINT('',(14.592371198203,5.23469336811,
    7.89161685405E-02));
#1410 = CARTESIAN_POINT('',(14.662790030478,5.035756659596,
    -6.617459696311E-02));
#1411 = CARTESIAN_POINT('',(14.732888044388,4.827112873976,
    -0.204377584185));
#1412 = CARTESIAN_POINT('',(14.801916133949,4.609508941423,
    -0.335619770985));
#1413 = CARTESIAN_POINT('',(14.869236727347,4.383478028754,
    -0.45982696088));
#1414 = CARTESIAN_POINT('',(14.992121235066,3.94118618016,
    -0.680915287576));
#1415 = CARTESIAN_POINT('',(15.048112190063,3.726812373001,
    -0.77921504947));
#1416 = CARTESIAN_POINT('',(15.101857416649,3.50651621297,
    -0.871659935978));
#1417 = CARTESIAN_POINT('',(15.152965802085,3.280640813389,-0.9580659165
    ));
#1418 = CARTESIAN_POINT('',(15.201070526433,3.049536485508,
    -1.038218876833));
#1419 = CARTESIAN_POINT('',(15.245828324566,2.813574488,-1.111891394377)
  );
#1420 = CARTESIAN_POINT('',(15.28692218861,2.57315708079,-1.178855031597
    ));
#1421 = CARTESIAN_POINT('',(15.366372483338,2.050337828173,
    -1.307260130495));
#1422 = CARTESIAN_POINT('',(15.40355941566,1.766718761376,
    -1.366648798137));
#1423 = CARTESIAN_POINT('',(15.435193308679,1.478598750894,
    -1.416704204505));
#1424 = CARTESIAN_POINT('',(15.460904579256,1.186761366134,
    -1.457112942047));
#1425 = CARTESIAN_POINT('',(15.480398670054,0.892046883911,
    -1.487614015499));
#1426 = CARTESIAN_POINT('',(15.493467106376,0.59535736741,
    -1.508015937574));
#1427 = CARTESIAN_POINT('',(15.5,0.297661618011,-1.518215046661));
#1428 = CARTESIAN_POINT('',(15.5,-4.061096133693E-15,-1.518215046527));
#1429 = PCURVE('',#620,#1430);
#1430 = DEFINITIONAL_REPRESENTATION('',(#1431),#1476);
#1431 = B_SPLINE_CURVE_WITH_KNOTS('',8,(#1432,#1433,#1434,#1435,#1436,
    #1437,#1438,#1439,#1440,#1441,#1442,#1443,#1444,#1445,#1446,#1447,
    #1448,#1449,#1450,#1451,#1452,#1453,#1454,#1455,#1456,#1457,#1458,
    #1459,#1460,#1461,#1462,#1463,#1464,#1465,#1466,#1467,#1468,#1469,
    #1470,#1471,#1472,#1473,#1474,#1475),.UNSPECIFIED.,.F.,.F.,(9,7,7,7,
    7,7,9),(0.,8.124755308189E-02,0.152265384844,0.216439427777,
    0.486579507646,0.726618511609,1.),.UNSPECIFIED.);
#1432 = CARTESIAN_POINT('',(0.426144474765,12.354291530025));
#1433 = CARTESIAN_POINT('',(0.425986173839,12.293283804583));
#1434 = CARTESIAN_POINT('',(0.425503912319,12.232293511933));
#1435 = CARTESIAN_POINT('',(0.424723493437,12.171524013099));
#1436 = CARTESIAN_POINT('',(0.423671476292,12.111136257777));
#1437 = CARTESIAN_POINT('',(0.422373346702,12.051251311479));
#1438 = CARTESIAN_POINT('',(0.420852231681,11.991952311189));
#1439 = CARTESIAN_POINT('',(0.41912815753,11.933285849496));
#1440 = CARTESIAN_POINT('',(0.415548068475,11.824545295847));
#1441 = CARTESIAN_POINT('',(0.413736423106,11.774332295616));
#1442 = CARTESIAN_POINT('',(0.411794379962,11.724638173365));
#1443 = CARTESIAN_POINT('',(0.409732121671,11.675473492373));
#1444 = CARTESIAN_POINT('',(0.407558624037,11.626844720237));
#1445 = CARTESIAN_POINT('',(0.405281731104,11.578753956741));
#1446 = CARTESIAN_POINT('',(0.402908230221,11.531198661727));
#1447 = CARTESIAN_POINT('',(0.398217101971,11.441675990853));
#1448 = CARTESIAN_POINT('',(0.39591630696,11.399615170741));
#1449 = CARTESIAN_POINT('',(0.393545924306,11.357985564081));
#1450 = CARTESIAN_POINT('',(0.391109880057,11.316784034598));
#1451 = CARTESIAN_POINT('',(0.388611679856,11.27600745559));
#1452 = CARTESIAN_POINT('',(0.386054444718,11.235652497236));
#1453 = CARTESIAN_POINT('',(0.383440946803,11.195715413902));
#1454 = CARTESIAN_POINT('',(0.369545662083,10.989817652231));
#1455 = CARTESIAN_POINT('',(0.357372898304,10.830898658442));
#1456 = CARTESIAN_POINT('',(0.344428227608,10.67891616854));
#1457 = CARTESIAN_POINT('',(0.330816443899,10.533825403038));
#1458 = CARTESIAN_POINT('',(0.31662003761,10.395622415815));
#1459 = CARTESIAN_POINT('',(0.30189540686,10.264380229015));
#1460 = CARTESIAN_POINT('',(0.286682309582,10.14017303912));
#1461 = CARTESIAN_POINT('',(0.257066477161,9.919084712424));
#1462 = CARTESIAN_POINT('',(0.242773674608,9.82078495053));
#1463 = CARTESIAN_POINT('',(0.228147389061,9.728340064022));
#1464 = CARTESIAN_POINT('',(0.213210696825,9.6419340835));
#1465 = CARTESIAN_POINT('',(0.197985858406,9.561781123167));
#1466 = CARTESIAN_POINT('',(0.182495275465,9.488108605623));
#1467 = CARTESIAN_POINT('',(0.166762211618,9.421144968403));
#1468 = CARTESIAN_POINT('',(0.132644686865,9.292739869505));
#1469 = CARTESIAN_POINT('',(0.114193924094,9.233351201863));
#1470 = CARTESIAN_POINT('',(9.550076202964E-02,9.183295795495));
#1471 = CARTESIAN_POINT('',(7.660842832343E-02,9.142887057953));
#1472 = CARTESIAN_POINT('',(5.756220417075E-02,9.112385984501));
#1473 = CARTESIAN_POINT('',(3.841015252274E-02,9.091984062426));
#1474 = CARTESIAN_POINT('',(1.920397535558E-02,9.081784953339));
#1475 = CARTESIAN_POINT('',(0.,9.081784953473));
#1476 = ( GEOMETRIC_REPRESENTATION_CONTEXT(2) 
PARAMETRIC_REPRESENTATION_CONTEXT() REPRESENTATION_CONTEXT('2D SPACE',''
  ) );
#1477 = PCURVE('',#1064,#1478);
#1478 = DEFINITIONAL_REPRESENTATION('',(#1479),#1524);
#1479 = B_SPLINE_CURVE_WITH_KNOTS('',8,(#1480,#1481,#1482,#1483,#1484,
    #1485,#1486,#1487,#1488,#1489,#1490,#1491,#1492,#1493,#1494,#1495,
    #1496,#1497,#1498,#1499,#1500,#1501,#1502,#1503,#1504,#1505,#1506,
    #1507,#1508,#1509,#1510,#1511,#1512,#1513,#1514,#1515,#1516,#1517,
    #1518,#1519,#1520,#1521,#1522,#1523),.UNSPECIFIED.,.F.,.F.,(9,7,7,7,
    7,7,9),(0.,8.124755308189E-02,0.152265384844,0.216439427777,
    0.486579507646,0.726618511609,1.),.UNSPECIFIED.);
#1480 = CARTESIAN_POINT('',(6.28318530718,0.301992614937));
#1481 = CARTESIAN_POINT('',(6.25854447214,0.302558241252));
#1482 = CARTESIAN_POINT('',(6.234438798359,0.303155840534));
#1483 = CARTESIAN_POINT('',(6.210883109391,0.30378094473));
#1484 = CARTESIAN_POINT('',(6.187876431074,0.304429274307));
#1485 = CARTESIAN_POINT('',(6.16540652075,0.305096953348));
#1486 = CARTESIAN_POINT('',(6.143452712186,0.30578065754));
#1487 = CARTESIAN_POINT('',(6.121987076202,0.306477695058));
#1488 = CARTESIAN_POINT('',(6.082606446293,0.307805161767));
#1489 = CARTESIAN_POINT('',(6.064589372344,0.308432770349));
#1490 = CARTESIAN_POINT('',(6.046901414802,0.309067386211));
#1491 = CARTESIAN_POINT('',(6.029522961384,0.309707715339));
#1492 = CARTESIAN_POINT('',(6.01243560022,0.310352625221));
#1493 = CARTESIAN_POINT('',(5.99562167221,0.311001140476));
#1494 = CARTESIAN_POINT('',(5.979063823369,0.31165243849));
#1495 = CARTESIAN_POINT('',(5.947997932814,0.31289628466));
#1496 = CARTESIAN_POINT('',(5.933447314969,0.313488398566));
#1497 = CARTESIAN_POINT('',(5.919080582144,0.314081659969));
#1498 = CARTESIAN_POINT('',(5.904886729014,0.314675590074));
#1499 = CARTESIAN_POINT('',(5.890855663166,0.315269755894));
#1500 = CARTESIAN_POINT('',(5.876978001839,0.315863768051));
#1501 = CARTESIAN_POINT('',(5.863244868659,0.316457278576));
#1502 = CARTESIAN_POINT('',(5.792410485738,0.319544944789));
#1503 = CARTESIAN_POINT('',(5.737626453349,0.322023632518));
#1504 = CARTESIAN_POINT('',(5.684592375313,0.324465764248));
#1505 = CARTESIAN_POINT('',(5.632940397534,0.326854428507));
#1506 = CARTESIAN_POINT('',(5.582368011659,0.329175248641));
#1507 = CARTESIAN_POINT('',(5.532650370017,0.331416160379));
#1508 = CARTESIAN_POINT('',(5.483579298865,0.333566816708));
#1509 = CARTESIAN_POINT('',(5.391753099399,0.33744063851));
#1510 = CARTESIAN_POINT('',(5.34893835403,0.339183256325));
#1511 = CARTESIAN_POINT('',(5.306404207426,0.340838310919));
#1512 = CARTESIAN_POINT('',(5.264069644213,0.342398235632));
#1513 = CARTESIAN_POINT('',(5.221872477818,0.343855570925));
#1514 = CARTESIAN_POINT('',(5.179763447195,0.345203100425));
#1515 = CARTESIAN_POINT('',(5.137703402913,0.346433999056));
#1516 = CARTESIAN_POINT('',(5.047784244443,0.348803892792));
#1517 = CARTESIAN_POINT('',(4.99992685483,0.349906484804));
#1518 = CARTESIAN_POINT('',(4.952062837944,0.350840075484));
#1519 = CARTESIAN_POINT('',(4.904175484785,0.351596293869));
#1520 = CARTESIAN_POINT('',(4.856257704947,0.352168370391));
#1521 = CARTESIAN_POINT('',(4.808311243084,0.352551452292));
#1522 = CARTESIAN_POINT('',(4.760347360061,0.352742955925));
#1523 = CARTESIAN_POINT('',(4.7123889788,0.352742955924));
#1524 = ( GEOMETRIC_REPRESENTATION_CONTEXT(2) 
PARAMETRIC_REPRESENTATION_CONTEXT() REPRESENTATION_CONTEXT('2D SPACE',''
  ) );
#1525 = ORIENTED_EDGE('',*,*,#1526,.F.);
#1526 = EDGE_CURVE('',#1527,#881,#1529,.T.);
#1527 = VERTEX_POINT('',#1528);
#1528 = CARTESIAN_POINT('',(15.5,-3.796405077357E-15,-10.6));
#1529 = SEAM_CURVE('',#1530,(#1534,#1541),.PCURVE_S1.);
#1530 = LINE('',#1531,#1532);
#1531 = CARTESIAN_POINT('',(15.5,-3.796405077357E-15,-10.6));
#1532 = VECTOR('',#1533,1.);
#1533 = DIRECTION('',(0.,0.,1.));
#1534 = PCURVE('',#620,#1535);
#1535 = DEFINITIONAL_REPRESENTATION('',(#1536),#1540);
#1536 = LINE('',#1537,#1538);
#1537 = CARTESIAN_POINT('',(6.28318530718,-0.));
#1538 = VECTOR('',#1539,1.);
#1539 = DIRECTION('',(0.,1.));
#1540 = ( GEOMETRIC_REPRESENTATION_CONTEXT(2) 
PARAMETRIC_REPRESENTATION_CONTEXT() REPRESENTATION_CONTEXT('2D SPACE',''
  ) );
#1541 = PCURVE('',#620,#1542);
#1542 = DEFINITIONAL_REPRESENTATION('',(#1543),#1547);
#1543 = LINE('',#1544,#1545);
#1544 = CARTESIAN_POINT('',(0.,-0.));
#1545 = VECTOR('',#1546,1.);
#1546 = DIRECTION('',(0.,1.));
#1547 = ( GEOMETRIC_REPRESENTATION_CONTEXT(2) 
PARAMETRIC_REPRESENTATION_CONTEXT() REPRESENTATION_CONTEXT('2D SPACE',''
  ) );
#1548 = ORIENTED_EDGE('',*,*,#1549,.T.);
#1549 = EDGE_CURVE('',#1527,#1527,#1550,.T.);
#1550 = SURFACE_CURVE('',#1551,(#1556,#1563),.PCURVE_S1.);
#1551 = CIRCLE('',#1552,15.5);
#1552 = AXIS2_PLACEMENT_3D('',#1553,#1554,#1555);
#1553 = CARTESIAN_POINT('',(0.,0.,-10.6));
#1554 = DIRECTION('',(0.,0.,1.));
#1555 = DIRECTION('',(1.,0.,0.));
#1556 = PCURVE('',#620,#1557);
#1557 = DEFINITIONAL_REPRESENTATION('',(#1558),#1562);
#1558 = LINE('',#1559,#1560);
#1559 = CARTESIAN_POINT('',(0.,0.));
#1560 = VECTOR('',#1561,1.);
#1561 = DIRECTION('',(1.,0.));
#1562 = ( GEOMETRIC_REPRESENTATION_CONTEXT(2) 
PARAMETRIC_REPRESENTATION_CONTEXT() REPRESENTATION_CONTEXT('2D SPACE',''
  ) );
#1563 = PCURVE('',#1564,#1569);
#1564 = PLANE('',#1565);
#1565 = AXIS2_PLACEMENT_3D('',#1566,#1567,#1568);
#1566 = CARTESIAN_POINT('',(0.,0.,-10.6));
#1567 = DIRECTION('',(0.,0.,1.));
#1568 = DIRECTION('',(1.,0.,0.));
#1569 = DEFINITIONAL_REPRESENTATION('',(#1570),#1574);
#1570 = CIRCLE('',#1571,15.5);
#1571 = AXIS2_PLACEMENT_2D('',#1572,#1573);
#1572 = CARTESIAN_POINT('',(0.,0.));
#1573 = DIRECTION('',(1.,0.));
#1574 = ( GEOMETRIC_REPRESENTATION_CONTEXT(2) 
PARAMETRIC_REPRESENTATION_CONTEXT() REPRESENTATION_CONTEXT('2D SPACE',''
  ) );
#1575 = ORIENTED_EDGE('',*,*,#1526,.T.);
#1576 = FACE_BOUND('',#1577,.T.);
#1577 = EDGE_LOOP('',(#1578));
#1578 = ORIENTED_EDGE('',*,*,#183,.T.);
#1579 = ADVANCED_FACE('',(#1580),#864,.T.);
#1580 = FACE_BOUND('',#1581,.T.);
#1581 = EDGE_LOOP('',(#1582));
#1582 = ORIENTED_EDGE('',*,*,#849,.T.);
#1583 = ADVANCED_FACE('',(#1584),#1064,.T.);
#1584 = FACE_BOUND('',#1585,.T.);
#1585 = EDGE_LOOP('',(#1586,#1587,#1609,#1636,#1637,#1638));
#1586 = ORIENTED_EDGE('',*,*,#1382,.F.);
#1587 = ORIENTED_EDGE('',*,*,#1588,.T.);
#1588 = EDGE_CURVE('',#1237,#1589,#1591,.T.);
#1589 = VERTEX_POINT('',#1590);
#1590 = CARTESIAN_POINT('',(46.73550315436,3.65,-19.26897649172));
#1591 = SEAM_CURVE('',#1592,(#1595,#1602),.PCURVE_S1.);
#1592 = B_SPLINE_CURVE_WITH_KNOTS('',1,(#1593,#1594),.UNSPECIFIED.,.F.,
  .F.,(2,2),(0.,1.),.PIECEWISE_BEZIER_KNOTS.);
#1593 = CARTESIAN_POINT('',(-2.41341173287E-16,7.6,10.85));
#1594 = CARTESIAN_POINT('',(46.73550315436,3.65,-19.26897649172));
#1595 = PCURVE('',#1064,#1596);
#1596 = DEFINITIONAL_REPRESENTATION('',(#1597),#1601);
#1597 = LINE('',#1598,#1599);
#1598 = CARTESIAN_POINT('',(0.,0.));
#1599 = VECTOR('',#1600,1.);
#1600 = DIRECTION('',(0.,1.));
#1601 = ( GEOMETRIC_REPRESENTATION_CONTEXT(2) 
PARAMETRIC_REPRESENTATION_CONTEXT() REPRESENTATION_CONTEXT('2D SPACE',''
  ) );
#1602 = PCURVE('',#1064,#1603);
#1603 = DEFINITIONAL_REPRESENTATION('',(#1604),#1608);
#1604 = LINE('',#1605,#1606);
#1605 = CARTESIAN_POINT('',(6.28318530718,0.));
#1606 = VECTOR('',#1607,1.);
#1607 = DIRECTION('',(0.,1.));
#1608 = ( GEOMETRIC_REPRESENTATION_CONTEXT(2) 
PARAMETRIC_REPRESENTATION_CONTEXT() REPRESENTATION_CONTEXT('2D SPACE',''
  ) );
#1609 = ORIENTED_EDGE('',*,*,#1610,.F.);
#1610 = EDGE_CURVE('',#1589,#1589,#1611,.T.);
#1611 = SURFACE_CURVE('',#1612,(#1617,#1624),.PCURVE_S1.);
#1612 = ELLIPSE('',#1613,3.65,1.29);
#1613 = AXIS2_PLACEMENT_3D('',#1614,#1615,#1616);
#1614 = CARTESIAN_POINT('',(46.73550315436,0.,-19.26897649172));
#1615 = DIRECTION('',(0.951056516295,1.875264423956E-33,-0.309016994375)
  );
#1616 = DIRECTION('',(-3.430777821555E-17,1.,-1.055884842111E-16));
#1617 = PCURVE('',#1064,#1618);
#1618 = DEFINITIONAL_REPRESENTATION('',(#1619),#1623);
#1619 = LINE('',#1620,#1621);
#1620 = CARTESIAN_POINT('',(0.,1.));
#1621 = VECTOR('',#1622,1.);
#1622 = DIRECTION('',(1.,0.));
#1623 = ( GEOMETRIC_REPRESENTATION_CONTEXT(2) 
PARAMETRIC_REPRESENTATION_CONTEXT() REPRESENTATION_CONTEXT('2D SPACE',''
  ) );
#1624 = PCURVE('',#1625,#1630);
#1625 = PLANE('',#1626);
#1626 = AXIS2_PLACEMENT_3D('',#1627,#1628,#1629);
#1627 = CARTESIAN_POINT('',(46.73550315436,0.,-19.26897649172));
#1628 = DIRECTION('',(0.951056516295,1.875264423956E-33,-0.309016994375)
  );
#1629 = DIRECTION('',(-3.430777821555E-17,1.,-1.055884842111E-16));
#1630 = DEFINITIONAL_REPRESENTATION('',(#1631),#1635);
#1631 = ELLIPSE('',#1632,3.65,1.29);
#1632 = AXIS2_PLACEMENT_2D('',#1633,#1634);
#1633 = CARTESIAN_POINT('',(0.,0.));
#1634 = DIRECTION('',(1.,-2.441261623164E-32));
#1635 = ( GEOMETRIC_REPRESENTATION_CONTEXT(2) 
PARAMETRIC_REPRESENTATION_CONTEXT() REPRESENTATION_CONTEXT('2D SPACE',''
  ) );
#1636 = ORIENTED_EDGE('',*,*,#1588,.F.);
#1637 = ORIENTED_EDGE('',*,*,#1236,.F.);
#1638 = ORIENTED_EDGE('',*,*,#880,.F.);
#1639 = ADVANCED_FACE('',(#1640,#1643),#1564,.F.);
#1640 = FACE_BOUND('',#1641,.F.);
#1641 = EDGE_LOOP('',(#1642));
#1642 = ORIENTED_EDGE('',*,*,#1549,.T.);
#1643 = FACE_BOUND('',#1644,.F.);
#1644 = EDGE_LOOP('',(#1645));
#1645 = ORIENTED_EDGE('',*,*,#1646,.T.);
#1646 = EDGE_CURVE('',#1647,#1647,#1649,.T.);
#1647 = VERTEX_POINT('',#1648);
#1648 = CARTESIAN_POINT('',(-3.35,-8.205133554287E-16,-10.6));
#1649 = SURFACE_CURVE('',#1650,(#1655,#1666),.PCURVE_S1.);
#1650 = CIRCLE('',#1651,3.35);
#1651 = AXIS2_PLACEMENT_3D('',#1652,#1653,#1654);
#1652 = CARTESIAN_POINT('',(0.,0.,-10.6));
#1653 = DIRECTION('',(0.,0.,-1.));
#1654 = DIRECTION('',(-1.,0.,0.));
#1655 = PCURVE('',#1564,#1656);
#1656 = DEFINITIONAL_REPRESENTATION('',(#1657),#1665);
#1657 = ( BOUNDED_CURVE() B_SPLINE_CURVE(2,(#1658,#1659,#1660,#1661,
#1662,#1663,#1664),.UNSPECIFIED.,.T.,.F.) B_SPLINE_CURVE_WITH_KNOTS((1,2
    ,2,2,2,1),(-2.094395102393,0.,2.094395102393,4.188790204786,
6.28318530718,8.377580409573),.UNSPECIFIED.) CURVE() 
GEOMETRIC_REPRESENTATION_ITEM() RATIONAL_B_SPLINE_CURVE((1.,0.5,1.,0.5,
1.,0.5,1.)) REPRESENTATION_ITEM('') );
#1658 = CARTESIAN_POINT('',(-3.35,0.));
#1659 = CARTESIAN_POINT('',(-3.35,5.802370205356));
#1660 = CARTESIAN_POINT('',(1.675,2.901185102678));
#1661 = CARTESIAN_POINT('',(6.7,8.205133554287E-16));
#1662 = CARTESIAN_POINT('',(1.675,-2.901185102678));
#1663 = CARTESIAN_POINT('',(-3.35,-5.802370205356));
#1664 = CARTESIAN_POINT('',(-3.35,0.));
#1665 = ( GEOMETRIC_REPRESENTATION_CONTEXT(2) 
PARAMETRIC_REPRESENTATION_CONTEXT() REPRESENTATION_CONTEXT('2D SPACE',''
  ) );
#1666 = PCURVE('',#1667,#1672);
#1667 = CYLINDRICAL_SURFACE('',#1668,3.35);
#1668 = AXIS2_PLACEMENT_3D('',#1669,#1670,#1671);
#1669 = CARTESIAN_POINT('',(0.,0.,18.3));
#1670 = DIRECTION('',(0.,0.,-1.));
#1671 = DIRECTION('',(-1.,0.,0.));
#1672 = DEFINITIONAL_REPRESENTATION('',(#1673),#1677);
#1673 = LINE('',#1674,#1675);
#1674 = CARTESIAN_POINT('',(0.,28.9));
#1675 = VECTOR('',#1676,1.);
#1676 = DIRECTION('',(1.,0.));
#1677 = ( GEOMETRIC_REPRESENTATION_CONTEXT(2) 
PARAMETRIC_REPRESENTATION_CONTEXT() REPRESENTATION_CONTEXT('2D SPACE',''
  ) );
#1678 = ADVANCED_FACE('',(#1679,#1682),#1223,.T.);
#1679 = FACE_BOUND('',#1680,.T.);
#1680 = EDGE_LOOP('',(#1681));
#1681 = ORIENTED_EDGE('',*,*,#1208,.T.);
#1682 = FACE_BOUND('',#1683,.T.);
#1683 = EDGE_LOOP('',(#1684));
#1684 = ORIENTED_EDGE('',*,*,#1685,.F.);
#1685 = EDGE_CURVE('',#1686,#1686,#1688,.T.);
#1686 = VERTEX_POINT('',#1687);
#1687 = CARTESIAN_POINT('',(13.95,0.,10.6));
#1688 = SURFACE_CURVE('',#1689,(#1694,#1701),.PCURVE_S1.);
#1689 = CIRCLE('',#1690,13.95);
#1690 = AXIS2_PLACEMENT_3D('',#1691,#1692,#1693);
#1691 = CARTESIAN_POINT('',(0.,0.,10.6));
#1692 = DIRECTION('',(0.,0.,1.));
#1693 = DIRECTION('',(1.,0.,0.));
#1694 = PCURVE('',#1223,#1695);
#1695 = DEFINITIONAL_REPRESENTATION('',(#1696),#1700);
#1696 = CIRCLE('',#1697,13.95);
#1697 = AXIS2_PLACEMENT_2D('',#1698,#1699);
#1698 = CARTESIAN_POINT('',(0.,0.));
#1699 = DIRECTION('',(1.,0.));
#1700 = ( GEOMETRIC_REPRESENTATION_CONTEXT(2) 
PARAMETRIC_REPRESENTATION_CONTEXT() REPRESENTATION_CONTEXT('2D SPACE',''
  ) );
#1701 = PCURVE('',#1702,#1707);
#1702 = CONICAL_SURFACE('',#1703,13.95,1.016903710946);
#1703 = AXIS2_PLACEMENT_3D('',#1704,#1705,#1706);
#1704 = CARTESIAN_POINT('',(0.,0.,10.6));
#1705 = DIRECTION('',(-0.,-0.,-1.));
#1706 = DIRECTION('',(1.,0.,0.));
#1707 = DEFINITIONAL_REPRESENTATION('',(#1708),#1712);
#1708 = LINE('',#1709,#1710);
#1709 = CARTESIAN_POINT('',(-0.,-0.));
#1710 = VECTOR('',#1711,1.);
#1711 = DIRECTION('',(-1.,-0.));
#1712 = ( GEOMETRIC_REPRESENTATION_CONTEXT(2) 
PARAMETRIC_REPRESENTATION_CONTEXT() REPRESENTATION_CONTEXT('2D SPACE',''
  ) );
#1713 = ADVANCED_FACE('',(#1714),#1625,.T.);
#1714 = FACE_BOUND('',#1715,.T.);
#1715 = EDGE_LOOP('',(#1716));
#1716 = ORIENTED_EDGE('',*,*,#1610,.T.);
#1717 = ADVANCED_FACE('',(#1718),#1667,.F.);
#1718 = FACE_BOUND('',#1719,.F.);
#1719 = EDGE_LOOP('',(#1720,#1878,#1899,#1900,#1901,#1993));
#1720 = ORIENTED_EDGE('',*,*,#1721,.F.);
#1721 = EDGE_CURVE('',#1722,#1724,#1726,.T.);
#1722 = VERTEX_POINT('',#1723);
#1723 = CARTESIAN_POINT('',(-3.35,-8.205133554287E-16,5.959136793378));
#1724 = VERTEX_POINT('',#1725);
#1725 = CARTESIAN_POINT('',(-4.379123451762E-09,-3.350000022835,
    8.314951552381));
#1726 = SURFACE_CURVE('',#1727,(#1765,#1806),.PCURVE_S1.);
#1727 = B_SPLINE_CURVE_WITH_KNOTS('',8,(#1728,#1729,#1730,#1731,#1732,
    #1733,#1734,#1735,#1736,#1737,#1738,#1739,#1740,#1741,#1742,#1743,
    #1744,#1745,#1746,#1747,#1748,#1749,#1750,#1751,#1752,#1753,#1754,
    #1755,#1756,#1757,#1758,#1759,#1760,#1761,#1762,#1763,#1764),
  .UNSPECIFIED.,.F.,.F.,(9,7,7,7,7,9),(0.,0.13531258728,0.329277847337,
    0.655009154629,0.885502786921,1.),.UNSPECIFIED.);
#1728 = CARTESIAN_POINT('',(-3.35,0.,5.959136793378));
#1729 = CARTESIAN_POINT('',(-3.35,-0.131501467929,5.959136793381));
#1730 = CARTESIAN_POINT('',(-3.344100481517,-0.263039542916,
    5.963791501692));
#1731 = CARTESIAN_POINT('',(-3.33229621627,-0.393890528476,
    5.973105184687));
#1732 = CARTESIAN_POINT('',(-3.314704192178,-0.523418637366,
    5.986976457043));
#1733 = CARTESIAN_POINT('',(-3.29153185242,-0.651068728009,
    6.005224123184));
#1734 = CARTESIAN_POINT('',(-3.263052136468,-0.776360090742,
    6.027608411378));
#1735 = CARTESIAN_POINT('',(-3.229585323095,-0.898881283898,
    6.053847600483));
#1736 = CARTESIAN_POINT('',(-3.136876199115,-1.189448001747,
    6.126321991471));
#1737 = CARTESIAN_POINT('',(-3.072749418438,-1.354204609876,
    6.176294453247));
#1738 = CARTESIAN_POINT('',(-3.000056666419,-1.511848299773,
    6.232707321303));
#1739 = CARTESIAN_POINT('',(-2.919762502706,-1.661977724469,
    6.294698065509));
#1740 = CARTESIAN_POINT('',(-2.832764089556,-1.804403388668,
    6.361457426285));
#1741 = CARTESIAN_POINT('',(-2.739849679157,-1.939095837612,
    6.432267921418));
#1742 = CARTESIAN_POINT('',(-2.641671065163,-2.066150901444,
    6.506525650363));
#1743 = CARTESIAN_POINT('',(-2.365785438994,-2.386586789458,
    6.713477577056));
#1744 = CARTESIAN_POINT('',(-2.179674248398,-2.566027026956,
    6.851365116049));
#1745 = CARTESIAN_POINT('',(-1.982539076606,-2.725233574294,
    6.995296877083));
#1746 = CARTESIAN_POINT('',(-1.776048341374,-2.864768763917,
    7.143564725033));
#1747 = CARTESIAN_POINT('',(-1.561592973601,-2.985088428969,
    7.294722557984));
#1748 = CARTESIAN_POINT('',(-1.340261696661,-3.086449620897,
    7.447611650754));
#1749 = CARTESIAN_POINT('',(-1.112876192591,-3.168958196705,
    7.601329518601));
#1750 = CARTESIAN_POINT('',(-0.715078051943,-3.277247373603,
    7.864168334289));
#1751 = CARTESIAN_POINT('',(-0.547605607584,-3.312517540047,
    7.973082269613));
#1752 = CARTESIAN_POINT('',(-0.377787327179,-3.338103353368,
    8.081703364368));
#1753 = CARTESIAN_POINT('',(-0.205942728531,-3.35384371607,
    8.189738313765));
#1754 = CARTESIAN_POINT('',(-3.243506007046E-02,-3.359520741807,
    8.296892607285));
#1755 = CARTESIAN_POINT('',(0.142322416519,-3.354875915342,
    8.402873060913));
#1756 = CARTESIAN_POINT('',(0.317861411368,-3.339618753216,
    8.507389980285));
#1757 = CARTESIAN_POINT('',(0.580979873958,-3.300417747804,
    8.661209220448));
#1758 = CARTESIAN_POINT('',(0.668360166737,-3.284710705262,
    8.711823778306));
#1759 = CARTESIAN_POINT('',(0.755727546042,-3.266268776091,
    8.761965737143));
#1760 = CARTESIAN_POINT('',(0.84300728574,-3.245053192454,8.811596951723
    ));
#1761 = CARTESIAN_POINT('',(0.930118135779,-3.221025240685,
    8.860678156682));
#1762 = CARTESIAN_POINT('',(1.016972332958,-3.194147021895,
    8.909169100452));
#1763 = CARTESIAN_POINT('',(1.103475611684,-3.164382212589,
    8.957028679175));
#1764 = CARTESIAN_POINT('',(1.189527214738,-3.131696825269,
    9.004215070626));
#1765 = PCURVE('',#1667,#1766);
#1766 = DEFINITIONAL_REPRESENTATION('',(#1767),#1805);
#1767 = B_SPLINE_CURVE_WITH_KNOTS('',8,(#1768,#1769,#1770,#1771,#1772,
    #1773,#1774,#1775,#1776,#1777,#1778,#1779,#1780,#1781,#1782,#1783,
    #1784,#1785,#1786,#1787,#1788,#1789,#1790,#1791,#1792,#1793,#1794,
    #1795,#1796,#1797,#1798,#1799,#1800,#1801,#1802,#1803,#1804),
  .UNSPECIFIED.,.F.,.F.,(9,7,7,7,7,9),(0.,0.13531258728,0.329277847337,
    0.655009154629,0.885502786921,1.),.UNSPECIFIED.);
#1768 = CARTESIAN_POINT('',(6.28318530718,12.340863206622));
#1769 = CARTESIAN_POINT('',(6.243931137649,12.340863206619));
#1770 = CARTESIAN_POINT('',(6.204666072792,12.336208498308));
#1771 = CARTESIAN_POINT('',(6.16551381999,12.326894815313));
#1772 = CARTESIAN_POINT('',(6.126572052693,12.313023542957));
#1773 = CARTESIAN_POINT('',(6.087920264658,12.294775876816));
#1774 = CARTESIAN_POINT('',(6.049625498826,12.272391588622));
#1775 = CARTESIAN_POINT('',(6.011745950837,12.246152399517));
#1776 = CARTESIAN_POINT('',(5.920701664471,12.173678008529));
#1777 = CARTESIAN_POINT('',(5.868029105168,12.123705546753));
#1778 = CARTESIAN_POINT('',(5.816366896003,12.067292678697));
#1779 = CARTESIAN_POINT('',(5.765717417301,12.005301934491));
#1780 = CARTESIAN_POINT('',(5.71605472856,11.938542573715));
#1781 = CARTESIAN_POINT('',(5.667329599395,11.867732078582));
#1782 = CARTESIAN_POINT('',(5.619466021304,11.793474349637));
#1783 = CARTESIAN_POINT('',(5.493245700626,11.586522422944));
#1784 = CARTESIAN_POINT('',(5.416405590265,11.448634883951));
#1785 = CARTESIAN_POINT('',(5.341241619697,11.304703122917));
#1786 = CARTESIAN_POINT('',(5.267376456158,11.156435274967));
#1787 = CARTESIAN_POINT('',(5.194468240478,11.005277442016));
#1788 = CARTESIAN_POINT('',(5.12220173474,10.852388349246));
#1789 = CARTESIAN_POINT('',(5.05023943403,10.698670481399));
#1790 = CARTESIAN_POINT('',(4.92717254828,10.435831665711));
#1791 = CARTESIAN_POINT('',(4.876170611461,10.326917730387));
#1792 = CARTESIAN_POINT('',(4.825050476404,10.218296635632));
#1793 = CARTESIAN_POINT('',(4.773713998703,10.110261686235));
#1794 = CARTESIAN_POINT('',(4.722073042798,10.003107392715));
#1795 = CARTESIAN_POINT('',(4.670044436575,9.897126939087));
#1796 = CARTESIAN_POINT('',(4.617545582486,9.792610019715));
#1797 = CARTESIAN_POINT('',(4.538135839658,9.638790779552));
#1798 = CARTESIAN_POINT('',(4.511645999967,9.588176221694));
#1799 = CARTESIAN_POINT('',(4.48501178928,9.538034262857));
#1800 = CARTESIAN_POINT('',(4.458224455827,9.488403048277));
#1801 = CARTESIAN_POINT('',(4.431275810398,9.439321843318));
#1802 = CARTESIAN_POINT('',(4.404158123821,9.390830899548));
#1803 = CARTESIAN_POINT('',(4.376864024437,9.342971320825));
#1804 = CARTESIAN_POINT('',(4.34938639558,9.295784929374));
#1805 = ( GEOMETRIC_REPRESENTATION_CONTEXT(2) 
PARAMETRIC_REPRESENTATION_CONTEXT() REPRESENTATION_CONTEXT('2D SPACE',''
  ) );
#1806 = PCURVE('',#1807,#1838);
#1807 = B_SPLINE_SURFACE_WITH_KNOTS('',14,1,(
    (#1808,#1809)
    ,(#1810,#1811)
    ,(#1812,#1813)
    ,(#1814,#1815)
    ,(#1816,#1817)
    ,(#1818,#1819)
    ,(#1820,#1821)
    ,(#1822,#1823)
    ,(#1824,#1825)
    ,(#1826,#1827)
    ,(#1828,#1829)
    ,(#1830,#1831)
    ,(#1832,#1833)
    ,(#1834,#1835)
    ,(#1836,#1837
    )),.UNSPECIFIED.,.T.,.F.,.F.,(15,15),(2,2),(0.,6.28318530718),(0.,1.
    ),.PIECEWISE_BEZIER_KNOTS.);
#1808 = CARTESIAN_POINT('',(-1.490015741869E-15,-7.6,10.85));
#1809 = CARTESIAN_POINT('',(-46.73550315436,-3.65,-19.26897649172));
#1810 = CARTESIAN_POINT('',(-0.585914563785,-7.600000000001,
    11.759161436862));
#1811 = CARTESIAN_POINT('',(-46.91440874292,-3.65,-18.71836170707));
#1812 = CARTESIAN_POINT('',(-1.171829343843,-5.95145085488,
    12.668323209299));
#1813 = CARTESIAN_POINT('',(-47.09331439754,-2.858258159594,
    -18.16774671919));
#1814 = CARTESIAN_POINT('',(-1.60946635202,-2.654350457146,
    13.347402917831));
#1815 = CARTESIAN_POINT('',(-47.22694430086,-1.274817686895,
    -17.75647616557));
#1816 = CARTESIAN_POINT('',(-1.750564320706,1.798240672014,
    13.566344107948));
#1817 = CARTESIAN_POINT('',(-47.27002774121,0.863738490466,
    -17.62387897063));
#1818 = CARTESIAN_POINT('',(-1.500008579672,6.420295019067,
    13.17755770198));
#1819 = CARTESIAN_POINT('',(-47.19352200962,3.083180310938,
    -17.85933940106));
#1820 = CARTESIAN_POINT('',(-0.869324365763,9.9487169326,12.198927366336
    ));
#1821 = CARTESIAN_POINT('',(-47.00094627002,4.778404615516,
    -18.45202658462));
#1822 = CARTESIAN_POINT('',(-1.768293788143E-11,11.277097375575,
    10.850000000107));
#1823 = CARTESIAN_POINT('',(-46.73550315436,5.415504925606,
    -19.26897649172));
#1824 = CARTESIAN_POINT('',(0.869324365795,9.948716932601,9.501072633467
    ));
#1825 = CARTESIAN_POINT('',(-46.47006003869,4.778404615511,
    -20.0859263988));
#1826 = CARTESIAN_POINT('',(1.500008579647,6.420295019066,8.522442298173
    ));
#1827 = CARTESIAN_POINT('',(-46.27748429908,3.083180310945,
    -20.67861358236));
#1828 = CARTESIAN_POINT('',(1.750564320721,1.798240672015,8.133655891955
    ));
#1829 = CARTESIAN_POINT('',(-46.20097856752,0.86373849046,
    -20.91407401282));
#1830 = CARTESIAN_POINT('',(1.609466352012,-2.654350457146,
    8.352597082217));
#1831 = CARTESIAN_POINT('',(-46.24406200784,-1.274817686892,
    -20.78147681784));
#1832 = CARTESIAN_POINT('',(1.171829343846,-5.95145085488,9.031676790683
    ));
#1833 = CARTESIAN_POINT('',(-46.37769191118,-2.858258159596,
    -20.37020626425));
#1834 = CARTESIAN_POINT('',(0.585914563784,-7.600000000001,
    9.940838563142));
#1835 = CARTESIAN_POINT('',(-46.55659756579,-3.65,-19.81959127636));
#1836 = CARTESIAN_POINT('',(2.863411095642E-16,-7.6,10.85));
#1837 = CARTESIAN_POINT('',(-46.73550315436,-3.65,-19.26897649172));
#1838 = DEFINITIONAL_REPRESENTATION('',(#1839),#1877);
#1839 = B_SPLINE_CURVE_WITH_KNOTS('',8,(#1840,#1841,#1842,#1843,#1844,
    #1845,#1846,#1847,#1848,#1849,#1850,#1851,#1852,#1853,#1854,#1855,
    #1856,#1857,#1858,#1859,#1860,#1861,#1862,#1863,#1864,#1865,#1866,
    #1867,#1868,#1869,#1870,#1871,#1872,#1873,#1874,#1875,#1876),
  .UNSPECIFIED.,.F.,.F.,(9,7,7,7,7,9),(0.,0.13531258728,0.329277847337,
    0.655009154629,0.885502786921,1.),.UNSPECIFIED.);
#1840 = CARTESIAN_POINT('',(4.71238898006,9.771795618585E-02));
#1841 = CARTESIAN_POINT('',(4.730617592741,9.771795618581E-02));
#1842 = CARTESIAN_POINT('',(4.748851280344,9.758442733918E-02));
#1843 = CARTESIAN_POINT('',(4.766993620853,9.731725006366E-02));
#1844 = CARTESIAN_POINT('',(4.784960396941,9.691915460287E-02));
#1845 = CARTESIAN_POINT('',(4.802678030647,9.63949952286E-02));
#1846 = CARTESIAN_POINT('',(4.820082364092,9.575117159084E-02));
#1847 = CARTESIAN_POINT('',(4.837117786203,9.499519721542E-02));
#1848 = CARTESIAN_POINT('',(4.877559271143,9.290295144925E-02));
#1849 = CARTESIAN_POINT('',(4.900525772093,9.145718720881E-02));
#1850 = CARTESIAN_POINT('',(4.922539518428,8.982044219381E-02));
#1851 = CARTESIAN_POINT('',(4.943542325996,8.801547943659E-02));
#1852 = CARTESIAN_POINT('',(4.963501921102,8.606354181191E-02));
#1853 = CARTESIAN_POINT('',(4.982405980473,8.39833601669E-02));
#1854 = CARTESIAN_POINT('',(5.000258532595,8.179052856349E-02));
#1855 = CARTESIAN_POINT('',(5.04531388297,7.564445439962E-02));
#1856 = CARTESIAN_POINT('',(5.070578769627,7.151426365393E-02));
#1857 = CARTESIAN_POINT('',(5.092984844567,6.715914825256E-02));
#1858 = CARTESIAN_POINT('',(5.112558447387,6.26206287267E-02));
#1859 = CARTESIAN_POINT('',(5.129312346311,5.793359087533E-02));
#1860 = CARTESIAN_POINT('',(5.143239925531,5.31256579109E-02));
#1861 = CARTESIAN_POINT('',(5.154326240823,4.82180022525E-02));
#1862 = CARTESIAN_POINT('',(5.168323902593,3.969028905592E-02));
#1863 = CARTESIAN_POINT('',(5.172672124043,3.611672224734E-02));
#1864 = CARTESIAN_POINT('',(5.175552495839,3.251048260381E-02));
#1865 = CARTESIAN_POINT('',(5.176942663107,2.887926452961E-02));
#1866 = CARTESIAN_POINT('',(5.176818293924,2.52314394234E-02));
#1867 = CARTESIAN_POINT('',(5.175156219438,2.157612308113E-02));
#1868 = CARTESIAN_POINT('',(5.171935926877,1.792322656428E-02));
#1869 = CARTESIAN_POINT('',(5.164756743847,1.247545953574E-02));
#1870 = CARTESIAN_POINT('',(5.161985344063,1.067083147572E-02));
#1871 = CARTESIAN_POINT('',(5.15882318958,8.870996494345E-03));
#1872 = CARTESIAN_POINT('',(5.155268617284,7.077454984217E-03));
#1873 = CARTESIAN_POINT('',(5.151320378024,5.291815976689E-03));
#1874 = CARTESIAN_POINT('',(5.14697769716,3.515795529277E-03));
#1875 = CARTESIAN_POINT('',(5.142240335103,1.751215113046E-03));
#1876 = CARTESIAN_POINT('',(5.137108647852,0.));
#1877 = ( GEOMETRIC_REPRESENTATION_CONTEXT(2) 
PARAMETRIC_REPRESENTATION_CONTEXT() REPRESENTATION_CONTEXT('2D SPACE',''
  ) );
#1878 = ORIENTED_EDGE('',*,*,#1879,.T.);
#1879 = EDGE_CURVE('',#1722,#1647,#1880,.T.);
#1880 = SEAM_CURVE('',#1881,(#1885,#1892),.PCURVE_S1.);
#1881 = LINE('',#1882,#1883);
#1882 = CARTESIAN_POINT('',(-3.35,-8.205133554287E-16,18.3));
#1883 = VECTOR('',#1884,1.);
#1884 = DIRECTION('',(0.,0.,-1.));
#1885 = PCURVE('',#1667,#1886);
#1886 = DEFINITIONAL_REPRESENTATION('',(#1887),#1891);
#1887 = LINE('',#1888,#1889);
#1888 = CARTESIAN_POINT('',(0.,-0.));
#1889 = VECTOR('',#1890,1.);
#1890 = DIRECTION('',(0.,1.));
#1891 = ( GEOMETRIC_REPRESENTATION_CONTEXT(2) 
PARAMETRIC_REPRESENTATION_CONTEXT() REPRESENTATION_CONTEXT('2D SPACE',''
  ) );
#1892 = PCURVE('',#1667,#1893);
#1893 = DEFINITIONAL_REPRESENTATION('',(#1894),#1898);
#1894 = LINE('',#1895,#1896);
#1895 = CARTESIAN_POINT('',(6.28318530718,-0.));
#1896 = VECTOR('',#1897,1.);
#1897 = DIRECTION('',(0.,1.));
#1898 = ( GEOMETRIC_REPRESENTATION_CONTEXT(2) 
PARAMETRIC_REPRESENTATION_CONTEXT() REPRESENTATION_CONTEXT('2D SPACE',''
  ) );
#1899 = ORIENTED_EDGE('',*,*,#1646,.F.);
#1900 = ORIENTED_EDGE('',*,*,#1879,.F.);
#1901 = ORIENTED_EDGE('',*,*,#1902,.F.);
#1902 = EDGE_CURVE('',#1903,#1722,#1905,.T.);
#1903 = VERTEX_POINT('',#1904);
#1904 = CARTESIAN_POINT('',(-4.553624029771E-09,3.350000004339,
    8.314951549659));
#1905 = SURFACE_CURVE('',#1906,(#1933,#1963),.PCURVE_S1.);
#1906 = B_SPLINE_CURVE_WITH_KNOTS('',7,(#1907,#1908,#1909,#1910,#1911,
    #1912,#1913,#1914,#1915,#1916,#1917,#1918,#1919,#1920,#1921,#1922,
    #1923,#1924,#1925,#1926,#1927,#1928,#1929,#1930,#1931,#1932),
  .UNSPECIFIED.,.F.,.F.,(8,6,6,6,8),(0.,0.350153916196,0.589213089813,
    0.779443313254,1.),.UNSPECIFIED.);
#1907 = CARTESIAN_POINT('',(1.189527214326,3.131696825425,9.004215071266
    ));
#1908 = CARTESIAN_POINT('',(0.888777369806,3.245932061051,8.839298911829
    ));
#1909 = CARTESIAN_POINT('',(0.582717139344,3.32362798455,8.666164609111)
  );
#1910 = CARTESIAN_POINT('',(0.27551190765,3.366650721533,8.486505303853)
  );
#1911 = CARTESIAN_POINT('',(-2.948570906195E-02,3.376792441874,
    8.302002627913));
#1912 = CARTESIAN_POINT('',(-0.329699208857,3.35574797661,8.114384487243
    ));
#1913 = CARTESIAN_POINT('',(-0.623215604572,3.304848891026,
    7.925300945467));
#1914 = CARTESIAN_POINT('',(-1.103473101537,3.169515693783,
    7.607205986739));
#1915 = CARTESIAN_POINT('',(-1.294403338247,3.100883956389,
    7.478262892979));
#1916 = CARTESIAN_POINT('',(-1.48096923182,3.018669925149,7.349918279447
    ));
#1917 = CARTESIAN_POINT('',(-1.66260707474,2.922847075961,7.222777953215
    ));
#1918 = CARTESIAN_POINT('',(-1.838648275929,2.81328584621,7.097561395324
    ));
#1919 = CARTESIAN_POINT('',(-2.008303026969,2.689725973029,
    6.975112044225));
#1920 = CARTESIAN_POINT('',(-2.299765651094,2.441788290584,
    6.761985496604));
#1921 = CARTESIAN_POINT('',(-2.424183521398,2.322804239161,
    6.669989447143));
#1922 = CARTESIAN_POINT('',(-2.543415015485,2.194443874684,
    6.580919323342));
#1923 = CARTESIAN_POINT('',(-2.65677873288,2.05646776104,6.495435077437)
  );
#1924 = CARTESIAN_POINT('',(-2.763394060676,1.908705996137,
    6.414364385368));
#1925 = CARTESIAN_POINT('',(-2.862204493588,1.751101095797,
    6.338686106835));
#1926 = CARTESIAN_POINT('',(-3.056091326915,1.389709512679,
    6.189305496269));
#1927 = CARTESIAN_POINT('',(-3.148256227498,1.182201731604,
    6.117691182708));
#1928 = CARTESIAN_POINT('',(-3.226127733152,0.961987098854,
    6.056745776827));
#1929 = CARTESIAN_POINT('',(-3.287168776534,0.730584262661,
    6.008711372054));
#1930 = CARTESIAN_POINT('',(-3.329064741564,0.490453024544,
    5.975654661053));
#1931 = CARTESIAN_POINT('',(-3.35,0.245178675872,5.959136793371));
#1932 = CARTESIAN_POINT('',(-3.35,1.60153765539E-16,5.959136793378));
#1933 = PCURVE('',#1667,#1934);
#1934 = DEFINITIONAL_REPRESENTATION('',(#1935),#1962);
#1935 = B_SPLINE_CURVE_WITH_KNOTS('',7,(#1936,#1937,#1938,#1939,#1940,
    #1941,#1942,#1943,#1944,#1945,#1946,#1947,#1948,#1949,#1950,#1951,
    #1952,#1953,#1954,#1955,#1956,#1957,#1958,#1959,#1960,#1961),
  .UNSPECIFIED.,.F.,.F.,(8,6,6,6,8),(0.,0.350153916196,0.589213089813,
    0.779443313254,1.),.UNSPECIFIED.);
#1936 = CARTESIAN_POINT('',(1.933798911467,9.295784928734));
#1937 = CARTESIAN_POINT('',(1.837764760882,9.460701088171));
#1938 = CARTESIAN_POINT('',(1.744121760904,9.633835390889));
#1939 = CARTESIAN_POINT('',(1.652387522968,9.813494696147));
#1940 = CARTESIAN_POINT('',(1.562185734629,9.997997372087));
#1941 = CARTESIAN_POINT('',(1.473092538142,10.185615512757));
#1942 = CARTESIAN_POINT('',(1.384639075504,10.374699054533));
#1943 = CARTESIAN_POINT('',(1.235695416195,10.692794013261));
#1944 = CARTESIAN_POINT('',(1.175280756052,10.821737107021));
#1945 = CARTESIAN_POINT('',(1.114661230304,10.950081720553));
#1946 = CARTESIAN_POINT('',(1.05363344007,11.077222046785));
#1947 = CARTESIAN_POINT('',(0.991996750767,11.202438604676));
#1948 = CARTESIAN_POINT('',(0.929523681848,11.324887955775));
#1949 = CARTESIAN_POINT('',(0.815298813198,11.538014503396));
#1950 = CARTESIAN_POINT('',(0.763996510187,11.630010552857));
#1951 = CARTESIAN_POINT('',(0.711848265305,11.719080676658));
#1952 = CARTESIAN_POINT('',(0.658724541122,11.804564922563));
#1953 = CARTESIAN_POINT('',(0.604513696709,11.885635614632));
#1954 = CARTESIAN_POINT('',(0.54911255752,11.961313893165));
#1955 = CARTESIAN_POINT('',(0.426689562693,12.110694503731));
#1956 = CARTESIAN_POINT('',(0.359099509965,12.182308817292));
#1957 = CARTESIAN_POINT('',(0.289721693387,12.243254223173));
#1958 = CARTESIAN_POINT('',(0.218725948557,12.291288627947));
#1959 = CARTESIAN_POINT('',(0.146403718281,12.324345338947));
#1960 = CARTESIAN_POINT('',(7.31876644394E-02,12.340863206629));
#1961 = CARTESIAN_POINT('',(0.,12.340863206622));
#1962 = ( GEOMETRIC_REPRESENTATION_CONTEXT(2) 
PARAMETRIC_REPRESENTATION_CONTEXT() REPRESENTATION_CONTEXT('2D SPACE',''
  ) );
#1963 = PCURVE('',#1807,#1964);
#1964 = DEFINITIONAL_REPRESENTATION('',(#1965),#1992);
#1965 = B_SPLINE_CURVE_WITH_KNOTS('',7,(#1966,#1967,#1968,#1969,#1970,
    #1971,#1972,#1973,#1974,#1975,#1976,#1977,#1978,#1979,#1980,#1981,
    #1982,#1983,#1984,#1985,#1986,#1987,#1988,#1989,#1990,#1991),
  .UNSPECIFIED.,.F.,.F.,(8,6,6,6,8),(0.,0.350153916196,0.589213089813,
    0.779443313254,1.),.UNSPECIFIED.);
#1966 = CARTESIAN_POINT('',(4.287669312756,0.));
#1967 = CARTESIAN_POINT('',(4.269734096139,6.120486478373E-03));
#1968 = CARTESIAN_POINT('',(4.25673506944,1.240108573239E-02));
#1969 = CARTESIAN_POINT('',(4.248641616857,1.876252914261E-02));
#1970 = CARTESIAN_POINT('',(4.245391691418,2.51377509725E-02));
#1971 = CARTESIAN_POINT('',(4.24684454893,3.147087877473E-02));
#1972 = CARTESIAN_POINT('',(4.252833309519,3.771685409861E-02));
#1973 = CARTESIAN_POINT('',(4.270420501452,4.801963103203E-02));
#1974 = CARTESIAN_POINT('',(4.279631208827,5.213922216323E-02));
#1975 = CARTESIAN_POINT('',(4.290888208971,5.618692068966E-02));
#1976 = CARTESIAN_POINT('',(4.304176356462,6.014833504056E-02));
#1977 = CARTESIAN_POINT('',(4.319487569495,6.400642460976E-02));
#1978 = CARTESIAN_POINT('',(4.336827729736,6.774116121793E-02));
#1979 = CARTESIAN_POINT('',(4.371682022195,7.4183084691E-02));
#1980 = CARTESIAN_POINT('',(4.38842708723,7.694246197743E-02));
#1981 = CARTESIAN_POINT('',(4.40649297249,7.959525257575E-02));
#1982 = CARTESIAN_POINT('',(4.425896997153,8.212486592899E-02));
#1983 = CARTESIAN_POINT('',(4.446647271578,8.451011635217E-02));
#1984 = CARTESIAN_POINT('',(4.46873845279,8.672573472917E-02));
#1985 = CARTESIAN_POINT('',(4.519291888415,9.10813448879E-02));
#1986 = CARTESIAN_POINT('',(4.548259319194,9.315735260741E-02));
#1987 = CARTESIAN_POINT('',(4.578930631046,9.491539253728E-02));
#1988 = CARTESIAN_POINT('',(4.61108902279,9.629583566264E-02));
#1989 = CARTESIAN_POINT('',(4.644402822674,9.724411067089E-02));
#1990 = CARTESIAN_POINT('',(4.678402537241,9.771795618591E-02));
#1991 = CARTESIAN_POINT('',(4.71238898006,9.771795618585E-02));
#1992 = ( GEOMETRIC_REPRESENTATION_CONTEXT(2) 
PARAMETRIC_REPRESENTATION_CONTEXT() REPRESENTATION_CONTEXT('2D SPACE',''
  ) );
#1993 = ORIENTED_EDGE('',*,*,#1994,.F.);
#1994 = EDGE_CURVE('',#1724,#1903,#1995,.T.);
#1995 = SURFACE_CURVE('',#1996,(#2069,#2145),.PCURVE_S1.);
#1996 = B_SPLINE_CURVE_WITH_KNOTS('',8,(#1997,#1998,#1999,#2000,#2001,
    #2002,#2003,#2004,#2005,#2006,#2007,#2008,#2009,#2010,#2011,#2012,
    #2013,#2014,#2015,#2016,#2017,#2018,#2019,#2020,#2021,#2022,#2023,
    #2024,#2025,#2026,#2027,#2028,#2029,#2030,#2031,#2032,#2033,#2034,
    #2035,#2036,#2037,#2038,#2039,#2040,#2041,#2042,#2043,#2044,#2045,
    #2046,#2047,#2048,#2049,#2050,#2051,#2052,#2053,#2054,#2055,#2056,
    #2057,#2058,#2059,#2060,#2061,#2062,#2063,#2064,#2065,#2066,#2067,
    #2068),.UNSPECIFIED.,.F.,.F.,(9,7,7,7,7,7,7,7,7,7,9),(0.,
    0.175003642222,0.294483174377,0.38955845534,0.452374634284,
    0.499771380859,0.567585677447,0.664584147984,0.82747640304,
    0.942742042847,1.),.UNSPECIFIED.);
#1997 = CARTESIAN_POINT('',(-1.189527214326,-3.131696825425,
    9.004215071266));
#1998 = CARTESIAN_POINT('',(-0.926371100371,-3.231652656598,
    8.859913431759));
#1999 = CARTESIAN_POINT('',(-0.65923219696,-3.304204003675,
    8.709448184791));
#2000 = CARTESIAN_POINT('',(-0.390713869536,-3.350517195164,
    8.553877543325));
#2001 = CARTESIAN_POINT('',(-0.123013099295,-3.371721581703,
    8.394253965883));
#2002 = CARTESIAN_POINT('',(0.142065771484,-3.3689007674,8.231645825162)
  );
#2003 = CARTESIAN_POINT('',(0.403078307785,-3.343023205214,8.0671136018)
  );
#2004 = CARTESIAN_POINT('',(0.65889116199,-3.294795768941,7.901671507017
    ));
#2005 = CARTESIAN_POINT('',(1.079116471835,-3.176379221354,7.62333841813
    ));
#2006 = CARTESIAN_POINT('',(1.246670779068,-3.118041890738,7.51049866642
    ));
#2007 = CARTESIAN_POINT('',(1.411007021729,-3.049500186865,
    7.398047509522));
#2008 = CARTESIAN_POINT('',(1.571788153279,-2.970758500556,
    7.286348116332));
#2009 = CARTESIAN_POINT('',(1.728622525185,-2.881761614805,
    7.175821744007));
#2010 = CARTESIAN_POINT('',(1.881061963688,-2.782395877916,7.06694905755
    ));
#2011 = CARTESIAN_POINT('',(2.028591442702,-2.672467284055,6.96027652281
    ));
#2012 = CARTESIAN_POINT('',(2.283621238811,-2.455521811916,
    6.773790793642));
#2013 = CARTESIAN_POINT('',(2.393079053821,-2.352550252018,
    6.692988459509));
#2014 = CARTESIAN_POINT('',(2.498703205202,-2.242579011364,
    6.614320619768));
#2015 = CARTESIAN_POINT('',(2.600096874181,-2.125455817863,6.53817720039
    ));
#2016 = CARTESIAN_POINT('',(2.696759480802,-2.001057099203,
    6.465033567912));
#2017 = CARTESIAN_POINT('',(2.788096668903,-1.869304771053,
    6.395444815736));
#2018 = CARTESIAN_POINT('',(2.873427811174,-1.730181611785,
    6.330039072869));
#2019 = CARTESIAN_POINT('',(3.003897706871,-1.486994793235,
    6.229518205384));
#2020 = CARTESIAN_POINT('',(3.052837426445,-1.387075716239,
    6.191664997135));
#2021 = CARTESIAN_POINT('',(3.098578059716,-1.28403439945,6.156159886346
    ));
#2022 = CARTESIAN_POINT('',(3.140866006938,-1.177959938717,
    6.123229847756));
#2023 = CARTESIAN_POINT('',(3.179433098076,-1.068990229884,6.09311338527
    ));
#2024 = CARTESIAN_POINT('',(3.214007268388,-0.95732056875,6.066051330129
    ));
#2025 = CARTESIAN_POINT('',(3.244327013396,-0.84321474007,6.042274206814
    ));
#2026 = CARTESIAN_POINT('',(3.28965112504,-0.639345016853,6.006678213969
    ));
#2027 = CARTESIAN_POINT('',(3.306589366625,-0.550474909714,
    5.993355576437));
#2028 = CARTESIAN_POINT('',(3.320871114191,-0.460571512944,
    5.982108618198));
#2029 = CARTESIAN_POINT('',(3.332407460032,-0.369812265429,
    5.973015137979));
#2030 = CARTESIAN_POINT('',(3.341126985653,-0.278389249865,
    5.966137605302));
#2031 = CARTESIAN_POINT('',(3.346978924847,-0.186509636427,
    5.961520396667));
#2032 = CARTESIAN_POINT('',(3.34993632678,-9.439612643993E-02,
    5.959187031739));
#2033 = CARTESIAN_POINT('',(3.350089204091,0.129499893416,5.959066411082
    ));
#2034 = CARTESIAN_POINT('',(3.344254023319,0.261332720441,5.963670355715
    ));
#2035 = CARTESIAN_POINT('',(3.332487176204,0.392482265974,5.972954612155
    ));
#2036 = CARTESIAN_POINT('',(3.314905598849,0.522308192519,5.986817852285
    ));
#2037 = CARTESIAN_POINT('',(3.291717591482,0.650251332103,6.005078136278
    ));
#2038 = CARTESIAN_POINT('',(3.263197629679,0.775827434253,6.027494339657
    ));
#2039 = CARTESIAN_POINT('',(3.229668059331,0.898621973969,6.053782922293
    ));
#2040 = CARTESIAN_POINT('',(3.136876199116,1.189448001744,6.12632199147)
  );
#2041 = CARTESIAN_POINT('',(3.07274941844,1.354204609872,6.176294453246)
  );
#2042 = CARTESIAN_POINT('',(3.000056666421,1.51184829977,6.232707321301)
  );
#2043 = CARTESIAN_POINT('',(2.919762502708,1.661977724465,6.294698065507
    ));
#2044 = CARTESIAN_POINT('',(2.832764089559,1.804403388664,6.361457426283
    ));
#2045 = CARTESIAN_POINT('',(2.73984967916,1.939095837609,6.432267921416)
  );
#2046 = CARTESIAN_POINT('',(2.641671065166,2.06615090144,6.506525650361)
  );
#2047 = CARTESIAN_POINT('',(2.365785438997,2.386586789455,6.713477577054
    ));
#2048 = CARTESIAN_POINT('',(2.179674248403,2.566027026952,6.851365116045
    ));
#2049 = CARTESIAN_POINT('',(1.982539076608,2.725233574293,6.995296877082
    ));
#2050 = CARTESIAN_POINT('',(1.77604834138,2.864768763913,7.143564725029)
  );
#2051 = CARTESIAN_POINT('',(1.561592973603,2.985088428968,7.294722557982
    ));
#2052 = CARTESIAN_POINT('',(1.340261696665,3.086449620895,7.447611650751
    ));
#2053 = CARTESIAN_POINT('',(1.112876192595,3.168958196704,7.601329518599
    ));
#2054 = CARTESIAN_POINT('',(0.715078051947,3.277247373603,7.864168334286
    ));
#2055 = CARTESIAN_POINT('',(0.547605607589,3.312517540046,7.973082269611
    ));
#2056 = CARTESIAN_POINT('',(0.377787327183,3.338103353368,8.081703364365
    ));
#2057 = CARTESIAN_POINT('',(0.205942728535,3.35384371607,8.189738313762)
  );
#2058 = CARTESIAN_POINT('',(3.243506007536E-02,3.359520741807,
    8.296892607282));
#2059 = CARTESIAN_POINT('',(-0.142322416514,3.354875915343,
    8.402873060909));
#2060 = CARTESIAN_POINT('',(-0.317861411363,3.339618753216,
    8.507389980282));
#2061 = CARTESIAN_POINT('',(-0.580979873953,3.300417747805,
    8.661209220445));
#2062 = CARTESIAN_POINT('',(-0.668360166733,3.284710705262,
    8.711823778304));
#2063 = CARTESIAN_POINT('',(-0.755727546039,3.266268776092,
    8.761965737141));
#2064 = CARTESIAN_POINT('',(-0.843007285737,3.245053192455,
    8.811596951721));
#2065 = CARTESIAN_POINT('',(-0.930118135777,3.221025240685,
    8.860678156681));
#2066 = CARTESIAN_POINT('',(-1.016972332956,3.194147021896,
    8.909169100451));
#2067 = CARTESIAN_POINT('',(-1.103475611683,3.16438221259,8.957028679174
    ));
#2068 = CARTESIAN_POINT('',(-1.189527214738,3.131696825269,
    9.004215070626));
#2069 = PCURVE('',#1667,#2070);
#2070 = DEFINITIONAL_REPRESENTATION('',(#2071),#2144);
#2071 = B_SPLINE_CURVE_WITH_KNOTS('',8,(#2072,#2073,#2074,#2075,#2076,
    #2077,#2078,#2079,#2080,#2081,#2082,#2083,#2084,#2085,#2086,#2087,
    #2088,#2089,#2090,#2091,#2092,#2093,#2094,#2095,#2096,#2097,#2098,
    #2099,#2100,#2101,#2102,#2103,#2104,#2105,#2106,#2107,#2108,#2109,
    #2110,#2111,#2112,#2113,#2114,#2115,#2116,#2117,#2118,#2119,#2120,
    #2121,#2122,#2123,#2124,#2125,#2126,#2127,#2128,#2129,#2130,#2131,
    #2132,#2133,#2134,#2135,#2136,#2137,#2138,#2139,#2140,#2141,#2142,
    #2143),.UNSPECIFIED.,.F.,.F.,(9,7,7,7,7,7,7,7,7,7,9),(0.,
    0.175003642222,0.294483174377,0.38955845534,0.452374634284,
    0.499771380859,0.567585677447,0.664584147984,0.82747640304,
    0.942742042847,1.),.UNSPECIFIED.);
#2072 = CARTESIAN_POINT('',(5.075391565057,9.295784928734));
#2073 = CARTESIAN_POINT('',(4.991361683295,9.440086568241));
#2074 = CARTESIAN_POINT('',(4.909125164489,9.590551815209));
#2075 = CARTESIAN_POINT('',(4.828380515784,9.746122456675));
#2076 = CARTESIAN_POINT('',(4.748879282389,9.905746034117));
#2077 = CARTESIAN_POINT('',(4.670368439537,10.068354174838));
#2078 = CARTESIAN_POINT('',(4.592571826073,10.2328863982));
#2079 = CARTESIAN_POINT('',(4.515167564342,10.398328492983));
#2080 = CARTESIAN_POINT('',(4.384841862447,10.67666158187));
#2081 = CARTESIAN_POINT('',(4.331977074678,10.78950133358));
#2082 = CARTESIAN_POINT('',(4.27898620605,10.901952490478));
#2083 = CARTESIAN_POINT('',(4.225739988777,11.013651883668));
#2084 = CARTESIAN_POINT('',(4.172112335172,11.124178255993));
#2085 = CARTESIAN_POINT('',(4.117971137128,11.23305094245));
#2086 = CARTESIAN_POINT('',(4.063165258935,11.33972347719));
#2087 = CARTESIAN_POINT('',(3.963218498866,11.526209206358));
#2088 = CARTESIAN_POINT('',(3.91841473953,11.607011540491));
#2089 = CARTESIAN_POINT('',(3.872996510726,11.685679380232));
#2090 = CARTESIAN_POINT('',(3.826879056804,11.76182279961));
#2091 = CARTESIAN_POINT('',(3.779988128057,11.834966432088));
#2092 = CARTESIAN_POINT('',(3.732256065502,11.904555184264));
#2093 = CARTESIAN_POINT('',(3.683618643512,11.969960927131));
#2094 = CARTESIAN_POINT('',(3.601238034721,12.070481794616));
#2095 = CARTESIAN_POINT('',(3.568048638922,12.108335002865));
#2096 = CARTESIAN_POINT('',(3.534435694697,12.143840113654));
#2097 = CARTESIAN_POINT('',(3.500399244064,12.176770152244));
#2098 = CARTESIAN_POINT('',(3.465947867466,12.20688661473));
#2099 = CARTESIAN_POINT('',(3.431099887676,12.233948669871));
#2100 = CARTESIAN_POINT('',(3.395886069431,12.257725793186));
#2101 = CARTESIAN_POINT('',(3.333543631537,12.293321786031));
#2102 = CARTESIAN_POINT('',(3.30655014181,12.306644423563));
#2103 = CARTESIAN_POINT('',(3.279398398174,12.317891381802));
#2104 = CARTESIAN_POINT('',(3.252114698011,12.326984862021));
#2105 = CARTESIAN_POINT('',(3.224727397991,12.333862394698));
#2106 = CARTESIAN_POINT('',(3.197267728528,12.338479603333));
#2107 = CARTESIAN_POINT('',(3.169770608243,12.340812968261));
#2108 = CARTESIAN_POINT('',(3.102935959871,12.340933588918));
#2109 = CARTESIAN_POINT('',(3.063584108265,12.336329644285));
#2110 = CARTESIAN_POINT('',(3.024344537011,12.327045387845));
#2111 = CARTESIAN_POINT('',(2.985315625433,12.313182147715));
#2112 = CARTESIAN_POINT('',(2.946577439623,12.294921863722));
#2113 = CARTESIAN_POINT('',(2.908197524593,12.272505660343));
#2114 = CARTESIAN_POINT('',(2.870234547735,12.246217077707));
#2115 = CARTESIAN_POINT('',(2.779109010883,12.17367800853));
#2116 = CARTESIAN_POINT('',(2.72643645158,12.123705546754));
#2117 = CARTESIAN_POINT('',(2.674774242414,12.067292678699));
#2118 = CARTESIAN_POINT('',(2.624124763713,12.005301934493));
#2119 = CARTESIAN_POINT('',(2.574462074972,11.938542573717));
#2120 = CARTESIAN_POINT('',(2.525736945806,11.867732078584));
#2121 = CARTESIAN_POINT('',(2.477873367715,11.793474349639));
#2122 = CARTESIAN_POINT('',(2.351653047037,11.586522422946));
#2123 = CARTESIAN_POINT('',(2.274812936677,11.448634883955));
#2124 = CARTESIAN_POINT('',(2.199648966108,11.304703122917));
#2125 = CARTESIAN_POINT('',(2.125783802571,11.156435274971));
#2126 = CARTESIAN_POINT('',(2.052875586889,11.005277442017));
#2127 = CARTESIAN_POINT('',(1.980609081152,10.852388349249));
#2128 = CARTESIAN_POINT('',(1.908646780442,10.698670481401));
#2129 = CARTESIAN_POINT('',(1.785579894692,10.435831665714));
#2130 = CARTESIAN_POINT('',(1.734577957872,10.326917730389));
#2131 = CARTESIAN_POINT('',(1.683457822815,10.218296635635));
#2132 = CARTESIAN_POINT('',(1.632121345115,10.110261686238));
#2133 = CARTESIAN_POINT('',(1.58048038921,10.003107392718));
#2134 = CARTESIAN_POINT('',(1.528451782986,9.897126939091));
#2135 = CARTESIAN_POINT('',(1.475952928898,9.792610019718));
#2136 = CARTESIAN_POINT('',(1.396543186069,9.638790779555));
#2137 = CARTESIAN_POINT('',(1.370053346378,9.588176221696));
#2138 = CARTESIAN_POINT('',(1.343419135691,9.538034262859));
#2139 = CARTESIAN_POINT('',(1.316631802238,9.488403048279));
#2140 = CARTESIAN_POINT('',(1.289683156809,9.439321843319));
#2141 = CARTESIAN_POINT('',(1.262565470231,9.390830899549));
#2142 = CARTESIAN_POINT('',(1.235271370847,9.342971320826));
#2143 = CARTESIAN_POINT('',(1.207793741991,9.295784929374));
#2144 = ( GEOMETRIC_REPRESENTATION_CONTEXT(2) 
PARAMETRIC_REPRESENTATION_CONTEXT() REPRESENTATION_CONTEXT('2D SPACE',''
  ) );
#2145 = PCURVE('',#2146,#2177);
#2146 = B_SPLINE_SURFACE_WITH_KNOTS('',14,1,(
    (#2147,#2148)
    ,(#2149,#2150)
    ,(#2151,#2152)
    ,(#2153,#2154)
    ,(#2155,#2156)
    ,(#2157,#2158)
    ,(#2159,#2160)
    ,(#2161,#2162)
    ,(#2163,#2164)
    ,(#2165,#2166)
    ,(#2167,#2168)
    ,(#2169,#2170)
    ,(#2171,#2172)
    ,(#2173,#2174)
    ,(#2175,#2176
    )),.UNSPECIFIED.,.T.,.F.,.F.,(15,15),(2,2),(0.,6.28318530718),(0.,1.
    ),.PIECEWISE_BEZIER_KNOTS.);
#2147 = CARTESIAN_POINT('',(-2.41341173287E-16,7.6,10.85));
#2148 = CARTESIAN_POINT('',(46.73550315436,3.65,-19.26897649172));
#2149 = CARTESIAN_POINT('',(0.585914563785,7.600000000001,
    11.759161436862));
#2150 = CARTESIAN_POINT('',(46.914408742926,3.65,-18.71836170707));
#2151 = CARTESIAN_POINT('',(1.171829343843,5.95145085488,12.668323209299
    ));
#2152 = CARTESIAN_POINT('',(47.093314397544,2.858258159594,
    -18.16774671919));
#2153 = CARTESIAN_POINT('',(1.60946635202,2.654350457148,13.347402917831
    ));
#2154 = CARTESIAN_POINT('',(47.226944300859,1.274817686897,
    -17.75647616557));
#2155 = CARTESIAN_POINT('',(1.750564320706,-1.798240672019,
    13.566344107948));
#2156 = CARTESIAN_POINT('',(47.27002774122,-0.863738490468,
    -17.62387897063));
#2157 = CARTESIAN_POINT('',(1.500008579672,-6.420295019059,
    13.17755770198));
#2158 = CARTESIAN_POINT('',(47.193522009618,-3.083180310936,
    -17.85933940106));
#2159 = CARTESIAN_POINT('',(0.869324365763,-9.948716932613,
    12.198927366336));
#2160 = CARTESIAN_POINT('',(47.000946270026,-4.778404615517,
    -18.45202658462));
#2161 = CARTESIAN_POINT('',(1.639316359442E-11,-11.27709737556,
    10.850000000107));
#2162 = CARTESIAN_POINT('',(46.735503154367,-5.415504925607,
    -19.26897649172));
#2163 = CARTESIAN_POINT('',(-0.869324365794,-9.948716932615,
    9.501072633467));
#2164 = CARTESIAN_POINT('',(46.470060038689,-4.77840461551,
    -20.0859263988));
#2165 = CARTESIAN_POINT('',(-1.500008579648,-6.420295019055,
    8.522442298173));
#2166 = CARTESIAN_POINT('',(46.277484299093,-3.083180310947,
    -20.67861358236));
#2167 = CARTESIAN_POINT('',(-1.750564320721,-1.798240672022,
    8.133655891955));
#2168 = CARTESIAN_POINT('',(46.200978567515,-0.863738490458,
    -20.91407401282));
#2169 = CARTESIAN_POINT('',(-1.609466352013,2.654350457149,
    8.352597082217));
#2170 = CARTESIAN_POINT('',(46.24406200785,1.274817686891,
    -20.78147681784));
#2171 = CARTESIAN_POINT('',(-1.171829343846,5.951450854879,
    9.031676790683));
#2172 = CARTESIAN_POINT('',(46.377691911181,2.858258159596,
    -20.37020626425));
#2173 = CARTESIAN_POINT('',(-0.585914563784,7.600000000001,
    9.940838563142));
#2174 = CARTESIAN_POINT('',(46.556597565793,3.65,-19.81959127636));
#2175 = CARTESIAN_POINT('',(-2.01769802472E-15,7.6,10.85));
#2176 = CARTESIAN_POINT('',(46.73550315436,3.65,-19.26897649172));
#2177 = DEFINITIONAL_REPRESENTATION('',(#2178),#2251);
#2178 = B_SPLINE_CURVE_WITH_KNOTS('',8,(#2179,#2180,#2181,#2182,#2183,
    #2184,#2185,#2186,#2187,#2188,#2189,#2190,#2191,#2192,#2193,#2194,
    #2195,#2196,#2197,#2198,#2199,#2200,#2201,#2202,#2203,#2204,#2205,
    #2206,#2207,#2208,#2209,#2210,#2211,#2212,#2213,#2214,#2215,#2216,
    #2217,#2218,#2219,#2220,#2221,#2222,#2223,#2224,#2225,#2226,#2227,
    #2228,#2229,#2230,#2231,#2232,#2233,#2234,#2235,#2236,#2237,#2238,
    #2239,#2240,#2241,#2242,#2243,#2244,#2245,#2246,#2247,#2248,#2249,
    #2250),.UNSPECIFIED.,.F.,.F.,(9,7,7,7,7,7,7,7,7,7,9),(0.,
    0.175003642222,0.294483174377,0.38955845534,0.452374634284,
    0.499771380859,0.567585677447,0.664584147984,0.82747640304,
    0.942742042847,1.),.UNSPECIFIED.);
#2179 = CARTESIAN_POINT('',(4.287669312756,0.));
#2180 = CARTESIAN_POINT('',(4.271975998216,5.355425668572E-03));
#2181 = CARTESIAN_POINT('',(4.259984826115,1.083093591888E-02));
#2182 = CARTESIAN_POINT('',(4.251676661576,1.637698786376E-02));
#2183 = CARTESIAN_POINT('',(4.247016654137,2.195014005754E-02));
#2184 = CARTESIAN_POINT('',(4.245936512985,2.751267389832E-02));
#2185 = CARTESIAN_POINT('',(4.248341739077,3.303237260568E-02));
#2186 = CARTESIAN_POINT('',(4.254139760495,3.84821879297E-02));
#2187 = CARTESIAN_POINT('',(4.269528553436,4.749711774644E-02));
#2188 = CARTESIAN_POINT('',(4.277328531984,5.110932438041E-02));
#2189 = CARTESIAN_POINT('',(4.286666833917,5.466903374222E-02));
#2190 = CARTESIAN_POINT('',(4.297532282717,5.816762786508E-02));
#2191 = CARTESIAN_POINT('',(4.309918061349,6.159511862898E-02));
#2192 = CARTESIAN_POINT('',(4.323822609555,6.494010876177E-02));
#2193 = CARTESIAN_POINT('',(4.339253901454,6.818957693482E-02));
#2194 = CARTESIAN_POINT('',(4.369751407356,7.382625997375E-02));
#2195 = CARTESIAN_POINT('',(4.384240820971,7.625261765579E-02));
#2196 = CARTESIAN_POINT('',(4.399718265517,7.860045610135E-02));
#2197 = CARTESIAN_POINT('',(4.416194984821,8.086005925234E-02));
#2198 = CARTESIAN_POINT('',(4.433678350062,8.301933483766E-02));
#2199 = CARTESIAN_POINT('',(4.452170066881,8.50640209464E-02));
#2200 = CARTESIAN_POINT('',(4.471664784884,8.697786322727E-02));
#2201 = CARTESIAN_POINT('',(4.505683090099,8.990883070638E-02));
#2202 = CARTESIAN_POINT('',(4.519645730696,9.100959860021E-02));
#2203 = CARTESIAN_POINT('',(4.534029014179,9.203956683024E-02));
#2204 = CARTESIAN_POINT('',(4.548819402812,9.299274769553E-02));
#2205 = CARTESIAN_POINT('',(4.563997166904,9.386282441529E-02));
#2206 = CARTESIAN_POINT('',(4.57953530536,9.464339973083E-02));
#2207 = CARTESIAN_POINT('',(4.595398058153,9.532833405375E-02));
#2208 = CARTESIAN_POINT('',(4.623717857826,9.635269779344E-02));
#2209 = CARTESIAN_POINT('',(4.636055992184,9.673569775881E-02));
#2210 = CARTESIAN_POINT('',(4.648531415979,9.705875531873E-02));
#2211 = CARTESIAN_POINT('',(4.661120427949,9.731978858151E-02));
#2212 = CARTESIAN_POINT('',(4.673797501809,9.751712548492E-02));
#2213 = CARTESIAN_POINT('',(4.68653516467,9.764957777964E-02));
#2214 = CARTESIAN_POINT('',(4.699303875455,9.771651501262E-02));
#2215 = CARTESIAN_POINT('',(4.730340136707,9.771997522224E-02));
#2216 = CARTESIAN_POINT('',(4.748614631891,9.758790259811E-02));
#2217 = CARTESIAN_POINT('',(4.766798282069,9.732157136575E-02));
#2218 = CARTESIAN_POINT('',(4.784806269368,9.692371044708E-02));
#2219 = CARTESIAN_POINT('',(4.802564485661,9.639919412791E-02));
#2220 = CARTESIAN_POINT('',(4.820008303203,9.575445810274E-02));
#2221 = CARTESIAN_POINT('',(4.837081695082,9.499706439451E-02));
#2222 = CARTESIAN_POINT('',(4.877559271143,9.290295144928E-02));
#2223 = CARTESIAN_POINT('',(4.900525772092,9.145718720885E-02));
#2224 = CARTESIAN_POINT('',(4.922539518427,8.982044219384E-02));
#2225 = CARTESIAN_POINT('',(4.943542325996,8.801547943664E-02));
#2226 = CARTESIAN_POINT('',(4.963501921102,8.606354181197E-02));
#2227 = CARTESIAN_POINT('',(4.982405980472,8.398336016695E-02));
#2228 = CARTESIAN_POINT('',(5.000258532594,8.179052856355E-02));
#2229 = CARTESIAN_POINT('',(5.04531388297,7.564445439969E-02));
#2230 = CARTESIAN_POINT('',(5.070578769627,7.151426365404E-02));
#2231 = CARTESIAN_POINT('',(5.092984844567,6.715914825257E-02));
#2232 = CARTESIAN_POINT('',(5.112558447387,6.262062872685E-02));
#2233 = CARTESIAN_POINT('',(5.129312346311,5.793359087537E-02));
#2234 = CARTESIAN_POINT('',(5.143239925531,5.312565791099E-02));
#2235 = CARTESIAN_POINT('',(5.154326240822,4.821800225258E-02));
#2236 = CARTESIAN_POINT('',(5.168323902593,3.969028905601E-02));
#2237 = CARTESIAN_POINT('',(5.172672124043,3.611672224743E-02));
#2238 = CARTESIAN_POINT('',(5.175552495839,3.25104826039E-02));
#2239 = CARTESIAN_POINT('',(5.176942663107,2.887926452971E-02));
#2240 = CARTESIAN_POINT('',(5.176818293924,2.52314394235E-02));
#2241 = CARTESIAN_POINT('',(5.175156219438,2.157612308124E-02));
#2242 = CARTESIAN_POINT('',(5.171935926877,1.792322656439E-02));
#2243 = CARTESIAN_POINT('',(5.164756743847,1.247545953584E-02));
#2244 = CARTESIAN_POINT('',(5.161985344063,1.06708314758E-02));
#2245 = CARTESIAN_POINT('',(5.15882318958,8.870996494415E-03));
#2246 = CARTESIAN_POINT('',(5.155268617284,7.077454984273E-03));
#2247 = CARTESIAN_POINT('',(5.151320378024,5.291815976731E-03));
#2248 = CARTESIAN_POINT('',(5.14697769716,3.515795529305E-03));
#2249 = CARTESIAN_POINT('',(5.142240335103,1.75121511306E-03));
#2250 = CARTESIAN_POINT('',(5.137108647852,0.));
#2251 = ( GEOMETRIC_REPRESENTATION_CONTEXT(2) 
PARAMETRIC_REPRESENTATION_CONTEXT() REPRESENTATION_CONTEXT('2D SPACE',''
  ) );
#2252 = ADVANCED_FACE('',(#2253),#1702,.T.);
#2253 = FACE_BOUND('',#2254,.T.);
#2254 = EDGE_LOOP('',(#2255,#2275,#2276,#2277,#2306));
#2255 = ORIENTED_EDGE('',*,*,#2256,.F.);
#2256 = EDGE_CURVE('',#1686,#2257,#2259,.T.);
#2257 = VERTEX_POINT('',#2258);
#2258 = CARTESIAN_POINT('',(3.35,0.,17.155823293173));
#2259 = SEAM_CURVE('',#2260,(#2263,#2269),.PCURVE_S1.);
#2260 = B_SPLINE_CURVE_WITH_KNOTS('',1,(#2261,#2262),.UNSPECIFIED.,.F.,
  .F.,(2,2),(0.,1.),.PIECEWISE_BEZIER_KNOTS.);
#2261 = CARTESIAN_POINT('',(13.95,0.,10.6));
#2262 = CARTESIAN_POINT('',(1.5,0.,18.3));
#2263 = PCURVE('',#1702,#2264);
#2264 = DEFINITIONAL_REPRESENTATION('',(#2265),#2268);
#2265 = B_SPLINE_CURVE_WITH_KNOTS('',1,(#2266,#2267),.UNSPECIFIED.,.F.,
  .F.,(2,2),(0.,1.),.PIECEWISE_BEZIER_KNOTS.);
#2266 = CARTESIAN_POINT('',(0.,0.));
#2267 = CARTESIAN_POINT('',(0.,-7.7));
#2268 = ( GEOMETRIC_REPRESENTATION_CONTEXT(2) 
PARAMETRIC_REPRESENTATION_CONTEXT() REPRESENTATION_CONTEXT('2D SPACE',''
  ) );
#2269 = PCURVE('',#1702,#2270);
#2270 = DEFINITIONAL_REPRESENTATION('',(#2271),#2274);
#2271 = B_SPLINE_CURVE_WITH_KNOTS('',1,(#2272,#2273),.UNSPECIFIED.,.F.,
  .F.,(2,2),(0.,1.),.PIECEWISE_BEZIER_KNOTS.);
#2272 = CARTESIAN_POINT('',(-6.28318530718,0.));
#2273 = CARTESIAN_POINT('',(-6.28318530718,-7.7));
#2274 = ( GEOMETRIC_REPRESENTATION_CONTEXT(2) 
PARAMETRIC_REPRESENTATION_CONTEXT() REPRESENTATION_CONTEXT('2D SPACE',''
  ) );
#2275 = ORIENTED_EDGE('',*,*,#1685,.T.);
#2276 = ORIENTED_EDGE('',*,*,#2256,.T.);
#2277 = ORIENTED_EDGE('',*,*,#2278,.T.);
#2278 = EDGE_CURVE('',#2257,#2279,#2281,.T.);
#2279 = VERTEX_POINT('',#2280);
#2280 = CARTESIAN_POINT('',(-3.35,-8.205133554287E-16,17.155823293173));
#2281 = SURFACE_CURVE('',#2282,(#2287,#2294),.PCURVE_S1.);
#2282 = CIRCLE('',#2283,3.35);
#2283 = AXIS2_PLACEMENT_3D('',#2284,#2285,#2286);
#2284 = CARTESIAN_POINT('',(0.,0.,17.155823293173));
#2285 = DIRECTION('',(0.,0.,-1.));
#2286 = DIRECTION('',(0.,1.,0.));
#2287 = PCURVE('',#1702,#2288);
#2288 = DEFINITIONAL_REPRESENTATION('',(#2289),#2293);
#2289 = LINE('',#2290,#2291);
#2290 = CARTESIAN_POINT('',(-7.853981633974,-6.555823293173));
#2291 = VECTOR('',#2292,1.);
#2292 = DIRECTION('',(1.,-0.));
#2293 = ( GEOMETRIC_REPRESENTATION_CONTEXT(2) 
PARAMETRIC_REPRESENTATION_CONTEXT() REPRESENTATION_CONTEXT('2D SPACE',''
  ) );
#2294 = PCURVE('',#2295,#2300);
#2295 = CYLINDRICAL_SURFACE('',#2296,3.35);
#2296 = AXIS2_PLACEMENT_3D('',#2297,#2298,#2299);
#2297 = CARTESIAN_POINT('',(0.,0.,18.3));
#2298 = DIRECTION('',(0.,0.,-1.));
#2299 = DIRECTION('',(-1.,0.,0.));
#2300 = DEFINITIONAL_REPRESENTATION('',(#2301),#2305);
#2301 = LINE('',#2302,#2303);
#2302 = CARTESIAN_POINT('',(1.570796326795,1.144176706827));
#2303 = VECTOR('',#2304,1.);
#2304 = DIRECTION('',(1.,0.));
#2305 = ( GEOMETRIC_REPRESENTATION_CONTEXT(2) 
PARAMETRIC_REPRESENTATION_CONTEXT() REPRESENTATION_CONTEXT('2D SPACE',''
  ) );
#2306 = ORIENTED_EDGE('',*,*,#2307,.T.);
#2307 = EDGE_CURVE('',#2279,#2257,#2308,.T.);
#2308 = SURFACE_CURVE('',#2309,(#2314,#2321),.PCURVE_S1.);
#2309 = CIRCLE('',#2310,3.35);
#2310 = AXIS2_PLACEMENT_3D('',#2311,#2312,#2313);
#2311 = CARTESIAN_POINT('',(0.,0.,17.155823293173));
#2312 = DIRECTION('',(0.,0.,-1.));
#2313 = DIRECTION('',(0.,1.,0.));
#2314 = PCURVE('',#1702,#2315);
#2315 = DEFINITIONAL_REPRESENTATION('',(#2316),#2320);
#2316 = LINE('',#2317,#2318);
#2317 = CARTESIAN_POINT('',(-7.853981633974,-6.555823293173));
#2318 = VECTOR('',#2319,1.);
#2319 = DIRECTION('',(1.,-0.));
#2320 = ( GEOMETRIC_REPRESENTATION_CONTEXT(2) 
PARAMETRIC_REPRESENTATION_CONTEXT() REPRESENTATION_CONTEXT('2D SPACE',''
  ) );
#2321 = PCURVE('',#2295,#2322);
#2322 = DEFINITIONAL_REPRESENTATION('',(#2323),#2327);
#2323 = LINE('',#2324,#2325);
#2324 = CARTESIAN_POINT('',(-4.712388980385,1.144176706827));
#2325 = VECTOR('',#2326,1.);
#2326 = DIRECTION('',(1.,0.));
#2327 = ( GEOMETRIC_REPRESENTATION_CONTEXT(2) 
PARAMETRIC_REPRESENTATION_CONTEXT() REPRESENTATION_CONTEXT('2D SPACE',''
  ) );
#2328 = ADVANCED_FACE('',(#2329),#1807,.T.);
#2329 = FACE_BOUND('',#2330,.T.);
#2330 = EDGE_LOOP('',(#2331,#2332,#2410));
#2331 = ORIENTED_EDGE('',*,*,#1902,.F.);
#2332 = ORIENTED_EDGE('',*,*,#2333,.F.);
#2333 = EDGE_CURVE('',#1724,#1903,#2334,.T.);
#2334 = SURFACE_CURVE('',#2335,(#2358,#2384),.PCURVE_S1.);
#2335 = B_SPLINE_CURVE_WITH_KNOTS('',6,(#2336,#2337,#2338,#2339,#2340,
    #2341,#2342,#2343,#2344,#2345,#2346,#2347,#2348,#2349,#2350,#2351,
    #2352,#2353,#2354,#2355,#2356,#2357),.UNSPECIFIED.,.F.,.F.,(7,5,5,5,
    7),(0.,0.24320136146,0.50092145172,0.754574934194,1.),
  .UNSPECIFIED.);
#2336 = CARTESIAN_POINT('',(6.737773174649E-10,-3.374314505206,
    8.319484926635));
#2337 = CARTESIAN_POINT('',(6.202947792857E-10,-3.105168237778,
    8.269077607188));
#2338 = CARTESIAN_POINT('',(4.904790313282E-10,-2.834729031305,
    8.224434884821));
#2339 = CARTESIAN_POINT('',(3.29294139318E-10,-2.563259587858,
    8.185186259656));
#2340 = CARTESIAN_POINT('',(1.770970055857E-10,-2.290969524191,
    8.151073007986));
#2341 = CARTESIAN_POINT('',(5.449860858056E-11,-2.018028101497,
    8.121897036818));
#2342 = CARTESIAN_POINT('',(-1.215638792354E-10,-1.45477931501,
    8.071678294949));
#2343 = CARTESIAN_POINT('',(-1.705902622271E-10,-1.164418023853,
    8.051225505027));
#2344 = CARTESIAN_POINT('',(-1.688879157123E-10,-0.873644993237,
    8.035988266926));
#2345 = CARTESIAN_POINT('',(-1.26435625333E-10,-0.582607839378,
    8.025861876266));
#2346 = CARTESIAN_POINT('',(-6.321356369674E-11,-0.291441815832,
    8.020797420582));
#2347 = CARTESIAN_POINT('',(6.210990212696E-11,0.286302646103,
    8.020789592393));
#2348 = CARTESIAN_POINT('',(1.243438505411E-10,0.572874706317,
    8.025687801817));
#2349 = CARTESIAN_POINT('',(1.668305897116E-10,0.859323949407,
    8.035489345312));
#2350 = CARTESIAN_POINT('',(1.704680698056E-10,1.145521499497,
    8.050240157026));
#2351 = CARTESIAN_POINT('',(1.254039068479E-10,1.431327115085,
    8.070038384372));
#2352 = CARTESIAN_POINT('',(-4.348073434208E-11,1.992592869553,
    8.119234329017));
#2353 = CARTESIAN_POINT('',(-1.647974712009E-10,2.268078775138,
    8.148299387758));
#2354 = CARTESIAN_POINT('',(-3.174530222134E-10,2.542911142757,
    8.182381118837));
#2355 = CARTESIAN_POINT('',(-4.808746827775E-10,2.816917470852,
    8.221680357387));
#2356 = CARTESIAN_POINT('',(-6.141783097328E-10,3.089884058762,
    8.266460141157));
#2357 = CARTESIAN_POINT('',(-6.711672405236E-10,3.361542899824,
    8.317098614625));
#2358 = PCURVE('',#1807,#2359);
#2359 = DEFINITIONAL_REPRESENTATION('',(#2360),#2383);
#2360 = B_SPLINE_CURVE_WITH_KNOTS('',6,(#2361,#2362,#2363,#2364,#2365,
    #2366,#2367,#2368,#2369,#2370,#2371,#2372,#2373,#2374,#2375,#2376,
    #2377,#2378,#2379,#2380,#2381,#2382),.UNSPECIFIED.,.F.,.F.,(7,5,5,5,
    7),(0.,0.24320136146,0.50092145172,0.754574934194,1.),
  .UNSPECIFIED.);
#2361 = CARTESIAN_POINT('',(5.178842047725,2.452486680038E-02));
#2362 = CARTESIAN_POINT('',(5.138809122954,2.501079382397E-02));
#2363 = CARTESIAN_POINT('',(5.099512233756,2.544102482806E-02));
#2364 = CARTESIAN_POINT('',(5.06081449367,2.581918502863E-02));
#2365 = CARTESIAN_POINT('',(5.022610218756,2.614780607213E-02));
#2366 = CARTESIAN_POINT('',(4.984806472925,2.642882579519E-02));
#2367 = CARTESIAN_POINT('',(4.907591621157,2.691247661496E-02));
#2368 = CARTESIAN_POINT('',(4.868220573886,2.710942211807E-02));
#2369 = CARTESIAN_POINT('',(4.829104531183,2.725612986766E-02));
#2370 = CARTESIAN_POINT('',(4.79015547465,2.735362408733E-02));
#2371 = CARTESIAN_POINT('',(4.75129062689,2.740238322954E-02));
#2372 = CARTESIAN_POINT('',(4.674173310057,2.740245859529E-02));
#2373 = CARTESIAN_POINT('',(4.635921783105,2.735530002025E-02));
#2374 = CARTESIAN_POINT('',(4.597590096799,2.726093335671E-02));
#2375 = CARTESIAN_POINT('',(4.559099302417,2.71189092861E-02));
#2376 = CARTESIAN_POINT('',(4.520365620454,2.692826772687E-02));
#2377 = CARTESIAN_POINT('',(4.443489647736,2.645447236002E-02));
#2378 = CARTESIAN_POINT('',(4.405370096875,2.617452423668E-02));
#2379 = CARTESIAN_POINT('',(4.366848152869,2.584621096231E-02));
#2380 = CARTESIAN_POINT('',(4.327828895739,2.546756788826E-02));
#2381 = CARTESIAN_POINT('',(4.288204411212,2.503602115796E-02));
#2382 = CARTESIAN_POINT('',(4.247834697652,2.454787077335E-02));
#2383 = ( GEOMETRIC_REPRESENTATION_CONTEXT(2) 
PARAMETRIC_REPRESENTATION_CONTEXT() REPRESENTATION_CONTEXT('2D SPACE',''
  ) );
#2384 = PCURVE('',#2146,#2385);
#2385 = DEFINITIONAL_REPRESENTATION('',(#2386),#2409);
#2386 = B_SPLINE_CURVE_WITH_KNOTS('',6,(#2387,#2388,#2389,#2390,#2391,
    #2392,#2393,#2394,#2395,#2396,#2397,#2398,#2399,#2400,#2401,#2402,
    #2403,#2404,#2405,#2406,#2407,#2408),.UNSPECIFIED.,.F.,.F.,(7,5,5,5,
    7),(0.,0.24320136146,0.50092145172,0.754574934194,1.),
  .UNSPECIFIED.);
#2387 = CARTESIAN_POINT('',(4.245935912985,2.452486682037E-02));
#2388 = CARTESIAN_POINT('',(4.285968837767,2.501079384235E-02));
#2389 = CARTESIAN_POINT('',(4.325265727103,2.544102484411E-02));
#2390 = CARTESIAN_POINT('',(4.363963466978,2.581918503722E-02));
#2391 = CARTESIAN_POINT('',(4.402167742041,2.614780607799E-02));
#2392 = CARTESIAN_POINT('',(4.439971487822,2.642882579684E-02));
#2393 = CARTESIAN_POINT('',(4.517186339572,2.69124766113E-02));
#2394 = CARTESIAN_POINT('',(4.556557386832,2.710942211293E-02));
#2395 = CARTESIAN_POINT('',(4.595673429525,2.725612986257E-02));
#2396 = CARTESIAN_POINT('',(4.634622486049,2.735362408352E-02));
#2397 = CARTESIAN_POINT('',(4.673487333806,2.740238322763E-02));
#2398 = CARTESIAN_POINT('',(4.750604650639,2.740245859716E-02));
#2399 = CARTESIAN_POINT('',(4.788856177595,2.7355300024E-02));
#2400 = CARTESIAN_POINT('',(4.827187863909,2.726093336173E-02));
#2401 = CARTESIAN_POINT('',(4.865678658301,2.711890929124E-02));
#2402 = CARTESIAN_POINT('',(4.904412340274,2.692826773065E-02));
#2403 = CARTESIAN_POINT('',(4.98128831301,2.645447235871E-02));
#2404 = CARTESIAN_POINT('',(5.019407863841,2.617452423216E-02));
#2405 = CARTESIAN_POINT('',(5.057929807981,2.584621095162E-02));
#2406 = CARTESIAN_POINT('',(5.096949064926,2.546756787484E-02));
#2407 = CARTESIAN_POINT('',(5.136573549557,2.503602113918E-02));
#2408 = CARTESIAN_POINT('',(5.176943263107,2.454787075285E-02));
#2409 = ( GEOMETRIC_REPRESENTATION_CONTEXT(2) 
PARAMETRIC_REPRESENTATION_CONTEXT() REPRESENTATION_CONTEXT('2D SPACE',''
  ) );
#2410 = ORIENTED_EDGE('',*,*,#1721,.F.);
#2411 = ADVANCED_FACE('',(#2412),#2146,.T.);
#2412 = FACE_BOUND('',#2413,.T.);
#2413 = EDGE_LOOP('',(#2414,#2415));
#2414 = ORIENTED_EDGE('',*,*,#1994,.F.);
#2415 = ORIENTED_EDGE('',*,*,#2333,.T.);
#2416 = ADVANCED_FACE('',(#2417),#2295,.F.);
#2417 = FACE_BOUND('',#2418,.F.);
#2418 = EDGE_LOOP('',(#2419,#2420,#2443,#2536,#2570,#2604,#2745,#2774,
    #2803,#2863,#2864));
#2419 = ORIENTED_EDGE('',*,*,#2278,.T.);
#2420 = ORIENTED_EDGE('',*,*,#2421,.T.);
#2421 = EDGE_CURVE('',#2279,#2422,#2424,.T.);
#2422 = VERTEX_POINT('',#2423);
#2423 = CARTESIAN_POINT('',(-3.35,-8.205133554287E-16,11.496472676007));
#2424 = SEAM_CURVE('',#2425,(#2429,#2436),.PCURVE_S1.);
#2425 = LINE('',#2426,#2427);
#2426 = CARTESIAN_POINT('',(-3.35,-8.205133554287E-16,18.3));
#2427 = VECTOR('',#2428,1.);
#2428 = DIRECTION('',(0.,0.,-1.));
#2429 = PCURVE('',#2295,#2430);
#2430 = DEFINITIONAL_REPRESENTATION('',(#2431),#2435);
#2431 = LINE('',#2432,#2433);
#2432 = CARTESIAN_POINT('',(0.,-0.));
#2433 = VECTOR('',#2434,1.);
#2434 = DIRECTION('',(0.,1.));
#2435 = ( GEOMETRIC_REPRESENTATION_CONTEXT(2) 
PARAMETRIC_REPRESENTATION_CONTEXT() REPRESENTATION_CONTEXT('2D SPACE',''
  ) );
#2436 = PCURVE('',#2295,#2437);
#2437 = DEFINITIONAL_REPRESENTATION('',(#2438),#2442);
#2438 = LINE('',#2439,#2440);
#2439 = CARTESIAN_POINT('',(6.28318530718,-0.));
#2440 = VECTOR('',#2441,1.);
#2441 = DIRECTION('',(0.,1.));
#2442 = ( GEOMETRIC_REPRESENTATION_CONTEXT(2) 
PARAMETRIC_REPRESENTATION_CONTEXT() REPRESENTATION_CONTEXT('2D SPACE',''
  ) );
#2443 = ORIENTED_EDGE('',*,*,#2444,.F.);
#2444 = EDGE_CURVE('',#2445,#2422,#2447,.T.);
#2445 = VERTEX_POINT('',#2446);
#2446 = CARTESIAN_POINT('',(-1.189527213176,-3.131696825862,
    12.69578492695));
#2447 = SURFACE_CURVE('',#2448,(#2465,#2485),.PCURVE_S1.);
#2448 = B_SPLINE_CURVE_WITH_KNOTS('',8,(#2449,#2450,#2451,#2452,#2453,
    #2454,#2455,#2456,#2457,#2458,#2459,#2460,#2461,#2462,#2463,#2464),
  .UNSPECIFIED.,.F.,.F.,(9,7,9),(0.,0.441718804823,1.),.UNSPECIFIED.);
#2449 = CARTESIAN_POINT('',(-1.189527214738,-3.131696825269,
    12.695784929374));
#2450 = CARTESIAN_POINT('',(-1.371288810955,-3.062657458638,
    12.584500043128));
#2451 = CARTESIAN_POINT('',(-1.551421082602,-2.980441556703,
    12.476305784723));
#2452 = CARTESIAN_POINT('',(-1.729053334466,-2.884594460557,
    12.371652200068));
#2453 = CARTESIAN_POINT('',(-1.903086930314,-2.774696539674,
    12.271066782321));
#2454 = CARTESIAN_POINT('',(-2.072204110427,-2.650425753383,
    12.175129138318));
#2455 = CARTESIAN_POINT('',(-2.234890182951,-2.511623330609,
    12.084452624783));
#2456 = CARTESIAN_POINT('',(-2.389469089077,-2.358362567871,
    11.999672954296));
#2457 = CARTESIAN_POINT('',(-2.717015146382,-1.979520144796,
    11.822571181832));
#2458 = CARTESIAN_POINT('',(-2.884534759897,-1.744991144405,
    11.733911386336));
#2459 = CARTESIAN_POINT('',(-3.03224454323,-1.488827031855,
    11.657264446948));
#2460 = CARTESIAN_POINT('',(-3.155987819209,-1.213366817535,
    11.594096571841));
#2461 = CARTESIAN_POINT('',(-3.252029404238,-0.92190368764,
    11.545633377418));
#2462 = CARTESIAN_POINT('',(-3.317388912754,-0.618733168364,
    11.512836833068));
#2463 = CARTESIAN_POINT('',(-3.35,-0.309176700114,11.496472675973));
#2464 = CARTESIAN_POINT('',(-3.35,-8.881784197001E-16,11.496472676007));
#2465 = PCURVE('',#2295,#2466);
#2466 = DEFINITIONAL_REPRESENTATION('',(#2467),#2484);
#2467 = B_SPLINE_CURVE_WITH_KNOTS('',8,(#2468,#2469,#2470,#2471,#2472,
    #2473,#2474,#2475,#2476,#2477,#2478,#2479,#2480,#2481,#2482,#2483),
  .UNSPECIFIED.,.F.,.F.,(9,7,9),(0.,0.441718804823,1.),.UNSPECIFIED.);
#2468 = CARTESIAN_POINT('',(5.075391565189,5.604215070626));
#2469 = CARTESIAN_POINT('',(5.133430898611,5.715499956872));
#2470 = CARTESIAN_POINT('',(5.192412126145,5.823694215277));
#2471 = CARTESIAN_POINT('',(5.252438726108,5.928347799932));
#2472 = CARTESIAN_POINT('',(5.313586655868,6.028933217679));
#2473 = CARTESIAN_POINT('',(5.375912257854,6.124870861682));
#2474 = CARTESIAN_POINT('',(5.439456142705,6.215547375217));
#2475 = CARTESIAN_POINT('',(5.504243049568,6.300327045704));
#2476 = CARTESIAN_POINT('',(5.653737780722,6.477428818168));
#2477 = CARTESIAN_POINT('',(5.739402253003,6.566088613664));
#2478 = CARTESIAN_POINT('',(5.826971412908,6.642735553052));
#2479 = CARTESIAN_POINT('',(5.916183864435,6.705903428159));
#2480 = CARTESIAN_POINT('',(6.006791781491,6.754366622582));
#2481 = CARTESIAN_POINT('',(6.098488934046,6.787163166932));
#2482 = CARTESIAN_POINT('',(6.190893754907,6.803527324027));
#2483 = CARTESIAN_POINT('',(6.28318530718,6.803527323993));
#2484 = ( GEOMETRIC_REPRESENTATION_CONTEXT(2) 
PARAMETRIC_REPRESENTATION_CONTEXT() REPRESENTATION_CONTEXT('2D SPACE',''
  ) );
#2485 = PCURVE('',#2486,#2517);
#2486 = B_SPLINE_SURFACE_WITH_KNOTS('',14,1,(
    (#2487,#2488)
    ,(#2489,#2490)
    ,(#2491,#2492)
    ,(#2493,#2494)
    ,(#2495,#2496)
    ,(#2497,#2498)
    ,(#2499,#2500)
    ,(#2501,#2502)
    ,(#2503,#2504)
    ,(#2505,#2506)
    ,(#2507,#2508)
    ,(#2509,#2510)
    ,(#2511,#2512)
    ,(#2513,#2514)
    ,(#2515,#2516
    )),.UNSPECIFIED.,.T.,.F.,.F.,(15,15),(2,2),(0.,6.28318530718),(0.,1.
    ),.PIECEWISE_BEZIER_KNOTS.);
#2487 = CARTESIAN_POINT('',(-1.490015741869E-15,-7.6,10.85));
#2488 = CARTESIAN_POINT('',(-46.73550315436,-3.65,-19.26897649172));
#2489 = CARTESIAN_POINT('',(-0.585914563785,-7.600000000001,
    11.759161436862));
#2490 = CARTESIAN_POINT('',(-46.91440874292,-3.65,-18.71836170707));
#2491 = CARTESIAN_POINT('',(-1.171829343843,-5.95145085488,
    12.668323209299));
#2492 = CARTESIAN_POINT('',(-47.09331439754,-2.858258159594,
    -18.16774671919));
#2493 = CARTESIAN_POINT('',(-1.60946635202,-2.654350457146,
    13.347402917831));
#2494 = CARTESIAN_POINT('',(-47.22694430086,-1.274817686895,
    -17.75647616557));
#2495 = CARTESIAN_POINT('',(-1.750564320706,1.798240672014,
    13.566344107948));
#2496 = CARTESIAN_POINT('',(-47.27002774121,0.863738490466,
    -17.62387897063));
#2497 = CARTESIAN_POINT('',(-1.500008579672,6.420295019067,
    13.17755770198));
#2498 = CARTESIAN_POINT('',(-47.19352200962,3.083180310938,
    -17.85933940106));
#2499 = CARTESIAN_POINT('',(-0.869324365763,9.9487169326,12.198927366336
    ));
#2500 = CARTESIAN_POINT('',(-47.00094627002,4.778404615516,
    -18.45202658462));
#2501 = CARTESIAN_POINT('',(-1.768293788143E-11,11.277097375575,
    10.850000000107));
#2502 = CARTESIAN_POINT('',(-46.73550315436,5.415504925606,
    -19.26897649172));
#2503 = CARTESIAN_POINT('',(0.869324365795,9.948716932601,9.501072633467
    ));
#2504 = CARTESIAN_POINT('',(-46.47006003869,4.778404615511,
    -20.0859263988));
#2505 = CARTESIAN_POINT('',(1.500008579647,6.420295019066,8.522442298173
    ));
#2506 = CARTESIAN_POINT('',(-46.27748429908,3.083180310945,
    -20.67861358236));
#2507 = CARTESIAN_POINT('',(1.750564320721,1.798240672015,8.133655891955
    ));
#2508 = CARTESIAN_POINT('',(-46.20097856752,0.86373849046,
    -20.91407401282));
#2509 = CARTESIAN_POINT('',(1.609466352012,-2.654350457146,
    8.352597082217));
#2510 = CARTESIAN_POINT('',(-46.24406200784,-1.274817686892,
    -20.78147681784));
#2511 = CARTESIAN_POINT('',(1.171829343846,-5.95145085488,9.031676790683
    ));
#2512 = CARTESIAN_POINT('',(-46.37769191118,-2.858258159596,
    -20.37020626425));
#2513 = CARTESIAN_POINT('',(0.585914563784,-7.600000000001,
    9.940838563142));
#2514 = CARTESIAN_POINT('',(-46.55659756579,-3.65,-19.81959127636));
#2515 = CARTESIAN_POINT('',(2.863411095642E-16,-7.6,10.85));
#2516 = CARTESIAN_POINT('',(-46.73550315436,-3.65,-19.26897649172));
#2517 = DEFINITIONAL_REPRESENTATION('',(#2518),#2535);
#2518 = B_SPLINE_CURVE_WITH_KNOTS('',8,(#2519,#2520,#2521,#2522,#2523,
    #2524,#2525,#2526,#2527,#2528,#2529,#2530,#2531,#2532,#2533,#2534),
  .UNSPECIFIED.,.F.,.F.,(9,7,9),(0.,0.441718804823,1.),.UNSPECIFIED.);
#2519 = CARTESIAN_POINT('',(1.146076659327,0.));
#2520 = CARTESIAN_POINT('',(1.155140941978,3.852940690975E-03));
#2521 = CARTESIAN_POINT('',(1.166119933034,7.651036220841E-03));
#2522 = CARTESIAN_POINT('',(1.179067875364,1.137670206635E-02));
#2523 = CARTESIAN_POINT('',(1.19402604986,1.500812161262E-02));
#2524 = CARTESIAN_POINT('',(1.211014160513,1.851961460986E-02));
#2525 = CARTESIAN_POINT('',(1.23002345895,2.188214504075E-02));
#2526 = CARTESIAN_POINT('',(1.251011608401,2.506396839853E-02));
#2527 = CARTESIAN_POINT('',(1.302826651097,3.178193001745E-02));
#2528 = CARTESIAN_POINT('',(1.334861480092,3.519952121604E-02));
#2529 = CARTESIAN_POINT('',(1.36975650605,3.819850301289E-02));
#2530 = CARTESIAN_POINT('',(1.407145200703,4.070107371066E-02));
#2531 = CARTESIAN_POINT('',(1.446562044468,4.263812561905E-02));
#2532 = CARTESIAN_POINT('',(1.487451616344,4.395462563338E-02));
#2533 = CARTESIAN_POINT('',(1.529149549984,4.461149585973E-02));
#2534 = CARTESIAN_POINT('',(1.5707963269,4.46114958594E-02));
#2535 = ( GEOMETRIC_REPRESENTATION_CONTEXT(2) 
PARAMETRIC_REPRESENTATION_CONTEXT() REPRESENTATION_CONTEXT('2D SPACE',''
  ) );
#2536 = ORIENTED_EDGE('',*,*,#2537,.F.);
#2537 = EDGE_CURVE('',#2538,#2445,#2540,.T.);
#2538 = VERTEX_POINT('',#2539);
#2539 = CARTESIAN_POINT('',(6.153850165715E-16,-3.35,10.85));
#2540 = SURFACE_CURVE('',#2541,(#2546,#2558),.PCURVE_S1.);
#2541 = ELLIPSE('',#2542,6.184141086308,3.35);
#2542 = AXIS2_PLACEMENT_3D('',#2543,#2544,#2545);
#2543 = CARTESIAN_POINT('',(0.,0.,10.85));
#2544 = DIRECTION('',(-0.840566603496,1.029397200441E-16,-0.541708210283
    ));
#2545 = DIRECTION('',(0.541708210283,-6.634012257946E-17,-0.840566603496
    ));
#2546 = PCURVE('',#2295,#2547);
#2547 = DEFINITIONAL_REPRESENTATION('',(#2548),#2557);
#2548 = B_SPLINE_CURVE_WITH_KNOTS('',7,(#2549,#2550,#2551,#2552,#2553,
    #2554,#2555,#2556),.UNSPECIFIED.,.F.,.F.,(8,8),(1.084168539026,
    2.057424114564),.PIECEWISE_BEZIER_KNOTS.);
#2549 = CARTESIAN_POINT('',(4.225761192615,9.88091861731));
#2550 = CARTESIAN_POINT('',(4.364797703407,9.242080486967));
#2551 = CARTESIAN_POINT('',(4.503834214198,8.548417819192));
#2552 = CARTESIAN_POINT('',(4.642870724989,7.820101489488));
#2553 = CARTESIAN_POINT('',(4.781907235781,7.079898510514));
#2554 = CARTESIAN_POINT('',(4.920943746572,6.351582180808));
#2555 = CARTESIAN_POINT('',(5.059980257363,5.657919513033));
#2556 = CARTESIAN_POINT('',(5.199016768154,5.01908138269));
#2557 = ( GEOMETRIC_REPRESENTATION_CONTEXT(2) 
PARAMETRIC_REPRESENTATION_CONTEXT() REPRESENTATION_CONTEXT('2D SPACE',''
  ) );
#2558 = PCURVE('',#2559,#2564);
#2559 = PLANE('',#2560);
#2560 = AXIS2_PLACEMENT_3D('',#2561,#2562,#2563);
#2561 = CARTESIAN_POINT('',(-5.307583710963E-17,-2.840091503988E-32,
    10.85));
#2562 = DIRECTION('',(-0.840566603496,1.029397200441E-16,-0.541708210283
    ));
#2563 = DIRECTION('',(-6.23229871463E-17,-1.,-9.332163969319E-17));
#2564 = DEFINITIONAL_REPRESENTATION('',(#2565),#2569);
#2565 = ELLIPSE('',#2566,6.184141086308,3.35);
#2566 = AXIS2_PLACEMENT_2D('',#2567,#2568);
#2567 = CARTESIAN_POINT('',(-1.974812926869E-31,1.464394618361E-15));
#2568 = DIRECTION('',(1.110223024625E-16,-1.));
#2569 = ( GEOMETRIC_REPRESENTATION_CONTEXT(2) 
PARAMETRIC_REPRESENTATION_CONTEXT() REPRESENTATION_CONTEXT('2D SPACE',''
  ) );
#2570 = ORIENTED_EDGE('',*,*,#2571,.F.);
#2571 = EDGE_CURVE('',#2572,#2538,#2574,.T.);
#2572 = VERTEX_POINT('',#2573);
#2573 = CARTESIAN_POINT('',(1.189527213176,-3.131696825862,
    12.69578492695));
#2574 = SURFACE_CURVE('',#2575,(#2580,#2592),.PCURVE_S1.);
#2575 = ELLIPSE('',#2576,6.184141086308,3.35);
#2576 = AXIS2_PLACEMENT_3D('',#2577,#2578,#2579);
#2577 = CARTESIAN_POINT('',(0.,0.,10.85));
#2578 = DIRECTION('',(0.840566603496,-1.174510117345E-33,-0.541708210283
    ));
#2579 = DIRECTION('',(-0.541708210283,7.569201190958E-34,-0.840566603496
    ));
#2580 = PCURVE('',#2295,#2581);
#2581 = DEFINITIONAL_REPRESENTATION('',(#2582),#2591);
#2582 = B_SPLINE_CURVE_WITH_KNOTS('',7,(#2583,#2584,#2585,#2586,#2587,
    #2588,#2589,#2590),.UNSPECIFIED.,.F.,.F.,(8,8),(4.225761192616,
    5.199016768154),.PIECEWISE_BEZIER_KNOTS.);
#2583 = CARTESIAN_POINT('',(4.225761192616,5.01908138269));
#2584 = CARTESIAN_POINT('',(4.364797703407,5.657919513033));
#2585 = CARTESIAN_POINT('',(4.503834214198,6.351582180808));
#2586 = CARTESIAN_POINT('',(4.642870724988,7.079898510515));
#2587 = CARTESIAN_POINT('',(4.781907235783,7.820101489487));
#2588 = CARTESIAN_POINT('',(4.920943746571,8.548417819192));
#2589 = CARTESIAN_POINT('',(5.059980257363,9.242080486967));
#2590 = CARTESIAN_POINT('',(5.199016768154,9.88091861731));
#2591 = ( GEOMETRIC_REPRESENTATION_CONTEXT(2) 
PARAMETRIC_REPRESENTATION_CONTEXT() REPRESENTATION_CONTEXT('2D SPACE',''
  ) );
#2592 = PCURVE('',#2593,#2598);
#2593 = PLANE('',#2594);
#2594 = AXIS2_PLACEMENT_3D('',#2595,#2596,#2597);
#2595 = CARTESIAN_POINT('',(5.307583710963E-17,0.,10.85));
#2596 = DIRECTION('',(0.840566603496,-1.174510117345E-33,-0.541708210283
    ));
#2597 = DIRECTION('',(-6.014169276844E-17,1.,-9.332163969319E-17));
#2598 = DEFINITIONAL_REPRESENTATION('',(#2599),#2603);
#2599 = ELLIPSE('',#2600,6.184141086308,3.35);
#2600 = AXIS2_PLACEMENT_2D('',#2601,#2602);
#2601 = CARTESIAN_POINT('',(-1.625804622442E-31,1.464394618361E-15));
#2602 = DIRECTION('',(1.110223024625E-16,-1.));
#2603 = ( GEOMETRIC_REPRESENTATION_CONTEXT(2) 
PARAMETRIC_REPRESENTATION_CONTEXT() REPRESENTATION_CONTEXT('2D SPACE',''
  ) );
#2604 = ORIENTED_EDGE('',*,*,#2605,.F.);
#2605 = EDGE_CURVE('',#2606,#2572,#2608,.T.);
#2606 = VERTEX_POINT('',#2607);
#2607 = CARTESIAN_POINT('',(1.189527213176,3.131696825862,12.69578492695
    ));
#2608 = SURFACE_CURVE('',#2609,(#2642,#2678),.PCURVE_S1.);
#2609 = B_SPLINE_CURVE_WITH_KNOTS('',6,(#2610,#2611,#2612,#2613,#2614,
    #2615,#2616,#2617,#2618,#2619,#2620,#2621,#2622,#2623,#2624,#2625,
    #2626,#2627,#2628,#2629,#2630,#2631,#2632,#2633,#2634,#2635,#2636,
    #2637,#2638,#2639,#2640,#2641),.UNSPECIFIED.,.F.,.F.,(7,5,5,5,5,5,7)
  ,(0.,0.220686207097,0.374537819364,0.498692737957,0.627352145951,
    0.797352804793,1.),.UNSPECIFIED.);
#2610 = CARTESIAN_POINT('',(1.189527214738,3.131696825269,
    12.695784929374));
#2611 = CARTESIAN_POINT('',(1.431876009694,3.039644336428,
    12.547405081046));
#2612 = CARTESIAN_POINT('',(1.671183398785,2.922995648351,
    12.404794404687));
#2613 = CARTESIAN_POINT('',(1.905011435418,2.780477716105,
    12.269213028847));
#2614 = CARTESIAN_POINT('',(2.129858448232,2.610980960516,
    12.142282502552));
#2615 = CARTESIAN_POINT('',(2.341241338092,2.414143175316,
    12.025749348717));
#2616 = CARTESIAN_POINT('',(2.668640443357,2.035470718161,
    11.848727032153));
#2617 = CARTESIAN_POINT('',(2.794131932745,1.86716895584,11.781963349397
    ));
#2618 = CARTESIAN_POINT('',(2.908835385392,1.686594592131,
    11.721823815674));
#2619 = CARTESIAN_POINT('',(3.01089770932,1.494633073619,11.668959753999
    ));
#2620 = CARTESIAN_POINT('',(3.098511253342,1.29265401856,11.623991349332
    ));
#2621 = CARTESIAN_POINT('',(3.228083383709,0.913254942427,
    11.557909392095));
#2622 = CARTESIAN_POINT('',(3.275604492565,0.738578697869,
    11.533859369513));
#2623 = CARTESIAN_POINT('',(3.311991376222,0.559770559393,
    11.515546805322));
#2624 = CARTESIAN_POINT('',(3.33668205331,0.378071695458,11.503155597646
    ));
#2625 = CARTESIAN_POINT('',(3.349345765372,0.194846753602,
    11.496800968128));
#2626 = CARTESIAN_POINT('',(3.350637123925,-0.178309269735,
    11.496152969944));
#2627 = CARTESIAN_POINT('',(3.33837627645,-0.368313071713,
    11.502305448138));
#2628 = CARTESIAN_POINT('',(3.313177827484,-0.556746403271,
    11.51494817379));
#2629 = CARTESIAN_POINT('',(3.275404073763,-0.742088199868,
    11.533954404313));
#2630 = CARTESIAN_POINT('',(3.225682376219,-0.922958193566,
    11.559119620301));
#2631 = CARTESIAN_POINT('',(3.084595023643,-1.329584520954,
    11.631109041432));
#2632 = CARTESIAN_POINT('',(2.98495314422,-1.551169230402,
    11.682309287062));
#2633 = CARTESIAN_POINT('',(2.867967461395,-1.760166744492,
    11.743046225351));
#2634 = CARTESIAN_POINT('',(2.736128624252,-1.954856897734,
    11.812466180821));
#2635 = CARTESIAN_POINT('',(2.591939344209,-2.134215989357,
    11.889683162996));
#2636 = CARTESIAN_POINT('',(2.253970300252,-2.492772566216,
    12.074063422651));
#2637 = CARTESIAN_POINT('',(2.055983269702,-2.665324001494,
    12.184130750096));
#2638 = CARTESIAN_POINT('',(1.847564761517,-2.814906318253,
    12.30260014741));
#2639 = CARTESIAN_POINT('',(1.632047812881,-2.941897304086,
    12.42814294949));
#2640 = CARTESIAN_POINT('',(1.41207125806,-3.047166868931,
    12.559530686399));
#2641 = CARTESIAN_POINT('',(1.189527214326,-3.131696825425,
    12.695784928734));
#2642 = PCURVE('',#2295,#2643);
#2643 = DEFINITIONAL_REPRESENTATION('',(#2644),#2677);
#2644 = B_SPLINE_CURVE_WITH_KNOTS('',6,(#2645,#2646,#2647,#2648,#2649,
    #2650,#2651,#2652,#2653,#2654,#2655,#2656,#2657,#2658,#2659,#2660,
    #2661,#2662,#2663,#2664,#2665,#2666,#2667,#2668,#2669,#2670,#2671,
    #2672,#2673,#2674,#2675,#2676),.UNSPECIFIED.,.F.,.F.,(7,5,5,5,5,5,7)
  ,(0.,0.220686207097,0.374537819364,0.498692737957,0.627352145951,
    0.797352804793,1.),.UNSPECIFIED.);
#2645 = CARTESIAN_POINT('',(1.933798911599,5.604215070626));
#2646 = CARTESIAN_POINT('',(2.011184689495,5.752594918954));
#2647 = CARTESIAN_POINT('',(2.090328669735,5.895205595313));
#2648 = CARTESIAN_POINT('',(2.171520591601,6.030786971153));
#2649 = CARTESIAN_POINT('',(2.254921763296,6.157717497448));
#2650 = CARTESIAN_POINT('',(2.340638851321,6.274250651283));
#2651 = CARTESIAN_POINT('',(2.490066512347,6.451272967847));
#2652 = CARTESIAN_POINT('',(2.55257089427,6.518036650603));
#2653 = CARTESIAN_POINT('',(2.616157296179,6.578176184326));
#2654 = CARTESIAN_POINT('',(2.680753917592,6.631040246001));
#2655 = CARTESIAN_POINT('',(2.746262935222,6.676008650668));
#2656 = CARTESIAN_POINT('',(2.865938964798,6.742090607905));
#2657 = CARTESIAN_POINT('',(2.919867410068,6.766140630487));
#2658 = CARTESIAN_POINT('',(2.974163910097,6.784453194678));
#2659 = CARTESIAN_POINT('',(3.028722375899,6.796844402354));
#2660 = CARTESIAN_POINT('',(3.083429109093,6.803199031872));
#2661 = CARTESIAN_POINT('',(3.194819633808,6.803847030056));
#2662 = CARTESIAN_POINT('',(3.25152413924,6.797694551862));
#2663 = CARTESIAN_POINT('',(3.308074638014,6.78505182621));
#2664 = CARTESIAN_POINT('',(3.364345248384,6.766045595687));
#2665 = CARTESIAN_POINT('',(3.420218390292,6.740880379699));
#2666 = CARTESIAN_POINT('',(3.548698239348,6.668890958568));
#2667 = CARTESIAN_POINT('',(3.620938108688,6.617690712938));
#2668 = CARTESIAN_POINT('',(3.692030402863,6.556953774649));
#2669 = CARTESIAN_POINT('',(3.761859718027,6.487533819179));
#2670 = CARTESIAN_POINT('',(3.830342512961,6.410316837004));
#2671 = CARTESIAN_POINT('',(3.977427016076,6.225936577349));
#2672 = CARTESIAN_POINT('',(4.055446223799,6.115869249904));
#2673 = CARTESIAN_POINT('',(4.131533293134,5.99739985259));
#2674 = CARTESIAN_POINT('',(4.205781021929,5.87185705051));
#2675 = CARTESIAN_POINT('',(4.278324586048,5.740469313601));
#2676 = CARTESIAN_POINT('',(4.349386395712,5.604215071266));
#2677 = ( GEOMETRIC_REPRESENTATION_CONTEXT(2) 
PARAMETRIC_REPRESENTATION_CONTEXT() REPRESENTATION_CONTEXT('2D SPACE',''
  ) );
#2678 = PCURVE('',#2679,#2710);
#2679 = B_SPLINE_SURFACE_WITH_KNOTS('',14,1,(
    (#2680,#2681)
    ,(#2682,#2683)
    ,(#2684,#2685)
    ,(#2686,#2687)
    ,(#2688,#2689)
    ,(#2690,#2691)
    ,(#2692,#2693)
    ,(#2694,#2695)
    ,(#2696,#2697)
    ,(#2698,#2699)
    ,(#2700,#2701)
    ,(#2702,#2703)
    ,(#2704,#2705)
    ,(#2706,#2707)
    ,(#2708,#2709
    )),.UNSPECIFIED.,.T.,.F.,.F.,(15,15),(2,2),(0.,6.28318530718),(0.,1.
    ),.PIECEWISE_BEZIER_KNOTS.);
#2680 = CARTESIAN_POINT('',(-2.41341173287E-16,7.6,10.85));
#2681 = CARTESIAN_POINT('',(46.73550315436,3.65,-19.26897649172));
#2682 = CARTESIAN_POINT('',(0.585914563785,7.600000000001,
    11.759161436862));
#2683 = CARTESIAN_POINT('',(46.914408742926,3.65,-18.71836170707));
#2684 = CARTESIAN_POINT('',(1.171829343843,5.95145085488,12.668323209299
    ));
#2685 = CARTESIAN_POINT('',(47.093314397544,2.858258159594,
    -18.16774671919));
#2686 = CARTESIAN_POINT('',(1.60946635202,2.654350457148,13.347402917831
    ));
#2687 = CARTESIAN_POINT('',(47.226944300859,1.274817686897,
    -17.75647616557));
#2688 = CARTESIAN_POINT('',(1.750564320706,-1.798240672019,
    13.566344107948));
#2689 = CARTESIAN_POINT('',(47.27002774122,-0.863738490468,
    -17.62387897063));
#2690 = CARTESIAN_POINT('',(1.500008579672,-6.420295019059,
    13.17755770198));
#2691 = CARTESIAN_POINT('',(47.193522009618,-3.083180310936,
    -17.85933940106));
#2692 = CARTESIAN_POINT('',(0.869324365763,-9.948716932613,
    12.198927366336));
#2693 = CARTESIAN_POINT('',(47.000946270026,-4.778404615517,
    -18.45202658462));
#2694 = CARTESIAN_POINT('',(1.639316359442E-11,-11.27709737556,
    10.850000000107));
#2695 = CARTESIAN_POINT('',(46.735503154367,-5.415504925607,
    -19.26897649172));
#2696 = CARTESIAN_POINT('',(-0.869324365794,-9.948716932615,
    9.501072633467));
#2697 = CARTESIAN_POINT('',(46.470060038689,-4.77840461551,
    -20.0859263988));
#2698 = CARTESIAN_POINT('',(-1.500008579648,-6.420295019055,
    8.522442298173));
#2699 = CARTESIAN_POINT('',(46.277484299093,-3.083180310947,
    -20.67861358236));
#2700 = CARTESIAN_POINT('',(-1.750564320721,-1.798240672022,
    8.133655891955));
#2701 = CARTESIAN_POINT('',(46.200978567515,-0.863738490458,
    -20.91407401282));
#2702 = CARTESIAN_POINT('',(-1.609466352013,2.654350457149,
    8.352597082217));
#2703 = CARTESIAN_POINT('',(46.24406200785,1.274817686891,
    -20.78147681784));
#2704 = CARTESIAN_POINT('',(-1.171829343846,5.951450854879,
    9.031676790683));
#2705 = CARTESIAN_POINT('',(46.377691911181,2.858258159596,
    -20.37020626425));
#2706 = CARTESIAN_POINT('',(-0.585914563784,7.600000000001,
    9.940838563142));
#2707 = CARTESIAN_POINT('',(46.556597565793,3.65,-19.81959127636));
#2708 = CARTESIAN_POINT('',(-2.01769802472E-15,7.6,10.85));
#2709 = CARTESIAN_POINT('',(46.73550315436,3.65,-19.26897649172));
#2710 = DEFINITIONAL_REPRESENTATION('',(#2711),#2744);
#2711 = B_SPLINE_CURVE_WITH_KNOTS('',6,(#2712,#2713,#2714,#2715,#2716,
    #2717,#2718,#2719,#2720,#2721,#2722,#2723,#2724,#2725,#2726,#2727,
    #2728,#2729,#2730,#2731,#2732,#2733,#2734,#2735,#2736,#2737,#2738,
    #2739,#2740,#2741,#2742,#2743),.UNSPECIFIED.,.F.,.F.,(7,5,5,5,5,5,7)
  ,(0.,0.220686207097,0.374537819364,0.498692737957,0.627352145951,
    0.797352804793,1.),.UNSPECIFIED.);
#2712 = CARTESIAN_POINT('',(1.146076659327,0.));
#2713 = CARTESIAN_POINT('',(1.158162369528,5.137254254633E-03));
#2714 = CARTESIAN_POINT('',(1.173822202086,1.01721308752E-02));
#2715 = CARTESIAN_POINT('',(1.193208037032,1.505539319658E-02));
#2716 = CARTESIAN_POINT('',(1.216411265172,1.971805479278E-02));
#2717 = CARTESIAN_POINT('',(1.243382382157,2.407481840614E-02));
#2718 = CARTESIAN_POINT('',(1.295174178271,3.078976604233E-02));
#2719 = CARTESIAN_POINT('',(1.318169179916,3.335323870456E-02));
#2720 = CARTESIAN_POINT('',(1.342792416051,3.568795809511E-02));
#2721 = CARTESIAN_POINT('',(1.368900559009,3.775926279022E-02));
#2722 = CARTESIAN_POINT('',(1.396298920451,3.953345796384E-02));
#2723 = CARTESIAN_POINT('',(1.447650746447,4.215335396551E-02));
#2724 = CARTESIAN_POINT('',(1.471253903221,4.311246350991E-02));
#2725 = CARTESIAN_POINT('',(1.495379613781,4.384589143292E-02));
#2726 = CARTESIAN_POINT('',(1.519868673832,4.434323846432E-02));
#2727 = CARTESIAN_POINT('',(1.544550029061,4.459831792112E-02));
#2728 = CARTESIAN_POINT('',(1.594814989452,4.462432914509E-02));
#2729 = CARTESIAN_POINT('',(1.620408357882,4.437736436027E-02));
#2730 = CARTESIAN_POINT('',(1.645803768529,4.386982025966E-02));
#2731 = CARTESIAN_POINT('',(1.670810760344,4.310847848242E-02));
#2732 = CARTESIAN_POINT('',(1.695252277103,4.21049409988E-02));
#2733 = CARTESIAN_POINT('',(1.750296533008,3.925188553887E-02));
#2734 = CARTESIAN_POINT('',(1.780366258626,3.723356588556E-02));
#2735 = CARTESIAN_POINT('',(1.80881279271,3.485804945684E-02));
#2736 = CARTESIAN_POINT('',(1.835387724628,3.21717521575E-02));
#2737 = CARTESIAN_POINT('',(1.859916714264,2.922153685625E-02));
#2738 = CARTESIAN_POINT('',(1.908982263675,2.22741618825E-02));
#2739 = CARTESIAN_POINT('',(1.932615534178,1.818471721173E-02));
#2740 = CARTESIAN_POINT('',(1.95306359004,1.385492854494E-02));
#2741 = CARTESIAN_POINT('',(1.970306119542,9.348486196667E-03));
#2742 = CARTESIAN_POINT('',(1.984417928818,4.717437673022E-03));
#2743 = CARTESIAN_POINT('',(1.995515994424,0.));
#2744 = ( GEOMETRIC_REPRESENTATION_CONTEXT(2) 
PARAMETRIC_REPRESENTATION_CONTEXT() REPRESENTATION_CONTEXT('2D SPACE',''
  ) );
#2745 = ORIENTED_EDGE('',*,*,#2746,.F.);
#2746 = EDGE_CURVE('',#2747,#2606,#2749,.T.);
#2747 = VERTEX_POINT('',#2748);
#2748 = CARTESIAN_POINT('',(-9.48977765356E-16,3.35,10.85));
#2749 = SURFACE_CURVE('',#2750,(#2755,#2767),.PCURVE_S1.);
#2750 = ELLIPSE('',#2751,6.184141086308,3.35);
#2751 = AXIS2_PLACEMENT_3D('',#2752,#2753,#2754);
#2752 = CARTESIAN_POINT('',(0.,0.,10.85));
#2753 = DIRECTION('',(0.840566603496,-1.174510117345E-33,-0.541708210283
    ));
#2754 = DIRECTION('',(-0.541708210283,7.569201190958E-34,-0.840566603496
    ));
#2755 = PCURVE('',#2295,#2756);
#2756 = DEFINITIONAL_REPRESENTATION('',(#2757),#2766);
#2757 = B_SPLINE_CURVE_WITH_KNOTS('',7,(#2758,#2759,#2760,#2761,#2762,
    #2763,#2764,#2765),.UNSPECIFIED.,.F.,.F.,(8,8),(1.084168539026,
    2.057424114564),.PIECEWISE_BEZIER_KNOTS.);
#2758 = CARTESIAN_POINT('',(1.084168539026,9.88091861731));
#2759 = CARTESIAN_POINT('',(1.223205049817,9.242080486967));
#2760 = CARTESIAN_POINT('',(1.362241560608,8.548417819192));
#2761 = CARTESIAN_POINT('',(1.5012780714,7.820101489488));
#2762 = CARTESIAN_POINT('',(1.64031458219,7.079898510514));
#2763 = CARTESIAN_POINT('',(1.779351092982,6.351582180808));
#2764 = CARTESIAN_POINT('',(1.918387603773,5.657919513033));
#2765 = CARTESIAN_POINT('',(2.057424114564,5.01908138269));
#2766 = ( GEOMETRIC_REPRESENTATION_CONTEXT(2) 
PARAMETRIC_REPRESENTATION_CONTEXT() REPRESENTATION_CONTEXT('2D SPACE',''
  ) );
#2767 = PCURVE('',#2593,#2768);
#2768 = DEFINITIONAL_REPRESENTATION('',(#2769),#2773);
#2769 = ELLIPSE('',#2770,6.184141086308,3.35);
#2770 = AXIS2_PLACEMENT_2D('',#2771,#2772);
#2771 = CARTESIAN_POINT('',(-1.625804622442E-31,1.464394618361E-15));
#2772 = DIRECTION('',(1.110223024625E-16,-1.));
#2773 = ( GEOMETRIC_REPRESENTATION_CONTEXT(2) 
PARAMETRIC_REPRESENTATION_CONTEXT() REPRESENTATION_CONTEXT('2D SPACE',''
  ) );
#2774 = ORIENTED_EDGE('',*,*,#2775,.F.);
#2775 = EDGE_CURVE('',#2776,#2747,#2778,.T.);
#2776 = VERTEX_POINT('',#2777);
#2777 = CARTESIAN_POINT('',(-1.189527213176,3.131696825862,
    12.69578492695));
#2778 = SURFACE_CURVE('',#2779,(#2784,#2796),.PCURVE_S1.);
#2779 = ELLIPSE('',#2780,6.184141086308,3.35);
#2780 = AXIS2_PLACEMENT_3D('',#2781,#2782,#2783);
#2781 = CARTESIAN_POINT('',(0.,0.,10.85));
#2782 = DIRECTION('',(-0.840566603496,1.029397200441E-16,-0.541708210283
    ));
#2783 = DIRECTION('',(0.541708210283,-6.634012257946E-17,-0.840566603496
    ));
#2784 = PCURVE('',#2295,#2785);
#2785 = DEFINITIONAL_REPRESENTATION('',(#2786),#2795);
#2786 = B_SPLINE_CURVE_WITH_KNOTS('',7,(#2787,#2788,#2789,#2790,#2791,
    #2792,#2793,#2794),.UNSPECIFIED.,.F.,.F.,(8,8),(4.225761192616,
    5.199016768154),.PIECEWISE_BEZIER_KNOTS.);
#2787 = CARTESIAN_POINT('',(1.084168539026,5.01908138269));
#2788 = CARTESIAN_POINT('',(1.223205049817,5.657919513033));
#2789 = CARTESIAN_POINT('',(1.362241560608,6.351582180808));
#2790 = CARTESIAN_POINT('',(1.5012780714,7.079898510515));
#2791 = CARTESIAN_POINT('',(1.64031458219,7.820101489487));
#2792 = CARTESIAN_POINT('',(1.779351092982,8.548417819192));
#2793 = CARTESIAN_POINT('',(1.918387603773,9.242080486967));
#2794 = CARTESIAN_POINT('',(2.057424114564,9.88091861731));
#2795 = ( GEOMETRIC_REPRESENTATION_CONTEXT(2) 
PARAMETRIC_REPRESENTATION_CONTEXT() REPRESENTATION_CONTEXT('2D SPACE',''
  ) );
#2796 = PCURVE('',#2559,#2797);
#2797 = DEFINITIONAL_REPRESENTATION('',(#2798),#2802);
#2798 = ELLIPSE('',#2799,6.184141086308,3.35);
#2799 = AXIS2_PLACEMENT_2D('',#2800,#2801);
#2800 = CARTESIAN_POINT('',(-1.974812926869E-31,1.464394618361E-15));
#2801 = DIRECTION('',(1.110223024625E-16,-1.));
#2802 = ( GEOMETRIC_REPRESENTATION_CONTEXT(2) 
PARAMETRIC_REPRESENTATION_CONTEXT() REPRESENTATION_CONTEXT('2D SPACE',''
  ) );
#2803 = ORIENTED_EDGE('',*,*,#2804,.F.);
#2804 = EDGE_CURVE('',#2422,#2776,#2805,.T.);
#2805 = SURFACE_CURVE('',#2806,(#2823,#2843),.PCURVE_S1.);
#2806 = B_SPLINE_CURVE_WITH_KNOTS('',8,(#2807,#2808,#2809,#2810,#2811,
    #2812,#2813,#2814,#2815,#2816,#2817,#2818,#2819,#2820,#2821,#2822),
  .UNSPECIFIED.,.F.,.F.,(9,7,9),(0.,0.372746554177,1.),.UNSPECIFIED.);
#2807 = CARTESIAN_POINT('',(-3.35,-7.79661016319E-16,11.496472676007));
#2808 = CARTESIAN_POINT('',(-3.35,0.206423714617,11.49647267603));
#2809 = CARTESIAN_POINT('',(-3.335463187852,0.412942964908,
    11.503767192943));
#2810 = CARTESIAN_POINT('',(-3.306366626884,0.617660874455,
    11.518367608858));
#2811 = CARTESIAN_POINT('',(-3.263079808249,0.81888488178,
    11.540142201713));
#2812 = CARTESIAN_POINT('',(-3.206244571542,1.015104223942,
    11.568875218752));
#2813 = CARTESIAN_POINT('',(-3.136717860012,1.20498168905,11.60428356734
    ));
#2814 = CARTESIAN_POINT('',(-3.055547853971,1.387354848994,
    11.646009662464));
#2815 = CARTESIAN_POINT('',(-2.809821027181,1.853857175456,
    11.773708516417));
#2816 = CARTESIAN_POINT('',(-2.626217695537,2.122351067508,
    11.870414874213));
#2817 = CARTESIAN_POINT('',(-2.418431477182,2.363139420284,
    11.981880384702));
#2818 = CARTESIAN_POINT('',(-2.191974363327,2.574608760564,
    12.106177520418));
#2819 = CARTESIAN_POINT('',(-1.951899071455,2.756359109722,
    12.241450572212));
#2820 = CARTESIAN_POINT('',(-1.702616085206,2.908986593008,
    12.385863377011));
#2821 = CARTESIAN_POINT('',(-1.447646178054,3.033654278843,
    12.537749677622));
#2822 = CARTESIAN_POINT('',(-1.189527214326,3.131696825425,
    12.695784928734));
#2823 = PCURVE('',#2295,#2824);
#2824 = DEFINITIONAL_REPRESENTATION('',(#2825),#2842);
#2825 = B_SPLINE_CURVE_WITH_KNOTS('',8,(#2826,#2827,#2828,#2829,#2830,
    #2831,#2832,#2833,#2834,#2835,#2836,#2837,#2838,#2839,#2840,#2841),
  .UNSPECIFIED.,.F.,.F.,(9,7,9),(0.,0.372746554177,1.),.UNSPECIFIED.);
#2826 = CARTESIAN_POINT('',(0.,6.803527323993));
#2827 = CARTESIAN_POINT('',(6.161901928853E-02,6.80352732397));
#2828 = CARTESIAN_POINT('',(0.123266531725,6.796232807057));
#2829 = CARTESIAN_POINT('',(0.184732978907,6.781632391142));
#2830 = CARTESIAN_POINT('',(0.245870545267,6.759857798287));
#2831 = CARTESIAN_POINT('',(0.306558590941,6.731124781248));
#2832 = CARTESIAN_POINT('',(0.366686696684,6.69571643266));
#2833 = CARTESIAN_POINT('',(0.426145111866,6.653990337536));
#2834 = CARTESIAN_POINT('',(0.583537002012,6.526291483583));
#2835 = CARTESIAN_POINT('',(0.679990727595,6.429585125787));
#2836 = CARTESIAN_POINT('',(0.773958271904,6.318119615298));
#2837 = CARTESIAN_POINT('',(0.865426717021,6.193822479583));
#2838 = CARTESIAN_POINT('',(0.95441230583,6.058549427788));
#2839 = CARTESIAN_POINT('',(1.041007612272,5.914136622989));
#2840 = CARTESIAN_POINT('',(1.125372301569,5.762250322378));
#2841 = CARTESIAN_POINT('',(1.207793742122,5.604215071266));
#2842 = ( GEOMETRIC_REPRESENTATION_CONTEXT(2) 
PARAMETRIC_REPRESENTATION_CONTEXT() REPRESENTATION_CONTEXT('2D SPACE',''
  ) );
#2843 = PCURVE('',#2486,#2844);
#2844 = DEFINITIONAL_REPRESENTATION('',(#2845),#2862);
#2845 = B_SPLINE_CURVE_WITH_KNOTS('',8,(#2846,#2847,#2848,#2849,#2850,
    #2851,#2852,#2853,#2854,#2855,#2856,#2857,#2858,#2859,#2860,#2861),
  .UNSPECIFIED.,.F.,.F.,(9,7,9),(0.,0.372746554177,1.),.UNSPECIFIED.);
#2846 = CARTESIAN_POINT('',(1.5707963269,4.46114958594E-02));
#2847 = CARTESIAN_POINT('',(1.598602052201,4.461149585918E-02));
#2848 = CARTESIAN_POINT('',(1.626420648737,4.43186876638E-02));
#2849 = CARTESIAN_POINT('',(1.654012019352,4.373261050154E-02));
#2850 = CARTESIAN_POINT('',(1.681163706778,4.286020336325E-02));
#2851 = CARTESIAN_POINT('',(1.707683955748,4.171339787377E-02));
#2852 = CARTESIAN_POINT('',(1.733397939725,4.030807386749E-02));
#2853 = CARTESIAN_POINT('',(1.758147032525,3.866375343912E-02));
#2854 = CARTESIAN_POINT('',(1.821578799583,3.367284425983E-02));
#2855 = CARTESIAN_POINT('',(1.858224802595,2.993151584192E-02));
#2856 = CARTESIAN_POINT('',(1.891209215525,2.567827229087E-02));
#2857 = CARTESIAN_POINT('',(1.920233618771,2.101610520459E-02));
#2858 = CARTESIAN_POINT('',(1.945134738001,1.604014539979E-02));
#2859 = CARTESIAN_POINT('',(1.965903414379,1.083538814998E-02));
#2860 = CARTESIAN_POINT('',(1.982643840465,5.471546679855E-03));
#2861 = CARTESIAN_POINT('',(1.995515994424,0.));
#2862 = ( GEOMETRIC_REPRESENTATION_CONTEXT(2) 
PARAMETRIC_REPRESENTATION_CONTEXT() REPRESENTATION_CONTEXT('2D SPACE',''
  ) );
#2863 = ORIENTED_EDGE('',*,*,#2421,.F.);
#2864 = ORIENTED_EDGE('',*,*,#2307,.T.);
#2865 = ADVANCED_FACE('',(#2866),#2486,.T.);
#2866 = FACE_BOUND('',#2867,.T.);
#2867 = EDGE_LOOP('',(#2868,#2869,#2891));
#2868 = ORIENTED_EDGE('',*,*,#2444,.F.);
#2869 = ORIENTED_EDGE('',*,*,#2870,.T.);
#2870 = EDGE_CURVE('',#2445,#2776,#2871,.T.);
#2871 = SURFACE_CURVE('',#2872,(#2877,#2884),.PCURVE_S1.);
#2872 = ELLIPSE('',#2873,7.6,2.41);
#2873 = AXIS2_PLACEMENT_3D('',#2874,#2875,#2876);
#2874 = CARTESIAN_POINT('',(-5.307583710963E-17,-2.840091503988E-32,
    10.85));
#2875 = DIRECTION('',(-0.840566603496,1.029397200441E-16,-0.541708210283
    ));
#2876 = DIRECTION('',(-6.23229871463E-17,-1.,-9.332163969319E-17));
#2877 = PCURVE('',#2486,#2878);
#2878 = DEFINITIONAL_REPRESENTATION('',(#2879),#2883);
#2879 = LINE('',#2880,#2881);
#2880 = CARTESIAN_POINT('',(0.,0.));
#2881 = VECTOR('',#2882,1.);
#2882 = DIRECTION('',(1.,0.));
#2883 = ( GEOMETRIC_REPRESENTATION_CONTEXT(2) 
PARAMETRIC_REPRESENTATION_CONTEXT() REPRESENTATION_CONTEXT('2D SPACE',''
  ) );
#2884 = PCURVE('',#2559,#2885);
#2885 = DEFINITIONAL_REPRESENTATION('',(#2886),#2890);
#2886 = ELLIPSE('',#2887,7.6,2.41);
#2887 = AXIS2_PLACEMENT_2D('',#2888,#2889);
#2888 = CARTESIAN_POINT('',(0.,0.));
#2889 = DIRECTION('',(1.,-6.3772445512E-33));
#2890 = ( GEOMETRIC_REPRESENTATION_CONTEXT(2) 
PARAMETRIC_REPRESENTATION_CONTEXT() REPRESENTATION_CONTEXT('2D SPACE',''
  ) );
#2891 = ORIENTED_EDGE('',*,*,#2804,.F.);
#2892 = ADVANCED_FACE('',(#2893),#2559,.F.);
#2893 = FACE_BOUND('',#2894,.F.);
#2894 = EDGE_LOOP('',(#2895,#2896,#2897,#2898));
#2895 = ORIENTED_EDGE('',*,*,#2537,.T.);
#2896 = ORIENTED_EDGE('',*,*,#2870,.T.);
#2897 = ORIENTED_EDGE('',*,*,#2775,.T.);
#2898 = ORIENTED_EDGE('',*,*,#2899,.F.);
#2899 = EDGE_CURVE('',#2538,#2747,#2900,.T.);
#2900 = SURFACE_CURVE('',#2901,(#2905,#2911),.PCURVE_S1.);
#2901 = LINE('',#2902,#2903);
#2902 = CARTESIAN_POINT('',(0.,-1.420045751994E-32,10.85));
#2903 = VECTOR('',#2904,1.);
#2904 = DIRECTION('',(6.123233995737E-17,1.,9.50139928564E-17));
#2905 = PCURVE('',#2559,#2906);
#2906 = DEFINITIONAL_REPRESENTATION('',(#2907),#2910);
#2907 = B_SPLINE_CURVE_WITH_KNOTS('',1,(#2908,#2909),.UNSPECIFIED.,.F.,
  .F.,(2,2),(-3.35,3.35),.PIECEWISE_BEZIER_KNOTS.);
#2908 = CARTESIAN_POINT('',(3.35,-3.549633282164E-17));
#2909 = CARTESIAN_POINT('',(-3.35,-2.200690063819E-17));
#2910 = ( GEOMETRIC_REPRESENTATION_CONTEXT(2) 
PARAMETRIC_REPRESENTATION_CONTEXT() REPRESENTATION_CONTEXT('2D SPACE',''
  ) );
#2911 = PCURVE('',#2593,#2912);
#2912 = DEFINITIONAL_REPRESENTATION('',(#2913),#2916);
#2913 = B_SPLINE_CURVE_WITH_KNOTS('',1,(#2914,#2915),.UNSPECIFIED.,.F.,
  .F.,(2,2),(-3.35,3.35),.PIECEWISE_BEZIER_KNOTS.);
#2914 = CARTESIAN_POINT('',(-3.35,-7.793457593205E-16));
#2915 = CARTESIAN_POINT('',(3.35,7.218425258607E-16));
#2916 = ( GEOMETRIC_REPRESENTATION_CONTEXT(2) 
PARAMETRIC_REPRESENTATION_CONTEXT() REPRESENTATION_CONTEXT('2D SPACE',''
  ) );
#2917 = ADVANCED_FACE('',(#2918),#2593,.F.);
#2918 = FACE_BOUND('',#2919,.F.);
#2919 = EDGE_LOOP('',(#2920,#2921,#2922,#2944));
#2920 = ORIENTED_EDGE('',*,*,#2899,.T.);
#2921 = ORIENTED_EDGE('',*,*,#2746,.T.);
#2922 = ORIENTED_EDGE('',*,*,#2923,.T.);
#2923 = EDGE_CURVE('',#2606,#2572,#2924,.T.);
#2924 = SURFACE_CURVE('',#2925,(#2930,#2937),.PCURVE_S1.);
#2925 = ELLIPSE('',#2926,7.6,2.41);
#2926 = AXIS2_PLACEMENT_3D('',#2927,#2928,#2929);
#2927 = CARTESIAN_POINT('',(5.307583710963E-17,0.,10.85));
#2928 = DIRECTION('',(0.840566603496,-1.174510117345E-33,-0.541708210283
    ));
#2929 = DIRECTION('',(-6.014169276844E-17,1.,-9.332163969319E-17));
#2930 = PCURVE('',#2593,#2931);
#2931 = DEFINITIONAL_REPRESENTATION('',(#2932),#2936);
#2932 = ELLIPSE('',#2933,7.6,2.41);
#2933 = AXIS2_PLACEMENT_2D('',#2934,#2935);
#2934 = CARTESIAN_POINT('',(0.,0.));
#2935 = DIRECTION('',(1.,1.434432206543E-32));
#2936 = ( GEOMETRIC_REPRESENTATION_CONTEXT(2) 
PARAMETRIC_REPRESENTATION_CONTEXT() REPRESENTATION_CONTEXT('2D SPACE',''
  ) );
#2937 = PCURVE('',#2679,#2938);
#2938 = DEFINITIONAL_REPRESENTATION('',(#2939),#2943);
#2939 = LINE('',#2940,#2941);
#2940 = CARTESIAN_POINT('',(0.,0.));
#2941 = VECTOR('',#2942,1.);
#2942 = DIRECTION('',(1.,0.));
#2943 = ( GEOMETRIC_REPRESENTATION_CONTEXT(2) 
PARAMETRIC_REPRESENTATION_CONTEXT() REPRESENTATION_CONTEXT('2D SPACE',''
  ) );
#2944 = ORIENTED_EDGE('',*,*,#2571,.T.);
#2945 = ADVANCED_FACE('',(#2946),#2679,.T.);
#2946 = FACE_BOUND('',#2947,.T.);
#2947 = EDGE_LOOP('',(#2948,#2949));
#2948 = ORIENTED_EDGE('',*,*,#2605,.F.);
#2949 = ORIENTED_EDGE('',*,*,#2923,.T.);
#2950 = ( GEOMETRIC_REPRESENTATION_CONTEXT(3) 
GLOBAL_UNCERTAINTY_ASSIGNED_CONTEXT((#2954)) 
GLOBAL_UNIT_ASSIGNED_CONTEXT((#2951,#2952,#2953)) REPRESENTATION_CONTEXT
('Context #1','3D Context with UNIT and UNCERTAINTY') );
#2951 = ( LENGTH_UNIT() NAMED_UNIT(*) SI_UNIT(.MILLI.,.METRE.) );
#2952 = ( NAMED_UNIT(*) PLANE_ANGLE_UNIT() SI_UNIT($,.RADIAN.) );
#2953 = ( NAMED_UNIT(*) SI_UNIT($,.STERADIAN.) SOLID_ANGLE_UNIT() );
#2954 = UNCERTAINTY_MEASURE_WITH_UNIT(LENGTH_MEASURE(2.E-06),#2951,
  'distance_accuracy_value','confusion accuracy');
#2955 = CONTEXT_DEPENDENT_SHAPE_REPRESENTATION(#2956,#2958);
#2956 = ( REPRESENTATION_RELATIONSHIP('','',#176,#32) 
REPRESENTATION_RELATIONSHIP_WITH_TRANSFORMATION(#2957) 
SHAPE_REPRESENTATION_RELATIONSHIP() );
#2957 = ITEM_DEFINED_TRANSFORMATION('','',#11,#37);
#2958 = PRODUCT_DEFINITION_SHAPE('Placement','Placement of an item',
  #2959);
#2959 = NEXT_ASSEMBLY_USAGE_OCCURRENCE('2','','',#27,#171,$);
#2960 = PRODUCT_RELATED_PRODUCT_CATEGORY('part',$,(#173));
ENDSEC;
END-ISO-10303-21;
