$MeshFormat
4.1 0 8
$EndMeshFormat
$Entities
4 6 5 1
1 18.425 10.471568650398 9.875 0 
2 15.625 17.330139930191 1.475 0 
3 8.300000000000001 2.204540768505 6.5 0 
4 14.325 -12.55363493176 24.575 0 
1 -20.57918058972728 -21.3752114613493 -10.81463879029398 23.37918058972728 14.5166401815573 19.21463879029399 0 2 1 -1 
2 15.6249999 10.47156855039662 1.4749999 18.42500009999966 17.330140030191 9.875000099998989 0 2 2 -1 
3 -23.37918058972728 -14.5166401815573 -19.21463879029399 20.57918058972728 21.3752114613493 10.81463879029398 0 2 2 -2 
4 -7.507861796277133 -10.70252435828236 -1.885228115449544 10.30786179627713 3.843953078490358 10.28522811544954 0 2 3 -3 
5 8.299999900000001 -12.55363503176537 6.499999900000001 14.32500009999868 2.204540868505 24.57500009999605 0 2 3 -4 
6 -1.482861796277135 -25.46070005854636 16.18977188455045 16.33286179627714 -10.91422262177364 28.36022811544954 0 2 4 -4 
1 -23.37918058972728 -21.37521146135167 -19.21463879029398 23.37918058972694 21.3752114613493 19.21463879029297 0 4 -1 -2 3 2 
2 -20.57918058972728 -21.3752114613493 -10.81463879029398 23.37918058972728 14.5166401815573 19.21463879029399 0 2 1 -4 
3 -23.37918058972728 -14.5166401815573 -19.21463879029399 20.57918058972728 21.3752114613493 10.81463879029398 0 1 3 
4 -7.507861796277135 -25.46070005855273 -1.885228115449543 16.33286179627582 3.843953078490358 28.36022811544559 0 4 4 5 -6 -5 
5 -1.482861796277135 -25.46070005854636 16.18977188455045 16.33286179627714 -10.91422262177364 28.36022811544954 0 1 6 
1 -23.37918058972728 -25.46070005855273 -19.21463879029399 23.37918058972728 21.37521146134929 28.36022811544954 0 5 1 2 -3 4 5 
$EndEntities
$Nodes
16 773 1 773
0 1 0 1
1
18.425 10.471568650398 9.875
0 2 0 1
2
15.625 17.330139930191 1.475
0 3 0 1
3
8.300000000000001 2.204540768505 6.5
0 4 0 1
4
14.325 -12.55363493176 24.575
1 1 0 35
5
6
7
8
9
10
11
12
13
14
15
16
17
18
19
20
21
22
23
24
25
26
27
28
29
30
31
32
33
34
35
36
37
38
39
15.75249397950877 12.23129025519767 12.20264201387118
12.64389469216325 13.51517318605873 14.28712779967956
9.193655354281606 14.28420730980304 16.06512131162763
5.506609742240014 14.51502591373068 17.48259911656298
1.694786871225252 14.20061569136114 18.49649186866104
-2.125992949702326 13.35052983820189 19.07599294970377
-5.839637259091729 11.99059778273696 19.2034945125854
-9.333308853796849 10.16214037231283 18.87512248683668
-12.5008542902957 7.920714360101149 18.1008542902957
-15.24602930335558 5.334424341266685 16.90421567031578
-17.48542313933028 2.481853429305802 15.32156588583662
-19.15099294970162 -0.5503244520920672 13.4009929497002
-20.1921312386005 -3.669978112356713 11.20085249871422
-20.57720354596011 -6.782318453641901 8.787994687157116
-20.2945096445773 -9.792778589597905 6.235732978668062
-19.35263904559559 -12.60988721236 3.621616553752785
-17.78021001055553 -15.14804790195133 1.025074017175587
-15.62499999999929 -17.33013993018995 -1.475000000003569
-12.95249397950876 -19.08986153498967 -3.802642013871178
-9.843894692163266 -20.37374446585072 -5.887127799679548
-6.393655354281615 -21.14277858959504 -7.665121311627627
-2.706609742240028 -21.37359719352268 -9.082599116562982
1.10521312877475 -21.05918697115314 -10.09649186866104
4.925992949702309 -20.20910111799389 -10.67599294970377
8.639637259091691 -18.84916906252898 -10.8034945125854
12.13330885379681 -17.02071165210486 -10.47512248683668
15.30085429029566 -14.77928563989318 -9.70085429029572
18.04602930335553 -12.19299562105874 -8.504215670315805
20.28542313933023 -9.340424709097872 -6.921565885836658
21.95099294970159 -6.308246827700007 -5.000992949700248
22.99213123860048 -3.188593167435386 -2.800852498714296
23.3772035459601 -0.07625282615019868 -0.387994687157196
23.09450964457731 2.934207309805828 2.16426702133187
22.15263904559561 5.751315932567964 4.778383446247174
20.58021001055554 8.289476622159313 7.374925982824392
1 2 0 2
40
41
16.55833333333322 15.04394950359287 4.274999999999669
17.49166666666645 12.75775907699474 7.074999999999342
1 3 0 35
42
43
44
45
46
47
48
49
50
51
52
53
54
55
56
57
58
59
60
61
62
63
64
65
66
67
68
69
70
71
72
73
74
75
76
12.95249397950876 19.08986153498967 3.802642013871176
9.843894692163252 20.37374446585073 5.887127799679557
6.393655354281606 21.14277858959504 7.665121311627632
2.706609742240014 21.37359719352268 9.082599116562985
-1.105213128774748 21.05918697115314 10.09649186866103
-4.925992949702326 20.20910111799389 10.67599294970377
-8.63963725909173 18.84916906252896 10.8034945125854
-12.13330885379685 17.02071165210483 10.47512248683667
-15.3008542902957 14.77928563989315 9.700854290295705
-18.04602930335558 12.19299562105868 8.504215670315777
-20.28542313933027 9.340424709097801 6.921565885836617
-21.95099294970162 6.308246827699932 5.000992949700197
-22.9921312386005 3.188593167435287 2.800852498714222
-23.37720354596011 0.07625282615009921 0.3879946871571169
-23.0945096445773 -2.934207309805906 -2.164267021331939
-22.15263904559559 -5.751315932568003 -4.778383446247215
-20.58021001055553 -8.289476622159334 -7.374925982824413
-18.42499999999929 -10.47156865039795 -9.87500000000357
-15.75249397950876 -12.23129025519767 -12.20264201387118
-12.64389469216327 -13.51517318605872 -14.28712779967955
-9.193655354281615 -14.28420730980304 -16.06512131162763
-5.506609742240029 -14.51502591373068 -17.48259911656298
-1.69478687122525 -14.20061569136114 -18.49649186866104
2.125992949702308 -13.35052983820189 -19.07599294970376
5.83963725909169 -11.99059778273698 -19.2034945125854
9.333308853796806 -10.16214037231286 -18.87512248683668
12.50085429029565 -7.920714360101185 -18.10085429029572
15.24602930335553 -5.334424341266738 -16.90421567031581
17.48542313933023 -2.481853429305872 -15.32156588583666
19.1509929497016 0.5503244520919925 -13.40099294970025
20.19213123860048 3.669978112356614 -11.2008524987143
20.57720354596011 6.782318453641802 -8.787994687157196
20.29450964457732 9.792778589597829 -6.23573297866813
19.35263904559562 12.60988721235996 -3.621616553752826
17.78021001055554 15.14804790195131 -1.025074017175609
1 4 0 15
77
78
79
80
81
82
83
84
85
86
87
88
89
90
91
5.618796747011329 3.536035057426297 8.480894952093578
2.295319932778212 3.807122410969551 9.810062454138837
-1.164461225124984 2.976532236970854 10.28514880288424
-4.233826408401798 1.17071436010283 9.833826408401777
-6.445492591763003 -1.335411817661179 8.524805014003707
-7.462753647595727 -4.160311303846965 6.557371260678658
-7.130740801643888 -6.873918759460366 4.231049102538973
-5.499999999999705 -9.063112048297079 1.899999999998546
-2.818796747011315 -10.3946063372183 -0.0808949520935851
0.5046800672217997 -10.66569369076155 -1.41006245413884
3.964461225124989 -9.835103516762853 -1.885148802884241
7.033826408401794 -8.029285639894834 -1.433826408401779
9.245492591762998 -5.523159462130827 -0.1248050140037105
10.26275364759573 -2.698259975945044 1.842628739321334
9.930740801643891 0.01534747966835726 4.168950897461018
1 5 0 6
92
93
94
95
96
97
9.160714285714096 0.09622995418066393 9.082142857142289
10.02142857142819 -2.012080860143672 11.66428571428458
10.88214285714229 -4.120391674468006 14.24642857142686
11.74285714285639 -6.228702488792344 16.82857142856916
12.60357142857048 -8.337013303116683 19.41071428571145
13.46428571428458 -10.44532411744103 21.99285714285375
1 6 0 15
98
99
100
101
102
103
104
105
106
107
108
109
110
111
112
11.64379674701133 -11.2221406428377 26.55589495209358
8.320319932778212 -10.95105328929445 27.88506245413884
4.860538774875016 -11.78164346329315 28.36014880288424
1.791173591598201 -13.58746134016117 27.90882640840178
-0.4204925917630034 -16.09358751792518 26.59980501400371
-1.437753647595728 -18.91848700411096 24.63237126067866
-1.105740801643889 -21.63209445972436 22.30604910253897
0.5250000000002952 -23.82128774856108 19.97499999999854
3.206203252988685 -25.1527820374823 17.99410504790641
6.5296800672218 -25.42386939102555 16.66493754586116
9.989461225124989 -24.59327921702685 16.18985119711576
13.05882640840179 -22.78746134015883 16.64117359159822
15.270492591763 -20.28133516239483 17.95019498599629
16.28775364759573 -17.45643567620904 19.91762873932133
15.95574080164389 -14.74282822059564 22.24395089746102
2 1 0 107
113
114
115
116
117
118
119
120
121
122
123
124
125
126
127
128
129
130
131
132
133
134
135
136
137
138
139
140
141
142
143
144
145
146
147
148
149
150
151
152
153
154
155
156
157
158
159
160
161
162
163
164
165
166
167
168
169
170
171
172
173
174
175
176
177
178
179
180
181
182
183
184
185
186
187
188
189
190
191
192
193
194
195
196
197
198
199
200
201
202
203
204
205
206
207
208
209
210
211
212
213
214
215
216
217
218
219
14.27031853383214 15.70355746654974 8.065128135230513
19.2328657242457 11.65157718955284 3.10284145388554
21.69563662126452 -2.655678097324512 -6.501113183577735
-21.37318549539298 -6.201907898974826 4.981070305647498
-19.49910844296652 -11.82110286527259 -0.2530694812831138
20.76106036804477 9.133240079708061 -2.362211934826596
9.587240048987239 -15.89252376097171 -13.25142626088681
-15.20539937459806 -16.17774948091872 -5.213875823987054
-10.09871978055191 -16.06366489980233 -12.64880531769902
10.09871978055086 16.0636648998005 12.64880531769778
-1.665520033617417 -19.18655516012892 -12.21146556680458
1.665520033617178 19.18655516012689 12.21146556680311
-4.85979200049208 14.82984339902796 16.62756487452252
-12.90771540578874 13.84985396454464 12.71181243364448
14.78819928008815 -8.763765682132336 -14.98410225223251
-17.29000382621814 6.033947434146063 13.5891498349068
-21.69563662126437 2.655678097324394 6.501113183577623
19.24732020689286 -3.073904549553532 -11.83871954597534
18.37717299247791 -8.696957155564066 -10.32764233613337
4.859792000492584 -14.82984339902954 -16.62756487452409
-18.71533859863805 -11.52723480204243 -6.072619380563788
-21.84822953430293 -6.47023035829088 -0.8992955639479949
21.32429669952557 3.135231227196206 -7.447311099105383
22.46285060321089 3.545315795966128 -1.693760865332726
-2.75268919987537 -16.52354543870963 -15.47297306557767
-9.008963008744693 -18.73316372156054 -9.379296941130516
-20.60583393587406 -0.01390854335567271 9.770541779788402
-18.37717299247713 8.696957155563638 10.32764233613281
2.752689199875102 16.5235454387077 15.47297306557608
-11.82054623952961 11.18684424312645 15.97331993241787
9.01155061429372 18.72667462121959 9.387297818924463
-5.946961166750794 17.49285312044679 13.36605737574953
2.167981781462267 -18.60851132742722 -13.00333287995771
5.960520936276513 -17.4487830847885 -13.40863542941598
-5.425556862518441 -19.23576222551673 -10.98261443543306
-12.28408613758336 -17.72207930847986 -7.42966299407326
-14.56566175756477 -15.13594153535226 -8.647002388727554
12.90771540578935 -13.84985396454575 -12.71181243364578
10.42047802005558 -12.82515009373143 -15.61361498806345
15.87795981439398 -11.43332889468858 -11.71466493985049
-17.62672460091103 -14.19827764347281 -2.793763951911667
-20.78229582710472 -9.077818711003799 2.334360723911708
20.33711297902144 -5.743343366697513 -8.569340104990022
-21.32429669952583 -3.135231227196311 7.447311099105362
-22.29003437970238 -2.586756895267253 3.649502185931746
22.41146586578351 0.4722215057789101 -4.185803600330765
21.37568143695338 6.208325517383489 -4.955268364107368
-6.519071233803505 -16.55907282955023 -14.26051619293609
1.078189797263417 -15.93907330802649 -16.27271323494496
-20.33973780271785 5.749770245363331 8.56146675849909
-15.87536844634637 11.42677540354956 11.72259475345794
20.60575616757903 0.01517197658887071 -9.770949757103029
-2.167984575128993 18.60851070586214 13.00333330367394
5.429276504827454 19.22851062254906 10.99113656801864
-20.58627760922341 -9.158093143854622 -3.514576980057573
17.28659548356381 -6.027358323107157 -13.59829106201522
-9.564384506736662 15.89256882260996 13.26523849804827
-19.24665129334885 3.07377085590173 11.84007538102603
21.84822953430189 6.470230358290523 0.8992955639480913
-14.78557606890805 8.757336749418181 14.99197445910528
-8.477215340477683 13.22955910119143 16.52674599682143
-1.078189797253718 15.93907330802924 16.27271323493901
6.51644567108462 16.56550090112973 14.25264406679208
13.24414718584914 15.02639353243246 10.92708844962976
12.09184522259721 17.84894537200618 7.470182559877101
20.70810234086327 8.932099668166625 3.463133294619614
19.55580037761193 11.75465150774182 0.006227404858669239
-22.0022721138564 -5.266894922928257 2.009846370097177
7.811950994612866 -14.59874932376444 -15.54765521139538
-12.84164082629776 -14.99901540700271 -11.50980410713854
-16.97061622628692 -12.82521514115823 -8.358578489129908
12.36477993417811 -10.40554645711948 -16.1613926684524
-22.43541018619465 0.4869160478838044 4.33232909822378
15.7737627058456 13.52017763515737 9.581607439035697
19.44744436432257 10.51597066868076 5.873082499483419
18.03395635291169 13.97829475667911 1.63261943612267
14.34863163271854 17.01102158090624 5.30621421965169
20.55125378151674 -2.878974998524602 -9.200406036127735
16.64560017787915 -8.762658842700203 -12.70550304675279
-0.2953645764156589 -17.62970333267236 -14.29672411297399
-7.793226228803709 -17.71454408815801 -11.86383393519261
4.106749572998901 17.94364163051642 13.28346092596771
7.793226228802832 17.71454408815607 11.86383393519131
0.2945469839048822 17.62960362104835 14.29686393584438
-3.526138050249946 16.78022433748515 14.87549737210823
-7.240034662299356 15.42084078028491 15.00231882658212
-19.18063913603441 -11.71771112359803 -3.176213359261075
-10.7336913765485 13.59199537766739 14.67431539078154
-20.75306817107451 -9.179550434006634 -0.5796708226839593
-13.90121606281481 11.35002676702583 13.90047065816035
-16.64640435046003 8.76380155735883 12.70366107798476
21.59198326203784 0.2410944529879728 -7.001295069838469
-18.88534273030121 5.910891682855351 11.12183391403749
21.97711738423596 3.353442061692402 -4.588108318914558
21.69441191597682 6.363957987345914 -2.035320700823086
-20.55056382422229 2.877910049346354 9.20228032613694
18.88551527568955 -5.910559617263649 -11.12171740249267
3.52539170117265 -16.77999183112185 -14.87593652516845
-4.106563024920085 -17.94456496984688 -13.28227120396824
20.77398432660466 9.134891493743149 0.5341653512741589
11.2071383622886 16.9560319886949 10.10856216120668
-21.58419209905296 -0.2601393133474428 7.024669917356957
-17.01706086045312 -13.92030113118201 -5.651182581361188
13.90866785919022 -11.36800649192485 -13.87833847461664
-11.23604321694903 -16.96286893264751 -10.06495416951487
7.764543238934717 -12.77966241234021 -17.38995236935507
-22.69732390788209 -3.246097493104011 0.5501634061820253
2 2 0 86
220
221
222
223
224
225
226
227
228
229
230
231
232
233
234
235
236
237
238
239
240
241
242
243
244
245
246
247
248
249
250
251
252
253
254
255
256
257
258
259
260
261
262
263
264
265
266
267
268
269
270
271
272
273
274
275
276
277
278
279
280
281
282
283
284
285
286
287
288
289
290
291
292
293
294
295
296
297
298
299
300
301
302
303
304
305
13.13123848821894 -0.06756520947889921 3.034420408065055
-9.887450302381096 -2.508597887363277 8.714221836172285
2.527607603069642 -12.64545021918008 -3.700836069278405
4.854900835488015 6.164857545931646 10.8819514963326
10.50477871851228 -7.950748439222979 -2.526685155947717
-6.110311688294745 -11.93951674982292 -0.2451373747308443
-4.137638374666075 4.00473505387078 12.1157319372306
-15.54081617458085 -12.29547698999047 2.607723801654736
16.68483564886581 6.871017581817378 7.515217146762034
19.15725684159829 -4.710884756418967 -2.765506910627445
-3.874572937977599 -18.78392642687949 -6.578820724623763
-0.144655602931103 11.36290003529351 16.79265422922141
-17.94952332918463 -7.788653199478155 7.09043240232094
-13.67360026831552 2.796263651675342 14.30767313373857
12.13545002182243 10.34407849815992 11.86742138599151
9.024709566451309 -15.73682872124379 -8.390636701028306
11.77351862303017 2.673828280062009 5.725332107649742
15.38347357784394 2.217109829476854 4.149104736028973
-9.032216035786705 -9.567938505600551 2.6652162689106
8.913011231854608 5.086020015425403 8.648380875841918
6.957252327616196 -10.88972013812164 -3.743836702577269
-7.737128890057241 1.108191884953219 10.95054451509611
14.35898369131398 -11.96217701713109 -7.086737865380456
-11.91135569060989 -15.97020787472503 -1.60250156288521
-9.050614952414049 7.151680236356842 16.32286077834764
12.49888849810698 -4.930803432110194 -0.72561364291444
-10.41708942697837 -6.266596907609191 5.822374859876481
-2.0741584493311 -13.07709668928465 -2.519351918821511
0.2661529712455519 5.838446019254155 12.1450202222391
2.899508654765769 -18.66403322820101 -8.738955535407392
-17.25867897572532 -2.204941950210976 11.4192320950837
6.739116509184274 12.36953161566691 15.31997476881197
16.80941851565696 -0.08547308479893312 1.793738679948554
14.26065511822378 -6.861649991002719 -2.889398796585714
-2.877628318289976 6.899140847422998 14.05900101935881
-5.547975768816316 -14.68356563551492 -2.673089214290464
-0.06765652368175834 -15.29159440244098 -4.996315705302979
-13.12830181979267 -4.627622173460274 8.064329590807883
2.867656523681775 8.433023122648994 13.39631570530298
-12.95464953174783 -9.385165695218571 4.121927475661128
8.643416234972626 8.239711518048964 11.3132242039964
-11.75693392605114 0.2575797565065505 11.59595763252148
5.915469485758152 -14.17187720600633 -6.076445779287769
-10.43860399598879 -13.09548872739146 0.2537795605005404
12.71109915959986 5.806188150451495 7.970366386535598
11.06846428386515 -11.32502003527861 -5.469661565700554
-8.270260206618257 4.464982390699054 13.86906292478283
19.4074640325357 3.16502591373348 3.581744826267244
16.03069454041099 -4.357376306141433 -1.43468103591758
20.29117429289188 0.7820069660971041 1.341447916450108
17.11447441745293 4.656147997600323 5.563570781185012
14.46384211401723 8.876178449483207 9.892755317704665
-14.0913659545349 -14.34861821952711 0.4481909342271169
-8.695011332389067 -15.13425480474244 -1.992063525501762
-7.09210325428395 -17.62317705423948 -4.558562725113432
-15.45977905781473 0.09350702537564315 12.69627451911744
5.714522249770901 -17.19523759579571 -8.478026788468195
9.215947859726391 11.32187610968654 13.63895718000791
-11.68147325878029 5.133526178304455 15.55199765895064
-5.977553817258128 6.834900355724338 15.03985737718578
-3.718723634365379 9.642037658119962 16.57893199248967
11.88725985903623 -14.11026382918439 -8.01673545886592
14.00617044853739 -9.442982349752409 -4.912219618514849
17.46101470173778 -7.750669353173521 -4.682066594014969
-16.68892332007565 -9.83470895836075 4.999634867768931
-0.414637337423184 -18.10712524125629 -7.179526737445882
-16.65432659882792 -4.918456319371169 9.002206098066269
3.217406660796184 11.24878447839358 15.57879184593949
18.8706319865417 -2.015845427291265 -0.4694748945759857
-12.41370457537418 -11.55651193112995 2.168715712570727
8.739217014094297 -13.28181680588787 -6.290963681883691
-10.66683701577761 2.563159958795857 13.11509034798814
2.850748693848242 -15.66331730693504 -6.272627925051668
5.935708218810236 9.295973366634248 13.07822773065177
-13.64849699216234 -2.255357783109289 10.1746737453766
-14.34279682555007 -7.136585505048448 6.420601277478216
-3.159729858197386 -16.15138686069077 -4.6676421962664
-0.0732214931230275 8.795215399119433 14.67233713294789
14.69831816267065 -2.33240173102919 0.662829240374474
11.37336375245335 7.670435326313799 9.938429634014021
14.60947773539056 4.363929775874652 6.159974496281931
16.81011188061748 -10.21771118865071 -6.479430210648329
-6.891009476802592 9.142853827141559 17.228778715387
-10.2049411355418 -17.64242503725804 -3.536666010351889
16.72740530049271 -5.92014510168416 -2.94291333428643
19.46303060155892 5.975523206992486 5.857984067246212
2 3 0 112
306
307
308
309
310
311
312
313
314
315
316
317
318
319
320
321
322
323
324
325
326
327
328
329
330
331
332
333
334
335
336
337
338
339
340
341
342
343
344
345
346
347
348
349
350
351
352
353
354
355
356
357
358
359
360
361
362
363
364
365
366
367
368
369
370
371
372
373
374
375
376
377
378
379
380
381
382
383
384
385
386
387
388
389
390
391
392
393
394
395
396
397
398
399
400
401
402
403
404
405
406
407
408
409
410
411
412
413
414
415
416
417
17.12696420807845 7.551352577386142 -7.010001175209099
-19.92696420807847 -0.6927812975942245 -1.389998824790965
-0.4942641460217412 -11.59968919516545 -16.77301851900672
-3.117449379540246 18.24436770287814 8.468946977106075
11.9113556906105 15.9702078747256 1.602501562885469
13.67360026831549 -2.7962636516754 -14.30767313373861
-12.25882238480366 -10.40283284477355 -11.87426998812246
-14.38797837602761 12.32849625444057 7.395501165076348
15.77763821546023 12.45788133609576 -2.554061888625049
6.676349255664407 18.13231845363905 5.112859603138591
16.36070776836186 2.250347531339987 -11.082834857549
8.860435730985859 -6.951870754779106 -16.09632394599302
-8.94336006264068 15.58282750415432 8.237778732545788
-19.27848692921111 4.548525222900217 2.673350935832594
-17.01840930424598 -7.629295431310181 -8.023157199806285
-6.376102320234686 -12.10599348784264 -15.22580151814916
14.59044061450708 14.59748072357783 -0.4113537705392485
11.8579991559098 12.08112657492649 -1.555134509784629
8.566941185143827 13.51308005010304 0.7110699303336494
8.212359624882033 10.31726243740237 -1.78011037028533
5.079703846932299 11.61924897892392 0.3271757819311967
4.715265773878578 8.501854340387192 -2.096686924152746
1.601252884099609 9.770665737143348 -0.02270246026587497
1.24411988287306 6.662485994524329 -2.441476259281792
-1.877061914676772 7.928637361137518 -0.3672740649881985
-2.236290553209735 4.818938738388713 -2.78658947866812
0.8870153822783169 3.55379641628027 -4.860675837552993
-2.595460851291714 1.709226292909725 -5.205935625376971
-5.718808427352212 2.974328172829697 -3.131868407209896
0.5275862392748238 0.4439596365198408 -7.280037221137027
-6.078794777653451 -0.1358158885088288 -5.551294949385913
4.010839566156312 2.288931270322197 -6.934708632522086
-9.201986307059325 1.129370020378416 -3.477211137405902
-8.841835519897801 4.239603071070089 -1.057766748014063
3.650854545280535 -0.8211897921732247 -9.354116839363163
0.1676015061892269 -2.666180880403636 -9.699461408382154
7.134176883737569 1.02384253574292 -9.008761698070348
-1.518847818956145 11.03625260691998 2.050678459459368
-9.562074763776238 -1.980829355925265 -5.896648808589951
-12.32514757469662 2.39457235294216 -1.403124002806377
-11.96502364485738 5.504790897729817 1.016317495005191
-6.43889276827961 -3.246020050422963 -7.970733350034786
-8.481729477335055 7.349797795035565 1.361661262603138
7.470848697781273 4.120064660669264 -6.592930857288929
3.290777317143743 -3.931377745194174 -11.77354892633596
-0.1373646877797552 -5.705284259989172 -12.07922352891081
11.11530708965603 8.875699453015942 -3.924790773153879
-9.90358488128774 -5.067052515673092 -8.302702760667694
-6.78653443779587 -6.25222402136181 -10.30940805737311
10.52541347466902 2.970312769290666 -8.549887604477636
2.93066315737582 -7.041588566168629 -14.1929873743709
-12.90561128082504 -3.67043178209067 -6.161691240332059
-11.68824250152067 8.52426981145766 3.389451323135932
-8.060302281000894 10.41351405054558 3.722699378049216
10.25740343679216 -0.2413213014732616 -11.08283916315597
-15.23016330129134 6.626396606052879 3.020484606478284
5.53932712118926 14.71811022866993 2.704177639033433
6.413971602142059 -5.196563169126177 -13.84763326088249
-15.48680253730262 3.632652944487866 0.6616495546393404
-15.85464892093266 0.6790104842761582 -1.62737395419727
6.769255131722511 -2.086781102482044 -11.42693467922983
-12.66967293458585 -0.6681628605647254 -3.788995046292794
-16.3558197147664 -2.609244809444513 -4.14516622746068
-2.955610689765538 -1.401006144202005 -7.625379830012117
-3.315703486832505 -4.511205975306167 -10.04481642575585
-3.483598535920045 -7.400548208922542 -12.34798946427198
-5.359033907165584 6.084339887399002 -0.7124793156802403
-4.989244701765553 9.186193174527903 1.696910219334108
4.350113533154389 5.393889427965222 -4.512612235214746
-4.631597691464648 12.22471294534732 4.058635553189991
-1.006747385461937 14.15448938160356 4.426007980014393
1.998092477836178 12.87085205845387 2.376309206745066
9.656623482283125 -3.773966313177011 -13.76697175200809
2.830971868063731 16.05000789557078 4.69445261457913
7.781540801118927 7.217680519618705 -4.167302133874245
10.8059920270047 5.928825623595573 -6.227798158418038
14.23498279041006 4.811778912056731 -8.282859900261485
-7.401166242739126 13.03648840473184 5.644636957350206
-4.434146248211066 15.28116914713244 6.488404443952526
-11.05328068528136 11.84531152415508 5.889416587926209
-13.30821110585689 -7.025055469302684 -8.766530069563466
13.8854803169809 0.1234184441786197 -11.99438936796558
3.781828940670794 18.87228695372006 6.681881458447022
-18.45761461062959 7.226248965896094 4.586079110464616
-20.07850244947441 -3.559850155124324 -3.680437997117456
-10.00312215226561 -7.993077736412131 -10.65861325878426
-6.579583810332657 -9.297807866530915 -12.86510039637097
-3.330807649424009 -10.26342936609458 -14.73645243620482
8.590853865874946 16.12320980619807 2.834261058386636
-18.35948843301804 1.991872566324554 0.2795199510537216
13.86741999008984 7.676683840353475 -5.821153888183346
-0.2008536777741798 -8.778246562437158 -14.56712374551542
16.95501485231393 10.12365698097316 -4.852406972652747
17.67202483868194 5.004634607165372 -9.271074567350082
11.98750861504714 -5.355447884199892 -15.83520775847025
6.564296584061907 -9.431643303024247 -17.35567003747298
3.177617629678049 -9.94099472496344 -16.64266074718252
-6.04015506991934 17.60023666440527 8.917251416649734
-9.509196785680249 -11.26651540523683 -13.49600571212234
-12.36375645360844 14.31132651494959 8.339734652536148
-15.35258735488292 -9.55200853019641 -10.14831985427339
-15.55593604811578 9.416630730034274 5.407292144305877
0.3015584831042077 17.66273263627271 6.85437464632676
-18.68075263679112 -5.474467578991407 -5.709633181717868
-15.65376080849709 -5.281699014227893 -6.561235583776071
13.29563829003307 2.303293925620234 -10.01791448153711
13.91467586068597 10.24300963707297 -3.741509606479929
16.37372829946736 -0.5323536059317306 -13.35924099891098
-3.480514145829142 -12.5369507308389 -16.54287269171694
10.1636100053373 18.15679889733227 3.970427551822735
-21.08155826541387 1.803084128970548 1.032731448234045
5.534762332095323 -7.556843478337575 -15.48172430670303
2 4 0 114
418
419
420
421
422
423
424
425
426
427
428
429
430
431
432
433
434
435
436
437
438
439
440
441
442
443
444
445
446
447
448
449
450
451
452
453
454
455
456
457
458
459
460
461
462
463
464
465
466
467
468
469
470
471
472
473
474
475
476
477
478
479
480
481
482
483
484
485
486
487
488
489
490
491
492
493
494
495
496
497
498
499
500
501
502
503
504
505
506
507
508
509
510
511
512
513
514
515
516
517
518
519
520
521
522
523
524
525
526
527
528
529
530
531
12.75576514277042 -6.949579598317023 13.61119220173457
9.148418391707294 -3.999316598735867 17.21843220718092
-5.690596376370967 -9.958069563136295 5.371080063096532
6.327108051042234 -10.9522906243177 0.5447563653231038
-4.695770169009608 -1.917403749047709 11.6046474728974
4.041918859009323 -23.52681448082133 14.90485244136402
-2.218053642006302 -18.41556833703667 21.16482494238377
13.45776728902452 -19.78013599200894 14.84049144073611
2.469622141597215 -10.67611865130423 25.92150055451346
10.60237297248629 -6.230545037906348 2.946631020526747
1.378021418281951 1.551810950296323 12.58265577180068
-0.4312270077704303 -12.56988956216609 1.485414841022488
14.47328607800751 -11.15813394420355 18.77927880663778
10.86984696324751 -8.215938227422507 22.38271792139717
7.426989820382893 0.2173050298776311 12.05414649283303
11.03042893515121 -2.724890686906375 8.450707378068442
11.89697658693704 -4.845376194643196 11.02846987641118
12.88710254626558 -8.089787114189111 10.34287589671527
13.7581957632493 -10.22524637886953 12.95436734751577
12.92287081678219 -11.56216636764788 9.824837284637638
13.79856208305896 -13.62708839726439 12.435184794791
12.03851227404275 -14.96091594499416 9.704807284865936
11.1377291865053 -12.8064875723756 7.035024794973815
9.435196244948001 -15.89849863954898 7.449223757957422
10.34782619081638 -18.00521106644685 10.07499129149192
7.18163571643383 -18.42444274221589 8.518536288595406
6.262579724360741 -16.24725842623023 5.840600980289572
3.731603850147409 -18.04857711994265 7.602147475815303
8.338161078108614 -20.7294818456077 11.4269214835315
2.81996208574158 -15.89395835618882 4.967281358813414
0.3604584023140496 -16.83890490794891 7.327817320133176
1.262226137451174 -19.03273493357579 10.00987661064259
-1.691104132119784 -17.01477364631074 10.25952835030696
-0.7929287087603183 -19.21115391589809 12.94647314793378
-3.049845829609556 -16.48614079308043 13.53822850204165
-3.947095448793046 -14.28908095835348 10.84962583114244
-4.401960537526744 -13.24182499653996 14.25028283834199
-5.298901392527862 -11.04377746822214 11.56191657462699
-4.746125905681687 -9.718817077871478 14.85444986048851
-3.851340922402962 -11.92035984378912 17.53886649069639
-3.201317484915803 -8.406821414916415 17.80973848516363
-2.309889987899604 -10.6028373677735 20.49072077046758
-0.7989486783587445 -7.371944358690042 20.2435091978464
-1.686301159028658 -5.184423997193777 17.57010436422848
1.345189538838555 -4.667576393619337 19.3634061609403
0.5135464654807533 -2.505599095641152 16.74123062853203
2.251021005122238 -6.789596281846887 21.98229020408976
-5.643402594730926 -7.524286374217935 12.16264313854149
4.501019378836306 -4.915582063583477 20.55310917482275
5.578629263198097 -6.936635571943288 23.03996875490811
-2.150628979083537 -18.68599918712825 16.2242095315888
0.4713982300586417 -21.61004504398237 15.3489272382164
-2.992559153563859 -14.97096102934908 20.00730067349124
-1.543306867683422 -12.84565349423002 22.98256551940562
5.491865814484324 -13.77777995714827 2.909463964440249
8.084089048245531 -5.803410759147848 20.93570604750488
-2.642276503661572 -2.77531135438555 14.64725935785324
-1.089944942588415 -14.35232901432547 4.657375330737381
5.79709125192559 -9.248856293248869 25.81206337240289
3.58615586381026 -2.689785941715248 17.82666787455046
2.926073034675112 -0.5820382945712725 15.25542392633091
6.335262969096632 -1.474537695906863 15.62366168006385
-6.232113699350602 -8.615112271996418 9.065254177691751
0.4675757200187083 -9.551298189330566 23.28051841226139
-3.485385873896624 -15.62007377243232 16.60824272201687
2.327061892745884 -21.23594714236291 12.58290417501914
-4.845024877327281 -12.09079967152635 8.160865286628077
-2.67399725391146 -14.79147806298428 7.692824178305818
4.660365981997933 -20.20587141085187 10.23862821723123
8.536735058277433 -13.71374299674724 4.767817254062671
10.47732407482835 -10.12667938303016 4.414323189468973
-4.083964334309373 -6.211585377138626 15.1439214405896
12.06663143566296 -9.354738500399042 7.233345613113056
13.61538134929206 -9.055889844703088 16.19718044964752
-1.233338850972969 -20.90125723785822 18.84472174730256
12.02545791288661 -5.950734590984935 7.78799775409871
8.910951950202689 -8.871820358280317 1.357195745517812
-2.054182407392614 0.2271012080291457 12.51666763895572
10.78101968990789 -21.94738190527254 13.98684294128751
15.07652917776078 -17.25778526473023 16.38685219665417
7.504113047017412 -23.24198955677525 13.98611579688114
-3.462340384347568 -11.75689466020974 3.130089154009131
3.026847918347834 -12.28465749780163 0.565614204307809
-6.341863000799668 -4.635137064620126 9.934325123455082
14.61399443957053 -12.32169604702416 15.52157746516041
13.24851544098532 -16.89637243289567 12.71735967682489
11.06919703089368 -3.654485733841531 4.871054448774643
4.230502515736577 2.058804180905328 11.61347777343348
8.794710227111741 -9.139988698988789 25.33222287717754
15.56521700222554 -14.59159688757236 18.43984164979171
-1.859333582744935 -15.82765229037643 23.42217834947946
1.879679466496533 -14.03374061561918 2.714935743685376
0.06512684067500674 -0.5261586884163272 14.4877777750505
-5.001263921506906 -4.663094615807059 12.75442320289131
6.553114829226907 -3.591788056080482 18.52764548219704
10.52470275123283 -6.302906134738844 19.46927396447413
5.167742230883094 -22.07993665784945 12.56896060619486
8.814921897793203 -2.09119491418112 14.29709634610948
3.301620403247779 -8.463828744375835 24.20757770175393
0.08250615592755883 -12.82941558432217 25.39452248164509
8.148318594355313 -11.71401095175078 2.702493166194019
11.37049838391911 -19.57830856607676 12.345073851113
-3.542334277293396 -12.97295026644569 5.743529637243233
5.186149144712427 0.2908923977365241 13.67853173143252
11.471743105899 -7.526940013669945 5.384420252423985
-6.933236145940995 -6.865777158297911 7.019277430572978
8.372714282615819 -7.480286637716379 23.18985140618624
1.228347701325277 -23.31318311577698 17.32912440704547
7.122562989128946 1.719669234977113 9.821200449798031
10.28967028244872 -0.958015329410332 6.639917211855924
14.5162281772206 -15.09905614232893 14.53562739067984
11.90083146582115 -9.984650386944081 24.15600587986665
14.97788759933284 -12.49705619927808 21.07894974635475
-2.743970176861885 -17.48759635717713 18.62868506136885
2 5 0 25
532
533
534
535
536
537
538
539
540
541
542
543
544
545
546
547
548
549
550
551
552
553
554
555
556
12.46821329379834 -15.08792646272094 23.1246885319633
2.367777821387395 -21.16280694816694 21.53138121018739
10.25759742372851 -22.02162933026692 18.20021580413128
5.32986289451825 -14.59242986143601 25.90870994586725
1.949092230335077 -17.74080579583122 24.46499531468529
13.05956253610588 -18.72551609983645 19.95749261633684
5.606649944790572 -23.26581514503203 18.73465816664909
8.943877256861288 -13.32014070521575 25.74285823775852
14.14918507278279 -16.57318523577572 21.3516558956426
10.3704701319535 -17.48940763556493 21.86313508578817
10.20422230497658 -20.01946326709317 19.85276925541337
7.228098163412637 -19.50825213060277 21.26221278101141
6.557474505935561 -17.04411760259434 23.49771141723594
4.105407758330383 -19.00996341453845 22.70996061568701
9.031312898539749 -15.55376900514907 23.88996315390612
11.28244003924208 -13.54752234953648 24.77768097514459
12.63599632260181 -20.77525912662041 18.42507318102142
6.863649714758191 -12.66131682980984 26.97419486016221
3.126562596765974 -23.05819028685539 19.73087893614085
0.7008149272174178 -19.80173744454423 23.19834410435736
2.477931196804733 -15.69046204715357 25.9628143197178
8.049434946974065 -23.38007531167752 17.82710346385229
4.885074383931624 -21.06555122727329 20.77169131959134
4.083953717184801 -16.81555574431072 24.50883832263866
7.705179527968997 -21.54346440199095 19.44144179844146
3 1 0 217
557
558
559
560
561
562
563
564
565
566
567
568
569
570
571
572
573
574
575
576
577
578
579
580
581
582
583
584
585
586
587
588
589
590
591
592
593
594
595
596
597
598
599
600
601
602
603
604
605
606
607
608
609
610
611
612
613
614
615
616
617
618
619
620
621
622
623
624
625
626
627
628
629
630
631
632
633
634
635
636
637
638
639
640
641
642
643
644
645
646
647
648
649
650
651
652
653
654
655
656
657
658
659
660
661
662
663
664
665
666
667
668
669
670
671
672
673
674
675
676
677
678
679
680
681
682
683
684
685
686
687
688
689
690
691
692
693
694
695
696
697
698
699
700
701
702
703
704
705
706
707
708
709
710
711
712
713
714
715
716
717
718
719
720
721
722
723
724
725
726
727
728
729
730
731
732
733
734
735
736
737
738
739
740
741
742
743
744
745
746
747
748
749
750
751
752
753
754
755
756
757
758
759
760
761
762
763
764
765
766
767
768
769
770
771
772
773
4.723101162643861 -10.09103503121874 13.32841345024577
2.218025622099921 -5.21740106246006 5.796262039238165
6.627404477234436 -16.02461114448393 15.87683758064151
3.126994885979982 -1.657246263421374 -0.6322446426101492
-3.171092271727415 0.03174836783087012 2.592212612704302
3.289339739295737 -10.85453553699383 20.43358601672083
-3.015179128545639 -3.908175784321108 -2.018077061084224
2.911253220625533 1.996655611309279 2.65275794257124
15.66509445332126 -3.264826299112905 -9.034642117946008
7.692968626763133 -4.79728179595545 9.310674650629203
-2.482421992277434 -6.084441004446615 9.836848931522942
1.874004289783027 -11.53894746997285 5.930954356714845
14.06809871257904 6.682606485040055 1.244100672253825
7.668115627008651 -4.358680692065552 -5.286355228961734
-1.156836787361816 7.265996657687856 5.923604107789503
-8.039377639983138 -7.061379388416034 -2.786765267563169
0.5463188056395432 -14.1010246813442 16.889752933921
0.7824496989359133 -6.366094081935207 -5.59675359499412
-8.558751120654712 -1.822630570713781 1.196770638201598
-6.796265374010264 3.170027710071451 6.153835330944234
5.492783569919613 8.744856672946684 4.094197847412544
6.010986055610591 -9.076380740416417 -10.98989196837817
8.966594626157313 7.073086338950536 0.3412871804658174
9.025945138991199 -8.82838530098851 15.75953522488637
-16.62878724636024 -7.780829494863667 -1.543706623794914
9.750985480184259 12.76114860868278 7.436482732508139
-17.78868341689286 -0.5830076317099866 5.467501798476351
-0.6640992029503551 -13.67040653550782 -10.43728080697763
-6.071550218089788 12.48145541670375 11.3532830243603
-5.427907154516581 -11.70361400546641 -7.371738451889014
12.20199220085222 2.860989888968676 -2.102640852904164
2.282613584141787 13.52130542442746 11.23670302268309
-10.37603029660876 6.031345425046386 8.643074356137387
6.17966869159828 2.16565925976471 -2.908809217479234
1.448720079138302 -15.75536270668163 21.84264899190288
4.391496130513096 -20.40985048219281 17.08350104907169
5.178121846943523 -15.52572467841558 11.29142077972962
-13.80119633628804 -4.054445439908467 1.229905407799787
11.24184913644965 -13.61224515885841 20.30965294128348
3.097791542926307 -4.493495258743079 14.79950046336578
16.98381009834302 1.535481262412738 -5.186908092311564
-12.92426325859926 -13.13421728835281 -4.483946247453775
9.191176290862574 -12.86231805058699 11.66530448368399
1.033551744611524 -8.855528376169806 17.88807355529092
0.8346268464417949 -6.402892403578842 -1.009334605447428
-11.87804838481001 0.6099499252482206 3.452494924613231
12.24488983631293 -7.830666265383525 -12.16517846224733
2.670655003917677 0.4739305144273625 7.874701571441271
0.3655294817114239 -13.42908494524061 10.05315014874892
-3.782192259034237 -4.499876954072736 5.718998822586354
-16.19582476109978 2.726643778049281 8.338631694787825
7.272452728620143 -6.858345645135344 4.846344533543512
6.069969133866549 -1.653085699564873 3.619251404299372
-5.293372242445581 7.571587146723812 7.490613692372552
3.006229770311811 -2.044513099961551 10.91686162845895
18.59645371539171 3.488510315709325 -1.163973479019348
10.0652968444049 11.27277106549156 2.840721710014891
-2.052223462348196 -1.630003605909699 8.203625601444445
-1.955448942203834 -8.413795554535811 5.977780100799959
11.57837012641978 -0.1325210352138276 -5.430500406090689
-4.339680437738635 -9.10239816696687 -3.598169061694866
-1.686923568083158 10.636322576534 8.804986257618175
5.482259584569125 -7.161100302134242 18.10682166261849
-2.392282074283486 14.62787167527973 12.1709614477129
9.450152030894717 -7.241665537817602 12.26624027268934
1.973295680724604 -9.727594750353756 -10.61595005136547
8.581096568592349 -9.563179392680158 7.824215532142154
0.6934992445604853 2.47575489410855 -0.9139432698174429
-18.05449838644061 -6.271760978061392 2.909383546226983
-11.09137755523836 11.75312864571253 10.71334151312493
11.6378670848123 -16.80928233633682 17.73797341499681
-4.469928201353512 -14.41530556960605 -11.74362463454714
4.023278094948292 -14.08657417495443 -12.28205086978288
11.5490064938658 -13.18452610392728 15.83297691040749
5.652399251147885 -5.740579398614607 1.228528975822289
4.400259368895513 -5.331596799636627 -8.328984219650414
8.970047861898966 -7.963904940514421 -6.862083369195691
-9.670230567878241 -13.74361279779353 -9.164105834307483
8.220909798923 -11.66178101124278 22.59728555777582
15.72100639873505 10.87017944999882 1.943137148972061
7.262382694906777 -1.794679248602809 7.497808472160819
-1.307942206807949 -9.198061486385777 13.88808488139635
-6.299841702864645 2.364019870974591 0.829144728678242
0.2828085422558185 -1.699682312288736 -4.239930245271893
6.15242845426422 -16.32420017562865 20.02889228202347
5.451069004375207 -13.54082381500409 7.752137933843858
2.858395320264279 -9.74155073723195 2.46556383075289
0.3395171142026951 -2.36153314225862 2.697234707299237
4.467327707411447 -5.070413204451143 -2.889712543360468
-1.339717400319568 2.499196368071314 6.005360731870723
5.995159153462931 15.58075960246371 8.898502816711041
14.28262655301386 11.07286427304819 7.291064545283987
10.25150854669052 -12.49094618399477 -10.87011256183141
-3.134537611257379 4.542390606797798 2.212266782795277
-15.09334358880328 7.361552832162872 8.822181592049324
-6.192057087721257 -0.6357484400137824 5.203477452372787
2.595493372839871 7.823433436480943 8.196325437686809
-0.5039881340187417 -11.34035874897887 -6.102568822442565
6.340431094463371 -12.06963973183929 17.01353548622144
-11.12729232250488 1.083407802850232 7.933751727659221
-2.964348786983478 0.0894345895695161 -1.592225240809467
-7.577609703622553 -2.514051758258887 -2.707757895793913
5.968154803731782 9.521889014376843 8.840100523907667
1.832932991942887 -17.59546548698757 13.787296036385
8.474483798034662 -1.888180075790439 -1.671755756408731
-9.221230264113737 -8.912913101921735 -6.508413849942484
-12.14787040113736 -5.449018894147872 -3.446517051683568
-9.488056558336035 -6.140952289056114 0.9566587142735861
1.77042305148209 -19.07667536669097 18.95524972752726
-11.63265485589683 -9.593784479363423 -1.402139100693874
3.978672604279064 -12.58968952451271 23.46098769598508
3.984412991215907 -1.192274615272721 -5.148030755418641
9.616181692243364 -9.668521738270455 19.35893813268461
11.68426934062983 -4.665129650380765 -4.932855188344306
9.476645091641053 -4.024020371887188 -9.129993188657538
8.347626981823369 -10.18447102615628 -14.40056522774174
4.441061708360861 5.345923216892618 -0.4035953345198318
-0.8516461185284364 -4.115180936126245 12.99557006149501
8.075804094397618 2.322972512894137 1.843315459500581
-3.010790667070714 -7.549706128706272 -8.06371577112022
2.687117723003771 11.52084133250804 5.981508613613839
-5.230669622737014 -5.248185543064834 1.233358678680401
10.01078210586211 -16.43630087564534 13.49798151405284
4.188527004074824 -9.47152503991958 -5.922657755923467
8.469208873720094 -20.65684551564554 16.1275247202484
-2.522119682837103 -10.66271044229547 9.51759312480624
1.490539075404736 6.782839569125502 2.738674541569923
6.399760880291434 5.075213924568492 3.87999081127872
-12.62874693891509 7.611815043264329 13.1589754915536
-8.834691916751209 -13.34459433389214 -4.382112025592246
12.10864559524691 3.275130880387457 2.119891277957547
-7.402250380140526 6.713844917266995 11.15062488901512
17.26944599021364 7.329541935445056 -2.088697161500128
-18.73237698866179 -1.874474862003033 1.096801710883917
6.575097762094742 -18.65542346744967 13.04168015404796
3.025139110738738 -7.788750997989414 9.989587391386264
-15.58014806842758 -9.750505775396189 -5.084135353316476
14.06593359852866 7.848880595324001 5.455934284159866
10.24187358660149 7.120843551536627 5.367972989335607
18.15080365992181 7.611895468158836 3.644882497792362
-6.007819054392619 -15.35579607491968 -7.78278550265398
6.603366381581064 -4.356108706529607 13.50722789238638
17.94773146030675 -3.003136765721154 -5.330420938256458
2.923059991101175 4.007663574345611 5.839882449879092
15.07302813711165 -7.817711933581982 -8.649638535292782
-8.486523938809324 10.32067762511947 14.49008128024665
-10.6089419758013 4.872962524178391 4.526431659481012
-1.845051724704897 -7.730363303834668 2.524477731282351
-15.89591466290791 -12.27385044531505 -1.149591389237518
21.35137288539849 1.830175921434727 -0.4759751979922106
1.493705377637637 -12.97111336594633 -15.3449488734692
-17.37810897595219 -9.996151675494668 -7.530263829380362
-5.061625010746339 -14.2442869954539 -14.77897081548847
12.97281934700594 12.6403090169402 10.19605344086556
18.5459868181037 3.51608373780646 -8.086944386815111
-4.774166746230791 16.96544667991594 11.04921470735204
-1.755239463476057 13.19897230668232 15.8965607013147
-5.668621904818635 -18.17746817215387 -8.611048216760381
-17.73011340079602 1.266513649772271 11.80147868949694
18.89000207676923 8.849017318686393 -4.156336775551523
7.526586745973097 -15.48792443718 -11.07946589497407
-19.04090031645084 -8.824318275824316 4.1893061914089
10.92550499696686 16.46092453075276 6.859291126600279
4.417852239970395 -23.23602582687312 17.11515152310749
4.905719117498906 14.82783211234241 14.1433883224387
-5.726886775203507 12.27916067382451 15.93100009679177
-11.63107425157572 -16.07029772505438 -5.777251668736485
1.709072679771538 -17.12938314901112 -10.40907392764047
-18.80414958427682 5.415132376096035 6.338172517531008
-18.97446960975262 -4.348757707337517 6.832540051313304
18.13881922455814 -7.172599082125592 -7.726567496998459
0.5644148933998276 -21.26692212981889 20.08357267753069
6.767208438796588 -11.54967301860833 25.55551188410504
-19.66442657604502 -4.656541913976566 -0.9141967329590723
0.1313754948116294 -16.40342733845627 24.12271478146177
5.580648008835464 -12.10457725829008 -16.30759679837393
13.37673765664169 -13.42769003823877 22.21706026236437
-11.65542275971826 -13.14105927802632 -11.84027554835112
14.29964540545017 -17.40884228614256 18.62138098499969
11.74760743761 -12.00295484341056 23.57122627016831
-21.17244892495641 -0.07898491449456746 2.771406667245084
16.18032473656615 13.9936136401396 0.9545823098599594
16.79942096254325 -1.689156295419551 -12.00492642551951
-20.45037380655256 2.745637059729256 4.519368372464204
-17.94029734985662 -10.01337245056766 1.752035915923462
2.194645636590677 -13.54020319903 25.65307320187008
-1.853229448608489 -13.81797910404591 -14.88696772803165
-0.422697918265801 -18.91607694812965 21.96539677860468
-14.97390731999368 11.64348098748221 9.54119425729993
14.29899509704522 -15.10363798921176 20.17578226040914
-16.40846938476121 4.062057159259989 12.53700162239489
13.31371980037628 -19.33309591877217 17.11576611622976
-18.98544310378125 -1.300107471737738 9.576373840904104
8.298658053457928 18.62984284597851 7.200333463161407
-8.742786757605275 -17.24850718530028 -6.752540454982152
9.449044092431391 14.4429646899294 11.96128395870856
-19.56045247609383 -6.985579033368069 5.983973605402444
5.057848015630345 -17.34358251263403 -11.20300753636228
-13.74537337347927 -11.7038984047377 -8.741255780029675
2.341966231980783 -22.62956838500116 18.49453610145539
17.82669455222051 11.07458117258629 -1.359485391470602
9.619130375935768 -11.35019726760275 25.11803844437678
14.84663814637364 -11.53305984517681 -9.686147387998037
-13.95916824356678 -15.75374421933904 -3.235458953964707
-8.067318481320806 -13.97738039726251 -12.89707202801283
19.07827334811929 5.332958849385754 -5.663730708014717
1.222544080089584 13.63809634681606 14.87890826202024
-2.542867563882896 -17.49744506447959 -9.326028067206257
18.15069755489295 0.4106375646246214 -10.34966362477445
20.34493514927534 -0.2530848332080495 -2.23389395319318
20.79923879440446 4.048776723077455 1.457186873823149
-19.33155259047362 -7.644766233405819 -4.684299585926386
13.11377612098673 14.37266926206254 3.853244379631304
-8.311538934853859 15.86364504876955 10.95080955052831
0.15900716871097 17.7241694416974 10.41850798330929
15.82070089834193 -4.066012078159608 -13.28985788130928
-2.516604728924349 18.39945683864764 10.80201624274979
$EndNodes
$Elements
16 3977 1 3977
0 1 15 1
1 1 
0 2 15 1
2 2 
0 3 15 1
3 3 
0 4 15 1
4 4 
1 1 1 36
5 1 5 
6 5 6 
7 6 7 
8 7 8 
9 8 9 
10 9 10 
11 10 11 
12 11 12 
13 12 13 
14 13 14 
15 14 15 
16 15 16 
17 16 17 
18 17 18 
19 18 19 
20 19 20 
21 20 21 
22 21 22 
23 22 23 
24 23 24 
25 24 25 
26 25 26 
27 26 27 
28 27 28 
29 28 29 
30 29 30 
31 30 31 
32 31 32 
33 32 33 
34 33 34 
35 34 35 
36 35 36 
37 36 37 
38 37 38 
39 38 39 
40 39 1 
1 2 1 3
41 2 40 
42 40 41 
43 41 1 
1 3 1 36
44 2 42 
45 42 43 
46 43 44 
47 44 45 
48 45 46 
49 46 47 
50 47 48 
51 48 49 
52 49 50 
53 50 51 
54 51 52 
55 52 53 
56 53 54 
57 54 55 
58 55 56 
59 56 57 
60 57 58 
61 58 59 
62 59 60 
63 60 61 
64 61 62 
65 62 63 
66 63 64 
67 64 65 
68 65 66 
69 66 67 
70 67 68 
71 68 69 
72 69 70 
73 70 71 
74 71 72 
75 72 73 
76 73 74 
77 74 75 
78 75 76 
79 76 2 
1 4 1 16
80 3 77 
81 77 78 
82 78 79 
83 79 80 
84 80 81 
85 81 82 
86 82 83 
87 83 84 
88 84 85 
89 85 86 
90 86 87 
91 87 88 
92 88 89 
93 89 90 
94 90 91 
95 91 3 
1 5 1 7
96 3 92 
97 92 93 
98 93 94 
99 94 95 
100 95 96 
101 96 97 
102 97 4 
1 6 1 16
103 4 98 
104 98 99 
105 99 100 
106 100 101 
107 101 102 
108 102 103 
109 103 104 
110 104 105 
111 105 106 
112 106 107 
113 107 108 
114 108 109 
115 109 110 
116 110 111 
117 111 112 
118 112 4 
2 1 2 290
119 1 186 5 
120 39 187 1 
121 41 186 1 
122 1 187 41 
123 40 188 2 
124 2 189 40 
125 42 189 2 
126 2 188 76 
127 5 176 6 
128 5 186 176 
129 6 122 7 
130 6 176 122 
131 7 175 8 
132 122 175 7 
133 8 141 9 
134 8 175 141 
135 9 174 10 
136 141 174 9 
137 10 125 11 
138 10 174 125 
139 11 173 12 
140 125 173 11 
141 12 142 13 
142 12 173 142 
143 13 172 14 
144 142 172 13 
145 14 128 15 
146 14 172 128 
147 15 170 16 
148 128 170 15 
149 16 139 17 
150 16 170 139 
151 17 156 18 
152 139 156 17 
153 18 116 19 
154 18 156 116 
155 19 154 20 
156 116 154 19 
157 20 117 21 
158 20 154 117 
159 21 153 22 
160 117 153 21 
161 22 120 23 
162 22 153 120 
163 23 148 24 
164 120 148 23 
165 24 138 25 
166 24 148 138 
167 25 147 26 
168 138 147 25 
169 26 123 27 
170 26 147 123 
171 27 145 28 
172 123 145 27 
173 28 146 29 
174 145 146 28 
175 29 119 30 
176 29 146 119 
177 30 150 31 
178 119 150 30 
179 31 152 32 
180 150 152 31 
181 32 131 33 
182 32 152 131 
183 33 155 34 
184 131 155 33 
185 34 115 35 
186 34 155 115 
187 35 158 36 
188 115 158 35 
189 36 136 37 
190 36 158 136 
191 37 171 38 
192 136 171 37 
193 38 178 39 
194 171 178 38 
195 178 187 39 
196 40 113 41 
197 41 114 40 
198 40 189 113 
199 114 188 40 
200 113 186 41 
201 41 187 114 
202 43 177 42 
203 177 189 42 
204 44 143 43 
205 143 177 43 
206 45 166 44 
207 44 166 143 
208 46 124 45 
209 124 166 45 
210 47 165 46 
211 46 165 124 
212 48 144 47 
213 144 165 47 
214 49 169 48 
215 48 169 144 
216 50 126 49 
217 126 169 49 
218 51 163 50 
219 50 163 126 
220 52 140 51 
221 140 163 51 
222 53 162 52 
223 52 162 140 
224 54 129 53 
225 129 162 53 
226 55 185 54 
227 54 185 129 
228 56 219 55 
229 157 185 55 
230 55 219 157 
231 57 134 56 
232 134 219 56 
233 58 167 57 
234 57 167 134 
235 59 133 58 
236 133 167 58 
237 60 183 59 
238 59 183 133 
239 61 182 60 
240 60 182 149 
241 149 183 60 
242 62 121 61 
243 121 182 61 
244 63 160 62 
245 62 160 121 
246 64 137 63 
247 137 160 63 
248 65 161 64 
249 64 161 137 
250 66 132 65 
251 132 161 65 
252 67 218 66 
253 66 218 132 
254 68 184 67 
255 67 184 151 
256 151 218 67 
257 69 127 68 
258 127 184 68 
259 70 168 69 
260 69 168 127 
261 71 130 70 
262 130 168 70 
263 72 164 71 
264 71 164 130 
265 73 135 72 
266 135 164 72 
267 74 159 73 
268 73 159 135 
269 75 118 74 
270 118 159 74 
271 76 179 75 
272 75 179 118 
273 76 188 179 
274 176 186 113 
275 113 213 176 
276 113 189 177 
277 177 213 113 
278 114 187 178 
279 178 212 114 
280 179 188 114 
281 114 212 179 
282 155 190 115 
283 115 204 158 
284 190 204 115 
285 116 180 154 
286 156 157 116 
287 157 180 116 
288 117 199 153 
289 154 201 117 
290 117 201 199 
291 118 207 159 
292 179 212 118 
293 118 212 207 
294 146 181 119 
295 119 151 150 
296 119 181 151 
297 120 149 148 
298 120 215 149 
299 153 215 120 
300 160 193 121 
301 121 217 182 
302 193 217 121 
303 122 195 175 
304 176 213 122 
305 122 213 195 
306 123 192 145 
307 147 211 123 
308 123 211 192 
309 165 196 124 
310 124 194 166 
311 124 196 194 
312 125 198 173 
313 174 197 125 
314 197 198 125 
315 163 202 126 
316 126 200 169 
317 126 202 200 
318 168 191 127 
319 127 216 184 
320 191 216 127 
321 128 205 170 
322 172 203 128 
323 203 205 128 
324 129 208 162 
325 185 214 129 
326 129 214 208 
327 164 190 130 
328 130 209 168 
329 190 209 130 
330 152 191 131 
331 131 209 155 
332 191 209 131 
333 132 181 146 
334 146 210 132 
335 132 210 161 
336 132 218 181 
337 133 199 167 
338 183 215 133 
339 133 215 199 
340 154 180 134 
341 134 201 154 
342 167 201 134 
343 180 219 134 
344 159 206 135 
345 135 204 164 
346 135 206 204 
347 158 206 136 
348 136 207 171 
349 206 207 136 
350 137 211 160 
351 161 192 137 
352 192 211 137 
353 138 193 147 
354 148 217 138 
355 138 217 193 
356 139 214 156 
357 170 208 139 
358 208 214 139 
359 162 205 140 
360 140 203 163 
361 140 205 203 
362 141 196 174 
363 175 194 141 
364 194 196 141 
365 142 202 172 
366 173 200 142 
367 200 202 142 
368 166 195 143 
369 143 213 177 
370 195 213 143 
371 144 197 165 
372 169 198 144 
373 144 198 197 
374 145 210 146 
375 192 210 145 
376 193 211 147 
377 149 217 148 
378 182 217 149 
379 149 215 183 
380 151 216 150 
381 150 216 152 
382 181 218 151 
383 184 216 151 
384 152 216 191 
385 199 215 153 
386 155 209 190 
387 156 214 157 
388 157 219 180 
389 157 214 185 
390 204 206 158 
391 159 207 206 
392 160 211 193 
393 161 210 192 
394 162 208 205 
395 163 203 202 
396 164 204 190 
397 165 197 196 
398 194 195 166 
399 199 201 167 
400 168 209 191 
401 169 200 198 
402 205 208 170 
403 171 212 178 
404 207 212 171 
405 202 203 172 
406 198 200 173 
407 196 197 174 
408 175 195 194 
2 2 2 224
409 5 271 1 
410 1 228 39 
411 1 271 228 
412 3 239 77 
413 91 236 3 
414 236 239 3 
415 6 234 5 
416 234 271 5 
417 7 277 6 
418 6 277 234 
419 8 251 7 
420 251 277 7 
421 9 287 8 
422 8 287 251 
423 10 231 9 
424 231 287 9 
425 11 280 10 
426 10 280 231 
427 12 302 11 
428 11 302 280 
429 13 244 12 
430 244 302 12 
431 14 278 13 
432 13 278 244 
433 15 233 14 
434 233 278 14 
435 16 275 15 
436 15 275 233 
437 17 250 16 
438 250 275 16 
439 18 286 17 
440 17 286 250 
441 19 232 18 
442 232 286 18 
443 20 284 19 
444 19 284 232 
445 21 227 20 
446 227 284 20 
447 22 272 21 
448 21 272 227 
449 23 243 22 
450 243 272 22 
451 24 303 23 
452 23 303 243 
453 25 274 24 
454 274 303 24 
455 26 230 25 
456 230 274 25 
457 27 285 26 
458 26 285 230 
459 28 249 27 
460 249 285 27 
461 29 276 28 
462 28 276 249 
463 30 235 29 
464 235 276 29 
465 31 281 30 
466 30 281 235 
467 32 242 31 
468 242 281 31 
469 33 301 32 
470 32 301 242 
471 34 283 33 
472 283 301 33 
473 35 229 34 
474 229 283 34 
475 36 288 35 
476 35 288 229 
477 37 269 36 
478 269 288 36 
479 38 267 37 
480 267 269 37 
481 39 305 38 
482 38 305 267 
483 228 305 39 
484 77 223 78 
485 77 239 223 
486 78 248 79 
487 223 248 78 
488 79 226 80 
489 79 248 226 
490 80 241 81 
491 226 241 80 
492 81 221 82 
493 81 241 221 
494 82 246 83 
495 221 246 82 
496 83 238 84 
497 83 246 238 
498 84 225 85 
499 84 238 225 
500 85 247 86 
501 225 247 85 
502 86 222 87 
503 86 247 222 
504 87 240 88 
505 222 240 87 
506 88 224 89 
507 88 240 224 
508 89 245 90 
509 224 245 89 
510 90 220 91 
511 90 298 220 
512 245 298 90 
513 220 236 91 
514 220 237 236 
515 220 252 237 
516 220 298 252 
517 241 261 221 
518 221 257 246 
519 221 294 257 
520 261 294 221 
521 222 262 240 
522 247 256 222 
523 256 292 222 
524 222 292 262 
525 239 260 223 
526 223 258 248 
527 223 293 258 
528 260 293 223 
529 240 265 224 
530 224 253 245 
531 224 282 253 
532 265 282 224 
533 238 263 225 
534 225 255 247 
535 225 273 255 
536 263 273 225 
537 226 266 241 
538 248 254 226 
539 254 279 226 
540 226 279 266 
541 259 284 227 
542 227 289 259 
543 272 289 227 
544 228 271 264 
545 264 300 228 
546 228 300 270 
547 270 305 228 
548 229 288 268 
549 268 304 229 
550 229 304 283 
551 230 296 274 
552 285 296 230 
553 280 297 231 
554 231 297 287 
555 284 295 232 
556 232 295 286 
557 233 275 261 
558 261 291 233 
559 233 291 278 
560 234 277 260 
561 260 299 234 
562 234 299 271 
563 262 276 235 
564 235 290 262 
565 281 290 235 
566 237 300 236 
567 236 264 239 
568 236 300 264 
569 252 267 237 
570 267 270 237 
571 270 300 237 
572 246 259 238 
573 259 289 238 
574 238 289 263 
575 239 299 260 
576 264 299 239 
577 262 290 240 
578 240 290 265 
579 241 291 261 
580 266 291 241 
581 265 281 242 
582 242 282 265 
583 242 301 282 
584 263 272 243 
585 243 273 263 
586 243 303 273 
587 244 278 266 
588 266 279 244 
589 279 302 244 
590 253 268 245 
591 268 298 245 
592 257 295 246 
593 246 295 259 
594 255 296 247 
595 247 296 256 
596 248 297 254 
597 258 297 248 
598 276 292 249 
599 249 292 285 
600 250 294 275 
601 286 294 250 
602 251 293 277 
603 287 293 251 
604 252 269 267 
605 252 288 269 
606 252 298 288 
607 253 304 268 
608 282 283 253 
609 283 304 253 
610 254 280 279 
611 254 297 280 
612 273 274 255 
613 274 296 255 
614 285 292 256 
615 256 296 285 
616 257 294 286 
617 286 295 257 
618 258 293 287 
619 287 297 258 
620 259 295 284 
621 277 293 260 
622 275 294 261 
623 262 292 276 
624 263 289 272 
625 271 299 264 
626 265 290 281 
627 278 291 266 
628 267 305 270 
629 288 298 268 
630 273 303 274 
631 280 302 279 
632 282 301 283 
2 3 2 258
633 42 2 310 
634 2 76 322 
635 310 2 322 
636 43 42 415 
637 42 310 415 
638 44 43 315 
639 315 43 415 
640 45 44 388 
641 44 315 388 
642 46 45 408 
643 45 388 408 
644 47 46 309 
645 309 46 408 
646 48 47 403 
647 47 309 403 
648 49 48 318 
649 318 48 403 
650 50 49 405 
651 49 318 405 
652 51 50 313 
653 313 50 405 
654 52 51 407 
655 51 313 407 
656 53 52 389 
657 389 52 407 
658 54 53 319 
659 319 53 389 
660 55 54 416 
661 54 319 416 
662 56 55 307 
663 307 55 416 
664 57 56 390 
665 56 307 390 
666 58 57 409 
667 57 390 409 
668 59 58 320 
669 320 58 409 
670 60 59 406 
671 59 320 406 
672 61 60 312 
673 312 60 406 
674 62 61 404 
675 61 312 404 
676 63 62 321 
677 321 62 404 
678 64 63 414 
679 63 321 414 
680 65 64 308 
681 308 64 414 
682 66 65 402 
683 65 308 402 
684 67 66 401 
685 401 66 402 
686 68 67 317 
687 317 67 401 
688 69 68 400 
689 68 317 400 
690 70 69 311 
691 311 69 400 
692 71 70 413 
693 70 311 413 
694 72 71 316 
695 316 71 413 
696 73 72 399 
697 72 316 399 
698 74 73 306 
699 306 73 399 
700 75 74 398 
701 74 306 398 
702 76 75 314 
703 314 75 398 
704 76 314 322 
705 306 382 396 
706 382 306 399 
707 306 396 398 
708 307 365 368 
709 365 307 395 
710 307 368 390 
711 395 307 416 
712 308 393 397 
713 393 308 414 
714 308 397 402 
715 309 384 403 
716 384 309 408 
717 310 322 323 
718 310 323 324 
719 310 324 394 
720 310 394 415 
721 360 311 378 
722 311 360 387 
723 378 311 400 
724 311 387 413 
725 312 386 391 
726 386 312 406 
727 312 391 404 
728 385 313 405 
729 313 385 407 
730 322 314 323 
731 323 314 412 
732 314 398 412 
733 315 362 379 
734 362 315 394 
735 315 379 388 
736 394 315 415 
737 316 382 399 
738 382 316 411 
739 316 387 411 
740 387 316 413 
741 317 363 378 
742 363 317 417 
743 317 378 400 
744 317 401 417 
745 383 318 384 
746 318 383 385 
747 384 318 403 
748 318 385 405 
749 319 361 364 
750 361 319 389 
751 319 364 395 
752 319 395 416 
753 320 386 406 
754 386 320 410 
755 320 409 410 
756 321 392 393 
757 392 321 404 
758 321 393 414 
759 324 323 325 
760 325 323 352 
761 352 323 412 
762 324 325 326 
763 324 326 362 
764 324 362 394 
765 326 325 327 
766 327 325 380 
767 325 352 380 
768 326 327 328 
769 326 328 377 
770 362 326 377 
771 328 327 329 
772 329 327 374 
773 374 327 380 
774 328 329 330 
775 328 330 343 
776 328 343 377 
777 330 329 331 
778 331 329 332 
779 332 329 374 
780 330 331 372 
781 343 330 373 
782 330 372 373 
783 331 332 333 
784 331 333 334 
785 331 334 372 
786 333 332 335 
787 335 332 337 
788 337 332 374 
789 334 333 336 
790 333 335 369 
791 336 333 369 
792 334 336 338 
793 334 338 339 
794 334 339 372 
795 335 337 340 
796 335 340 341 
797 335 341 369 
798 338 336 344 
799 344 336 347 
800 347 336 369 
801 340 337 342 
802 342 337 349 
803 349 337 374 
804 339 338 345 
805 338 344 367 
806 345 338 367 
807 339 345 346 
808 339 346 348 
809 339 348 372 
810 341 340 350 
811 340 342 366 
812 350 340 366 
813 341 350 351 
814 341 351 370 
815 369 341 370 
816 342 349 355 
817 342 355 360 
818 342 360 366 
819 343 373 375 
820 343 375 376 
821 343 376 377 
822 344 347 353 
823 344 353 357 
824 344 357 367 
825 346 345 364 
826 364 345 365 
827 365 345 367 
828 348 346 358 
829 358 346 361 
830 361 346 364 
831 353 347 354 
832 354 347 370 
833 347 369 370 
834 348 358 359 
835 348 359 373 
836 372 348 373 
837 355 349 381 
838 349 374 380 
839 349 380 381 
840 351 350 356 
841 356 350 363 
842 363 350 366 
843 351 356 397 
844 370 351 371 
845 371 351 397 
846 380 352 381 
847 381 352 396 
848 396 352 412 
849 353 354 391 
850 357 353 386 
851 386 353 391 
852 354 370 371 
853 354 371 392 
854 391 354 392 
855 360 355 411 
856 355 381 382 
857 355 382 411 
858 356 363 417 
859 397 356 402 
860 402 356 417 
861 367 357 368 
862 368 357 410 
863 357 386 410 
864 359 358 385 
865 358 361 407 
866 385 358 407 
867 373 359 375 
868 375 359 383 
869 383 359 385 
870 366 360 378 
871 387 360 411 
872 361 389 407 
873 362 377 379 
874 363 366 378 
875 364 365 395 
876 365 367 368 
877 390 368 409 
878 409 368 410 
879 392 371 393 
880 393 371 397 
881 376 375 384 
882 375 383 384 
883 377 376 379 
884 379 376 408 
885 376 384 408 
886 388 379 408 
887 382 381 396 
888 391 392 404 
889 398 396 412 
890 401 402 417 
2 4 2 272
891 77 526 3 
892 3 527 91 
893 3 526 92 
894 92 527 3 
895 97 529 4 
896 4 530 97 
897 4 529 98 
898 112 530 4 
899 78 505 77 
900 505 526 77 
901 79 428 78 
902 428 505 78 
903 80 495 79 
904 79 495 428 
905 81 422 80 
906 422 495 80 
907 82 501 81 
908 81 501 422 
909 83 523 82 
910 82 523 501 
911 84 420 83 
912 420 523 83 
913 85 499 84 
914 84 499 420 
915 86 429 85 
916 429 499 85 
917 87 500 86 
918 86 500 429 
919 88 421 87 
920 421 500 87 
921 89 494 88 
922 88 494 421 
923 90 427 89 
924 427 494 89 
925 91 504 90 
926 90 504 427 
927 91 527 504 
928 92 432 93 
929 93 433 92 
930 92 526 432 
931 433 527 92 
932 94 434 93 
933 93 515 94 
934 432 515 93 
935 93 434 433 
936 95 418 94 
937 94 419 95 
938 418 434 94 
939 94 515 419 
940 96 491 95 
941 95 513 96 
942 95 491 418 
943 419 513 95 
944 97 430 96 
945 96 431 97 
946 430 491 96 
947 96 513 431 
948 97 530 430 
949 431 529 97 
950 98 506 99 
951 98 529 506 
952 99 476 100 
953 99 506 476 
954 100 426 101 
955 100 476 426 
956 101 517 102 
957 426 517 101 
958 102 508 103 
959 102 517 508 
960 103 424 104 
961 103 508 424 
962 104 492 105 
963 424 492 104 
964 105 525 106 
965 492 525 105 
966 106 423 107 
967 106 525 423 
968 107 498 108 
969 423 498 107 
970 108 496 109 
971 108 498 496 
972 109 425 110 
973 109 496 425 
974 110 497 111 
975 425 497 110 
976 111 507 112 
977 497 507 111 
978 507 530 112 
979 418 435 434 
980 418 436 435 
981 418 491 436 
982 419 512 473 
983 473 513 419 
984 479 512 419 
985 419 515 479 
986 420 484 480 
987 480 523 420 
988 420 520 484 
989 499 520 420 
990 472 500 421 
991 421 518 472 
992 494 518 421 
993 474 495 422 
994 422 511 474 
995 501 511 422 
996 469 483 423 
997 423 525 469 
998 483 514 423 
999 423 514 498 
1000 424 508 470 
1001 470 531 424 
1002 424 531 492 
1003 496 519 425 
1004 425 503 497 
1005 425 519 503 
1006 476 516 426 
1007 426 516 481 
1008 481 517 426 
1009 488 494 427 
1010 427 522 488 
1011 504 522 427 
1012 428 510 478 
1013 478 521 428 
1014 495 510 428 
1015 428 521 505 
1016 475 499 429 
1017 429 509 475 
1018 500 509 429 
1019 430 502 491 
1020 430 507 502 
1021 430 530 507 
1022 431 513 473 
1023 473 524 431 
1024 431 524 506 
1025 506 529 431 
1026 479 515 432 
1027 432 521 479 
1028 505 521 432 
1029 432 526 505 
1030 434 493 433 
1031 493 504 433 
1032 504 527 433 
1033 435 493 434 
1034 436 437 435 
1035 437 490 435 
1036 490 493 435 
1037 436 438 437 
1038 436 502 438 
1039 491 502 436 
1040 438 439 437 
1041 439 440 437 
1042 440 490 437 
1043 438 503 439 
1044 502 528 438 
1045 438 528 503 
1046 439 441 440 
1047 439 442 441 
1048 439 503 442 
1049 441 487 440 
1050 487 488 440 
1051 488 490 440 
1052 442 443 441 
1053 443 444 441 
1054 444 487 441 
1055 442 446 443 
1056 442 519 446 
1057 503 519 442 
1058 443 445 444 
1059 443 486 445 
1060 446 486 443 
1061 445 447 444 
1062 447 472 444 
1063 472 487 444 
1064 445 448 447 
1065 445 449 448 
1066 445 486 449 
1067 446 514 486 
1068 496 498 446 
1069 446 519 496 
1070 498 514 446 
1071 448 475 447 
1072 447 509 472 
1073 475 509 447 
1074 449 450 448 
1075 450 485 448 
1076 448 485 475 
1077 449 451 450 
1078 449 483 451 
1079 449 486 483 
1080 451 452 450 
1081 452 453 450 
1082 453 485 450 
1083 451 468 452 
1084 451 469 468 
1085 451 483 469 
1086 452 454 453 
1087 452 482 454 
1088 468 482 452 
1089 454 455 453 
1090 455 484 453 
1091 484 485 453 
1092 454 456 455 
1093 454 457 456 
1094 454 482 457 
1095 456 465 455 
1096 465 480 455 
1097 480 484 455 
1098 457 458 456 
1099 458 489 456 
1100 456 489 465 
1101 457 459 458 
1102 457 470 459 
1103 457 482 470 
1104 459 460 458 
1105 460 461 458 
1106 461 489 458 
1107 459 481 460 
1108 470 471 459 
1109 471 481 459 
1110 460 462 461 
1111 460 464 462 
1112 460 481 464 
1113 462 463 461 
1114 463 474 461 
1115 474 489 461 
1116 462 477 463 
1117 464 466 462 
1118 466 477 462 
1119 463 510 474 
1120 477 478 463 
1121 478 510 463 
1122 464 467 466 
1123 464 516 467 
1124 481 516 464 
1125 465 501 480 
1126 489 511 465 
1127 465 511 501 
1128 467 473 466 
1129 473 512 466 
1130 466 512 477 
1131 467 524 473 
1132 467 516 476 
1133 476 524 467 
1134 469 492 468 
1135 468 531 482 
1136 492 531 468 
1137 469 525 492 
1138 470 508 471 
1139 482 531 470 
1140 471 517 481 
1141 508 517 471 
1142 472 518 487 
1143 472 509 500 
1144 474 511 489 
1145 474 510 495 
1146 485 520 475 
1147 475 520 499 
1148 506 524 476 
1149 477 479 478 
1150 477 512 479 
1151 479 521 478 
1152 501 523 480 
1153 486 514 483 
1154 484 520 485 
1155 487 518 488 
1156 488 522 490 
1157 488 518 494 
1158 490 522 493 
1159 493 522 504 
1160 503 528 497 
1161 497 528 507 
1162 507 528 502 
2 5 2 64
1163 98 547 4 
1164 4 532 112 
1165 4 547 532 
1166 99 539 98 
1167 539 547 98 
1168 100 549 99 
1169 99 549 539 
1170 101 535 100 
1171 535 549 100 
1172 102 552 101 
1173 101 552 535 
1174 103 536 102 
1175 536 552 102 
1176 104 551 103 
1177 103 551 536 
1178 105 533 104 
1179 533 551 104 
1180 106 550 105 
1181 105 550 533 
1182 107 538 106 
1183 538 550 106 
1184 108 553 107 
1185 107 553 538 
1186 109 534 108 
1187 534 553 108 
1188 110 548 109 
1189 109 548 534 
1190 111 537 110 
1191 537 548 110 
1192 112 540 111 
1193 111 540 537 
1194 532 540 112 
1195 532 541 540 
1196 532 546 541 
1197 532 547 546 
1198 545 551 533 
1199 533 554 545 
1200 550 554 533 
1201 534 548 542 
1202 542 556 534 
1203 534 556 553 
1204 535 546 539 
1205 539 549 535 
1206 544 546 535 
1207 535 555 544 
1208 552 555 535 
1209 536 551 545 
1210 545 555 536 
1211 536 555 552 
1212 540 541 537 
1213 541 542 537 
1214 542 548 537 
1215 538 554 550 
1216 553 556 538 
1217 538 556 554 
1218 546 547 539 
1219 541 543 542 
1220 541 544 543 
1221 541 546 544 
1222 543 556 542 
1223 544 545 543 
1224 545 554 543 
1225 554 556 543 
1226 544 555 545 
3 1 4 2751
1227 638 461 596 674 
1228 293 647 659 588 
1229 257 594 583 602 
1230 577 579 326 613 
1231 572 563 347 658 
1232 73 762 711 135 
1233 323 579 569 613 
1234 362 582 577 613 
1235 254 610 585 618 
1236 481 600 460 464 
1237 573 459 562 600 
1238 471 573 562 591 
1239 293 647 588 251 
1240 638 596 461 600 
1241 369 563 574 640 
1242 523 567 615 606 
1243 190 164 130 565 
1244 254 585 610 688 
1245 327 579 577 673 
1246 676 563 617 574 
1247 567 606 501 614 
1248 518 623 568 642 
1249 80 610 576 688 
1250 362 577 326 613 
1251 692 674 638 596 
1252 326 577 327 579 
1253 518 608 568 623 
1254 144 585 712 620 
1255 584 622 292 629 
1256 347 563 336 658 
1257 480 567 682 615 
1258 569 579 352 587 
1259 489 461 638 674 
1260 587 612 597 689 
1261 676 563 574 369 
1262 765 565 164 597 
1263 246 82 575 602 
1264 454 573 452 605 
1265 762 206 159 612 
1266 130 765 739 565 
1267 325 326 579 613 
1268 739 387 565 316 
1269 130 765 565 164 
1270 523 567 606 501 
1271 262 622 578 629 
1272 760 272 598 705 
1273 568 429 615 643 
1274 248 571 79 610 
1275 194 721 588 647 
1276 454 573 605 638 
1277 100 101 742 535 
1278 193 714 628 697 
1279 762 206 612 597 
1280 568 608 518 643 
1281 749 583 139 607 
1282 292 622 262 629 
1283 504 608 566 637 
1284 129 162 208 607 
1285 471 562 667 591 
1286 113 719 769 582 
1287 208 583 129 607 
1288 605 452 660 573 
1289 740 129 583 607 
1290 493 566 504 608 
1291 243 23 22 760 
1292 80 576 610 646 
1293 129 725 607 740 
1294 475 568 520 605 
1295 561 606 652 678 
1296 3 604 564 609 
1297 644 646 604 564 
1298 605 660 452 450 
1299 257 246 594 602 
1300 323 579 613 325 
1301 644 678 606 561 
1302 246 575 594 602 
1303 364 607 583 602 
1304 254 248 610 618 
1305 489 638 567 674 
1306 552 742 101 535 
1307 561 652 575 678 
1308 676 563 369 347 
1309 683 646 571 650 
1310 760 303 23 723 
1311 297 585 620 618 
1312 157 726 625 583 
1313 561 575 563 678 
1314 324 362 326 613 
1315 77 3 604 700 
1316 564 646 604 700 
1317 518 568 472 642 
1318 213 752 647 582 
1319 396 597 689 587 
1320 370 369 347 676 
1321 564 604 3 700 
1322 86 601 574 617 
1323 277 647 582 659 
1324 82 575 602 652 
1325 627 641 559 681 
1326 268 597 699 616 
1327 129 725 740 53 
1328 79 610 571 646 
1329 578 671 633 603 
1330 578 671 603 363 
1331 260 695 659 582 
1332 571 610 248 618 
1333 332 590 624 668 
1334 705 666 693 581 
1335 289 705 581 666 
1336 646 650 564 561 
1337 683 646 650 564 
1338 592 559 641 681 
1339 481 600 464 562 
1340 397 743 707 584 
1341 701 32 242 759 
1342 499 568 615 520 
1343 578 671 363 632 
1344 760 272 243 598 
1345 296 764 697 584 
1346 429 568 509 643 
1347 578 671 632 633 
1348 165 712 620 144 
1349 199 705 693 581 
1350 153 705 598 693 
1351 433 504 566 637 
1352 332 624 590 673 
1353 472 568 518 643 
1354 362 613 394 582 
1355 771 196 165 620 
1356 563 575 561 657 
1357 192 724 629 584 
1358 380 587 579 590 
1359 641 554 665 592 
1360 604 609 3 637 
1361 352 579 380 587 
1362 157 726 583 156 
1363 764 584 123 628 
1364 650 610 571 373 
1365 80 576 241 688 
1366 349 587 380 590 
1367 86 85 601 617 
1368 609 631 560 661 
1369 257 295 583 594 
1370 328 673 577 683 
1371 724 292 629 584 
1372 689 696 636 569 
1373 574 601 563 617 
1374 459 573 457 600 
1375 769 394 582 415 
1376 499 568 520 475 
1377 562 600 464 619 
1378 293 647 251 277 
1379 3 684 564 700 
1380 396 597 587 382 
1381 471 573 591 470 
1382 604 3 526 637 
1383 297 585 618 254 
1384 575 345 594 602 
1385 641 665 554 545 
1386 467 562 619 669 
1387 367 575 345 594 
1388 504 493 433 566 
1389 361 607 602 703 
1390 560 563 644 657 
1391 461 596 462 600 
1392 504 609 608 637 
1393 134 581 730 625 
1394 349 590 342 616 
1395 583 594 295 625 
1396 577 582 362 677 
1397 325 326 327 579 
1398 328 673 683 329 
1399 579 587 569 687 
1400 246 594 575 664 
1401 156 749 726 583 
1402 268 597 616 298 
1403 634 723 686 598 
1404 471 573 470 459 
1405 95 580 419 621 
1406 192 743 628 584 
1407 199 705 581 117 
1408 523 567 501 480 
1409 295 726 625 232 
1410 543 592 641 681 
1411 563 601 85 617 
1412 604 526 611 637 
1413 194 721 647 175 
1414 3 77 684 700 
1415 587 590 349 616 
1416 364 607 602 361 
1417 560 661 675 609 
1418 457 573 454 638 
1419 583 625 157 690 
1420 212 636 689 696 
1421 485 605 520 682 
1422 375 571 610 373 
1423 147 123 211 628 
1424 522 493 504 608 
1425 577 673 579 684 
1426 676 347 662 617 
1427 139 583 208 607 
1428 448 568 605 642 
1429 448 605 593 642 
1430 560 640 563 657 
1431 80 226 610 688 
1432 580 419 621 698 
1433 559 665 592 641 
1434 759 31 32 242 
1435 242 759 603 701 
1436 495 604 611 614 
1437 332 590 374 673 
1438 475 520 485 605 
1439 157 726 156 116 
1440 676 662 347 354 
1441 436 599 580 621 
1442 604 526 3 77 
1443 752 195 647 175 
1444 250 294 583 607 
1445 457 600 573 638 
1446 192 724 584 123 
1447 571 618 248 653 
1448 481 600 562 459 
1449 759 31 242 649 
1450 724 276 629 292 
1451 382 597 587 616 
1452 462 600 596 619 
1453 771 196 620 588 
1454 293 647 277 659 
1455 577 659 582 677 
1456 604 526 77 505 
1457 669 630 430 595 
1458 3 609 564 675 
1459 349 381 380 587 
1460 580 599 436 630 
1461 337 342 590 668 
1462 582 659 577 695 
1463 396 569 587 689 
1464 669 630 595 655 
1465 560 644 624 657 
1466 298 587 597 616 
1467 347 617 572 662 
1468 764 697 584 628 
1469 149 723 598 120 
1470 580 619 419 698 
1471 577 613 582 695 
1472 578 622 262 680 
1473 656 257 583 602 
1474 565 316 411 597 
1475 557 600 596 638 
1476 345 575 339 602 
1477 292 680 262 622 
1478 717 262 649 629 
1479 297 588 618 620 
1480 523 567 480 615 
1481 369 676 341 574 
1482 292 622 584 654 
1483 262 629 578 649 
1484 554 545 543 641 
1485 743 393 628 584 
1486 572 563 658 678 
1487 255 617 586 686 
1488 327 326 328 577 
1489 445 448 593 642 
1490 289 705 666 272 
1491 559 665 660 592 
1492 338 345 367 575 
1493 397 743 584 393 
1494 593 441 443 642 
1495 513 619 580 669 
1496 252 597 587 612 
1497 90 675 91 687 
1498 565 411 316 387 
1499 422 567 614 674 
1500 604 505 428 611 
1501 422 567 674 511 
1502 650 610 348 576 
1503 201 741 581 625 
1504 769 394 415 310 
1505 769 415 582 719 
1506 362 394 613 324 
1507 165 771 620 773 
1508 429 475 509 568 
1509 367 658 575 663 
1510 575 339 602 639 
1511 601 87 574 645 
1512 650 348 610 373 
1513 751 634 686 697 
1514 364 607 361 319 
1515 554 543 592 641 
1516 94 95 419 621 
1517 343 677 571 683 
1518 467 562 464 619 
1519 367 575 594 663 
1520 759 242 603 649 
1521 560 624 590 668 
1522 576 589 241 688 
1523 760 303 723 598 
1524 376 620 618 588 
1525 254 610 226 688 
1526 395 583 416 690 
1527 582 647 362 677 
1528 596 619 557 698 
1529 171 689 612 696 
1530 564 590 560 624 
1531 552 555 591 667 
1532 165 771 773 46 
1533 375 571 373 343 
1534 717 262 629 276 
1535 212 636 696 114 
1536 590 661 587 675 
1537 156 749 583 139 
1538 381 587 349 616 
1539 644 678 561 563 
1540 480 567 501 465 
1541 268 670 616 699 
1542 601 574 87 86 
1543 771 196 588 124 
1544 462 464 600 619 
1545 656 257 602 221 
1546 453 454 452 605 
1547 560 624 640 657 
1548 590 332 337 668 
1549 157 726 116 625 
1550 718 753 232 625 
1551 743 161 707 584 
1552 693 662 386 663 
1553 713 280 722 620 
1554 615 643 429 704 
1555 383 618 585 610 
1556 582 659 647 677 
1557 337 342 349 590 
1558 383 618 610 375 
1559 152 759 603 649 
1560 752 176 710 582 
1561 736 595 547 635 
1562 94 621 419 698 
1563 257 221 246 602 
1564 377 683 677 343 
1565 338 575 367 658 
1566 383 610 585 626 
1567 576 610 589 688 
1568 366 632 363 671 
1569 180 730 219 690 
1570 287 721 588 763 
1571 693 662 663 666 
1572 149 723 120 148 
1573 254 248 226 610 
1574 560 675 661 590 
1575 260 695 582 299 
1576 258 618 588 653 
1577 467 635 562 669 
1578 246 221 82 602 
1579 518 487 623 642 
1580 763 297 620 588 
1581 760 303 243 23 
1582 564 3 675 684 
1583 713 280 10 722 
1584 90 587 675 687 
1585 461 463 462 596 
1586 591 573 641 665 
1587 459 470 457 573 
1588 152 31 759 649 
1589 338 339 345 575 
1590 693 662 666 598 
1591 113 769 648 582 
1592 725 162 607 651 
1593 712 384 620 585 
1594 669 430 630 491 
1595 226 248 79 610 
1596 650 610 576 646 
1597 171 689 696 212 
1598 245 616 268 670 
1599 90 587 661 675 
1600 584 371 628 676 
1601 319 416 395 583 
1602 724 292 584 285 
1603 197 144 165 620 
1604 650 610 646 571 
1605 730 594 690 625 
1606 381 349 355 616 
1607 711 382 597 306 
1608 380 590 579 673 
1609 563 601 560 644 
1610 579 613 577 695 
1611 752 234 582 710 
1612 377 683 343 328 
1613 448 568 642 447 
1614 737 583 157 690 
1615 563 561 644 657 
1616 295 726 232 286 
1617 501 511 465 567 
1618 55 56 690 219 
1619 127 191 168 603 
1620 152 31 649 150 
1621 85 601 563 704 
1622 450 452 451 660 
1623 154 741 625 718 
1624 769 613 648 582 
1625 365 594 602 690 
1626 560 631 645 661 
1627 725 361 607 319 
1628 363 672 603 578 
1629 712 384 585 403 
1630 80 610 79 646 
1631 166 124 45 647 
1632 381 352 380 587 
1633 711 164 135 597 
1634 574 632 341 668 
1635 597 762 711 306 
1636 471 562 459 481 
1637 435 437 621 623 
1638 449 593 448 605 
1639 574 640 601 645 
1640 676 563 347 617 
1641 158 706 136 612 
1642 299 582 648 695 
1643 180 730 690 625 
1644 495 604 614 79 
1645 656 257 221 294 
1646 220 90 91 687 
1647 432 566 93 698 
1648 560 590 564 675 
1649 198 169 144 585 
1650 84 617 572 678 
1651 669 630 655 580 
1652 599 621 437 623 
1653 550 554 592 665 
1654 590 337 332 374 
1655 411 565 597 616 
1656 199 705 117 153 
1657 296 256 584 654 
1658 590 624 564 673 
1659 191 168 603 701 
1660 98 99 758 539 
1661 584 296 586 697 
1662 563 601 574 640 
1663 751 634 697 138 
1664 113 769 719 189 
1665 666 594 259 664 
1666 573 557 605 638 
1667 656 257 294 583 
1668 736 529 97 635 
1669 419 95 513 580 
1670 180 730 625 134 
1671 432 566 698 611 
1672 348 576 610 703 
1673 550 533 554 665 
1674 653 683 677 577 
1675 85 617 84 678 
1676 436 580 418 621 
1677 573 641 559 655 
1678 574 341 640 668 
1679 422 567 511 501 
1680 471 562 481 667 
1681 562 641 573 655 
1682 662 693 755 598 
1683 99 539 729 758 
1684 82 602 221 652 
1685 298 268 245 616 
1686 323 579 325 352 
1687 758 547 539 635 
1688 161 707 584 629 
1689 113 719 582 213 
1690 192 743 584 161 
1691 601 640 560 645 
1692 198 620 722 585 
1693 205 747 607 651 
1694 482 454 457 573 
1695 650 348 373 372 
1696 90 608 609 631 
1697 215 153 120 598 
1698 216 672 649 603 
1699 292 680 622 654 
1700 209 130 168 565 
1701 419 580 513 619 
1702 353 663 386 662 
1703 435 490 437 623 
1704 359 610 589 703 
1705 719 213 647 582 
1706 113 719 213 177 
1707 128 747 651 685 
1708 197 125 198 620 
1709 365 594 345 602 
1710 220 587 90 687 
1711 85 563 617 678 
1712 673 683 564 684 
1713 733 547 595 532 
1714 377 683 328 577 
1715 651 291 589 685 
1716 185 740 583 737 
1717 612 689 569 696 
1718 504 90 608 609 
1719 651 291 685 233 
1720 493 621 566 623 
1721 194 721 175 141 
1722 393 584 371 628 
1723 212 757 689 636 
1724 571 248 78 653 
1725 562 591 573 641 
1726 491 418 436 580 
1727 294 583 607 656 
1728 573 600 557 638 
1729 467 619 473 669 
1730 467 464 466 619 
1731 432 566 611 637 
1732 148 138 217 634 
1733 560 564 609 675 
1734 463 596 461 674 
1735 579 577 684 695 
1736 298 587 252 597 
1737 369 341 676 370 
1738 81 80 614 652 
1739 412 636 569 689 
1740 644 678 563 704 
1741 348 610 359 703 
1742 558 611 567 692 
1743 80 646 614 652 
1744 81 606 652 614 
1745 259 594 581 625 
1746 584 628 586 676 
1747 481 600 459 460 
1748 493 434 566 621 
1749 559 665 641 573 
1750 81 606 614 501 
1751 139 208 170 607 
1752 437 599 436 621 
1753 250 275 294 607 
1754 602 652 576 656 
1755 80 79 610 226 
1756 717 262 276 235 
1757 158 206 597 612 
1758 292 680 654 222 
1759 577 683 673 684 
1760 364 602 583 690 
1761 482 452 454 573 
1762 89 645 631 661 
1763 298 587 616 661 
1764 555 641 591 667 
1765 542 556 543 681 
1766 442 593 691 679 
1767 241 589 576 656 
1768 573 605 593 660 
1769 495 604 79 428 
1770 562 516 667 467 
1771 621 623 557 692 
1772 717 262 235 649 
1773 81 576 652 656 
1774 276 292 262 629 
1775 432 566 637 93 
1776 433 434 93 566 
1777 100 535 742 667 
1778 292 680 222 262 
1779 635 655 669 595 
1780 85 563 678 704 
1781 499 615 429 704 
1782 154 741 718 20 
1783 603 565 168 772 
1784 683 646 564 700 
1785 396 569 689 412 
1786 199 705 153 693 
1787 572 662 617 686 
1788 68 184 603 672 
1789 518 472 487 642 
1790 297 248 254 618 
1791 499 568 475 429 
1792 513 580 95 669 
1793 552 742 535 667 
1794 214 129 208 583 
1795 246 575 83 664 
1796 289 705 272 227 
1797 247 586 255 617 
1798 603 168 565 701 
1799 192 724 123 145 
1800 634 723 148 751 
1801 621 93 566 698 
1802 351 574 676 622 
1803 296 764 584 285 
1804 758 547 98 539 
1805 215 153 598 693 
1806 339 575 338 639 
1807 363 672 578 417 
1808 208 139 214 583 
1809 134 201 167 581 
1810 194 588 124 647 
1811 343 618 571 677 
1812 613 648 582 695 
1813 255 225 617 686 
1814 365 602 364 690 
1815 158 597 766 612 
1816 361 651 607 703 
1817 196 763 620 588 
1818 257 295 286 583 
1819 438 436 599 630 
1820 711 382 306 399 
1821 55 307 690 56 
1822 495 604 428 611 
1823 221 81 652 656 
1824 449 448 450 605 
1825 285 296 256 584 
1826 568 682 605 692 
1827 742 591 517 667 
1828 324 310 394 613 
1829 751 634 138 148 
1830 385 589 610 626 
1831 180 730 134 219 
1832 651 291 233 607 
1833 602 639 339 703 
1834 371 584 622 676 
1835 557 593 573 605 
1836 635 655 595 641 
1837 593 441 642 599 
1838 491 580 436 630 
1839 192 724 145 629 
1840 90 631 609 661 
1841 196 763 588 141 
1842 213 752 582 176 
1843 661 645 668 570 
1844 156 214 139 583 
1845 213 752 176 122 
1846 682 454 605 638 
1847 185 740 737 54 
1848 410 386 663 693 
1849 567 606 614 558 
1850 418 580 95 621 
1851 225 572 617 686 
1852 561 564 624 650 
1853 93 433 566 637 
1854 377 683 577 677 
1855 730 594 625 581 
1856 722 198 585 702 
1857 558 566 611 692 
1858 267 612 569 696 
1859 378 363 603 671 
1860 512 619 596 698 
1861 462 464 460 600 
1862 583 602 594 690 
1863 511 489 567 674 
1864 437 438 436 599 
1865 666 594 664 663 
1866 622 578 350 632 
1867 80 241 226 688 
1868 559 599 593 655 
1869 385 610 383 626 
1870 651 162 52 725 
1871 557 692 596 698 
1872 564 560 609 644 
1873 462 596 477 619 
1874 644 646 564 561 
1875 493 434 433 566 
1876 260 695 299 239 
1877 642 605 692 568 
1878 558 567 615 692 
1879 181 717 649 629 
1880 566 558 608 692 
1881 347 563 369 336 
1882 353 662 572 663 
1883 557 621 599 623 
1884 353 386 663 357 
1885 134 201 581 625 
1886 576 639 602 703 
1887 614 646 561 652 
1888 397 371 584 622 
1889 558 615 568 692 
1890 661 668 645 560 
1891 567 611 558 614 
1892 351 574 622 632 
1893 130 772 565 739 
1894 568 608 558 692 
1895 364 607 319 583 
1896 181 717 629 146 
1897 307 730 690 56 
1898 563 560 601 640 
1899 221 652 602 656 
1900 650 348 372 639 
1901 622 350 578 356 
1902 507 627 595 630 
1903 351 574 632 341 
1904 561 614 606 644 
1905 559 630 599 655 
1906 427 608 90 631 
1907 362 582 394 647 
1908 181 717 146 119 
1909 729 539 635 758 
1910 562 516 467 464 
1911 566 623 621 692 
1912 298 616 245 661 
1913 531 591 665 573 
1914 210 192 145 629 
1915 756 592 525 665 
1916 599 630 580 655 
1917 593 599 559 679 
1918 392 761 321 628 
1919 171 689 212 207 
1920 90 427 504 608 
1921 159 762 612 689 
1922 482 457 470 573 
1923 166 194 124 647 
1924 517 731 591 742 
1925 83 606 523 615 
1926 437 436 435 621 
1927 766 269 706 612 
1928 491 430 96 669 
1929 396 597 382 306 
1930 216 672 603 184 
1931 578 633 290 649 
1932 559 641 595 655 
1933 385 589 359 610 
1934 590 661 560 668 
1935 198 722 620 125 
1936 579 675 587 687 
1937 161 584 192 629 
1938 556 592 543 681 
1939 575 639 561 657 
1940 572 663 662 666 
1941 489 465 567 638 
1942 385 359 383 610 
1943 376 620 588 408 
1944 412 314 636 689 
1945 86 617 574 654 
1946 396 381 382 587 
1947 381 396 352 587 
1948 194 196 124 588 
1949 644 646 561 614 
1950 579 590 587 675 
1951 428 79 78 604 
1952 307 730 56 390 
1953 722 198 702 173 
1954 239 577 659 695 
1955 194 141 196 588 
1956 248 618 258 653 
1957 604 526 505 611 
1958 377 577 362 677 
1959 650 348 639 576 
1960 291 607 589 656 
1961 45 408 388 647 
1962 720 550 538 592 
1963 83 606 615 704 
1964 682 692 638 605 
1965 493 435 621 623 
1966 237 569 267 612 
1967 480 567 465 682 
1968 604 614 79 646 
1969 566 608 558 637 
1970 542 541 627 641 
1971 171 689 207 612 
1972 696 228 39 1 
1973 352 325 380 579 
1974 80 81 576 652 
1975 340 341 632 668 
1976 604 505 77 78 
1977 557 623 642 692 
1978 323 579 352 569 
1979 755 183 598 693 
1980 369 574 341 640 
1981 85 225 84 617 
1982 377 362 577 326 
1983 376 588 618 677 
1984 365 345 364 602 
1985 575 561 639 652 
1986 410 386 357 663 
1987 491 95 418 580 
1988 209 565 168 701 
1989 737 157 583 185 
1990 564 561 624 644 
1991 336 563 657 658 
1992 445 447 448 642 
1993 237 569 612 687 
1994 130 772 739 70 
1995 602 607 583 656 
1996 617 662 586 686 
1997 468 452 573 660 
1998 533 545 554 665 
1999 558 643 615 704 
2000 511 489 465 567 
2001 384 408 309 620 
2002 248 297 258 618 
2003 562 516 464 481 
2004 607 656 602 703 
2005 183 755 598 149 
2006 90 661 609 675 
2007 536 552 555 591 
2008 559 665 573 660 
2009 769 394 310 613 
2010 449 445 448 593 
2011 392 761 628 634 
2012 602 639 576 652 
2013 596 611 521 698 
2014 80 576 646 652 
2015 558 601 643 704 
2016 557 623 599 642 
2017 363 350 578 632 
2018 85 678 84 704 
2019 214 185 129 583 
2020 665 551 545 591 
2021 402 622 629 578 
2022 353 347 572 662 
2023 225 572 84 617 
2024 289 705 227 581 
2025 170 747 715 607 
2026 338 639 575 658 
2027 90 89 631 661 
2028 564 624 560 644 
2029 156 157 214 583 
2030 81 606 501 82 
2031 540 627 541 595 
2032 744 424 591 665 
2033 384 585 618 620 
2034 634 723 751 686 
2035 115 35 158 699 
2036 200 585 702 626 
2037 595 635 97 669 
2038 593 605 557 642 
2039 610 626 589 688 
2040 621 93 698 94 
2041 763 174 620 713 
2042 89 570 645 661 
2043 767 171 612 696 
2044 124 588 771 647 
2045 495 614 611 674 
2046 584 586 296 654 
2047 575 639 602 652 
2048 755 662 598 634 
2049 5 1 271 648 
2050 557 605 638 692 
2051 204 158 597 699 
2052 607 651 589 703 
2053 113 710 582 648 
2054 531 591 573 470 
2055 260 695 239 659 
2056 468 451 452 660 
2057 665 545 551 533 
2058 421 518 608 643 
2059 746 595 507 627 
2060 734 761 404 634 
2061 348 373 359 610 
2062 329 624 332 673 
2063 86 654 574 680 
2064 608 609 558 637 
2065 356 363 350 578 
2066 181 717 119 649 
2067 642 692 605 557 
2068 493 490 435 623 
2069 272 263 598 666 
2070 94 418 95 621 
2071 624 644 561 657 
2072 502 430 491 630 
2073 570 680 88 645 
2074 259 295 594 625 
2075 606 614 561 652 
2076 594 663 575 664 
2077 79 571 78 646 
2078 397 371 393 584 
2079 622 707 629 584 
2080 228 648 1 696 
2081 194 721 141 588 
2082 376 620 408 384 
2083 544 641 555 667 
2084 161 192 210 629 
2085 682 638 692 567 
2086 644 646 614 604 
2087 622 707 584 397 
2088 585 626 610 688 
2089 594 625 583 690 
2090 402 622 578 356 
2091 567 606 558 615 
2092 83 615 420 704 
2093 330 343 373 571 
2094 531 573 665 468 
2095 559 593 573 655 
2096 373 330 571 650 
2097 558 568 615 643 
2098 586 628 584 697 
2099 158 766 597 699 
2100 692 698 611 596 
2101 442 439 441 599 
2102 246 83 575 82 
2103 258 653 588 659 
2104 517 731 742 102 
2105 391 586 662 634 
2106 83 523 420 615 
2107 509 568 472 643 
2108 89 570 88 645 
2109 453 452 450 605 
2110 589 651 358 703 
2111 580 599 557 621 
2112 755 598 149 634 
2113 557 593 599 655 
2114 494 421 608 631 
2115 205 747 651 128 
2116 421 608 631 643 
2117 361 358 651 703 
2118 463 477 462 596 
2119 562 635 467 667 
2120 525 728 756 665 
2121 205 607 162 651 
2122 204 597 164 699 
2123 573 593 557 655 
2124 558 611 566 637 
2125 361 602 346 703 
2126 299 648 694 695 
2127 739 387 316 413 
2128 295 726 286 583 
2129 243 686 303 598 
2130 569 613 579 695 
2131 767 136 706 612 
2132 351 574 341 676 
2133 692 674 596 611 
2134 288 597 252 612 
2135 204 115 158 699 
2136 448 475 485 605 
2137 347 344 353 572 
2138 692 674 611 567 
2139 383 618 375 384 
2140 359 589 358 703 
2141 396 569 412 352 
2142 243 686 598 263 
2143 257 246 295 594 
2144 95 580 491 669 
2145 559 573 593 660 
2146 596 600 557 619 
2147 297 585 254 280 
2148 571 78 646 700 
2149 409 368 390 581 
2150 204 164 190 699 
2151 759 152 603 701 
2152 570 680 645 632 
2153 678 82 652 575 
2154 149 723 148 634 
2155 270 569 300 694 
2156 604 646 78 700 
2157 79 78 604 646 
2158 157 185 214 583 
2159 158 136 206 612 
2160 606 614 558 644 
2161 265 290 633 649 
2162 572 225 666 686 
2163 299 694 264 695 
2164 666 594 663 581 
2165 422 567 501 614 
2166 353 572 344 663 
2167 383 618 384 585 
2168 734 761 61 404 
2169 265 633 603 649 
2170 272 263 243 598 
2171 439 599 442 679 
2172 569 579 687 695 
2173 770 585 169 626 
2174 247 255 225 617 
2175 624 640 332 668 
2176 347 344 572 658 
2177 389 52 725 651 
2178 542 543 541 641 
2179 137 709 628 743 
2180 200 585 626 169 
2181 297 588 287 258 
2182 512 596 479 698 
2183 575 663 658 664 
2184 342 570 340 671 
2185 425 748 627 681 
2186 678 82 575 83 
2187 380 579 327 673 
2188 363 366 350 632 
2189 540 541 627 537 
2190 335 640 341 668 
2191 145 146 210 629 
2192 80 79 614 646 
2193 250 294 286 583 
2194 571 78 248 79 
2195 404 62 761 61 
2196 462 466 464 619 
2197 447 509 475 568 
2198 467 524 635 669 
2199 89 570 661 670 
2200 368 594 581 663 
2201 297 713 763 620 
2202 525 728 665 492 
2203 216 672 184 151 
2204 678 82 83 606 
2205 315 362 394 647 
2206 651 291 607 589 
2207 438 599 679 630 
2208 457 458 600 638 
2209 181 629 649 672 
2210 568 558 608 643 
2211 187 648 636 696 
2212 568 623 608 692 
2213 589 610 576 703 
2214 573 600 562 655 
2215 564 673 624 683 
2216 639 657 575 658 
2217 300 270 237 569 
2218 87 631 601 643 
2219 329 624 673 683 
2220 421 631 87 643 
2221 167 768 581 693 
2222 572 664 84 678 
2223 653 683 577 700 
2224 251 293 287 588 
2225 379 362 647 677 
2226 769 415 719 42 
2227 472 568 447 642 
2228 93 92 433 637 
2229 325 324 326 613 
2230 429 643 86 704 
2231 118 207 212 689 
2232 432 521 611 698 
2233 566 608 623 692 
2234 410 663 581 693 
2235 333 369 640 657 
2236 586 662 617 676 
2237 557 600 573 655 
2238 472 509 447 568 
2239 438 679 599 439 
2240 380 325 327 579 
2241 346 602 339 703 
2242 437 440 599 623 
2243 477 596 512 619 
2244 209 190 130 565 
2245 441 599 440 642 
2246 678 82 606 652 
2247 755 391 662 634 
2248 367 344 658 663 
2249 580 619 557 655 
2250 530 733 97 595 
2251 421 472 518 643 
2252 567 638 465 682 
2253 164 204 135 597 
2254 387 411 360 565 
2255 391 586 634 392 
2256 573 468 660 665 
2257 572 563 678 617 
2258 558 604 611 637 
2259 724 292 285 249 
2260 364 346 361 602 
2261 326 377 328 577 
2262 253 670 268 699 
2263 397 743 393 308 
2264 95 491 96 669 
2265 87 421 88 631 
2266 557 599 580 655 
2267 209 155 190 565 
2268 499 568 429 615 
2269 389 407 52 651 
2270 603 633 578 649 
2271 692 611 698 566 
2272 512 419 619 698 
2273 333 336 369 657 
2274 342 616 570 671 
2275 252 612 587 687 
2276 87 601 631 645 
2277 342 340 366 671 
2278 604 558 614 644 
2279 270 569 694 696 
2280 488 608 518 623 
2281 704 644 606 558 
2282 253 699 283 565 
2283 590 616 587 661 
2284 349 342 355 616 
2285 391 586 392 354 
2286 86 643 601 704 
2287 558 609 608 631 
2288 298 90 587 661 
2289 666 594 581 259 
2290 329 332 374 673 
2291 137 709 743 63 
2292 260 277 582 659 
2293 212 757 636 179 
2294 204 158 206 597 
2295 93 432 92 637 
2296 558 609 604 637 
2297 149 723 634 598 
2298 360 565 411 616 
2299 722 198 173 125 
2300 412 323 352 569 
2301 504 427 522 608 
2302 304 253 268 699 
2303 507 528 627 630 
2304 160 761 628 709 
2305 572 666 662 686 
2306 510 596 674 611 
2307 538 550 554 592 
2308 604 505 78 428 
2309 442 593 679 599 
2310 704 644 558 601 
2311 443 445 593 642 
2312 40 769 636 648 
2313 340 570 342 668 
2314 521 596 478 611 
2315 511 474 489 674 
2316 632 574 645 668 
2317 288 298 252 597 
2318 140 205 162 651 
2319 330 343 571 683 
2320 89 224 88 570 
2321 675 684 3 695 
2322 599 623 440 642 
2323 722 585 280 702 
2324 82 221 81 652 
2325 557 599 593 642 
2326 755 391 634 312 
2327 492 744 728 665 
2328 757 398 75 716 
2329 89 427 90 631 
2330 683 646 700 571 
2331 364 319 395 583 
2332 558 601 631 643 
2333 558 631 608 643 
2334 489 474 461 674 
2335 541 595 627 641 
2336 468 452 482 573 
2337 757 118 689 716 
2338 190 565 155 699 
2339 579 684 675 695 
2340 268 597 298 288 
2341 517 591 471 667 
2342 163 745 626 651 
2343 262 578 290 649 
2344 113 769 189 40 
2345 616 670 565 699 
2346 769 415 42 310 
2347 317 378 363 603 
2348 209 727 565 701 
2349 558 615 606 704 
2350 611 614 567 674 
2351 132 707 629 732 
2352 402 578 629 672 
2353 757 398 716 689 
2354 35 288 699 229 
2355 624 650 564 683 
2356 599 630 559 679 
2357 206 135 204 597 
2358 586 654 584 676 
2359 568 642 623 692 
2360 220 298 90 587 
2361 174 713 125 620 
2362 735 540 627 537 
2363 370 351 341 676 
2364 767 269 612 706 
2365 471 573 459 562 
2366 86 574 87 680 
2367 572 563 617 347 
2368 431 97 635 669 
2369 613 569 694 695 
2370 755 391 312 386 
2371 682 454 638 455 
2372 494 88 421 631 
2373 76 757 314 75 
2374 209 727 701 131 
2375 437 490 440 623 
2376 557 619 600 655 
2377 354 662 586 676 
2378 530 746 733 595 
2379 492 744 665 424 
2380 635 655 641 562 
2381 376 620 384 618 
2382 259 594 246 664 
2383 644 678 704 606 
2384 354 586 392 676 
2385 356 417 363 578 
2386 360 311 565 671 
2387 357 353 344 663 
2388 412 323 569 636 
2389 508 744 591 731 
2390 268 597 288 699 
2391 558 631 601 644 
2392 564 609 604 644 
2393 450 451 449 660 
2394 81 241 80 576 
2395 374 349 380 590 
2396 374 590 380 673 
2397 155 565 727 699 
2398 433 527 504 637 
2399 297 585 280 620 
2400 331 650 639 657 
2401 259 295 246 594 
2402 392 628 586 634 
2403 421 518 494 608 
2404 86 87 601 643 
2405 253 283 699 304 
2406 160 761 709 62 
2407 559 627 595 641 
2408 570 680 632 633 
2409 681 107 108 553 
2410 80 79 495 614 
2411 422 614 495 674 
2412 277 234 260 582 
2413 432 611 526 637 
2414 508 744 731 103 
2415 680 290 578 633 
2416 113 710 648 186 
2417 473 619 513 669 
2418 338 367 344 658 
2419 669 655 562 619 
2420 193 761 634 628 
2421 393 371 392 628 
2422 163 626 745 50 
2423 205 747 128 170 
2424 738 757 314 76 
2425 635 641 544 667 
2426 172 14 128 685 
2427 253 670 565 701 
2428 738 757 636 314 
2429 332 624 333 640 
2430 300 569 695 694 
2431 299 582 234 648 
2432 289 581 259 666 
2433 570 680 633 88 
2434 757 398 314 75 
2435 431 97 529 635 
2436 559 593 679 691 
2437 530 746 595 507 
2438 252 237 612 687 
2439 561 576 646 650 
2440 485 453 605 682 
2441 510 611 674 495 
2442 477 479 512 596 
2443 558 611 604 614 
2444 205 747 170 607 
2445 118 716 159 689 
2446 42 2 769 310 
2447 547 595 546 635 
2448 571 650 330 683 
2449 467 466 473 619 
2450 132 707 732 65 
2451 663 666 581 693 
2452 224 88 570 633 
2453 613 694 648 695 
2454 323 613 569 636 
2455 91 3 609 637 
2456 1 648 187 696 
2457 628 634 193 697 
2458 560 640 624 668 
2459 397 351 371 622 
2460 41 636 187 648 
2461 682 454 455 453 
2462 113 710 186 176 
2463 409 410 581 693 
2464 340 632 570 668 
2465 493 435 434 621 
2466 351 350 341 632 
2467 193 761 628 160 
2468 138 193 634 697 
2469 562 516 481 667 
2470 89 224 570 670 
2471 383 585 318 626 
2472 479 596 521 698 
2473 297 713 620 280 
2474 207 159 612 689 
2475 228 694 648 696 
2476 437 439 438 599 
2477 618 653 571 677 
2478 587 612 569 687 
2479 558 609 631 644 
2480 457 456 458 638 
2481 340 335 341 668 
2482 300 695 569 687 
2483 662 666 598 686 
2484 569 612 587 689 
2485 391 586 354 662 
2486 317 400 378 603 
2487 647 659 588 677 
2488 575 657 563 658 
2489 216 672 151 649 
2490 365 367 345 594 
2491 242 603 265 701 
2492 127 184 216 603 
2493 402 578 672 417 
2494 547 532 546 595 
2495 89 88 631 645 
2496 682 454 453 605 
2497 84 572 238 664 
2498 245 661 616 670 
2499 350 351 356 622 
2500 300 569 237 687 
2501 755 386 312 406 
2502 395 364 583 690 
2503 245 268 253 670 
2504 443 444 445 642 
2505 113 719 177 189 
2506 14 233 685 278 
2507 561 639 576 650 
2508 311 387 360 565 
2509 331 639 334 657 
2510 363 672 417 317 
2511 701 671 670 565 
2512 531 573 468 482 
2513 704 644 601 563 
2514 635 655 562 669 
2515 346 345 339 602 
2516 474 511 422 674 
2517 200 585 169 198 
2518 648 694 636 696 
2519 755 391 386 662 
2520 371 354 392 676 
2521 354 370 347 676 
2522 358 589 385 651 
2523 240 88 633 680 
2524 505 526 432 611 
2525 378 366 363 671 
2526 241 576 81 656 
2527 330 624 683 650 
2528 760 153 22 705 
2529 176 213 113 582 
2530 353 354 347 662 
2531 716 306 689 398 
2532 675 695 687 579 
2533 760 272 705 22 
2534 336 657 334 658 
2535 236 675 3 695 
2536 314 757 636 689 
2537 289 227 259 581 
2538 552 535 555 667 
2539 196 763 141 174 
2540 680 290 633 240 
2541 239 77 577 684 
2542 720 423 525 592 
2543 332 640 335 668 
2544 680 290 240 262 
2545 311 378 400 603 
2546 351 622 350 632 
2547 372 639 331 650 
2548 239 684 577 695 
2549 255 586 296 697 
2550 675 687 695 236 
2551 163 651 626 685 
2552 565 616 360 671 
2553 491 436 502 630 
2554 258 588 293 659 
2555 407 361 358 651 
2556 467 473 524 669 
2557 330 624 650 331 
2558 252 587 220 687 
2559 261 607 291 656 
2560 138 193 217 634 
2561 201 199 167 581 
2562 767 136 612 171 
2563 215 598 183 693 
2564 297 588 258 618 
2565 597 616 565 699 
2566 323 769 613 636 
2567 115 204 190 699 
2568 331 624 650 657 
2569 336 334 338 658 
2570 659 77 577 239 
2571 720 550 756 106 
2572 507 530 430 595 
2573 680 290 262 578 
2574 461 462 460 600 
2575 274 714 25 751 
2576 157 625 180 690 
2577 545 551 536 591 
2578 235 262 290 649 
2579 201 117 199 581 
2580 603 649 578 672 
2581 456 489 458 638 
2582 238 84 225 572 
2583 562 600 619 655 
2584 291 589 241 656 
2585 132 707 65 161 
2586 589 626 385 651 
2587 484 485 520 682 
2588 21 705 153 117 
2589 669 655 619 580 
2590 207 118 159 689 
2591 261 294 607 656 
2592 768 133 708 693 
2593 368 409 410 581 
2594 294 257 286 583 
2595 590 673 564 675 
2596 263 598 666 686 
2597 572 658 344 663 
2598 768 320 693 708 
2599 435 436 418 621 
2600 360 378 311 671 
2601 256 292 584 654 
2602 640 645 574 668 
2603 561 646 576 652 
2604 84 678 83 704 
2605 368 581 410 663 
2606 588 376 379 677 
2607 241 589 266 688 
2608 337 349 374 590 
2609 535 544 555 667 
2610 752 195 175 122 
2611 761 321 62 404 
2612 550 105 756 106 
2613 359 385 358 589 
2614 372 334 331 639 
2615 701 671 565 603 
2616 679 425 627 681 
2617 768 133 693 167 
2618 274 25 24 751 
2619 508 471 517 591 
2620 711 382 399 316 
2621 659 77 239 223 
2622 51 52 407 651 
2623 348 346 339 703 
2624 530 97 430 595 
2625 167 581 199 693 
2626 293 258 287 588 
2627 263 666 225 686 
2628 219 157 180 690 
2629 502 528 507 630 
2630 274 714 751 697 
2631 83 678 606 704 
2632 299 260 234 582 
2633 402 578 417 356 
2634 729 476 635 667 
2635 137 709 63 160 
2636 69 168 603 127 
2637 486 445 449 593 
2638 507 497 735 627 
2639 653 683 700 571 
2640 371 622 351 676 
2641 570 632 645 668 
2642 768 320 708 58 
2643 163 626 202 685 
2644 485 484 453 682 
2645 486 593 449 660 
2646 203 128 651 685 
2647 162 205 208 607 
2648 256 292 285 584 
2649 559 660 593 691 
2650 589 656 607 703 
2651 504 91 90 609 
2652 236 91 675 687 
2653 169 49 626 126 
2654 170 747 128 15 
2655 473 419 513 619 
2656 752 195 122 213 
2657 244 688 685 702 
2658 282 670 253 701 
2659 571 653 78 700 
2660 83 82 523 606 
2661 604 609 558 644 
2662 86 601 85 704 
2663 462 477 466 619 
2664 441 439 440 599 
2665 756 728 105 550 
2666 518 488 494 608 
2667 255 247 296 586 
2668 535 635 544 667 
2669 296 764 285 230 
2670 343 376 618 677 
2671 86 222 654 680 
2672 720 550 592 756 
2673 333 640 624 657 
2674 83 664 575 678 
2675 708 406 755 59 
2676 681 423 107 720 
2677 742 517 426 667 
2678 318 384 403 585 
2679 489 456 465 638 
2680 291 266 241 589 
2681 132 707 161 629 
2682 238 572 225 666 
2683 576 639 561 652 
2684 510 611 495 428 
2685 180 157 116 625 
2686 705 741 581 117 
2687 525 592 469 665 
2688 711 164 72 135 
2689 429 86 85 704 
2690 253 565 283 701 
2691 87 574 645 680 
2692 3 91 609 675 
2693 247 586 617 654 
2694 255 686 586 697 
2695 261 233 291 607 
2696 242 265 282 701 
2697 709 393 321 628 
2698 487 440 623 642 
2699 729 535 667 635 
2700 236 91 3 675 
2701 339 372 348 639 
2702 459 457 458 600 
2703 565 670 253 699 
2704 379 647 588 677 
2705 191 603 152 701 
2706 570 224 633 670 
2707 624 561 650 657 
2708 247 225 85 617 
2709 254 279 585 688 
2710 770 144 712 48 
2711 193 714 697 138 
2712 289 263 272 666 
2713 212 636 114 179 
2714 763 174 713 9 
2715 764 147 26 714 
2716 423 592 720 681 
2717 584 654 622 676 
2718 752 234 710 6 
2719 443 441 444 642 
2720 313 385 626 651 
2721 755 182 734 634 
2722 521 479 478 596 
2723 457 454 456 638 
2724 170 747 15 715 
2725 718 116 753 625 
2726 152 191 216 603 
2727 575 658 563 678 
2728 323 769 636 322 
2729 99 729 539 549 
2730 601 631 560 644 
2731 522 608 488 623 
2732 367 594 368 663 
2733 181 732 672 218 
2734 402 622 356 397 
2735 328 673 329 327 
2736 137 709 160 628 
2737 118 159 716 74 
2738 91 527 3 637 
2739 154 741 20 117 
2740 406 60 755 59 
2741 208 205 170 607 
2742 296 586 247 654 
2743 621 93 94 434 
2744 572 658 663 664 
2745 574 654 617 676 
2746 588 653 618 677 
2747 127 216 191 603 
2748 756 728 550 665 
2749 335 332 333 640 
2750 291 266 589 685 
2751 729 476 506 635 
2752 480 420 523 615 
2753 1 41 187 648 
2754 279 280 254 585 
2755 77 577 684 700 
2756 78 77 604 700 
2757 543 556 554 592 
2758 701 671 603 633 
2759 691 519 679 681 
2760 690 416 55 737 
2761 588 379 376 408 
2762 550 592 756 665 
2763 717 119 29 146 
2764 247 617 86 654 
2765 639 650 561 657 
2766 576 656 589 703 
2767 83 420 84 704 
2768 718 116 625 154 
2769 165 712 144 47 
2770 487 441 440 642 
2771 708 406 693 755 
2772 578 649 629 672 
2773 595 627 559 630 
2774 194 195 175 647 
2775 356 351 397 622 
2776 149 183 215 598 
2777 562 591 641 667 
2778 312 734 755 60 
2779 510 596 611 478 
2780 667 476 100 729 
2781 238 664 572 666 
2782 201 741 625 154 
2783 559 679 627 681 
2784 507 528 497 627 
2785 259 664 238 666 
2786 67 317 401 672 
2787 767 269 706 37 
2788 512 479 419 698 
2789 500 509 472 643 
2790 193 761 160 121 
2791 560 631 601 645 
2792 217 193 121 634 
2793 622 707 397 402 
2794 359 358 348 703 
2795 88 87 631 645 
2796 540 541 532 595 
2797 729 539 549 535 
2798 193 714 138 147 
2799 392 761 634 404 
2800 148 217 149 634 
2801 755 386 406 693 
2802 86 500 87 643 
2803 252 298 220 587 
2804 493 522 490 623 
2805 376 375 343 618 
2806 588 659 653 677 
2807 365 368 594 690 
2808 488 518 487 623 
2809 743 308 707 64 
2810 207 136 171 612 
2811 43 177 143 719 
2812 330 624 331 329 
2813 622 707 402 629 
2814 711 316 399 72 
2815 729 539 535 635 
2816 486 443 445 593 
2817 337 340 342 668 
2818 324 323 310 613 
2819 556 538 554 592 
2820 717 629 146 754 
2821 279 280 585 702 
2822 529 758 635 736 
2823 149 215 120 598 
2824 422 501 81 614 
2825 716 306 398 74 
2826 443 593 486 691 
2827 574 654 622 680 
2828 87 645 88 680 
2829 729 535 549 100 
2830 5 234 710 648 
2831 373 375 359 610 
2832 621 93 434 566 
2833 412 314 323 636 
2834 455 465 638 682 
2835 367 365 368 594 
2836 474 422 495 674 
2837 712 773 309 47 
2838 592 660 559 691 
2839 556 553 538 681 
2840 429 500 86 643 
2841 712 165 620 773 
2842 682 520 420 615 
2843 200 126 169 626 
2844 481 517 471 667 
2845 477 463 478 596 
2846 455 465 456 638 
2847 178 38 696 171 
2848 139 715 16 749 
2849 261 294 275 607 
2850 560 631 609 644 
2851 764 230 714 26 
2852 763 174 9 141 
2853 364 345 346 602 
2854 100 742 426 667 
2855 450 448 485 605 
2856 383 384 318 585 
2857 681 107 423 498 
2858 244 266 685 688 
2859 207 159 206 612 
2860 243 686 263 273 
2861 375 383 359 610 
2862 174 125 197 620 
2863 328 673 327 577 
2864 363 672 317 603 
2865 278 13 244 685 
2866 200 585 198 702 
2867 559 679 681 691 
2868 181 732 218 132 
2869 653 683 571 677 
2870 560 645 640 668 
2871 89 661 245 670 
2872 46 309 773 47 
2873 752 175 721 7 
2874 461 460 458 600 
2875 574 622 654 676 
2876 156 749 139 17 
2877 237 267 252 612 
2878 546 635 595 641 
2879 474 463 461 674 
2880 712 773 620 309 
2881 142 685 626 702 
2882 142 202 626 685 
2883 187 636 114 696 
2884 411 316 382 597 
2885 440 439 437 599 
2886 330 624 329 683 
2887 126 202 163 626 
2888 350 366 340 632 
2889 335 369 341 640 
2890 172 142 13 685 
2891 593 660 486 691 
2892 158 706 36 136 
2893 473 512 419 619 
2894 722 125 173 11 
2895 757 118 716 75 
2896 691 519 681 446 
2897 243 686 273 303 
2898 139 715 749 607 
2899 379 408 588 647 
2900 536 555 545 591 
2901 233 261 275 607 
2902 578 633 632 680 
2903 480 420 615 682 
2904 476 467 635 667 
2905 282 633 224 670 
2906 773 771 309 46 
2907 450 485 453 605 
2908 659 77 223 653 
2909 773 771 620 309 
2910 720 756 592 525 
2911 113 710 176 582 
2912 597 762 689 612 
2913 477 478 479 596 
2914 141 175 8 721 
2915 719 750 43 415 
2916 209 727 131 155 
2917 751 148 24 723 
2918 223 653 258 659 
2919 27 123 724 145 
2920 88 494 89 631 
2921 721 752 7 251 
2922 266 589 685 688 
2923 718 116 154 19 
2924 556 538 592 681 
2925 434 418 94 621 
2926 403 712 309 47 
2927 86 247 85 617 
2928 757 118 75 179 
2929 651 52 162 140 
2930 156 749 17 726 
2931 469 592 483 660 
2932 488 427 494 608 
2933 572 658 664 678 
2934 432 515 479 698 
2935 425 109 748 681 
2936 444 447 445 642 
2937 212 757 179 118 
2938 379 388 408 647 
2939 341 350 340 632 
2940 274 714 697 230 
2941 712 384 403 309 
2942 422 81 80 614 
2943 55 690 157 219 
2944 734 312 755 634 
2945 546 544 635 641 
2946 339 338 334 639 
2947 531 573 482 470 
2948 682 420 520 484 
2949 768 390 57 730 
2950 115 155 34 699 
2951 626 318 405 49 
2952 477 512 466 619 
2953 142 13 685 702 
2954 495 422 80 614 
2955 585 688 279 702 
2956 755 406 312 60 
2957 24 148 751 138 
2958 1 271 648 228 
2959 424 470 508 591 
2960 203 172 128 685 
2961 172 13 14 685 
2962 497 748 735 627 
2963 754 145 28 724 
2964 32 727 131 701 
2965 83 84 664 678 
2966 289 259 238 666 
2967 718 116 19 753 
2968 91 90 609 675 
2969 213 195 143 647 
2970 142 202 200 626 
2971 421 500 472 643 
2972 679 425 681 519 
2973 358 385 407 651 
2974 148 120 23 723 
2975 188 757 636 738 
2976 459 458 460 600 
2977 333 624 331 657 
2978 200 142 626 702 
2979 525 728 492 105 
2980 253 283 282 701 
2981 207 206 136 612 
2982 505 432 521 611 
2983 469 592 660 665 
2984 526 3 92 637 
2985 299 234 271 648 
2986 724 764 584 123 
2987 113 769 40 648 
2988 287 721 763 8 
2989 603 311 772 69 
2990 727 155 33 131 
2991 575 664 658 678 
2992 209 727 155 565 
2993 546 544 535 635 
2994 770 403 48 712 
2995 28 724 276 754 
2996 515 432 93 698 
2997 260 293 277 659 
2998 488 522 427 608 
2999 165 196 197 620 
3000 529 758 736 98 
3001 307 730 390 368 
3002 444 472 447 642 
3003 667 100 476 426 
3004 513 95 96 669 
3005 423 469 525 592 
3006 497 748 627 425 
3007 92 432 526 637 
3008 570 633 632 671 
3009 772 739 70 311 
3010 423 514 592 681 
3011 291 233 278 685 
3012 733 547 532 4 
3013 192 743 161 137 
3014 10 174 713 125 
3015 263 225 273 686 
3016 559 681 592 691 
3017 723 760 598 120 
3018 138 714 25 147 
3019 768 134 730 57 
3020 333 332 331 624 
3021 429 509 500 643 
3022 298 245 90 661 
3023 562 641 635 667 
3024 311 70 772 69 
3025 115 34 35 699 
3026 763 297 588 287 
3027 41 114 187 636 
3028 151 672 184 67 
3029 360 616 342 671 
3030 681 107 538 720 
3031 191 209 168 701 
3032 708 406 320 693 
3033 121 734 634 761 
3034 193 147 211 628 
3035 745 163 51 651 
3036 517 731 102 508 
3037 423 498 514 681 
3038 592 681 514 691 
3039 181 732 132 629 
3040 134 154 201 625 
3041 428 521 478 611 
3042 420 520 499 615 
3043 546 595 541 641 
3044 265 281 290 649 
3045 565 670 616 671 
3046 331 332 329 624 
3047 193 714 147 628 
3048 423 483 469 592 
3049 183 755 149 60 
3050 282 633 670 701 
3051 132 732 218 66 
3052 525 728 105 756 
3053 355 360 411 616 
3054 163 203 651 685 
3055 395 365 364 690 
3056 295 259 284 625 
3057 456 454 455 638 
3058 439 503 438 679 
3059 288 252 269 612 
3060 32 131 152 701 
3061 240 265 290 633 
3062 544 543 545 641 
3063 211 137 160 628 
3064 503 627 630 679 
3065 3 527 92 637 
3066 432 479 521 698 
3067 421 87 500 643 
3068 392 391 404 634 
3069 706 766 612 158 
3070 252 220 237 687 
3071 685 688 626 702 
3072 269 252 267 612 
3073 297 713 280 231 
3074 569 636 613 694 
3075 194 166 195 647 
3076 128 205 203 651 
3077 420 615 499 704 
3078 772 739 311 565 
3079 244 279 688 702 
3080 476 516 467 667 
3081 360 355 342 616 
3082 423 514 483 592 
3083 578 632 622 680 
3084 343 377 376 677 
3085 96 97 431 669 
3086 616 661 570 670 
3087 44 166 45 647 
3088 181 732 629 672 
3089 311 739 70 413 
3090 134 180 154 625 
3091 579 673 590 675 
3092 769 322 738 636 
3093 30 31 150 649 
3094 471 508 470 591 
3095 576 602 656 703 
3096 300 687 236 695 
3097 517 731 508 591 
3098 586 634 628 697 
3099 190 155 115 699 
3100 434 435 418 621 
3101 392 761 404 321 
3102 502 436 438 630 
3103 212 171 178 696 
3104 216 151 150 649 
3105 385 313 407 651 
3106 379 362 315 647 
3107 51 163 140 651 
3108 503 630 438 679 
3109 161 210 132 629 
3110 626 685 589 688 
3111 532 541 546 595 
3112 40 636 41 648 
3113 197 196 174 620 
3114 163 202 203 685 
3115 467 524 476 635 
3116 626 651 589 685 
3117 92 527 433 637 
3118 188 757 738 76 
3119 357 368 410 663 
3120 325 323 324 613 
3121 541 537 542 627 
3122 440 488 487 623 
3123 679 425 519 503 
3124 446 496 519 681 
3125 30 150 119 649 
3126 443 446 442 691 
3127 480 484 420 682 
3128 181 132 146 629 
3129 295 284 232 625 
3130 200 202 126 626 
3131 525 469 492 665 
3132 44 143 166 647 
3133 51 52 651 140 
3134 565 772 603 311 
3135 713 280 231 10 
3136 662 755 693 386 
3137 714 751 697 138 
3138 512 473 466 619 
3139 12 302 244 702 
3140 226 241 266 688 
3141 570 616 670 671 
3142 337 332 335 668 
3143 409 320 410 693 
3144 483 486 660 691 
3145 215 199 153 693 
3146 708 133 183 693 
3147 240 87 88 680 
3148 396 569 352 587 
3149 375 376 384 618 
3150 30 119 717 649 
3151 444 487 472 642 
3152 446 514 681 691 
3153 503 627 528 630 
3154 535 539 546 635 
3155 45 771 647 124 
3156 217 182 149 634 
3157 505 521 428 611 
3158 223 260 239 659 
3159 483 514 486 691 
3160 30 235 281 649 
3161 393 392 321 628 
3162 679 425 503 627 
3163 86 87 222 680 
3164 142 12 13 702 
3165 419 479 515 698 
3166 200 198 173 702 
3167 632 645 574 680 
3168 186 648 1 5 
3169 224 240 88 633 
3170 579 673 675 684 
3171 446 514 498 681 
3172 256 222 292 654 
3173 223 258 293 659 
3174 385 383 318 626 
3175 373 372 330 650 
3176 211 160 193 628 
3177 167 199 133 693 
3178 733 97 4 530 
3179 44 388 315 647 
3180 672 317 68 67 
3181 89 245 224 670 
3182 564 675 673 684 
3183 617 654 586 676 
3184 755 182 634 149 
3185 416 307 395 690 
3186 143 44 750 647 
3187 317 68 603 672 
3188 347 336 344 658 
3189 653 77 78 700 
3190 330 328 343 683 
3191 344 367 357 663 
3192 210 146 132 629 
3193 492 744 424 104 
3194 455 453 484 682 
3195 497 748 425 110 
3196 412 398 314 689 
3197 736 4 97 529 
3198 244 279 266 688 
3199 83 84 238 664 
3200 261 221 294 656 
3201 531 424 492 665 
3202 542 537 548 627 
3203 362 379 377 677 
3204 510 596 478 463 
3205 323 769 322 310 
3206 121 734 761 61 
3207 720 106 525 423 
3208 691 519 446 442 
3209 101 517 426 742 
3210 181 649 151 672 
3211 534 108 553 681 
3212 708 755 693 183 
3213 274 303 273 686 
3214 486 449 483 660 
3215 492 744 104 728 
3216 173 722 12 702 
3217 238 225 263 666 
3218 622 632 574 680 
3219 497 748 110 735 
3220 203 205 140 651 
3221 572 664 663 666 
3222 333 369 335 640 
3223 490 488 440 623 
3224 735 540 537 111 
3225 142 173 12 702 
3226 431 529 506 635 
3227 487 444 441 642 
3228 40 41 113 648 
3229 40 114 41 636 
3230 653 659 577 677 
3231 94 419 515 698 
3232 626 688 585 702 
3233 51 407 313 651 
3234 183 133 708 59 
3235 406 386 320 693 
3236 570 670 633 671 
3237 121 734 61 182 
3238 653 77 700 577 
3239 517 481 426 667 
3240 333 331 334 657 
3241 771 309 46 408 
3242 209 191 131 701 
3243 529 758 98 506 
3244 185 740 54 129 
3245 271 648 228 694 
3246 730 134 219 56 
3247 85 499 429 704 
3248 634 662 598 686 
3249 586 662 634 686 
3250 735 497 507 111 
3251 40 738 188 636 
3252 603 317 400 68 
3253 116 154 180 625 
3254 291 278 266 685 
3255 559 630 627 679 
3256 556 542 534 681 
3257 264 694 300 695 
3258 541 543 544 641 
3259 280 585 722 620 
3260 5 710 176 186 
3261 45 771 46 408 
3262 181 119 151 649 
3263 185 740 129 583 
3264 296 247 256 654 
3265 270 305 267 696 
3266 636 694 569 696 
3267 405 313 385 626 
3268 443 486 446 691 
3269 203 202 172 685 
3270 279 302 280 702 
3271 497 503 425 627 
3272 318 405 385 626 
3273 93 94 515 698 
3274 506 476 524 635 
3275 84 420 499 704 
3276 371 351 370 676 
3277 547 546 539 635 
3278 241 81 221 656 
3279 529 758 506 635 
3280 586 686 634 697 
3281 334 336 333 657 
3282 508 744 103 424 
3283 239 299 264 695 
3284 339 334 372 639 
3285 259 246 238 664 
3286 265 240 224 633 
3287 402 401 417 672 
3288 330 372 331 650 
3289 710 5 648 186 
3290 522 488 490 623 
3291 357 367 368 663 
3292 336 338 344 658 
3293 636 648 613 694 
3294 127 603 68 184 
3295 215 133 199 693 
3296 278 244 266 685 
3297 370 354 371 676 
3298 496 108 109 681 
3299 508 744 424 591 
3300 495 510 474 674 
3301 182 217 121 634 
3302 247 86 222 654 
3303 374 380 327 673 
3304 186 1 648 41 
3305 271 228 264 694 
3306 45 408 647 771 
3307 188 179 114 636 
3308 229 283 304 699 
3309 451 469 483 660 
3310 212 178 114 696 
3311 322 323 314 636 
3312 729 758 635 506 
3313 240 262 222 680 
3314 483 449 451 660 
3315 771 588 408 647 
3316 738 769 636 40 
3317 374 327 329 673 
3318 320 386 410 693 
3319 152 31 32 759 
3320 524 431 635 669 
3321 691 519 442 679 
3322 353 386 391 662 
3323 142 172 202 685 
3324 760 23 22 120 
3325 497 528 503 627 
3326 274 686 255 697 
3327 335 340 337 668 
3328 315 388 379 647 
3329 55 157 737 185 
3330 717 276 754 29 
3331 273 225 255 686 
3332 119 150 151 649 
3333 771 408 588 620 
3334 41 186 113 648 
3335 771 309 408 620 
3336 229 268 288 699 
3337 365 307 368 690 
3338 705 22 21 153 
3339 121 734 182 634 
3340 74 159 762 73 
3341 503 528 438 630 
3342 239 3 77 684 
3343 122 6 7 752 
3344 17 18 156 726 
3345 3 684 239 695 
3346 170 15 16 715 
3347 770 403 712 585 
3348 465 455 480 682 
3349 188 757 76 179 
3350 544 546 541 641 
3351 141 8 9 763 
3352 764 27 26 123 
3353 248 258 223 653 
3354 140 163 203 651 
3355 376 377 379 677 
3356 492 104 105 728 
3357 291 241 261 656 
3358 108 496 498 681 
3359 747 15 14 128 
3360 417 401 317 672 
3361 391 312 404 634 
3362 741 21 20 117 
3363 361 346 358 703 
3364 354 353 391 662 
3365 29 30 119 717 
3366 71 765 164 72 
3367 270 694 228 696 
3368 761 62 121 61 
3369 750 43 44 143 
3370 131 191 152 701 
3371 188 757 179 636 
3372 446 498 496 681 
3373 133 58 708 59 
3374 99 506 729 476 
3375 524 431 506 635 
3376 281 235 290 649 
3377 474 510 463 674 
3378 33 34 155 727 
3379 100 101 426 742 
3380 722 11 10 125 
3381 154 19 20 718 
3382 228 270 300 694 
3383 751 25 24 138 
3384 766 36 35 158 
3385 770 403 585 318 
3386 492 469 468 665 
3387 754 29 28 146 
3388 38 37 767 171 
3389 40 188 114 636 
3390 65 66 732 132 
3391 328 330 329 683 
3392 740 54 129 53 
3393 215 183 133 693 
3394 282 224 253 670 
3395 167 58 57 768 
3396 62 160 63 709 
3397 439 442 503 679 
3398 6 5 710 176 
3399 264 300 236 695 
3400 446 486 514 691 
3401 247 222 256 654 
3402 426 481 516 667 
3403 626 318 49 770 
3404 238 246 83 664 
3405 241 221 261 656 
3406 254 226 279 688 
3407 75 118 716 74 
3408 346 348 358 703 
3409 263 289 238 666 
3410 513 431 473 669 
3411 681 107 498 108 
3412 135 72 711 73 
3413 378 360 366 671 
3414 508 102 103 731 
3415 2 40 189 769 
3416 131 32 33 727 
3417 90 245 89 661 
3418 696 228 305 39 
3419 169 48 770 49 
3420 45 124 46 771 
3421 468 531 492 665 
3422 188 40 2 738 
3423 76 179 757 75 
3424 137 64 63 743 
3425 223 78 248 653 
3426 603 68 69 127 
3427 770 48 318 49 
3428 274 255 296 697 
3429 236 300 237 687 
3430 282 283 301 701 
3431 11 12 173 722 
3432 91 236 220 687 
3433 195 166 143 647 
3434 499 85 84 704 
3435 556 534 553 681 
3436 106 720 107 423 
3437 342 366 360 671 
3438 304 268 229 699 
3439 476 426 516 667 
3440 111 735 497 110 
3441 438 528 502 630 
3442 455 484 480 682 
3443 242 282 301 701 
3444 425 110 748 109 
3445 148 23 24 723 
3446 65 707 64 161 
3447 144 48 47 712 
3448 223 293 260 659 
3449 222 87 240 680 
3450 274 273 255 686 
3451 769 394 613 582 
3452 218 181 151 672 
3453 49 50 626 126 
3454 253 224 245 670 
3455 524 473 431 669 
3456 96 431 513 669 
3457 4 112 733 530 
3458 318 585 770 626 
3459 396 306 398 689 
3460 177 189 719 42 
3461 706 37 36 136 
3462 530 746 507 112 
3463 98 99 506 758 
3464 412 396 398 689 
3465 772 70 168 69 
3466 51 745 50 163 
3467 729 100 99 476 
3468 280 11 10 722 
3469 236 3 239 695 
3470 200 173 142 702 
3471 244 302 279 702 
3472 264 228 300 694 
3473 323 769 310 613 
3474 46 773 165 47 
3475 725 52 53 162 
3476 226 266 279 688 
3477 730 57 134 56 
3478 70 71 739 130 
3479 696 187 39 178 
3480 769 322 310 2 
3481 18 19 116 753 
3482 442 519 503 679 
3483 395 307 365 690 
3484 139 16 17 749 
3485 264 236 239 695 
3486 274 296 230 697 
3487 9 10 174 713 
3488 103 104 424 744 
3489 719 43 177 42 
3490 714 26 25 147 
3491 7 8 175 721 
3492 98 4 736 529 
3493 530 746 112 733 
3494 270 228 305 696 
3495 28 27 724 145 
3496 696 39 38 178 
3497 178 187 114 696 
3498 236 237 220 687 
3499 42 2 189 769 
3500 60 734 182 61 
3501 76 188 2 738 
3502 755 60 183 59 
3503 769 613 636 648 
3504 517 101 102 742 
3505 55 737 54 185 
3506 507 112 746 111 
3507 756 105 525 106 
3508 67 218 732 66 
3509 762 206 597 135 
3510 711 762 73 306 
3511 605 449 660 450 
3512 605 660 449 593 
3513 597 689 762 306 
3514 396 597 306 689 
3515 682 568 520 615 
3516 682 520 568 605 
3517 608 493 623 522 
3518 608 623 493 566 
3519 501 606 523 82 
3520 81 606 82 652 
3521 762 135 73 159 
3522 711 762 597 135 
3523 129 725 53 162 
3524 129 725 162 607 
3525 699 164 565 597 
3526 699 565 164 190 
3527 448 568 447 475 
3528 448 568 475 605 
3529 375 571 343 618 
3530 375 571 618 610 
3531 764 147 714 628 
3532 764 147 628 123 
3533 726 116 18 156 
3534 726 232 286 18 
3535 201 741 154 117 
3536 201 741 117 581 
3537 641 542 681 627 
3538 641 681 542 543 
3539 616 381 382 355 
3540 616 382 381 587 
3541 698 580 557 621 
3542 698 557 580 619 
3543 198 620 144 197 
3544 144 620 198 585 
3545 461 638 458 489 
3546 458 638 461 600 
3547 165 771 46 124 
3548 771 196 124 165 
3549 760 153 705 598 
3550 760 153 598 120 
3551 593 441 599 442 
3552 442 593 443 691 
3553 593 441 442 443 
3554 724 276 754 629 
3555 649 152 216 603 
3556 649 216 152 150 
3557 730 594 581 368 
3558 730 594 368 690 
3559 192 743 137 628 
3560 137 192 628 211 
3561 123 192 628 584 
3562 123 628 192 211 
3563 616 382 411 355 
3564 616 411 382 597 
3565 768 134 57 167 
3566 768 390 730 581 
3567 770 144 48 169 
3568 770 403 318 48 
3569 768 390 581 409 
3570 768 390 409 57 
3571 641 665 545 591 
3572 276 29 28 754 
3573 649 242 265 281 
3574 649 265 242 603 
3575 703 639 348 576 
3576 703 348 639 339 
3577 671 311 603 378 
3578 671 603 311 565 
3579 668 342 616 570 
3580 616 342 668 590 
3581 616 661 668 570 
3582 668 661 616 590 
3583 741 259 625 284 
3584 741 259 284 227 
3585 130 765 164 71 
3586 130 765 71 739 
3587 270 569 267 237 
3588 270 267 569 696 
3589 657 369 563 336 
3590 657 563 369 640 
3591 684 683 700 577 
3592 684 700 683 564 
3593 681 548 542 534 
3594 681 542 548 627 
3595 655 630 595 559 
3596 669 630 580 491 
3597 621 692 698 566 
3598 698 692 621 557 
3599 719 213 177 143 
3600 415 394 647 315 
3601 647 394 415 582 
3602 637 91 504 609 
3603 637 504 91 527 
3604 638 692 596 557 
3605 692 674 567 638 
3606 658 334 639 657 
3607 658 639 334 338 
3608 425 109 681 496 
3609 768 320 58 409 
3610 139 715 607 170 
3611 139 715 170 16 
3612 694 299 271 648 
3613 694 271 299 264 
3614 671 340 632 570 
3615 671 632 340 366 
3616 752 175 7 122 
3617 721 752 251 647 
3618 615 692 682 568 
3619 682 692 615 567 
3620 630 430 507 502 
3621 630 507 430 595 
3622 160 761 62 121 
3623 193 761 121 634 
3624 130 772 70 168 
3625 130 772 168 565 
3626 669 430 97 595 
3627 669 97 430 96 
3628 631 427 494 89 
3629 631 494 427 608 
3630 392 676 628 371 
3631 628 676 392 586 
3632 754 145 724 629 
3633 754 145 629 146 
3634 531 591 470 424 
3635 531 591 424 665 
3636 641 555 545 544 
3637 641 545 555 591 
3638 163 626 50 126 
3639 768 320 409 693 
3640 719 213 143 647 
3641 719 750 415 647 
3642 651 361 389 407 
3643 725 361 319 389 
3644 701 671 633 670 
3645 265 633 701 603 
3646 425 681 519 496 
3647 717 629 754 276 
3648 282 633 701 265 
3649 282 633 265 224 
3650 468 660 469 451 
3651 468 469 660 665 
3652 510 611 428 478 
3653 510 596 463 674 
3654 672 67 218 732 
3655 672 218 67 151 
3656 701 32 759 152 
3657 701 242 32 301 
3658 699 34 727 155 
3659 699 283 34 229 
3660 691 483 592 660 
3661 691 592 483 514 
3662 659 77 653 577 
3663 653 77 223 78 
3664 705 666 272 598 
3665 705 666 598 693 
3666 705 741 117 21 
3667 760 153 120 22 
3668 705 227 21 272 
3669 272 22 21 705 
3670 760 272 22 243 
3671 706 766 158 36 
3672 767 136 171 37 
3673 767 136 37 706 
3674 766 269 612 288 
3675 269 37 36 706 
3676 768 58 57 409 
3677 14 747 128 685 
3678 14 13 278 685 
3679 768 409 581 693 
3680 743 161 137 64 
3681 707 397 402 308 
3682 397 743 308 707 
3683 65 402 308 707 
3684 743 161 64 707 
3685 65 308 64 707 
3686 768 133 167 58 
3687 768 133 58 708 
3688 708 755 183 59 
3689 708 406 59 320 
3690 708 58 320 59 
3691 709 393 628 743 
3692 761 321 628 709 
3693 414 63 709 321 
3694 62 709 63 321 
3695 761 321 709 62 
3696 603 772 168 69 
3697 696 267 767 38 
3698 603 311 69 400 
3699 767 269 37 267 
3700 400 68 69 603 
3701 626 770 49 169 
3702 767 269 267 612 
3703 38 37 267 767 
3704 49 50 405 626 
3705 626 313 50 405 
3706 752 176 122 6 
3707 234 582 710 648 
3708 74 762 306 73 
3709 752 176 6 710 
3710 5 234 648 271 
3711 6 5 234 710 
3712 711 382 316 597 
3713 711 765 72 164 
3714 711 765 164 597 
3715 711 72 399 73 
3716 73 711 306 399 
3717 712 384 309 620 
3718 712 165 773 47 
3719 770 144 169 585 
3720 267 767 612 696 
3721 712 48 47 403 
3722 770 144 585 712 
3723 196 763 174 620 
3724 713 722 10 125 
3725 763 297 287 231 
3726 713 722 125 620 
3727 9 10 713 231 
3728 714 751 138 25 
3729 764 147 123 26 
3730 274 714 230 25 
3731 230 26 25 714 
3732 764 230 26 285 
3733 747 275 715 607 
3734 747 275 607 233 
3735 16 715 275 250 
3736 715 15 16 275 
3737 715 250 607 275 
3738 212 757 118 689 
3739 716 762 74 159 
3740 716 762 159 689 
3741 757 398 689 314 
3742 75 716 398 74 
3743 35 288 766 699 
3744 35 766 158 699 
3745 35 34 229 699 
3746 766 269 288 36 
3747 717 754 146 29 
3748 717 276 29 235 
3749 30 717 235 649 
3750 29 30 717 235 
3751 741 284 625 718 
3752 718 232 284 625 
3753 741 284 718 20 
3754 19 718 232 284 
3755 718 19 20 284 
3756 719 769 42 189 
3757 719 750 647 143 
3758 752 234 277 582 
3759 415 43 719 42 
3760 415 719 647 582 
3761 719 750 143 43 
3762 288 36 35 766 
3763 13 244 685 702 
3764 13 12 244 702 
3765 766 269 36 706 
3766 766 288 597 699 
3767 109 108 534 681 
3768 766 597 288 612 
3769 548 681 109 534 
3770 696 767 171 38 
3771 696 267 38 305 
3772 696 1 39 187 
3773 711 316 765 597 
3774 305 39 38 696 
3775 681 538 107 553 
3776 720 756 525 106 
3777 720 592 538 681 
3778 726 232 753 625 
3779 720 550 106 538 
3780 106 538 107 720 
3781 721 251 588 647 
3782 721 763 8 141 
3783 752 195 213 647 
3784 721 763 141 588 
3785 7 8 721 251 
3786 752 175 647 721 
3787 280 302 722 702 
3788 722 280 11 302 
3789 722 302 12 702 
3790 11 12 722 302 
3791 711 316 72 765 
3792 739 765 71 316 
3793 44 45 388 647 
3794 71 316 765 72 
3795 723 598 303 686 
3796 723 760 120 23 
3797 751 303 686 723 
3798 751 303 723 24 
3799 760 303 598 243 
3800 723 23 24 303 
3801 724 276 292 249 
3802 724 764 123 27 
3803 724 285 27 249 
3804 754 145 146 28 
3805 28 27 249 724 
3806 28 276 724 249 
3807 319 725 740 607 
3808 725 361 389 651 
3809 726 232 18 753 
3810 739 765 316 565 
3811 389 52 53 725 
3812 725 361 651 607 
3813 295 726 583 625 
3814 726 753 18 116 
3815 250 286 726 583 
3816 250 17 726 286 
3817 17 18 726 286 
3818 726 753 116 625 
3819 316 565 765 597 
3820 724 285 764 27 
3821 672 68 184 67 
3822 301 283 727 701 
3823 32 301 727 701 
3824 301 33 727 283 
3825 727 32 33 301 
3826 533 550 728 665 
3827 728 551 533 665 
3828 105 550 728 533 
3829 551 104 728 533 
3830 728 104 105 533 
3831 729 535 100 667 
3832 729 758 506 99 
3833 18 19 753 232 
3834 764 697 628 714 
3835 752 234 6 277 
3836 549 100 99 729 
3837 730 368 581 390 
3838 296 764 230 697 
3839 307 730 368 690 
3840 768 134 167 581 
3841 730 56 219 690 
3842 390 57 730 56 
3843 768 134 581 730 
3844 552 536 731 591 
3845 536 551 731 591 
3846 102 731 552 536 
3847 103 731 536 551 
3848 731 102 103 536 
3849 732 401 402 672 
3850 402 401 732 66 
3851 67 732 401 66 
3852 672 67 732 401 
3853 281 242 31 649 
3854 30 281 31 649 
3855 285 27 26 764 
3856 724 285 584 764 
3857 4 547 736 733 
3858 532 733 540 595 
3859 736 595 635 97 
3860 4 112 532 733 
3861 112 540 532 733 
3862 755 182 149 60 
3863 755 182 60 734 
3864 734 404 312 634 
3865 312 404 734 61 
3866 60 312 734 61 
3867 735 746 111 507 
3868 748 537 735 627 
3869 748 537 627 548 
3870 735 746 507 627 
3871 111 537 735 110 
3872 736 595 97 733 
3873 758 547 635 736 
3874 97 4 736 733 
3875 758 547 736 98 
3876 98 4 547 736 
3877 416 583 737 690 
3878 740 416 583 737 
3879 737 690 157 55 
3880 740 416 737 54 
3881 690 55 416 307 
3882 55 416 54 737 
3883 322 314 738 636 
3884 738 769 40 2 
3885 76 738 322 314 
3886 769 322 2 738 
3887 76 738 2 322 
3888 739 387 413 311 
3889 739 387 311 565 
3890 70 71 413 739 
3891 739 316 71 413 
3892 736 595 733 547 
3893 319 740 583 607 
3894 319 725 389 53 
3895 319 725 53 740 
3896 740 416 54 319 
3897 740 416 319 583 
3898 319 54 740 53 
3899 741 259 227 581 
3900 741 284 20 227 
3901 741 259 581 625 
3902 705 227 581 741 
3903 227 21 20 741 
3904 705 227 741 21 
3905 552 591 742 667 
3906 742 731 591 552 
3907 742 731 552 102 
3908 764 230 697 714 
3909 718 753 19 232 
3910 742 101 102 552 
3911 743 393 308 414 
3912 709 393 743 414 
3913 743 709 414 63 
3914 743 64 63 414 
3915 743 308 64 414 
3916 709 393 414 321 
3917 551 744 591 665 
3918 744 728 665 551 
3919 744 728 551 104 
3920 744 731 551 591 
3921 744 731 103 551 
3922 103 104 744 551 
3923 745 313 626 651 
3924 287 721 8 251 
3925 745 626 313 50 
3926 313 745 51 651 
3927 51 313 50 745 
3928 540 595 746 627 
3929 746 733 595 540 
3930 746 733 540 112 
3931 746 112 540 111 
3932 735 540 111 746 
3933 735 540 746 627 
3934 732 707 629 402 
3935 732 707 402 65 
3936 287 721 251 588 
3937 402 629 732 672 
3938 763 231 287 9 
3939 65 66 402 732 
3940 747 233 607 651 
3941 747 233 651 685 
3942 747 275 233 15 
3943 747 275 15 715 
3944 233 15 14 747 
3945 763 8 9 287 
3946 14 233 747 685 
3947 748 548 627 681 
3948 763 231 9 713 
3949 748 109 548 681 
3950 748 537 548 110 
3951 748 537 110 735 
3952 748 110 548 109 
3953 250 583 749 607 
3954 726 749 250 583 
3955 715 749 250 16 
3956 726 749 17 250 
3957 749 16 17 250 
3958 715 749 607 250 
3959 283 565 727 701 
3960 727 565 283 699 
3961 297 713 231 763 
3962 716 306 762 689 
3963 33 34 727 283 
3964 699 34 283 727 
3965 750 315 43 415 
3966 750 44 315 647 
3967 315 43 44 750 
3968 415 647 750 315 
3969 751 303 24 274 
3970 751 686 274 697 
3971 716 306 74 762 
3972 751 303 274 686 
3973 762 206 135 159 
3974 752 582 277 647 
3975 277 7 752 251 
3976 752 6 7 277 
3977 251 647 752 277 
$EndElements
