$MeshFormat
4.1 0 8
$EndMeshFormat
$Entities
24 36 15 1
1 -47.75 -53.43 -28.9 0 
2 -47.75 -53.43 28.9 0 
3 -47.75 53.43 -28.9 0 
4 -47.75 53.43 28.9 0 
5 47.75 -53.43 -28.9 0 
6 47.75 -53.43 28.9 0 
7 47.75 53.43 28.9 0 
8 -36.45 -27.8 28.9 0 
9 32.45 -27.8 28.9 0 
10 -36.45 27.8 28.9 0 
11 -18.2 -48.75 28.9 0 
12 18.2 -48.75 28.9 0 
13 -18.2 48.75 28.9 0 
14 18.2 48.75 28.9 0 
15 32.45 27.8 28.9 0 
16 47.75 53.43 -28.9 0 
17 -36.45 -27.8 -28.9 0 
18 32.45 -27.8 -28.9 0 
19 -36.45 27.8 -28.9 0 
20 32.45 27.8 -28.9 0 
21 -18.2 -48.75 2.6 0 
22 18.2 -48.75 2.6 0 
23 -18.2 48.75 2.6 0 
24 18.2 48.75 2.6 0 
1 -47.7500001 -53.4300001 -28.9000001 -47.7499999 -53.4299999 28.9000001 0 2 1 -2 
2 -47.7500001 -53.4300001 -28.9000001 -47.7499999 53.4300001 -28.8999999 0 2 1 -3 
3 -47.7500001 53.4299999 -28.9000001 -47.7499999 53.4300001 28.9000001 0 2 3 -4 
4 -47.7500001 -53.4300001 28.8999999 -47.7499999 53.4300001 28.9000001 0 2 2 -4 
5 -47.7500001 -53.4300001 -28.9000001 47.7500001 -53.4299999 -28.8999999 0 2 1 -5 
6 -47.7500001 -53.4300001 28.8999999 47.7500001 -53.4299999 28.9000001 0 2 2 -6 
7 47.7499999 -53.4300001 -28.9000001 47.7500001 -53.4299999 28.9000001 0 2 5 -6 
8 47.7499999 -53.4300001 28.8999999 47.7500001 53.4300001 28.9000001 0 2 6 -7 
9 -47.7500001 53.4299999 28.8999999 47.7500001 53.4300001 28.9000001 0 2 4 -7 
10 -36.4500001 -29.8000001 28.8999999 -32.4499999 -25.7999999 28.9000001 0 2 8 -8 
11 32.4499999 -29.8000001 28.8999999 36.4500001 -25.7999999 28.9000001 0 2 9 -9 
12 -36.4500001 25.7999999 28.8999999 -32.4499999 29.8000001 28.9000001 0 2 10 -10 
13 -18.2000001 -48.7500001 28.8999999 18.2000001 -48.7499999 28.9000001 0 2 11 -12 
14 -18.2000001 -48.7500001 28.8999999 -18.1999999 48.7500001 28.9000001 0 2 13 -11 
15 -18.2000001 48.7499999 28.8999999 18.2000001 48.7500001 28.9000001 0 2 14 -13 
16 18.1999999 -48.7500001 28.8999999 18.2000001 48.7500001 28.9000001 0 2 12 -14 
17 32.4499999 25.7999999 28.8999999 36.4500001 29.8000001 28.9000001 0 2 15 -15 
18 -47.7500001 53.4299999 -28.9000001 47.7500001 53.4300001 -28.8999999 0 2 3 -16 
19 47.7499999 53.4299999 -28.9000001 47.7500001 53.4300001 28.9000001 0 2 16 -7 
20 47.7499999 -53.4300001 -28.9000001 47.7500001 53.4300001 -28.8999999 0 2 5 -16 
21 -36.4500001 -29.8000001 -28.9000001 -32.4499999 -25.7999999 -28.8999999 0 2 17 -17 
22 32.4499999 -29.8000001 -28.9000001 36.4500001 -25.7999999 -28.8999999 0 2 18 -18 
23 -36.4500001 25.7999999 -28.9000001 -32.4499999 29.8000001 -28.8999999 0 2 19 -19 
24 32.4499999 25.7999999 -28.9000001 36.4500001 29.8000001 -28.8999999 0 2 20 -20 
25 -36.4500001 -27.8000001 -28.9000001 -36.4499999 -27.7999999 28.9000001 0 2 17 -8 
26 32.4499999 -27.8000001 -28.9000001 32.4500001 -27.7999999 28.9000001 0 2 18 -9 
27 -36.4500001 27.7999999 -28.9000001 -36.4499999 27.8000001 28.9000001 0 2 19 -10 
28 -18.2000001 -48.7500001 2.599999900000002 -18.1999999 -48.7499999 28.9000001 0 2 11 -21 
29 -18.2000001 -48.7500001 2.5999999 18.2000001 -48.7499999 2.6000001 0 2 21 -22 
30 18.1999999 -48.7500001 2.599999900000002 18.2000001 -48.7499999 28.9000001 0 2 12 -22 
31 -18.2000001 48.7499999 2.599999900000002 -18.1999999 48.7500001 28.9000001 0 2 13 -23 
32 -18.2000001 -48.7500001 2.5999999 -18.1999999 48.7500001 2.6000001 0 2 23 -21 
33 18.1999999 -48.7500001 2.5999999 18.2000001 48.7500001 2.6000001 0 2 22 -24 
34 18.1999999 48.7499999 2.599999900000002 18.2000001 48.7500001 28.9000001 0 2 14 -24 
35 -18.2000001 48.7499999 2.5999999 18.2000001 48.7500001 2.6000001 0 2 24 -23 
36 32.4499999 27.7999999 -28.9000001 32.4500001 27.8000001 28.9000001 0 2 20 -15 
1 -47.7500001 -53.4300001 -28.9000001 -47.7499999 53.4300001 28.9000001 0 4 -1 2 3 -4 
2 -47.7500001 -53.4300001 -28.9000001 47.7500001 -53.4299999 28.9000001 0 4 -5 1 6 -7 
3 -47.7500001 -53.4300001 28.8999999 47.7500001 53.4300001 28.9000001 0 12 -4 6 8 -9 -10 -11 -12 -13 -14 -15 -16 -17 
4 -47.7500001 53.4299999 -28.9000001 47.7500001 53.4300001 28.9000001 0 4 -18 3 9 -19 
5 -47.7500001 -53.4300001 -28.9000001 47.7500001 53.4300001 -28.8999999 0 8 -2 5 20 -18 -21 -22 -23 -24 
6 47.7499999 -53.4300001 -28.9000001 47.7500001 53.4300001 28.9000001 0 4 -7 20 19 -8 
7 -36.4500001 -29.8000001 -28.9000001 -32.4499999 -25.7999999 28.9000001 0 4 -10 -25 21 25 
8 32.4499999 -29.8000001 -28.9000001 36.4500001 -25.7999999 28.9000001 0 4 -11 -26 22 26 
9 -36.4500001 25.7999999 -28.9000001 -32.4499999 29.8000001 28.9000001 0 4 -12 -27 23 27 
10 -18.2000001 -48.7500001 2.5999999 18.2000001 -48.7499999 28.9000001 0 4 28 29 -30 -13 
11 -18.2000001 -48.7500001 2.5999999 -18.1999999 48.7500001 28.9000001 0 4 31 32 -28 -14 
12 18.1999999 -48.7500001 2.5999999 18.2000001 48.7500001 28.9000001 0 4 30 33 -34 -16 
13 -18.2000001 48.7499999 2.5999999 18.2000001 48.7500001 28.9000001 0 4 34 35 -31 -15 
14 32.4499999 25.7999999 -28.9000001 36.4500001 29.8000001 28.9000001 0 4 -17 -36 24 36 
15 -18.2000001 -48.7500001 2.5999999 18.2000001 48.7500001 2.6000001 0 4 29 33 35 32 
1 -47.7500001 -53.4300001 -28.9000001 47.7500001 53.4300001 28.9000001 0 15 -1 -2 3 4 -5 6 -7 -8 -9 -10 -11 -12 -13 -14 15 
$EndEntities
$Nodes
76 4601 1 4601
0 1 0 1
1
-47.75 -53.43 -28.9
0 2 0 1
2
-47.75 -53.43 28.9
0 3 0 1
3
-47.75 53.43 -28.9
0 4 0 1
4
-47.75 53.43 28.9
0 5 0 1
5
47.75 -53.43 -28.9
0 6 0 1
6
47.75 -53.43 28.9
0 7 0 1
7
47.75 53.43 28.9
0 8 0 1
8
-36.45 -27.8 28.9
0 9 0 1
9
32.45 -27.8 28.9
0 10 0 1
10
-36.45 27.8 28.9
0 11 0 1
11
-18.2 -48.75 28.9
0 12 0 1
12
18.2 -48.75 28.9
0 13 0 1
13
-18.2 48.75 28.9
0 14 0 1
14
18.2 48.75 28.9
0 15 0 1
15
32.45 27.8 28.9
0 16 0 1
16
47.75 53.43 -28.9
0 17 0 1
17
-36.45 -27.8 -28.9
0 18 0 1
18
32.45 -27.8 -28.9
0 19 0 1
19
-36.45 27.8 -28.9
0 20 0 1
20
32.45 27.8 -28.9
0 21 0 1
21
-18.2 -48.75 2.6
0 22 0 1
22
18.2 -48.75 2.6
0 23 0 1
23
-18.2 48.75 2.6
0 24 0 1
24
18.2 48.75 2.6
1 1 0 6
25
26
27
28
29
30
-47.75 -53.43 -20.64285714285716
-47.75 -53.43 -12.3857142857143
-47.75 -53.43 -4.128571428571476
-47.75 -53.43 4.128571428571341
-47.75 -53.43 12.38571428571422
-47.75 -53.43 20.64285714285711
1 2 0 11
31
32
33
34
35
36
37
38
39
40
41
-47.75 -44.52500000000001 -28.9
-47.75 -35.62000000000003 -28.9
-47.75 -26.71500000000002 -28.9
-47.75 -17.81000000000002 -28.9
-47.75 -8.905000000000065 -28.9
-47.75 -9.947598300641403e-14 -28.9
-47.75 8.904999999999859 -28.9
-47.75 17.80999999999982 -28.9
-47.75 26.71499999999987 -28.9
-47.75 35.61999999999991 -28.9
-47.75 44.52499999999996 -28.9
1 3 0 6
42
43
44
45
46
47
-47.75 53.43 -20.64285714285716
-47.75 53.43 -12.3857142857143
-47.75 53.43 -4.128571428571476
-47.75 53.43 4.128571428571341
-47.75 53.43 12.38571428571422
-47.75 53.43 20.64285714285711
1 4 0 11
48
49
50
51
52
53
54
55
56
57
58
-47.75 -44.52500000000001 28.9
-47.75 -35.62000000000003 28.9
-47.75 -26.71500000000002 28.9
-47.75 -17.81000000000002 28.9
-47.75 -8.905000000000065 28.9
-47.75 -9.947598300641403e-14 28.9
-47.75 8.904999999999859 28.9
-47.75 17.80999999999982 28.9
-47.75 26.71499999999987 28.9
-47.75 35.61999999999991 28.9
-47.75 44.52499999999996 28.9
1 5 0 10
59
60
61
62
63
64
65
66
67
68
-39.06818181818181 -53.43 -28.9
-30.38636363636363 -53.43 -28.9
-21.70454545454544 -53.43 -28.9
-13.02272727272725 -53.43 -28.9
-4.340909090909115 -53.43 -28.9
4.34090909090903 -53.43 -28.9
13.02272727272717 -53.43 -28.9
21.70454545454531 -53.43 -28.9
30.38636363636353 -53.43 -28.9
39.06818181818176 -53.43 -28.9
1 6 0 10
69
70
71
72
73
74
75
76
77
78
-39.06818181818181 -53.43 28.9
-30.38636363636363 -53.43 28.9
-21.70454545454544 -53.43 28.9
-13.02272727272725 -53.43 28.9
-4.340909090909115 -53.43 28.9
4.34090909090903 -53.43 28.9
13.02272727272717 -53.43 28.9
21.70454545454531 -53.43 28.9
30.38636363636353 -53.43 28.9
39.06818181818176 -53.43 28.9
1 7 0 6
79
80
81
82
83
84
47.75 -53.43 -20.64285714285716
47.75 -53.43 -12.3857142857143
47.75 -53.43 -4.128571428571476
47.75 -53.43 4.128571428571341
47.75 -53.43 12.38571428571422
47.75 -53.43 20.64285714285711
1 8 0 11
85
86
87
88
89
90
91
92
93
94
95
47.75 -44.52500000000001 28.9
47.75 -35.62000000000003 28.9
47.75 -26.71500000000002 28.9
47.75 -17.81000000000002 28.9
47.75 -8.905000000000065 28.9
47.75 -9.947598300641403e-14 28.9
47.75 8.904999999999859 28.9
47.75 17.80999999999982 28.9
47.75 26.71499999999987 28.9
47.75 35.61999999999991 28.9
47.75 44.52499999999996 28.9
1 9 0 10
96
97
98
99
100
101
102
103
104
105
-39.06818181818181 53.43 28.9
-30.38636363636363 53.43 28.9
-21.70454545454544 53.43 28.9
-13.02272727272725 53.43 28.9
-4.340909090909115 53.43 28.9
4.34090909090903 53.43 28.9
13.02272727272717 53.43 28.9
21.70454545454531 53.43 28.9
30.38636363636353 53.43 28.9
39.06818181818176 53.43 28.9
1 10 0 7
106
107
108
109
110
111
112
-35.8642135623731 -29.2142135623731 28.9
-34.45 -29.8 28.9
-33.0357864376269 -29.21421356237309 28.9
-32.45 -27.79999999999999 28.9
-33.03578643762691 -26.3857864376269 28.9
-34.45000000000001 -25.8 28.9
-35.8642135623731 -26.3857864376269 28.9
1 11 0 7
113
114
115
116
117
118
119
33.03578643762691 -29.2142135623731 28.9
34.45000000000001 -29.8 28.9
35.8642135623731 -29.21421356237309 28.9
36.45 -27.79999999999999 28.9
35.8642135623731 -26.3857864376269 28.9
34.45 -25.8 28.9
33.0357864376269 -26.3857864376269 28.9
1 12 0 7
120
121
122
123
124
125
126
-35.8642135623731 26.3857864376269 28.9
-34.45 25.8 28.9
-33.0357864376269 26.38578643762691 28.9
-32.45 27.80000000000001 28.9
-33.03578643762691 29.2142135623731 28.9
-34.45000000000001 29.8 28.9
-35.8642135623731 29.2142135623731 28.9
1 13 0 4
127
128
129
130
-10.92000000000001 -48.75 28.9
-3.640000000000022 -48.75 28.9
3.639999999999983 -48.75 28.9
10.92 -48.75 28.9
1 14 0 10
131
132
133
134
135
136
137
138
139
140
-18.2 39.88636363636365 28.9
-18.2 31.0227272727273 28.9
-18.2 22.15909090909093 28.9
-18.2 13.29545454545456 28.9
-18.2 4.431818181818201 28.9
-18.2 -4.431818181818166 28.9
-18.2 -13.29545454545454 28.9
-18.2 -22.15909090909091 28.9
-18.2 -31.02272727272727 28.9
-18.2 -39.88636363636363 28.9
1 15 0 4
141
142
143
144
10.92000000000001 48.75 28.9
3.640000000000022 48.75 28.9
-3.639999999999983 48.75 28.9
-10.92 48.75 28.9
1 16 0 10
145
146
147
148
149
150
151
152
153
154
18.2 -39.88636363636365 28.9
18.2 -31.0227272727273 28.9
18.2 -22.15909090909093 28.9
18.2 -13.29545454545456 28.9
18.2 -4.431818181818201 28.9
18.2 4.431818181818166 28.9
18.2 13.29545454545454 28.9
18.2 22.15909090909091 28.9
18.2 31.02272727272727 28.9
18.2 39.88636363636363 28.9
1 17 0 7
155
156
157
158
159
160
161
33.03578643762691 26.3857864376269 28.9
34.45000000000001 25.8 28.9
35.8642135623731 26.38578643762691 28.9
36.45 27.80000000000001 28.9
35.8642135623731 29.2142135623731 28.9
34.45 29.8 28.9
33.0357864376269 29.2142135623731 28.9
1 18 0 10
162
163
164
165
166
167
168
169
170
171
-39.06818181818181 53.43 -28.9
-30.38636363636363 53.43 -28.9
-21.70454545454544 53.43 -28.9
-13.02272727272725 53.43 -28.9
-4.340909090909115 53.43 -28.9
4.34090909090903 53.43 -28.9
13.02272727272717 53.43 -28.9
21.70454545454531 53.43 -28.9
30.38636363636353 53.43 -28.9
39.06818181818176 53.43 -28.9
1 19 0 6
172
173
174
175
176
177
47.75 53.43 -20.64285714285716
47.75 53.43 -12.3857142857143
47.75 53.43 -4.128571428571476
47.75 53.43 4.128571428571341
47.75 53.43 12.38571428571422
47.75 53.43 20.64285714285711
1 20 0 11
178
179
180
181
182
183
184
185
186
187
188
47.75 -44.52500000000001 -28.9
47.75 -35.62000000000003 -28.9
47.75 -26.71500000000002 -28.9
47.75 -17.81000000000002 -28.9
47.75 -8.905000000000065 -28.9
47.75 -9.947598300641403e-14 -28.9
47.75 8.904999999999859 -28.9
47.75 17.80999999999982 -28.9
47.75 26.71499999999987 -28.9
47.75 35.61999999999991 -28.9
47.75 44.52499999999996 -28.9
1 21 0 7
189
190
191
192
193
194
195
-35.8642135623731 -29.2142135623731 -28.9
-34.45 -29.8 -28.9
-33.0357864376269 -29.21421356237309 -28.9
-32.45 -27.79999999999999 -28.9
-33.03578643762691 -26.3857864376269 -28.9
-34.45000000000001 -25.8 -28.9
-35.8642135623731 -26.3857864376269 -28.9
1 22 0 7
196
197
198
199
200
201
202
33.03578643762691 -29.2142135623731 -28.9
34.45000000000001 -29.8 -28.9
35.8642135623731 -29.21421356237309 -28.9
36.45 -27.79999999999999 -28.9
35.8642135623731 -26.3857864376269 -28.9
34.45 -25.8 -28.9
33.0357864376269 -26.3857864376269 -28.9
1 23 0 7
203
204
205
206
207
208
209
-35.8642135623731 26.3857864376269 -28.9
-34.45 25.8 -28.9
-33.0357864376269 26.38578643762691 -28.9
-32.45 27.80000000000001 -28.9
-33.03578643762691 29.2142135623731 -28.9
-34.45000000000001 29.8 -28.9
-35.8642135623731 29.2142135623731 -28.9
1 24 0 7
210
211
212
213
214
215
216
33.03578643762691 26.3857864376269 -28.9
34.45000000000001 25.8 -28.9
35.8642135623731 26.38578643762691 -28.9
36.45 27.80000000000001 -28.9
35.8642135623731 29.2142135623731 -28.9
34.45 29.8 -28.9
33.0357864376269 29.2142135623731 -28.9
1 25 0 32
217
218
219
220
221
222
223
224
225
226
227
228
229
230
231
232
233
234
235
236
237
238
239
240
241
242
243
244
245
246
247
248
-36.45 -27.8 -27.14848484848485
-36.45 -27.8 -25.3969696969697
-36.45 -27.8 -23.64545454545456
-36.45 -27.8 -21.89393939393941
-36.45 -27.8 -20.14242424242426
-36.45 -27.8 -18.39090909090911
-36.45 -27.8 -16.63939393939396
-36.45 -27.8 -14.88787878787881
-36.45 -27.8 -13.13636363636366
-36.45 -27.8 -11.38484848484852
-36.45 -27.8 -9.633333333333372
-36.45 -27.8 -7.881818181818229
-36.45 -27.8 -6.130303030303082
-36.45 -27.8 -4.378787878787936
-36.45 -27.8 -2.627272727272793
-36.45 -27.8 -0.8757575757576497
-36.45 -27.8 0.875757575757504
-36.45 -27.8 2.627272727272651
-36.45 -27.8 4.378787878787811
-36.45 -27.8 6.130303030302962
-36.45 -27.8 7.881818181818119
-36.45 -27.8 9.633333333333283
-36.45 -27.8 11.38484848484843
-36.45 -27.8 13.13636363636359
-36.45 -27.8 14.88787878787875
-36.45 -27.8 16.6393939393939
-36.45 -27.8 18.39090909090906
-36.45 -27.8 20.14242424242422
-36.45 -27.8 21.89393939393938
-36.45 -27.8 23.64545454545453
-36.45 -27.8 25.39696969696968
-36.45 -27.8 27.14848484848485
1 26 0 32
249
250
251
252
253
254
255
256
257
258
259
260
261
262
263
264
265
266
267
268
269
270
271
272
273
274
275
276
277
278
279
280
32.45 -27.8 -27.14848484848485
32.45 -27.8 -25.3969696969697
32.45 -27.8 -23.64545454545456
32.45 -27.8 -21.89393939393941
32.45 -27.8 -20.14242424242426
32.45 -27.8 -18.39090909090911
32.45 -27.8 -16.63939393939396
32.45 -27.8 -14.88787878787881
32.45 -27.8 -13.13636363636366
32.45 -27.8 -11.38484848484852
32.45 -27.8 -9.633333333333372
32.45 -27.8 -7.881818181818229
32.45 -27.8 -6.130303030303082
32.45 -27.8 -4.378787878787936
32.45 -27.8 -2.627272727272793
32.45 -27.8 -0.8757575757576497
32.45 -27.8 0.875757575757504
32.45 -27.8 2.627272727272651
32.45 -27.8 4.378787878787811
32.45 -27.8 6.130303030302962
32.45 -27.8 7.881818181818119
32.45 -27.8 9.633333333333283
32.45 -27.8 11.38484848484843
32.45 -27.8 13.13636363636359
32.45 -27.8 14.88787878787875
32.45 -27.8 16.6393939393939
32.45 -27.8 18.39090909090906
32.45 -27.8 20.14242424242422
32.45 -27.8 21.89393939393938
32.45 -27.8 23.64545454545453
32.45 -27.8 25.39696969696968
32.45 -27.8 27.14848484848485
1 27 0 32
281
282
283
284
285
286
287
288
289
290
291
292
293
294
295
296
297
298
299
300
301
302
303
304
305
306
307
308
309
310
311
312
-36.45 27.8 -27.14848484848485
-36.45 27.8 -25.3969696969697
-36.45 27.8 -23.64545454545456
-36.45 27.8 -21.89393939393941
-36.45 27.8 -20.14242424242426
-36.45 27.8 -18.39090909090911
-36.45 27.8 -16.63939393939396
-36.45 27.8 -14.88787878787881
-36.45 27.8 -13.13636363636366
-36.45 27.8 -11.38484848484852
-36.45 27.8 -9.633333333333372
-36.45 27.8 -7.881818181818229
-36.45 27.8 -6.130303030303082
-36.45 27.8 -4.378787878787936
-36.45 27.8 -2.627272727272793
-36.45 27.8 -0.8757575757576497
-36.45 27.8 0.875757575757504
-36.45 27.8 2.627272727272651
-36.45 27.8 4.378787878787811
-36.45 27.8 6.130303030302962
-36.45 27.8 7.881818181818119
-36.45 27.8 9.633333333333283
-36.45 27.8 11.38484848484843
-36.45 27.8 13.13636363636359
-36.45 27.8 14.88787878787875
-36.45 27.8 16.6393939393939
-36.45 27.8 18.39090909090906
-36.45 27.8 20.14242424242422
-36.45 27.8 21.89393939393938
-36.45 27.8 23.64545454545453
-36.45 27.8 25.39696969696968
-36.45 27.8 27.14848484848485
1 28 0 2
313
314
-18.2 -48.75 20.13333333333334
-18.2 -48.75 11.36666666666668
1 29 0 4
315
316
317
318
-10.92000000000001 -48.75 2.6
-3.640000000000022 -48.75 2.6
3.639999999999983 -48.75 2.6
10.92 -48.75 2.6
1 30 0 2
319
320
18.2 -48.75 20.13333333333334
18.2 -48.75 11.36666666666668
1 31 0 2
321
322
-18.2 48.75 20.13333333333334
-18.2 48.75 11.36666666666668
1 32 0 10
323
324
325
326
327
328
329
330
331
332
-18.2 39.88636363636365 2.6
-18.2 31.0227272727273 2.6
-18.2 22.15909090909093 2.6
-18.2 13.29545454545456 2.6
-18.2 4.431818181818201 2.6
-18.2 -4.431818181818166 2.6
-18.2 -13.29545454545454 2.6
-18.2 -22.15909090909091 2.6
-18.2 -31.02272727272727 2.6
-18.2 -39.88636363636363 2.6
1 33 0 10
333
334
335
336
337
338
339
340
341
342
18.2 -39.88636363636365 2.6
18.2 -31.0227272727273 2.6
18.2 -22.15909090909093 2.6
18.2 -13.29545454545456 2.6
18.2 -4.431818181818201 2.6
18.2 4.431818181818166 2.6
18.2 13.29545454545454 2.6
18.2 22.15909090909091 2.6
18.2 31.02272727272727 2.6
18.2 39.88636363636363 2.6
1 34 0 2
343
344
18.2 48.75 20.13333333333334
18.2 48.75 11.36666666666668
1 35 0 4
345
346
347
348
10.92000000000001 48.75 2.6
3.640000000000022 48.75 2.6
-3.639999999999983 48.75 2.6
-10.92 48.75 2.6
1 36 0 32
349
350
351
352
353
354
355
356
357
358
359
360
361
362
363
364
365
366
367
368
369
370
371
372
373
374
375
376
377
378
379
380
32.45 27.8 -27.14848484848485
32.45 27.8 -25.3969696969697
32.45 27.8 -23.64545454545456
32.45 27.8 -21.89393939393941
32.45 27.8 -20.14242424242426
32.45 27.8 -18.39090909090911
32.45 27.8 -16.63939393939396
32.45 27.8 -14.88787878787881
32.45 27.8 -13.13636363636366
32.45 27.8 -11.38484848484852
32.45 27.8 -9.633333333333372
32.45 27.8 -7.881818181818229
32.45 27.8 -6.130303030303082
32.45 27.8 -4.378787878787936
32.45 27.8 -2.627272727272793
32.45 27.8 -0.8757575757576497
32.45 27.8 0.875757575757504
32.45 27.8 2.627272727272651
32.45 27.8 4.378787878787811
32.45 27.8 6.130303030302962
32.45 27.8 7.881818181818119
32.45 27.8 9.633333333333283
32.45 27.8 11.38484848484843
32.45 27.8 13.13636363636359
32.45 27.8 14.88787878787875
32.45 27.8 16.6393939393939
32.45 27.8 18.39090909090906
32.45 27.8 20.14242424242422
32.45 27.8 21.89393939393938
32.45 27.8 23.64545454545453
32.45 27.8 25.39696969696968
32.45 27.8 27.14848484848485
2 1 0 82
381
382
383
384
385
386
387
388
389
390
391
392
393
394
395
396
397
398
399
400
401
402
403
404
405
406
407
408
409
410
411
412
413
414
415
416
417
418
419
420
421
422
423
424
425
426
427
428
429
430
431
432
433
434
435
436
437
438
439
440
441
442
443
444
445
446
447
448
449
450
451
452
453
454
455
456
457
458
459
460
461
462
-47.75 -45.17763716010589 -0.7823727959602707
-47.75 46.88929917305942 0.102540239261991
-47.75 -13.2740387427661 -22.24620850076754
-47.75 13.51028677525728 -21.9415153889455
-47.75 -4.549783452403453 21.18090532757048
-47.75 22.17086269487111 21.13033241700314
-47.75 -22.28978941501339 21.20956832289379
-47.75 -31.14873966987804 -21.41794168434608
-47.75 31.1420483619142 -21.3833016316235
-47.75 39.50299792675823 20.69456006153577
-47.75 -39.61767894239551 21.51445602904665
-47.75 45.41420893977349 -16.03312335225093
-47.75 -45.51860365734437 -15.95476373857634
-47.75 -31.09124367240787 21.33450469834116
-47.75 -26.7178589838627 13.64558660901128
-47.75 -17.91627718683538 13.53774343081605
-47.75 -22.34135814523532 5.936153437040637
-47.75 -13.52685616269431 5.886498744548071
-47.75 -17.9849797007102 -1.723592581438542
-47.75 -9.141271913382504 -1.783246776230353
-47.75 -26.79126964993984 -1.674030417904692
-47.75 -4.679068548644835 5.866138931464398
-47.75 -0.2775415107115364 -1.824239012727375
-47.75 4.190750776431187 5.825189489569937
-47.75 8.594509727343549 -1.856497058300675
-47.75 13.08115459277486 5.803393288882553
-47.75 17.45543094834068 -1.871323060322169
-47.75 21.9443695956982 5.753129020035125
-47.75 26.26148194339905 -1.905028019605936
-47.75 30.71141235783629 5.635631256706063
-47.75 4.127679819848296 -9.194301747887526
-47.75 -22.45536226269249 -9.305754033991725
-47.75 8.679858699507939 13.4912003883088
-47.75 21.88831359060149 -9.360785917882819
-47.75 -31.23236931498421 -9.253089058822709
-47.75 30.6614217059194 -9.383062374059133
-47.75 -35.65669328931317 -1.411279070894338
-47.75 -40.07982020015132 -8.477603778777734
-47.75 -39.73919680426113 6.423350558254263
-47.75 34.56855772554628 -2.195823398916858
-47.75 39.03399505613624 -9.164257624935715
-47.75 39.90927389099239 4.707542675499234
-47.75 35.18265980594845 13.10659678601631
-47.75 43.6319987581133 12.83303267195845
-47.75 30.94472693665109 21.00805045775046
-47.75 26.43815396697247 13.35240753979476
-47.75 17.62778251720002 13.46153748541506
-47.75 -13.42739211647019 21.20262151246533
-47.75 22.26802439682975 -21.40659528990022
-47.75 -22.32282233345396 -21.9780688799073
-47.75 13.05289303137366 -9.037183561644493
-47.75 -31.13941680474912 6.137680901756447
-47.75 13.23715608469313 21.16498630555548
-47.75 -13.36557137976394 -8.971590928907585
-47.75 -4.455764738017116 -9.215390563920032
-47.75 0.2391164845540814 -15.80626048333577
-47.75 4.342257394947509 21.18384845884091
-47.75 -9.053010738193429 13.52331777974585
-47.75 -0.1781659780591767 13.51176672925006
-47.75 -35.38770647583723 13.79878341747399
-47.75 -45.04820045641819 14.90724279230562
-47.75 39.93011329432102 -22.29804836931372
-47.75 -39.95994304657399 -22.22627942333082
-47.75 46.5477365229909 -7.521941825539933
-47.75 -47.52721220352031 -8.34580520552003
-47.75 4.405934447232923 -22.29029104785466
-47.75 -35.80314160412557 -15.42112680460328
-47.75 -47.03543089543618 7.216877593004
-47.75 -26.87052215585757 -15.25785042604591
-47.75 -8.957442237299333 -15.73084742480584
-47.75 -17.9415756615777 -15.47470858045
-47.75 47.45811436443302 6.831480260201047
-47.75 35.48279789301069 -15.63563934289836
-47.75 26.71499999999981 -15.55204270520717
-47.75 17.77244335750684 -15.47244478894801
-47.75 8.851392319295506 -15.62366616976933
-47.75 -4.415238341379769 -22.31226790946064
-47.75 46.68290823700102 19.24102369006339
-47.75 -46.81337261807302 22.43750330581577
-47.75 -47.31454332067445 -22.97799596579262
-47.75 47.31454332067448 -22.97799596579263
-47.75 41.24241418569506 -3.161230361180746
2 2 0 75
463
464
465
466
467
468
469
470
471
472
473
474
475
476
477
478
479
480
481
482
483
484
485
486
487
488
489
490
491
492
493
494
495
496
497
498
499
500
501
502
503
504
505
506
507
508
509
510
511
512
513
514
515
516
517
518
519
520
521
522
523
524
525
526
527
528
529
530
531
532
533
534
535
536
537
39.55098288786938 -53.43 0.4738728465139843
-39.81628230453317 -53.43 0.4301504922852253
-8.545277912653532 -53.43 21.46000420698466
8.605975822290034 -53.43 -21.38300846231589
17.34463626307893 -53.43 21.57182851932729
-17.38165897878565 -53.43 -21.39459539904367
25.85830890361768 -53.43 -21.37622458040467
-26.02182288669286 -53.43 21.52545287405291
34.69191829677419 -53.43 22.24992760092235
-34.2576645176384 -53.43 -21.64370789630053
41.48685425359153 -53.43 -16.34997491455343
-40.28537429025589 -53.43 16.17837573272032
-25.95036806622867 -53.43 -21.46160003819393
-21.70672341342991 -53.43 -13.93533802073573
-13.09027864110996 -53.43 -13.90177272919248
-17.44583269606296 -53.43 -6.467146522749747
-8.807616421047825 -53.43 -6.429891865800336
-13.14371142323439 -53.43 0.8306885576037182
-4.358235518658056 -53.43 0.7491882832806809
-21.77088687328068 -53.43 0.9457958245953364
-0.1525788480470993 -53.43 -6.456973651903162
4.308054968372893 -53.43 0.9325708148615028
8.499796722111952 -53.43 -6.415583749587604
12.79535110686309 -53.43 1.065762182833957
17.09694675485268 -53.43 -6.360980893969344
21.37503781020393 -53.43 1.087010819494608
25.67109997246976 -53.43 -6.302657587587692
8.595923054179778 -53.43 8.223900872099968
-17.35664741167885 -53.43 7.984311481068033
-26.04375757366111 -53.43 8.127507275434688
30.1080672368283 -53.43 0.992377041937214
25.67385946524232 -53.43 8.482151340862288
34.5087170793081 -53.43 8.317796137054835
-30.52433658600871 -53.43 0.7595437624754133
-34.58623058191857 -53.43 8.357014679286301
-34.49754958400624 -53.43 -6.87656615496492
33.80861755707654 -53.43 -6.489249877635132
21.46261052095461 -53.43 -13.80019549055078
-26.10125738432465 -53.43 -6.567103920394366
25.91297175555741 -53.43 21.8836553388722
17.09290823177231 -53.43 8.396401112738459
4.196362343094314 -53.43 -13.88928371079836
29.51764628919165 -53.43 -13.64158456025635
-8.740326010501121 -53.43 -21.37833957440284
-17.21678616190301 -53.43 21.66620921804229
8.679632004048358 -53.43 21.53472961594122
-0.01731212984400088 -53.43 21.59114886284774
-4.136721191023881 -53.43 14.61295503049924
17.24706812465459 -53.43 -21.36506118975336
-30.16392006582426 -53.43 -14.09440059536649
12.82824077379274 -53.43 -13.83093860524879
-4.469570539514436 -53.43 -13.88830995373136
-0.06792639743854778 -53.43 -21.38982361687474
-39.6406144761213 -53.43 -15.15027454385009
34.68370690517571 -53.43 -20.91665780662537
-34.63269716616838 -53.43 22.22358944818978
40.32987262377736 -53.43 16.07931316506137
-30.56070621644883 -53.43 15.21708893756549
-12.98395332290151 -53.43 14.66938667891682
41.18008757913367 -53.43 -8.441732894730528
-21.76908515424562 -53.43 14.88392949879703
30.42234846153841 -53.43 15.31314518258836
21.57849287568681 -53.43 15.1184152386621
-0.05857751101634534 -53.43 7.80131926806213
-8.672974396418837 -53.43 7.774641549905091
41.97791451819097 -53.43 8.277053572583149
12.89750641832519 -53.43 14.95538824086712
4.260085861846761 -53.43 14.8152823449712
-42.03757743534153 -53.43 8.295965323715478
-41.7374503332613 -53.43 -7.825668944615263
-41.32771683211888 -53.43 -22.58300678713194
-41.66054751717342 -53.43 22.93295537624635
41.83809893051759 -53.43 -23.00910063738372
41.69063490895086 -53.43 22.96459020072453
36.13538251683383 -53.43 -13.16784001076016
2 3 0 202
538
539
540
541
542
543
544
545
546
547
548
549
550
551
552
553
554
555
556
557
558
559
560
561
562
563
564
565
566
567
568
569
570
571
572
573
574
575
576
577
578
579
580
581
582
583
584
585
586
587
588
589
590
591
592
593
594
595
596
597
598
599
600
601
602
603
604
605
606
607
608
609
610
611
612
613
614
615
616
617
618
619
620
621
622
623
624
625
626
627
628
629
630
631
632
633
634
635
636
637
638
639
640
641
642
643
644
645
646
647
648
649
650
651
652
653
654
655
656
657
658
659
660
661
662
663
664
665
666
667
668
669
670
671
672
673
674
675
676
677
678
679
680
681
682
683
684
685
686
687
688
689
690
691
692
693
694
695
696
697
698
699
700
701
702
703
704
705
706
707
708
709
710
711
712
713
714
715
716
717
718
719
720
721
722
723
724
725
726
727
728
729
730
731
732
733
734
735
736
737
738
739
-40.58412185143784 14.09109166845527 28.9
40.58412185143784 14.09109166845528 28.9
40.6933241290641 -13.77941212190444 28.9
-40.69332412906407 -13.77941212190448 28.9
-34.67881232192649 -46.69610273441675 28.9
-34.72727272727272 45.91132490350783 28.9
34.72727272727265 -45.91132490350779 28.9
34.6788123219264 46.69610273441663 28.9
-24.88729293385627 0.197310199767692 28.9
24.88729293385629 0.1973101997676707 28.9
23.86121438957139 17.79603032317198 28.9
-23.86121438957148 -17.79603032317193 28.9
-25.67124848748702 17.93538146715702 28.9
25.67124848748703 -17.93538146715706 28.9
-24.61238484538499 35.05322367171258 28.9
24.61238484538518 -35.05322367171244 28.9
-25.02860559589922 -36.5098075083922 28.9
25.02860559589922 36.50980750839216 28.9
25.02179374811077 28.07067026588005 28.9
24.65300998106466 -28.21110166541104 28.9
-25.02179374811075 -28.07067026588009 28.9
-24.65300998106427 28.21110166541096 28.9
25.28351914585211 42.74735818387817 28.9
24.86652751030149 -44.88835231327508 28.9
-25.28351914585215 -42.74735818387821 28.9
-24.86652751030154 44.88835231327511 28.9
40.87719001774367 20.80905608003432 28.9
-40.87719001774366 20.80905608003432 28.9
-40.87719001774372 -20.80905608003449 28.9
40.87719001774371 -20.80905608003447 28.9
-35.74266246900744 -17.53359518619642 28.9
-33.74072666252533 -11.15112688474129 28.9
35.49434065883811 -18.35869875538093 28.9
33.74072666252538 -11.15112688474118 28.9
-35.47874033346285 18.40322440488799 28.9
-33.62087151001772 11.48858026067412 28.9
35.72446208940283 17.58554177728823 28.9
33.59394610386839 11.58407157759247 28.9
30.98406846213919 40.95404344965961 28.9
31.20536614509543 34.34150624962867 28.9
34.03395727802337 36.65756396738148 28.9
33.40703093817129 30.70371251575366 28.9
31.59896479291322 30.17534590572253 28.9
34.92024847185377 31.29225800016263 28.9
-30.98406846213928 -40.95404344965971 28.9
-31.20536614509547 -34.34150624962874 28.9
-34.03395727802342 -36.65756396738151 28.9
-33.4070309381713 -30.70371251575367 28.9
-31.59896479291323 -30.17534590572257 28.9
-34.9202484718538 -31.29225800016262 28.9
-40.17163006811445 -5.846802304007852 28.9
-39.38618601918691 2.070579420568514 28.9
40.17163006811447 -5.846802304007817 28.9
39.38618601918695 2.070579420568528 28.9
-29.47741347986784 -27.95663306150148 28.9
29.47741347986789 27.9566330615015 28.9
28.65419318626348 30.89061108659245 28.9
28.59527557528855 24.69024428984289 28.9
-28.65419318626347 -30.89061108659252 28.9
-28.5952755752887 -24.69024428984272 28.9
25.91886332420067 -9.691687684502135 28.9
-25.4565819277983 -9.810525653631409 28.9
25.54805051798141 9.918764723397722 28.9
-25.91055549587758 9.89560783467256 28.9
-41.31385182864925 26.60603903654529 28.9
-42.20455748523525 33.34408151181308 28.9
-37.44617524627925 28.8896191605096 28.9
-36.83850039899088 30.75095350343013 28.9
-35.04080638728408 32.42005830942427 28.9
41.31385182864929 -26.6060390365455 28.9
42.2045574852352 -33.34408151181326 28.9
37.4461752462793 -28.88961916050967 28.9
36.83850039899103 -30.7509535034301 28.9
35.04080638728415 -32.42005830942424 28.9
-41.45003440274174 -26.59549194580125 28.9
-41.27138520821592 -33.42304116531879 28.9
-37.50178867857181 -28.88066754308582 28.9
41.45003440274185 26.59549194580092 28.9
41.27138520821597 33.42304116531864 28.9
37.50178867857186 28.88066754308569 28.9
-30.91088317577795 -26.33404981258442 28.9
-32.11403818602056 -24.64086093420508 28.9
-34.184054448556 -23.3260370175398 28.9
-32.28955976862109 -21.28858722776199 28.9
30.91088317577835 26.33404981258489 28.9
32.11403818602039 24.6408609342053 28.9
34.18405444855561 23.32603701753984 28.9
32.28695971439159 21.29600816934664 28.9
-36.77384783080718 22.48261432224844 28.9
-31.33152685816482 21.35432702709159 28.9
-33.40951097694695 24.4573492187133 28.9
-31.20764240356941 25.33960494979286 28.9
-27.78281594830678 22.82842436581188 28.9
-30.09267781955569 27.56612091192658 28.9
-30.94753883360662 29.25076691680514 28.9
-32.5778913158279 31.04255725606667 28.9
-32.59750408989267 34.17577526953462 28.9
-35.27370113431278 35.6575597560696 28.9
-33.03608460564539 38.58705390059175 28.9
-37.54689992998165 39.55430949228143 28.9
-29.24070530662957 32.36230838167605 28.9
36.77696789588236 -22.47370919234712 28.9
31.33375547607559 -21.34796622001932 28.9
33.40988241326546 -24.45628908420133 28.9
31.20783191189514 -25.33906406483799 28.9
27.78329957355416 -22.82704402740655 28.9
30.09271572122111 -27.56601273493572 28.9
30.94753883360698 -29.250766916805 28.9
32.57789131582803 -31.04255725606656 28.9
32.59750408989272 -34.17577526953446 28.9
35.27370113431272 -35.65755975606956 28.9
33.03608460564524 -38.58705390059157 28.9
37.54689992998155 -39.55430949228145 28.9
29.24070530662988 -32.36230838167594 28.9
37.68052272310297 30.90323521853444 28.9
36.68016979026709 33.66169372091391 28.9
-37.68052272310291 -30.90323521853454 28.9
-36.68016979026707 -33.66169372091393 28.9
-35.39107807593216 24.57639879291444 28.9
-37.62509672536957 25.27910187984083 28.9
35.39165999283115 -24.57473791551228 28.9
37.62536654912869 -25.27833176269058 28.9
35.82307597309122 24.35394975689 28.9
38.22387910824227 24.38124399235542 28.9
-35.82307597309143 -24.3539497568901 28.9
-38.22387910824236 -24.3812439923556 28.9
29.87294949504214 -42.50691220274045 28.9
-29.8729494950422 42.50691220274056 28.9
-36.40260754190915 -21.64074952482549 28.9
36.40013129978578 21.6478170882393 28.9
40.95217641298096 -45.10185386346109 28.9
-40.95217641298112 45.10185386346117 28.9
-38.53754440161912 27.57108064357781 28.9
-39.79915039531726 29.85642063282724 28.9
38.53759836637094 -27.57092662014788 28.9
39.79915590192458 -29.85640491615088 28.9
32.29037674746846 -3.437612752249052 28.9
-32.16919901071329 -3.616171738352172 28.9
26.04545454545443 49.09314908562671 28.9
-26.04545454545454 -49.0931490856267 28.9
38.62573491193419 37.23574358951863 28.9
-38.62573491193432 -37.23574358951858 28.9
-37.72221279646767 -41.78978293061371 28.9
-41.22381995674596 -46.92229849939649 28.9
37.72221279646736 41.78978293061358 28.9
41.2238199567459 46.9222984993963 28.9
38.24148884545106 27.23178274104206 28.9
40.03020794893786 29.51267081798377 28.9
-38.24148884545102 -27.23178274104221 28.9
-40.03020794893773 -29.51267081798396 28.9
30.43178692182535 -15.69697220236012 28.9
-30.402588537002 15.81542419889666 28.9
-33.16404032958385 -32.83339358473992 28.9
33.16404032958384 32.83339358473994 28.9
32.33704108056237 4.752421799648417 28.9
-32.38174985511074 4.702887267690627 28.9
-29.58425744708165 -46.04886378608145 28.9
29.5842574470816 46.04886378608141 28.9
42.4214234601744 -38.59551891355589 28.9
-42.42142346017445 38.59551891355581 28.9
26.04545454545443 -49.78860990568335 28.9
-26.04545454545454 49.78860990568335 28.9
-42.39052547889398 -39.91931103080793 28.9
42.39052547889389 39.91931103080784 28.9
-28.34403249873971 29.12262327565698 28.9
28.34403414309277 -29.12261858243077 28.9
-30.2430741206445 -16.82592495658573 28.9
29.83348561453091 16.5126834215776 28.9
43.83924093576573 30.21090552457992 28.9
-43.83924093576549 -30.21090552458014 28.9
34.48132128737853 -22.2422802334922 28.9
-34.47694081506279 22.25478275317113 28.9
25.7119657883743 -39.85069051767749 28.9
-25.71196578837432 39.85069051767758 28.9
25.91112453268821 -31.42190267300242 28.9
-25.91112453268737 31.42190267300263 28.9
43.77886259865377 -30.01747893727054 28.9
-43.77886259865376 30.01747893727035 28.9
23.29571751203163 -23.17064568828986 28.9
-23.29571751203156 23.17064568828993 28.9
-23.01301643020513 -23.49687466301774 28.9
23.01301643020518 23.4968746630177 28.9
-29.17859902182819 37.08932732398885 28.9
29.17859902182823 -37.08932732398873 28.9
25.15946676716911 31.94405879422374 28.9
-25.15946676716906 -31.94405879422378 28.9
-27.60042805686618 -20.81953229207602 28.9
27.51799034479754 20.75836817339137 28.9
29.17971358288685 -47.30503986504134 28.9
-29.17971358288693 47.30503986504139 28.9
22.22572486364021 46.5667295158379 28.9
-22.22572486364026 -46.56672951583803 28.9
-27.51844796618358 26.12615611059956 28.9
27.51853280899223 -26.12591395660242 28.9
38.73025901101111 8.280632893252921 28.9
-38.74458584715065 8.251627723477668 28.9
-38.41171210237476 34.0588708406106 28.9
38.41171266427345 -34.05886923686815 28.9
28.14386559449662 33.76041013902695 28.9
-28.14386559449661 -33.76041013902703 28.9
29.7950276923018 36.4781406605267 28.9
-29.79502769230185 -36.47814066052675 28.9
2 4 0 75
740
741
742
743
744
745
746
747
748
749
750
751
752
753
754
755
756
757
758
759
760
761
762
763
764
765
766
767
768
769
770
771
772
773
774
775
776
777
778
779
780
781
782
783
784
785
786
787
788
789
790
791
792
793
794
795
796
797
798
799
800
801
802
803
804
805
806
807
808
809
810
811
812
813
814
39.55098288786938 53.43 0.4738728465139843
-39.81628230453317 53.43 0.4301504922852253
-8.545277912653532 53.43 21.46000420698466
8.605975822290034 53.43 -21.38300846231589
17.34463626307893 53.43 21.57182851932729
-17.38165897878565 53.43 -21.39459539904367
25.85830890361768 53.43 -21.37622458040467
-26.02182288669286 53.43 21.52545287405291
34.69191829677419 53.43 22.24992760092235
-34.2576645176384 53.43 -21.64370789630053
41.48685425359153 53.43 -16.34997491455343
-40.28537429025589 53.43 16.17837573272032
-25.95036806622867 53.43 -21.46160003819393
-21.70672341342991 53.43 -13.93533802073573
-13.09027864110996 53.43 -13.90177272919248
-17.44583269606296 53.43 -6.467146522749747
-8.807616421047825 53.43 -6.429891865800336
-13.14371142323439 53.43 0.8306885576037182
-4.358235518658056 53.43 0.7491882832806809
-21.77088687328068 53.43 0.9457958245953364
-0.1525788480470993 53.43 -6.456973651903162
4.308054968372893 53.43 0.9325708148615028
8.499796722111952 53.43 -6.415583749587604
12.79535110686309 53.43 1.065762182833957
17.09694675485268 53.43 -6.360980893969344
21.37503781020393 53.43 1.087010819494608
25.67109997246976 53.43 -6.302657587587692
8.595923054179778 53.43 8.223900872099968
-17.35664741167885 53.43 7.984311481068033
-26.04375757366111 53.43 8.127507275434688
30.1080672368283 53.43 0.992377041937214
25.67385946524232 53.43 8.482151340862288
34.5087170793081 53.43 8.317796137054835
-30.52433658600871 53.43 0.7595437624754133
-34.58623058191857 53.43 8.357014679286301
-34.49754958400624 53.43 -6.87656615496492
33.80861755707654 53.43 -6.489249877635132
21.46261052095461 53.43 -13.80019549055078
-26.10125738432465 53.43 -6.567103920394366
25.91297175555741 53.43 21.8836553388722
17.09290823177231 53.43 8.396401112738459
4.196362343094314 53.43 -13.88928371079836
29.51764628919165 53.43 -13.64158456025635
-8.740326010501121 53.43 -21.37833957440284
-17.21678616190301 53.43 21.66620921804229
8.679632004048358 53.43 21.53472961594122
-0.01731212984400088 53.43 21.59114886284774
-4.136721191023881 53.43 14.61295503049924
17.24706812465459 53.43 -21.36506118975336
-30.16392006582426 53.43 -14.09440059536649
12.82824077379274 53.43 -13.83093860524879
-4.469570539514436 53.43 -13.88830995373136
-0.06792639743854778 53.43 -21.38982361687474
-39.6406144761213 53.43 -15.15027454385009
34.68370690517571 53.43 -20.91665780662537
-34.63269716616838 53.43 22.22358944818978
40.32987262377736 53.43 16.07931316506137
-30.56070621644883 53.43 15.21708893756549
-12.98395332290151 53.43 14.66938667891682
41.18008757913367 53.43 -8.441732894730528
-21.76908515424562 53.43 14.88392949879703
30.42234846153841 53.43 15.31314518258836
21.57849287568681 53.43 15.1184152386621
-0.05857751101634534 53.43 7.80131926806213
-8.672974396418837 53.43 7.774641549905091
41.97791451819097 53.43 8.277053572583149
12.89750641832519 53.43 14.95538824086712
4.260085861846761 53.43 14.8152823449712
-42.03757743534153 53.43 8.295965323715478
-41.7374503332613 53.43 -7.825668944615263
-41.32771683211888 53.43 -22.58300678713194
-41.66054751717342 53.43 22.93295537624635
41.83809893051759 53.43 -23.00910063738372
41.69063490895086 53.43 22.96459020072453
36.13538251683383 53.43 -13.16784001076016
2 5 0 661
815
816
817
818
819
820
821
822
823
824
825
826
827
828
829
830
831
832
833
834
835
836
837
838
839
840
841
842
843
844
845
846
847
848
849
850
851
852
853
854
855
856
857
858
859
860
861
862
863
864
865
866
867
868
869
870
871
872
873
874
875
876
877
878
879
880
881
882
883
884
885
886
887
888
889
890
891
892
893
894
895
896
897
898
899
900
901
902
903
904
905
906
907
908
909
910
911
912
913
914
915
916
917
918
919
920
921
922
923
924
925
926
927
928
929
930
931
932
933
934
935
936
937
938
939
940
941
942
943
944
945
946
947
948
949
950
951
952
953
954
955
956
957
958
959
960
961
962
963
964
965
966
967
968
969
970
971
972
973
974
975
976
977
978
979
980
981
982
983
984
985
986
987
988
989
990
991
992
993
994
995
996
997
998
999
1000
1001
1002
1003
1004
1005
1006
1007
1008
1009
1010
1011
1012
1013
1014
1015
1016
1017
1018
1019
1020
1021
1022
1023
1024
1025
1026
1027
1028
1029
1030
1031
1032
1033
1034
1035
1036
1037
1038
1039
1040
1041
1042
1043
1044
1045
1046
1047
1048
1049
1050
1051
1052
1053
1054
1055
1056
1057
1058
1059
1060
1061
1062
1063
1064
1065
1066
1067
1068
1069
1070
1071
1072
1073
1074
1075
1076
1077
1078
1079
1080
1081
1082
1083
1084
1085
1086
1087
1088
1089
1090
1091
1092
1093
1094
1095
1096
1097
1098
1099
1100
1101
1102
1103
1104
1105
1106
1107
1108
1109
1110
1111
1112
1113
1114
1115
1116
1117
1118
1119
1120
1121
1122
1123
1124
1125
1126
1127
1128
1129
1130
1131
1132
1133
1134
1135
1136
1137
1138
1139
1140
1141
1142
1143
1144
1145
1146
1147
1148
1149
1150
1151
1152
1153
1154
1155
1156
1157
1158
1159
1160
1161
1162
1163
1164
1165
1166
1167
1168
1169
1170
1171
1172
1173
1174
1175
1176
1177
1178
1179
1180
1181
1182
1183
1184
1185
1186
1187
1188
1189
1190
1191
1192
1193
1194
1195
1196
1197
1198
1199
1200
1201
1202
1203
1204
1205
1206
1207
1208
1209
1210
1211
1212
1213
1214
1215
1216
1217
1218
1219
1220
1221
1222
1223
1224
1225
1226
1227
1228
1229
1230
1231
1232
1233
1234
1235
1236
1237
1238
1239
1240
1241
1242
1243
1244
1245
1246
1247
1248
1249
1250
1251
1252
1253
1254
1255
1256
1257
1258
1259
1260
1261
1262
1263
1264
1265
1266
1267
1268
1269
1270
1271
1272
1273
1274
1275
1276
1277
1278
1279
1280
1281
1282
1283
1284
1285
1286
1287
1288
1289
1290
1291
1292
1293
1294
1295
1296
1297
1298
1299
1300
1301
1302
1303
1304
1305
1306
1307
1308
1309
1310
1311
1312
1313
1314
1315
1316
1317
1318
1319
1320
1321
1322
1323
1324
1325
1326
1327
1328
1329
1330
1331
1332
1333
1334
1335
1336
1337
1338
1339
1340
1341
1342
1343
1344
1345
1346
1347
1348
1349
1350
1351
1352
1353
1354
1355
1356
1357
1358
1359
1360
1361
1362
1363
1364
1365
1366
1367
1368
1369
1370
1371
1372
1373
1374
1375
1376
1377
1378
1379
1380
1381
1382
1383
1384
1385
1386
1387
1388
1389
1390
1391
1392
1393
1394
1395
1396
1397
1398
1399
1400
1401
1402
1403
1404
1405
1406
1407
1408
1409
1410
1411
1412
1413
1414
1415
1416
1417
1418
1419
1420
1421
1422
1423
1424
1425
1426
1427
1428
1429
1430
1431
1432
1433
1434
1435
1436
1437
1438
1439
1440
1441
1442
1443
1444
1445
1446
1447
1448
1449
1450
1451
1452
1453
1454
1455
1456
1457
1458
1459
1460
1461
1462
1463
1464
1465
1466
1467
1468
1469
1470
1471
1472
1473
1474
1475
0.07060174311980205 -46.20365916978154 -28.9
0.9302555908903756 45.8829769831053 -28.9
-39.28154044464333 4.896268705679759 -28.9
40.03804377929961 4.45249999999988 -28.9
17.27587342979211 47.3202746280978 -28.9
16.9149132555614 -46.78806376448831 -28.9
-18.13411106949955 -46.36978789687309 -28.9
-17.36363636363635 45.91132490350784 -28.9
39.22087539615423 -12.85901259203168 -28.9
-39.85344412466479 -12.44526175289257 -28.9
-35.84574839593765 -46.04539688085504 -28.9
-34.72727272727272 45.91132490350783 -28.9
34.72727272727265 -45.91132490350779 -28.9
33.71000895341177 46.46763869428499 -28.9
-41.71398931782333 -20.98050390360709 -28.9
41.66907380976977 -20.87675389566923 -28.9
-42.2082172856503 -4.603469279539034 -28.9
41.93868200048675 -3.538491913058145 -28.9
-24.67161210144243 -46.35450503838953 -28.9
-21.20574070715618 -40.75420539951983 -28.9
-15.71328343090308 -40.2466899614944 -28.9
-18.83621345467393 -35.89234990243281 -28.9
-13.96295895224097 -35.40646177760541 -28.9
-16.81096686800623 -31.79988670207308 -28.9
-12.33856421032251 -31.16595888262363 -28.9
-15.03075763327278 -27.73546456818406 -28.9
-10.75323901148192 -27.13249622790308 -28.9
-13.33558585121028 -23.80285637737685 -28.9
-9.170266898093288 -23.22425199510289 -28.9
-11.681241358074 -19.88831542901005 -28.9
-7.576285260320716 -19.38447419866017 -28.9
-10.02463829349966 -16.06805676956136 -28.9
-6.164857742805552 -15.56356905287002 -28.9
-8.446449029522583 -12.30058766703488 -28.9
-3.486315953273433 -18.84793952350777 -28.9
-4.72248021724667 -11.74187323318508 -28.9
-6.832220439264724 -8.603570920837932 -28.9
-3.131025201011184 -8.043571292566256 -28.9
-5.222170458060134 -4.979494407549062 -28.9
-1.368919822719192 -4.512790513017613 -28.9
1.008294378283672 -7.860407066129063 -28.9
-3.74543276614439 -1.377476445416939 -28.9
0.2092710317561668 -0.9021406189575529 -28.9
-2.279142202888977 2.253580431865558 -28.9
1.717991538232013 2.760492108491412 -28.9
-0.7137350042791439 5.90747418843484 -28.9
3.227649611657057 6.383855149265734 -28.9
-4.724394711554254 5.453975624502981 -28.9
5.539073602412664 3.281439819262616 -28.9
7.015769635388935 6.861136670098929 -28.9
-8.876041054989287 -5.342318636721878 -28.9
4.671975306605972 9.928197616128195 -28.9
8.504332179725381 10.3931699774484 -28.9
9.309826471497942 3.819681064174162 -28.9
-15.71905413081471 -20.84601082262201 -28.9
6.087605144373867 13.42963447795811 -28.9
9.943907313475336 13.90632759381933 -28.9
7.589718290789996 16.93616902518269 -28.9
11.37474454830718 17.38789784417583 -28.9
3.687296272492617 16.51368759394729 -28.9
13.56297416505437 14.44854928819276 -28.9
15.0383875832372 17.85586051413534 -28.9
17.11501334158814 14.92901101320518 -28.9
18.60885249729813 18.08164970775859 -28.9
12.86827430549042 20.64058858418071 -28.9
20.56703596601939 15.31545211789274 -28.9
21.87369388556799 18.40803796062577 -28.9
20.04569501206747 21.00541121667511 -28.9
23.93334849233015 15.72302758552701 -28.9
22.59333692424843 12.44333932942781 -28.9
-12.83469004020156 -12.73717244270307 -28.9
23.12629900094467 21.35288878498967 -28.9
21.26282671042654 23.79710290108111 -28.9
5.344739668966476 20.06416120126779 -28.9
1.313096561148953 19.62102594453717 -28.9
3.052624374496361 23.33593608327228 -28.9
-1.12436503153009 22.84510500685595 -28.9
-2.654558145181511 19.17977467657425 -28.9
-5.102906974665217 22.24338780915509 -28.9
-6.556388691029255 18.67551720347208 -28.9
-8.836090761412471 21.61643955016849 -28.9
-10.15096990883455 18.22229674692331 -28.9
-12.3986556103921 21.03593151915525 -28.9
-13.67778383421062 17.80475085473947 -28.9
-15.86742963179 20.48721821777301 -28.9
-17.09286753246897 17.2557623917689 -28.9
-19.28749814212029 19.96406926848378 -28.9
-20.58242764830429 16.79401702139258 -28.9
-18.3537566058622 13.90386012439283 -28.9
-18.0387474987848 22.97298567239609 -28.9
-7.553227817219408 25.18915145572135 -28.9
-22.08531024263149 13.40329875838916 -28.9
-19.65673584221976 10.33634196564618 -28.9
-24.12806114232378 16.56588951733503 -28.9
-21.28885696189982 22.67650797939441 -28.9
-19.9867323024434 25.6331003211403 -28.9
-6.665888149151534 -26.48067605356346 -28.9
-19.60294952898941 -28.33998852819128 -28.9
-23.62582091987461 9.874232708726495 -28.9
-21.09003653704114 6.660164722845657 -28.9
26.13652198712221 12.89558994284415 -28.9
24.76028058044258 9.423820841500692 -28.9
27.44115071423499 16.66572900195616 -28.9
-23.16913279357728 25.16224257984423 -28.9
-22.0072478880254 28.26472773521238 -28.9
-18.46300039479019 28.79760246461515 -28.9
24.35659183236797 24.16150323905574 -28.9
22.63677647772236 26.66994929017344 -28.9
0.470088428974897 26.72949916389414 -28.9
4.918916986132054 27.22732083935797 -28.9
-25.10745506871068 6.179560275288345 -28.9
-22.61152634268602 2.900486619766824 -28.9
-27.69410019869451 9.491179081719629 -28.9
29.62492091025894 13.49602728655041 -28.9
31.0209049302097 16.67230113210787 -28.9
19.18974605988724 26.34053566060199 -28.9
20.56480712982464 29.51528292906753 -28.9
24.66707017570361 29.56755482045141 -28.9
-18.5563652256712 3.461133365275025 -28.9
-20.06343800444813 -0.3272096989284492 -28.9
-24.13472331571172 -0.936315250172612 -28.9
-21.57607736712168 -4.227522070610853 -28.9
-25.75026342558424 -4.874265140021713 -28.9
-23.11042380516476 -8.211476689548334 -28.9
-23.59557459398729 -36.52274704827946 -28.9
-11.46503888810335 14.89793837276181 -28.9
21.07386734019354 9.05296475003869 -28.9
23.40443701045643 5.897387820851392 -28.9
16.91060733279059 29.10422242860103 -28.9
7.852292873575543 0.2035593665082445 -28.9
11.68912892869855 0.7318242149151573 -28.9
10.24550139869431 -2.818694648437877 -28.9
14.02056719275119 -2.309629503806427 -28.9
12.63085668179725 -5.787627085597727 -28.9
16.31935500122373 -5.298863213749243 -28.9
14.96475936932465 -8.72665097944482 -28.9
18.52022578348564 -8.260738206421969 -28.9
17.11279543450634 -11.55110297092934 -28.9
13.82928737445921 -12.05596303876495 -28.9
15.88860702900164 -14.61420232139782 -28.9
19.10795660596271 -14.25530678758582 -28.9
17.84608479393015 -17.11949409898001 -28.9
20.86899147971879 -16.81189469723171 -28.9
19.65445181263978 -19.40131875751514 -28.9
16.66014958698122 -19.99564774051284 -28.9
19.12693452410973 -22.31944360060648 -28.9
15.46397622463196 -22.95762673791382 -28.9
22.58162912468721 -18.95548408606577 -28.9
23.75228132240296 -16.53055548135048 -28.9
25.47097613057736 -18.66107441244252 -28.9
17.53408262113717 -25.54376097138299 -28.9
14.03270664757419 -26.12269811059347 -28.9
20.99404157499904 -25.22348128767769 -28.9
11.95040144898664 -23.48420595466519 -28.9
10.13508184692964 -26.69086707593691 -28.9
26.61132735062479 -16.09863872084265 -28.9
28.32461159673228 -18.37822626312509 -28.9
27.2275712600926 -21.0967377520663 -28.9
33.20870414566028 -24.8465759369686 -28.9
19.62202560069525 -28.20867628769606 -28.9
12.67502964822482 -29.79508467046139 -28.9
22.94731971383052 -27.86837867280315 -28.9
31.71726982210012 -25.43243355822911 -28.9
8.341908642501075 -30.39463064928377 -28.9
21.64688603435471 -30.9335574858714 -28.9
24.9284258935112 -30.44658340778657 -28.9
23.69974702061231 -33.66898752118712 -28.9
26.95876772792286 -33.03260546785539 -28.9
20.10611614917848 -34.26365133909707 -28.9
7.850819082427257 -23.80516380036051 -28.9
19.85361723490736 -4.797061741348124 -28.9
33.06742494780359 13.84851305982634 -28.9
34.31074153425183 17.0022857616876 -28.9
-27.31925610468478 -8.853256971098126 -28.9
-24.81077470291724 -12.25325161150086 -28.9
31.85239172626144 -23.48673401165306 -28.9
-20.70968059874532 31.70501055770139 -28.9
-16.79372500754013 32.35467199028242 -28.9
-24.84902727434774 30.83177592434686 -28.9
25.88466893777768 -36.43212398530125 -28.9
29.8999871841778 -35.50811809943177 -28.9
-9.725877243895212 -34.43805930848476 -28.9
29.63988309225502 -15.56536607238148 -28.9
27.68950606721755 -12.97413457648938 -28.9
27.24315260465586 6.324159415067179 -28.9
22.07031964242611 32.83490583366726 -28.9
26.36175848904945 33.07676462669425 -28.9
-23.08216571005662 34.65000308646662 -28.9
-26.8483201644857 34.02495220447947 -28.9
-31.51814834742186 29.0144127173638 -28.9
-30.78816991320468 27.52828575158026 -28.9
-31.99241147084692 30.44231406795306 -28.9
-25.46807956260934 37.81254732809891 -28.9
2.239334660710696 30.84921885774646 -28.9
-28.32615290871758 -1.553055049500003 -28.9
12.59892100618521 -15.1494298486474 -28.9
10.34584025266834 -12.47311864692396 -28.9
-28.855449899035 -12.78302606832919 -28.9
-26.50436675680892 -15.98436292991549 -28.9
-30.48272385650517 -16.75302745044655 -28.9
-27.86082584822718 -18.81578818387295 -28.9
-33.23558728263617 -24.86814834742186 -28.9
-31.6888409815085 -25.39739673451468 -28.9
32.15858949783491 19.60307129088648 -28.9
35.35420948264054 19.9489829916871 -28.9
6.851863124772208 31.37573595520293 -28.9
31.61492266736325 -18.16796211249358 -28.9
33.56723844100208 -22.86797300625416 -28.9
-4.184239761928481 15.60905601796417 -28.9
31.45792719914834 -28.7471482046742 -28.9
-31.88612330592148 -23.60922845271197 -28.9
-30.15817643435796 -24.37397389638894 -28.9
25.71661042727604 2.563816122806955 -28.9
33.23558728263623 24.86814834742186 -28.9
31.73172480967847 25.34355059062384 -28.9
-30.03958577755816 -26.4560323661407 -28.9
-28.12191047116354 -25.15230540995748 -28.9
-27.86707335907837 -27.55045091800247 -28.9
-33.977796912497 -23.03382258505524 -28.9
-24.49051006211464 -18.72800467925049 -28.9
11.30952770029359 -33.99739569749501 -28.9
25.85445423661935 -27.67563261374674 -28.9
9.190519547498774 -15.72798408542975 -28.9
25.87692771339783 21.79109028018915 -28.9
31.11357596818246 -12.44675930803829 -28.9
28.97037530187426 -9.198473742582408 -28.9
6.693755907591026 -34.55744586214761 -28.9
3.804417456387426 -30.7664852072806 -28.9
30.24741374274359 -24.3479857255532 -28.9
29.82750375753275 3.066506935274852 -28.9
-31.54781035462063 -9.436724591647739 -28.9
-24.35266300290712 22.41875023287398 -28.9
13.1237152546729 4.332004247807411 -28.9
23.63227389075817 36.46410048371225 -28.9
19.30379664147564 36.24069164854884 -28.9
-16.03068289301824 0.3045174028425919 -28.9
-14.91317490242869 4.234478806787145 -28.9
27.94098822736618 36.91606820515091 -28.9
-26.08203396712982 24.47727038441567 -28.9
-27.1381301163533 22.07483122786551 -28.9
8.965358837122352 -6.240834037433743 -28.9
-25.80429629950142 -26.1126155863103 -28.9
-25.49919892701113 -28.69493229169347 -28.9
-27.74869581568927 -29.95404808119544 -28.9
6.888508273678895 -12.98283395389098 -28.9
5.616046078642697 -16.33590776635499 -28.9
1.899661430020586 -35.08155740084172 -28.9
32.03374054819911 -30.60970640007346 -28.9
33.18568998583892 -8.920046791809092 -28.9
-29.36647108081631 37.23298522247519 -28.9
-29.64353326948846 28.97598955094163 -28.9
27.31476376346941 24.23309943849683 -28.9
28.19512329112683 -0.5802977552700312 -28.9
-19.00425877771117 -7.564006039999249 -28.9
30.00630146902566 -26.17167899321449 -28.9
27.84422833109458 30.30983058350424 -28.9
-1.966967832895918 30.12652712312319 -28.9
35.94098871407969 14.0687307584738 -28.9
25.3534086578596 40.59639496757152 -28.9
4.039984989775959 35.33813681950691 -28.9
8.945399664743583 35.82779220001343 -28.9
8.923258107571748 -39.71488509323129 -28.9
-29.25352431668226 5.63171896430373 -28.9
-31.89514550697323 9.053648709323177 -28.9
-30.12127551360987 12.8895054593991 -28.9
-34.48053598992072 12.56963591297912 -28.9
-32.79842101450997 16.89357823758153 -28.9
34.70916799294744 24.20499313628877 -28.9
22.0910678009938 2.384598259220027 -28.9
-12.51063543966053 1.126176784902889 -28.9
31.86262715029973 7.333590735651313 -28.9
35.66441271736389 -24.86814834742189 -28.9
37.5262901446519 -25.43424478266329 -28.9
-11.65139465146127 -44.49801275865765 -28.9
31.71702423291624 23.70731549018395 -28.9
-15.92571585861557 10.95272133182083 -28.9
-14.68773552415187 29.04582428392064 -28.9
-12.48851578741031 32.734897752051 -28.9
3.351176905891847 -13.49481678644388 -28.9
-28.73065571998047 23.89346204817917 -28.9
28.20264575926605 -39.95263259746331 -28.9
9.362151826697165 27.59350566542859 -28.9
30.41408833974435 -22.44550845355885 -28.9
32.48708805420702 -0.5182076379508231 -28.9
-29.75133264022541 21.59846661287774 -28.9
-28.20201849903441 19.58939094240913 -28.9
25.50641644602291 -10.38046661402681 -28.9
-31.88874270404354 -21.33869660612876 -28.9
-34.49528259656473 -20.67635391923125 -28.9
-36.73299910167211 -22.49958843733303 -28.9
31.33081817382362 29.02858458282169 -28.9
32.20640257166338 30.47142624550052 -28.9
-31.39014598566483 -29.00144422869467 -28.9
-31.88087276751722 -31.00520201817404 -28.9
15.68053119577803 11.5660999857548 -28.9
28.42757341771214 22.30178726406641 -28.9
-15.17043183174072 36.54289137542839 -28.9
-10.40870843926045 37.20527845940348 -28.9
-3.186113924267602 9.038974551073942 -28.9
-7.104435045725538 8.576792386236683 -28.9
-28.02204143530323 41.24860346297101 -28.9
27.93372767625635 -29.73578636162286 -28.9
-31.34271339144696 23.76302675478154 -28.9
35.89419968107505 -22.9925315040213 -28.9
-25.76610101502677 -23.52825666315417 -28.9
-23.53612097579518 -24.53946587763604 -28.9
-1.139941973080369 -31.06152913490768 -28.9
1.360538892983136 -26.91553739481531 -28.9
30.63789539800987 27.43117237298674 -28.9
28.49295619400407 -25.13678993817268 -28.9
-29.22032226232659 27.3222290762705 -28.9
2.082571273094544 -16.85755109564466 -28.9
26.22753167694883 -6.608433320917705 -28.9
-37.5576592887123 16.16500363481794 -28.9
-35.68442136385264 20.75133062123881 -28.9
6.0118089713797 40.06747662379374 -28.9
4.309812002646346 -19.59238332083902 -28.9
15.62170612729442 25.71568443080016 -28.9
-2.952749409831199 -36.14828359865054 -28.9
-26.39436696347661 -40.62358644228289 -28.9
-28.1573050722058 -36.16235048092986 -28.9
-21.87364910908605 37.81990633712271 -28.9
-10.20568858756354 47.14228615011377 -28.9
-30.3904789701665 -39.31972426857958 -28.9
-32.57141228289091 -35.68134781269146 -28.9
-34.203701520842 -40.13240143446555 -28.9
-36.78247184172338 -36.12596758339009 -28.9
24.02542182714423 -40.22637009403956 -28.9
14.711685668338 -37.09617435409166 -28.9
-13.94893026419833 -2.756602580997296 -28.9
-8.667732653856227 5.027221959615026 -28.9
-10.84167828266628 8.26375215741313 -28.9
35.19614171770314 10.69431965012824 -28.9
38.94951218944048 11.72050289749591 -28.9
-39.366600760634 11.20672771039016 -28.9
24.44135851088794 -25.07754342223555 -28.9
11.40015325575564 -18.34837812762253 -28.9
32.33347261748828 -39.72767842987091 -28.9
34.06976957024679 -35.08700543420976 -28.9
36.98250056810703 -39.41226133131869 -28.9
38.30931819933346 -35.03220268349389 -28.9
37.37101566601982 -29.29421774568282 -28.9
-33.75436926292231 5.040516050977189 -28.9
-22.74941731911451 -15.55781213337505 -28.9
-20.99257377277849 -19.00652587064781 -28.9
-19.58393058523808 -15.78287342647819 -28.9
8.013793040602479 -46.68072571237906 -28.9
26.5031204624745 -44.60624189992052 -28.9
-40.80554834499292 -40.49140059016085 -28.9
35.92154263873617 -30.69493386183533 -28.9
-25.06782250809512 -31.29478111453068 -28.9
-41.31373300476797 -26.1678421361713 -28.9
-22.52968094490151 19.72952700715577 -28.9
-37.85389959882895 -26.24417224019429 -28.9
-38.36820238732 -28.28239535145531 -28.9
-37.87120220821154 -30.39331597764715 -28.9
11.05226368970443 40.43083866657414 -28.9
29.750953604206 24.37469215992473 -28.9
28.70949752412085 26.44705076710407 -28.9
25.88347643705575 26.53146613761242 -28.9
-27.53848641263197 28.52833363518108 -28.9
22.55168062455655 -22.78853697322451 -28.9
33.97422392250803 -31.77182191135664 -28.9
4.236790164883963 -10.28314757454648 -28.9
-8.109975561127214 33.07660012114795 -28.9
-4.886027010776388 37.3974196680082 -28.9
29.52440906456421 18.73309427438353 -28.9
16.61109288948902 20.63627881824295 -28.9
-17.44764606800763 -24.55512206484603 -28.9
0.3309895477032256 -20.14193648869603 -28.9
29.93517600083651 40.94552279387803 -28.9
31.89536809194794 37.01232616001307 -28.9
29.88282556283761 34.12879441506303 -28.9
27.24143032770201 46.52974656771071 -28.9
20.35002585749169 -11.276295341598 -28.9
-30.34157074089802 33.93549481471327 -28.9
-32.98589978208979 36.18919473373337 -28.9
8.02092920230389 46.40148111018144 -28.9
41.83321428334354 31.26294017019718 -28.9
40.96438362638847 38.12901074105812 -28.9
41.77343172226297 24.95971316826073 -28.9
37.89086058706815 33.40561172317951 -28.9
41.7673114642302 19.07454609501175 -28.9
-42.17359346479778 31.09153604731976 -28.9
-41.65051759571322 38.1681147081246 -28.9
-41.93551181384655 24.53487509195327 -28.9
-38.4037697535826 33.96084280587045 -28.9
0.1030670561893174 -14.00692021143863 -28.9
24.89294177516689 18.95224274717062 -28.9
32.94228608904736 34.02041174582128 -28.9
-33.11248730049242 24.75423571662592 -28.9
-35.11760450718727 23.68568186903737 -28.9
30.30147286633502 -4.737005545556983 -28.9
34.8011531371273 -4.842118614286406 -28.9
-14.11940649542024 -17.04027987078041 -28.9
34.11275647741981 -20.29086877831983 -28.9
-28.67966204685587 31.21825942918786 -28.9
-32.2879241004679 20.81205335300401 -28.9
0.3573745470442731 39.25089038412796 -28.9
-21.53533818770664 -32.51648896991927 -28.9
-34.80264965358864 -33.31589201419273 -28.9
-30.5297144659832 -33.14757431810589 -28.9
29.65617775831723 -31.90015674497741 -28.9
31.9267797966898 -32.97536171800981 -28.9
-32.84376287584472 -13.4586294657107 -28.9
-35.61323430369668 -10.4256639448293 -28.9
-34.22927534452011 -6.158092918836353 -28.9
-14.59991445090638 23.49840115787602 -28.9
37.21076409339362 -9.191297668304216 -28.9
-25.23881118327187 27.15976680836939 -28.9
-6.054699137749587 1.938128066474448 -28.9
-20.29647625372078 -12.0509206591349 -28.9
-16.30514877081743 -10.73333115200975 -28.9
-14.77729628787697 -7.064662644592438 -28.9
-10.88881387355081 -9.182278582175357 -28.9
21.97879809334617 -14.11913135436838 -28.9
24.44473020462095 -0.7632850619091442 -28.9
-0.2695563947391619 16.10486740429287 -28.9
6.433289103706073 -3.30883779047879 -28.9
-34.13873024479702 -17.39351914313941 -28.9
10.69547561511888 7.432873306045884 -28.9
-11.14221393621621 24.26924635667056 -28.9
-10.32524286576775 28.28687467795789 -28.9
15.36422028124144 1.291603710859491 -28.9
16.68582706431478 4.992270505616283 -28.9
0.7034737824582891 9.494026949606159 -28.9
2.495627108960782 -4.065950500847912 -28.9
-40.47092599445504 19.65284541030582 -28.9
-9.27871366970983 11.81378100241665 -28.9
4.041257543107193 -0.3385729360036649 -28.9
-17.56678059906242 -3.60591427204762 -28.9
11.21687132863525 31.87104613526169 -28.9
14.34544346729964 35.58704902693035 -28.9
7.258150316697552 23.76824947337676 -28.9
-5.319288926730394 -22.55834211260269 -28.9
38.59376530604868 -27.62451252932652 -28.9
39.88297408872425 -29.41811183477167 -28.9
41.67098936892536 -26.25342539657067 -28.9
-17.37533565000697 7.337029614920411 -28.9
15.68908014768581 -32.95279619189213 -28.9
12.13600702757529 10.961738218238 -28.9
14.32976355718742 8.014081939775657 -28.9
-31.99699887080286 40.84135396914599 -28.9
-24.18311358056242 46.98654796091115 -28.9
0.4079178357484921 -40.09821189257219 -28.9
-5.425014789285534 -41.06869070381482 -28.9
-8.260647585036473 -30.40947132730008 -28.9
-3.590152399636615 26.04690765655193 -28.9
-25.87679641208551 13.07574268785519 -28.9
-28.22260522856341 16.84048017392579 -28.9
-7.313641263949833 -1.568610635196855 -28.9
33.68523652368805 21.34767761872845 -28.9
37.26487493857235 -20.13598847111367 -28.9
-32.72135313872153 33.46458907767556 -28.9
11.47042106796384 -9.179530715335666 -28.9
-5.58123189535717 12.15222452943106 -28.9
-10.7794130591649 -38.89760830124604 -28.9
-37.97661009848245 23.14122888736282 -28.9
7.857815983258241 -18.73720406593061 -28.9
22.41554115708315 -8.22477887939764 -28.9
-13.14699883297262 41.4198970180474 -28.9
-7.869430469160442 15.22846897882818 -28.9
-29.93487579377812 -5.518312483326319 -28.9
5.497292363041808 -26.86046156060057 -28.9
16.79299020260113 40.96424447503021 -28.9
17.48392834401413 -1.676231616205918 -28.9
30.09442269627769 30.44642845340136 -28.9
40.93411472345247 -43.39252467607626 -28.9
25.14811792772872 -22.63661352583783 -28.9
-6.87388881225268 -47.7260725264508 -28.9
34.62123018052417 3.564230943409477 -28.9
37.24625104313074 -0.3261173102875219 -28.9
-41.60534127070403 -30.24592254950315 -28.9
-26.73059183381026 2.341941484547498 -28.9
-40.92980916753963 -35.12390392605468 -28.9
-30.22020103918378 25.76729285833819 -28.9
9.189424384015425 20.38716684104154 -28.9
-1.774500812928039 12.5963191114725 -28.9
-39.23647105948621 -24.06677443684805 -28.9
28.42454089922758 10.02712331239901 -28.9
14.73863845305284 -17.57967851855837 -28.9
2.184382216377259 13.01112219223419 -28.9
-35.72335218688009 -31.20280999158263 -28.9
3.672908856169308 -23.19214856649686 -28.9
5.062201376193919 -6.694626305954053 -28.9
-35.72763334329154 -24.8243144557594 -28.9
34.93493795138012 -17.25880276758131 -28.9
-28.26426442758763 -22.90820390990567 -28.9
-29.94595629470177 -30.64735762963506 -28.9
35.51310131185917 22.53441172622619 -28.9
37.11661163188522 24.3261819423742 -28.9
38.05439972431043 26.30700874997712 -28.9
38.57704561992739 28.47721142517447 -28.9
37.74073529279485 30.76017019955673 -28.9
19.18701101666302 -39.22494443388277 -28.9
-37.35440009796397 -18.85866673967153 -28.9
13.06882770087955 -42.71767203122569 -28.9
35.88512119427448 31.36213793206966 -28.9
35.27706417372583 40.6472236007773 -28.9
38.43476629719092 16.8543506264929 -28.9
7.828186662085216 -9.642348539014151 -28.9
11.76204963760935 24.20136123383804 -28.9
19.11446832558201 12.01772876191846 -28.9
-14.87396183399672 14.43859804690565 -28.9
28.16376913551768 -27.0853743726254 -28.9
-42.24389571182247 -47.58435949420318 -28.9
-25.76219315568059 19.53647818359419 -28.9
4.402664106728196 -38.62736035842867 -28.9
-30.97143786397728 1.663748568740395 -28.9
-35.46189360952162 1.116259343328146 -28.9
-22.82938818255049 -21.65915488387216 -28.9
-2.675586703767024 -25.92722026922686 -28.9
-0.4605551588512284 34.46529791103462 -28.9
-39.05143915992924 30.60056988829745 -28.9
-22.4055396779335 -29.44742024255726 -28.9
29.61290858201464 -20.62678444126292 -28.9
-6.08984703485666 29.26999854773479 -28.9
-19.27227056688688 -21.65486321405445 -28.9
-16.51835053918238 26.03150839824949 -28.9
42.48777641117528 -38.53939466941765 -28.9
42.2629048386667 -31.84534434096605 -28.9
-30.41635159556238 -19.44894931029128 -28.9
-27.8104478093579 -32.86266447185088 -28.9
13.45574847297939 -20.54546627598685 -28.9
29.91579057160044 -28.07083269399541 -28.9
18.4538877422072 32.38892910022214 -28.9
16.27969440409228 -28.81220298395114 -28.9
38.3265719850115 21.28303109167548 -28.9
28.79954231733842 -22.92748086836339 -28.9
31.86238437230092 -21.31430513392373 -28.9
-38.62134996568685 -7.428809545505722 -28.9
23.44049271071199 -4.431132538141611 -28.9
37.10133294925532 7.411671080388366 -28.9
38.85563045185444 -22.84917004505167 -28.9
-36.71536046238528 -14.93467370100014 -28.9
-35.75563839301872 8.553359417869885 -28.9
-32.6647176070238 -2.284777959001062 -28.9
1.31051921922036 -11.20206349603639 -28.9
-41.21723813100119 45.4491638593087 -28.9
31.75788957015511 21.8498983208112 -28.9
40.75327309528464 46.10481217268673 -28.9
-33.47100105008258 31.42021704674089 -28.9
-36.32000625869791 31.10775751389971 -28.9
26.81482181260867 -23.76611519027933 -28.9
-39.18721139847767 28.10087435959446 -28.9
31.63513112505859 11.07991480891106 -28.9
-12.74330404172431 11.55998344080307 -28.9
35.73337293202171 36.08144028380622 -28.9
17.91486074614053 23.3823372808289 -28.9
-29.61896773383642 -28.49291460225169 -28.9
-20.67759142975402 -25.12920454112792 -28.9
42.01144905048412 -8.981681874273917 -28.9
35.21576426476018 -13.20345660345485 -28.9
-36.4217362993874 38.8711918863546 -28.9
29.95146227369783 -29.94444319197868 -28.9
38.24892967822767 -16.43912122826473 -28.9
42.77505465577262 -14.31192826503994 -28.9
13.27654282539196 28.50532298446637 -28.9
17.77713961843213 8.655983662209181 -28.9
38.2577703110406 -31.53930541244038 -28.9
-37.37457407589558 29.36468306483295 -28.9
33.64800918585649 31.84410409568458 -28.9
-19.17668809923385 35.52732115752504 -28.9
35.28002857659619 33.32311732064822 -28.9
-30.26313237665499 -22.62967812823993 -28.9
-30.20189071408382 -44.39197778915737 -28.9
32.50381678878819 -15.3284693727899 -28.9
-3.491220100152724 42.35403429931899 -28.9
-8.173422126323842 41.74703094009153 -28.9
-30.94883352121852 -27.6105810602959 -28.9
-32.68620249736189 -32.90144513024553 -28.9
-33.76314392382913 -31.239927119428 -28.9
21.40482241570624 39.69708730375253 -28.9
21.9865108030792 44.53717212051144 -28.9
24.77364524531878 -13.78829139256523 -28.9
-31.84860560473031 25.45751993065269 -28.9
22.58059299027514 -36.76321547470155 -28.9
30.32912754459522 -43.71694828303563 -28.9
-26.12855771678697 -21.04278225136193 -28.9
-4.960682403934896 -29.47932036796016 -28.9
31.40935812427347 -26.92974034296452 -28.9
24.25660866009785 -20.65588242594254 -28.9
18.66876046720131 -31.03417685770156 -28.9
-14.01247111427001 8.146428311699374 -28.9
-42.66491614752587 13.63391115375604 -28.9
19.99467161676311 5.721653956813292 -28.9
20.93027224468833 -1.143460371612491 -28.9
-22.92094947316411 -27.04393784458605 -28.9
-40.01035633824591 -16.38024193701337 -28.9
14.84067053926493 31.49131393509631 -28.9
36.10652492837301 -32.8250538606672 -28.9
9.849540455878724 -21.05285116475717 -28.9
27.51346738666112 19.86310351575754 -28.9
-30.25246029656022 19.14679386395965 -28.9
-42.64389955516771 -9.520105833046422 -28.9
18.60753377658693 2.000103729006447 -28.9
-17.67578645360033 -18.07847612891906 -28.9
-16.58946782830515 -14.27476209498898 -28.9
-33.25757094624592 22.9545915420988 -28.9
0.06815744302261351 -23.55891018194524 -28.9
-35.21504892859251 34.04756010098099 -28.9
-0.887599333906131 -16.96642187847585 -28.9
-12.03345643951968 -5.468271929488182 -28.9
27.61615884895032 28.10963927039315 -28.9
29.38363699627878 28.70170257548073 -28.9
30.21802364994095 26.01798262791376 -28.9
42.9504657091766 13.75049208308581 -28.9
31.73829999415955 26.66588928667344 -28.9
26.41263533475018 -3.380087842179229 -28.9
-11.7157959546077 5.063716939807428 -28.9
-40.35326429228867 -0.3700312889886845 -28.9
-10.67521032576192 -1.976231465798229 -28.9
-27.82370995451549 26.04935193210391 -28.9
-22.39016606490527 41.64506226512672 -28.9
-29.55424019784365 46.17959213159836 -28.9
-30.56117588726557 30.32754681590092 -28.9
28.88057264101386 32.02763645606007 -28.9
21.66700240327769 -44.85512403846623 -28.9
35.54386364862265 25.15917954410744 -28.9
-17.81642125933708 39.94839440323936 -28.9
14.75809767767858 22.79901065757209 -28.9
-5.654932813034371 -33.09983851558015 -28.9
-31.82400161867844 26.71227585568705 -28.9
-13.33397306401761 26.24113648954874 -28.9
-37.06467012162812 -3.259215214412194 -28.9
23.00488535985254 -11.55779271639121 -28.9
43.04458256349363 -48.74949135434766 -28.9
-29.11835501136436 -20.91828777606429 -28.9
-31.63260934358242 -26.72995931971563 -28.9
-9.40007082966801 2.008937339943564 -28.9
-38.02951964337297 25.71128553403152 -28.9
-36.28758956228315 24.94479654561173 -28.9
-43.60913092714798 -14.43787643303676 -28.9
12.70107910890886 -47.6329436339477 -28.9
31.27575312444938 32.15646690192178 -28.9
-4.824573465890239 46.69144191344339 -28.9
33.37343772708351 -30.3489354684508 -28.9
-13.62787273032765 -10.15165446035077 -28.9
33.43633448570037 23.08540743994339 -28.9
26.75347197792753 -25.74829110741194 -28.9
41.74324420572925 0.146972694163523 -28.9
38.74830108629983 -5.922841349136185 -28.9
43.05120430419811 8.138552879514712 -28.9
-4.151032504148105 33.22509537818319 -28.9
-32.5683028469657 -19.31076969489414 -28.9
21.34302254951608 -20.81825757704698 -28.9
-2.967060431476135 -14.79095893244268 -28.9
-37.70568438027782 -33.13622890721927 -28.9
29.87912615647467 -48.38686358441566 -28.9
30.30972203220107 22.63707606244348 -28.9
29.94860849485475 20.83133845472475 -28.9
-1.649160122355532 -10.89249073036909 -28.9
-31.05604890450099 31.93850894607883 -28.9
6.708179276075981 -21.27595018367683 -28.9
13.00503210903563 45.44400938167735 -28.9
4.285098477027006 -42.67060647329913 -28.9
-25.49804037927862 -34.088182232345 -28.9
-2.280892735441626 -21.91830080513634 -28.9
-43.09431084135387 8.063890167022628 -28.9
34.55691099702027 -24.2750457589332 -28.9
-6.889698262428062 -37.06236735617769 -28.9
2 6 0 82
1476
1477
1478
1479
1480
1481
1482
1483
1484
1485
1486
1487
1488
1489
1490
1491
1492
1493
1494
1495
1496
1497
1498
1499
1500
1501
1502
1503
1504
1505
1506
1507
1508
1509
1510
1511
1512
1513
1514
1515
1516
1517
1518
1519
1520
1521
1522
1523
1524
1525
1526
1527
1528
1529
1530
1531
1532
1533
1534
1535
1536
1537
1538
1539
1540
1541
1542
1543
1544
1545
1546
1547
1548
1549
1550
1551
1552
1553
1554
1555
1556
1557
47.75 -45.17763716010589 -0.7823727959602707
47.75 46.88929917305942 0.102540239261991
47.75 -13.2740387427661 -22.24620850076754
47.75 13.51028677525728 -21.9415153889455
47.75 -4.549783452403453 21.18090532757048
47.75 22.17086269487111 21.13033241700314
47.75 -22.28978941501339 21.20956832289379
47.75 -31.14873966987804 -21.41794168434608
47.75 31.1420483619142 -21.3833016316235
47.75 39.50299792675823 20.69456006153577
47.75 -39.61767894239551 21.51445602904665
47.75 45.41420893977349 -16.03312335225093
47.75 -45.51860365734437 -15.95476373857634
47.75 -31.09124367240787 21.33450469834116
47.75 -26.7178589838627 13.64558660901128
47.75 -17.91627718683538 13.53774343081605
47.75 -22.34135814523532 5.936153437040637
47.75 -13.52685616269431 5.886498744548071
47.75 -17.9849797007102 -1.723592581438542
47.75 -9.141271913382504 -1.783246776230353
47.75 -26.79126964993984 -1.674030417904692
47.75 -4.679068548644835 5.866138931464398
47.75 -0.2775415107115364 -1.824239012727375
47.75 4.190750776431187 5.825189489569937
47.75 8.594509727343549 -1.856497058300675
47.75 13.08115459277486 5.803393288882553
47.75 17.45543094834068 -1.871323060322169
47.75 21.9443695956982 5.753129020035125
47.75 26.26148194339905 -1.905028019605936
47.75 30.71141235783629 5.635631256706063
47.75 4.127679819848296 -9.194301747887526
47.75 -22.45536226269249 -9.305754033991725
47.75 8.679858699507939 13.4912003883088
47.75 21.88831359060149 -9.360785917882819
47.75 -31.23236931498421 -9.253089058822709
47.75 30.6614217059194 -9.383062374059133
47.75 -35.65669328931317 -1.411279070894338
47.75 -40.07982020015132 -8.477603778777734
47.75 -39.73919680426113 6.423350558254263
47.75 34.56855772554628 -2.195823398916858
47.75 39.03399505613624 -9.164257624935715
47.75 39.90927389099239 4.707542675499234
47.75 35.18265980594845 13.10659678601631
47.75 43.6319987581133 12.83303267195845
47.75 30.94472693665109 21.00805045775046
47.75 26.43815396697247 13.35240753979476
47.75 17.62778251720002 13.46153748541506
47.75 -13.42739211647019 21.20262151246533
47.75 22.26802439682975 -21.40659528990022
47.75 -22.32282233345396 -21.9780688799073
47.75 13.05289303137366 -9.037183561644493
47.75 -31.13941680474912 6.137680901756447
47.75 13.23715608469313 21.16498630555548
47.75 -13.36557137976394 -8.971590928907585
47.75 -4.455764738017116 -9.215390563920032
47.75 0.2391164845540814 -15.80626048333577
47.75 4.342257394947509 21.18384845884091
47.75 -9.053010738193429 13.52331777974585
47.75 -0.1781659780591767 13.51176672925006
47.75 -35.38770647583723 13.79878341747399
47.75 -45.04820045641819 14.90724279230562
47.75 39.93011329432102 -22.29804836931372
47.75 -39.95994304657399 -22.22627942333082
47.75 46.5477365229909 -7.521941825539933
47.75 -47.52721220352031 -8.34580520552003
47.75 4.405934447232923 -22.29029104785466
47.75 -35.80314160412557 -15.42112680460328
47.75 -47.03543089543618 7.216877593004
47.75 -26.87052215585757 -15.25785042604591
47.75 -8.957442237299333 -15.73084742480584
47.75 -17.9415756615777 -15.47470858045
47.75 47.45811436443302 6.831480260201047
47.75 35.48279789301069 -15.63563934289836
47.75 26.71499999999981 -15.55204270520717
47.75 17.77244335750684 -15.47244478894801
47.75 8.851392319295506 -15.62366616976933
47.75 -4.415238341379769 -22.31226790946064
47.75 46.68290823700102 19.24102369006339
47.75 -46.81337261807302 22.43750330581577
47.75 -47.31454332067445 -22.97799596579262
47.75 47.31454332067448 -22.97799596579263
47.75 41.24241418569506 -3.161230361180746
2 7 0 249
1558
1559
1560
1561
1562
1563
1564
1565
1566
1567
1568
1569
1570
1571
1572
1573
1574
1575
1576
1577
1578
1579
1580
1581
1582
1583
1584
1585
1586
1587
1588
1589
1590
1591
1592
1593
1594
1595
1596
1597
1598
1599
1600
1601
1602
1603
1604
1605
1606
1607
1608
1609
1610
1611
1612
1613
1614
1615
1616
1617
1618
1619
1620
1621
1622
1623
1624
1625
1626
1627
1628
1629
1630
1631
1632
1633
1634
1635
1636
1637
1638
1639
1640
1641
1642
1643
1644
1645
1646
1647
1648
1649
1650
1651
1652
1653
1654
1655
1656
1657
1658
1659
1660
1661
1662
1663
1664
1665
1666
1667
1668
1669
1670
1671
1672
1673
1674
1675
1676
1677
1678
1679
1680
1681
1682
1683
1684
1685
1686
1687
1688
1689
1690
1691
1692
1693
1694
1695
1696
1697
1698
1699
1700
1701
1702
1703
1704
1705
1706
1707
1708
1709
1710
1711
1712
1713
1714
1715
1716
1717
1718
1719
1720
1721
1722
1723
1724
1725
1726
1727
1728
1729
1730
1731
1732
1733
1734
1735
1736
1737
1738
1739
1740
1741
1742
1743
1744
1745
1746
1747
1748
1749
1750
1751
1752
1753
1754
1755
1756
1757
1758
1759
1760
1761
1762
1763
1764
1765
1766
1767
1768
1769
1770
1771
1772
1773
1774
1775
1776
1777
1778
1779
1780
1781
1782
1783
1784
1785
1786
1787
1788
1789
1790
1791
1792
1793
1794
1795
1796
1797
1798
1799
1800
1801
1802
1803
1804
1805
1806
-35.90183577451327 -29.17556275169237 -12.26060606060609
-35.87439649216464 -29.20395677750744 -3.540964994056793
-35.90183577451327 -29.17556275169237 -21.01818181818183
-35.60078946660939 -29.4357516937301 1.804653155488101
-35.89629185247596 -26.41860944064987 10.5079778327406
-35.87667944583328 -26.39836318582992 15.77052861695471
-35.8046126224713 -29.27140227097876 21.03970703515245
-32.60739746909206 -28.57769911475561 27.6052084743374
-35.87478650137435 -26.39643901967123 22.76969696969696
-32.60710364113625 -28.57700258074649 -27.59947401882003
-35.87478650137435 -26.39643901967124 -22.76969696969698
-35.87478650137389 -26.39643901967077 7.006060606060544
-35.95421278921537 -29.11808341343063 5.371637633976654
-35.94362013681562 -29.13007476740929 -17.50088796258759
-35.86380057507147 -29.21462642910685 -7.041585309914389
-35.87478650137798 -29.20356098032509 17.51515151515149
-35.87478650136732 -26.39643901966409 19.26666666666664
-35.87478650139226 -26.39643901968941 -19.26666666666668
-35.87478650136732 -26.3964390196641 -15.76363636363638
-35.81934403188173 -26.34229738205973 -12.23897038017995
-35.87478650138778 -26.39643901968487 -8.7575757575758
-35.87478650136732 -26.3964390196641 -5.254545454545511
-35.87478650136732 -26.3964390196641 -1.751515151515221
-35.87478650136732 -26.3964390196641 1.751515151515079
-35.92226815514594 -29.15367148132151 8.86294936625255
-35.89308546279766 -29.18473981204487 12.36641949457778
-33.68463313526983 -25.95224093497743 27.58311655390543
-33.68463313526983 -25.95224093497743 -27.58311655390543
-35.87628050161238 -29.20204277064587 24.49933138687361
-35.8761615776273 -29.2021637402599 -24.49974718280944
-35.18942733092634 -29.65829147936462 27.58627617735922
-35.1682584022718 -29.66657570635802 -27.61413331735976
-35.87478650137545 -26.39643901967235 26.27272727272727
-35.87478650137545 -26.39643901967235 -26.27272727272728
-35.87960062953885 -26.40134277250567 24.51019095747746
-34.52523187241268 -25.80141545953811 23.65736828846968
-34.504964613647 -25.80075541985313 21.93367127712379
-34.50672848410091 -25.80080469210944 25.3117413802917
-33.15202896631156 -26.27839847670103 24.52188489866377
-33.12752390400389 -26.29964771619499 22.83682785792038
-33.09462352585893 -26.32930131796316 21.11612522358949
-35.87960062953886 -26.40134277250568 -24.51019095747748
-34.52983309286356 -25.80159396586083 -23.6576566985352
-34.60951179594483 -25.80637115115314 -21.95208937360991
-34.52403592816047 -25.80137079943742 -25.29071617127536
-33.06289518297643 -26.35918765045896 -24.50820622490712
-35.85952062326754 -26.38110902019094 21.05318083098862
-34.48080028645983 -25.80023717847491 20.15251549557576
-33.06138661988967 -26.36064150380158 19.37730045766301
-32.45206438873772 -27.70915236244126 20.33300542238418
-32.45001602724308 -27.80800679183145 18.61057007880258
-33.02740333468429 -26.39421953071163 17.64094559229327
-32.45263001659714 -27.90253365009228 16.87695496204532
-32.98000386880543 -29.15613840527911 19.54520811435707
-33.00296963006781 -29.18061693039521 21.22481373290324
-32.45438708592738 -27.66760250309555 23.72110500994469
-32.45136588611927 -27.7260968279966 25.33795044958773
-32.94636132992237 -29.11873831742585 24.57684635075998
-32.99916248912821 -26.42338439749967 15.89585607137477
-32.45886956058805 -27.98814774313596 15.13542947141258
-32.91343821743269 -26.51977428226365 14.17161352971367
-32.47199886193037 -28.09582342333769 13.39018533807464
-33.17695383838178 -29.34251530637109 14.34997179987033
-32.8600099251527 -26.58676813350166 12.39841940590272
-32.48913244511426 -28.193698402583 11.64042957232062
-34.34305450765808 -25.80286138145903 13.19960628211727
-32.72355341383077 -26.79035541644368 10.68601575366365
-32.52190474963696 -28.33145903466541 9.894447256254495
-32.61476784314988 -27.00506419726922 8.907350759339479
-32.56452029321829 -28.46705792500676 8.138185202709721
-33.37255535212508 -29.48496677438034 10.8512194793968
-32.62830409066653 -26.97451589117797 7.190695929077485
-32.59055758685219 -28.53652828335851 6.40007260696926
-32.55078081318368 -27.17312961433105 5.409938370028712
-32.64136687632413 -28.65372491116428 4.642818216760325
-32.52044168154972 -27.27387767990769 3.708489539349465
-32.69203281529775 -28.75370403035221 2.903308716831571
-32.50389943773517 -27.33881391873506 1.948612862735004
-33.47203969702177 -29.54458982164827 7.359908239250025
-33.53837588316784 -26.01984790829267 4.470121303777212
-33.66857755643561 -29.64102660618848 3.862553325172264
-32.77469135160474 -28.89240145212831 1.149412125521682
-32.4753015550838 -27.48287849072398 0.1911431600537625
-32.82519535551967 -28.9661946095207 -0.5892056085050399
-32.46555703357249 -27.5510298953762 -1.538976185935152
-32.88049097139536 -29.03961341116032 -2.34603134785257
-32.45538657072316 -27.65331234629848 -3.301643588242477
-32.93339715186283 -29.10380819180668 -4.089522792580638
-32.45165874045917 -27.71856161582666 -5.042527706445764
-34.29088247765853 -29.79366035574867 -1.289617542436297
-32.98288895290958 -29.15925905386178 -5.838595990491733
-32.45004160827974 -27.81290082895396 -6.797338306468323
-33.15143574640153 -26.27890471065214 -4.256826064349212
-33.32965225814492 -26.14324988688088 -0.7861588182903212
-34.32868551971784 -29.7963173086646 -4.849866067247525
-33.63830470979915 -25.97211850606617 7.951891464024492
-33.03670318928646 -29.2151297201412 -7.586877113527528
-32.45185432042835 -27.88610367709423 -8.543918504800899
-33.10857854367315 -29.28343805954477 -9.338434456658067
-32.4587976816735 -27.98738550501886 -10.29268863373031
-33.20105034314325 -29.36208986765724 -11.04833237748654
-32.46324010468894 -28.02975012161821 -12.03088971844905
-34.58330991181727 -29.79555217105724 -9.982096353816296
-33.15586543677661 -26.27513419204489 -11.1045264954593
-32.84375575463355 -26.60837110465248 -12.978019585459
-32.47571881202987 -28.11970891577687 -13.79318273834771
-32.7606607022913 -26.72942410954802 -14.7456271777295
-32.48867430490325 -28.19140965465 -15.52602705070154
-32.70723851939137 -26.81878523160992 -16.49525075590193
-33.21827149317399 -29.37570456795434 -14.45724158282802
-33.00043327132452 -26.42204633636792 -7.753644934037656
-34.02043093794506 -25.84667708227103 -13.95616804846362
-32.51196480269122 -28.29398337420639 -17.29803963103775
-32.64683441556033 -26.9347868036765 -18.24077808965154
-32.56816619869308 -28.47727508758168 -19.02827884721203
-32.57816053708476 -27.09557326493583 -19.97011397837297
-33.71288965553988 -25.94078824764637 -17.43692253525236
-32.57145068714924 -28.48633263013491 -20.74878624304774
-33.45034783997676 -29.5322515865084 -19.77462048972887
-32.53468246733485 -27.22418861676286 -21.75420835329546
-32.65127182454984 -28.67440090967571 -22.49016091228343
-35.85998050004045 -26.38156600805477 -21.052101714099
-34.71807968144229 -25.81804811249168 -20.1676875468507
-35.87884254341505 -29.19943166540107 22.77204921220584
-34.47235422144997 -29.79987506829386 23.66273159215184
-34.42831816574793 -29.7998824710626 25.28606143001615
-34.38984662010796 -29.79909518805072 21.97428170268974
-32.98865548944698 -29.16545678125548 26.22363125133906
-35.88844276852607 -29.18956194596537 -22.77585839474227
-34.63940981284384 -29.79101077917687 -23.66643457908229
-34.51841752187909 -29.79882941810949 -25.27977172481586
-33.05994336744697 -29.23796472776467 -24.25292154608819
-34.68448226256476 -29.78620695511382 -22.03366053241924
-33.06276344976736 -29.24068551519706 -26.18245304437112
-32.457038060977 -27.63236137197631 -25.2467628074239
-33.04661706516496 -29.2249618725474 17.83859373640897
-34.42959023446202 -29.79989585765626 18.64574076578541
-33.11154581454755 -29.28611587483777 16.09299766404977
-34.55359363966343 -29.79731528753507 15.18070387189287
-35.87843701702945 -26.4001544055218 17.52350382255414
-34.47494385645167 -25.80015555504301 18.41804928982039
-34.47001767703281 -25.80010017935743 16.67025554065682
-35.87834496999305 -26.40006048462958 -17.5070101912477
-33.8543764159272 -25.89075078994484 -15.69549465180963
-35.85094471271785 -26.37264093098201 14.02051939578058
-35.87315486635481 -26.39478463345627 12.27298299626914
-34.13297882064445 -25.82528544547826 11.20899760322501
-34.69949837819888 -25.81562338270274 9.388859553772342
-35.92077804257569 -26.44470964384852 8.7658506638303
-35.81279852219031 -29.26382382407034 -0.06229208505956052
-35.98060815085501 -29.08733782999499 -19.31016786116261
-35.93455332725073 -29.14018708341365 3.636898424812415
-35.79814801557321 -29.27732763059046 -1.890701232971388
-35.85398126897619 -29.2243723517269 -5.306087063719019
-34.31246240915164 -29.79526524830751 -3.135836436255193
-35.93370182984817 -29.14112970293899 -13.99756755602498
-34.58856599215157 -29.79519409226748 -13.29707730039995
-35.87834496999302 -26.40006048462955 -14.020262536025
-35.87834496999292 -26.40006048462945 -10.50094958518759
-34.4826165214338 -25.80026597705356 -9.633350091808794
-35.94037332315768 -29.13371187203981 -15.77126757267804
-34.73377633517438 -29.77976538801824 -16.77467998225302
-32.99061577476571 -26.43244828867889 -9.366098065635402
-35.87834496999302 -26.40006048462955 -6.997919282156897
-34.42421123009987 -25.80016627207484 -6.118849155378147
-35.87834496999288 -26.40006048462941 -3.511171626933812
-34.42458963942443 -25.80016142812091 -2.611966640318499
-35.87834496999287 -26.4000604846294 0.008141323903366526
-34.5681453974931 -25.80349263335915 0.670359939440818
-34.48032480825068 -25.80022991171371 2.626742115088408
-35.87478650138778 -26.39643901968487 3.503030303030229
-35.87834496999299 -26.40006048462952 5.262686778449037
-34.60979174236205 -25.80639356966504 6.146215157866088
-35.94056040013199 -29.1335027909826 7.157476513986893
-35.89499142126266 -29.1827508063557 14.11621348603977
-35.87478650138648 -29.20356098031645 -8.7575757575758
-35.91495066351557 -29.16158714501324 10.64019519405387
-33.51254188069676 -29.56668397698978 5.61031992215856
-33.41252379810685 -29.50986640721004 9.096867522826365
-33.27280983460105 -29.41685599683088 12.59091559236796
-34.16681300422827 -25.82015022655107 -12.26668304825034
-33.87382540952287 -29.7152083023234 2.128086805309664
-34.19250389900059 -29.78335467276282 0.4327786666348672
-32.45035568160328 -27.76228263127291 22.0433316507857
-34.36129902583262 -25.80196793389552 14.93983858670324
-33.6891509833629 -29.64962395472224 -27.62387465584369
-32.97557578218005 -29.15132276895863 22.90141532556501
-35.8082797521478 -29.26801775020104 26.26236725457722
-33.39029253867429 -29.49617808511094 -17.96035862856111
-35.82588543793678 -29.25152997270932 -26.29162564240169
-33.67796845339716 -29.64498436065188 27.62012646757006
-33.04425884689053 -26.37736448432691 -26.18376249112858
-33.04398398046667 -26.37763613909252 26.20880372545773
-32.46359024891132 -27.56724196946231 -23.62660764658016
-35.21536686473019 -25.95224093497743 27.59065502342509
-35.21536686473019 -25.95224093497743 -27.59065502342507
-33.21078963254264 -26.2301727275951 -22.84985907709925
-32.60804180116658 -27.02077603107301 27.57573348661131
-32.59905961076163 -27.04235913818875 -27.6109254586601
-35.82173270562289 -29.25545504373186 19.31870015137128
-34.37924516888469 -29.79874804662165 -6.629874192863053
-34.51525247852332 -25.80106475491412 -7.8737655636616
-34.36189363338516 -29.79805837456315 20.31224875751233
-34.54381073669352 -29.79779867496228 16.88580762319214
-34.51425106658716 -29.79896768369136 -8.24761996657762
-32.89593885116963 -26.54107428904799 -6.01463684561196
-35.91679501557167 -29.15960008174982 -10.56369674663917
-33.49904622604326 -26.0405435726346 -19.15199552753084
-35.89962142264817 -29.17789612489459 15.82550105403427
-34.71387220592322 -25.8174835539292 -4.34114071897362
-34.69832155218769 -29.78452422679067 -11.62929008095026
-34.59271823227511 -29.79490137755636 13.46545844971954
-32.98990141194559 -26.4332110209833 -2.51652318772873
-33.14371116396436 -29.31446673018877 -12.81148907260354
-34.63462216783685 -29.79146043273353 11.744627701132
-34.77807160360196 -25.82709122793018 -0.8771713566189163
-34.57383465169944 -29.79616256327947 -15.06564860547612
-34.68177061771699 -29.78652520264987 9.991667083352418
-33.363173496671 -26.12106934280726 -21.00474448070059
-32.45 -27.79999999999999 -26.5808952120285
-33.2521569801881 -26.19838453432545 1.178152077354433
-34.86429651892214 -25.84338087650943 -18.38057805868372
-33.33647863822459 -29.46134589320521 -16.21083140893717
-34.70302930673373 -29.78392947705654 8.274744647285424
-34.70033287373789 -25.81572848321452 -11.05600366050042
-34.44421119586603 -29.79999162241913 26.61855994574843
-32.45000018863814 -27.80086864983554 26.61722628302568
-33.14762250795926 -26.28216836631145 2.760994278095421
-34.45 -29.8 -26.61840186951196
-34.70827116825553 -29.78325389288612 -18.59635317945648
-34.45477719326975 -25.80000570540202 -26.6168465982062
-34.89641078275645 -25.85045712716063 -16.63955789183059
-34.78132370438785 -29.77236523060784 6.531811898240143
-34.45127798673892 -25.80000040831257 26.62429002358783
-34.73916883059616 -29.77898493865205 -20.47150578241536
-34.93293698071103 -25.85918267921432 4.385876223952742
-34.97833282402058 -25.87104576854129 -14.8815413119639
-33.41327357358897 -29.51032111510705 -21.49340336490358
-36.11067282678583 -28.91452490433151 -27.73894268322982
-36.12739468126303 -28.88919561295046 27.69540032503036
-36.12936594368268 -26.71384622304261 -27.51985224059425
-36.12610458198274 -26.70882016594125 27.73220563727536
-34.80278257331805 -29.76864025559854 4.767844598260531
-33.56352839574399 -29.59281011120748 -22.76980956274251
-33.25753621628355 -26.19437547212163 6.106616619720654
-35.03898631939192 -25.88869282542833 -13.19285395787631
-34.81062659668064 -29.76721845705212 3.128139639576275
-35.06414838113834 -25.89662884177963 7.922114086342098
-33.34676635854394 -26.13180470796744 9.652049176521068
2 8 0 245
1807
1808
1809
1810
1811
1812
1813
1814
1815
1816
1817
1818
1819
1820
1821
1822
1823
1824
1825
1826
1827
1828
1829
1830
1831
1832
1833
1834
1835
1836
1837
1838
1839
1840
1841
1842
1843
1844
1845
1846
1847
1848
1849
1850
1851
1852
1853
1854
1855
1856
1857
1858
1859
1860
1861
1862
1863
1864
1865
1866
1867
1868
1869
1870
1871
1872
1873
1874
1875
1876
1877
1878
1879
1880
1881
1882
1883
1884
1885
1886
1887
1888
1889
1890
1891
1892
1893
1894
1895
1896
1897
1898
1899
1900
1901
1902
1903
1904
1905
1906
1907
1908
1909
1910
1911
1912
1913
1914
1915
1916
1917
1918
1919
1920
1921
1922
1923
1924
1925
1926
1927
1928
1929
1930
1931
1932
1933
1934
1935
1936
1937
1938
1939
1940
1941
1942
1943
1944
1945
1946
1947
1948
1949
1950
1951
1952
1953
1954
1955
1956
1957
1958
1959
1960
1961
1962
1963
1964
1965
1966
1967
1968
1969
1970
1971
1972
1973
1974
1975
1976
1977
1978
1979
1980
1981
1982
1983
1984
1985
1986
1987
1988
1989
1990
1991
1992
1993
1994
1995
1996
1997
1998
1999
2000
2001
2002
2003
2004
2005
2006
2007
2008
2009
2010
2011
2012
2013
2014
2015
2016
2017
2018
2019
2020
2021
2022
2023
2024
2025
2026
2027
2028
2029
2030
2031
2032
2033
2034
2035
2036
2037
2038
2039
2040
2041
2042
2043
2044
2045
2046
2047
2048
2049
2050
2051
32.99816422548617 -26.42443724830823 -12.26060606060609
32.92541503070122 -29.09446539984204 -3.446964920963591
33.13794931561949 -29.30947772478319 -21.07034714078864
33.01746485289488 -26.40434852047207 1.759301798347959
33.09423910849581 -26.32965568485891 10.51932605436864
33.01868762431403 -29.19690546681161 15.83698925085692
33.02886873950052 -29.20726185922562 21.04723109821243
36.29775906502257 -28.56536686473018 27.58311655390543
33.02521349862566 -26.39643901967123 22.76969696969696
36.29775906502258 -28.56536686473017 -27.58311655390543
33.02521349862565 -26.39643901967123 -22.76969696969698
33.1427892796081 -26.28632892196076 7.020056719159626
33.02521349862611 -26.39643901967078 -1.751515151515221
33.05982211570807 -26.36215249416859 14.01538043083033
33.02521349862611 -26.39643901967078 -8.7575757575758
33.32415259558832 -26.1469822680989 -15.59027279098686
33.02595296460521 -29.20431123365987 12.25746185681066
33.02521349862202 -29.20356098032508 -17.51515151515153
33.02521349862202 -29.20356098032508 -7.006060606060654
32.96999670522368 -29.14521011275236 0.04074920250538483
33.02942874144656 -26.39217284463898 19.26780518880737
32.94384188772335 -29.11586007646073 3.58790468250335
32.97400619106708 -29.14960819351086 7.077062133069539
33.02521349861352 -29.20356098031645 -10.50909090909095
33.02521349863844 -29.20356098034175 -14.01212121212124
33.04402321622261 -26.37759735535997 -19.29020478296456
33.02521349863268 -26.3964390196641 -5.254545454545511
35.21536686473017 -25.95224093497742 27.58311655390543
35.21536686473018 -25.95224093497743 -27.58311655390543
33.19325073610877 -29.35582174033815 24.56961477115755
33.15531971241099 -29.32440249046256 -24.54394967194626
33.68463313526983 -29.64775906502258 27.5831165539054
33.68463313526983 -29.64775906502258 -27.5831165539054
33.02521349862456 -26.39643901967235 26.27272727272727
33.02521349862456 -26.39643901967235 -26.27272727272728
33.02039937046116 -26.40134277250567 -24.51019095747747
34.37676750334256 -25.80134119934559 -23.64459153332638
34.395035386353 -25.80075541985313 -21.93367127712382
34.37677836361691 -25.80134080144579 -25.2891055886254
35.74404629910617 -26.27505928778537 -24.47658251455674
33.01358963263603 -26.40833723318854 24.54791594141722
34.3850191573617 -25.80105590621198 23.66483342750275
34.41555325975071 -25.8002966664812 21.92303809569066
34.38465522748975 -25.80106776985672 25.3235546506727
35.75551887010957 -26.28486948423977 24.52282707108765
33.04048022716525 -26.38110817537492 -21.0531828263633
34.43387990479151 -25.80006496542251 -20.20482509022765
34.45982242191783 -25.80002412013853 -18.46590685215223
33.06314364914042 -26.35894848736055 21.05216740645916
34.43107759130864 -25.80008951639097 20.15055359077309
34.42751991168915 -25.80012634258323 18.38824948308345
35.79048577041758 -26.31571636830827 21.05767310299078
35.8449711405977 -26.3668023454877 19.32699097335951
35.86718547476712 -26.38876460854006 17.56951842698111
34.49956623827317 -25.80061429733444 16.62969611391175
35.91778933470835 -26.4414734198712 15.82292531544875
35.73552958004828 -26.2678728189798 22.79917612271075
36.43499279276384 -27.55545222823421 23.72070313389268
36.44052932246207 -27.60559573971047 25.3419564578876
36.08585627165089 -28.95064080342236 24.63861088781481
36.03367293935225 -29.02146634057735 22.95427671392446
36.44756688772488 -27.70137683302018 20.25801047244594
36.44999961710257 -27.80123757407119 18.53706931114537
35.91520351067697 -29.16131505255026 19.48405617463305
35.83931828313123 -29.23867811137769 17.75054993903981
34.47625572276363 -29.79982765182957 18.67382597519567
36.44937714038776 -27.84991042471134 16.78065182017712
36.44743667257358 -27.90122617773178 15.02206449021966
35.93412945243192 -26.45934353079391 14.06448772224356
36.4446673880214 -27.94595208516456 13.27918636248835
35.97895526116331 -26.51069948834221 12.33209342509721
36.43306405079027 -28.05972479755176 11.52434114159885
35.78676601253497 -29.28763457466253 14.21300505505578
36.01520576672459 -26.55495746746864 10.56556651379112
36.42170573256147 -28.13522604938199 9.759422289237911
36.08582147742626 -26.64930973151287 8.836347859294037
36.40216420056314 -28.23480447794346 8.032681616906977
35.54977954920313 -29.47047446647788 8.981570741165129
36.10619557542079 -26.67883265479385 7.066254074822602
36.38354036597288 -28.3112940965369 6.284780256082499
36.17216666858238 -26.78307229085648 5.342218053583196
36.35242399354583 -28.41707612883754 4.538123836669286
36.30603461099683 -27.05492582732868 3.611727176204397
36.3121753861488 -28.52959086563743 2.786763771183317
35.49959457986343 -29.50245446867789 5.490991244837566
35.26743168138367 -25.97467661871375 4.166513421601827
36.32971832322756 -27.11687554185011 1.840789199465853
36.27077718589084 -28.62750857357459 1.035003695556039
36.37720425550154 -27.26531901326421 0.07550154598793668
36.2223882681953 -28.726628203091 -0.7188237146959011
36.39535613617063 -27.33568383243388 -1.644716728006635
36.17852166745991 -28.80608789135026 -2.463914363931629
36.41565530711895 -27.43094822369335 -3.417032424453172
36.12999573559404 -28.88517939917134 -4.215918030554761
36.42593400611359 -27.49067039669006 -5.147364713809747
36.06194049081962 -28.98391209726745 -5.964919673637606
36.43899649861181 -27.59049360747234 -6.911536583598714
36.01462250539785 -29.04577542743569 -7.707713591771522
36.44432139911019 -27.64939403381275 -8.648746734178019
35.97257797861045 -29.09682546977245 -9.458720197730809
36.44892645301467 -27.73447874056308 -10.40789367512976
35.91396454265401 -29.16264735638089 -11.20929933893968
36.44993872645709 -27.78434463615205 -12.15358327091737
35.87209635154955 -29.20628658775851 -12.95325045775348
36.44879992867132 -27.86927369734272 -13.90241513965379
35.80911443003864 -29.26724502591107 -14.70567775325357
36.44690947651115 -27.91114199305381 -15.63109227145316
35.84123801133865 -26.3631782310229 -19.36714835274813
35.86519144808226 -26.38676499998237 -17.63087923383039
36.4492242195365 -27.74429973053302 -18.54977389216234
36.44831267079472 -27.71786310365446 -20.26861207534576
35.93435845558306 -29.14040291529789 -19.43347340824664
35.69664086663359 -29.3639330387325 -16.54967805056611
35.35921636338396 -29.58138305946667 1.988331160251597
35.92280592914475 -26.44691364093932 -14.73519754778851
35.63530097015306 -26.18908050786074 -11.18658321104867
35.17132921831023 -29.66539115437271 -1.513613544766855
34.87230733777334 -29.7549057553915 -5.010006267058344
35.68719390971409 -26.22858305031212 -7.85551383505776
35.5458593892022 -26.12695122632442 -4.349764027009527
34.69040184605485 -29.78549916958266 -8.50816662647788
35.3779079653226 -26.02828139709183 -0.8592141846358814
35.96387804398902 -29.10697102796045 -21.16233639919717
36.44626467979522 -27.67782255444605 -21.99411244488749
36.00214109815757 -29.06129219906024 -22.88072103354594
34.5064551307294 -29.79920304576957 -12.0063321918545
34.28619577126367 -29.79328075660407 -15.31704591246002
34.74387930598418 -25.82170908268924 7.895634141192723
34.56337065235346 -29.79678418843523 -22.02023667893903
34.62168076624442 -25.80738219557745 11.39116622490967
34.39098186071492 -29.79912902515954 16.85217025077319
35.81253994975615 -29.26406450859193 15.97678013717107
35.96982042030287 -29.10005611033926 21.21125290833375
33.01723745050496 -29.19541802939638 22.78798634471923
33.10049475510867 -29.27608793573106 -22.81246773762085
35.82431819167979 -26.34698606062502 -21.10455944247109
34.5152875947219 -25.80106590154267 14.88669847561863
33.09284367963632 -26.33094359465101 -17.52903004437229
34.6283695493312 -29.79203019652599 23.79274222688137
34.57102156178115 -29.7963350875001 25.39520701859576
35.77132923095333 -26.2986375975707 -22.80160239559669
34.60469434692216 -29.79400844005995 -20.23061294344426
33.08268199549972 -29.25960319079172 -19.26713115622208
34.68156382090449 -29.78654931900724 -18.22153581979845
33.02831771924274 -26.39329480964175 17.52106740921629
33.07500745217295 -26.34762419001828 15.77669589483828
34.4889555338989 -25.80037941939511 13.13309360652703
35.8748864922821 -26.39654052993611 -13.06230464766586
34.55898101702489 -25.80297142285639 -14.04508213894
33.08843185773896 -26.33503167475204 12.26032839882604
34.55121383324768 -25.80256270187039 9.635761040052294
33.02197129065728 -26.39973787979073 0.008076245876726063
34.42168232428605 -25.80020048273779 0.9067706084369078
34.21057104907682 -25.81438327528704 2.856712399757338
33.13194993234714 -26.29575799182436 8.758778009774161
34.62321193093544 -25.80751471097485 6.018676081050437
33.02521349862611 -26.39643901967077 3.503030303030229
33.08233110408484 -26.34072559429483 5.263212945904321
33.02521349862609 -26.39643901967079 -10.50909090909095
34.46504944332982 -25.80005662223765 -9.606005436524271
33.00377983687547 -29.18146561295316 14.04967108600756
32.89875583229403 -29.06239515689748 -1.662631485185017
33.24451758159988 -29.39587347209238 -5.256977380376927
33.04591187679683 -29.22426701930494 19.30960648814658
32.9592213323563 -29.13325877611905 5.362512620307712
32.92911612046276 -29.09881185125627 1.849548909227693
33.04736812512866 -29.22570116910764 -8.811299102733372
34.64777211861435 -29.79019752514639 -6.605954438895441
32.98636441400972 -29.16300068650859 8.824393521585691
33.01588072048371 -29.19402363398892 10.54198333540234
34.32452890085912 -29.79606037065024 11.44761710587979
34.39015755558219 -29.79910451999041 13.2018028045109
33.02165503000709 -26.40006048462945 -6.99791928215712
34.4174398570473 -25.80026505829125 -6.1303199057865
33.02165503000708 -26.40006048462945 -3.511171626933912
34.40676295917691 -25.80046741504399 -2.622775303137121
34.60379252421349 -29.7940781979391 -10.2667842897655
35.0389092396232 -29.71133092568671 -3.269233752876097
35.31913806728708 -29.60127705253592 0.2357477090029576
35.46334572558141 -29.52427678765502 3.739345633414075
35.5131648576363 -29.4940131302582 7.224259017432665
34.51391311906543 -29.79897851744618 20.37086772800595
34.55326023912673 -29.79733255193408 22.06661174122245
36.43865276584498 -27.58725560666112 -23.67207208005296
36.03978693957152 -29.0134980373976 -24.55069274634369
34.63821303227649 -29.79112426896999 -23.72651964800679
34.53867098793678 -29.79803339709283 -25.34742757477406
35.83829183528358 -26.36033136448523 -26.19434197827697
36.43354331337696 -27.54396108897752 -25.33224187956566
34.63726496093444 -25.80878634134701 -16.76484157945015
33.02442097243014 -29.20275601447755 26.20395120807311
32.98237025747233 -29.15869898757898 -26.17268754075297
35.83891840805305 -26.36093584028669 26.21870160961624
33.68463313526982 -25.95224093497743 27.59065502342511
33.68463313526981 -25.95224093497743 -27.59065502342507
35.94062350981515 -29.13343224499274 -26.18832324329183
36.44447244135132 -27.65140766947756 21.97266210285336
36.29960859834845 -27.03911365308905 27.61474344506727
36.2984755054669 -27.03636507041067 -27.60836507255392
35.2504536169129 -29.63283223650477 27.599850762812
35.94457343627076 -29.1290034776455 26.21866161748669
35.22287131771083 -29.6446327347903 -27.61024067869257
34.38513177202736 -29.79894775144317 15.04992883977768
33.11819557094202 -26.30792193141862 -13.74605046392948
33.039281840611 -29.21770034731254 17.5970773931484
33.02292909594305 -29.20123825054631 -12.30669312394965
34.36632148123375 -25.80175129038023 -12.46753222997744
35.75653560721945 -29.31425384499024 12.41933158480425
34.37432507288167 -29.79856781356191 -13.57954508930765
35.69494443628144 -29.36528379234307 10.57026390755535
36.10645396666017 -28.92078555323301 -17.97690414718642
32.97582974259628 -29.15159981214347 -15.82490202071916
35.93443684603668 -26.45968389917576 -9.563285898776691
34.27815428076861 -29.79260358545844 9.775470063325272
34.16613522277061 -25.82024729113748 -7.868484564596447
36.4485736076147 -27.72447824852406 -17.07680959431969
34.18766710723467 -29.7827207199637 8.077690345222464
35.86322609393991 -26.38479965820829 -6.09081210604322
34.17875744922721 -29.78152150597723 6.373802305194118
34.11371558283046 -25.82847450161837 -4.379449545561634
35.99980729966497 -26.53584125446794 -16.21798652117346
34.13369376663199 -29.7748291993822 4.629199164022403
36.45 -27.79999999999999 -26.59168187534717
35.76324817297216 -26.29156397676756 -2.58816120658479
34.12338413544718 -29.77315029255817 -16.7898135743813
34.11737373018332 -29.77214597954305 2.88914858089754
34.12185526843449 -25.82710338964613 -11.11201354040204
34.44522280673027 -25.80000570540202 -26.6168465982062
34.00593258682107 -25.84992201885346 -0.8688817056103808
36.44999984618463 -27.80078438603695 26.63694266072693
34.45000000000003 -29.8 -26.64590752888673
34.44877406545085 -25.80000037572892 26.63030214959804
34.05476433968217 -29.76055828090193 1.117658788419799
35.70544272808009 -26.24312378253413 0.9073637065258424
34.90093308740858 -25.85149817791202 -15.46870957275405
32.76801940806382 -28.88210040585428 -27.71759405313109
32.76010170181133 -28.86969329332245 27.69020201633154
34.44625744731167 -29.79999649832178 26.66581025794876
32.77063405631733 -26.71384622304262 -27.51985224059425
32.77389541801727 -26.70882016594125 27.73220563727536
35.54700191956882 -26.12770014995446 2.545392304546262
34.02976283533729 -29.75535181628173 -0.620035654120521
33.94115650438363 -29.73418672753406 -2.357367193180821
33.97030582294001 -29.74162135765312 -4.088551004576725
33.92249028515248 -25.87082051100954 4.340915247694603
2 9 0 236
2052
2053
2054
2055
2056
2057
2058
2059
2060
2061
2062
2063
2064
2065
2066
2067
2068
2069
2070
2071
2072
2073
2074
2075
2076
2077
2078
2079
2080
2081
2082
2083
2084
2085
2086
2087
2088
2089
2090
2091
2092
2093
2094
2095
2096
2097
2098
2099
2100
2101
2102
2103
2104
2105
2106
2107
2108
2109
2110
2111
2112
2113
2114
2115
2116
2117
2118
2119
2120
2121
2122
2123
2124
2125
2126
2127
2128
2129
2130
2131
2132
2133
2134
2135
2136
2137
2138
2139
2140
2141
2142
2143
2144
2145
2146
2147
2148
2149
2150
2151
2152
2153
2154
2155
2156
2157
2158
2159
2160
2161
2162
2163
2164
2165
2166
2167
2168
2169
2170
2171
2172
2173
2174
2175
2176
2177
2178
2179
2180
2181
2182
2183
2184
2185
2186
2187
2188
2189
2190
2191
2192
2193
2194
2195
2196
2197
2198
2199
2200
2201
2202
2203
2204
2205
2206
2207
2208
2209
2210
2211
2212
2213
2214
2215
2216
2217
2218
2219
2220
2221
2222
2223
2224
2225
2226
2227
2228
2229
2230
2231
2232
2233
2234
2235
2236
2237
2238
2239
2240
2241
2242
2243
2244
2245
2246
2247
2248
2249
2250
2251
2252
2253
2254
2255
2256
2257
2258
2259
2260
2261
2262
2263
2264
2265
2266
2267
2268
2269
2270
2271
2272
2273
2274
2275
2276
2277
2278
2279
2280
2281
2282
2283
2284
2285
2286
2287
-35.90183577451383 29.17556275169177 -12.26060606060609
-35.90183577451383 29.17556275169177 -3.503030303030364
-35.88053554371233 26.40229900973933 -21.0306659383925
-35.90183577451383 29.17556275169177 1.751515151515079
-35.90183577451326 26.42443724830763 10.50909090909086
-35.90183577451326 26.42443724830763 15.76363636363634
-35.89544109427701 29.18228073956606 21.01940737553652
-32.60224093497743 28.56536686473019 27.58311655390543
-35.87771435061055 26.3994173594319 22.78768532068042
-32.60570175850164 27.02633082237559 -27.60683625580326
-35.87478650137435 29.20356098032876 -22.76969696969698
-35.8747865013739 29.20356098032923 5.254545454545386
-35.84905206354475 29.22921423288854 17.54009118580969
-35.8747865013739 29.20356098032923 -8.7575757575758
-35.8747865013739 29.20356098032923 -15.76363636363638
-35.87517361694184 26.39683209786821 7.005550319956512
-35.80569671105425 26.32959650856076 -17.50629939276394
-35.83915653448307 26.36116570700341 19.2958504221486
-35.76982438135544 26.29731453644492 -13.99738983329929
-35.87478650138649 26.39643901968356 3.503030303030229
-35.87693923302899 26.39862766359449 0.006870921702404331
-35.83559207768347 26.35773282840494 -3.479048077241632
-35.74127249188862 26.27270980108829 -6.993985764010759
-35.87371975392279 29.20464303731946 8.806614873677695
-35.85597678377741 29.22240264464003 -19.29020478296456
-35.86876778116186 29.20964463008839 14.03542125959657
-35.84703100954108 26.36881015990867 -10.45249934682494
-33.68463313526981 25.95224093497743 27.58311655390543
-33.65212884285805 29.63395791025884 -27.6086756969194
-35.64224814234227 29.40578465775503 24.66142518896208
-35.87620364101034 26.39787904431578 -24.49960047156695
-35.14846723863246 29.67407137445647 27.59483372785649
-35.16827111347797 25.93342918496428 -27.61410316781163
-35.87478650137762 26.39643901967455 26.27272727272727
-35.87478650137545 29.20356098032765 -26.27272727272728
-35.87960062953886 29.19865722749433 -24.51019095747748
-34.51667906352411 29.7988881665785 -23.64081790225846
-34.48938007004482 29.7996122649362 -21.92838133799201
-34.41041221160575 29.79960816336853 -25.31610825766182
-32.91548400016596 29.082677140302 -24.48703632551062
-35.88552106926914 26.40741992701159 24.53916992116446
-34.52628093013565 25.80145522449517 23.66909743251148
-34.48789092260434 25.80035896271751 21.95827007902326
-34.52966019591007 25.80158706639805 25.30908371135897
-33.05843486047994 26.36349505309849 24.46886701622381
-35.86005669748787 26.38164175545471 21.05179112004766
-34.45288424916556 25.80000207972439 20.22611168030355
-34.41757371626359 25.80026288324614 18.47829928116296
-35.85951977283474 29.21889182462508 -21.05318282636331
-34.46754920594967 29.79992300486057 -20.20193181504362
-34.4272456831911 29.79987055607771 -18.47674761428004
-35.8692760909946 29.20913284594857 22.7936020779262
-34.45053465330625 29.79999992853646 21.88734978073387
-34.43279758179838 29.79992601783366 20.16809298386857
-34.48199950332986 29.79974399156158 23.62812871428202
-33.10619421741776 29.28127850814711 22.73534594020821
-33.03669557341031 29.21512211408839 24.38069501092526
-33.07297934692306 26.34954692561271 21.14711261834701
-32.45001153296819 27.79320796497712 23.57893834295245
-33.04362316203449 26.37799290099025 19.37312665329623
-33.02421041176763 26.39745800416238 17.62926719093382
-32.45012065567114 27.7780316562585 18.51487172249439
-32.45038615420338 27.76070028373608 16.7674148703238
-33.00436178136496 29.18207457860337 17.64645786265294
-33.02073892740152 29.19900421241489 15.91598900732698
-32.45021850360988 27.77043707227455 15.03223822528597
-33.03349703442874 29.21192044695437 14.17353523620893
-32.45021207414624 27.82912475938943 13.28361188470457
-33.05453606415721 29.23271783815312 12.42505453202312
-32.45036298348502 27.83810252200385 11.53384251936853
-33.02821603657559 26.39339758234632 12.36793885817262
-33.06530642870359 29.24312983255506 10.6773269598264
-32.45080409549139 27.85670745450104 9.78831085006599
-34.4744081314431 29.79985105523373 11.54955497861
-33.08371760926521 29.26057263727896 8.926731325350083
-32.45219119493354 27.89359475625756 8.035191933182965
-33.09858910676559 29.27434344629987 7.175616270507867
-32.45334661821953 27.9156515154445 6.283757693469504
-33.04073220607155 26.38085790528361 8.868793843577414
-33.11079824496871 29.28544224368405 5.424590185459842
-32.45105675489499 27.86500694462175 4.521604998191187
-33.11257352379879 29.28704082686254 3.640929843670854
-32.45128393411042 27.87165255023278 2.781737254171951
-33.01637231704917 26.40547080823777 5.367591276728959
-33.15975399894514 29.32815747119266 1.889053126888101
-32.4543194314625 27.93137377349316 1.022578941221674
-33.15284312369131 29.32229564744995 0.1589457276378816
-32.45550921762113 27.94834594367798 -0.7175675992131687
-33.15616338295644 29.3251186210906 -1.609239019524335
-32.46048371438238 28.00451148931604 -2.477569143723645
-32.94153586932529 26.48678411277209 -1.613787737181532
-32.98214115036937 26.44154852955248 1.871002303899481
-32.92161533486117 26.51002313378556 -3.390960171894452
-32.461427523809 28.01349357586488 -4.227073097439288
-32.9196994158496 26.51229657057654 -5.156789250406074
-32.46246284542583 28.02292612944019 -5.992317436197229
-33.19587402127922 29.35793710704176 -5.099833490657204
-33.18991812939291 29.35312384546994 -6.833853612495528
-32.46409176656729 28.03699892063928 -7.741539192310572
-34.547477750538 29.79762310963556 -0.7665171751408657
-34.63003676828433 29.79188020775993 -5.960406515076819
-33.22340610948574 29.37970485463364 -8.586578863498474
-32.46507492588759 28.04509681793085 -9.488193395654786
-33.20335855337281 29.36393257640835 -10.37047341309193
-32.46597658967565 28.05229171069405 -11.23377831500762
-32.83893187470449 26.61490106081525 -8.618592864830699
-33.25629372253644 29.40470100739797 -12.10771493976463
-32.47662065581721 28.12522909456669 -12.98315583128982
-32.81548396059145 26.64745615401575 -12.12139198412223
-33.27180852850206 29.4161264976757 -13.84109403236433
-32.48122592500602 28.15203500057748 -14.73223714197345
-33.21247120918773 29.37115323629196 -15.62981123130695
-32.47428043988381 28.11069634657377 -16.51098770004619
-33.05554808287 29.23370284606416 -19.37428472318059
-32.79403723317665 26.67848882533665 -15.62438656210686
-32.84141716565711 26.61152986362409 -17.42514286644004
-34.10233225451624 25.83045001618384 -16.53885629194625
-32.45046972182575 27.75665641149622 20.25227929393048
-34.32704023995313 25.80378335408974 -2.532048672616909
-35.88584027539909 26.40774905152057 -22.77755484856974
-35.83995649434424 26.36193847703575 17.56044944718477
-35.8071563203637 29.26905640534898 -17.52903004437229
-35.827859693135 29.2496560509424 19.28356505017317
-33.08939437726031 29.26586231937694 -21.0921976954525
-32.45215785118867 27.89288029087455 -20.26305127466248
-32.45226670642761 27.89519289759419 -21.97903267000167
-34.53373886983534 25.8017538185502 -23.64469105541199
-34.50604396117413 25.80078538560366 -25.27739495906688
-33.14364107150072 26.28559373022619 -24.48946492820497
-32.98975675065171 26.43336557458377 -21.13020657334325
-32.9600205218805 26.46584815152745 -19.40855390104779
-34.47948790144986 25.80021739589822 -21.92383118435382
-33.0841681362721 26.33900605065402 -26.1942316943975
-32.46572919087026 27.54966151707015 -25.31129172890105
-32.45837539575424 27.61715734698135 -23.64602598085791
-32.96778112344218 29.14276848413108 -26.20106132378144
-33.07778368118477 29.25499909772383 -22.79353821488109
-32.80477134316856 26.66280051585458 -13.8720735716742
-34.20126025313452 25.81552814624916 -13.03339206794452
-34.17258854261176 25.81933271766565 -14.79494779803183
-35.78801613970626 26.31348972089475 -12.23531666619647
-34.34441218544105 25.80278914147338 -11.14997883860562
-34.53270475967111 25.8017107509853 -9.435947176391622
-32.93403442372954 26.49545089338769 -10.38401101672721
-35.8747865013739 29.20356098032923 3.503030303030229
-35.87478650137391 29.20356098032921 -10.50909090909095
-35.8747865013739 29.20356098032923 -1.751515151515221
-35.87802870934273 29.20026212020926 -14.00404496624444
-35.8853097083046 26.40720208169076 14.01353106692809
-34.46275035851596 25.80004064332354 14.95056547517981
-35.89673207889194 26.41907049712703 8.757927570526526
-35.84420130466123 26.36605344517972 -19.27318217773165
-34.40670462685696 25.80046867724849 -20.19356343651119
-34.28072618396667 25.80717628095069 -18.42454856291941
-35.70309511346632 26.24123361705263 -15.76152054483028
-35.88471366284478 26.40658810624909 12.25446438081538
-34.48257815712853 25.80026535168335 13.12863646395393
-34.47555175268838 25.80016322967735 11.39492599992184
-33.03314081600834 26.38843701779252 10.63791350057293
-33.00305627040566 29.18070773279055 19.36683711083408
-34.45474304360176 29.79999437587644 13.29421313213577
-34.4416331970547 29.79998249907555 15.04551183262094
-34.43266138492086 29.79992484169459 16.74441812613127
-35.86081614973071 29.21760283283402 15.78861073664066
-35.87834496999324 26.40006048462978 5.246404130642212
-35.87532717666902 26.39698808292705 1.751146660343576
-34.46750819087097 25.80007663565515 0.886931998622515
-34.46715817090842 25.80007360206155 2.65544595888209
-33.03196650170882 26.38961671956732 3.614255661556818
-33.0119654548707 26.41001559468648 0.147454142217466
-35.87035236015943 29.20804800095365 10.56211947812938
-35.87766031724342 29.20063771852982 7.0317366095708
-35.84369087412519 26.36555733911035 -1.735961530701516
-35.845141735029 26.36696840956653 -5.257767817714509
-34.38060339940755 25.80120433464894 -4.35953518037892
-34.27424695137316 25.80773724978396 -6.117470872299037
-35.87478650136732 29.2035609803359 -7.006060606060654
-33.18935581272451 29.35266745734189 -3.34069664539231
-33.00656469922227 26.41562485847633 7.114428489450248
-33.01634774925511 26.40549606528555 14.13474870601821
-33.02741823219923 26.39420445514974 15.88297361251362
-33.07716696016898 26.34558278174785 -22.80349305359891
-33.05782437888766 26.36408668786014 22.80117416039709
-33.69234017793455 25.94906737182907 -27.62793817717604
-35.8240910450883 26.34677125000634 -26.29084180549953
-35.92755554850727 29.14789821614074 26.40158694948718
-34.57001839161411 29.7963956485813 26.19168394869128
-33.66462507702308 29.63934396738593 27.54283095783966
-32.95564435393422 29.12924836019132 21.06829638016184
-34.41643138811192 25.80028173276936 -0.8149301172058898
-32.45174710804748 27.8835785845978 -18.5381947162829
-33.07441867393359 26.3481818242709 26.16620151453483
-32.45039043662482 27.7604829902635 25.23165527898488
-32.98241067542539 29.15874264465153 26.0484923030123
-32.45001043968783 27.79353790727914 21.93097819702046
-32.60224093497743 28.56536686473019 -27.61640347223828
-34.4887288101479 25.800375015343 9.671159774849286
-34.47164671284353 25.80011714847517 7.893389304738371
-34.45300176996054 25.80000225265699 6.15054948544973
-35.21536686473017 25.95224093497743 27.59065502342415
-35.21536686473019 29.64775906502257 -27.59065502342507
-34.38542286226424 29.79895717645023 18.46611697421249
-34.15884247015178 25.82130667034715 -7.845451211611806
-33.05023639698165 29.2285173627454 -17.66389912752009
-34.45274316482896 29.7999981187608 -16.74674170251379
-32.88104874999055 26.55968069631494 -6.921258765296297
-34.47379617339435 25.80014156947753 16.74574853639154
-32.60232103064313 27.03443979583817 27.60552544230512
-35.86476176967809 29.213665142478 12.3154852360249
-34.45948340989386 25.80002248389219 4.418108419838745
-34.48279881832024 29.7997310412945 9.789195418763263
-34.49739903097742 29.79943825407598 8.021947752882653
-34.50669703330274 29.79919620008009 6.262692340613683
-34.58258446076756 29.79560050129353 0.9652887889259851
-34.49794657385737 29.79942519891476 2.692829702959109
-34.51302364574109 29.79900675838715 4.509222683294404
-35.90135230745122 29.17607284678393 0.05337789752078947
-34.61156662225452 29.79346337477599 -4.282846311085287
-34.53443884102487 29.79821672551462 -2.567933577482041
-35.85009550622068 26.371807935374 -8.674054085909674
-35.92099059323091 29.15505965722037 -5.148577971921863
-34.58001841975178 29.79576932798489 -7.732505448606126
-34.60671186719987 29.79385089479598 -9.535546202754698
-34.63899169477926 29.79105051148997 -13.0266265250926
-34.61674982627691 29.79303650128055 -11.35006445416562
-34.60054874530934 29.79432571945652 -14.73967932540241
-32.45012160329151 27.82205444124607 -26.58556348210498
-32.45006844977101 27.78345326622393 26.57186034845337
-34.44999999999999 25.8 -26.61781340500885
-34.45477719326975 29.79999429459798 -26.6168465982062
-34.19475270161859 29.78364533540373 24.88730675698324
-34.45469794638613 25.80000551768267 26.63293817707186
-36.11045268865623 26.68514715377576 -27.73873628537761
-36.1207798735996 28.8993155206648 27.75381699773364
-36.14023497982178 26.73083878063836 27.70126996786276
-36.12936594368268 28.88615377695739 -27.51985224059425
2 10 0 14
2288
2289
2290
2291
2292
2293
2294
2295
2296
2297
2298
2299
2300
2301
-0.02119636045924977 -48.75 22.54816275073982
7.104080172356472 -48.75 9.069648602189226
-7.117071386331268 -48.75 9.121418901001672
7.100547445613266 -48.75 22.65466705478135
3.607590102380922 -48.75 15.91797988409045
-3.665122380838888 -48.75 15.89641030782423
-7.103594816088391 -48.75 22.65312997030988
-11.52516794463936 -48.75 15.81013702559083
11.51465782136679 -48.75 15.80604222015158
-0.0117539154054711 -48.75 9.200909615850932
-13.19519351460847 -48.75 23.38330645218184
13.19519351460845 -48.75 8.11669354781818
-13.19519351460848 -48.75 8.116693547818159
13.19519351460845 -48.75 23.38330645218183
2 11 0 32
2302
2303
2304
2305
2306
2307
2308
2309
2310
2311
2312
2313
2314
2315
2316
2317
2318
2319
2320
2321
2322
2323
2324
2325
2326
2327
2328
2329
2330
2331
2332
2333
-18.2 40.44546441375288 15.75000000000001
-18.2 -40.44546441375287 15.75000000000001
-18.2 26.59090909090911 10.27613426081661
-18.2 -26.59090909090908 21.22386573918339
-18.2 8.863636363636381 10.27613426081661
-18.2 -8.86363636363636 21.22386573918338
-18.2 17.72727272727275 21.22386573918338
-18.2 -17.72727272727273 10.27613426081662
-18.2 -8.86363636363636 10.2761342608166
-18.2 2.842170943040401e-14 21.22386573918338
-18.2 -7.105427357601002e-15 10.27613426081664
-18.2 26.59090909090911 21.22386573918339
-18.2 17.72727272727276 10.2761342608166
-18.2 -17.72727272727272 21.22386573918337
-18.2 8.863636363636388 21.22386573918338
-18.2 -26.59090909090908 10.27613426081653
-18.2 -35.206438732777 9.32950582265104
-18.2 -35.20643873277702 22.17049417734896
-18.2 35.20643873277703 9.329505822651051
-18.2 35.20643873277703 22.17049417734896
-18.2 22.15909090909094 15.75
-18.2 13.29545454545457 15.74999999999999
-18.2 -13.29545454545451 15.74999999999999
-18.2 -22.15909090909098 15.74999999999996
-18.2 4.431818181818201 15.75
-18.2 -4.431818181818166 15.75000000000001
-18.2 -31.03320849503601 15.74999999999998
-18.2 31.03320849503602 15.75000000000001
-18.2 42.32268700802763 9.000900675089653
-18.2 -42.32268700802764 9.000900675089667
-18.2 42.32268700802763 22.49909932491036
-18.2 -42.32268700802763 22.49909932491034
2 12 0 32
2334
2335
2336
2337
2338
2339
2340
2341
2342
2343
2344
2345
2346
2347
2348
2349
2350
2351
2352
2353
2354
2355
2356
2357
2358
2359
2360
2361
2362
2363
2364
2365
18.2 -40.44546441375289 15.75000000000001
18.2 40.44546441375286 15.75
18.2 -26.24200799821275 8.912369645425603
18.2 -9.128271823045324 21.37665309291025
18.2 26.59090909090908 21.22386573918339
18.2 8.86363636363636 21.22386573918338
18.2 -0.1890253281492562 9.333176238185679
18.2 17.72727272727273 10.27613426081662
18.2 -26.24200799821275 21.78732123022349
18.2 8.852155233403764 9.951334997824784
18.2 -17.44859299564923 21.49602690037142
18.2 -13.2931138334188 14.64872130354134
18.2 -0.3087413693104395 21.76916240547028
18.2 17.72727272727272 21.22386573918337
18.2 26.59090909090908 10.27613426081653
18.2 35.20643873277702 9.329505822651029
18.2 35.206438732777 22.17049417734895
18.2 -35.14828855066097 9.102211720085879
18.2 -35.14828855066097 22.26440342585564
18.2 -21.98724608794132 15.10663456546951
18.2 -4.558495089290339 15.15384689222713
18.2 13.2954545454545 15.74999999999999
18.2 22.15909090909098 15.74999999999996
18.2 4.325830725957431 15.53023104548187
18.2 -8.882669497964955 8.294937243507761
18.2 -17.68441103581414 8.376189136249494
18.2 31.03320849503599 15.74999999999998
18.2 -30.94403443134732 15.68157974919566
18.2 -42.32268700802763 9.000900675089653
18.2 -42.32268700802763 22.49909932491036
18.2 42.32268700802764 9.00090067508966
18.2 42.32268700802764 22.49909932491035
2 13 0 14
2366
2367
2368
2369
2370
2371
2372
2373
2374
2375
2376
2377
2378
2379
-0.0211963604592178 48.75 8.95183724926018
-7.11707138633124 48.75 22.37858109899833
7.104080172356504 48.75 22.43035139781078
7.100547445613296 48.75 8.845332945218658
3.607590102380955 48.75 15.58202011590956
-3.665122380838856 48.75 15.60358969217578
-7.103594816088357 48.75 8.846870029690127
-11.52516794463933 48.75 15.68986297440918
11.51465782136682 48.75 15.69395777984844
-0.01175391540543202 48.75 22.29909038414907
-13.19519351460847 48.75 8.116693547818173
-13.19519351460845 48.75 23.38330645218183
13.19519351460847 48.75 23.38330645218184
13.19519351460848 48.75 8.116693547818173
2 14 0 245
2380
2381
2382
2383
2384
2385
2386
2387
2388
2389
2390
2391
2392
2393
2394
2395
2396
2397
2398
2399
2400
2401
2402
2403
2404
2405
2406
2407
2408
2409
2410
2411
2412
2413
2414
2415
2416
2417
2418
2419
2420
2421
2422
2423
2424
2425
2426
2427
2428
2429
2430
2431
2432
2433
2434
2435
2436
2437
2438
2439
2440
2441
2442
2443
2444
2445
2446
2447
2448
2449
2450
2451
2452
2453
2454
2455
2456
2457
2458
2459
2460
2461
2462
2463
2464
2465
2466
2467
2468
2469
2470
2471
2472
2473
2474
2475
2476
2477
2478
2479
2480
2481
2482
2483
2484
2485
2486
2487
2488
2489
2490
2491
2492
2493
2494
2495
2496
2497
2498
2499
2500
2501
2502
2503
2504
2505
2506
2507
2508
2509
2510
2511
2512
2513
2514
2515
2516
2517
2518
2519
2520
2521
2522
2523
2524
2525
2526
2527
2528
2529
2530
2531
2532
2533
2534
2535
2536
2537
2538
2539
2540
2541
2542
2543
2544
2545
2546
2547
2548
2549
2550
2551
2552
2553
2554
2555
2556
2557
2558
2559
2560
2561
2562
2563
2564
2565
2566
2567
2568
2569
2570
2571
2572
2573
2574
2575
2576
2577
2578
2579
2580
2581
2582
2583
2584
2585
2586
2587
2588
2589
2590
2591
2592
2593
2594
2595
2596
2597
2598
2599
2600
2601
2602
2603
2604
2605
2606
2607
2608
2609
2610
2611
2612
2613
2614
2615
2616
2617
2618
2619
2620
2621
2622
2623
2624
32.99816422548617 29.17556275169177 -12.26060606060609
32.92536847864616 26.50558942985841 -3.447041437831341
33.13794928049558 26.29052230574681 -21.07034726941385
32.99816422548674 26.42443724830763 1.751515151515079
33.09422184947019 29.27032840091795 10.51930180818403
33.01868762431403 26.40309453318839 15.83698925085692
33.02886873950052 26.39273814077438 21.04723109821243
36.29775906502257 27.03463313526983 27.58311655390543
33.02521349862566 29.20356098032877 22.76969696969696
36.29775906502258 27.03463313526983 -27.58311655390543
33.02521349862565 29.20356098032877 -22.76969696969698
33.14272440234294 29.31361504741806 7.019970686723887
33.05982197487416 29.23784736966662 14.01538151595353
33.02542799176008 29.20377868388834 -8.756060093781048
33.32420486511339 29.45305333073849 -15.59035222780268
33.01559133194494 26.40627413993694 12.33351206973746
32.96115127710389 26.46458640102378 5.325997119250751
33.02521349862202 26.39643901967492 -17.51515151515153
33.02521349862202 26.39643901967492 -7.006060606060654
33.02942874144656 29.20782715536102 19.26780518880737
32.98791908079723 26.43533176716713 8.830000792167191
33.02521349863844 26.39643901965826 -14.01212121212124
33.02521349858728 29.20356098028982 3.503030303030229
33.02521349861221 29.20356098031512 -7.460698725481052e-14
33.02521349863268 29.2035609803359 -3.503030303030364
33.04402321622261 29.22240264464003 -19.29020478296456
33.02521349863849 26.39643901965821 -10.50909090909095
35.21536686473017 29.64775906502258 27.58311655390543
35.21536686473018 29.64775906502258 -27.58311655390543
33.19325073610877 26.24417825966185 24.56961477115755
33.15531984418599 26.2755973976205 -24.54394983070462
33.68463313526983 25.95224093497743 27.5831165539054
33.68463313526983 25.95224093497743 -27.5831165539054
33.02521349862456 29.20356098032765 26.27272727272727
33.02521349862456 29.20356098032765 -26.27272727272728
33.02039937046116 29.19865722749433 -24.51019095747747
34.37676750334256 29.79865880065441 -23.64459153332638
34.395035386353 29.79924458014687 -21.93367127712382
34.37677836361691 29.79865919855422 -25.2891055886254
35.74404625143847 29.32494075266485 -24.47658252225771
33.01358963263603 29.19166276681146 24.54791594141722
34.3850191573617 29.79894409378802 23.66483342750275
34.41555325975071 29.7997033335188 21.92303809569066
34.38465522748975 29.79893223014328 25.3235546506727
35.75551887010957 29.31513051576023 24.52282707108765
33.04048022716525 29.21889182462508 -21.0531828263633
34.43387988604371 29.79993503442638 -20.20482509474358
34.45982242191783 29.79997587986147 -18.46590685215223
33.06314364914042 29.24105151263945 21.05216740645916
34.43107759130864 29.79991048360903 20.15055359077309
34.42751991168915 29.79987365741677 18.38824948308345
35.79048577041758 29.28428363169173 21.05767310299078
35.8449711405977 29.2331976545123 19.32699097335951
35.86718547476712 29.21123539145994 17.56951842698111
34.49956623827317 29.79938570266556 16.62969611391175
35.91778933470835 29.1585265801288 15.82292531544875
35.73552958004828 29.3321271810202 22.79917612271075
36.43499279276384 28.04454777176579 23.72070313389268
36.44052932246207 27.99440426028954 25.3419564578876
36.08585627165089 26.64935919657764 24.63861088781481
36.03367293935225 26.57853365942265 22.95427671392446
36.44756688772488 27.89862316697982 20.25801047244594
36.44999961710257 27.79876242592881 18.53706931114537
35.91520351067697 26.43868494744974 19.48405617463305
35.83931828313123 26.36132188862231 17.75054993903981
34.47625572276363 25.80017234817043 18.67382597519567
36.44937714038776 27.75008957528867 16.78065182017712
36.44743667257358 27.69877382226822 15.02206449021966
35.9341282381784 29.1406578134041 14.06448858038009
36.44254525937948 27.62747930754722 13.27495458615777
35.98333549823381 29.08408810050405 12.33258512565413
36.43282506920566 27.53845699219898 11.53040623309022
35.78072529856308 26.30695941791115 14.22135447248125
36.0156387514861 29.04449801118566 10.56626608699332
36.42123133015944 27.46199549855383 9.781663943334152
36.06246158493976 28.98320228071686 8.84009876253603
36.40369992181817 27.37214883956255 8.036563317329289
35.6483977788624 26.19879958667952 10.72818017495465
36.10222408765015 28.9270117852927 7.067071576641588
36.38471906085223 27.29318429821575 6.285574505651184
36.17140034101681 28.818224369158 5.342005197114226
36.34980107188001 27.17489529894298 4.537084218043724
35.47111324820332 26.08031173338198 7.232675213954266
36.27075737739475 28.6275521570648 3.586920647166842
36.34156241444661 27.1503911698161 2.813931497315235
36.33653124606212 28.46407820144266 1.803070880527159
35.51428038753458 26.10668748994485 3.711368088363606
36.32472585371791 27.10329132817105 1.00427810138136
36.36350948936699 28.38179157273246 0.09474060843870191
36.23898997533747 26.90584404708012 -0.7710712351006315
36.39802348610045 28.25299503043748 -1.679736061004931
36.18127439205601 26.79865641290759 -2.475522808200587
35.1896081777125 25.94178049104504 -1.540924563163927
36.41200975218923 28.18796614841295 -3.39877169091076
36.13183041828876 26.71766620485237 -4.214627102089135
36.42832702937164 28.09363610959414 -5.165561472530893
36.06102766246928 26.61484605609281 -5.96796191412464
36.43736540799704 28.02445207750606 -6.898494772452594
35.60466192179115 29.43302046722188 -6.104164177838587
36.01551762516706 26.55534962126254 -7.706768137053736
36.44415182500534 27.95283487438365 -8.654601020841945
35.97344195337535 26.50418959153127 -9.459630371715409
36.44890918465194 27.86604598030255 -10.40910252406578
35.91420430672615 26.43761028036592 -11.20987022899025
36.44993829902203 27.81570987284746 -12.1541044571379
35.872131740933 26.39374920038036 -12.95370385618919
36.44879885487022 27.73069532649586 -13.90285833034978
35.80910028042474 26.33274186737664 -14.70611467664015
36.4469078625047 27.68882901157718 -15.63150859709761
35.84123805975609 29.23682172209572 -19.36714836841726
35.86519146198832 29.21323498609232 -17.63087920397441
36.449224063782 27.85570585961072 -18.54978770768915
36.44831264483422 27.88213752793754 -20.26861392788949
35.93435826865255 26.45959687769582 -19.43347363219515
35.69664725581924 26.23607205423064 -16.54997915113493
35.92280908966728 29.15308291889059 -14.73557528245644
35.63530043635381 29.41091988490411 -11.18704189065961
34.87224756941117 25.84508133414038 -5.010432922177575
34.69034316600368 25.81449372638732 -8.508596163474316
35.45865006596424 29.52702780650178 -2.608702518325476
35.96387822809658 26.49302918529327 -21.16233689752217
36.44626467542848 27.92217751690243 -21.99411265575207
36.00214119699737 26.53870792257163 -22.88072138976553
34.50639670191516 25.80079530512429 -12.00676265450086
35.29528502299859 29.61259295758708 0.8894322076466281
35.25145164874573 29.63239604199604 4.14285734123267
34.28616216894136 25.80672200505951 -15.31730784132611
34.73779188493809 29.77918564843316 7.895017623355272
34.56337073918289 25.80321581649465 -22.02023702241666
34.62260931984164 29.79253758376193 11.39134905165178
34.39098186071492 25.80087097484046 16.85217025077319
35.80852893453442 26.332212844438 15.98248856540608
35.96982042030287 26.49994388966075 21.21125290833375
33.01723745050496 26.40458197060362 22.78798634471923
33.10049478855495 26.32391203369086 -22.81246784823868
35.82431815198111 29.25301397692357 -21.10455949346662
34.51528685622636 29.79893412257735 14.88669933149841
33.09284367963632 29.26905640534899 -17.52903004437229
34.6283695493312 25.80796980347401 23.79274222688137
34.57102156178115 25.8036649124999 25.39520701859576
35.77132921747476 29.30136241429162 -22.80160240316152
34.60469439458092 25.8059915636374 -20.23061321265454
33.08268199244876 26.34039681206634 -19.26713118273078
34.68159875839434 25.81345475382256 -18.22161970597088
33.02831771924274 29.20670519035825 17.52106740921629
33.07500745217295 29.25237580998172 15.77669589483828
34.48990880965883 29.79960178208353 13.1330528233509
35.8748913082329 29.2034545805698 -13.06274633071323
34.55903903427072 29.79702541020522 -14.0455130837326
33.08878831840438 29.26529954544714 12.26034870129636
34.54611390882729 29.7976891941766 9.636485864236491
33.1297522806747 29.30231353572293 8.758777747610523
34.62069190246633 29.79270275616621 6.017311025593678
33.08208992981405 29.25904833363527 5.263214449471448
33.02521349862609 29.20356098032921 -10.50909090909095
34.41998342449013 29.79977473861299 -9.633333333333386
34.41998336863028 29.79977473777454 -7.881818272968523
33.0220240838563 26.39968404175574 14.09843318050277
32.9758917368199 26.44833257477138 0.0507469838724468
34.053588734249 25.83967908025607 0.946073940790388
32.99711101798455 26.42554970772381 3.5034260120919
32.89872017768503 26.53764865711703 -1.662573282797588
33.24450440193539 26.20413648357798 -5.257156285617519
33.04591187679683 26.37573298069506 19.30960648814658
32.96161363459341 26.46407109946983 7.096490250776931
32.99627233714532 26.42643679349981 10.59884122590057
33.02165503000706 29.19993951537053 1.759656475418318
34.27546407998465 29.79236974796959 2.575278100781858
33.04991270234756 26.37179988833768 -8.804860173598609
34.64811993912553 25.80983706955413 -6.606584184034507
33.02165503000708 29.19993951537055 -1.743373827611848
34.41743985699606 29.79973494170792 -0.8757744512177723
33.02165503000712 29.19993951537059 -5.246404130642055
34.42569936276215 29.79985236430839 -4.376332414184837
33.02695115721153 29.20532273554453 -6.993789983723605
34.60373404297853 25.8059172925805 -10.26721429426155
35.04035579428443 25.88911537863878 -3.270855353271983
35.48681249052228 26.08973105638412 5.474403967751535
35.58221171806468 26.15133489590001 8.972733307921601
35.74351962443721 26.27461251440959 12.47046616004711
34.51391311906543 25.80102148255382 20.37086772800595
34.55326023912673 25.80266744806593 22.06661174122245
36.43865274662302 28.01274457301826 -23.67207213365884
36.03978705479033 26.58650211354898 -24.5506930065622
34.63821322465584 25.80887574921487 -23.72651998661998
34.53867110726145 25.8019666082027 -25.34742784328347
35.83829183053729 29.23966864009168 -26.19434197939626
36.43354331320663 28.05603891234196 -25.33224188046315
34.63727081635709 29.79121310796734 -16.76491422523778
33.02442097243014 26.39724398552245 26.20395120807311
32.98237025747233 26.44130101242102 -26.17268754075297
35.83891840805305 29.23906415971331 26.21870160961624
33.68463313526982 29.64775906502257 27.59065502342511
33.68463313526981 29.64775906502257 -27.59065502342507
35.9406235720524 26.46656782458133 -26.1883233488871
36.44447244135132 27.94859233052244 21.97266210285336
36.29960859834845 28.56088634691095 27.61474344506727
36.29847550507694 28.56363493053326 -27.60836507244466
35.2504536169129 25.96716776349523 27.599850762812
35.94457343627076 26.4709965223545 26.21866161748669
35.22287132748171 25.95536726930354 -27.61024070534527
34.39090584494067 25.80087322041902 15.11065861374363
33.11821796231501 29.29209805445206 -13.7462133467774
34.20557135803649 25.81499253427402 2.714967045503307
33.039281840611 26.38229965268746 17.5970773931484
33.02289575352778 26.39879570736421 -12.30673053908929
34.36634327765727 29.79824962224615 -12.46785434596336
34.36090455936014 25.8019854849233 13.34055550373557
34.37429353101347 25.80143338100688 -13.57982114191709
34.32169109594205 25.80412003739217 11.61502424513635
36.10647361999222 26.67924349376419 -17.97702189624766
32.97581765764139 26.44841336885937 -15.82495392470553
35.76142367073683 29.31002250176319 -9.318404683029854
34.26820209859906 25.8082797578359 9.863624937436917
35.90502764958803 29.17218604384914 -7.798751250600969
36.44857152252994 27.8755769100478 -17.07699401746099
34.22628151341037 25.81255187771906 8.132026224671087
34.13775189888658 29.77547491083817 -6.116866612096814
34.18743764308487 25.81730965384628 6.375931373136673
35.81370157126636 29.26298257833976 -4.340864541097368
35.99983845547049 29.06412054881837 -16.218210177399
34.17650055839292 25.81878874033065 4.555174646707101
36.45 27.80000000000001 -26.59168187569702
35.42930901904974 26.05616691016375 1.899694614280527
34.05835329524608 29.76127837357561 -2.619957660242562
35.3454534578659 26.01165911952 0.09385593731103725
34.12334157103445 25.82685675360714 -16.79002184008357
34.11710594696542 29.77210079596714 -11.11575153052305
34.44522280673027 29.79999429459798 -26.6168465982062
35.72179296035738 29.3435487248498 -0.8426223710713749
36.44999984618463 27.79921561396305 26.63694266072693
34.45000000000003 25.8 -26.64590771845177
34.44877406545085 29.79999962427108 26.63030214959804
33.95348544188435 29.73738826608897 0.8828114064671624
34.90096351990398 29.7484947789809 -15.46892744124266
32.76801940806382 26.71789959414572 -27.71759405313109
32.76010170181133 26.73030670667756 27.69020201633154
34.44625744731167 25.80000350167822 26.66581025794876
32.77063405631733 28.88615377695739 -27.51985224059425
32.77389541801727 28.89117983405875 27.73220563727536
34.02095057780745 25.84656287705075 -0.6955696550758397
35.63284086757894 29.41272672266107 2.495864297402417
33.90922238049096 25.87449758082776 -2.401117182614346
33.97016332743767 25.85841385262865 -4.088972445667128
33.86533123697532 29.71263233203436 4.341721575384256
2 15 0 49
2625
2626
2627
2628
2629
2630
2631
2632
2633
2634
2635
2636
2637
2638
2639
2640
2641
2642
2643
2644
2645
2646
2647
2648
2649
2650
2651
2652
2653
2654
2655
2656
2657
2658
2659
2660
2661
2662
2663
2664
2665
2666
2667
2668
2669
2670
2671
2672
2673
-1.846383560399996e-14 -42.44533506044929 2.6
1.676574990240756e-14 42.44533506044929 2.6
10.54055332044143 -17.73482461130165 2.6
10.48720745621276 17.80651300619991 2.6
-10.58018086283151 0.03910619699643344 2.6
-10.22752351338364 25.73361506487087 2.6
-10.2432750242677 -25.6539575155583 2.6
10.52386573918339 -1.76937424253195e-14 2.6
10.59802491712689 -35.92695724677755 2.6
10.5980249171269 35.92695724677753 2.6
10.59980329525471 -26.67090303695261 2.6
2.718154381049417 -30.8474262361572 2.6
3.095418518822033 -21.79515881230727 2.6
2.895001339304938 -13.2751547240672 2.6
-4.520526461504859 -18.10763516313403 2.6
-4.829177956569809 -8.959658411670429 2.6
10.59779825106698 26.72114756816962 2.6
2.733988976126466 30.88083090339653 2.6
3.087014724009046 21.94975845368536 2.6
2.745390895064333 13.47143452118481 2.6
-4.632486420926784 18.34491033982478 2.6
-5.067045483609406 9.335341891446085 2.6
3.025718337989733 4.51528633043101 2.6
3.164522965482296 -4.449901517080674 2.6
10.58732389406867 -8.864525596620382 2.6
10.53036373807503 8.920084430848068 2.6
-10.74135671817873 35.80235495651288 2.6
-10.74360693401931 -35.79097530661106 2.6
7.003169697757539 42.73215511691551 2.6
7.003169697757514 -42.73215511691552 2.6
-7.027058331266155 42.70890106756898 2.6
-7.027433367239608 -42.707004459252 2.6
-5.018977342469392 30.85342888400306 2.6
-5.061332624738252 -30.79288276853174 2.6
-11.37361608551613 -16.17323881809076 2.6
-11.67170680104583 16.69970281664026 2.6
-12.63659498098349 -8.56421275200749 2.6
-2.85723259990774 0.09603489802448505 2.6
-12.74378662949735 8.760284726471108 2.6
3.339036718202188 37.85451675183864 2.6
3.335869799186761 -37.84783581839078 2.6
-2.796391457626837 -36.73857660823201 2.6
-2.785727782930935 36.75756127062823 2.6
-3.180871660037556 -24.76910166552761 2.6
12.98423892297688 -43.20909520001135 2.6
12.98423892297689 43.20909520001133 2.6
-13.01768300988898 43.1795239320891 2.6
-13.01820806025179 -43.17686868044535 2.6
-3.113685913600421 24.82060539635226 2.6
3 1 0 1928
2674
2675
2676
2677
2678
2679
2680
2681
2682
2683
2684
2685
2686
2687
2688
2689
2690
2691
2692
2693
2694
2695
2696
2697
2698
2699
2700
2701
2702
2703
2704
2705
2706
2707
2708
2709
2710
2711
2712
2713
2714
2715
2716
2717
2718
2719
2720
2721
2722
2723
2724
2725
2726
2727
2728
2729
2730
2731
2732
2733
2734
2735
2736
2737
2738
2739
2740
2741
2742
2743
2744
2745
2746
2747
2748
2749
2750
2751
2752
2753
2754
2755
2756
2757
2758
2759
2760
2761
2762
2763
2764
2765
2766
2767
2768
2769
2770
2771
2772
2773
2774
2775
2776
2777
2778
2779
2780
2781
2782
2783
2784
2785
2786
2787
2788
2789
2790
2791
2792
2793
2794
2795
2796
2797
2798
2799
2800
2801
2802
2803
2804
2805
2806
2807
2808
2809
2810
2811
2812
2813
2814
2815
2816
2817
2818
2819
2820
2821
2822
2823
2824
2825
2826
2827
2828
2829
2830
2831
2832
2833
2834
2835
2836
2837
2838
2839
2840
2841
2842
2843
2844
2845
2846
2847
2848
2849
2850
2851
2852
2853
2854
2855
2856
2857
2858
2859
2860
2861
2862
2863
2864
2865
2866
2867
2868
2869
2870
2871
2872
2873
2874
2875
2876
2877
2878
2879
2880
2881
2882
2883
2884
2885
2886
2887
2888
2889
2890
2891
2892
2893
2894
2895
2896
2897
2898
2899
2900
2901
2902
2903
2904
2905
2906
2907
2908
2909
2910
2911
2912
2913
2914
2915
2916
2917
2918
2919
2920
2921
2922
2923
2924
2925
2926
2927
2928
2929
2930
2931
2932
2933
2934
2935
2936
2937
2938
2939
2940
2941
2942
2943
2944
2945
2946
2947
2948
2949
2950
2951
2952
2953
2954
2955
2956
2957
2958
2959
2960
2961
2962
2963
2964
2965
2966
2967
2968
2969
2970
2971
2972
2973
2974
2975
2976
2977
2978
2979
2980
2981
2982
2983
2984
2985
2986
2987
2988
2989
2990
2991
2992
2993
2994
2995
2996
2997
2998
2999
3000
3001
3002
3003
3004
3005
3006
3007
3008
3009
3010
3011
3012
3013
3014
3015
3016
3017
3018
3019
3020
3021
3022
3023
3024
3025
3026
3027
3028
3029
3030
3031
3032
3033
3034
3035
3036
3037
3038
3039
3040
3041
3042
3043
3044
3045
3046
3047
3048
3049
3050
3051
3052
3053
3054
3055
3056
3057
3058
3059
3060
3061
3062
3063
3064
3065
3066
3067
3068
3069
3070
3071
3072
3073
3074
3075
3076
3077
3078
3079
3080
3081
3082
3083
3084
3085
3086
3087
3088
3089
3090
3091
3092
3093
3094
3095
3096
3097
3098
3099
3100
3101
3102
3103
3104
3105
3106
3107
3108
3109
3110
3111
3112
3113
3114
3115
3116
3117
3118
3119
3120
3121
3122
3123
3124
3125
3126
3127
3128
3129
3130
3131
3132
3133
3134
3135
3136
3137
3138
3139
3140
3141
3142
3143
3144
3145
3146
3147
3148
3149
3150
3151
3152
3153
3154
3155
3156
3157
3158
3159
3160
3161
3162
3163
3164
3165
3166
3167
3168
3169
3170
3171
3172
3173
3174
3175
3176
3177
3178
3179
3180
3181
3182
3183
3184
3185
3186
3187
3188
3189
3190
3191
3192
3193
3194
3195
3196
3197
3198
3199
3200
3201
3202
3203
3204
3205
3206
3207
3208
3209
3210
3211
3212
3213
3214
3215
3216
3217
3218
3219
3220
3221
3222
3223
3224
3225
3226
3227
3228
3229
3230
3231
3232
3233
3234
3235
3236
3237
3238
3239
3240
3241
3242
3243
3244
3245
3246
3247
3248
3249
3250
3251
3252
3253
3254
3255
3256
3257
3258
3259
3260
3261
3262
3263
3264
3265
3266
3267
3268
3269
3270
3271
3272
3273
3274
3275
3276
3277
3278
3279
3280
3281
3282
3283
3284
3285
3286
3287
3288
3289
3290
3291
3292
3293
3294
3295
3296
3297
3298
3299
3300
3301
3302
3303
3304
3305
3306
3307
3308
3309
3310
3311
3312
3313
3314
3315
3316
3317
3318
3319
3320
3321
3322
3323
3324
3325
3326
3327
3328
3329
3330
3331
3332
3333
3334
3335
3336
3337
3338
3339
3340
3341
3342
3343
3344
3345
3346
3347
3348
3349
3350
3351
3352
3353
3354
3355
3356
3357
3358
3359
3360
3361
3362
3363
3364
3365
3366
3367
3368
3369
3370
3371
3372
3373
3374
3375
3376
3377
3378
3379
3380
3381
3382
3383
3384
3385
3386
3387
3388
3389
3390
3391
3392
3393
3394
3395
3396
3397
3398
3399
3400
3401
3402
3403
3404
3405
3406
3407
3408
3409
3410
3411
3412
3413
3414
3415
3416
3417
3418
3419
3420
3421
3422
3423
3424
3425
3426
3427
3428
3429
3430
3431
3432
3433
3434
3435
3436
3437
3438
3439
3440
3441
3442
3443
3444
3445
3446
3447
3448
3449
3450
3451
3452
3453
3454
3455
3456
3457
3458
3459
3460
3461
3462
3463
3464
3465
3466
3467
3468
3469
3470
3471
3472
3473
3474
3475
3476
3477
3478
3479
3480
3481
3482
3483
3484
3485
3486
3487
3488
3489
3490
3491
3492
3493
3494
3495
3496
3497
3498
3499
3500
3501
3502
3503
3504
3505
3506
3507
3508
3509
3510
3511
3512
3513
3514
3515
3516
3517
3518
3519
3520
3521
3522
3523
3524
3525
3526
3527
3528
3529
3530
3531
3532
3533
3534
3535
3536
3537
3538
3539
3540
3541
3542
3543
3544
3545
3546
3547
3548
3549
3550
3551
3552
3553
3554
3555
3556
3557
3558
3559
3560
3561
3562
3563
3564
3565
3566
3567
3568
3569
3570
3571
3572
3573
3574
3575
3576
3577
3578
3579
3580
3581
3582
3583
3584
3585
3586
3587
3588
3589
3590
3591
3592
3593
3594
3595
3596
3597
3598
3599
3600
3601
3602
3603
3604
3605
3606
3607
3608
3609
3610
3611
3612
3613
3614
3615
3616
3617
3618
3619
3620
3621
3622
3623
3624
3625
3626
3627
3628
3629
3630
3631
3632
3633
3634
3635
3636
3637
3638
3639
3640
3641
3642
3643
3644
3645
3646
3647
3648
3649
3650
3651
3652
3653
3654
3655
3656
3657
3658
3659
3660
3661
3662
3663
3664
3665
3666
3667
3668
3669
3670
3671
3672
3673
3674
3675
3676
3677
3678
3679
3680
3681
3682
3683
3684
3685
3686
3687
3688
3689
3690
3691
3692
3693
3694
3695
3696
3697
3698
3699
3700
3701
3702
3703
3704
3705
3706
3707
3708
3709
3710
3711
3712
3713
3714
3715
3716
3717
3718
3719
3720
3721
3722
3723
3724
3725
3726
3727
3728
3729
3730
3731
3732
3733
3734
3735
3736
3737
3738
3739
3740
3741
3742
3743
3744
3745
3746
3747
3748
3749
3750
3751
3752
3753
3754
3755
3756
3757
3758
3759
3760
3761
3762
3763
3764
3765
3766
3767
3768
3769
3770
3771
3772
3773
3774
3775
3776
3777
3778
3779
3780
3781
3782
3783
3784
3785
3786
3787
3788
3789
3790
3791
3792
3793
3794
3795
3796
3797
3798
3799
3800
3801
3802
3803
3804
3805
3806
3807
3808
3809
3810
3811
3812
3813
3814
3815
3816
3817
3818
3819
3820
3821
3822
3823
3824
3825
3826
3827
3828
3829
3830
3831
3832
3833
3834
3835
3836
3837
3838
3839
3840
3841
3842
3843
3844
3845
3846
3847
3848
3849
3850
3851
3852
3853
3854
3855
3856
3857
3858
3859
3860
3861
3862
3863
3864
3865
3866
3867
3868
3869
3870
3871
3872
3873
3874
3875
3876
3877
3878
3879
3880
3881
3882
3883
3884
3885
3886
3887
3888
3889
3890
3891
3892
3893
3894
3895
3896
3897
3898
3899
3900
3901
3902
3903
3904
3905
3906
3907
3908
3909
3910
3911
3912
3913
3914
3915
3916
3917
3918
3919
3920
3921
3922
3923
3924
3925
3926
3927
3928
3929
3930
3931
3932
3933
3934
3935
3936
3937
3938
3939
3940
3941
3942
3943
3944
3945
3946
3947
3948
3949
3950
3951
3952
3953
3954
3955
3956
3957
3958
3959
3960
3961
3962
3963
3964
3965
3966
3967
3968
3969
3970
3971
3972
3973
3974
3975
3976
3977
3978
3979
3980
3981
3982
3983
3984
3985
3986
3987
3988
3989
3990
3991
3992
3993
3994
3995
3996
3997
3998
3999
4000
4001
4002
4003
4004
4005
4006
4007
4008
4009
4010
4011
4012
4013
4014
4015
4016
4017
4018
4019
4020
4021
4022
4023
4024
4025
4026
4027
4028
4029
4030
4031
4032
4033
4034
4035
4036
4037
4038
4039
4040
4041
4042
4043
4044
4045
4046
4047
4048
4049
4050
4051
4052
4053
4054
4055
4056
4057
4058
4059
4060
4061
4062
4063
4064
4065
4066
4067
4068
4069
4070
4071
4072
4073
4074
4075
4076
4077
4078
4079
4080
4081
4082
4083
4084
4085
4086
4087
4088
4089
4090
4091
4092
4093
4094
4095
4096
4097
4098
4099
4100
4101
4102
4103
4104
4105
4106
4107
4108
4109
4110
4111
4112
4113
4114
4115
4116
4117
4118
4119
4120
4121
4122
4123
4124
4125
4126
4127
4128
4129
4130
4131
4132
4133
4134
4135
4136
4137
4138
4139
4140
4141
4142
4143
4144
4145
4146
4147
4148
4149
4150
4151
4152
4153
4154
4155
4156
4157
4158
4159
4160
4161
4162
4163
4164
4165
4166
4167
4168
4169
4170
4171
4172
4173
4174
4175
4176
4177
4178
4179
4180
4181
4182
4183
4184
4185
4186
4187
4188
4189
4190
4191
4192
4193
4194
4195
4196
4197
4198
4199
4200
4201
4202
4203
4204
4205
4206
4207
4208
4209
4210
4211
4212
4213
4214
4215
4216
4217
4218
4219
4220
4221
4222
4223
4224
4225
4226
4227
4228
4229
4230
4231
4232
4233
4234
4235
4236
4237
4238
4239
4240
4241
4242
4243
4244
4245
4246
4247
4248
4249
4250
4251
4252
4253
4254
4255
4256
4257
4258
4259
4260
4261
4262
4263
4264
4265
4266
4267
4268
4269
4270
4271
4272
4273
4274
4275
4276
4277
4278
4279
4280
4281
4282
4283
4284
4285
4286
4287
4288
4289
4290
4291
4292
4293
4294
4295
4296
4297
4298
4299
4300
4301
4302
4303
4304
4305
4306
4307
4308
4309
4310
4311
4312
4313
4314
4315
4316
4317
4318
4319
4320
4321
4322
4323
4324
4325
4326
4327
4328
4329
4330
4331
4332
4333
4334
4335
4336
4337
4338
4339
4340
4341
4342
4343
4344
4345
4346
4347
4348
4349
4350
4351
4352
4353
4354
4355
4356
4357
4358
4359
4360
4361
4362
4363
4364
4365
4366
4367
4368
4369
4370
4371
4372
4373
4374
4375
4376
4377
4378
4379
4380
4381
4382
4383
4384
4385
4386
4387
4388
4389
4390
4391
4392
4393
4394
4395
4396
4397
4398
4399
4400
4401
4402
4403
4404
4405
4406
4407
4408
4409
4410
4411
4412
4413
4414
4415
4416
4417
4418
4419
4420
4421
4422
4423
4424
4425
4426
4427
4428
4429
4430
4431
4432
4433
4434
4435
4436
4437
4438
4439
4440
4441
4442
4443
4444
4445
4446
4447
4448
4449
4450
4451
4452
4453
4454
4455
4456
4457
4458
4459
4460
4461
4462
4463
4464
4465
4466
4467
4468
4469
4470
4471
4472
4473
4474
4475
4476
4477
4478
4479
4480
4481
4482
4483
4484
4485
4486
4487
4488
4489
4490
4491
4492
4493
4494
4495
4496
4497
4498
4499
4500
4501
4502
4503
4504
4505
4506
4507
4508
4509
4510
4511
4512
4513
4514
4515
4516
4517
4518
4519
4520
4521
4522
4523
4524
4525
4526
4527
4528
4529
4530
4531
4532
4533
4534
4535
4536
4537
4538
4539
4540
4541
4542
4543
4544
4545
4546
4547
4548
4549
4550
4551
4552
4553
4554
4555
4556
4557
4558
4559
4560
4561
4562
4563
4564
4565
4566
4567
4568
4569
4570
4571
4572
4573
4574
4575
4576
4577
4578
4579
4580
4581
4582
4583
4584
4585
4586
4587
4588
4589
4590
4591
4592
4593
4594
4595
4596
4597
4598
4599
4600
4601
-24.47935042961768 -16.17021605431735 -13.21256445979702
28.88203166841127 -11.99942313060198 -14.30929480968155
-33.5256494144314 -9.790604291944224 4.554971292150439
-15.39055905079925 25.26018804598505 -15.00313529859771
16.76075346746923 19.2506411468311 -14.14612596173633
29.04787970635847 38.74104069916642 -3.945406895321293
30.18494799247958 -15.54577737133782 -1.37351941817554
-32.40453183111015 -41.43711187464381 -10.89291526041494
-29.63229541935943 16.59886862038263 -10.07944535480321
17.81513116332764 -22.88559025651615 -13.94229591654834
22.92028349186426 35.14394039488355 -16.39872869794865
28.58959185340246 11.7521626691653 -14.4928486249562
-28.27002066241277 -38.03446754570097 1.291364533436503
-19.24996367436303 -25.9685275293624 -18.23858986344566
37.90897849652269 38.71546231726541 -11.66602752316229
24.00030061388665 -33.2797529320974 -4.426019414866472
39.23836167492924 -18.33188134061037 -12.36971185568178
28.52775024286909 -39.5017902100596 -17.67421677411936
24.76333425865923 -24.21614951298249 -21.55170631815069
-21.52328367377396 35.36192792125257 -9.389719752730212
25.10351988476796 24.21867530421455 -4.063572102135134
36.3403664343511 -36.71008197361577 -16.58996604145644
35.49986330518323 17.66602556368271 -17.19395166458601
-27.86063882761008 -22.17114893929737 -1.92277689172152
-29.68460143661035 40.16847830786527 -18.90254759227808
-28.59375953992535 16.80973598231552 1.198936844483111
30.86220041519096 41.08957827937972 7.992812889088953
31.96181261636006 15.86434587281893 2.2736332646323
31.30219534753545 -18.16804617402223 -10.02910333346507
-31.70345164197705 -40.96011699654558 10.46515465395212
-29.56541243809197 17.79560423988404 -20.08826622258032
-23.71049559711351 -31.09357993768882 -8.119267984635938
-29.70686254642656 39.89166326962478 -2.325099601182174
-36.16996391067738 -16.3888734363337 -12.04687966389345
-30.05970083208775 40.67360329551563 7.592658862217627
41.32249348236306 -23.91264596548985 -0.3811077302966638
-40.68617913922194 15.01994614361909 -6.368904270766386
29.7170909542383 39.26656506778622 19.0253544004707
32.55947106417238 -39.03729357940816 17.90495304789805
25.53721979548961 23.86676049005414 -21.13437175631829
30.35899555907033 -38.72098320761946 8.127842014979787
34.84701774853693 -43.08612068638101 -3.180601257784289
23.72029647006387 -30.86501607796544 -16.84776569045557
-26.91814640434289 -35.68998654787266 -19.06602943116382
13.72847594117795 -6.351264268227256 -14.38523552588435
29.57453645028679 -15.43239299397383 9.242822688247067
-16.3181093737728 10.77339606981043 -12.29760978029048
-39.9125617082697 -18.5666772507078 12.08887328818181
-33.77426286822223 -18.22472529515773 -20.39342058112083
-25.02992796771294 24.43104963925812 -21.78665096314442
40.79193596168255 33.38782006137767 1.545962137845404
-0.08215557153264093 -12.1269363601992 -13.42373078105386
-28.42319507540287 15.50782807501719 11.47354947368787
29.22976113339378 15.08355305683399 13.00394512794774
-40.85524870631183 -36.76551010747249 22.24477839298762
-40.71831963876912 18.76310441874937 -20.27417465553762
39.72539902929667 -39.33969211829528 12.85585760236101
29.45662573454327 -15.25185720177851 18.77776159329363
10.17499236039112 7.919890907628054 -13.26938868294296
-29.42282502985743 38.34942286161485 20.95400257699352
31.24533864642854 39.57645732570031 -20.69726892912449
30.54767747384957 -19.00113494220711 -19.74487870365871
-23.49158248976762 22.91748035664277 -6.161203118865844
-38.35503735993535 -37.35842828359016 -6.486937893677247
-27.79510757111326 -15.3225060160025 21.63332700710945
-2.525588873691794 20.3773230446617 -11.35747449715677
-40.65849619319324 38.49764070541001 -18.29957381115038
-30.83948299973639 -2.495710454014444 -13.22260485643661
-26.447698422915 -25.09897968774803 -11.39336283390092
41.87890237047301 38.40683959174352 17.35212537420091
-39.51019847291246 38.60693905511966 12.71370744693473
-36.29266671834009 38.3632100248426 -1.294202053713742
26.3977333553791 32.81386905146873 -3.669460631328307
25.82159049532211 -23.52557464894164 -6.053373508471029
-40.20678071566498 18.18061020655707 9.107826645901092
-40.96551329435179 16.34928725558701 18.94049821297394
31.28810675871847 17.22168809398605 -6.067592298427448
-25.31830208621986 25.50777664738919 -14.15474094925368
38.57008295274184 16.67294030913911 8.483654345297127
-25.85910662031592 31.8794552765779 -20.50848656960245
40.43651607623003 -17.74590756794307 21.9440102449184
-6.160763617326596 -29.82727831158953 -13.62587589839956
-26.29309950828189 -21.17489931094377 8.607549420146229
39.41232278799206 -20.52224121466974 -20.01888840439774
-38.63867153699771 -17.41029741273243 20.62814380688642
-40.36270227491021 -37.13838080825829 9.036150887601591
32.05705618721759 18.92708021427997 -21.83373933733861
38.53594063616906 33.70013404916519 -16.75398154207126
27.63118951210194 23.49665441088069 -12.21724718255881
40.39646693990952 -19.55489946376145 6.365829072968465
-26.36242511204389 -33.86909902341385 8.285503743230581
-31.28489529639133 -37.27470658733222 22.0089646952812
-24.07546104893037 -29.73180363969196 21.03044678671054
39.53523096423618 18.01877205380331 18.77170267486541
-39.52939179578376 -36.42944292899343 2.373176401160227
-31.40237716716509 37.45179810282912 -11.40651041091416
31.57674530095994 34.48357894738298 5.113710330173141
26.39672540865684 32.07583692188617 2.454878810961755
-33.42093946442246 -21.1063025530716 -11.07366232610648
-39.48611422917378 -19.53281356804985 -17.8697297741539
-14.35979701385682 -5.108178687234138 -14.56323605438111
41.34643565417051 19.31821575737023 -9.865477057204883
-32.9868592231467 -36.67737214614208 -22.80552367384503
6.814452860682007 33.04577912333026 -13.16347031020112
-4.81692664178231 3.31655601635126 -15.4598374043475
29.29249277565584 35.95109041934533 -10.67615015991765
-39.51635463371358 -35.32415710215371 -19.5454644581163
28.06759990620204 30.7564072285949 -22.83762265813424
24.52704983222195 30.75614817960187 10.86205370193165
25.5364197891261 25.51877817042983 7.623133157512963
-30.21256330184764 19.17483665121791 20.63143190366189
40.15989709910703 -35.43560997957126 -5.74544900555729
-25.74034343792759 -29.04103014672662 0.02739785501911016
-25.10696339322227 32.93447742042198 -2.947101394732111
21.3676088035383 -13.49234951232152 -20.163510858806
26.73016343048144 -31.10223780890684 -22.63225227793301
31.96739439700171 -35.14084629009534 -22.86245470635056
30.51341488779066 -35.16366994088978 -1.593962055825045
-27.13910223344492 -25.868474432822 -22.89406612909072
25.15548307704182 -23.09622854201239 23.17811040723527
26.32561240329059 -25.44679284163697 -14.17716204274947
25.32746848290484 -29.99029002519254 22.49975439316627
25.54021056994986 -30.60419862837369 11.81888305957118
41.01066120655327 34.85484440374555 7.544496501291655
-29.25705678352724 32.63017385783108 -11.67491676536048
25.97336818041641 -30.6803694416163 2.298098612166632
5.784566030956748 -23.2491914528359 -17.34508169214138
24.05997560428222 -24.41051976236717 4.127781154588996
-38.48937826996264 35.29210686103193 -11.84853889080694
-29.69229366437728 -22.83426488862881 -18.13822997206518
32.62785649628592 -38.77969253607353 -9.145249013506676
-26.80883034382432 25.31407476519261 22.40509302566256
-26.54341444865797 23.85240432478976 11.93604397906287
-26.67372095890496 33.03786709361196 11.96401820026046
41.47455900343769 -34.02813961116598 3.097530060003281
29.81928191983519 -22.50697776323249 -23.78929827723293
-33.1290400507789 -17.80546607731836 -1.361840397022403
-25.15719209337818 -28.96550332802268 7.257099979235836
23.4349076403455 6.110461861936052 -19.01694323409645
-25.52241337330743 26.54534027464855 0.2045487518926866
32.16463962438598 19.62473546406712 -12.53522352921097
-39.57949292677799 35.93547637986139 21.66304730318601
41.50781564473917 30.42525523406406 -13.25593102015658
25.72003864390772 29.74589768672792 17.81356960068171
24.99365436961887 -24.50952919609415 12.5416715562501
36.7358490192292 -18.64748904004987 -5.305226744362074
25.57499369556588 23.61610500667417 22.01638141111001
-36.62756108192563 36.08353692864576 6.113228436760961
39.63864634958396 -37.91057129759427 20.94440588430534
-31.1201328293739 -36.34137923668099 -5.757291643078865
-26.12401592927878 31.44030996582792 3.982629970367872
36.24706135409383 18.23773886233572 0.2142180083969471
-11.93795913715994 -17.94874878239773 -17.08851566458693
-10.88249493715088 36.61475983177315 -14.86497346364952
-26.82196756578353 -23.42072481016349 22.36545706317197
31.84631434151429 18.43427930268269 23.03722512846433
27.18085074326869 25.19422980095195 14.35781640762306
36.06798524816449 36.24912458983107 23.47212449503468
-23.92619070117594 -25.64544659421841 13.87483659639738
40.40642144499999 23.37785262379096 2.393617480510281
32.08216828108749 35.73623595786931 12.4776564111773
36.12776330635767 35.83150232485755 -3.065759660286568
-31.68666114832368 19.57566127408034 -4.822621867214347
26.52941528046658 24.91107432235401 0.9382547789272817
42.49202247448253 -26.08834774047452 -19.10182812230234
-38.80364496557515 -19.24340084824132 -4.440979401188256
9.641568207959899 -14.68401007176892 -21.53977153586771
23.45035401959298 14.80803161795131 -20.67336351702896
-38.56593147078345 18.34444867247968 -13.53334123206565
36.67751945929798 -36.20252638587045 6.146859489688948
-40.44414653376106 -20.99001003686193 3.744646229991471
8.069106481224525 -37.11372182826926 -15.30379994717613
41.18337613237853 30.95828483826399 -19.90760178719235
-30.93676500137014 20.62554985951146 -14.16177276292256
-26.14487277322984 32.19597715560536 19.00882158018589
-37.01293107753888 20.68699074518386 -7.306916137201642
-38.63354835411003 20.79082987413663 2.639948774561204
-27.50260356330249 -27.50676660306423 -18.37537060043838
-27.67737643305903 -32.02530575568643 -14.83938070285375
31.91045960948813 34.87410604576368 -24.50032324869227
41.19538524442246 -30.2463742848035 -24.51933788057194
31.13948412261868 -21.01009338045133 -4.877303606288984
31.99543216336972 -21.39944111664315 2.015988993790994
-31.22924281335198 -35.33032715932475 15.32784951329009
-6.891262808444485 13.16794841673819 -19.89748202439592
-41.10528573265996 25.61290452445743 -6.006539777522033
-32.14077180056324 34.63007239023298 2.984717870450356
-42.20993876814547 31.1604359878747 -14.86727415468352
-28.07450179440269 -31.16693613807832 14.22386517346523
42.11014063621691 25.72737010729562 -20.04480396639438
-25.68181994810469 7.798015833995922 -19.38566435165689
41.4294826062536 31.61335844136535 -5.70588138365707
5.700041929036799 -1.173492281923188 -20.69995411232477
-32.29598872050279 -20.49808773464083 23.65679071877705
31.91197238715721 -35.46940985213113 12.54740180723392
38.07884456933181 34.54669293806186 -23.78805844428059
6.898228554858151 17.82863753352501 -19.81722135738424
37.85490259351646 20.52879754383083 -23.59170943724911
-32.77172611863203 34.40994761256635 -24.46866494474351
-40.97226006340033 31.16468276327721 -5.788856684741873
40.67668524937679 -31.53560485422797 -17.0955628866795
-32.94200835404285 -36.18954122823409 6.936128195613484
-40.8237485372597 -30.36499333779582 25.41229702751203
36.06041163130619 -2.006302240577176 -17.67562237818817
42.25371097294801 -28.87241998108524 3.205317397035357
-30.99407349010674 -22.91778356559606 11.16154335655465
-32.70753330081574 20.44401174814472 -24.12318896132048
30.19663412366802 -20.84180150323663 13.14798159857145
36.32559869118093 -19.86306721618977 14.04366648204043
30.64306162976268 33.66351086694205 0.5135970220124829
41.55595975771997 24.76235837763808 -13.91907038544876
-32.00602120159328 36.61967480544823 13.5607805043385
-41.48400417532397 -30.87373816556526 18.27314585637309
-41.9316996799598 29.39952968202373 -0.3323220282657958
-41.35111141384361 25.78702132343646 3.15641447999241
32.08808490008598 -35.8749497608794 23.48239891481351
31.88240255684324 20.50194855786461 7.667367284819612
41.34508848733491 -29.4246098606604 -5.024947151978414
-33.01695265268828 -35.56743091435057 -16.39140091141471
-39.05145419740979 -34.03816273919969 -13.01868735424364
-42.3639231693171 -29.73157883877602 -13.05517844549655
32.88504284472826 -32.36844142412952 -18.17941772817196
32.77675348189251 22.92227755650854 -17.87813942983811
27.31727631079125 30.61082767421311 -12.78062296644852
41.06874639487604 32.47227784644485 22.5550080889157
-28.00881710870469 -26.20728523013944 -5.372372726935901
16.61415658900181 26.92421390383682 -20.53122834735237
41.26708905152116 30.15932253232937 16.57320862986744
42.10853166350991 24.04325823078835 17.0933090052914
-31.35027684554209 35.17393542805686 -5.109889462498268
41.38559343336317 26.23635494760131 -7.352261689676855
-28.55990301104579 25.44421256595622 -23.57237579996942
-41.99219624592637 25.060655405471 -12.4259734471124
41.55082647060277 23.79526199182349 8.833004508066931
-41.33911197588247 -24.9499536380228 16.78411278013447
-30.88283448257856 20.86972791391492 6.754460676838211
-32.98995910870405 20.98536057266698 0.3242532621877857
37.92995342211014 -21.77173644967213 25.47937370800517
-38.67223531141966 -21.32777527118948 -12.10871707052319
-42.39814024200574 -25.60259232258419 -7.550309631239457
-41.0344588686711 -30.74573595105543 -7.393953440140414
-18.07257468758102 17.07309374905227 -21.24740088991324
-37.27442682241183 21.00599740459847 25.04889547847236
-40.16765732715501 25.80958259937383 22.6965883025062
40.68306572201684 -23.64272180564108 -7.455798906420475
40.69073378005293 -31.86609440958195 8.113591275939093
41.85122428776172 -29.21468499952579 13.24748100305892
-41.11959935581324 -30.49106001443571 11.18127352789067
-42.80892241413166 -25.04612004955131 9.062788752459756
24.53993708143844 -7.025821433342536 -19.46759787268293
-28.98700356885968 -31.85710464254214 -8.39002422803525
-32.67165323734865 -21.80426654091343 -24.47385951473673
-37.71265727237803 -21.6088782571903 -24.1463101272788
-41.31866881815738 -25.39835423501527 -21.55913074296491
-41.29978502586049 -30.98629054356693 -23.90177899277822
38.56772413684565 -34.88089397263488 -23.48382535949003
42.74060408521153 -30.46779281430764 24.60033480874303
41.05376917181723 -24.81191947098207 21.43327093799651
41.05060345335338 -23.45725833748037 14.86562437119516
-28.17122696410743 -30.24576710666021 -24.91143106848601
36.53045912940119 -21.34577528923383 -24.95304443370512
30.41953195685541 34.11259007622024 -6.593222510746919
27.20307485927917 -31.17366372262796 -10.72780436758464
30.39393930283891 33.63998434963838 24.57047207799831
26.0848783912214 29.3994521964757 23.93076155337995
-15.65247210054738 -39.12889101616729 -16.61365107286136
-9.60725831275702 22.39007577669646 -20.35902949204045
33.38752021680762 -21.41152433857221 -14.94623535622741
-41.71522536261516 24.64159054361025 8.669353918519466
-41.85738448084006 31.63703446084329 11.24288158469067
27.80582012124822 -25.34816566786704 -1.940500035947328
-31.28402592853466 34.62993811745793 24.87598888266285
-41.98203471703523 31.50533490149003 18.13824284887964
-42.43357964817793 25.7374734069893 -18.73109635062981
-40.9970500554437 30.2085109190881 -20.12513413301393
35.44852304683452 -35.63354086426657 0.5894799910425818
27.91267287580765 30.9549683470028 -18.1312698636104
13.58624960831596 10.50344273096779 -20.63989477835238
35.32165984152883 -21.48415787015143 -10.96234366460367
32.31801698319865 21.28133858355822 11.99733425374959
37.64612600322209 21.50510934908646 13.19700674897715
-33.98908782116528 -7.239230156256053 -19.28981143614384
-41.9484794803797 -25.63876793671652 23.54688281077859
-25.1367890596615 -7.307918842178268 -18.37089683106383
31.19723765325266 -33.90034492869804 4.40647840608615
27.83155994016967 25.21589504284538 -25.37486546652186
-35.87448787782564 34.40836430392102 -4.722503834931438
37.41589701995398 -21.32046146239819 0.8758376018793168
-28.04883781173396 25.29449380584342 5.454726581221042
42.22710095885972 27.78962059758431 3.483757467782082
42.02962491901121 -25.7855905735324 -13.15783370245281
-33.93503400969217 -19.88944920748266 6.150018078042515
30.2371884417746 -33.49767456394684 18.61357775567528
36.14739858373351 -34.22280092616089 16.09537871919249
31.94414394860524 -21.78594277348504 7.278332351699316
38.81321992560758 -22.93867879389585 -15.63097489072719
31.98312631491284 -20.81722707195146 23.7507753264213
-35.82090880946269 9.208024066129365 -15.3997386322155
-34.1672653474881 5.57325138748561 -2.089540176796181
42.05941166116912 -25.92825375085919 8.424593041887958
41.52835981233038 28.74887102104138 10.89765224580865
-41.7046607920308 -32.11278628845 -1.280448689637216
-41.8143549263195 -25.65369279329812 0.8484468602944749
33.58297190505297 3.179055413559966 -2.818144015682099
-37.47800627596375 -33.1588406977492 5.874974837555827
-41.29579383073845 -29.65692460586418 5.536716473677807
-31.85573355769278 21.5266979129542 12.08153037098583
-38.09358518407959 21.6469122677674 13.26821241101475
-33.9420948049906 -21.39368102869877 -16.39797104109338
-33.10109848410976 34.44789279033543 -18.96721986199994
-37.32362867442953 33.92340970302896 -21.70987863647479
-30.96798275123661 -21.10896124612804 16.07568450334533
-31.52711021740445 -33.21696440745738 -20.30028192844811
38.5174053638294 -34.54169082243263 -10.78507814849649
-26.97398722962308 25.34842072672245 -9.511099514163037
-27.37665485656133 26.80814884276051 -5.116978439593455
-28.34434783230342 30.87457347003483 -7.454154287104899
-38.16071953348428 -34.61537653919102 15.21736458717434
-18.62158010094134 25.26251759743428 -21.76475556477387
-33.55888616016715 -34.83910252529794 -10.21725778767642
2.083206513140005 11.6619482173028 -21.51432617331321
31.07413506821229 20.84531689190668 -1.437279244880711
3.7623762277783 -12.11492984622227 -20.75226521793857
-3.019663073167029 -9.927854015205451 -20.03041519410389
19.01457122069324 -21.87491623864476 -20.70626142655448
39.61409201408504 20.44659633658867 24.23390563306472
28.84741618522852 -26.11367486062827 -20.97043791816844
38.89092898726689 26.46057366268837 -25.96778868028464
-31.53609905266455 34.40514369965063 7.538960710282936
-29.35493305170965 30.7160952063116 23.5447313853002
-40.55373732272474 30.94806243957582 5.955916675467145
32.13193451828577 34.41609706219168 16.85014150439495
-40.59510131971945 -24.71171202060493 -15.8565752597758
39.45363066208357 22.48470779738975 -2.651671236084321
-28.78117162771723 29.75320967432342 -25.15776339870918
36.45691449887764 21.48606671295906 5.670161276265842
28.98396996987614 25.21871078336488 -21.59137388377649
-18.08086093067985 -19.17593415231662 -20.83780119160321
-5.197578503594724 -21.08898786847579 -21.48799952659445
-41.98999590688718 24.77832827417614 15.66856917458129
40.91989872465291 27.34019429687186 -1.7012193674813
-18.39817164810285 -0.1053363037664959 -19.80363228453467
-31.62575084364444 22.22563176646758 -17.45456575326829
-18.14360175584943 34.53163450204822 -19.50595761835714
-24.84404435998584 5.521410685398658 -11.0989465589305
26.08544440190587 -16.69623690377927 -22.72265805969942
32.78810243410864 23.1901534070138 -5.716673828226404
-17.566258516163 -19.82958353265457 -10.10384216775032
32.71871396630593 33.32336894179547 -19.89746201914894
33.36810257838989 -31.78326170041204 -5.304710167286397
-32.29130788952265 32.35003369937499 -15.26306869386369
28.15429942573612 -30.34422085578297 -18.98314823531317
-28.85689093733443 -32.43083593311187 4.139669249809524
35.68958675174762 -10.29061057202136 -20.27803128767352
-31.06104187909395 -7.934585103004492 -5.235709461642013
35.72853159289671 34.62082838131571 2.609045849308131
32.60027718685035 -22.38058785598171 -21.51656856591784
20.40438343947966 -30.63795416658077 -21.8171141116166
-32.05461187187735 -33.89968174121958 -1.906402255739626
-36.702267467137 -32.66967987235151 -1.442658690651196
28.49176418031315 -29.86283693449442 -2.708498421475829
40.92819411890689 -29.54291337073335 -10.54166274550597
30.34583711107335 -25.36454901000173 -25.53818880889641
-30.48095096199697 21.67457218603657 16.58583297259679
39.49545306557781 -6.657255541589 -5.359310620185139
-35.17432842306395 -32.18479360342391 1.182616465437076
-35.91611957458741 22.65672655580191 -3.476660451072025
12.85362984236712 -0.6431303478637072 -20.54806251767247
19.05181087997681 -16.03266473582241 -8.325509344453062
38.58788624195677 25.70067746823801 13.6431976353518
0.9612384750083076 29.84656732570263 -19.32511606924177
-32.39136676946779 33.59661215495677 17.33720102504649
-37.17498112636079 33.92075695319639 15.79651910169665
28.91173526830543 -32.62053824150576 25.32717496192493
11.57227929739768 -31.56891701085241 -22.3390506603872
-36.83365961306687 -34.3372050052088 -24.81687024712972
33.48673042894007 21.55216169912392 -26.12756426915226
-31.70737050694522 -0.6452439449520599 11.66164616986047
17.8231970348692 -7.675159456532715 -20.81375268055411
-36.88346347982692 21.36821955058472 18.24307316034152
-11.58546372846032 6.806391149140179 -19.87384901585698
-28.67174662751879 -27.26854066778065 -15.37003756111869
-40.09199511490198 31.45194110590011 24.63834390238543
-30.1520187387695 -28.26076944312121 2.123021244494967
28.54145705943564 -30.72710886670787 7.20096249113903
-10.46751791437995 -24.28358042874436 -19.50686250307179
-2.469467583399248 11.86863951254206 -9.735454660220444
28.03621104050152 29.61793579203935 -0.5642605472494041
24.65651545162784 -0.9527319979321486 -5.25217730361537
27.00082002429054 26.13467621008263 -8.35782221263768
14.91996053564496 19.5175975146364 -21.47501958523809
-36.01748912118437 23.24202430726621 6.447305266459765
-36.54480563507523 -21.74162106117034 15.7757711352
-32.60663049496207 23.51425860957413 -9.433080677629635
-32.12192255616682 -21.30366742300763 -5.633073677782639
29.13173961145267 29.92591115346985 -26.78568336081644
8.845144476360868 -13.14360540466237 -7.557282870797984
-21.85934184765109 -28.47930335626822 -23.75070614825572
-23.52269829113638 19.25100275185999 -16.9886691401776
34.17162580982072 -0.5444476745537876 13.30633662081886
-32.74490650621213 -34.31406808948294 10.73564588127337
-36.26621018313707 31.86471276479449 -15.55563307220516
-30.12325019120994 30.77906558259638 -16.69347801551541
-19.02728795343469 16.75622629353297 -8.100569860824335
38.23849352488292 34.08710231603967 -8.512247475919128
-29.1387410431317 -29.59920094905365 24.38322236014877
-5.39345010770348 -42.6199856232349 -8.623408825488301
-28.84890880441638 -30.51310617750558 -3.887266674676365
-13.92691313338928 -11.78188323957237 -20.31982247903754
9.701367406154636 5.293846910020378 -20.24240611325784
28.60733703017817 -26.07121811476078 -10.22017275130483
-27.40937788119038 27.29860021362755 -18.13094187710946
16.25804220509622 -42.72581684217334 -12.59536602192169
32.55348627644047 -23.26581135723715 16.98526880148093
-30.21675698389399 26.21608880267015 16.45977958970176
-37.1667833139099 21.44275809291318 -25.21053172631209
-36.90617837560217 33.77084818521292 0.513315628898077
-35.51961406563807 34.47580638638005 25.29402083822415
28.12185279764506 -25.81666979800737 8.616965944010271
-38.07803579889953 -32.97748180722984 24.75155962061364
36.42126357029301 -22.76356024605661 19.38932030653118
35.5519842500393 23.82971722392206 -14.61284822717726
36.87278080194621 21.58782015970623 -11.6471719377093
36.52352070079657 -33.6884162731596 10.57463304475509
41.73268976049932 25.99750448060642 23.49567693245422
-37.38768160839502 -22.16301808404161 24.73957662153572
-36.99886025766286 -23.46585222402607 20.66222092147762
-10.11896614642628 0.8973112896734606 -20.84237506225567
37.80794478397877 34.06676740967002 12.78729059981959
-36.97215682568575 33.07318499912837 9.530829682106178
-31.7611693709409 21.64018338343288 24.31091404851083
32.55287773726329 -31.99789450495722 9.020533660302751
31.88979019728552 23.30657295334612 17.23573856814356
-31.53742616022389 -33.95392311699214 25.79669682470202
-28.50719455271926 -24.16048277569836 4.020602168018888
34.00097904823782 32.81123216332718 -15.39349808351312
-37.95064721251713 22.86143286520418 -20.15521163112464
18.27945845259572 40.90181531061515 -10.03534255630156
36.77245310665006 32.80937175025362 18.46731147388227
-0.8991848819323051 17.20995964903683 -21.93544578442284
31.21927352307411 -22.45056182341929 -11.33277214309665
28.17959508893529 -25.95711387988956 18.09659795225034
38.55064147035019 -33.29557036571742 -1.26171683928136
39.48467252499586 -29.1991206016562 -1.139896124334704
36.7704443240266 23.83814567711119 -8.015894990261149
36.22860738546195 22.68772745744016 17.71660195744671
28.23828360860237 30.59641179205566 7.035147488438558
-25.49643230024968 -18.02766291718291 -23.41871102933863
36.56640053773164 31.88036367825091 -12.62997839046161
-41.56086657847501 25.41917293305653 -24.37079257905326
30.60189716236901 26.28286285546351 -5.833399421499427
9.609061426636597 30.99043039713035 -22.70544386960637
35.61418943423941 12.05700505263605 -22.72094667237034
-0.4881802090091448 -34.74101413125028 -19.20090299913805
31.87176849146716 -34.50306686739128 -13.37847673752328
40.66394421134273 -23.852520349086 -24.3882876689328
13.9141142807272 38.45015443420392 -17.7270188930604
35.61811557700337 -31.67205784828675 -15.75823045547959
-24.31402205455858 -42.66687350367861 -4.683539285758128
-32.9726394830877 -32.02317784027383 -26.39365367055046
39.54662821068631 45.44099313914976 -20.72865562277424
28.54746673057275 29.95099406417566 -8.338212247479238
-29.47687467264783 -0.4561675674226198 -20.58934673219802
-33.79791988422784 -23.22240500493126 -21.24144639818195
-38.40184008688791 -26.248152755852 5.729834811708812
37.9835696356326 29.87753506304972 -25.90977075453807
37.5839185903974 -29.28770434859763 -16.94216063048404
37.92885091998443 25.71929908321922 -16.4054798352974
-30.44580901279348 26.47204269285695 -20.82524736127682
-39.06235020378873 29.48627549759502 -10.12328198739201
27.80986317377151 -29.33560778022717 15.40524469837179
-32.37537552434478 33.05718435055221 -1.292248939855788
-32.59940010393306 33.87925413584148 -8.937818394747966
-31.33784316643752 -24.21137490362586 -14.3943786021033
32.13154360051396 31.48687580704374 -9.568392994016978
36.88960376011136 -24.16697960230789 8.031462594017723
-28.34951629896297 -25.24554193055251 17.69010755852819
32.14919124216006 -31.02049615784441 -2.612757124438393
-38.26218957616413 26.21669367809285 -2.65616828021557
36.41315168318931 -31.42181857169156 -6.54665989042631
-29.3586968811509 31.06576038517002 8.198248834094059
34.96127218261932 22.03116692794358 -2.719134360377208
27.73478066048591 3.952682196480406 -23.82496623362851
32.06329159613368 -23.89303199000716 -7.793727663076362
30.16360987733002 -25.39737216337758 -6.07821166421844
-32.98819491770133 -23.86701688464707 26.21612093653532
-29.82416760493271 26.85085243467545 -14.30511259323131
32.81476845890569 23.03497093837946 3.362914278209272
-32.14624295609821 -32.02427989594974 19.32220531365135
-30.45066631237012 -29.09573268593369 17.30135088896051
17.40386932536162 10.7033679517729 -12.57516442658283
9.30029687291958 -30.09746654259855 -8.229144319146382
-24.10848988977774 19.04392490296763 -23.90950452587934
-36.91691128457374 -21.38332463600967 0.3386805551975426
-22.32581438270116 -3.930237201039855 -11.0591424499457
-28.97832018493312 31.11975282419087 0.6225974353996079
-36.68290963600705 -23.76416803008335 -18.77369768554734
32.70997542442965 23.91740184777226 25.67700080261918
41.58084631988235 -30.82270898186389 18.82038201760798
24.05855994276083 -18.19902563226289 -17.3885721288195
-28.61330357462425 30.16198159672953 14.04047861636499
-7.441650897941259 30.65297420769641 -21.87567118894198
19.80134494519914 -19.20140716923549 -26.38840858369454
13.640782189673 30.65442664204925 -7.705440480043442
5.506390064025442 24.54065453869552 -5.374111012292589
4.156365058242975 -18.3941026642313 -23.93432003083117
-34.98406444228248 -33.41796611630554 -19.9489661217927
-36.53320516577741 -31.19649695447759 -20.84508199291755
16.62164529106846 -16.5197281235127 -24.58953757394467
-0.133277371941032 -20.02532376237185 -8.398046672764631
-36.44291051444186 -32.07188265666498 9.611232504793266
27.91809772153731 26.93385906080535 -16.06409014675813
-39.74692255404154 0.02625419922998014 -20.35513115871283
29.41430046246084 -23.48709528463657 -17.82838410535901
-36.21376854372436 -32.19099516204793 19.72937876878722
29.23021955624503 31.051979788983 13.07930973942559
29.44229688060964 -29.34621903813097 -14.1522780705485
27.10699398228616 -11.12457193169076 -23.77933454145577
30.06478991191997 26.52426014700484 -12.07717270131842
-32.6829170099692 -23.33207714406656 1.795275500567295
-38.19449712456632 -29.33198179156669 -26.06573970494058
-1.935064060590767 43.26167977821628 -20.16828635915263
-5.719595860490346 -4.169080495511103 -10.46507879401454
35.2877219285005 -23.37740661560148 -7.053320175754366
29.87800834587683 25.93467484071667 4.432541619418054
-0.4474758882188362 1.716917355979571 -23.66326176667314
-30.34844716038 -31.22197318006052 7.302340026441564
-30.36130210261842 -30.9278605810179 10.81450318495556
-29.14317144541401 -26.94637262882199 10.31312861282971
-30.44077549993848 -27.86951845932109 5.348099449354877
33.45447079397213 -23.32346687024868 -26.32486095518881
38.5140296160051 29.26370350682552 25.86840468497011
-8.601244341843902 -13.16508546213834 -7.209680282442118
2.082054555652617 1.108550913058003 -8.627153388845814
30.06951192229699 24.50706312005864 11.26017950324653
-30.41665990153682 29.62145929066111 -21.70421955236383
-27.48628719152638 -47.48170211903341 -21.41763141137153
38.16878890390534 -29.38995381325507 -20.13759534408188
-38.53765414208545 -26.00006053070901 -25.55024576473833
30.24811310095806 -26.10975099087392 2.449310062240052
10.45987917969766 -6.571131704331993 -21.79284205221635
29.41202310081469 -30.23124542004149 0.9667055888848851
14.65888892013351 2.263266384402208 -7.803657872371974
-29.88513638548141 27.42313799178285 -1.668378910733697
21.63713763662985 20.42143749031767 -24.92616032410039
-31.40179754333484 -25.09348608716226 -20.4948256012572
30.6328044321787 -29.08509174246481 4.431101977572601
-19.25398237869746 7.979171407976 -24.2484061077134
38.32572000191606 -26.73642633692604 -16.06324977687448
21.95674047746476 -37.25309730701841 -22.9787514643224
-12.08310732120874 13.25794571104946 -23.40728479161112
38.48074254577411 28.80197438988099 -16.2982866376311
32.89794181507969 31.52255649364967 -26.56033668675379
-30.44650578602884 -25.89859838029181 -1.050312554819726
29.78809033432332 26.3564250689799 18.80213106820194
-36.44882481837642 -24.43433139248711 -15.82891759787107
35.75577675113733 31.8789340915248 -26.68055089869332
38.02038477623051 -25.21366807734967 3.432123918975707
-4.815328263810136 7.218047421067538 -24.13755849100506
-38.59364355803663 29.79263681927718 -26.15768788041696
-29.76466226556108 30.43997560793138 -3.290238586813028
-17.66902105112584 42.07034912133066 -14.48117393500379
-18.27101078885092 -12.67132691305567 -14.27656081551784
23.50311310576228 -27.34874693730283 -25.3766778882935
-36.65706143221843 -46.30712741219082 -19.96705802679056
-38.87132375903686 -29.28371323218916 -17.99025750617037
-8.557930029353416 -32.48832980455905 -22.41973596604244
-4.431785741738622 -14.76527748786575 -24.82500173149299
-36.19966525653146 32.46629792803204 -25.79359107281757
-30.23178633247644 27.12276540116639 1.334075313515531
-12.32942565970846 19.4506154260766 -12.57156033999721
35.83064550475606 -23.09287815353861 -21.0362363922003
37.7326687400729 -30.85521446434703 2.161775431467016
34.83599906552244 -32.01679657406272 3.652065978392129
28.38451784616884 -28.29631675694678 -6.181753013839717
30.54577353890162 29.26524353308499 2.675688081066257
-33.54970319232552 23.27589935986223 3.774763121417578
-36.23058561169267 -31.77786624592157 -6.117825124986444
11.03994400826373 -20.10890300811021 -23.90165031094187
35.91339370609941 23.22793861411949 9.765415669791782
24.91207197952496 -40.86727340277006 -5.673188941237283
-36.4465172313317 31.71883227568387 4.160131066253234
-7.858687148884764 5.25273329786448 -5.760949855749944
37.72162291352166 -34.47665548669801 24.50412417859857
-36.57544537500522 24.17552606148341 9.245429153358501
-14.77967087000547 -29.75464329899731 -9.270561827798341
32.6804015283001 32.31832194153212 20.44542210935199
-32.41482281055603 24.17056616666459 -6.180970798939779
-36.49879990244091 24.13408839800904 2.625940270299489
30.76807758252707 30.2222745112494 17.30184658266726
-33.23881019077589 23.83426716960003 20.06572321313737
35.4034572200451 23.18087551875607 1.251017932318388
37.50151417234303 25.32145435791736 1.149621731295061
37.87483240990115 25.4681859032898 4.947826052579832
31.75825197002236 -15.37302591356995 -24.9245121341128
-36.36312131512041 31.72067647637781 -8.472835227973878
-35.863838244317 31.66806216059937 -11.99653946619299
-35.90532198586821 44.37634587136176 4.11588818884663
-32.0165118985473 9.957905424403908 -24.06561858462007
-30.59896866597026 25.40264597910329 9.804089867001286
-35.91692927826156 -31.22289053853532 -26.51413893560702
30.4664405181065 -29.72197983367462 10.67353867254938
30.272666095276 -26.15133230173299 11.93089584493311
28.93557198919773 -28.86985048801006 -25.93889749734806
-38.2335849389523 -22.63091188171686 8.580225636706464
-30.96553279610396 25.70582404299418 20.01980474669488
-14.35848944772321 -4.493510536082899 -23.74148203014901
25.27491107150643 16.11492082657315 -9.746991678608332
-35.89191314751236 32.29713830728485 21.4895130811664
38.17167935411344 -26.40633123653874 25.93540563399888
20.80547093022315 36.09914679364493 -23.89608168317422
30.69400511261228 -29.33894752122803 19.21560409463183
19.26188689676026 7.27857349949362 -24.77767052088235
38.280184194527 -26.13433610864681 -3.163369768254982
24.10616343792933 43.02961481985044 -17.86036076684174
30.4495670683757 26.37660347255834 -1.996234342741953
30.74191623531238 29.33961062336106 -3.928890204299358
-27.82025331480577 -11.27167584304749 -22.89908401226862
29.4900243414979 25.62703318038511 24.56599163707395
-25.00350725948901 44.70809191856715 -9.211692087353928
-39.07875093793137 -25.80469808768042 -11.61752023739289
37.51741183639638 -11.79241857328161 1.424604616916352
30.57714808541368 -26.45048843521658 21.47444120281973
32.10598453932949 -24.03606833249572 -1.186521513723407
31.90622620509434 24.29548736792972 -15.3192622570865
-32.00937444150718 -45.80000649341452 -3.471214655962631
33.25061826828914 -31.61454239138098 26.4761920420355
-25.00518654728731 -16.00412754111706 -5.458611059369438
32.69172078052328 -24.39992475701678 4.376550745743932
35.35672857500862 -23.59080661330226 4.153133259277057
26.68971642362416 20.79755983945387 -25.46295294519533
30.37222781451896 25.98365962166174 8.046573915611706
-35.88067470173301 24.77810826999369 27.15614328071936
-31.82950723722555 -31.34099929722144 1.398139918176976
-30.58335725220869 29.44765234439734 17.41559703095237
32.75166839070379 -31.42091108724753 -26.59420835435557
8.435753086022451 14.29373471731582 -24.43707724836596
-39.65073779953126 -24.39893586329427 -3.815067290176246
-35.67618783391568 21.47222162807107 -16.44758119861027
-29.55171538944266 -27.07909953658238 -26.6494538541809
-36.41281522763174 -31.45951249844812 -9.17271384087778
0.6687231909282015 -5.666565942716814 -23.10679297699313
-7.77037838453381 17.18510991332343 -24.10128320140211
33.01829115652947 23.69441697706946 -8.929854715421145
-30.62975029404986 -27.86584709882854 -20.6863374812043
33.39995218017952 23.57019533047725 -21.59451877616964
-21.35624511581673 28.83945193484606 -18.36347758424006
39.4474601738861 43.64559775302251 3.533433555592307
-30.94783497955716 25.98299400514352 13.15154174325021
-7.5995327010742 27.15445527855514 -13.98069816387188
-25.11668816799168 19.86575211057874 -11.54006613568011
28.52336960311862 18.16396380289696 -17.00593460760404
32.13002883285301 -31.69623689157701 14.56661168136955
-24.48918637542722 1.096160718037738 -16.80068811526603
29.64625748934029 -26.39341986639693 24.52920881159453
1.78982793729061 -23.96287343966986 -24.39868898372308
-38.8601703579731 29.02170320925642 8.856983216994685
-40.057261243381 -7.379930760813324 -11.59425524617989
36.07828874748351 31.56345652812595 26.60808137648652
-1.303593075022037 39.93192888874542 -5.722897420510259
35.84928769396424 31.66204748098823 -19.50396322298613
-29.85791029521177 -26.45290514914266 13.66059892527166
-3.432096002949521 24.49319221063563 -23.05837620806691
33.17704051090475 -31.97880539226452 -8.882553005823699
-36.22750679297316 23.89445680686627 -11.32278400610402
-30.83507159234784 -30.71371407032598 -16.9555763241998
-37.2456836404755 -7.619818979967826 16.36564037286751
35.53424576190505 -32.81956791364651 19.68336044744759
36.81511714553377 31.54123100319326 6.071979743689528
25.14853349152016 -21.33907674149693 -25.76063514519802
35.623193243606 -24.11515912146273 26.39642342726209
-38.3496571635372 -29.39495155162525 -10.6705668241324
28.37341483960755 12.0880588928968 -22.99383728031221
38.26593273619942 29.45614923296063 -10.15752159715864
37.79296913308811 30.37490312882806 -1.111379765878873
-33.51013576263663 23.70701894044497 -20.2325186764242
-33.11426976888364 -31.51643038781915 -7.602233170201445
30.77860577919425 29.63793778701215 -20.75694439788068
39.20334629681092 -10.30138424000156 13.06307131880014
22.1862704470857 -9.864675136930725 -25.15841850442281
32.7490122218596 24.35144000986989 8.876293134292784
-33.01524286664394 23.76152237665534 -26.17660596629126
37.42870764945621 10.74151196912302 -4.694236644976452
24.22088734671954 -0.02869903717477679 -24.38129308654785
-32.06780180379931 24.68527824242904 -15.03424441957092
-30.62485781201158 -26.27029544790078 26.21022941831154
23.62008452510672 26.45129838535906 -25.0975499678372
-27.73890014621406 20.50078004189614 -25.90554379686179
-36.9396326112771 -23.28816723688437 -7.956985707146755
-32.78729444693812 31.74766638870677 11.40457938142654
-15.19762899644171 -38.98721169238395 -7.447618306019804
-32.99012861651936 -10.30418747258569 -12.54216930356669
37.3790500655084 30.4262559541384 2.646323057086695
2.058627701169052 -29.74675999587718 -12.06098861499591
-33.8784228017084 6.780427480783762 19.98340265186949
-13.55912981861258 17.96920555764444 -25.29365045604479
6.336787479816 24.61557392360274 -24.1354510406398
-33.31095512883289 -24.13262375499147 -26.44751706133029
32.56159699642659 23.92810051907568 20.95122792731582
28.87669624041062 -27.27630694348268 -17.5069070687535
27.75488130632608 9.388093677855789 -3.405358135888428
32.24320241625819 32.38030853185231 -3.254810988936867
-33.12223911855246 -23.16493588544453 19.36247876081685
-31.26735423194872 -24.8917892740223 7.476349929569391
30.99932124837744 -29.40519804188459 -24.12842566683188
7.172791078997587 -8.177445120170006 -16.26087059684605
33.86711079191565 32.58802244082788 8.63058253185136
-6.322101699608196 -42.99838424875222 -21.72099857268909
-23.5844444589898 13.23923002381215 -14.19839943538429
-13.16625981845224 -19.10081356736148 -24.54596135249447
38.39164602331608 45.35806943430914 -4.135266080916908
-32.66391053440357 9.276829436957922 4.623344732007519
-35.9335967721327 -31.1655022371293 26.6515423799742
22.95592167167618 28.14813030044872 -15.82734994373786
35.77539689293462 31.54654442193221 -4.344131108821779
32.36007925680276 8.408056044294277 6.729187308939898
33.71938818743564 8.064199937317699 20.62817399919518
32.81490753422701 -24.40172024485453 26.63106588386885
-40.43313005565066 44.08169178754372 -10.26746007706378
-36.36605532636457 -31.41407034298046 -16.61349313541523
-23.39545711750324 37.83941671296898 -23.03197157251426
22.41379005325404 28.42366214811458 -8.640758621337609
-30.65509090562346 -29.37139159413518 -0.8137797823239626
-1.383063849175475 36.01720085733346 -23.87002916349332
-34.57634485810384 -23.78052586803821 -13.15987072385002
37.69844781625889 25.71735605516901 8.013046602577978
35.86106101661763 -23.69287873257841 -3.954674260619627
-33.31665591099609 23.54977117787001 8.688907536726305
-31.13244562501331 -25.75876608156644 23.01877345631851
9.966980176202545 16.65108240437025 -10.86796011381825
-33.00043010780389 -31.9829623184307 13.40328891042428
-30.85958196059397 29.37233783755217 -10.83723148441715
38.14694134712847 -26.42069150794559 -18.75812509710785
-30.10053127107255 -26.78728691718767 -9.636947987070947
32.95155534530379 -23.87731638853096 10.78322292827013
33.44604039212918 -19.27164195941779 -23.76148585514556
-3.187326239627251 13.75113728477418 -24.96108510212997
-33.42383351419987 -23.89247682312113 -1.036897137556595
-35.47373370935148 -23.2814300509237 -3.128280064079119
-32.84875920287171 24.15916506226695 -2.724902465847883
38.40419081659126 26.28173901317207 -10.53410745986818
-18.27947356573038 -32.15928412806832 -23.47586362941366
-21.24189492310687 -22.38817986818356 -24.42901636476041
-35.21197183221532 -22.72109314291014 11.90353640677283
-5.278869162361635 -27.96774864135719 -24.60060434910952
39.97699698920107 -44.51380174851035 -11.42136589494125
-33.41316103233573 15.66818459780916 -14.54000757564272
13.29178310558122 -38.64108018135904 -23.00522398946281
38.05438045544047 -29.7876859988064 11.2727174093247
-33.08086200212963 31.50405993501906 5.030751525108853
19.51859593117286 -44.76778576779094 -21.13500627497353
-38.12066555672877 29.18610447719324 -3.927545034755488
-38.11788406538837 25.76893227324672 25.60331468229119
-14.49811660203876 -2.864894824322696 -5.104925394287412
-39.09405091404889 -4.237325686573218 -1.596606532683167
26.46173135981701 -9.501595143438296 3.168972800510534
0.09162750380072118 -14.49838885338258 -25.28880371772573
-8.991777803757639 43.47903383721675 -22.71924347180241
31.49570614917101 31.08538107535842 4.382251165306198
-38.05659769490956 -13.91138018252817 -24.01377690189352
-34.25761460844544 -31.76541968469284 -23.36326504560662
33.0196785694549 -23.83718486300346 -18.6564131227366
-33.15910062891734 -31.7821334190623 -13.90767625325377
-33.3696827354303 -44.54775992592801 20.40359288010926
21.33620937920427 -9.549537853233801 -13.1053877538823
-32.08358764805534 32.03695743627527 20.25093371695903
-22.99568313164254 -41.56893898674869 -13.85997022903379
32.67297495316953 43.07994992152141 -14.06760741930861
-33.12088812622264 31.70921095302472 -12.76494467982404
33.2035489872657 31.57431885557021 14.38599224288085
-20.04784715202393 -26.70789129814283 -4.041035911105472
30.98148140115304 29.9152338868041 -15.44489110823406
3.465733719049735 -41.21796732148406 -23.51044680037423
-33.20230675177972 31.54042957508806 26.08425960709909
29.43834928202894 27.95382540543032 -23.24139752351205
30.19432351809419 3.822228826121995 -11.88678578501507
-8.490082830045207 -22.47834492876893 -8.893864846663828
-14.04124694953183 23.12271386150963 -5.629604736156746
-38.31752354377541 -25.71696882225613 12.28907633342969
-38.59369899260582 26.05938653503275 6.067095429366937
11.89464295940987 23.94321910081695 -16.4589724835861
-30.75388345549094 26.32074104897926 -27.10702355537092
-38.96317325932017 29.42875599012737 14.1455858246148
-38.33037340663911 29.43774465208663 20.40481693458027
36.08149541265024 24.40100744103663 26.44468765753536
34.63498952101871 -32.07405169376024 -1.946926974814761
32.51687893566177 -30.86735521861522 6.38989076802053
-38.77331338927229 26.36029723657062 11.63414795597365
-23.52589193599313 12.68576173999892 -24.69240987569586
-23.4150345553446 29.05012093955263 -9.59921421199236
-20.45887162742954 -11.79108826564475 -22.33322578647571
-33.10157828808403 31.49276883949165 -6.390698300298737
30.13521126517962 -26.46760048064539 -14.56266924543606
-22.26086247579156 28.12434402388362 -25.43910799849748
40.2627541685119 4.930099185227522 -13.74123988337771
38.53815401502644 5.561073863136006 -23.14449031848697
-38.01891916857231 -29.64132217707532 8.333579191547651
-38.28797696707127 -26.64138920491213 8.977340796719359
-33.68993658496277 -32.20970584546459 4.85473659848866
32.01203827719316 -0.5950651049419087 -24.43885544096279
-27.92561061115971 -40.5930779470959 16.91481730461359
18.82112071443054 16.22056515302378 -25.71826840363882
-29.89458509263055 29.87558312243864 4.659248591582551
-41.7745207553177 9.367347805954225 -22.95329559609057
30.6196551929358 29.17243265052858 -12.80443418283393
-35.96594867936108 31.41636600653168 -1.999995856421283
-11.51163142232163 2.126045608141073 -13.77075559394003
-38.36782744199817 -29.60852383305692 21.17831622056869
37.93641104705441 29.89594262689308 19.10869308611263
-32.5301446377818 24.43504701451467 -12.35361585128515
-38.64892624121946 0.461413764891986 -10.28656720237953
35.79037329072755 -31.83449171331495 -26.32515037137886
35.26124491763169 -31.67658891290744 6.966491128150163
32.40890228584659 -31.3873991802762 0.4271839845359999
-25.71704893126576 17.642244592444 -5.04746711008135
-30.62488099297061 -26.6070327710671 -17.40166421641054
38.4968875331228 27.09172482251278 -4.64373836467149
7.115705737481378 43.21114007569112 -12.56201029934992
-33.66533710308052 -24.05535042495157 22.89222300975669
0.7687159719416224 -3.735104420402399 -15.84273577450002
-31.13709350984714 29.67494783349709 -14.05703457771586
-0.6412572872821998 27.75660916065843 -10.36866040431907
14.63107901778068 -18.2031811096648 -19.12159188169995
12.35756589692783 -13.17599985111496 -25.93468504215175
32.37113354704423 24.3881498917541 0.4962415014717477
-38.24216404329481 25.33770793191785 -15.64308284764233
-31.03856516468284 29.44930049532204 -26.86774780657817
-38.25474098538145 -29.15756391968916 14.5491960940086
-8.392848734172853 -34.09054056409838 -4.755229524851692
-31.56234634243589 -31.01044548049933 -22.98992702250414
-28.65772530479188 -35.20235302189401 -24.35035450526851
-30.93836327270624 -30.19293602061434 -11.40782938249817
30.94756154650626 -26.76083766740491 -0.3867570810308856
-30.54493606761082 29.19635677412274 10.51723817143972
-38.31796120066808 28.94636121684037 -16.88683113752984
18.77692445300653 24.9873876075142 -25.68765860691835
7.54479825090798 -2.158488562615732 -25.34516555634125
-33.56612699365163 -31.67340683379304 7.883610551835212
38.32924410170823 -26.3902027318246 18.70727036854755
-36.01793764072775 -31.38928221745281 12.69443836300946
-22.31458629355725 23.45285104078432 -25.42399460639611
38.33570241702242 -26.57226102318046 -9.776090763099498
-32.96875998035937 31.3999434361484 14.6472532103439
36.99906327211331 24.35072634759782 20.25622485561495
8.775590597362985 -4.1480552625599 -4.525292663671653
35.96027446607197 24.0217740399952 -26.21804039723053
-32.20387459204825 -25.06702583903713 -17.00199627916936
35.71778600675527 -32.11740935259331 -12.96188690218382
19.28078427228465 -30.29936572877093 -11.16363644048614
-24.29816015918545 4.023835297797958 -23.62729018588874
-27.95477305002757 -1.375149201141128 3.30032992753873
-35.47985725691863 22.960514969247 21.42988757734741
8.783719766663564 -44.25253414570329 -6.906911550277924
35.85049178536177 23.75248273096484 -18.46293319303559
32.72495091493963 -31.31453015029144 20.14609589506843
-32.67303520427784 -31.3833928913703 -4.849374920230634
-33.13265759037594 31.34995016657655 0.977759138742942
-30.96182602106384 -29.27905335655186 -14.29923173109381
-38.11659007843981 -29.88085559218496 2.270160578343168
24.42275609646492 -27.84464908215983 -19.99011676003553
-36.38633294521569 -31.05546321804114 16.60841045091192
38.28359135141837 -26.70735348559555 11.93157945757298
38.35828486457312 29.5030387519196 13.58002110625199
-20.98927224564194 -33.331483879027 -14.96011633321563
15.77750301346301 -35.89499505129286 -5.554182188645466
-36.08296551645573 -24.57548434196844 26.4684009448854
25.29773985191618 -17.16555835320258 3.687021997451199
30.8195146700955 29.29431764954105 26.0974917337363
-27.06690332976451 -15.16243596313753 3.024646423530203
36.1208633556526 -24.33836750641607 -18.75157501939456
-24.04643142723847 36.92843162524597 -15.1632242388727
-36.06667403381151 24.64968556401917 -26.72070113052657
30.90727919030902 26.11820736985504 -27.23683662842205
37.52569910453246 -30.48627131257398 5.211598445119491
38.51046529629006 -27.72696307678865 5.203873823983738
-30.99440904258541 -25.78473963376602 -23.8771972017955
-30.05601485744862 -23.28806455437421 -26.51006291869662
30.4816866667773 26.87033133521129 15.81501720828277
-8.872567327582383 -11.03299859188455 -15.77311048468878
32.70712898185932 31.26733412874835 -22.20053055465826
36.14560917426056 -31.36541926681216 25.9545330516346
18.31763451195486 -35.87418545019927 -16.66584202539369
36.23020779306857 -24.3067780262714 16.42323869583156
30.4567751441585 29.64288283315802 20.5202910560564
41.68425153307372 38.86641158360708 -5.95420311144262
-38.71766042887364 26.37186954596446 17.33712754626216
-28.81119542067673 -5.344324401504953 -24.77151858118544
-14.94249516313295 29.38452161683488 -24.78271319386353
26.53794033622736 -45.81793330807475 -0.850839416749863
-11.39279224123759 39.51846000187324 -4.902935273824764
24.15483020294039 -16.65162515812185 12.41043510270892
33.1136638026726 31.49575559268363 26.73512648686227
37.79122476446704 29.82223875241213 -7.289550871963304
-36.00107674708958 24.25336700456845 -0.7002646751125127
31.01720086115248 -26.11007169147019 5.871237614157439
38.50474804556269 27.87341150317886 1.012884035055493
35.93711250558857 -24.10585851773192 22.3223319124359
-38.15768908307926 25.89831996292749 -8.761362054560037
-38.38397174331505 29.31758532926057 2.918955114387981
-36.15463622330987 31.79538115213061 12.75223054284173
0.1869157180221382 -17.91944172779002 -19.41359343261133
31.1562383510778 29.7740681057833 9.405133969647084
-35.7075062994616 31.47057663382555 6.751019038492214
30.65218704443496 26.60563171323382 1.638726600510406
-37.92045391419171 -29.18109208389658 26.7755994357983
-15.38312373600788 31.61483291216148 -5.818294269160053
14.53918916067685 6.009882302734041 -24.84169181533001
32.56042003487977 24.51616367782627 -2.96292237427106
33.40805833682666 -31.15779213269001 -20.56296416301735
35.96247028594811 -32.18062638616784 -20.68774981903321
-24.88579243082887 -21.22680727766013 -14.3838664260416
-35.71042254265622 -23.9728173610496 2.616104125092023
32.41532971775023 -24.2692156290523 19.98491144901631
-33.49840080863255 -31.52967718557244 -17.67694680459236
-38.39696401881892 -26.67531992146323 26.24945594570002
24.46938919644289 -36.40927408342936 -11.12663141859462
33.2243167060133 -24.10740122154727 14.21932894760595
-32.58862610976125 -31.60031239940441 22.80493330369707
8.104563883034754 -27.4510874319955 -24.87233700560843
6.408647225132941 -34.48145655038295 -24.38616143314167
36.97607530139244 31.27467251081082 9.507374480076596
-39.81359808734859 -46.27232534914628 5.094197118978498
35.13659506032459 31.81780231467224 -0.6170789362801798
32.88589179056762 -24.64896514057891 1.433940818407322
35.14717204586908 -23.97740451001781 0.04508252396644664
34.26846294435879 -44.19745791258737 -20.98895697665217
-36.3483248975984 -24.7497547957776 -12.70276092388684
-23.28812902690901 -2.401002197598099 -23.96948665385159
-25.39587539482695 -28.44486659953661 -26.31933642637433
-33.32280333299321 31.81228553406779 -26.44894998671661
-30.53654716220835 26.94679163374861 -7.521195694054605
4.830593398584122 37.84416876395625 -22.13903801843506
36.15676561583228 -24.28207345187731 12.47794288625836
36.37899492071804 24.41621066990392 -21.95796086032075
38.41572745361137 26.98321344208259 -22.5307757001403
-33.62472654726588 -24.24679366423903 -18.85316848645874
3.252864940318293 5.772758771811352 -17.43851567838221
32.67928167561423 24.38833615336982 5.912800646089287
38.35607951553494 -28.73358070258441 21.64597366102287
-38.77679521713305 -29.10138010939393 -4.073491946684517
38.41370863888207 -29.21901343334925 -7.924435604726244
21.05380894949582 -14.82872700250197 -25.84891494533608
32.85986944491169 -24.08370185238226 -23.67369401741191
-33.2249063460244 31.58867349000781 -21.46874066357158
-13.30415665947689 23.68743266189715 -25.09740628891862
-28.43018280697353 -36.1658397753403 -11.66881618669775
-28.80051581898093 11.09158206099342 -4.396430700628811
-13.39341409588589 28.43097887845059 -19.62636045045143
-37.38454202942287 43.872489024457 19.04972631009361
-38.23216575597363 -26.47380466178037 19.6093479518267
-34.08800223820661 15.90653220235258 -24.45816702445535
-36.01338228858025 -30.91314048707311 4.194783853994499
38.94574420067084 28.89695570397741 6.927636381937625
38.02010638748362 26.0328759697149 26.73917724279319
34.48254789794723 -15.64908852192891 -15.71753614329874
25.61772179987965 35.70090582884761 14.04552009998321
16.55560601042718 23.97810701956538 -5.382093001008069
-30.29416433343187 29.17893263957027 26.16508816949653
-29.78324931995234 22.17646341803783 -21.39420908849042
16.9551330087285 -24.50137661868105 -6.276405078417331
30.77289714232531 -26.1204187654577 14.83605946741934
32.54715877934134 31.03998905643476 -6.123132391831744
40.34910085935303 -46.52938542551839 7.252418263167475
33.53881687683149 -31.56511847275839 23.20344646341877
1.303360942958056 6.862862779663827 -25.06037177321687
37.96428793427236 26.35981804072447 16.4633881998898
-31.0593865596688 -29.44406238166055 -7.784237700399832
32.77722805598916 31.31291193281231 -12.61829226759701
-30.93523680816011 26.49625931568228 4.191693394004038
25.11419451812806 45.71372604477792 13.62198971272107
35.6197068866037 24.34570509193118 15.33723574409499
35.49473119737508 24.32711308977594 12.21119233469931
-36.23388919718168 24.42350414905327 15.52270297577585
-30.51729152558022 26.97231684624748 7.396393878967515
38.39538653518578 -28.03945311805129 -25.80274790081328
37.69544931696628 25.72740432496042 10.957967715132
-38.1839191574321 26.28222735628141 0.5852739204318531
-34.0268742079293 45.54735294867768 -13.79586480795591
35.84097538473782 31.39560319571772 20.78253730137502
38.04895834065822 28.93457816483052 -13.35981804235917
35.58509106870206 -31.48334849545132 13.44985166956182
35.83396106894273 -23.94356192508014 -26.91458922132023
38.28304945701352 -27.78630951561207 1.077257953290701
33.11965145113017 -31.1802415181196 11.85217397986845
37.77381000858631 -29.85098195176507 14.29206934085966
30.71290005463266 26.64240943364295 21.61182005278472
-33.25755541028755 -24.16929695940661 4.874097681631826
-23.91149234217934 45.71935983044701 -20.06706370963991
-8.866925041621862 -8.892318725030012 -24.45897923567096
-17.13033246129828 -10.92997558961902 -5.395694960079791
-25.43707366724171 37.05707849373204 2.117152555656634
16.15175945159103 4.901404111419644 -17.71082696393609
-21.8193459614818 -40.05200167455556 -23.36056016646716
33.38067038393724 31.5226695265557 11.13741414853646
22.4212453845572 -27.53867388030414 -3.043378943205635
-28.56982779982275 -19.72520385802131 -26.33904399647545
-37.97729810129606 -26.40710046184328 -19.43803268667358
25.34376630560417 36.74831697729552 6.016543209931284
-32.69922370006257 -31.07705500315744 26.76975585458884
-17.56646205853984 7.365175722368817 -4.330335794337157
30.08159136452761 23.01003229277222 -26.80501446886986
37.10163185527168 -15.0190062286522 -24.72864668530461
27.78987947637657 34.44585535632212 -21.17949166964926
31.03903563754265 -29.69036589604582 -11.72220045536773
-25.94121947245204 -46.16335008312815 4.716163093491136
-38.30568547617172 29.25381403998231 -23.1604543699755
-35.85355427359104 24.3098137275693 23.56052044129549
39.06691667690441 -45.44274989585229 20.14827636948003
30.8696745663054 -26.75080726063342 -3.593677094595975
32.57358243574092 -24.44465429165865 -4.432158159501537
14.49223249153918 -13.01506366816676 -14.68169471294933
-37.83796302444679 -29.163809422835 11.06457773653452
-27.10859040678944 22.30923073048148 -17.86745404859146
-28.48552796557172 21.99648139000456 -7.823165001585755
-28.6390130464337 22.95188249624957 -2.859745632537397
-32.05358885541839 4.608569500783116 -17.47694187193653
-38.11474700524284 29.3828798938119 -13.30003154294166
-14.47312500182438 -24.07573812818368 -14.46146961858322
-35.91224113461511 24.3289065934362 12.11551757218636
25.26419060691185 -34.68808067737385 15.9349974499197
26.63357121443056 -7.352307280999775 13.48777619859891
-36.04381055967368 -31.21894864217809 -12.3219172765895
-32.59399302864556 24.48522311929031 6.162531868858911
-33.34250435114458 23.92660220025837 14.52312727494619
-34.32815855517762 -4.132713036366495 -24.74615380598952
13.6672926677404 25.30685238992737 -25.22868467432043
37.34302487373404 30.16025344001319 -22.21793723002735
38.62609510522158 26.98943598460369 19.56055370385504
29.36573407628264 -13.51196734101537 -19.66397935273639
28.65147686911511 -19.61260527205467 -14.46649675113936
23.58305196003698 -20.56519329541645 -11.2048471917864
16.99184727470645 -7.984063574288427 -5.733898241079117
21.14255075691693 -22.930577764675 -25.51763405855805
-33.17042728561449 31.47723992536945 22.86027560941276
-38.00326267144229 -26.56890874483804 -8.916942798192711
-37.91762300844479 26.36410743084419 -18.88496281576834
33.51664753562773 -13.14137080868183 -6.947549019483448
-31.87249515347423 24.33667035654978 -22.8489545569226
-34.58013823342721 19.1556456084368 -19.93960426920697
36.8890628126757 -30.88339244035253 -3.546622322705749
3.295239163999335 -37.02998704778925 -3.933337961368002
36.13866196269603 31.30768950201628 15.92412430167136
-37.92040567890803 29.40392523445405 -0.5061162069234074
-26.66057367877944 46.2136986547967 3.394559015681403
-34.46070873053697 38.85242584799069 -23.83894849983926
22.4916575994682 -19.99088228939746 -2.298709138364294
-29.51767954833155 10.73836593924624 -12.757777468877
30.79036297954857 -29.66520889915601 -20.75171838129426
25.73008719685927 27.8969748179204 -21.71738456836567
-31.24295221021481 -13.02022798971341 -17.90986643141133
-28.80187455124122 23.72570962750796 -12.60682271111123
30.85695648385385 -29.79436952274572 22.36806735476771
29.57676388727527 -5.689576821390737 -11.73803893587383
-30.93213911903544 -29.28230247063871 -26.83635806684571
-37.7908812314011 29.29692784235657 -20.06429876474704
-31.00649402826091 -26.28566073819137 -6.880656794678877
36.82536033013151 24.80049487463315 -5.213572123160521
-7.945112995118342 -18.3527580703567 -25.10667850317148
-38.00904595773097 29.02720133345705 -7.199994076029061
-28.76320878080084 -47.32466171950958 -11.53871126025492
35.83879253156288 31.37436436419418 23.65779762790987
-38.12355377815311 26.44519346851204 -22.02923752673797
37.70533583596452 29.46348471725297 -19.01385314627001
-29.36839145711908 0.677275554200054 -5.209066697018547
14.88216860728865 32.87154765053961 -24.38784875973748
-17.39817381840584 -25.25353479105173 -24.68563128167981
4.92795357450612 23.48418015279985 -14.62236467756555
-37.80235350736962 -26.53472335502854 -16.5231282242496
35.20951086348035 -20.95380453601869 -18.16217419886824
30.81428559250358 -26.64908558478582 -22.87744605179471
-36.30390342402462 31.50638132315073 -18.89351273523469
32.65175242460822 -31.156409058592 -15.20582722110325
-28.23984798762492 15.50482633049776 -25.16425806831453
31.22139130941912 -28.88259720290902 -3.856825461214048
-37.77230357473658 26.60949563620143 -5.754265454417781
-32.91340406685371 24.33565640421104 1.361911565267229
-5.155258288792164 -17.6051878733843 -15.69719110451205
-30.30248608952879 -28.91403238266291 21.10506244681173
-36.45320013192946 -24.70691267877044 -21.2218586127389
-37.67108893566471 -26.22037758056511 -22.47811186574508
-25.91782187690647 -4.081729871108533 19.99122988089195
-25.56431962878997 45.56342867408679 15.86611053594396
-5.211124975262645 -3.993313049031953 -24.79884131260251
35.00078580797707 -31.26747190092471 0.8143875953069387
-37.63765148826099 25.98119956308869 20.30042910213933
38.25693290000416 -26.66099273722218 15.38879541056043
32.81802932287496 31.25068489069486 1.948924945080301
-37.78506280244212 26.60356640341188 9.246361625752023
-23.95453579947078 38.15664422678397 15.9004831136033
-36.28796385962848 31.4022230556176 25.95493336588169
-39.27240466677319 -44.96448672126962 13.11053408600529
-30.75814974514121 29.02129031790705 21.08641049179628
20.1411310230527 -1.369498354641367 -16.58042345152604
-40.28042352984329 11.79398059314291 1.219419428287438
-33.36275083807003 -31.63436741176837 16.35229804241227
-37.75174276089363 29.46174269501664 16.71739315008758
37.85249131207087 -26.01080132797754 -6.360720887679709
38.1560023545861 -29.35304820588209 26.33621348057528
13.91334602189273 -26.27089256648543 -25.21835512235602
33.07578068731583 -24.26982129008643 -13.02423026992847
-31.80163917296668 -30.29121009177053 4.896084045929835
25.43391181027155 -11.7708977150523 -6.009428179281894
2.11060756133165 14.69230968567983 -15.00051919034401
-23.91950348458917 15.08912202010955 -19.79942810127314
-35.55228971766201 -24.33480658032175 -23.8498243207759
23.83186496389092 15.9900475425146 -26.02375806941298
36.45908106017872 31.03311891075479 -15.6680991026639
32.92704393781131 24.22158140798915 14.25667929235092
-13.71267463081461 -30.86535278420789 -18.29869129754029
34.83685061971534 22.56448485454354 23.60436655622549
-26.33618939557402 -28.72465132215142 -13.01425010178649
34.41846164013036 31.98369552380901 4.829146649821109
-33.14115194840132 24.25801947332721 26.4057389352249
-33.30026343444442 24.33242200716808 11.12183112163554
-37.56419831981111 26.60739440110571 3.86103656114674
-37.93903590364442 -26.61604203581169 -1.797480361393071
37.97217113025261 28.53074767081151 10.63333215010558
-30.33200268050991 -17.80518803942891 -13.56854638262807
16.19863729232524 -3.861438577486434 -25.18035540874757
9.045656503724619 -0.4063027850107211 -14.45801208260691
28.28489495896477 16.83830738062076 -25.54253731581782
-24.36018924896509 -22.52855872470347 -20.02937708522499
31.58514915309219 -45.96702791756624 -11.18715861354488
-29.411335650089 5.243236299624702 -25.11237666276179
-34.43932113572806 16.9934424138178 -8.190933123288085
-35.46231828564751 11.62755547285951 -8.722449179691198
-18.07345877749949 32.11383243785225 -14.1182622908683
11.35542523358391 -46.50761873412975 -21.78472542133234
-20.98130676697329 21.38865789577002 -20.84803584315669
37.65790583623956 -26.13846176768379 21.81359839469039
-1.842802031050251 -25.05871932819785 -17.68716225976235
38.20823616729847 -29.46299708234474 -13.82460247757584
17.15284130231719 -11.69894475733645 -25.76605360992919
33.96753218390537 -24.29179850982631 -16.20464388148436
28.44367752968727 -18.79714296252489 -26.01643758298672
-14.9325868410182 2.468752034135974 -25.06650929326742
38.43466906822385 -9.194128369102943 -13.33390941794418
-8.936373656484363 45.97071187717552 -12.53166858922796
-26.84000464588227 -35.74956868774674 23.57632909686058
-42.42133876862022 -18.06604185604379 -23.90798148353243
32.61005551729762 43.30784095720208 14.12408645748948
-16.92005676017077 -46.89333150427746 -21.45426501027106
37.6896167163589 26.08446676236919 -13.38689917649016
2.820715178103544 14.64924458762955 -25.44557482024485
38.19074024745835 -27.31591883214993 8.502210670719952
-37.94223468649447 -29.15534186132562 24.00187092011037
-38.1737253201647 -26.314345599276 2.127738500835722
35.96409628303872 -31.16184540389898 -18.20916523850457
39.23160817067249 -1.400769080679972 4.143889177151269
-8.920888350375826 9.55821371549937 -25.32827159657316
-24.11218539003125 20.52777917126478 5.974450766576931
-5.919608569453674 21.22655547826573 -4.961801769358968
-18.0727392339597 2.32682831894609 -11.02515650499599
-41.68798657687714 35.79721265391608 2.823861920642562
-31.94869612470129 -25.26057796299733 9.847492984002642
30.95392973668739 26.28894575584302 -18.00957607928935
30.95361712003626 29.29372226765877 23.12443253231651
-37.75597354813532 29.3919029805794 11.31739887573401
-38.16460829249318 -28.82006612916842 -21.80057310092164
-37.84647832998167 -26.20223309712073 23.20692372624038
-24.18965650423308 -32.90611314402001 -24.96740408488207
-37.94092025926336 26.48939669982886 -12.14418416882106
36.06604784523805 30.90128342209332 12.62682185912013
-35.90214873468436 31.61432468076231 18.65291973885154
12.43868722623408 10.64870448436321 -4.107400752990212
12.55931418821161 -20.36263359151215 -11.9548216996173
-8.845651540658981 -36.65999349147859 -15.40576941384296
36.40441503117464 -30.98053402492804 -10.34552225218012
27.75470004098138 -23.44499137195125 -26.78692374700635
23.241107292509 -32.08627549702008 -25.3298232415682
-18.49398878867001 21.41714193655295 -25.58935266985974
-37.82848787462009 -26.28236824739047 15.86249635666837
5.254841526519245 3.033272948720341 -25.39704693888064
37.85945019923486 29.445751941934 22.37702381313157
-9.433999650743992 -23.50297115879839 -25.52028667724366
-31.16744229299365 -29.64641090324466 13.56014631796126
5.134352237103618 -14.19116286123634 -25.81082714702667
37.32610170420148 -25.2607240335336 0.2026204409157923
-21.13913685669187 -26.04622423485013 -12.25481330241
-36.84858507020168 -12.12160670285702 -5.521755786131891
-29.7437896207004 -15.61192398421931 -24.68399275394621
33.62430547517576 -44.23859579765735 12.40955264227522
-40.29251755193616 -46.96728263213128 -10.96679284442363
32.99914123538748 31.33422778938226 23.29384051581954
-37.61191692916115 -26.45419881395426 -13.88648427535507
-38.26201233768477 -28.95679798476525 -14.10717236701958
36.01666132165429 44.74664793058133 21.48155522307498
31.18226106091199 26.19930002413971 -21.80368721360227
-25.15263118789751 8.816562098865573 3.61159095238492
11.26885898832133 10.2813683689504 -25.24191727807522
35.21982850509352 24.22757179041668 7.3751799901527
19.62267353127124 21.5446989710225 -19.86468653729306
0.1037609890630178 -46.20648072602872 -16.07261418543818
29.9331824405852 34.00003294596731 9.228452046232858
-36.00398565885373 24.25417835676814 -6.566175588450477
-27.87120173633689 36.8586855644014 -24.81964941515675
29.61157702468396 -33.51019348549515 -6.351959134177345
-36.15738248097988 -30.81726757701938 6.969861120865303
-39.47559620112132 1.031718819494093 5.149482934751497
-30.82397068694081 26.29340545685052 -11.07787849073132
-27.11562689938401 36.48735434572348 -7.931810254307168
21.26892311992632 -4.258336499060173 -25.15722251248953
-41.02345703688727 -7.012126428992596 -23.81870434322672
37.36760857214865 -29.96237995795197 8.416312328478092
-15.61550206797409 21.50430692787023 -19.88122760403367
-37.98679339586995 -29.02141461221316 17.84725419550938
-5.161047639544215 2.10330609043602 -25.44254943646374
27.62212909541661 -21.70129574899417 -21.26897249454247
30.8606313158069 -6.656064738867674 -19.53870642788349
36.79962273850179 -4.406223617568145 -24.28288950303854
-37.7434685830529 -29.24319457608836 -7.452163020732157
-31.05125497940994 -29.30398532269427 26.26382244624571
-30.84563182657719 26.05659994963038 26.4620354499856
-37.90046781036871 -29.18368033054089 5.636437235584596
-18.24682444861856 -7.385443425225411 -19.35612998854782
-12.59688440249047 34.73945979683018 -24.16610552419077
-20.18860125098128 15.90921280461468 -25.50119577926947
33.31009184944393 -24.45416219268578 7.34779864679365
-38.25397260669171 29.16987181528946 26.88217027784499
27.94672910097035 -33.91254402304465 -17.11452883903157
-12.13083035260477 16.74245097314408 -18.5364991892683
-2.502091535731347 8.803916817040458 -18.53827496124703
32.79800673627809 24.66381623501185 -27.01414681032784
13.47196620466795 16.12031773326873 -24.93391715593476
-31.0131644216385 29.66793624888273 -19.14985435021899
38.03673408058225 -28.54688838912464 -4.390963845531266
-34.65356066712751 16.92897549219922 15.58565147281452
-34.11937668854737 -23.91585853913352 8.604182453655554
24.63863881533284 17.97554383289069 -2.323643652884468
37.70521688132688 29.02388059502272 16.46348603420791
9.774213467761726 20.36141413909044 -25.27926709465375
33.06328530003407 31.27632401011809 -17.44537329646104
-41.57629785607992 12.78130274493804 -14.21489451460912
16.25694305905204 32.14805586769332 -15.59996183606255
-33.08565873840102 31.2348433802579 8.456386198362082
-33.40941266188175 31.35228215194257 -17.68536266937374
-35.34487439307529 16.0484439324024 -2.02341799138152
0.7269856079996837 -45.04863596359326 -4.582095535403029
-32.54053748372356 -16.35926217884898 -7.925806390023517
1.146312675133905 -7.520859138509876 -6.789207426485325
0.7597695242484424 20.92916175016592 -25.37012806427013
32.30401935397367 39.81988911542857 1.138144982302555
32.5761646088856 -30.68463922847872 3.134879778867933
-38.19165020057244 26.32711844820311 -25.86611003582345
-23.31204341931256 -34.1988766293353 3.473823382378787
32.94636804568727 -31.15949807696818 17.45808558785833
-36.38801793814945 -24.52235608776921 -0.7632126059006281
-27.9046416535941 16.64484141991925 -15.37729924608927
-33.35533216120027 -31.28077292688653 -10.34855990212309
35.35797133753025 -10.08616487076194 21.89166565121688
31.1736096912386 -26.5601700997541 -8.465579599883402
12.31535246201271 -24.23281738289212 -19.75247804867949
-33.02664070347217 -24.19321083830217 -7.927304888387449
-3.04161596880778 -8.605857719127007 -25.6683757292801
42.60450885932611 36.8552031583239 -13.45922178231241
36.5976951079282 38.0816605781093 -18.69331454529614
30.95692213294186 28.8010609368732 5.854699488684328
37.91179581806364 26.88049831968483 -7.387315386104629
22.95055931376316 -27.10556868649909 16.78805308856644
24.71234854682161 8.113065859863609 -25.05703159471698
-25.33336178737432 -9.790020825933109 10.98448306831517
-21.62747235444812 40.42872834490623 -3.308506308033907
33.21163943542446 -17.25474974020766 4.054852737778583
26.27241208541939 39.20010815280725 -24.54646290839078
29.2785780392519 45.60262624284046 -23.50206486582228
10.05482962915866 38.58391605357892 -5.674542728461827
-9.403406312478516 11.92456969893543 -13.14584157691885
-32.74321540341755 -24.48325215771643 -11.3043127565371
37.97337635604602 26.88806661549372 23.02109055822222
26.08099572764309 41.86481959037323 -11.09472142897901
22.92098508843408 46.05329052799566 -3.855110162465274
31.34224368826437 -24.9017846954001 -20.95269618682629
-36.59376598781878 -30.67780894096898 -23.70063470865137
37.56530214496795 -24.96966065576576 -11.62570595139814
-31.66587287526917 -25.62177369172141 -26.83715589154891
35.10268764476489 -34.45711715541551 -4.899442360207544
21.55601055988339 11.92688174709531 -25.6721554324396
-31.42401768421641 29.86312079229241 -8.165178885416244
-33.71677141311283 -35.67091711500318 2.119864369388157
38.15712353449062 27.80321768288885 3.750686527812547
23.00391929769806 28.53788317350148 -0.8970293573073952
27.22978219444465 -21.5099320227485 9.331955219985572
-23.37601108633562 -22.14033348401314 -7.347477094179421
41.22363726631599 -39.94461515510386 -0.1607670255210369
38.07361039899639 26.5399280618903 -19.19324459683012
-35.74966381356092 31.18072795374457 1.528661763436431
-38.29491640100262 9.991212676382467 11.06664170221469
-30.94398980866865 25.00738911438945 -18.34458712944743
6.616464062134636 8.520888196080708 -24.94931794169879
30.66082591333363 -21.9088471489821 -26.65202257531806
31.00893671036056 -29.52850748350639 -16.73514901875757
-29.75920056412988 -41.2061672404818 -17.68344884034868
36.98261397355434 25.18754450230141 -2.38617919642207
30.79160205335109 28.81078389887918 -18.03602925521946
40.30578566517495 8.70734931727829 2.942327471490116
-2.916240447165742 30.65160984292227 -25.28741670136418
29.17974477024747 34.97912831864095 -15.64456951185375
3.705822549320449 46.06020470591167 -3.380031156093469
13.26632823936835 14.89889743193984 -17.48639908548134
-35.68422979888787 31.14328421557494 15.66818660448456
-19.32386677817967 -6.448684528683025 -24.86259776428391
-17.13520306923689 -14.90479109258647 -25.41221255983898
-18.50897160966073 17.83198469946449 -15.58693023488355
25.56308298213733 12.04236054699378 22.45050723401745
-34.11589418647144 1.771686345278909 -24.62213207902143
28.80123640106745 22.27994228102632 -6.361378765164552
21.58820293430936 -24.96304146059316 -16.41360530692057
17.72878232813492 1.246495241139998 -24.36485212639586
-13.74857274532135 8.069204659417739 -25.60057165055252
-36.19475448132084 24.22389979095114 -23.00753796238218
-32.77110317659912 -31.01753657959721 -1.89515447033974
18.62103899371306 29.75101447318023 -25.34825399767249
42.29280163838497 37.5184586469652 -21.34236536306371
-31.07381611843419 -25.89945632432166 19.91171051509693
-31.24724340214027 29.75799341604233 -0.9598573551956797
37.90177319528852 27.45948754013674 -1.975038908019544
22.75259678486032 5.935698350495615 -10.7500209466374
30.943120895141 29.46156359573809 -0.3754971403684375
30.96769584304424 26.14696653767007 -24.69724453953348
-22.23649230392242 1.545031172957031 -3.728634936330218
41.72028903248401 -13.94897644786915 -6.145269907498271
-10.51563383268889 -46.3370939775755 -13.78184885869453
-19.5980147573472 33.52777433424244 -24.94440295311748
26.27629534405813 -36.07620709371459 -25.4152206987183
27.87470419859809 -40.82790769264193 -24.48396301596697
28.73523808289207 23.21162501756478 -18.48325312674746
31.10143386787528 26.24258189594891 26.44935607024824
35.45245144850562 31.46398365616823 -9.871945959809951
30.25762953754087 22.79920922465294 -22.64922915838959
27.9575954185096 -22.31520090753791 -9.721357304149814
-34.04361773564924 46.59824929722921 -22.1045961476756
-34.82691495034892 20.17530080806499 9.832655440633591
28.33171056871716 32.81844551724264 -26.13879786917903
26.59376672092312 0.2930164957069703 5.340146314510354
-14.94155441310499 11.64626813979766 -19.53709782617387
16.48808926975585 -32.81150125648545 -24.84627509381517
30.20279621021758 20.00549759635588 -26.50777445244121
-30.58086887261035 -26.80368068625777 -12.40384892548934
10.78928960779241 2.844885899825644 -25.24409405887833
-26.0588298169738 6.086367432598742 12.36866116098311
-26.65656221193288 27.93740077342857 -22.68223356536617
-24.48822185854987 20.6316799642235 17.16952301810629
-29.31119502726051 12.50000269472351 -19.53871639713831
27.17859495251018 28.21171322609691 -26.13867985292144
-32.81290729430132 -24.30953818234821 14.00647148289071
34.88583805474464 32.38110417959329 -7.101408984182791
-9.796784901685035 3.403874149595646 -25.54024584341986
40.14110454263642 21.43627699530863 -18.19003260067404
-5.015879949165969 20.26800806880162 -25.27042112707856
-31.10136739732729 45.48770795215036 23.69534669221233
24.74490819646836 37.62910202058596 0.3090766166529946
28.47272181754263 21.78547509475677 3.965707048462413
-13.15599713680661 -37.60308531054985 -23.50644339258737
23.69183695141162 -18.35074116038852 -26.31667253767338
6.869344013896742 45.12106720901109 -21.43236516520432
-41.56479558478356 36.22031194559273 -6.470760069354303
7.743489891851946 11.16573254980868 -19.17711552838844
35.67550167585662 -24.29790323361034 -23.46497089114571
30.91807260065563 -28.86285186965758 7.450812300913542
-27.88762381521689 -30.47742629658785 -20.96112723535927
26.07889861588363 -37.57282675590304 22.94306071153426
-33.20261767415583 31.37010562737172 -3.344786370972815
24.68409516152741 -13.73130841888892 -26.29162789097047
30.99572113739524 -29.59249041248657 26.40548662756717
-34.80948532121484 37.45320600544874 -15.20778813250458
-33.07199799205941 -18.21804825482343 -25.96120318878795
36.51379347302066 -30.93511509300656 -23.33100772114958
-35.86932939745819 -31.21736808538707 22.68855619643645
-25.14429562983348 28.37743801823 8.454441245060631
31.07384168907205 29.66689791077083 -24.33130679993302
25.18068709886976 23.61931172169272 -26.60243051826341
26.9669284255648 45.67468022814313 3.290763837590909
-29.45000970507325 22.96082359374507 2.535585922109362
-38.02209415589412 -29.3392169011047 -1.222555965340608
-32.92752481170705 24.68282153939889 -17.31907219348079
-2.062893829266353 35.93530012788262 -14.73948529181914
-29.42996531076255 -21.06563159969276 -22.36927629463641
35.53272492398779 36.61167523750775 7.95728144679511
19.0152629281947 -16.86529646034565 -14.80491847018892
7.029830798960563 -22.22271033454075 -5.656978936016362
3.318140417313275 17.00682869975966 -5.429146440087973
38.05741573405182 -26.55639252597178 -13.49066466564324
40.98321312950513 1.432396601090793 -5.061244622407568
-35.68526280319163 -24.21867204701507 -10.11082642382192
20.25824490130856 43.90312498272019 -23.23438319261901
-33.19667764895452 -24.60760885508871 -24.23204169503771
-6.06280526436376 31.40072116559321 -4.294513389999012
4.013755193494181 31.32464493379974 -24.9113241078373
-29.09766664667952 -22.37614909101092 -9.530592020674359
-1.802408695393371 -20.36591159721352 -25.49839787568052
-19.45259346824077 6.294174207659291 -17.23742365481166
33.37605055899915 31.37512984612455 17.92995290882823
37.87599367335664 -25.61361220059076 -26.03327831073287
35.63173864365557 -24.32447608496169 -9.988123261715209
34.16657500561089 17.07360532796002 -26.1075542365341
-36.08377323581971 -24.49431491364513 17.81458283976275
-6.310151286118791 46.63234392396832 -3.539713449893899
35.45843555201876 24.19467108188401 4.099538474023625
-37.88472621093224 26.38570217376245 14.41495540349243
-30.92477742824322 26.57231950482174 -3.889103411550633
-32.57431640843289 5.679449744799083 -9.737608468459246
41.53782564306708 -8.649323871583514 -23.54284132182191
-26.13131684010306 30.60023549702404 -14.67343649024006
-40.53141283255077 -12.92010720835754 -17.50164178597549
-37.72697909918987 29.34147939969086 6.447314637839087
26.84780999920783 28.15793048310864 -4.132626273988845
-23.39910994832055 -15.3105658945525 -19.27955445790325
-25.7593884710714 8.988023077163136 -25.14599115665096
-31.704947582908 -25.89519683734777 4.995049755805419
-17.7700053259628 39.88234193393523 -24.21761427091591
31.00037456834604 -29.33348615007095 -27.1386501051445
26.5877819208284 19.14334446770989 19.01061519503532
13.69635056133778 -8.109869034336144 -25.60128108965381
40.34218278366172 8.991084053239954 13.48238617402833
-40.15883343541714 0.5372677300010764 19.93749453812345
1.813242614143968 -10.75284139668081 -25.76338378454053
37.80564529103864 -28.99847836003739 -23.21571320039578
18.95708499074662 33.50718806506587 -3.406193718772616
15.74787746941037 -21.5102239943637 -25.50324318434686
34.06890817103878 35.7135508311694 -11.82427011844153
33.898571198307 39.29364982144124 -7.35067742807276
-30.09211323612171 22.94469836089524 -26.14970647585657
30.84325184892193 26.29788992894215 -9.171835666725041
-34.55477991711204 23.86847079370995 -14.81338354971034
30.7004400068565 -26.57541754478988 -27.22581503893326
27.34820968461581 -24.66955836189805 -23.96074703481657
41.2103076706687 -17.15705938485564 -0.04496437840235662
27.62420102646652 -27.73343048911005 -22.94974101478587
-34.75586551213284 17.10141551342745 4.933076046076784
1.947977623088056 -1.978168147220097 -25.69279911870136
41.73559798937825 14.29062154037597 -23.98163942746591
-21.37866216247952 23.85650414004325 -17.49628397603788
14.54379225184 46.50459410636083 -19.2523949019339
23.42689802374887 34.19069822807609 -10.13034321642161
35.73194821295991 13.1063812130159 -11.76123467369527
32.75233708441579 24.33181002880385 -12.24432245961585
-31.6044095376273 -30.12612056331823 -20.20247810704537
31.27645247822614 26.2989110687279 12.92188695713526
23.60859597271984 -26.5021109734766 -9.986309733496807
28.0689400251538 45.70911165426512 21.2833535844559
-9.999663638047593 -46.54698863645964 -3.151388568134399
30.76623410275477 -26.54777623761055 26.73967319466884
32.84940285601693 -24.6391660591637 -10.12570065388951
-26.04947395617373 24.52586743990713 -26.41974199963567
19.24181521735766 -27.77602466848901 -25.62946400496938
-34.31312139705905 20.39227310638498 -12.14527035012076
-14.7360261944905 -9.514783108930935 -25.48740579895347
-35.91070001448858 39.13603966454199 -7.683886939678892
31.11116250103397 -26.5183411524737 18.00998068837692
-20.04475212266459 12.14835333715312 -19.80562211127187
39.42200783979273 -0.226136543522029 21.91760393456058
-31.58136817717428 30.9634653932606 -23.98886790130381
-4.193815364901455 -1.538276517927472 -19.97058217077614
-35.94282353189719 -24.69993293959682 22.92779737080271
-39.75334366689025 -14.89877090703379 0.5891798667443104
-9.832587909772345 20.82424600818457 -25.82250462248432
-41.14084966200755 -12.59634026045853 7.845814941496645
25.46224346075934 -42.70275144371202 14.13634124366338
31.95853062631221 -9.815358616155518 -25.1251330715772
40.75485415709014 46.48015510354885 -11.929657273856
-21.52833220534365 -16.84563988335374 -25.56912501490258
31.19719915498145 -26.29559465932796 8.967322991380456
-33.66003291405984 -11.00970387457825 -24.8517955022427
4.961983968369698 8.029000095570874 -5.290073889508381
-28.63037370403422 -40.8311263992144 -24.48837309975238
-26.45907843175954 -34.40504975140836 18.38302413640334
-22.0056881669346 20.59218816233626 -1.252602491310095
39.87558548184436 43.14387871416917 11.09743438611005
-25.23320773790135 -21.80347413841553 -25.9704749777551
-34.62967668200908 36.78650445872217 21.21677336983203
-25.64158430196211 13.20317274167333 20.41013296642962
-36.00696338368643 31.33239035079038 -23.01509400811677
7.464596986961261 -16.91889255634981 -16.06489178077922
-5.299191451046688 18.81062982878844 -17.66916523351688
36.42613040879034 -24.66207445232769 -16.09045376218802
35.74622998711823 -24.410771115142 -13.56730549520547
26.81523409080993 -27.02289357311954 -26.52121435173787
42.18698561190114 -47.64261212826465 -3.790917239750849
28.86436672203094 27.5164279056984 -19.80374099032278
33.9511266799548 -19.43176095545087 -1.157116243103052
31.82818733962141 7.601058889011981 -25.45584126716238
-30.80054885636913 27.07719256943431 -16.69155973180246
30.9514369120021 -28.98658820751567 16.48022060524234
30.58823943234245 -45.14615105616834 23.18302572718515
37.68763089510722 29.49655055224286 -3.880907745816231
-22.66770069055148 -25.9109191377966 -26.29147761511049
5.742140803653283 -29.8083252531709 -18.82167555180553
21.3584643632272 -26.04770954763342 -21.82830335735124
17.65748760656833 -28.13465062492146 -19.05497854810521
-14.8363713634102 -19.80389520294887 -3.519181803684786
28.84278268732853 -0.8198100132704824 20.48776054686832
-36.294487658767 -24.28920714441357 5.864718182849545
-12.52709035848451 -13.66313930427928 -25.49112499817718
-8.812920292053457 -14.34314381888436 -20.96000996396209
-23.5821595234073 -29.46524167904863 -18.57366186623989
41.6216864440286 11.99359442959334 -17.04083794811163
-28.88139283336772 -35.35090061776068 11.58931094714388
-23.06243573228643 -33.67606077419914 13.48291993299847
-38.9173847085677 -40.17424102018699 -15.4046252187147
35.80441251942464 20.08534426363132 -6.008337913158794
41.94823832877231 15.52865334934575 -0.4839789474226748
12.76284442926149 -17.02599142095906 -26.3278344789206
40.93692789379553 -14.0161998178961 -18.22587716228894
37.96758310576845 -29.81446957743476 17.39811203611638
-32.36447383172855 46.28412911112048 -4.635339641840729
-35.46824388772531 -31.17664565049145 -3.486848930651031
23.77498728926087 21.75500086396082 -16.27226555967784
-33.35283308114808 -41.94997024623804 3.674917238403031
17.26879228549422 -47.04982915852748 -4.965645634577472
26.42282993218866 34.77137427424402 21.55493697088668
-30.85437678853718 28.51858420889336 -23.53082363314863
-28.14066856721708 -17.82439857936309 -19.159581911111
38.21819541110472 -26.11926372612936 -22.23871776378719
26.44774879790306 -5.286102571060117 -25.29509706808389
36.74814037911653 -31.06938637416274 22.22694526769802
31.03294800182035 -26.09026607641923 -18.55727286967053
-41.62872882672424 21.93628986886974 -1.838388592186595
30.80583569972955 -29.20392829529884 -8.514665430395603
28.27068332905234 -21.16138640297585 -0.7925199627682387
-30.97271218909722 26.15477635637774 23.30923713070788
-24.25339456718735 27.44869867574689 16.01427375775887
-26.20212537650418 35.99757107869133 8.031560422879613
22.47600983117491 21.88672869370158 -9.513144932740685
-15.01458043601257 46.7151171278761 -3.930787579990387
35.57193067416522 -31.18214866558729 16.90604640797297
-34.64076075305705 -38.33597035365138 -1.516737215733298
28.26913182881263 -0.6479343028145819 -18.93673630892237
32.65778806240824 -24.90088943435593 -27.25430347314153
12.90804840850577 46.33934554349679 -4.67564166395575
-12.40844907594826 -29.92979982184916 -24.97590898934492
-4.799669993220378 -36.77376167478658 -24.32725141035937
26.9790779201686 -18.22147843078489 -6.05650724600599
42.28036061751972 -0.338740853658058 -23.2912126888599
-31.20247637897451 29.27559929953847 -5.0771456652675
-17.25850113215572 -20.38930565239795 -25.88330614077281
-8.952799657634047 -4.7028922021595 -18.63212333354704
-35.17215984054542 -37.25596428134197 18.90156555691472
-36.16771480123155 13.75966494353447 -19.56735368242542
0.8056204087974483 22.43189550764345 -19.1060633324904
-35.10288276495127 -37.34137486866344 12.86062462623039
27.90070594668866 -27.35157219772601 5.361135115122315
23.59993154036344 -29.59591692819896 6.939620758841122
22.06277689459456 30.92285690287382 -20.86408184323845
35.13289054855909 -17.60662185446174 9.083475889928152
36.78311419949407 24.70789907868823 23.52395382889161
-30.56845405451361 -28.464979804142 -23.45909257175932
-29.69432753630591 32.57564566913302 -26.10108769229869
-25.57634583981618 31.39448046101962 -25.71857951958794
24.30754221413719 -44.55511520439491 -13.17126245826854
31.13907673434001 -26.45913153782315 -11.71744597715682
32.61271492325822 -41.33201606358515 3.408377423169956
-25.53176505901643 36.47979824216167 24.44214423205352
-39.42274493438278 -41.6774700639293 -24.04687180786268
-42.237037449358 19.95115038808776 -9.242399576278913
-40.53825628667911 -47.01234066682543 21.75693817518212
32.96059150525783 -24.39789189756593 23.46378114754493
-1.534166165960321 -29.16174513967921 -4.364822534363957
25.18256003807825 13.2476481776622 6.228727938241978
25.00189410179559 4.831268719786125 15.00082723549425
-41.48262485622896 5.17112229571933 -16.18986064522495
-25.78337611975054 -19.72318554148942 15.32968552724794
27.09748257895034 -34.59538478884645 8.871914429712051
24.72230654381616 -37.64427335850903 4.109810627502205
30.36207244707792 47.19687305929666 -7.023388446996342
16.00089828616282 11.5892132742875 -25.66061032015831
24.34801573536111 -15.30014500945026 -12.04458785404607
-35.75203444427809 24.52468415614914 18.77259419000655
-19.49473065495106 -19.76500588931039 -15.6995971600922
12.77370329842105 -28.21438043733393 -14.97623240859193
-33.1623743067162 24.31456684046547 17.53625837855057
-33.17051469173552 31.06685444798466 17.85457701010386
19.12564868860071 10.88423752409821 -20.07962280419008
32.24030569130758 24.84572461230553 -19.69596187131117
-12.08426966928089 14.23362750793834 -4.111054786079668
37.28962542576085 -29.91553268870864 -27.02119930060082
-26.86369162110348 -33.99446332622628 -2.443616846802175
-10.52792096583408 -1.953701578996079 -25.61707326366936
33.09104190292122 -8.429520920564388 6.787992126428239
17.88142179816474 15.53419779688433 -21.09783246867061
-32.59227753540058 -16.12611017453457 12.38289621791298
-35.33971016956044 -37.07909193523442 25.1318105588735
3.345167761624907 32.2511600993971 -4.683536081695601
32.88794614768129 30.80666111020303 -1.2483039032851
33.08389956152327 24.4079324005168 -24.23341734721221
31.10149099114888 26.8592857499461 -14.60282260805759
-41.901795707993 47.24263838064098 10.91697810592041
8.557634600643338 -11.05551640687965 -25.47289982909775
28.23084309619618 -14.73817914075809 -26.26391091500544
30.63987084679153 28.41716105192095 -26.97113235579484
31.47611709862129 30.24356644243777 -27.23822251321554
-24.04596846160302 -8.203868399596823 -25.31962749196176
-23.59344464014475 12.59195032313748 -8.213268654389214
7.179083192176165 -22.30465760912842 -25.63011067349581
25.97953385933358 19.8569105034248 -21.34521175554525
-34.49499820621812 -34.34273136579263 -4.783204778997399
-31.24456155899443 -25.90368335623481 2.373944950522946
32.60855718027418 31.12425475428781 6.722810926113172
-31.18110290700898 29.10866872499449 13.79416790546564
16.47955304504511 21.44535556329748 -25.76454441075765
26.84558960473425 -46.55556953981257 7.164224490406413
31.34357493778749 29.16750612377707 14.33011991159655
29.93728811335482 27.86464687921071 11.42559653942882
-16.99650762373128 25.82479884604157 -26.2185988173188
-35.58488283310047 24.75995908282039 4.502116133037917
-23.38296332871813 -7.158255560138436 -3.339078982255446
-33.09104933508057 -24.37984312093969 17.038910451295
-36.31246381147646 -24.68218909944134 9.490323155808317
35.85260238376268 24.46413138507824 -10.97214136427438
-32.59979080652977 -24.47567598107764 -4.294137900413169
35.12177389618195 31.20546241001109 2.202685347504913
5.040229397820549 18.29111936517337 -25.08701495571547
-35.77895934241312 -24.27276527710858 -5.583160024890123
-33.9479068809823 24.15267736133107 -24.00070466273466
22.7833824583969 28.99920777259017 5.487323519457039
-36.00782049320337 24.77875103547784 -20.19451907699743
5.170274288189592 -6.605195864102935 -25.23743989624684
35.44767404184852 -31.14956514679277 10.1885502542547
-36.23842189115206 6.613517088004911 -22.8063256538844
-31.31081510029329 29.34911742955927 7.021299246558247
-37.77459555566335 29.26749466206205 23.76593911913993
-33.30474410290363 -31.30970905336439 10.91076538977907
-19.95569057153293 -34.98328704214919 -2.49951400279198
32.32389177056083 -5.333645253198952 -2.142644829466082
-31.32770247614674 29.60995503871807 2.278636914498598
-34.26337301927404 15.09984893678454 23.13379254043371
-41.94098519248832 8.325332844651017 22.55829803077504
18.49513959120576 25.08472099785506 -14.34199063591911
-20.93044604951071 1.941004724636069 -25.59089622792177
-7.957174638408355 25.2814388288324 -25.36574734886909
27.04554505662677 -21.49048804288017 17.43441861183702
13.95205937651867 -11.47270809630797 -21.20083230631564
29.10511360673006 -32.30617159724825 -25.61447686667719
21.44489870086741 3.63667811166924 -25.69696875339629
-0.1684307996977669 47.45696357506648 -11.59586957189239
31.22281846117115 -28.99055763685462 -1.012822826400918
32.71868421708734 6.098944407112616 -18.74331634158249
31.33979036405502 -29.04179396581651 1.66587810930815
33.4647403031066 -31.51165708338267 -23.47816718108673
-35.76994754907165 24.41395669156818 -17.65430865709908
-33.937884304306 -31.00930646573924 2.793802077526906
14.34716885456879 -17.74514506818806 -3.186670541811328
-28.04479657973257 26.99429152780097 -26.42286909911885
-27.45790787000418 42.45328864494433 -24.63213501427831
-28.96165552237263 -32.55030891175409 -26.61086194916478
33.3102874130449 -24.49404850063646 -21.20861874942756
11.91117404521546 -2.204530794868937 -25.72569756324838
0.3611493516177842 -30.46155947431826 -24.64500110690103
-29.3110986025986 24.54106045917302 -15.97744903010462
42.17901327795906 -16.95217374642782 -24.33359689398575
-34.2286145800261 -32.13315511014721 24.75560680867092
34.49822111517561 24.21807969009536 -4.385770342352745
-31.8014186363532 -29.84173818224041 9.080286594851543
-31.03007386761478 -27.80731389130145 8.88663469289299
-20.21423753535011 24.09861296588439 -11.42392874687411
-26.50436741727138 -47.09584231812619 13.6794048540848
41.27624874445171 -43.73753056708671 -22.09767205752108
21.1980774615783 15.46951819967555 -15.40602265140164
0.4834664703067695 11.25589649233152 -26.00039744132962
31.14572084953275 -29.00193698060179 13.60069902030294
23.80620627511923 31.05622150143299 -25.60919936086505
32.11645560167412 12.9803189721436 -25.8226570098199
33.10393290185088 24.51005743694401 11.54587440575358
33.30748662638675 -31.07018899065704 -12.05408396881944
-27.41210776852991 -0.0868944023771839 -25.59016120323249
-40.85970315127106 -44.61783938362341 -2.593605915616501
-30.77846683188188 -28.52798525571945 -18.10773517212957
26.77715047204272 20.60062916140008 11.09748729839528
-34.21099512232008 -24.27586633514291 -16.16991988625571
-36.16601793843387 31.14072165730506 -5.385499728164391
-34.75322101359487 -34.47245434044658 22.34865627641564
-25.51004368114334 -25.1486141336059 -15.69458632179321
-31.13558191628812 -26.47380954460715 15.92952475823597
37.80749485674541 -28.83732875835954 -10.82394576131541
-25.90961699326551 5.492674249142951 23.04400060767133
34.73897754153403 -31.12606909436723 -3.967382948437239
-41.93766812119506 46.21855579034696 -1.393282314925734
-26.41046093578406 -10.69977587156466 -10.74102426249307
-17.52140172749263 -46.46234580481523 -9.222188567648788
40.48924363488285 11.3911325848174 23.18864815718539
17.7648657297566 16.44560722407341 -6.364660911402162
27.43791303142756 28.24365411159173 3.950056330949536
-31.12196312492114 25.01864207504863 -0.6227132279172513
-37.72144154220932 12.77811236431712 -24.88853899886977
-35.66442800315279 -24.47391570070494 14.66123400154947
24.84346642661121 -24.2232308700342 -26.56803240497731
22.69359047308457 -19.31646857070342 -22.48238433522988
8.421386085990944 -17.45665839422082 -25.94298612316527
-28.38965651653369 35.1591869582211 -17.23055283095092
-41.20665859102211 7.125280622085361 -7.096677831536491
34.29113273675455 18.59506341090571 16.09126314500266
-0.7855283577441717 -37.94503969332746 -11.86959656385268
-33.32744415345732 46.42627929084898 11.67015479156707
35.36230114452346 37.22388152314382 15.62894834593494
31.67451720560257 -25.21271165421576 -15.88677838997802
29.83778718535569 -23.61114129015169 -13.65444094520335
23.90915305046876 37.98460836825222 -5.982748047876178
-28.26652814761546 28.25942466565013 -11.68754756326351
-24.89488118349175 -13.30127210280933 -25.62103084791383
-35.85392363230285 31.10932515361959 23.45366080022603
-36.01693796023118 -24.24254652378405 -26.7465912896048
36.9172736007805 -30.38712593830048 -0.3343007808905246
31.38498546510808 28.90113536734463 -10.14341899792888
-38.01782325791743 -26.4800286819415 -5.855564647415531
28.72042540218648 -22.31989584243418 4.951014834015246
-33.18717365343581 24.59333488242403 23.10390759788248
-31.23467267690035 -26.83059196906763 -14.81869756464759
-8.733390750233241 13.79934111931107 -25.93508597683327
-29.96080312717365 33.65137040739824 -21.75371019020009
-31.07968452121639 27.99037444041602 -12.62297980581064
-7.036238536560387 37.27221764196324 -24.44009562037533
27.43755942345587 -46.20363524341565 -21.52036935683633
-26.5859548564655 -25.03870666277306 -26.71604033402346
-31.36578886672595 -26.53418780974865 -3.890185441799641
-42.20340104363711 -15.92955449887034 -8.719364114010155
-40.41546160067398 33.93573155416269 -24.81067455838096
28.16551143397783 38.81566639310431 24.64170387059463
-39.4653175900714 32.97611139178026 -2.473509819666474
-20.04658189138678 27.16922939442722 -3.390095364151403
12.80461442371913 38.83485451197196 -24.17988823141454
-30.92996293729993 -28.8066685520861 -4.125351931170419
-18.02153773355243 -1.282502209351223 -25.71045124493917
34.52596247142387 -15.65250275529773 -20.79611139649384
31.50098583104027 -30.43375397255562 -5.203806163964185
-33.23692760120893 31.1922103581402 -9.893270552604418
20.01621006575379 9.504246290050029 -5.072931058797916
42.0832296156982 -2.65864191101212 -14.06144270412668
25.46950751267122 -22.65705623500395 -17.58075117675769
35.05634844497131 24.27471250666299 -1.155735705480644
-33.74169349014519 -31.21906578847493 -20.89777441676186
39.96840323946596 -33.20295453643359 13.87081240976026
31.50856623191669 26.53999743989958 5.825270138754204
34.86675898815697 32.00831490090928 -23.86018113165482
-26.38795170153043 -45.44342903440209 23.37597680076621
35.33619863705275 -1.341301462547002 -9.582309809063462
-14.82572379213681 46.54257291569903 -21.25066651602214
31.20911638859524 29.04502606342635 -7.24715541277342
-25.21995915666002 -39.44072566964923 8.592554317555873
21.42411803865742 25.70011293899964 -20.89795177043407
-35.92214250123818 30.92109467626669 9.928809797994962
-15.98877998006339 13.15763118875809 -25.381072399792
0.7464951112141419 26.6084520178193 -25.43788653084468
-30.99162764814801 26.30983446116418 -24.42884350456461
-33.68620205917451 -24.76003396703078 -27.86487646428202
35.72931447814601 25.06629936734464 27.94010759283277
-22.42654770016882 20.62952179471403 23.41895680429368
18.35047230920328 49.994797826046 -25.41755169467528
-2.139587224776353 -48.78176285532699 -23.94514100930965
-42.46603835015386 -37.19269544240925 -24.9517689840962
24.07335938366592 3.390840424633855 23.82180774279596
43.23782099338067 -9.267465715762642 25.34296108255157
9.393131368378304 49.67274380356914 -24.87972700404851
34.84690476350524 -25.10448931494924 27.95191219894881
21.54955401046767 -26.55585157155064 25.4914141744857
43.58367701101668 -23.99254636025514 25.09491089736715
-22.4706605091645 -12.12258666820505 23.86799477223978
-21.75210709890897 0.3614051447476879 25.14427328465945
42.51784664578945 41.93911465115952 23.41629581772209
-42.62537373140702 -9.582883462865764 23.3142082611405
-21.97311098369614 -34.35811690746777 25.74333612272971
-44.38281421098869 49.35761359362096 -10.2835996252722
-43.64729704762572 15.77601723629551 -24.94573864843577
43.73151717224728 49.72723138042452 -5.461913873564872
-44.30289486439221 30.62161290835205 24.92319032352712
25.72827469437985 48.68458273750702 25.07804007687462
22.70135699360028 -15.11616170968349 24.68666651121878
-43.57679486837877 19.46984801403366 24.5059243408851
42.95725589373552 21.83234099961559 -24.68200714856523
-32.84997399034509 -49.53882462768209 25.01052701996596
44.19589585543783 -49.74976031697937 -10.82901142415853
-43.60649486372856 35.14898169899494 24.45276369414323
-10.89039769560506 50.03816314496078 -25.05028403152077
42.97894993954711 30.89660720538982 -24.35576378176068
44.06721782973325 -37.13752756363207 25.31704791120069
21.39667535762647 19.44446576140887 24.82526896966825
-32.17709615360723 28.84087772714745 -28.40456469640557
-26.82101093917144 49.10773033733681 -24.927698652414
-22.49198501211074 -50.08673671331006 24.94524903661632
-43.32744635324729 30.26226077592786 -24.94710741234742
44.18927732761073 49.49103650123754 -18.50652471158629
18.42482285485283 -49.55395433008115 -25.20318829081584
44.40448240133745 49.22761291423736 9.770339804816256
-44.47258909477193 -49.60471325061864 9.371524348601476
-32.81017196178459 -30.2896286103895 -27.7091339955456
-37.48782613063651 49.33035110187326 24.22523724636644
37.03158223941373 -49.53536307854522 25.16967772731883
37.51545010713289 -49.25799433834958 -24.65772329023239
24.63624603496273 49.27116315413944 -25.66066543505269
-32.86334576224636 30.13880267073937 -27.93314055118474
-31.61608108107157 -26.80539876722231 -27.96077242869441
35.58359117877727 30.5987991675249 -27.72977470042381
-31.89878277014323 -28.59323878406794 -28.18936023416649
34.15624026130204 49.61775956089296 25.44900653030643
-35.51505162308493 -49.97201180259992 -25.01967500705634
44.16078839075274 5.050688904783009 -25.57447893752227
25.30906661027068 -49.4897625475594 25.50206764431408
36.74809947712728 49.78942343698223 -24.99361589643967
-44.43800732318012 -31.46079725684979 24.74297474560728
-32.0223252862073 27.21091497916448 -28.27166984729647
33.39997227608042 -30.51890099055911 -28.09136519762541
-33.51056192957288 24.71035911216696 -27.82362530501663
-24.29199281412004 43.10380796527129 23.81830535862305
-22.30579918194176 32.34396832024305 24.85037607867594
34.00082926659854 -25.37483562713237 -28.35879861646491
-35.73098025003463 -30.33365003093528 28.13483053688234
-44.2188719390309 -1.987537292016901 -25.11816022763272
-32.88167412806889 30.17963868540309 27.83044908034471
31.97826411580873 28.89910432462153 -28.14102265083098
-35.2082944369204 -24.95872506467179 27.98242778565602
-37.11936444702815 26.39369582517402 -27.76828638965338
32.35418574518182 25.98128099297721 -28.19615154036319
-32.78873881661875 -25.33040188956525 27.84475325948802
-43.68532895392853 -42.80707949375346 25.22674585685105
33.93025762424332 25.34478429169371 -28.31025575285444
35.87244594127609 -25.6148111432531 -28.23713335599178
42.93582178053656 48.51179402680246 24.34408722822201
21.81053204879568 36.49930989044869 25.54146430273444
-44.28724933933362 21.38617346044663 -25.48688166315179
-44.17825452357835 -49.26405369604047 25.38786795427826
43.1346300448897 42.37892263299315 -25.17867460822746
32.01229990917372 -26.4707159049475 -28.17587587860041
35.22938566604725 -30.7108939631934 27.59645247730922
44.1985249757653 -37.21480787423682 -25.72507918509775
31.73638205858036 -26.79865190795423 27.88265873656806
-31.63092465271513 26.64296362222462 28.05145794434936
1.972492250918517 51.07101404983824 25.40493858236783
35.71533025188543 25.47645421667368 -28.31695653014238
-37.46239382492193 28.61205646271583 -27.40757335480291
0.945319174731339 -50.99869033984628 25.73673488691922
37.47270230571633 28.44347144947706 -27.82766445760958
-37.03485196615743 -26.39326558094123 -27.46536030854178
31.46783585481826 27.18229809438659 27.91033506992246
34.89012779156857 -30.73334283663151 -27.92604971232741
19.38311372396735 -51.02087477902909 24.85235226873283
15.37729602052455 51.14674183379513 25.63201881116416
-16.56534330333421 51.20935248417684 25.78409280015565
-16.38021122229346 -51.17463285282781 25.81466178161824
33.69906153962539 -30.69583714215545 28.05844068842124
-10.76301956531278 51.17892174570832 25.33690844779746
-42.32594486121389 40.75386687882779 -24.82234295944072
-10.7585356400923 -51.17722781170285 25.35008287401709
44.81170446489001 -21.40009991983031 -26.05579765413719
-37.2333874473202 -28.82847285709894 -27.84745908976267
-36.91213663000713 -29.51927586436197 28.03521909613422
-42.63056403730859 -22.72491252525725 -25.57486696127237
8.629241207938053 51.06636456766783 25.80352985064967
7.579584289024468 -51.12919187729239 25.6523594148906
-32.33177641313208 -29.66795412934449 27.88716673627878
-35.55263269723869 30.60167121241339 27.62375426064547
31.71877927648733 28.81724427665345 27.82178186688773
37.4242838347028 -28.35645731274057 -27.79145339891738
35.00417265298406 30.59057123111016 27.94640367935389
36.71286299126867 29.40706888069898 27.87462809439106
-35.45515032073411 -25.35511036419987 -28.10363439177555
-22.15416129328645 -19.9490735908403 25.10837678477244
-31.48351935181465 28.45105558128891 27.63565091239504
-2.068498866474414 48.53089817068461 -24.77352779389179
4.695634748946027 -48.74487095557175 -23.46557076474596
24.34587112117916 -6.017096919363166 23.38393888822391
-43.85517766787556 -49.72457359035335 2.459720297306327
43.40561964542335 49.06323182765684 -24.95286560394618
-42.37901273505376 48.14400261384829 -24.10275326956824
-42.93377276015696 48.75436405594806 22.33102918768371
42.87188162105058 47.55218937581034 17.4441004948376
-9.316011241907477 -49.12586618205527 -25.08957923219931
-32.45114134166592 25.52417059219787 -27.48544172649094
43.71867084830659 49.67605324725371 1.902466216978379
24.59066006999459 -49.75869607402525 -24.92582183087345
-43.39103247499457 -49.90344453131509 -17.79852165325996
-34.71753659993465 -30.85288929900013 -27.8366009216634
-19.862190243273 48.67481399699652 -24.73634591663983
37.07305504563566 26.26587775357203 -27.56256525769466
-34.64335758962363 30.52035948086097 -28.00966260127155
21.77298764585887 44.51271547963262 25.47972350945832
43.90801709214252 -49.47548269141354 17.80828148038577
31.58049872632888 27.49194959328278 -28.01825012629331
44.89376659100581 -4.328199923890911 -25.88182669203594
-24.20056642716251 49.3952136375255 24.55903860119072
32.38471496280219 -29.8302176978946 -27.85195387197835
-34.058822866897 -30.66189076313906 27.9006498466353
-43.76417724057876 -49.71098270919773 15.08098331454686
-42.26842728025637 47.95490926648413 -17.44573540694714
23.19671823357527 -45.02661107941149 22.90426764190872
31.56973532490898 -28.44673528063076 27.98896066383314
20.92272077518902 50.425388572115 25.17209818348072
44.64448995521466 -49.18732125830635 -18.19333080877027
-22.19151573481123 -39.65696730289439 25.96818589745744
36.51592604213935 -29.75891244469021 27.63537079189863
31.66429356624043 -49.06984955519953 -24.61805083332722
-22.35528428782244 27.27347486444966 24.80057377542524
33.08664132257052 30.28037559969897 -28.16755859252381
32.42120157777408 -25.66599292029089 27.7801531230976
-32.54067920728185 25.6594288466623 27.70370288179828
31.45297112922585 -27.71799929973348 -28.02799842951058
-43.18613491732452 -12.89586918805114 -24.95248921206966
-44.3595423115618 13.5981924061628 25.04210812128332
-37.15457168044362 -26.12213939418659 27.71129535626258
43.39360347549578 -48.87089062706698 24.69373833081669
-4.662493802628327 51.03381068748024 25.21894293133575
-4.742093442346594 -51.02398845627499 25.32786075500443
32.58744497240853 25.59448514306057 27.80210699733171
32.50282884400043 -29.88631643418498 27.74355891268971
44.23708475728056 -49.6851102453968 -24.9594058202714
32.50623955319183 29.90625140892185 27.68300781079112
-35.33338384056425 25.08964723084637 -28.06813122300846
13.34563778479828 -51.1013886676758 25.6385329415179
36.62110095170895 -26.04952776769407 28.22942877350178
-37.29134798771795 26.73832719188592 27.52095449033283
-36.36474839204394 -30.02397535187839 -27.7274516893039
-31.32740726992691 -28.05795976107082 27.74393469686037
-43.24364623415362 -49.59584410202326 -24.41321463115385
33.99529451525073 24.77659569304349 27.61807889657136
37.22745680891076 -26.69601674944998 -27.66485338523102
-43.24782703348078 41.56758771237408 24.4115259458085
-43.67795416128465 3.706942168839927 -25.07746409634783
42.96793262220143 -42.58397043457339 24.74982896707957
-37.27224279567986 -27.94160216860509 27.85847352027483
-36.31760537427676 30.38197720330507 -27.34976867389445
-21.73575414440527 -26.03963433653593 25.21854013915934
21.34646671277173 25.45908110914151 25.21104093939797
33.54640268286662 -25.31699134940173 28.17207965749232
-34.11948167196814 24.84504221797123 27.85244684441979
36.87500722030523 27.40451455901317 28.25801820004842
33.61266258881558 30.22315012224207 28.14981877997179
-37.02140108981661 28.85171947262759 27.86716539516699
-31.73316635218535 -26.65736913910918 27.60892371733785
37.02527968484154 -28.22289106596504 28.30458516001263
-21.20826218095264 -44.92976662417806 25.52652649742185
32.00403325574809 -28.62527980070351 -28.15124272449923
$EndNodes
$Elements
76 25226 1 25226
0 1 15 1
1 1 
0 2 15 1
2 2 
0 3 15 1
3 3 
0 4 15 1
4 4 
0 5 15 1
5 5 
0 6 15 1
6 6 
0 7 15 1
7 7 
0 8 15 1
8 8 
0 9 15 1
9 9 
0 10 15 1
10 10 
0 11 15 1
11 11 
0 12 15 1
12 12 
0 13 15 1
13 13 
0 14 15 1
14 14 
0 15 15 1
15 15 
0 16 15 1
16 16 
0 17 15 1
17 17 
0 18 15 1
18 18 
0 19 15 1
19 19 
0 20 15 1
20 20 
0 21 15 1
21 21 
0 22 15 1
22 22 
0 23 15 1
23 23 
0 24 15 1
24 24 
1 1 1 7
25 1 25 
26 25 26 
27 26 27 
28 27 28 
29 28 29 
30 29 30 
31 30 2 
1 2 1 12
32 1 31 
33 31 32 
34 32 33 
35 33 34 
36 34 35 
37 35 36 
38 36 37 
39 37 38 
40 38 39 
41 39 40 
42 40 41 
43 41 3 
1 3 1 7
44 3 42 
45 42 43 
46 43 44 
47 44 45 
48 45 46 
49 46 47 
50 47 4 
1 4 1 12
51 2 48 
52 48 49 
53 49 50 
54 50 51 
55 51 52 
56 52 53 
57 53 54 
58 54 55 
59 55 56 
60 56 57 
61 57 58 
62 58 4 
1 5 1 11
63 1 59 
64 59 60 
65 60 61 
66 61 62 
67 62 63 
68 63 64 
69 64 65 
70 65 66 
71 66 67 
72 67 68 
73 68 5 
1 6 1 11
74 2 69 
75 69 70 
76 70 71 
77 71 72 
78 72 73 
79 73 74 
80 74 75 
81 75 76 
82 76 77 
83 77 78 
84 78 6 
1 7 1 7
85 5 79 
86 79 80 
87 80 81 
88 81 82 
89 82 83 
90 83 84 
91 84 6 
1 8 1 12
92 6 85 
93 85 86 
94 86 87 
95 87 88 
96 88 89 
97 89 90 
98 90 91 
99 91 92 
100 92 93 
101 93 94 
102 94 95 
103 95 7 
1 9 1 11
104 4 96 
105 96 97 
106 97 98 
107 98 99 
108 99 100 
109 100 101 
110 101 102 
111 102 103 
112 103 104 
113 104 105 
114 105 7 
1 10 1 8
115 8 106 
116 106 107 
117 107 108 
118 108 109 
119 109 110 
120 110 111 
121 111 112 
122 112 8 
1 11 1 8
123 9 113 
124 113 114 
125 114 115 
126 115 116 
127 116 117 
128 117 118 
129 118 119 
130 119 9 
1 12 1 8
131 10 120 
132 120 121 
133 121 122 
134 122 123 
135 123 124 
136 124 125 
137 125 126 
138 126 10 
1 13 1 5
139 11 127 
140 127 128 
141 128 129 
142 129 130 
143 130 12 
1 14 1 11
144 13 131 
145 131 132 
146 132 133 
147 133 134 
148 134 135 
149 135 136 
150 136 137 
151 137 138 
152 138 139 
153 139 140 
154 140 11 
1 15 1 5
155 14 141 
156 141 142 
157 142 143 
158 143 144 
159 144 13 
1 16 1 11
160 12 145 
161 145 146 
162 146 147 
163 147 148 
164 148 149 
165 149 150 
166 150 151 
167 151 152 
168 152 153 
169 153 154 
170 154 14 
1 17 1 8
171 15 155 
172 155 156 
173 156 157 
174 157 158 
175 158 159 
176 159 160 
177 160 161 
178 161 15 
1 18 1 11
179 3 162 
180 162 163 
181 163 164 
182 164 165 
183 165 166 
184 166 167 
185 167 168 
186 168 169 
187 169 170 
188 170 171 
189 171 16 
1 19 1 7
190 16 172 
191 172 173 
192 173 174 
193 174 175 
194 175 176 
195 176 177 
196 177 7 
1 20 1 12
197 5 178 
198 178 179 
199 179 180 
200 180 181 
201 181 182 
202 182 183 
203 183 184 
204 184 185 
205 185 186 
206 186 187 
207 187 188 
208 188 16 
1 21 1 8
209 17 189 
210 189 190 
211 190 191 
212 191 192 
213 192 193 
214 193 194 
215 194 195 
216 195 17 
1 22 1 8
217 18 196 
218 196 197 
219 197 198 
220 198 199 
221 199 200 
222 200 201 
223 201 202 
224 202 18 
1 23 1 8
225 19 203 
226 203 204 
227 204 205 
228 205 206 
229 206 207 
230 207 208 
231 208 209 
232 209 19 
1 24 1 8
233 20 210 
234 210 211 
235 211 212 
236 212 213 
237 213 214 
238 214 215 
239 215 216 
240 216 20 
1 25 1 33
241 17 217 
242 217 218 
243 218 219 
244 219 220 
245 220 221 
246 221 222 
247 222 223 
248 223 224 
249 224 225 
250 225 226 
251 226 227 
252 227 228 
253 228 229 
254 229 230 
255 230 231 
256 231 232 
257 232 233 
258 233 234 
259 234 235 
260 235 236 
261 236 237 
262 237 238 
263 238 239 
264 239 240 
265 240 241 
266 241 242 
267 242 243 
268 243 244 
269 244 245 
270 245 246 
271 246 247 
272 247 248 
273 248 8 
1 26 1 33
274 18 249 
275 249 250 
276 250 251 
277 251 252 
278 252 253 
279 253 254 
280 254 255 
281 255 256 
282 256 257 
283 257 258 
284 258 259 
285 259 260 
286 260 261 
287 261 262 
288 262 263 
289 263 264 
290 264 265 
291 265 266 
292 266 267 
293 267 268 
294 268 269 
295 269 270 
296 270 271 
297 271 272 
298 272 273 
299 273 274 
300 274 275 
301 275 276 
302 276 277 
303 277 278 
304 278 279 
305 279 280 
306 280 9 
1 27 1 33
307 19 281 
308 281 282 
309 282 283 
310 283 284 
311 284 285 
312 285 286 
313 286 287 
314 287 288 
315 288 289 
316 289 290 
317 290 291 
318 291 292 
319 292 293 
320 293 294 
321 294 295 
322 295 296 
323 296 297 
324 297 298 
325 298 299 
326 299 300 
327 300 301 
328 301 302 
329 302 303 
330 303 304 
331 304 305 
332 305 306 
333 306 307 
334 307 308 
335 308 309 
336 309 310 
337 310 311 
338 311 312 
339 312 10 
1 28 1 3
340 11 313 
341 313 314 
342 314 21 
1 29 1 5
343 21 315 
344 315 316 
345 316 317 
346 317 318 
347 318 22 
1 30 1 3
348 12 319 
349 319 320 
350 320 22 
1 31 1 3
351 13 321 
352 321 322 
353 322 23 
1 32 1 11
354 23 323 
355 323 324 
356 324 325 
357 325 326 
358 326 327 
359 327 328 
360 328 329 
361 329 330 
362 330 331 
363 331 332 
364 332 21 
1 33 1 11
365 22 333 
366 333 334 
367 334 335 
368 335 336 
369 336 337 
370 337 338 
371 338 339 
372 339 340 
373 340 341 
374 341 342 
375 342 24 
1 34 1 3
376 14 343 
377 343 344 
378 344 24 
1 35 1 5
379 24 345 
380 345 346 
381 346 347 
382 347 348 
383 348 23 
1 36 1 33
384 20 349 
385 349 350 
386 350 351 
387 351 352 
388 352 353 
389 353 354 
390 354 355 
391 355 356 
392 356 357 
393 357 358 
394 358 359 
395 359 360 
396 360 361 
397 361 362 
398 362 363 
399 363 364 
400 364 365 
401 365 366 
402 366 367 
403 367 368 
404 368 369 
405 369 370 
406 370 371 
407 371 372 
408 372 373 
409 373 374 
410 374 375 
411 375 376 
412 376 377 
413 377 378 
414 378 379 
415 379 380 
416 380 15 
2 1 2 200
417 1 25 460 
418 31 1 460 
419 30 2 459 
420 2 48 459 
421 3 41 461 
422 42 3 461 
423 4 47 458 
424 58 4 458 
425 25 26 393 
426 25 393 460 
427 26 27 445 
428 393 26 445 
429 27 28 381 
430 27 381 445 
431 28 29 448 
432 381 28 448 
433 29 30 441 
434 29 441 448 
435 441 30 459 
436 32 31 443 
437 443 31 460 
438 33 32 388 
439 388 32 443 
440 34 33 430 
441 33 388 430 
442 35 34 383 
443 383 34 430 
444 36 35 457 
445 35 383 457 
446 37 36 446 
447 446 36 457 
448 38 37 384 
449 384 37 446 
450 39 38 429 
451 38 384 429 
452 40 39 389 
453 389 39 429 
454 41 40 442 
455 40 389 442 
456 41 442 461 
457 43 42 392 
458 392 42 461 
459 44 43 444 
460 43 392 444 
461 45 44 382 
462 382 44 444 
463 46 45 452 
464 45 382 452 
465 47 46 458 
466 424 46 452 
467 46 424 458 
468 48 49 391 
469 48 391 459 
470 49 50 394 
471 391 49 394 
472 50 51 387 
473 50 387 394 
474 51 52 428 
475 387 51 428 
476 52 53 385 
477 52 385 428 
478 53 54 437 
479 385 53 437 
480 54 55 433 
481 54 433 437 
482 55 56 386 
483 55 386 433 
484 56 57 425 
485 386 56 425 
486 57 58 390 
487 57 390 425 
488 390 58 458 
489 381 417 418 
490 417 381 419 
491 381 418 445 
492 419 381 448 
493 382 422 452 
494 422 382 462 
495 382 444 462 
496 383 430 451 
497 450 383 451 
498 383 450 457 
499 429 384 455 
500 384 446 456 
501 455 384 456 
502 428 385 438 
503 385 437 439 
504 438 385 439 
505 386 425 426 
506 386 426 427 
507 386 427 433 
508 394 387 395 
509 395 387 396 
510 396 387 428 
511 430 388 449 
512 388 443 447 
513 388 447 449 
514 389 429 454 
515 442 389 453 
516 453 389 454 
517 423 390 424 
518 390 423 425 
519 424 390 458 
520 391 394 440 
521 391 440 441 
522 391 441 459 
523 392 421 444 
524 421 392 453 
525 392 442 453 
526 442 392 461 
527 418 393 445 
528 393 418 447 
529 443 393 447 
530 393 443 460 
531 394 395 440 
532 395 396 397 
533 395 397 432 
534 395 432 440 
535 397 396 398 
536 398 396 438 
537 396 428 438 
538 397 398 399 
539 397 399 401 
540 397 401 432 
541 399 398 400 
542 400 398 402 
543 402 398 438 
544 399 400 434 
545 401 399 412 
546 412 399 434 
547 400 402 403 
548 400 403 435 
549 434 400 435 
550 401 412 415 
551 401 415 417 
552 401 417 432 
553 403 402 404 
554 404 402 439 
555 402 438 439 
556 403 404 405 
557 403 405 411 
558 403 411 435 
559 405 404 406 
560 406 404 413 
561 413 404 439 
562 405 406 407 
563 405 407 431 
564 411 405 431 
565 407 406 408 
566 408 406 427 
567 406 413 427 
568 407 408 409 
569 407 409 414 
570 407 414 431 
571 409 408 410 
572 410 408 426 
573 426 408 427 
574 409 410 420 
575 414 409 416 
576 416 409 420 
577 420 410 422 
578 422 410 423 
579 423 410 426 
580 411 431 456 
581 435 411 436 
582 436 411 456 
583 415 412 449 
584 412 434 451 
585 449 412 451 
586 427 413 433 
587 433 413 437 
588 437 413 439 
589 414 416 454 
590 431 414 455 
591 414 454 455 
592 417 415 418 
593 418 415 447 
594 447 415 449 
595 416 420 421 
596 416 421 453 
597 416 453 454 
598 417 419 432 
599 432 419 440 
600 440 419 441 
601 441 419 448 
602 421 420 462 
603 420 422 462 
604 444 421 462 
605 422 423 424 
606 422 424 452 
607 425 423 426 
608 454 429 455 
609 430 449 451 
610 431 455 456 
611 434 435 450 
612 434 450 451 
613 435 436 450 
614 446 436 456 
615 436 446 457 
616 450 436 457 
2 2 2 184
617 25 1 533 
618 1 59 533 
619 2 30 534 
620 69 2 534 
621 68 5 535 
622 5 79 535 
623 6 78 536 
624 84 6 536 
625 26 25 516 
626 516 25 533 
627 27 26 532 
628 26 516 532 
629 28 27 464 
630 464 27 532 
631 29 28 531 
632 28 464 531 
633 30 29 474 
634 474 29 531 
635 30 474 534 
636 59 60 472 
637 59 472 533 
638 60 61 475 
639 472 60 475 
640 61 62 468 
641 61 468 475 
642 62 63 506 
643 468 62 506 
644 63 64 515 
645 506 63 515 
646 64 65 466 
647 64 466 515 
648 65 66 511 
649 466 65 511 
650 66 67 469 
651 66 469 511 
652 67 68 517 
653 469 67 517 
654 517 68 535 
655 70 69 518 
656 518 69 534 
657 71 70 470 
658 470 70 518 
659 72 71 507 
660 71 470 507 
661 73 72 465 
662 465 72 507 
663 74 73 509 
664 73 465 509 
665 75 74 508 
666 508 74 509 
667 76 75 467 
668 467 75 508 
669 77 76 502 
670 76 467 502 
671 78 77 471 
672 471 77 502 
673 78 471 536 
674 79 80 473 
675 79 473 535 
676 80 81 522 
677 473 80 522 
678 81 82 463 
679 81 463 522 
680 82 83 528 
681 463 82 528 
682 83 84 519 
683 83 519 528 
684 519 84 536 
685 493 463 495 
686 463 493 499 
687 495 463 528 
688 463 499 522 
689 464 496 497 
690 496 464 498 
691 464 497 531 
692 498 464 532 
693 465 507 521 
694 509 465 510 
695 510 465 521 
696 504 466 513 
697 466 504 515 
698 466 511 513 
699 502 467 525 
700 467 508 529 
701 525 467 529 
702 475 468 476 
703 476 468 477 
704 477 468 506 
705 500 469 505 
706 469 500 511 
707 505 469 517 
708 507 470 523 
709 470 518 520 
710 470 520 523 
711 471 502 524 
712 519 471 524 
713 471 519 536 
714 472 475 512 
715 472 512 516 
716 472 516 533 
717 473 517 535 
718 517 473 537 
719 473 522 537 
720 474 497 520 
721 497 474 531 
722 518 474 520 
723 474 518 534 
724 475 476 512 
725 476 477 478 
726 476 478 501 
727 476 501 512 
728 478 477 479 
729 479 477 514 
730 477 506 514 
731 478 479 480 
732 478 480 482 
733 478 482 501 
734 480 479 481 
735 481 479 483 
736 483 479 514 
737 480 481 527 
738 482 480 491 
739 491 480 527 
740 481 483 484 
741 481 484 526 
742 481 526 527 
743 482 491 492 
744 482 492 496 
745 482 496 501 
746 484 483 485 
747 485 483 504 
748 504 483 514 
749 484 485 486 
750 484 486 490 
751 484 490 526 
752 486 485 487 
753 487 485 513 
754 485 504 513 
755 486 487 488 
756 486 488 503 
757 490 486 503 
758 488 487 489 
759 489 487 500 
760 500 487 513 
761 488 489 493 
762 488 493 494 
763 488 494 503 
764 493 489 499 
765 499 489 505 
766 489 500 505 
767 490 503 529 
768 526 490 530 
769 490 529 530 
770 492 491 523 
771 491 521 523 
772 521 491 527 
773 496 492 497 
774 497 492 520 
775 520 492 523 
776 494 493 495 
777 494 495 524 
778 503 494 525 
779 494 524 525 
780 495 519 524 
781 519 495 528 
782 496 498 501 
783 501 498 512 
784 512 498 516 
785 516 498 532 
786 499 505 537 
787 522 499 537 
788 511 500 513 
789 524 502 525 
790 503 525 529 
791 504 514 515 
792 505 517 537 
793 514 506 515 
794 521 507 523 
795 508 509 530 
796 529 508 530 
797 509 510 530 
798 510 521 527 
799 526 510 527 
800 510 526 530 
2 3 2 522
801 2 681 48 
802 69 681 2 
803 58 669 4 
804 4 669 96 
805 6 668 78 
806 85 668 6 
807 7 683 95 
808 105 683 7 
809 8 614 106 
810 112 686 8 
811 8 686 614 
812 9 645 113 
813 119 642 9 
814 642 644 9 
815 644 645 9 
816 10 657 120 
817 126 604 10 
818 604 670 10 
819 10 670 657 
820 71 72 11 
821 11 729 71 
822 11 72 127 
823 140 729 11 
824 75 76 12 
825 130 75 12 
826 76 698 12 
827 12 561 145 
828 12 698 561 
829 99 98 13 
830 98 699 13 
831 144 99 13 
832 13 563 131 
833 13 699 563 
834 103 102 14 
835 14 102 141 
836 14 728 103 
837 154 728 14 
838 15 622 155 
839 161 580 15 
840 580 593 15 
841 593 622 15 
842 48 700 49 
843 681 700 48 
844 49 707 50 
845 49 700 613 
846 613 707 49 
847 50 566 51 
848 50 612 566 
849 50 707 612 
850 51 541 52 
851 51 566 541 
852 52 588 53 
853 541 588 52 
854 53 589 54 
855 588 589 53 
856 54 538 55 
857 54 733 538 
858 589 733 54 
859 55 565 56 
860 538 565 55 
861 56 715 57 
862 565 602 56 
863 602 715 56 
864 57 697 58 
865 603 697 57 
866 57 715 603 
867 58 697 669 
868 70 542 69 
869 542 681 69 
870 71 677 70 
871 70 694 542 
872 677 694 70 
873 71 729 677 
874 127 72 73 
875 73 74 128 
876 127 73 128 
877 130 74 75 
878 128 74 129 
879 129 74 130 
880 77 698 76 
881 78 544 77 
882 544 726 77 
883 77 726 698 
884 78 668 544 
885 86 696 85 
886 85 696 668 
887 87 714 86 
888 608 696 86 
889 86 714 608 
890 88 567 87 
891 567 607 87 
892 607 714 87 
893 89 540 88 
894 540 567 88 
895 90 590 89 
896 89 590 540 
897 91 591 90 
898 90 591 590 
899 92 539 91 
900 539 732 91 
901 91 732 591 
902 93 564 92 
903 92 564 539 
904 94 706 93 
905 93 615 564 
906 93 706 615 
907 95 701 94 
908 94 701 616 
909 616 706 94 
910 683 701 95 
911 96 543 97 
912 96 669 543 
913 97 699 98 
914 543 727 97 
915 97 727 699 
916 100 99 144 
917 101 100 143 
918 143 100 144 
919 102 101 141 
920 141 101 142 
921 142 101 143 
922 103 676 104 
923 103 728 676 
924 104 545 105 
925 104 695 545 
926 676 695 104 
927 545 683 105 
928 106 587 107 
929 106 654 587 
930 614 654 106 
931 107 585 108 
932 107 587 585 
933 108 586 109 
934 585 586 108 
935 109 618 110 
936 586 592 109 
937 592 618 109 
938 110 619 111 
939 618 619 110 
940 111 662 112 
941 619 620 111 
942 620 662 111 
943 662 663 112 
944 663 686 112 
945 113 646 114 
946 645 646 113 
947 114 610 115 
948 114 611 610 
949 114 646 611 
950 115 609 116 
951 115 610 609 
952 116 659 117 
953 609 672 116 
954 116 672 659 
955 117 658 118 
956 117 659 658 
957 118 641 119 
958 118 658 641 
959 641 642 119 
960 120 656 121 
961 120 657 656 
962 121 628 122 
963 121 656 628 
964 122 629 123 
965 628 629 122 
966 123 632 124 
967 629 631 123 
968 631 632 123 
969 124 633 125 
970 632 633 124 
971 125 605 126 
972 125 606 605 
973 125 633 606 
974 126 605 604 
975 131 552 132 
976 131 711 552 
977 563 711 131 
978 132 717 133 
979 552 713 132 
980 132 713 559 
981 559 717 132 
982 133 550 134 
983 133 717 550 
984 134 601 135 
985 550 601 134 
986 135 546 136 
987 135 601 546 
988 136 599 137 
989 546 599 136 
990 137 549 138 
991 137 599 549 
992 138 718 139 
993 549 718 138 
994 139 554 140 
995 139 723 554 
996 139 718 558 
997 558 723 139 
998 554 562 140 
999 562 729 140 
1000 145 553 146 
1001 145 710 553 
1002 561 710 145 
1003 146 716 147 
1004 553 712 146 
1005 146 712 557 
1006 557 716 146 
1007 147 551 148 
1008 147 716 551 
1009 148 598 149 
1010 551 598 148 
1011 149 547 150 
1012 149 598 547 
1013 150 600 151 
1014 547 600 150 
1015 151 548 152 
1016 151 600 548 
1017 152 719 153 
1018 548 719 152 
1019 153 555 154 
1020 153 722 555 
1021 153 719 556 
1022 556 722 153 
1023 555 560 154 
1024 560 728 154 
1025 155 623 156 
1026 622 623 155 
1027 156 660 157 
1028 623 624 156 
1029 624 660 156 
1030 157 684 158 
1031 660 661 157 
1032 661 684 157 
1033 158 617 159 
1034 158 684 617 
1035 159 581 160 
1036 159 652 581 
1037 617 652 159 
1038 160 579 161 
1039 160 581 579 
1040 579 580 161 
1041 538 572 565 
1042 538 573 572 
1043 538 733 573 
1044 564 574 539 
1045 574 575 539 
1046 575 732 539 
1047 540 570 567 
1048 540 571 570 
1049 540 590 571 
1050 566 568 541 
1051 568 569 541 
1052 569 588 541 
1053 582 680 542 
1054 542 694 582 
1055 680 681 542 
1056 543 637 636 
1057 636 665 543 
1058 543 669 637 
1059 665 727 543 
1060 544 650 649 
1061 649 664 544 
1062 544 668 650 
1063 664 726 544 
1064 576 682 545 
1065 545 695 576 
1066 682 683 545 
1067 546 675 599 
1068 601 693 546 
1069 546 693 675 
1070 598 674 547 
1071 547 692 600 
1072 674 692 547 
1073 600 705 548 
1074 705 725 548 
1075 548 725 719 
1076 599 704 549 
1077 704 724 549 
1078 549 724 718 
1079 550 689 601 
1080 550 630 627 
1081 627 689 550 
1082 550 717 630 
1083 551 688 598 
1084 551 643 640 
1085 640 688 551 
1086 551 716 643 
1087 638 713 552 
1088 552 720 638 
1089 711 720 552 
1090 651 712 553 
1091 553 721 651 
1092 710 721 553 
1093 554 582 562 
1094 554 739 582 
1095 723 737 554 
1096 737 739 554 
1097 555 576 560 
1098 555 738 576 
1099 722 736 555 
1100 736 738 555 
1101 593 594 556 
1102 556 595 593 
1103 594 722 556 
1104 556 719 595 
1105 557 712 703 
1106 703 731 557 
1107 557 731 716 
1108 592 596 558 
1109 558 597 592 
1110 596 723 558 
1111 558 718 597 
1112 559 713 702 
1113 702 730 559 
1114 559 730 717 
1115 576 695 560 
1116 560 695 676 
1117 676 728 560 
1118 664 710 561 
1119 561 726 664 
1120 698 726 561 
1121 582 694 562 
1122 562 694 677 
1123 677 729 562 
1124 665 711 563 
1125 563 727 665 
1126 699 727 563 
1127 564 667 574 
1128 615 661 564 
1129 661 667 564 
1130 572 626 565 
1131 565 657 602 
1132 626 657 565 
1133 566 666 568 
1134 612 663 566 
1135 663 666 566 
1136 570 639 567 
1137 567 659 607 
1138 639 659 567 
1139 568 704 569 
1140 568 666 621 
1141 621 704 568 
1142 569 675 588 
1143 599 675 569 
1144 569 704 599 
1145 571 688 570 
1146 570 708 639 
1147 570 688 640 
1148 640 708 570 
1149 590 674 571 
1150 571 674 598 
1151 598 688 571 
1152 573 689 572 
1153 572 709 626 
1154 572 689 627 
1155 627 709 572 
1156 601 689 573 
1157 573 693 601 
1158 573 733 693 
1159 574 705 575 
1160 574 667 625 
1161 625 705 574 
1162 600 692 575 
1163 575 705 600 
1164 692 732 575 
1165 578 682 576 
1166 576 738 578 
1167 577 691 578 
1168 578 738 577 
1169 577 594 580 
1170 580 691 577 
1171 577 736 594 
1172 577 738 736 
1173 653 678 578 
1174 578 691 653 
1175 678 682 578 
1176 579 691 580 
1177 581 691 579 
1178 580 594 593 
1179 652 653 581 
1180 653 691 581 
1181 584 680 582 
1182 582 739 584 
1183 583 690 584 
1184 584 739 583 
1185 583 596 586 
1186 586 690 583 
1187 583 737 596 
1188 583 739 737 
1189 655 679 584 
1190 584 690 655 
1191 679 680 584 
1192 585 690 586 
1193 587 690 585 
1194 586 596 592 
1195 654 655 587 
1196 655 690 587 
1197 588 675 589 
1198 675 693 589 
1199 693 733 589 
1200 591 674 590 
1201 591 692 674 
1202 591 732 692 
1203 597 618 592 
1204 595 622 593 
1205 594 736 722 
1206 595 623 622 
1207 595 625 623 
1208 595 725 625 
1209 719 725 595 
1210 596 737 723 
1211 597 619 618 
1212 597 621 619 
1213 597 724 621 
1214 718 724 597 
1215 657 670 602 
1216 670 671 602 
1217 671 715 602 
1218 603 715 671 
1219 671 734 603 
1220 603 734 697 
1221 605 671 604 
1222 604 671 670 
1223 606 734 605 
1224 605 734 671 
1225 633 634 606 
1226 634 635 606 
1227 635 734 606 
1228 659 672 607 
1229 672 673 607 
1230 673 714 607 
1231 608 714 673 
1232 673 735 608 
1233 608 735 696 
1234 610 673 609 
1235 609 673 672 
1236 611 735 610 
1237 610 735 673 
1238 646 647 611 
1239 647 648 611 
1240 648 735 611 
1241 612 686 663 
1242 612 687 686 
1243 612 707 687 
1244 613 655 654 
1245 654 687 613 
1246 613 679 655 
1247 613 700 679 
1248 687 707 613 
1249 614 687 654 
1250 686 687 614 
1251 615 684 661 
1252 615 685 684 
1253 615 706 685 
1254 616 653 652 
1255 652 685 616 
1256 616 678 653 
1257 616 701 678 
1258 685 706 616 
1259 617 685 652 
1260 684 685 617 
1261 619 621 620 
1262 621 666 620 
1263 620 666 662 
1264 621 724 704 
1265 623 625 624 
1266 625 667 624 
1267 624 667 660 
1268 625 725 705 
1269 656 657 626 
1270 626 709 656 
1271 627 629 628 
1272 628 709 627 
1273 627 630 629 
1274 656 709 628 
1275 630 730 629 
1276 629 730 631 
1277 717 730 630 
1278 631 702 632 
1279 631 730 702 
1280 632 638 633 
1281 632 702 638 
1282 633 638 634 
1283 634 636 635 
1284 634 720 636 
1285 638 720 634 
1286 636 637 635 
1287 637 734 635 
1288 636 720 665 
1289 669 697 637 
1290 697 734 637 
1291 702 713 638 
1292 658 659 639 
1293 639 708 658 
1294 640 642 641 
1295 641 708 640 
1296 640 643 642 
1297 658 708 641 
1298 643 731 642 
1299 642 731 644 
1300 716 731 643 
1301 644 703 645 
1302 644 731 703 
1303 645 651 646 
1304 645 703 651 
1305 646 651 647 
1306 647 649 648 
1307 647 721 649 
1308 651 721 647 
1309 649 650 648 
1310 650 735 648 
1311 649 721 664 
1312 668 696 650 
1313 696 735 650 
1314 703 712 651 
1315 660 667 661 
1316 662 666 663 
1317 664 721 710 
1318 665 720 711 
1319 678 701 682 
1320 679 700 680 
1321 680 700 681 
1322 682 701 683 
2 4 2 184
1323 42 810 3 
1324 3 810 162 
1325 4 811 47 
1326 96 811 4 
1327 177 813 7 
1328 7 813 105 
1329 16 812 172 
1330 171 812 16 
1331 172 750 173 
1332 172 812 750 
1333 173 799 174 
1334 750 799 173 
1335 174 740 175 
1336 174 799 740 
1337 175 805 176 
1338 740 805 175 
1339 176 796 177 
1340 176 805 796 
1341 796 813 177 
1342 43 793 42 
1343 793 810 42 
1344 44 809 43 
1345 43 809 793 
1346 45 741 44 
1347 741 809 44 
1348 46 808 45 
1349 45 808 741 
1350 47 751 46 
1351 751 808 46 
1352 47 811 751 
1353 97 795 96 
1354 795 811 96 
1355 98 747 97 
1356 747 795 97 
1357 99 784 98 
1358 98 784 747 
1359 100 742 99 
1360 742 784 99 
1361 101 786 100 
1362 100 786 742 
1363 102 785 101 
1364 785 786 101 
1365 103 744 102 
1366 744 785 102 
1367 104 779 103 
1368 103 779 744 
1369 105 748 104 
1370 748 779 104 
1371 105 813 748 
1372 162 749 163 
1373 162 810 749 
1374 163 752 164 
1375 749 752 163 
1376 164 745 165 
1377 164 752 745 
1378 165 783 166 
1379 745 783 165 
1380 166 792 167 
1381 783 792 166 
1382 167 743 168 
1383 167 792 743 
1384 168 788 169 
1385 743 788 168 
1386 169 746 170 
1387 169 788 746 
1388 170 794 171 
1389 746 794 170 
1390 794 812 171 
1391 770 772 740 
1392 740 776 770 
1393 772 805 740 
1394 740 799 776 
1395 741 774 773 
1396 773 775 741 
1397 741 808 774 
1398 775 809 741 
1399 742 798 784 
1400 786 787 742 
1401 787 798 742 
1402 781 790 743 
1403 743 792 781 
1404 743 790 788 
1405 779 802 744 
1406 744 806 785 
1407 802 806 744 
1408 752 753 745 
1409 753 754 745 
1410 754 783 745 
1411 777 782 746 
1412 746 788 777 
1413 782 794 746 
1414 784 800 747 
1415 747 797 795 
1416 747 800 797 
1417 748 801 779 
1418 796 801 748 
1419 748 813 796 
1420 749 789 752 
1421 749 793 789 
1422 749 810 793 
1423 750 812 794 
1424 794 814 750 
1425 750 814 799 
1426 751 797 774 
1427 774 808 751 
1428 795 797 751 
1429 751 811 795 
1430 752 789 753 
1431 753 755 754 
1432 753 778 755 
1433 753 789 778 
1434 755 756 754 
1435 756 791 754 
1436 754 791 783 
1437 755 757 756 
1438 755 759 757 
1439 755 778 759 
1440 757 758 756 
1441 758 760 756 
1442 760 791 756 
1443 757 804 758 
1444 759 768 757 
1445 768 804 757 
1446 758 761 760 
1447 758 803 761 
1448 758 804 803 
1449 759 769 768 
1450 759 773 769 
1451 759 778 773 
1452 761 762 760 
1453 762 781 760 
1454 781 791 760 
1455 761 763 762 
1456 761 767 763 
1457 761 803 767 
1458 763 764 762 
1459 764 790 762 
1460 762 790 781 
1461 763 765 764 
1462 763 780 765 
1463 767 780 763 
1464 765 766 764 
1465 766 777 764 
1466 777 790 764 
1467 765 770 766 
1468 765 771 770 
1469 765 780 771 
1470 770 776 766 
1471 776 782 766 
1472 766 782 777 
1473 767 806 780 
1474 803 807 767 
1475 767 807 806 
1476 769 800 768 
1477 768 800 798 
1478 798 804 768 
1479 773 774 769 
1480 774 797 769 
1481 797 800 769 
1482 771 772 770 
1483 771 801 772 
1484 780 802 771 
1485 771 802 801 
1486 772 801 796 
1487 796 805 772 
1488 773 778 775 
1489 778 789 775 
1490 789 793 775 
1491 793 809 775 
1492 776 814 782 
1493 799 814 776 
1494 788 790 777 
1495 801 802 779 
1496 780 806 802 
1497 781 792 791 
1498 782 814 794 
1499 791 792 783 
1500 798 800 784 
1501 785 807 786 
1502 806 807 785 
1503 786 807 787 
1504 787 804 798 
1505 803 804 787 
1506 787 807 803 
2 5 2 1406
1507 1 31 1320 
1508 59 1 1320 
1509 41 3 1353 
1510 3 162 1353 
1511 178 5 1441 
1512 5 68 1441 
1513 16 188 1355 
1514 171 16 1355 
1515 17 189 1169 
1516 195 17 1168 
1517 1168 17 1169 
1518 18 196 1024 
1519 202 18 1395 
1520 18 1024 1395 
1521 19 203 1445 
1522 209 19 1375 
1523 19 1359 1375 
1524 1359 19 1445 
1525 20 210 1422 
1526 216 20 1105 
1527 1105 20 1123 
1528 1123 20 1422 
1529 31 32 1163 
1530 31 1163 1320 
1531 32 33 1287 
1532 1163 32 1289 
1533 32 1287 1289 
1534 33 34 829 
1535 33 829 1166 
1536 33 1166 1287 
1537 34 35 1447 
1538 829 34 1447 
1539 35 36 831 
1540 35 831 1409 
1541 35 1409 1447 
1542 36 37 1473 
1543 36 817 1425 
1544 817 36 1473 
1545 831 36 1425 
1546 37 38 1399 
1547 37 1399 1473 
1548 38 39 1200 
1549 38 1200 1242 
1550 38 1242 1399 
1551 39 40 1198 
1552 39 1198 1200 
1553 40 41 1199 
1554 1198 40 1199 
1555 1199 41 1353 
1556 179 178 1334 
1557 178 1282 1334 
1558 1282 178 1441 
1559 180 179 1335 
1560 179 1334 1335 
1561 181 180 830 
1562 830 180 1252 
1563 1252 180 1335 
1564 182 181 1371 
1565 181 830 1371 
1566 183 182 832 
1567 832 182 1366 
1568 1366 182 1371 
1569 184 183 1457 
1570 818 183 1455 
1571 183 818 1457 
1572 183 832 1455 
1573 185 184 1421 
1574 1421 184 1457 
1575 186 185 1195 
1576 1195 185 1197 
1577 1197 185 1421 
1578 187 186 1193 
1579 1193 186 1195 
1580 188 187 1194 
1581 187 1193 1194 
1582 188 1194 1355 
1583 189 190 1297 
1584 1169 189 1170 
1585 1170 189 1297 
1586 190 191 1386 
1587 1297 190 1386 
1588 191 192 1107 
1589 191 1107 1108 
1590 191 1108 1386 
1591 192 193 1443 
1592 1107 192 1384 
1593 1384 192 1443 
1594 193 194 1016 
1595 193 1016 1017 
1596 193 1017 1443 
1597 194 195 1300 
1598 1016 194 1300 
1599 195 1168 1300 
1600 196 197 1451 
1601 1024 196 1062 
1602 1062 196 1451 
1603 197 198 1164 
1604 197 1164 1177 
1605 197 1177 1451 
1606 198 199 1156 
1607 198 1156 1164 
1608 199 200 1087 
1609 199 1087 1250 
1610 1156 199 1250 
1611 200 201 1086 
1612 200 1086 1087 
1613 201 202 973 
1614 201 973 1474 
1615 1086 201 1474 
1616 973 202 977 
1617 977 202 1395 
1618 203 204 1446 
1619 1445 203 1446 
1620 204 205 1205 
1621 204 1205 1206 
1622 204 1206 1446 
1623 205 206 1437 
1624 1205 205 1390 
1625 1390 205 1437 
1626 206 207 1004 
1627 206 1004 1005 
1628 206 1005 1437 
1629 207 208 1356 
1630 1004 207 1006 
1631 1006 207 1356 
1632 208 209 1357 
1633 1356 208 1357 
1634 1357 209 1375 
1635 60 59 825 
1636 825 59 1320 
1637 61 60 833 
1638 60 825 1380 
1639 833 60 1380 
1640 62 61 821 
1641 821 61 833 
1642 63 62 1284 
1643 62 821 1088 
1644 62 1088 1284 
1645 64 63 815 
1646 815 63 1284 
1647 65 64 1161 
1648 64 815 1161 
1649 66 65 820 
1650 820 65 1448 
1651 65 1161 1448 
1652 67 66 1463 
1653 66 820 1432 
1654 1162 66 1432 
1655 66 1162 1463 
1656 68 67 827 
1657 827 67 1463 
1658 68 827 1441 
1659 210 211 1028 
1660 210 1028 1029 
1661 210 1029 1422 
1662 211 212 1433 
1663 1028 211 1082 
1664 1082 211 1433 
1665 212 213 1306 
1666 1305 212 1306 
1667 212 1305 1433 
1668 213 214 1307 
1669 1306 213 1307 
1670 214 215 1312 
1671 1307 214 1308 
1672 1308 214 1312 
1673 215 216 1106 
1674 215 1106 1376 
1675 1312 215 1376 
1676 216 1105 1106 
1677 162 163 826 
1678 162 826 1353 
1679 163 164 1258 
1680 826 163 1429 
1681 163 1258 1429 
1682 164 165 822 
1683 164 822 1258 
1684 165 166 1137 
1685 822 165 1137 
1686 166 167 816 
1687 166 816 1450 
1688 1137 166 1450 
1689 167 168 1192 
1690 816 167 1192 
1691 168 169 819 
1692 168 819 1469 
1693 1192 168 1469 
1694 169 170 1188 
1695 819 169 1388 
1696 169 1188 1388 
1697 170 171 828 
1698 170 828 1188 
1699 828 171 1355 
1700 1161 815 1470 
1701 1259 815 1260 
1702 815 1259 1470 
1703 1260 815 1284 
1704 1130 816 1192 
1705 816 1130 1213 
1706 816 1213 1382 
1707 816 1382 1450 
1708 817 1149 1350 
1709 1149 817 1473 
1710 817 1157 1324 
1711 1157 817 1350 
1712 817 1324 1425 
1713 1285 818 1286 
1714 818 1285 1347 
1715 1286 818 1455 
1716 818 1347 1457 
1717 1279 819 1388 
1718 819 1279 1469 
1719 1309 820 1311 
1720 820 1309 1432 
1721 1311 820 1448 
1722 821 833 834 
1723 821 834 835 
1724 821 835 1088 
1725 822 1137 1275 
1726 1258 822 1428 
1727 822 1275 1434 
1728 1428 822 1434 
1729 823 1223 1366 
1730 1223 823 1367 
1731 823 1366 1371 
1732 1367 823 1370 
1733 1370 823 1371 
1734 1220 824 1345 
1735 824 1220 1349 
1736 1345 824 1409 
1737 824 1349 1403 
1738 824 1403 1447 
1739 1409 824 1447 
1740 1140 825 1163 
1741 825 1140 1380 
1742 1163 825 1320 
1743 826 1257 1368 
1744 1257 826 1429 
1745 1353 826 1368 
1746 827 1152 1154 
1747 1152 827 1392 
1748 827 1154 1282 
1749 827 1282 1441 
1750 1392 827 1463 
1751 828 1185 1188 
1752 1185 828 1313 
1753 1313 828 1355 
1754 829 1104 1293 
1755 1104 829 1310 
1756 1166 829 1293 
1757 1310 829 1403 
1758 1403 829 1447 
1759 830 1252 1348 
1760 1267 830 1348 
1761 830 1267 1370 
1762 830 1370 1371 
1763 831 1345 1409 
1764 1345 831 1439 
1765 831 1425 1439 
1766 832 1286 1455 
1767 1286 832 1456 
1768 832 1366 1456 
1769 834 833 1134 
1770 1134 833 1380 
1771 835 834 836 
1772 836 834 939 
1773 939 834 1134 
1774 835 836 837 
1775 835 837 1271 
1776 1088 835 1271 
1777 837 836 838 
1778 838 836 1214 
1779 836 939 1214 
1780 837 838 839 
1781 837 839 996 
1782 837 996 1271 
1783 839 838 840 
1784 840 838 912 
1785 912 838 1214 
1786 839 840 841 
1787 839 841 1261 
1788 996 839 1261 
1789 841 840 842 
1790 842 840 1183 
1791 840 912 1183 
1792 841 842 843 
1793 841 843 911 
1794 841 911 1261 
1795 843 842 844 
1796 844 842 869 
1797 869 842 1183 
1798 843 844 845 
1799 843 845 1249 
1800 911 843 1249 
1801 845 844 846 
1802 846 844 1209 
1803 844 869 1209 
1804 845 846 847 
1805 845 847 849 
1806 845 849 1249 
1807 847 846 848 
1808 848 846 885 
1809 885 846 1209 
1810 847 848 850 
1811 849 847 1461 
1812 847 850 1461 
1813 850 848 851 
1814 851 848 1229 
1815 848 885 1229 
1816 1184 849 1416 
1817 849 1184 1472 
1818 1249 849 1472 
1819 1416 849 1461 
1820 850 851 852 
1821 850 852 1466 
1822 1461 850 1466 
1823 852 851 853 
1824 853 851 865 
1825 865 851 1229 
1826 852 853 854 
1827 852 854 855 
1828 852 855 1466 
1829 854 853 856 
1830 856 853 1265 
1831 853 865 1265 
1832 855 854 1241 
1833 854 856 857 
1834 854 857 1241 
1835 1178 855 1299 
1836 855 1178 1352 
1837 855 1241 1299 
1838 855 1352 1466 
1839 857 856 858 
1840 858 856 1225 
1841 1225 856 1265 
1842 857 858 859 
1843 857 859 1244 
1844 1241 857 1244 
1845 859 858 860 
1846 860 858 862 
1847 862 858 1225 
1848 859 860 861 
1849 859 861 863 
1850 859 863 1244 
1851 861 860 1240 
1852 860 862 1113 
1853 860 1113 1240 
1854 863 861 864 
1855 864 861 866 
1856 866 861 1240 
1857 1113 862 1114 
1858 1114 862 1145 
1859 1145 862 1225 
1860 863 864 868 
1861 863 868 944 
1862 863 944 1244 
1863 864 866 867 
1864 864 867 1235 
1865 868 864 1235 
1866 865 1229 1417 
1867 1265 865 1426 
1868 865 1417 1426 
1869 867 866 870 
1870 870 866 1296 
1871 866 1240 1296 
1872 867 870 871 
1873 867 871 1255 
1874 1235 867 1255 
1875 944 868 945 
1876 945 868 1047 
1877 1047 868 1235 
1878 869 1183 1332 
1879 1209 869 1411 
1880 869 1332 1411 
1881 871 870 872 
1882 872 870 874 
1883 874 870 1296 
1884 871 872 873 
1885 871 873 875 
1886 871 875 1255 
1887 873 872 1291 
1888 872 874 888 
1889 872 888 1291 
1890 875 873 876 
1891 876 873 879 
1892 879 873 1291 
1893 888 874 889 
1894 889 874 1232 
1895 1232 874 1296 
1896 875 876 877 
1897 875 877 1109 
1898 875 1109 1255 
1899 877 876 878 
1900 878 876 1182 
1901 876 879 1182 
1902 877 878 880 
1903 877 880 1317 
1904 1109 877 1317 
1905 880 878 881 
1906 881 878 882 
1907 882 878 1182 
1908 1182 879 1435 
1909 879 1291 1316 
1910 879 1316 1435 
1911 880 881 883 
1912 880 883 884 
1913 880 884 1317 
1914 881 882 886 
1915 883 881 1203 
1916 881 886 1203 
1917 886 882 887 
1918 887 882 1363 
1919 882 1182 1363 
1920 884 883 915 
1921 915 883 917 
1922 917 883 1203 
1923 884 915 916 
1924 884 916 941 
1925 884 941 1317 
1926 885 1209 1412 
1927 1227 885 1412 
1928 885 1227 1452 
1929 1229 885 1452 
1930 886 887 921 
1931 886 921 1038 
1932 886 1038 1203 
1933 921 887 922 
1934 922 887 930 
1935 930 887 1363 
1936 888 889 890 
1937 888 890 1248 
1938 888 1248 1291 
1939 890 889 891 
1940 891 889 892 
1941 892 889 1232 
1942 890 891 923 
1943 890 923 924 
1944 890 924 1248 
1945 891 892 893 
1946 891 893 1262 
1947 923 891 1262 
1948 893 892 894 
1949 894 892 1023 
1950 1023 892 1232 
1951 893 894 895 
1952 893 895 905 
1953 893 905 1262 
1954 895 894 896 
1955 896 894 1276 
1956 894 1023 1276 
1957 895 896 897 
1958 895 897 1236 
1959 905 895 1236 
1960 897 896 898 
1961 898 896 940 
1962 940 896 1276 
1963 897 898 899 
1964 897 899 1222 
1965 897 1222 1236 
1966 899 898 900 
1967 900 898 1318 
1968 898 940 1318 
1969 899 900 901 
1970 899 901 904 
1971 899 904 1222 
1972 901 900 902 
1973 902 900 903 
1974 903 900 1318 
1975 901 902 1167 
1976 904 901 909 
1977 909 901 1167 
1978 902 903 906 
1979 902 906 908 
1980 902 908 1167 
1981 906 903 907 
1982 907 903 1090 
1983 1090 903 1318 
1984 904 909 910 
1985 904 910 1333 
1986 1222 904 1333 
1987 905 1236 1237 
1988 905 1237 1331 
1989 1262 905 1331 
1990 906 907 913 
1991 908 906 1263 
1992 906 913 1263 
1993 913 907 914 
1994 914 907 1253 
1995 907 1090 1253 
1996 1167 908 1321 
1997 908 1263 1264 
1998 908 1264 1321 
1999 910 909 918 
2000 918 909 1046 
2001 1046 909 1167 
2002 910 918 919 
2003 910 919 920 
2004 910 920 1333 
2005 911 1249 1326 
2006 1261 911 1394 
2007 911 1326 1394 
2008 1183 912 1365 
2009 912 1214 1329 
2010 912 1329 1402 
2011 1365 912 1402 
2012 913 914 925 
2013 913 925 927 
2014 913 927 1263 
2015 925 914 926 
2016 926 914 933 
2017 933 914 1253 
2018 916 915 1294 
2019 915 917 928 
2020 915 928 1294 
2021 941 916 942 
2022 942 916 999 
2023 999 916 1294 
2024 928 917 929 
2025 929 917 1181 
2026 1181 917 1407 
2027 917 1203 1407 
2028 919 918 1224 
2029 918 1046 1053 
2030 918 1053 1224 
2031 920 919 991 
2032 991 919 993 
2033 993 919 1224 
2034 920 991 992 
2035 920 992 1091 
2036 920 1091 1333 
2037 921 922 1174 
2038 1038 921 1066 
2039 1066 921 1174 
2040 922 930 931 
2041 922 931 932 
2042 922 932 1174 
2043 924 923 1008 
2044 1008 923 1071 
2045 1071 923 1262 
2046 924 1008 1020 
2047 924 1020 1096 
2048 924 1096 1248 
2049 925 926 1288 
2050 927 925 1077 
2051 1077 925 1288 
2052 926 933 934 
2053 926 934 935 
2054 926 935 1288 
2055 927 1077 1078 
2056 927 1078 1079 
2057 927 1079 1263 
2058 928 929 986 
2059 928 986 1360 
2060 1294 928 1360 
2061 986 929 987 
2062 987 929 1018 
2063 1018 929 1181 
2064 931 930 943 
2065 943 930 1132 
2066 1132 930 1363 
2067 932 931 1000 
2068 931 943 1340 
2069 1000 931 1340 
2070 932 1000 1001 
2071 932 1001 1070 
2072 932 1070 1418 
2073 1174 932 1418 
2074 934 933 1050 
2075 1050 933 1051 
2076 1051 933 1253 
2077 935 934 936 
2078 936 934 1245 
2079 934 1050 1245 
2080 935 936 937 
2081 935 937 1009 
2082 935 1009 1288 
2083 937 936 938 
2084 938 936 1068 
2085 1068 936 1245 
2086 937 938 988 
2087 937 988 1277 
2088 1009 937 1277 
2089 988 938 989 
2090 989 938 1226 
2091 938 1068 1226 
2092 939 1134 1135 
2093 939 1135 1471 
2094 1214 939 1471 
2095 1243 940 1276 
2096 940 1243 1361 
2097 1318 940 1361 
2098 941 942 1400 
2099 1317 941 1373 
2100 1373 941 1400 
2101 942 999 1027 
2102 942 1027 1083 
2103 942 1083 1400 
2104 943 1132 1372 
2105 1340 943 1404 
2106 943 1372 1404 
2107 944 945 946 
2108 944 946 1233 
2109 944 1233 1244 
2110 946 945 947 
2111 947 945 1238 
2112 945 1047 1238 
2113 946 947 948 
2114 946 948 1055 
2115 946 1055 1233 
2116 948 947 949 
2117 949 947 1280 
2118 947 1238 1280 
2119 948 949 950 
2120 948 950 1269 
2121 1055 948 1269 
2122 950 949 951 
2123 951 949 985 
2124 985 949 1280 
2125 950 951 952 
2126 950 952 953 
2127 950 953 1269 
2128 952 951 1189 
2129 951 985 1274 
2130 1189 951 1274 
2131 953 952 954 
2132 954 952 955 
2133 955 952 1189 
2134 953 954 1010 
2135 953 1010 1011 
2136 953 1011 1269 
2137 954 955 956 
2138 954 956 1295 
2139 1010 954 1295 
2140 956 955 957 
2141 957 955 1230 
2142 955 1189 1230 
2143 956 957 958 
2144 956 958 959 
2145 956 959 1295 
2146 958 957 962 
2147 962 957 963 
2148 963 957 1230 
2149 959 958 960 
2150 960 958 1460 
2151 958 962 1460 
2152 959 960 961 
2153 959 961 1338 
2154 1295 959 1338 
2155 961 960 965 
2156 965 960 967 
2157 967 960 1176 
2158 1176 960 1460 
2159 961 965 966 
2160 961 966 968 
2161 961 968 1338 
2162 962 963 964 
2163 962 964 1396 
2164 962 1396 1460 
2165 964 963 970 
2166 970 963 1389 
2167 963 1230 1389 
2168 964 970 971 
2169 964 971 972 
2170 964 972 1396 
2171 966 965 1341 
2172 965 967 974 
2173 965 974 1341 
2174 968 966 969 
2175 969 966 975 
2176 975 966 1341 
2177 974 967 976 
2178 976 967 1150 
2179 1150 967 1176 
2180 968 969 984 
2181 968 984 1406 
2182 1338 968 1406 
2183 969 975 978 
2184 969 978 1278 
2185 984 969 1278 
2186 971 970 997 
2187 997 970 998 
2188 998 970 1389 
2189 972 971 1330 
2190 971 997 1021 
2191 971 1021 1330 
2192 1283 972 1358 
2193 972 1283 1396 
2194 972 1330 1343 
2195 972 1343 1358 
2196 973 977 990 
2197 973 990 1022 
2198 973 1022 1474 
2199 974 976 979 
2200 974 979 1397 
2201 1341 974 1397 
2202 978 975 1035 
2203 1035 975 1254 
2204 1254 975 1341 
2205 979 976 980 
2206 980 976 1036 
2207 1036 976 1150 
2208 990 977 1043 
2209 1043 977 1069 
2210 1069 977 1395 
2211 978 1035 1041 
2212 978 1041 1042 
2213 978 1042 1278 
2214 979 980 981 
2215 979 981 983 
2216 979 983 1397 
2217 981 980 982 
2218 982 980 1116 
2219 980 1036 1116 
2220 981 982 994 
2221 983 981 1391 
2222 981 994 1391 
2223 994 982 995 
2224 995 982 1217 
2225 982 1116 1217 
2226 983 1143 1254 
2227 1143 983 1309 
2228 983 1254 1397 
2229 1309 983 1391 
2230 984 1278 1298 
2231 984 1298 1468 
2232 1406 984 1468 
2233 1274 985 1346 
2234 985 1280 1401 
2235 1346 985 1401 
2236 986 987 1072 
2237 986 1072 1147 
2238 986 1147 1360 
2239 987 1018 1019 
2240 987 1019 1314 
2241 1072 987 1314 
2242 988 989 1012 
2243 988 1012 1045 
2244 988 1045 1277 
2245 1012 989 1013 
2246 1013 989 1158 
2247 1158 989 1226 
2248 1022 990 1344 
2249 990 1043 1097 
2250 990 1097 1344 
2251 992 991 1377 
2252 991 993 1002 
2253 991 1002 1377 
2254 1091 992 1092 
2255 1092 992 1111 
2256 1111 992 1377 
2257 1002 993 1003 
2258 1003 993 1211 
2259 993 1175 1211 
2260 1175 993 1224 
2261 994 995 1095 
2262 994 1095 1142 
2263 994 1142 1391 
2264 1095 995 1152 
2265 1152 995 1153 
2266 1153 995 1218 
2267 995 1217 1218 
2268 996 1261 1436 
2269 1271 996 1475 
2270 996 1436 1475 
2271 997 998 1039 
2272 1021 997 1381 
2273 997 1039 1381 
2274 1039 998 1040 
2275 1040 998 1101 
2276 1101 998 1389 
2277 1027 999 1044 
2278 1044 999 1085 
2279 1085 999 1294 
2280 1001 1000 1048 
2281 1048 1000 1049 
2282 1049 1000 1340 
2283 1001 1048 1052 
2284 1001 1052 1187 
2285 1070 1001 1431 
2286 1001 1187 1431 
2287 1002 1003 1007 
2288 1002 1007 1136 
2289 1002 1136 1377 
2290 1007 1003 1064 
2291 1064 1003 1190 
2292 1190 1003 1211 
2293 1005 1004 1065 
2294 1004 1006 1430 
2295 1065 1004 1430 
2296 1005 1065 1125 
2297 1005 1125 1290 
2298 1005 1290 1437 
2299 1006 1356 1467 
2300 1430 1006 1467 
2301 1007 1064 1115 
2302 1007 1115 1428 
2303 1136 1007 1428 
2304 1020 1008 1074 
2305 1008 1071 1327 
2306 1074 1008 1327 
2307 1009 1277 1351 
2308 1288 1009 1323 
2309 1323 1009 1351 
2310 1011 1010 1037 
2311 1037 1010 1151 
2312 1151 1010 1295 
2313 1011 1037 1059 
2314 1011 1059 1315 
2315 1269 1011 1315 
2316 1012 1013 1014 
2317 1012 1014 1219 
2318 1045 1012 1219 
2319 1014 1013 1015 
2320 1015 1013 1034 
2321 1034 1013 1158 
2322 1014 1015 1336 
2323 1219 1014 1234 
2324 1234 1014 1459 
2325 1014 1336 1459 
2326 1015 1034 1393 
2327 1336 1015 1442 
2328 1015 1393 1442 
2329 1017 1016 1025 
2330 1025 1016 1033 
2331 1033 1016 1300 
2332 1017 1025 1026 
2333 1017 1026 1030 
2334 1017 1030 1443 
2335 1019 1018 1266 
2336 1018 1181 1465 
2337 1266 1018 1354 
2338 1354 1018 1465 
2339 1019 1266 1304 
2340 1019 1304 1342 
2341 1314 1019 1342 
2342 1020 1074 1075 
2343 1020 1075 1246 
2344 1096 1020 1246 
2345 1210 1021 1301 
2346 1021 1210 1344 
2347 1301 1021 1381 
2348 1330 1021 1344 
2349 1118 1022 1210 
2350 1022 1118 1474 
2351 1210 1022 1344 
2352 1023 1232 1292 
2353 1023 1270 1276 
2354 1270 1023 1292 
2355 1024 1062 1369 
2356 1339 1024 1369 
2357 1024 1339 1395 
2358 1026 1025 1379 
2359 1025 1033 1102 
2360 1025 1102 1379 
2361 1030 1026 1031 
2362 1031 1026 1302 
2363 1302 1026 1379 
2364 1027 1044 1067 
2365 1027 1067 1231 
2366 1083 1027 1231 
2367 1029 1028 1089 
2368 1028 1082 1453 
2369 1089 1028 1453 
2370 1029 1089 1172 
2371 1029 1172 1420 
2372 1029 1420 1422 
2373 1030 1031 1032 
2374 1030 1032 1364 
2375 1030 1364 1384 
2376 1030 1384 1443 
2377 1032 1031 1056 
2378 1056 1031 1119 
2379 1119 1031 1302 
2380 1032 1056 1057 
2381 1032 1057 1058 
2382 1032 1058 1364 
2383 1102 1033 1103 
2384 1103 1033 1104 
2385 1104 1033 1300 
2386 1034 1158 1159 
2387 1034 1159 1325 
2388 1034 1325 1393 
2389 1041 1035 1076 
2390 1076 1035 1143 
2391 1143 1035 1254 
2392 1116 1036 1319 
2393 1036 1150 1454 
2394 1319 1036 1454 
2395 1059 1037 1060 
2396 1060 1037 1273 
2397 1037 1151 1273 
2398 1038 1066 1110 
2399 1038 1110 1407 
2400 1203 1038 1407 
2401 1039 1040 1063 
2402 1039 1063 1367 
2403 1039 1367 1381 
2404 1063 1040 1207 
2405 1040 1101 1127 
2406 1040 1127 1207 
2407 1042 1041 1061 
2408 1061 1041 1322 
2409 1041 1076 1322 
2410 1042 1061 1121 
2411 1042 1121 1122 
2412 1042 1122 1278 
2413 1043 1069 1124 
2414 1097 1043 1343 
2415 1043 1124 1343 
2416 1067 1044 1098 
2417 1044 1085 1285 
2418 1098 1044 1285 
2419 1045 1219 1220 
2420 1045 1220 1221 
2421 1045 1221 1277 
2422 1053 1046 1054 
2423 1054 1046 1321 
2424 1046 1167 1321 
2425 1047 1235 1256 
2426 1238 1047 1239 
2427 1239 1047 1256 
2428 1048 1049 1387 
2429 1052 1048 1073 
2430 1073 1048 1387 
2431 1049 1247 1279 
2432 1247 1049 1340 
2433 1049 1279 1387 
2434 1050 1051 1084 
2435 1050 1084 1144 
2436 1050 1144 1245 
2437 1084 1051 1424 
2438 1051 1253 1398 
2439 1051 1398 1424 
2440 1052 1073 1185 
2441 1052 1185 1186 
2442 1052 1186 1187 
2443 1053 1054 1094 
2444 1053 1094 1427 
2445 1224 1053 1427 
2446 1094 1054 1099 
2447 1099 1054 1100 
2448 1100 1054 1321 
2449 1233 1055 1299 
2450 1055 1269 1315 
2451 1299 1055 1315 
2452 1057 1056 1402 
2453 1056 1119 1120 
2454 1056 1120 1402 
2455 1058 1057 1165 
2456 1165 1057 1329 
2457 1329 1057 1402 
2458 1058 1165 1337 
2459 1303 1058 1337 
2460 1058 1303 1364 
2461 1059 1060 1093 
2462 1059 1093 1178 
2463 1059 1178 1315 
2464 1093 1060 1126 
2465 1126 1060 1131 
2466 1131 1060 1273 
2467 1121 1061 1133 
2468 1133 1061 1259 
2469 1259 1061 1322 
2470 1062 1177 1218 
2471 1177 1062 1451 
2472 1217 1062 1218 
2473 1062 1217 1369 
2474 1063 1207 1208 
2475 1063 1208 1223 
2476 1063 1223 1367 
2477 1115 1064 1257 
2478 1064 1190 1191 
2479 1064 1191 1257 
2480 1125 1065 1175 
2481 1175 1065 1211 
2482 1211 1065 1430 
2483 1110 1066 1172 
2484 1172 1066 1173 
2485 1173 1066 1174 
2486 1067 1098 1207 
2487 1067 1207 1423 
2488 1231 1067 1423 
2489 1226 1068 1227 
2490 1227 1068 1228 
2491 1228 1068 1245 
2492 1124 1069 1319 
2493 1319 1069 1339 
2494 1339 1069 1395 
2495 1070 1281 1419 
2496 1281 1070 1431 
2497 1418 1070 1419 
2498 1071 1262 1331 
2499 1327 1071 1458 
2500 1071 1331 1458 
2501 1147 1072 1148 
2502 1148 1072 1314 
2503 1185 1073 1188 
2504 1188 1073 1388 
2505 1073 1387 1388 
2506 1075 1074 1130 
2507 1130 1074 1213 
2508 1213 1074 1327 
2509 1075 1130 1171 
2510 1075 1171 1247 
2511 1246 1075 1247 
2512 1076 1143 1311 
2513 1161 1076 1311 
2514 1076 1161 1470 
2515 1322 1076 1470 
2516 1078 1077 1157 
2517 1157 1077 1323 
2518 1077 1288 1323 
2519 1079 1078 1080 
2520 1080 1078 1350 
2521 1078 1157 1350 
2522 1079 1080 1081 
2523 1079 1081 1264 
2524 1263 1079 1264 
2525 1081 1080 1128 
2526 1128 1080 1149 
2527 1149 1080 1350 
2528 1081 1128 1129 
2529 1081 1129 1212 
2530 1081 1212 1408 
2531 1264 1081 1408 
2532 1304 1082 1305 
2533 1082 1304 1453 
2534 1305 1082 1433 
2535 1083 1231 1401 
2536 1400 1083 1410 
2537 1083 1401 1410 
2538 1144 1084 1426 
2539 1084 1424 1444 
2540 1426 1084 1444 
2541 1085 1147 1347 
2542 1147 1085 1360 
2543 1285 1085 1347 
2544 1085 1294 1360 
2545 1087 1086 1118 
2546 1118 1086 1474 
2547 1087 1118 1348 
2548 1250 1087 1252 
2549 1252 1087 1348 
2550 1260 1088 1271 
2551 1088 1260 1284 
2552 1172 1089 1464 
2553 1354 1089 1453 
2554 1089 1354 1464 
2555 1253 1090 1398 
2556 1090 1318 1361 
2557 1090 1361 1398 
2558 1091 1092 1237 
2559 1091 1237 1438 
2560 1333 1091 1438 
2561 1092 1111 1112 
2562 1092 1112 1179 
2563 1092 1179 1237 
2564 1093 1126 1202 
2565 1178 1093 1352 
2566 1093 1202 1352 
2567 1094 1099 1117 
2568 1094 1117 1290 
2569 1094 1290 1427 
2570 1142 1095 1162 
2571 1095 1152 1392 
2572 1162 1095 1392 
2573 1096 1246 1372 
2574 1248 1096 1316 
2575 1316 1096 1372 
2576 1330 1097 1343 
2577 1097 1330 1344 
2578 1207 1098 1208 
2579 1208 1098 1286 
2580 1098 1285 1286 
2581 1099 1100 1408 
2582 1117 1099 1212 
2583 1212 1099 1408 
2584 1264 1100 1321 
2585 1100 1264 1408 
2586 1127 1101 1274 
2587 1274 1101 1440 
2588 1101 1389 1440 
2589 1102 1103 1459 
2590 1102 1336 1442 
2591 1336 1102 1459 
2592 1379 1102 1442 
2593 1103 1104 1310 
2594 1234 1103 1310 
2595 1103 1234 1459 
2596 1293 1104 1300 
2597 1106 1105 1281 
2598 1105 1123 1419 
2599 1281 1105 1419 
2600 1106 1281 1449 
2601 1376 1106 1449 
2602 1108 1107 1303 
2603 1303 1107 1364 
2604 1364 1107 1384 
2605 1216 1108 1303 
2606 1108 1216 1385 
2607 1108 1385 1386 
2608 1255 1109 1256 
2609 1256 1109 1373 
2610 1109 1317 1373 
2611 1110 1172 1464 
2612 1407 1110 1465 
2613 1110 1464 1465 
2614 1112 1111 1275 
2615 1275 1111 1434 
2616 1111 1377 1434 
2617 1179 1112 1180 
2618 1180 1112 1383 
2619 1112 1275 1383 
2620 1113 1114 1270 
2621 1240 1113 1292 
2622 1113 1270 1292 
2623 1114 1145 1146 
2624 1114 1146 1243 
2625 1114 1243 1270 
2626 1115 1257 1429 
2627 1115 1258 1428 
2628 1258 1115 1429 
2629 1217 1116 1369 
2630 1116 1319 1339 
2631 1116 1339 1369 
2632 1117 1205 1390 
2633 1205 1117 1413 
2634 1117 1212 1413 
2635 1290 1117 1390 
2636 1118 1210 1267 
2637 1118 1267 1348 
2638 1120 1119 1325 
2639 1119 1302 1393 
2640 1325 1119 1393 
2641 1120 1325 1365 
2642 1120 1365 1402 
2643 1122 1121 1326 
2644 1121 1133 1436 
2645 1326 1121 1394 
2646 1394 1121 1436 
2647 1278 1122 1298 
2648 1298 1122 1414 
2649 1122 1326 1414 
2650 1123 1173 1419 
2651 1173 1123 1420 
2652 1420 1123 1422 
2653 1124 1319 1454 
2654 1343 1124 1358 
2655 1358 1124 1454 
2656 1125 1175 1427 
2657 1290 1125 1427 
2658 1126 1131 1184 
2659 1126 1184 1416 
2660 1202 1126 1416 
2661 1207 1127 1423 
2662 1127 1274 1346 
2663 1127 1346 1423 
2664 1129 1128 1242 
2665 1128 1149 1399 
2666 1242 1128 1399 
2667 1206 1129 1272 
2668 1129 1206 1413 
2669 1212 1129 1413 
2670 1129 1242 1272 
2671 1171 1130 1192 
2672 1184 1131 1298 
2673 1131 1273 1468 
2674 1298 1131 1468 
2675 1132 1316 1372 
2676 1316 1132 1435 
2677 1132 1363 1435 
2678 1133 1259 1260 
2679 1133 1260 1475 
2680 1436 1133 1475 
2681 1135 1134 1138 
2682 1138 1134 1380 
2683 1135 1138 1139 
2684 1135 1139 1216 
2685 1135 1216 1337 
2686 1135 1337 1471 
2687 1377 1136 1434 
2688 1136 1428 1434 
2689 1275 1137 1383 
2690 1383 1137 1450 
2691 1139 1138 1140 
2692 1140 1138 1380 
2693 1139 1140 1141 
2694 1139 1141 1215 
2695 1139 1215 1385 
2696 1216 1139 1385 
2697 1141 1140 1163 
2698 1141 1163 1289 
2699 1215 1141 1462 
2700 1141 1289 1462 
2701 1142 1162 1432 
2702 1142 1309 1391 
2703 1309 1142 1432 
2704 1143 1309 1311 
2705 1144 1228 1245 
2706 1228 1144 1417 
2707 1417 1144 1426 
2708 1146 1145 1424 
2709 1145 1225 1444 
2710 1424 1145 1444 
2711 1243 1146 1361 
2712 1361 1146 1398 
2713 1398 1146 1424 
2714 1147 1148 1347 
2715 1148 1314 1421 
2716 1347 1148 1457 
2717 1148 1421 1457 
2718 1399 1149 1473 
2719 1150 1176 1283 
2720 1150 1283 1358 
2721 1150 1358 1454 
2722 1273 1151 1406 
2723 1151 1295 1338 
2724 1151 1338 1406 
2725 1152 1153 1154 
2726 1154 1153 1155 
2727 1155 1153 1405 
2728 1177 1153 1218 
2729 1153 1177 1405 
2730 1154 1155 1334 
2731 1282 1154 1334 
2732 1334 1155 1335 
2733 1335 1155 1374 
2734 1374 1155 1405 
2735 1164 1156 1374 
2736 1156 1250 1251 
2737 1156 1251 1374 
2738 1157 1323 1324 
2739 1159 1158 1160 
2740 1160 1158 1226 
2741 1159 1160 1411 
2742 1325 1159 1332 
2743 1332 1159 1411 
2744 1160 1226 1412 
2745 1411 1160 1412 
2746 1161 1311 1448 
2747 1162 1392 1463 
2748 1177 1164 1405 
2749 1164 1374 1405 
2750 1214 1165 1329 
2751 1165 1214 1471 
2752 1337 1165 1471 
2753 1166 1168 1169 
2754 1168 1166 1293 
2755 1166 1169 1287 
2756 1168 1293 1300 
2757 1169 1170 1287 
2758 1287 1170 1462 
2759 1170 1297 1462 
2760 1171 1192 1469 
2761 1247 1171 1279 
2762 1279 1171 1469 
2763 1172 1173 1420 
2764 1173 1174 1418 
2765 1173 1418 1419 
2766 1175 1224 1427 
2767 1283 1176 1396 
2768 1396 1176 1460 
2769 1178 1299 1315 
2770 1179 1180 1458 
2771 1237 1179 1331 
2772 1331 1179 1458 
2773 1180 1213 1327 
2774 1213 1180 1382 
2775 1180 1327 1458 
2776 1382 1180 1383 
2777 1181 1407 1465 
2778 1363 1182 1435 
2779 1332 1183 1365 
2780 1184 1298 1414 
2781 1184 1414 1472 
2782 1186 1185 1313 
2783 1187 1186 1204 
2784 1204 1186 1362 
2785 1186 1313 1362 
2786 1187 1204 1449 
2787 1431 1187 1449 
2788 1230 1189 1440 
2789 1189 1274 1440 
2790 1191 1190 1268 
2791 1190 1211 1467 
2792 1268 1190 1467 
2793 1257 1191 1368 
2794 1191 1268 1415 
2795 1368 1191 1415 
2796 1194 1193 1196 
2797 1193 1195 1307 
2798 1196 1193 1308 
2799 1193 1307 1308 
2800 1194 1196 1362 
2801 1194 1313 1355 
2802 1313 1194 1362 
2803 1195 1197 1342 
2804 1195 1305 1306 
2805 1305 1195 1342 
2806 1195 1306 1307 
2807 1196 1308 1312 
2808 1196 1312 1378 
2809 1362 1196 1378 
2810 1197 1314 1342 
2811 1314 1197 1421 
2812 1198 1199 1201 
2813 1200 1198 1359 
2814 1198 1201 1328 
2815 1198 1328 1359 
2816 1201 1199 1368 
2817 1199 1353 1368 
2818 1242 1200 1272 
2819 1272 1200 1445 
2820 1200 1359 1445 
2821 1328 1201 1357 
2822 1357 1201 1415 
2823 1201 1368 1415 
2824 1352 1202 1466 
2825 1202 1416 1461 
2826 1202 1461 1466 
2827 1204 1362 1378 
2828 1376 1204 1378 
2829 1204 1376 1449 
2830 1206 1205 1413 
2831 1206 1272 1446 
2832 1223 1208 1456 
2833 1208 1286 1456 
2834 1209 1411 1412 
2835 1267 1210 1301 
2836 1211 1430 1467 
2837 1215 1297 1386 
2838 1297 1215 1462 
2839 1385 1215 1386 
2840 1216 1303 1337 
2841 1220 1219 1349 
2842 1219 1234 1349 
2843 1221 1220 1345 
2844 1277 1221 1351 
2845 1221 1345 1439 
2846 1351 1221 1439 
2847 1236 1222 1438 
2848 1222 1333 1438 
2849 1366 1223 1456 
2850 1225 1265 1444 
2851 1226 1227 1412 
2852 1227 1228 1452 
2853 1229 1228 1417 
2854 1228 1229 1452 
2855 1389 1230 1440 
2856 1231 1346 1401 
2857 1346 1231 1423 
2858 1292 1232 1296 
2859 1233 1241 1244 
2860 1241 1233 1299 
2861 1234 1310 1349 
2862 1235 1255 1256 
2863 1237 1236 1438 
2864 1238 1239 1410 
2865 1280 1238 1410 
2866 1239 1256 1373 
2867 1239 1373 1400 
2868 1239 1400 1410 
2869 1240 1292 1296 
2870 1270 1243 1276 
2871 1246 1247 1404 
2872 1372 1246 1404 
2873 1247 1340 1404 
2874 1291 1248 1316 
2875 1326 1249 1472 
2876 1251 1250 1252 
2877 1251 1252 1335 
2878 1251 1335 1374 
2879 1254 1341 1397 
2880 1259 1322 1470 
2881 1260 1271 1475 
2882 1261 1394 1436 
2883 1265 1426 1444 
2884 1304 1266 1453 
2885 1266 1354 1453 
2886 1267 1301 1370 
2887 1268 1356 1415 
2888 1356 1268 1467 
2889 1272 1445 1446 
2890 1273 1406 1468 
2891 1387 1279 1388 
2892 1401 1280 1410 
2893 1281 1431 1449 
2894 1289 1287 1462 
2895 1290 1390 1437 
2896 1301 1367 1370 
2897 1367 1301 1381 
2898 1302 1379 1442 
2899 1393 1302 1442 
2900 1304 1305 1342 
2901 1349 1310 1403 
2902 1312 1376 1378 
2903 1324 1323 1351 
2904 1324 1351 1439 
2905 1425 1324 1439 
2906 1325 1332 1365 
2907 1414 1326 1472 
2908 1328 1357 1375 
2909 1359 1328 1375 
2910 1464 1354 1465 
2911 1356 1357 1415 
2912 1382 1383 1450 
2 6 2 200
2913 178 1555 5 
2914 5 1555 79 
2915 84 1554 6 
2916 6 1554 85 
2917 7 1553 177 
2918 95 1553 7 
2919 172 1556 16 
2920 16 1556 188 
2921 173 1487 172 
2922 1487 1556 172 
2923 174 1539 173 
2924 173 1539 1487 
2925 175 1477 174 
2926 1477 1539 174 
2927 176 1547 175 
2928 175 1547 1477 
2929 177 1553 176 
2930 1519 1547 176 
2931 176 1553 1519 
2932 179 1538 178 
2933 1538 1555 178 
2934 180 1483 179 
2935 1483 1538 179 
2936 181 1525 180 
2937 180 1525 1483 
2938 182 1478 181 
2939 1478 1525 181 
2940 183 1552 182 
2941 182 1552 1478 
2942 184 1541 183 
2943 1541 1552 183 
2944 185 1479 184 
2945 1479 1541 184 
2946 186 1524 185 
2947 185 1524 1479 
2948 187 1484 186 
2949 1484 1524 186 
2950 188 1537 187 
2951 187 1537 1484 
2952 188 1556 1537 
2953 79 1488 80 
2954 79 1555 1488 
2955 80 1540 81 
2956 1488 1540 80 
2957 81 1476 82 
2958 81 1540 1476 
2959 82 1543 83 
2960 1476 1543 82 
2961 83 1536 84 
2962 83 1543 1536 
2963 1536 1554 84 
2964 85 1486 86 
2965 85 1554 1486 
2966 86 1489 87 
2967 1486 1489 86 
2968 87 1482 88 
2969 87 1489 1482 
2970 88 1523 89 
2971 1482 1523 88 
2972 89 1480 90 
2973 89 1523 1480 
2974 90 1532 91 
2975 1480 1532 90 
2976 91 1528 92 
2977 91 1532 1528 
2978 92 1481 93 
2979 92 1528 1481 
2980 93 1520 94 
2981 1481 1520 93 
2982 94 1485 95 
2983 94 1520 1485 
2984 1485 1553 95 
2985 1476 1513 1512 
2986 1512 1514 1476 
2987 1476 1540 1513 
2988 1514 1543 1476 
2989 1477 1547 1517 
2990 1517 1557 1477 
2991 1477 1557 1539 
2992 1478 1546 1525 
2993 1545 1546 1478 
2994 1478 1552 1545 
2995 1524 1550 1479 
2996 1479 1551 1541 
2997 1550 1551 1479 
2998 1523 1533 1480 
2999 1480 1534 1532 
3000 1533 1534 1480 
3001 1481 1521 1520 
3002 1481 1522 1521 
3003 1481 1528 1522 
3004 1489 1490 1482 
3005 1490 1491 1482 
3006 1491 1523 1482 
3007 1525 1544 1483 
3008 1483 1542 1538 
3009 1483 1544 1542 
3010 1484 1549 1524 
3011 1537 1548 1484 
3012 1548 1549 1484 
3013 1518 1519 1485 
3014 1485 1520 1518 
3015 1519 1553 1485 
3016 1486 1535 1489 
3017 1486 1536 1535 
3018 1486 1554 1536 
3019 1487 1539 1516 
3020 1516 1548 1487 
3021 1487 1548 1537 
3022 1537 1556 1487 
3023 1513 1540 1488 
3024 1488 1542 1513 
3025 1538 1542 1488 
3026 1488 1555 1538 
3027 1489 1535 1490 
3028 1490 1492 1491 
3029 1490 1527 1492 
3030 1490 1535 1527 
3031 1492 1493 1491 
3032 1493 1533 1491 
3033 1491 1533 1523 
3034 1492 1494 1493 
3035 1492 1496 1494 
3036 1492 1527 1496 
3037 1494 1495 1493 
3038 1495 1497 1493 
3039 1497 1533 1493 
3040 1494 1529 1495 
3041 1496 1507 1494 
3042 1507 1529 1494 
3043 1495 1498 1497 
3044 1495 1530 1498 
3045 1529 1530 1495 
3046 1496 1510 1507 
3047 1496 1512 1510 
3048 1496 1527 1512 
3049 1498 1499 1497 
3050 1499 1534 1497 
3051 1497 1534 1533 
3052 1498 1500 1499 
3053 1498 1506 1500 
3054 1498 1530 1506 
3055 1500 1501 1499 
3056 1501 1508 1499 
3057 1508 1534 1499 
3058 1500 1502 1501 
3059 1500 1526 1502 
3060 1506 1526 1500 
3061 1502 1503 1501 
3062 1503 1522 1501 
3063 1501 1522 1508 
3064 1502 1504 1503 
3065 1502 1509 1504 
3066 1502 1526 1509 
3067 1504 1505 1503 
3068 1505 1521 1503 
3069 1521 1522 1503 
3070 1504 1515 1505 
3071 1509 1511 1504 
3072 1511 1515 1504 
3073 1515 1517 1505 
3074 1517 1518 1505 
3075 1518 1521 1505 
3076 1506 1551 1526 
3077 1530 1531 1506 
3078 1531 1551 1506 
3079 1510 1544 1507 
3080 1507 1546 1529 
3081 1544 1546 1507 
3082 1522 1528 1508 
3083 1528 1532 1508 
3084 1532 1534 1508 
3085 1509 1549 1511 
3086 1526 1550 1509 
3087 1509 1550 1549 
3088 1512 1513 1510 
3089 1513 1542 1510 
3090 1542 1544 1510 
3091 1511 1516 1515 
3092 1511 1548 1516 
3093 1511 1549 1548 
3094 1512 1527 1514 
3095 1527 1535 1514 
3096 1535 1536 1514 
3097 1536 1543 1514 
3098 1516 1557 1515 
3099 1515 1557 1517 
3100 1539 1557 1516 
3101 1517 1519 1518 
3102 1517 1547 1519 
3103 1520 1521 1518 
3104 1549 1550 1524 
3105 1525 1546 1544 
3106 1526 1551 1550 
3107 1529 1545 1530 
3108 1529 1546 1545 
3109 1530 1545 1531 
3110 1541 1551 1531 
3111 1531 1552 1541 
3112 1545 1552 1531 
2 7 2 578
3113 248 8 1797 
3114 8 248 1799 
3115 8 106 1797 
3116 112 8 1799 
3117 189 17 1796 
3118 17 195 1798 
3119 17 217 1796 
3120 217 17 1798 
3121 190 189 1589 
3122 1589 189 1796 
3123 191 190 1743 
3124 190 1589 1743 
3125 192 191 1567 
3126 1567 191 1743 
3127 193 192 1756 
3128 192 1567 1756 
3129 194 193 1585 
3130 1585 193 1756 
3131 195 194 1753 
3132 194 1585 1753 
3133 195 1753 1798 
3134 218 217 1591 
3135 217 218 1747 
3136 1591 217 1798 
3137 217 1747 1796 
3138 218 219 1587 
3139 219 218 1599 
3140 218 1587 1747 
3141 218 1591 1599 
3142 220 219 1568 
3143 219 220 1686 
3144 1568 219 1599 
3145 1587 219 1686 
3146 220 221 1560 
3147 221 220 1679 
3148 220 1560 1686 
3149 220 1568 1679 
3150 222 221 1575 
3151 221 222 1708 
3152 1560 221 1708 
3153 1575 221 1679 
3154 222 223 1571 
3155 223 222 1700 
3156 222 1571 1708 
3157 222 1575 1700 
3158 224 223 1576 
3159 223 224 1718 
3160 1571 223 1718 
3161 1576 223 1700 
3162 224 225 1713 
3163 225 224 1715 
3164 224 1576 1715 
3165 224 1713 1718 
3166 225 226 1558 
3167 226 225 1577 
3168 225 1558 1713 
3169 1577 225 1715 
3170 227 226 1716 
3171 226 227 1764 
3172 1558 226 1764 
3173 226 1577 1716 
3174 228 227 1578 
3175 227 228 1733 
3176 1578 227 1716 
3177 227 1733 1764 
3178 228 229 1572 
3179 229 228 1721 
3180 228 1572 1733 
3181 228 1578 1721 
3182 230 229 1579 
3183 229 230 1711 
3184 1572 229 1711 
3185 1579 229 1721 
3186 230 231 1559 
3187 231 230 1723 
3188 230 1559 1711 
3189 230 1579 1723 
3190 232 231 1580 
3191 231 232 1710 
3192 1559 231 1710 
3193 1580 231 1723 
3194 232 233 1707 
3195 233 232 1725 
3196 232 1580 1725 
3197 232 1707 1710 
3198 233 234 1561 
3199 234 233 1581 
3200 233 1561 1707 
3201 1581 233 1725 
3202 234 235 1709 
3203 235 234 1728 
3204 1561 234 1709 
3205 234 1581 1728 
3206 235 236 1570 
3207 236 235 1729 
3208 235 1570 1709 
3209 235 1728 1729 
3210 237 236 1569 
3211 236 237 1731 
3212 1569 236 1729 
3213 1570 236 1731 
3214 237 238 1582 
3215 238 237 1706 
3216 237 1569 1706 
3217 237 1582 1731 
3218 239 238 1562 
3219 238 239 1734 
3220 1562 238 1706 
3221 1582 238 1734 
3222 239 240 1583 
3223 240 239 1703 
3224 239 1562 1703 
3225 239 1583 1734 
3226 241 240 1702 
3227 240 241 1732 
3228 1583 240 1732 
3229 1702 240 1703 
3230 242 241 1563 
3231 241 242 1766 
3232 1563 241 1702 
3233 1732 241 1766 
3234 242 243 1573 
3235 243 242 1697 
3236 242 1563 1697 
3237 242 1573 1766 
3238 244 243 1574 
3239 243 244 1757 
3240 1573 243 1757 
3241 1574 243 1697 
3242 244 245 1564 
3243 245 244 1604 
3244 244 1564 1757 
3245 244 1574 1604 
3246 246 245 1566 
3247 245 246 1681 
3248 1564 245 1681 
3249 1566 245 1604 
3250 246 247 1586 
3251 247 246 1592 
3252 246 1566 1592 
3253 246 1586 1681 
3254 248 247 1590 
3255 247 248 1745 
3256 1586 247 1745 
3257 1590 247 1592 
3258 248 1590 1799 
3259 1745 248 1797 
3260 106 107 1588 
3261 106 1588 1797 
3262 107 108 1748 
3263 1588 107 1748 
3264 108 109 1565 
3265 108 1565 1748 
3266 109 110 1755 
3267 1565 109 1755 
3268 110 111 1584 
3269 110 1584 1755 
3270 111 112 1752 
3271 1584 111 1752 
3272 1752 112 1799 
3273 1713 1558 1714 
3274 1714 1558 1768 
3275 1558 1764 1768 
3276 1559 1652 1711 
3277 1652 1559 1712 
3278 1559 1710 1712 
3279 1686 1560 1690 
3280 1690 1560 1792 
3281 1560 1708 1792 
3282 1707 1561 1740 
3283 1561 1709 1804 
3284 1561 1739 1740 
3285 1739 1561 1804 
3286 1703 1562 1704 
3287 1704 1562 1705 
3288 1705 1562 1706 
3289 1697 1563 1699 
3290 1699 1563 1742 
3291 1563 1702 1742 
3292 1564 1681 1684 
3293 1564 1684 1760 
3294 1757 1564 1760 
3295 1565 1685 1748 
3296 1685 1565 1784 
3297 1565 1755 1784 
3298 1592 1566 1593 
3299 1593 1566 1594 
3300 1594 1566 1604 
3301 1691 1567 1743 
3302 1567 1691 1777 
3303 1756 1567 1777 
3304 1568 1599 1600 
3305 1568 1600 1601 
3306 1568 1601 1679 
3307 1706 1569 1805 
3308 1569 1729 1730 
3309 1569 1730 1805 
3310 1709 1570 1800 
3311 1570 1731 1790 
3312 1570 1790 1800 
3313 1708 1571 1787 
3314 1571 1718 1719 
3315 1571 1719 1787 
3316 1572 1711 1758 
3317 1733 1572 1762 
3318 1572 1758 1762 
3319 1694 1573 1757 
3320 1573 1694 1761 
3321 1573 1761 1766 
3322 1604 1574 1605 
3323 1605 1574 1698 
3324 1574 1697 1698 
3325 1575 1679 1680 
3326 1575 1680 1779 
3327 1700 1575 1779 
3328 1576 1700 1789 
3329 1715 1576 1794 
3330 1576 1789 1794 
3331 1577 1715 1803 
3332 1716 1577 1782 
3333 1577 1738 1782 
3334 1738 1577 1803 
3335 1578 1716 1717 
3336 1578 1717 1759 
3337 1721 1578 1759 
3338 1579 1721 1722 
3339 1579 1722 1767 
3340 1723 1579 1767 
3341 1580 1723 1724 
3342 1580 1724 1773 
3343 1725 1580 1773 
3344 1581 1725 1726 
3345 1581 1726 1727 
3346 1581 1727 1728 
3347 1731 1582 1781 
3348 1582 1734 1775 
3349 1582 1775 1781 
3350 1583 1732 1769 
3351 1734 1583 1772 
3352 1583 1769 1772 
3353 1584 1750 1755 
3354 1750 1584 1791 
3355 1584 1752 1791 
3356 1749 1585 1756 
3357 1585 1749 1788 
3358 1753 1585 1788 
3359 1681 1586 1682 
3360 1682 1586 1683 
3361 1683 1586 1745 
3362 1587 1686 1687 
3363 1587 1687 1688 
3364 1587 1688 1747 
3365 1745 1588 1783 
3366 1588 1745 1797 
3367 1588 1748 1783 
3368 1743 1589 1786 
3369 1589 1747 1786 
3370 1747 1589 1796 
3371 1590 1592 1595 
3372 1590 1595 1791 
3373 1752 1590 1791 
3374 1590 1752 1799 
3375 1599 1591 1602 
3376 1602 1591 1788 
3377 1591 1753 1788 
3378 1753 1591 1798 
3379 1592 1593 1595 
3380 1593 1594 1597 
3381 1595 1593 1596 
3382 1596 1593 1597 
3383 1597 1594 1598 
3384 1598 1594 1605 
3385 1594 1604 1605 
3386 1595 1596 1750 
3387 1595 1750 1791 
3388 1596 1597 1613 
3389 1596 1613 1614 
3390 1596 1614 1750 
3391 1597 1598 1741 
3392 1613 1597 1741 
3393 1598 1605 1606 
3394 1598 1606 1607 
3395 1598 1607 1741 
3396 1600 1599 1602 
3397 1601 1600 1754 
3398 1600 1602 1603 
3399 1600 1603 1754 
3400 1679 1601 1680 
3401 1680 1601 1776 
3402 1601 1754 1776 
3403 1603 1602 1749 
3404 1749 1602 1788 
3405 1692 1603 1749 
3406 1603 1692 1751 
3407 1603 1751 1754 
3408 1606 1605 1698 
3409 1607 1606 1608 
3410 1608 1606 1609 
3411 1609 1606 1698 
3412 1607 1608 1611 
3413 1607 1611 1612 
3414 1607 1612 1741 
3415 1608 1609 1610 
3416 1608 1610 1693 
3417 1611 1608 1693 
3418 1610 1609 1616 
3419 1616 1609 1699 
3420 1609 1698 1699 
3421 1610 1616 1617 
3422 1610 1617 1695 
3423 1693 1610 1695 
3424 1612 1611 1760 
3425 1611 1693 1694 
3426 1611 1694 1760 
3427 1612 1684 1744 
3428 1684 1612 1760 
3429 1741 1612 1744 
3430 1614 1613 1615 
3431 1615 1613 1744 
3432 1613 1741 1744 
3433 1614 1615 1685 
3434 1614 1685 1784 
3435 1750 1614 1784 
3436 1615 1682 1683 
3437 1682 1615 1744 
3438 1615 1683 1685 
3439 1617 1616 1618 
3440 1618 1616 1742 
3441 1616 1699 1742 
3442 1617 1618 1619 
3443 1617 1619 1620 
3444 1617 1620 1695 
3445 1619 1618 1621 
3446 1621 1618 1623 
3447 1623 1618 1742 
3448 1620 1619 1737 
3449 1619 1621 1622 
3450 1619 1622 1737 
3451 1695 1620 1696 
3452 1696 1620 1769 
3453 1620 1737 1769 
3454 1622 1621 1624 
3455 1621 1623 1704 
3456 1624 1621 1704 
3457 1622 1624 1625 
3458 1622 1625 1628 
3459 1622 1628 1737 
3460 1623 1702 1703 
3461 1702 1623 1742 
3462 1623 1703 1704 
3463 1625 1624 1626 
3464 1626 1624 1806 
3465 1624 1704 1806 
3466 1625 1626 1627 
3467 1625 1627 1736 
3468 1628 1625 1736 
3469 1627 1626 1629 
3470 1629 1626 1653 
3471 1653 1626 1806 
3472 1627 1629 1630 
3473 1627 1630 1636 
3474 1627 1636 1736 
3475 1628 1736 1775 
3476 1737 1628 1772 
3477 1772 1628 1775 
3478 1630 1629 1631 
3479 1631 1629 1802 
3480 1629 1653 1802 
3481 1630 1631 1632 
3482 1630 1632 1735 
3483 1636 1630 1735 
3484 1632 1631 1633 
3485 1633 1631 1637 
3486 1637 1631 1802 
3487 1632 1633 1634 
3488 1632 1634 1638 
3489 1632 1638 1735 
3490 1634 1633 1635 
3491 1635 1633 1785 
3492 1633 1637 1785 
3493 1634 1635 1639 
3494 1638 1634 1739 
3495 1634 1639 1739 
3496 1639 1635 1640 
3497 1640 1635 1778 
3498 1778 1635 1785 
3499 1636 1735 1790 
3500 1736 1636 1781 
3501 1781 1636 1790 
3502 1637 1727 1785 
3503 1727 1637 1793 
3504 1637 1730 1793 
3505 1730 1637 1802 
3506 1735 1638 1800 
3507 1638 1739 1804 
3508 1800 1638 1804 
3509 1639 1640 1641 
3510 1639 1641 1740 
3511 1739 1639 1740 
3512 1641 1640 1642 
3513 1642 1640 1651 
3514 1651 1640 1778 
3515 1641 1642 1643 
3516 1641 1643 1647 
3517 1641 1647 1740 
3518 1643 1642 1644 
3519 1644 1642 1770 
3520 1642 1651 1770 
3521 1643 1644 1645 
3522 1643 1645 1712 
3523 1647 1643 1712 
3524 1645 1644 1646 
3525 1646 1644 1650 
3526 1650 1644 1770 
3527 1645 1646 1648 
3528 1645 1648 1652 
3529 1645 1652 1712 
3530 1648 1646 1649 
3531 1649 1646 1763 
3532 1646 1650 1763 
3533 1707 1647 1710 
3534 1647 1707 1740 
3535 1710 1647 1712 
3536 1648 1649 1654 
3537 1652 1648 1758 
3538 1648 1654 1758 
3539 1654 1649 1655 
3540 1655 1649 1668 
3541 1668 1649 1763 
3542 1650 1722 1763 
3543 1722 1650 1767 
3544 1650 1724 1767 
3545 1724 1650 1770 
3546 1651 1724 1770 
3547 1724 1651 1773 
3548 1651 1726 1773 
3549 1726 1651 1778 
3550 1711 1652 1758 
3551 1653 1705 1805 
3552 1705 1653 1806 
3553 1653 1730 1802 
3554 1730 1653 1805 
3555 1654 1655 1656 
3556 1654 1656 1762 
3557 1758 1654 1762 
3558 1656 1655 1657 
3559 1657 1655 1720 
3560 1655 1668 1720 
3561 1656 1657 1658 
3562 1656 1658 1660 
3563 1656 1660 1762 
3564 1658 1657 1659 
3565 1659 1657 1661 
3566 1661 1657 1720 
3567 1658 1659 1771 
3568 1660 1658 1768 
3569 1768 1658 1771 
3570 1659 1661 1662 
3571 1659 1662 1663 
3572 1659 1663 1771 
3573 1660 1733 1762 
3574 1733 1660 1764 
3575 1764 1660 1768 
3576 1662 1661 1738 
3577 1717 1661 1720 
3578 1661 1717 1782 
3579 1738 1661 1782 
3580 1663 1662 1664 
3581 1664 1662 1669 
3582 1669 1662 1738 
3583 1663 1664 1665 
3584 1663 1665 1667 
3585 1663 1667 1771 
3586 1665 1664 1666 
3587 1666 1664 1701 
3588 1664 1669 1701 
3589 1665 1666 1670 
3590 1667 1665 1780 
3591 1665 1670 1780 
3592 1670 1666 1671 
3593 1671 1666 1674 
3594 1674 1666 1701 
3595 1667 1714 1771 
3596 1714 1667 1774 
3597 1774 1667 1780 
3598 1720 1668 1759 
3599 1668 1722 1759 
3600 1722 1668 1763 
3601 1701 1669 1794 
3602 1669 1738 1803 
3603 1794 1669 1803 
3604 1670 1671 1672 
3605 1670 1672 1746 
3606 1670 1746 1780 
3607 1672 1671 1673 
3608 1673 1671 1765 
3609 1671 1674 1765 
3610 1672 1673 1675 
3611 1672 1675 1676 
3612 1672 1676 1746 
3613 1675 1673 1677 
3614 1677 1673 1776 
3615 1673 1765 1776 
3616 1674 1701 1789 
3617 1765 1674 1779 
3618 1779 1674 1789 
3619 1676 1675 1795 
3620 1675 1677 1678 
3621 1675 1678 1795 
3622 1746 1676 1787 
3623 1787 1676 1792 
3624 1792 1676 1795 
3625 1678 1677 1751 
3626 1751 1677 1754 
3627 1754 1677 1776 
3628 1689 1678 1751 
3629 1678 1689 1801 
3630 1795 1678 1801 
3631 1765 1680 1776 
3632 1680 1765 1779 
3633 1681 1682 1684 
3634 1684 1682 1744 
3635 1685 1683 1783 
3636 1683 1745 1783 
3637 1748 1685 1783 
3638 1687 1686 1690 
3639 1688 1687 1689 
3640 1689 1687 1801 
3641 1687 1690 1801 
3642 1688 1689 1691 
3643 1688 1691 1786 
3644 1747 1688 1786 
3645 1691 1689 1692 
3646 1692 1689 1751 
3647 1690 1792 1795 
3648 1690 1795 1801 
3649 1691 1692 1777 
3650 1691 1743 1786 
3651 1692 1749 1777 
3652 1694 1693 1761 
3653 1693 1695 1761 
3654 1694 1757 1760 
3655 1695 1696 1761 
3656 1696 1732 1766 
3657 1732 1696 1769 
3658 1761 1696 1766 
3659 1698 1697 1699 
3660 1700 1779 1789 
3661 1789 1701 1794 
3662 1704 1705 1806 
3663 1705 1706 1805 
3664 1708 1787 1792 
3665 1709 1800 1804 
3666 1713 1714 1774 
3667 1718 1713 1774 
3668 1714 1768 1771 
3669 1715 1794 1803 
3670 1717 1716 1782 
3671 1717 1720 1759 
3672 1719 1718 1774 
3673 1746 1719 1780 
3674 1719 1746 1787 
3675 1719 1774 1780 
3676 1722 1721 1759 
3677 1724 1723 1767 
3678 1726 1725 1773 
3679 1727 1726 1778 
3680 1728 1727 1793 
3681 1727 1778 1785 
3682 1729 1728 1793 
3683 1730 1729 1793 
3684 1731 1781 1790 
3685 1734 1772 1775 
3686 1790 1735 1800 
3687 1775 1736 1781 
3688 1769 1737 1772 
3689 1749 1756 1777 
3690 1755 1750 1784 
2 8 2 570
3691 280 9 2043 
3692 9 280 2046 
3693 9 113 2043 
3694 119 9 2046 
3695 196 18 2042 
3696 18 202 2045 
3697 18 249 2042 
3698 249 18 2045 
3699 197 196 1839 
3700 1839 196 2042 
3701 198 197 2008 
3702 197 1839 2008 
3703 199 198 1816 
3704 1816 198 2008 
3705 200 199 2005 
3706 199 1816 2005 
3707 201 200 1835 
3708 1835 200 2005 
3709 202 201 2001 
3710 201 1835 2001 
3711 202 2001 2045 
3712 250 249 1841 
3713 249 250 1998 
3714 1841 249 2045 
3715 249 1998 2042 
3716 250 251 1837 
3717 251 250 1842 
3718 250 1837 1998 
3719 250 1841 1842 
3720 252 251 1817 
3721 251 252 1941 
3722 1817 251 1842 
3723 1837 251 1941 
3724 252 253 1809 
3725 253 252 1852 
3726 252 1809 1941 
3727 252 1817 1852 
3728 254 253 1832 
3729 253 254 1949 
3730 1809 253 1949 
3731 1832 253 1852 
3732 254 255 1824 
3733 255 254 1944 
3734 254 1824 1949 
3735 254 1832 1944 
3736 256 255 1822 
3737 255 256 2018 
3738 1822 255 1944 
3739 1824 255 2018 
3740 256 257 1831 
3741 257 256 2010 
3742 256 1822 2010 
3743 256 1831 2018 
3744 258 257 1807 
3745 257 258 2012 
3746 1807 257 2010 
3747 1831 257 2012 
3748 258 259 1830 
3749 259 258 1965 
3750 258 1807 1965 
3751 258 1830 2012 
3752 260 259 1821 
3753 259 260 1973 
3754 1821 259 1965 
3755 1830 259 1973 
3756 260 261 1825 
3757 261 260 1979 
3758 260 1821 1979 
3759 260 1825 1973 
3760 262 261 1833 
3761 261 262 1969 
3762 1825 261 1969 
3763 1833 261 1979 
3764 262 263 1808 
3765 263 262 1981 
3766 262 1808 1969 
3767 262 1833 1981 
3768 264 263 1819 
3769 263 264 1968 
3770 1808 263 1968 
3771 1819 263 1981 
3772 264 265 1826 
3773 265 264 1958 
3774 264 1819 1958 
3775 264 1826 1968 
3776 266 265 1810 
3777 265 266 1972 
3778 1810 265 1958 
3779 1826 265 1972 
3780 266 267 1828 
3781 267 266 1963 
3782 266 1810 1963 
3783 266 1828 1972 
3784 268 267 1964 
3785 267 268 1971 
3786 1828 267 1971 
3787 267 1963 1964 
3788 269 268 1818 
3789 268 269 1829 
3790 1818 268 1964 
3791 268 1829 1971 
3792 270 269 1961 
3793 269 270 1975 
3794 269 1818 1961 
3795 1829 269 1975 
3796 271 270 1811 
3797 270 271 1976 
3798 1811 270 1961 
3799 1975 270 1976 
3800 271 272 1823 
3801 272 271 1956 
3802 271 1811 1956 
3803 271 1823 1976 
3804 273 272 1820 
3805 272 273 1967 
3806 1820 272 1956 
3807 1823 272 1967 
3808 273 274 1812 
3809 274 273 1952 
3810 273 1812 1967 
3811 273 1820 1952 
3812 275 274 1951 
3813 274 275 2011 
3814 1812 274 2011 
3815 1951 274 1952 
3816 276 275 1827 
3817 275 276 1970 
3818 1827 275 1951 
3819 275 1970 2011 
3820 276 277 1813 
3821 277 276 1855 
3822 276 1813 1970 
3823 276 1827 1855 
3824 278 277 1815 
3825 277 278 1940 
3826 1813 277 1940 
3827 1815 277 1855 
3828 278 279 1836 
3829 279 278 1847 
3830 278 1815 1847 
3831 278 1836 1940 
3832 280 279 1840 
3833 279 280 1997 
3834 1836 279 1997 
3835 1840 279 1847 
3836 280 1840 2046 
3837 1997 280 2043 
3838 113 114 1838 
3839 113 1838 2043 
3840 114 115 2006 
3841 1838 114 2006 
3842 115 116 1814 
3843 115 1814 2006 
3844 116 117 2004 
3845 1814 116 2004 
3846 117 118 1834 
3847 117 1834 2004 
3848 118 119 2000 
3849 1834 118 2000 
3850 2000 119 2046 
3851 1965 1807 2033 
3852 1807 2010 2013 
3853 1807 2013 2033 
3854 1808 1968 2049 
3855 1969 1808 2050 
3856 1808 2049 2050 
3857 1809 1935 1941 
3858 1935 1809 1948 
3859 1948 1809 1949 
3860 1810 1958 1959 
3861 1810 1959 1960 
3862 1810 1960 1963 
3863 1811 1936 1956 
3864 1936 1811 1957 
3865 1957 1811 1961 
3866 1812 1937 2009 
3867 1937 1812 2011 
3868 1967 1812 2009 
3869 1813 1940 1989 
3870 1970 1813 1988 
3871 1988 1813 1989 
3872 1814 2004 2036 
3873 2006 1814 2007 
3874 2007 1814 2036 
3875 1847 1815 1848 
3876 1848 1815 1849 
3877 1849 1815 1855 
3878 2002 1816 2008 
3879 1816 2002 2029 
3880 2005 1816 2029 
3881 1817 1842 1843 
3882 1817 1843 1844 
3883 1817 1844 1852 
3884 1818 1934 1961 
3885 1934 1818 1962 
3886 1962 1818 1964 
3887 1958 1819 2035 
3888 1819 1981 1982 
3889 1819 1982 2035 
3890 1820 1943 1952 
3891 1943 1820 1953 
3892 1953 1820 1956 
3893 1821 1965 1966 
3894 1821 1966 2021 
3895 1979 1821 2021 
3896 1822 1944 1996 
3897 1822 1955 2010 
3898 1955 1822 2041 
3899 1822 1996 2041 
3900 1823 1967 1978 
3901 1976 1823 1977 
3902 1977 1823 1978 
3903 1949 1824 1950 
3904 1950 1824 2031 
3905 1824 2018 2031 
3906 1825 1927 1973 
3907 1927 1825 1974 
3908 1825 1969 1974 
3909 1968 1826 2048 
3910 1826 1972 2039 
3911 1826 2039 2048 
3912 1855 1827 1856 
3913 1856 1827 1857 
3914 1857 1827 1951 
3915 1828 1971 2028 
3916 1972 1828 2032 
3917 1828 2028 2032 
3918 1971 1829 2025 
3919 1829 1975 2023 
3920 1829 2023 2025 
3921 1932 1830 1983 
3922 1830 1932 2012 
3923 1830 1973 1983 
3924 1933 1831 2015 
3925 1831 1933 2018 
3926 1831 2012 2015 
3927 1832 1852 1853 
3928 1832 1853 1854 
3929 1832 1854 1944 
3930 1833 1979 1980 
3931 1833 1980 2026 
3932 1981 1833 2026 
3933 1834 1999 2004 
3934 1999 1834 2038 
3935 1834 2000 2038 
3936 1994 1835 2005 
3937 1835 1994 2034 
3938 2001 1835 2034 
3939 1940 1836 1945 
3940 1945 1836 1946 
3941 1946 1836 1997 
3942 1837 1941 1992 
3943 1837 1992 1993 
3944 1837 1993 1998 
3945 1838 1997 2043 
3946 1997 1838 2044 
3947 1838 2006 2044 
3948 1839 1998 2037 
3949 1998 1839 2042 
3950 2008 1839 2037 
3951 1840 1847 1850 
3952 1840 1850 2038 
3953 2000 1840 2038 
3954 1840 2000 2046 
3955 1842 1841 1845 
3956 1845 1841 2034 
3957 1841 2001 2034 
3958 2001 1841 2045 
3959 1843 1842 1845 
3960 1844 1843 1947 
3961 1843 1845 1846 
3962 1843 1846 1947 
3963 1852 1844 1853 
3964 1853 1844 1942 
3965 1942 1844 1947 
3966 1846 1845 1994 
3967 1994 1845 2034 
3968 1947 1846 1990 
3969 1990 1846 1995 
3970 1846 1994 1995 
3971 1847 1848 1850 
3972 1848 1849 1863 
3973 1850 1848 1851 
3974 1851 1848 1863 
3975 1849 1855 1856 
3976 1849 1856 1858 
3977 1849 1858 1863 
3978 1850 1851 1999 
3979 1850 1999 2038 
3980 1851 1863 1864 
3981 1851 1864 1865 
3982 1851 1865 1999 
3983 1854 1853 1914 
3984 1914 1853 1942 
3985 1854 1914 1915 
3986 1854 1915 1996 
3987 1944 1854 1996 
3988 1856 1857 1859 
3989 1858 1856 1859 
3990 1859 1857 1860 
3991 1860 1857 1861 
3992 1861 1857 1951 
3993 1858 1859 1868 
3994 1863 1858 2003 
3995 1858 1868 2003 
3996 1859 1860 1869 
3997 1868 1859 1869 
3998 1860 1861 1862 
3999 1860 1862 1873 
4000 1869 1860 1873 
4001 1862 1861 1943 
4002 1943 1861 1952 
4003 1861 1951 1952 
4004 1873 1862 1874 
4005 1874 1862 1875 
4006 1875 1862 1943 
4007 1864 1863 2003 
4008 1865 1864 1866 
4009 1866 1864 1867 
4010 1867 1864 2003 
4011 1865 1866 2007 
4012 1999 1865 2036 
4013 1865 2007 2036 
4014 1866 1867 1945 
4015 1866 1945 1946 
4016 1866 1946 2007 
4017 1867 1939 1989 
4018 1939 1867 2003 
4019 1945 1867 1989 
4020 1868 1869 1870 
4021 1868 1870 1939 
4022 1868 1939 2003 
4023 1870 1869 1871 
4024 1871 1869 1873 
4025 1870 1871 1872 
4026 1870 1872 1988 
4027 1939 1870 1988 
4028 1872 1871 1937 
4029 1871 1873 1938 
4030 1937 1871 1938 
4031 1872 1937 2011 
4032 1872 1970 1988 
4033 1970 1872 2011 
4034 1873 1874 1938 
4035 1874 1875 1876 
4036 1874 1876 1879 
4037 1874 1879 1938 
4038 1876 1875 1877 
4039 1877 1875 1953 
4040 1875 1943 1953 
4041 1876 1877 1878 
4042 1876 1878 2014 
4043 1879 1876 2014 
4044 1878 1877 1880 
4045 1880 1877 1936 
4046 1936 1877 1953 
4047 1878 1880 1881 
4048 1878 1881 2016 
4049 2014 1878 2016 
4050 1938 1879 2009 
4051 1879 1978 2009 
4052 1978 1879 2014 
4053 1881 1880 1882 
4054 1882 1880 1957 
4055 1880 1936 1957 
4056 1881 1882 1883 
4057 1881 1883 1884 
4058 1881 1884 2016 
4059 1883 1882 1885 
4060 1885 1882 1934 
4061 1934 1882 1957 
4062 1884 1883 1987 
4063 1883 1885 1886 
4064 1883 1886 1987 
4065 1884 1987 2023 
4066 2016 1884 2020 
4067 2020 1884 2023 
4068 1886 1885 1887 
4069 1887 1885 1962 
4070 1885 1934 1962 
4071 1886 1887 1888 
4072 1886 1888 1891 
4073 1886 1891 1987 
4074 1888 1887 1889 
4075 1889 1887 1892 
4076 1892 1887 1962 
4077 1888 1889 1890 
4078 1888 1890 1986 
4079 1891 1888 1986 
4080 1890 1889 1893 
4081 1889 1892 2047 
4082 1893 1889 2047 
4083 1890 1893 1894 
4084 1890 1894 1920 
4085 1890 1920 1986 
4086 1891 1986 2028 
4087 1987 1891 2025 
4088 2025 1891 2028 
4089 1892 1960 2047 
4090 1960 1892 2051 
4091 1892 1962 2051 
4092 1894 1893 1895 
4093 1895 1893 2040 
4094 2040 1893 2047 
4095 1894 1895 1896 
4096 1894 1896 1985 
4097 1920 1894 1985 
4098 1896 1895 1897 
4099 1897 1895 1928 
4100 1928 1895 2040 
4101 1896 1897 1898 
4102 1896 1898 1923 
4103 1896 1923 1985 
4104 1898 1897 1899 
4105 1899 1897 2030 
4106 1897 1928 2030 
4107 1898 1899 1900 
4108 1898 1900 1984 
4109 1923 1898 1984 
4110 1900 1899 1901 
4111 1901 1899 1926 
4112 1926 1899 2030 
4113 1900 1901 1902 
4114 1900 1902 1924 
4115 1900 1924 1984 
4116 1902 1901 1903 
4117 1903 1901 2024 
4118 1901 1926 2024 
4119 1902 1903 1904 
4120 1902 1904 1974 
4121 1924 1902 1974 
4122 1904 1903 1905 
4123 1905 1903 1925 
4124 1925 1903 2024 
4125 1904 1905 1906 
4126 1904 1906 1927 
4127 1904 1927 1974 
4128 1906 1905 1907 
4129 1907 1905 2019 
4130 1905 1925 2019 
4131 1906 1907 1908 
4132 1906 1908 1983 
4133 1927 1906 1983 
4134 1908 1907 1909 
4135 1909 1907 1922 
4136 1922 1907 2019 
4137 1908 1909 1910 
4138 1908 1910 1932 
4139 1908 1932 1983 
4140 1910 1909 1911 
4141 1911 1909 1954 
4142 1909 1922 1954 
4143 1910 1911 1912 
4144 1910 1912 2015 
4145 1932 1910 2015 
4146 1912 1911 1913 
4147 1913 1911 1921 
4148 1921 1911 1954 
4149 1912 1913 1919 
4150 1912 1919 1933 
4151 1912 1933 2015 
4152 1919 1913 2022 
4153 1913 1921 2027 
4154 2022 1913 2027 
4155 1915 1914 1916 
4156 1916 1914 1917 
4157 1917 1914 1942 
4158 1915 1916 2022 
4159 1996 1915 2027 
4160 1915 2022 2027 
4161 1916 1917 1918 
4162 1916 1918 2017 
4163 1916 2017 2022 
4164 1918 1917 1929 
4165 1929 1917 1930 
4166 1930 1917 1942 
4167 1918 1929 1948 
4168 1918 1948 1950 
4169 1918 1950 2017 
4170 1933 1919 2031 
4171 1950 1919 2017 
4172 1919 1950 2031 
4173 2017 1919 2022 
4174 1920 1985 2039 
4175 1986 1920 2032 
4176 2032 1920 2039 
4177 1921 1954 1955 
4178 1921 1955 2041 
4179 2027 1921 2041 
4180 1954 1922 2013 
4181 1966 1922 2019 
4182 1922 1966 2033 
4183 2013 1922 2033 
4184 1923 1984 2049 
4185 1985 1923 2048 
4186 2048 1923 2049 
4187 1969 1924 1974 
4188 1924 1969 2050 
4189 1984 1924 2050 
4190 1925 1966 2019 
4191 1966 1925 2021 
4192 1925 1980 2021 
4193 1980 1925 2024 
4194 1926 1980 2024 
4195 1980 1926 2026 
4196 1926 1982 2026 
4197 1982 1926 2030 
4198 1973 1927 1983 
4199 1928 1959 2035 
4200 1959 1928 2040 
4201 1928 1982 2030 
4202 1982 1928 2035 
4203 1929 1930 1931 
4204 1929 1931 1935 
4205 1929 1935 1948 
4206 1931 1930 1990 
4207 1930 1942 1947 
4208 1930 1947 1990 
4209 1935 1931 1992 
4210 1931 1990 1991 
4211 1931 1991 1992 
4212 2012 1932 2015 
4213 2018 1933 2031 
4214 1934 1957 1961 
4215 1941 1935 1992 
4216 1936 1953 1956 
4217 1937 1938 2009 
4218 1939 1988 1989 
4219 1940 1945 1989 
4220 1946 1997 2044 
4221 2007 1946 2044 
4222 1948 1949 1950 
4223 1955 1954 2013 
4224 2010 1955 2013 
4225 1959 1958 2035 
4226 1960 1959 2047 
4227 1959 2040 2047 
4228 1963 1960 2051 
4229 1962 1964 2051 
4230 1964 1963 2051 
4231 1966 1965 2033 
4232 1978 1967 2009 
4233 1968 2048 2049 
4234 1971 2025 2028 
4235 1972 2032 2039 
4236 1975 1976 2020 
4237 1975 2020 2023 
4238 1976 1977 2020 
4239 1977 1978 2014 
4240 1977 2014 2016 
4241 1977 2016 2020 
4242 1980 1979 2021 
4243 1982 1981 2026 
4244 2049 1984 2050 
4245 2039 1985 2048 
4246 2028 1986 2032 
4247 2023 1987 2025 
4248 1991 1990 1995 
4249 1992 1991 1993 
4250 1993 1991 2002 
4251 1991 1995 2002 
4252 1998 1993 2037 
4253 1993 2002 2037 
4254 1995 1994 2029 
4255 1994 2005 2029 
4256 2002 1995 2029 
4257 1996 2027 2041 
4258 2004 1999 2036 
4259 2002 2008 2037 
4260 2006 2007 2044 
2 9 2 552
4261 10 312 2285 
4262 312 10 2286 
4263 10 120 2286 
4264 126 10 2285 
4265 203 19 2284 
4266 19 209 2287 
4267 19 281 2284 
4268 281 19 2287 
4269 204 203 2084 
4270 2084 203 2284 
4271 205 204 2235 
4272 204 2084 2235 
4273 206 205 2061 
4274 2061 205 2235 
4275 207 206 2247 
4276 206 2061 2247 
4277 208 207 2080 
4278 2080 207 2247 
4279 209 208 2252 
4280 208 2080 2252 
4281 209 2252 2287 
4282 282 281 2086 
4283 281 282 2236 
4284 2086 281 2287 
4285 281 2236 2284 
4286 282 283 2082 
4287 283 282 2087 
4288 282 2082 2236 
4289 282 2086 2087 
4290 284 283 2062 
4291 283 284 2171 
4292 2062 283 2087 
4293 2082 283 2171 
4294 284 285 2054 
4295 285 284 2100 
4296 284 2054 2171 
4297 284 2062 2100 
4298 286 285 2076 
4299 285 286 2203 
4300 2054 285 2203 
4301 2076 285 2100 
4302 286 287 2068 
4303 287 286 2173 
4304 286 2068 2203 
4305 286 2076 2173 
4306 288 287 2066 
4307 287 288 2206 
4308 2066 287 2173 
4309 2068 287 2206 
4310 288 289 2070 
4311 289 288 2199 
4312 288 2066 2199 
4313 288 2070 2206 
4314 290 289 2052 
4315 289 290 2192 
4316 2052 289 2199 
4317 2070 289 2192 
4318 290 291 2078 
4319 291 290 2197 
4320 290 2052 2197 
4321 290 2078 2192 
4322 292 291 2065 
4323 291 292 2271 
4324 2065 291 2197 
4325 2078 291 2271 
4326 292 293 2074 
4327 293 292 2228 
4328 292 2065 2228 
4329 292 2074 2271 
4330 293 294 2225 
4331 294 293 2272 
4332 2074 293 2225 
4333 293 2228 2272 
4334 295 294 2053 
4335 294 295 2073 
4336 2053 294 2272 
4337 294 2073 2225 
4338 296 295 2198 
4339 295 296 2224 
4340 295 2053 2198 
4341 2073 295 2224 
4342 296 297 2072 
4343 297 296 2268 
4344 296 2072 2224 
4345 296 2198 2268 
4346 298 297 2055 
4347 297 298 2217 
4348 2055 297 2268 
4349 2072 297 2217 
4350 298 299 2071 
4351 299 298 2196 
4352 298 2055 2196 
4353 298 2071 2217 
4354 300 299 2063 
4355 299 300 2216 
4356 2063 299 2196 
4357 2071 299 2216 
4358 300 301 2067 
4359 301 300 2223 
4360 300 2063 2223 
4361 300 2067 2216 
4362 302 301 2075 
4363 301 302 2202 
4364 2067 301 2202 
4365 2075 301 2223 
4366 302 303 2056 
4367 303 302 2222 
4368 302 2056 2202 
4369 302 2075 2222 
4370 303 304 2207 
4371 304 303 2260 
4372 2056 303 2207 
4373 303 2222 2260 
4374 305 304 2077 
4375 304 305 2200 
4376 2077 304 2260 
4377 304 2200 2207 
4378 305 306 2057 
4379 306 305 2215 
4380 305 2057 2200 
4381 305 2077 2215 
4382 307 306 2064 
4383 306 307 2172 
4384 2057 306 2172 
4385 2064 306 2215 
4386 307 308 2069 
4387 308 307 2174 
4388 307 2064 2174 
4389 307 2069 2172 
4390 309 308 2058 
4391 308 309 2097 
4392 2058 308 2174 
4393 2069 308 2097 
4394 309 310 2060 
4395 310 309 2103 
4396 309 2058 2103 
4397 309 2060 2097 
4398 311 310 2081 
4399 310 311 2092 
4400 2060 310 2092 
4401 2081 310 2103 
4402 311 312 2085 
4403 312 311 2237 
4404 311 2081 2237 
4405 311 2085 2092 
4406 2085 312 2286 
4407 312 2237 2285 
4408 120 121 2251 
4409 120 2251 2286 
4410 121 122 2079 
4411 121 2079 2251 
4412 122 123 2259 
4413 2079 122 2259 
4414 123 124 2059 
4415 123 2059 2259 
4416 124 125 2239 
4417 2059 124 2239 
4418 125 126 2083 
4419 125 2083 2239 
4420 2083 126 2285 
4421 2197 2052 2276 
4422 2052 2199 2275 
4423 2052 2275 2276 
4424 2198 2053 2270 
4425 2053 2269 2270 
4426 2269 2053 2272 
4427 2171 2054 2183 
4428 2183 2054 2204 
4429 2054 2203 2204 
4430 2196 2055 2266 
4431 2055 2265 2266 
4432 2265 2055 2268 
4433 2202 2056 2248 
4434 2056 2207 2209 
4435 2056 2209 2248 
4436 2057 2172 2258 
4437 2200 2057 2201 
4438 2201 2057 2258 
4439 2103 2058 2104 
4440 2104 2058 2105 
4441 2105 2058 2174 
4442 2059 2239 2245 
4443 2059 2245 2279 
4444 2259 2059 2279 
4445 2060 2092 2093 
4446 2060 2093 2094 
4447 2060 2094 2097 
4448 2184 2061 2235 
4449 2061 2184 2278 
4450 2247 2061 2278 
4451 2062 2087 2088 
4452 2062 2088 2089 
4453 2062 2089 2100 
4454 2063 2196 2267 
4455 2223 2063 2264 
4456 2264 2063 2267 
4457 2174 2064 2253 
4458 2214 2064 2215 
4459 2064 2214 2253 
4460 2065 2197 2274 
4461 2228 2065 2273 
4462 2273 2065 2274 
4463 2066 2173 2256 
4464 2199 2066 2277 
4465 2066 2256 2277 
4466 2067 2202 2249 
4467 2216 2067 2250 
4468 2067 2249 2250 
4469 2068 2168 2205 
4470 2168 2068 2206 
4471 2203 2068 2205 
4472 2069 2097 2098 
4473 2069 2098 2099 
4474 2069 2099 2172 
4475 2070 2190 2191 
4476 2190 2070 2192 
4477 2070 2191 2206 
4478 2071 2216 2261 
4479 2217 2071 2219 
4480 2219 2071 2261 
4481 2072 2217 2218 
4482 2072 2218 2241 
4483 2224 2072 2241 
4484 2170 2073 2224 
4485 2073 2170 2226 
4486 2225 2073 2226 
4487 2074 2225 2227 
4488 2074 2227 2254 
4489 2074 2254 2271 
4490 2222 2075 2262 
4491 2075 2223 2263 
4492 2262 2075 2263 
4493 2076 2100 2101 
4494 2076 2101 2102 
4495 2076 2102 2173 
4496 2077 2212 2213 
4497 2212 2077 2260 
4498 2077 2213 2215 
4499 2192 2078 2193 
4500 2193 2078 2194 
4501 2194 2078 2271 
4502 2243 2079 2259 
4503 2079 2243 2283 
4504 2251 2079 2283 
4505 2187 2080 2247 
4506 2080 2187 2281 
4507 2252 2080 2281 
4508 2081 2103 2106 
4509 2081 2106 2282 
4510 2237 2081 2238 
4511 2238 2081 2282 
4512 2082 2171 2178 
4513 2082 2178 2179 
4514 2082 2179 2236 
4515 2083 2237 2238 
4516 2237 2083 2285 
4517 2083 2238 2239 
4518 2235 2084 2280 
4519 2084 2236 2280 
4520 2236 2084 2284 
4521 2092 2085 2095 
4522 2095 2085 2283 
4523 2085 2251 2283 
4524 2251 2085 2286 
4525 2087 2086 2090 
4526 2090 2086 2281 
4527 2086 2252 2281 
4528 2252 2086 2287 
4529 2088 2087 2090 
4530 2089 2088 2188 
4531 2088 2090 2091 
4532 2088 2091 2188 
4533 2100 2089 2101 
4534 2101 2089 2175 
4535 2175 2089 2188 
4536 2091 2090 2187 
4537 2187 2090 2281 
4538 2091 2185 2186 
4539 2185 2091 2187 
4540 2091 2186 2188 
4541 2093 2092 2095 
4542 2094 2093 2234 
4543 2093 2095 2096 
4544 2093 2096 2234 
4545 2097 2094 2098 
4546 2098 2094 2109 
4547 2109 2094 2234 
4548 2096 2095 2243 
4549 2243 2095 2283 
4550 2096 2110 2234 
4551 2110 2096 2244 
4552 2096 2243 2244 
4553 2099 2098 2111 
4554 2098 2109 2111 
4555 2099 2111 2112 
4556 2099 2112 2258 
4557 2172 2099 2258 
4558 2102 2101 2165 
4559 2165 2101 2175 
4560 2102 2165 2255 
4561 2173 2102 2256 
4562 2102 2255 2256 
4563 2103 2104 2106 
4564 2104 2105 2240 
4565 2106 2104 2107 
4566 2107 2104 2240 
4567 2105 2174 2253 
4568 2105 2211 2240 
4569 2211 2105 2253 
4570 2106 2107 2108 
4571 2106 2108 2282 
4572 2108 2107 2110 
4573 2110 2107 2246 
4574 2107 2240 2246 
4575 2108 2110 2244 
4576 2108 2244 2245 
4577 2108 2245 2282 
4578 2111 2109 2169 
4579 2169 2109 2246 
4580 2109 2234 2246 
4581 2234 2110 2246 
4582 2112 2111 2113 
4583 2113 2111 2169 
4584 2112 2113 2114 
4585 2112 2114 2232 
4586 2112 2232 2258 
4587 2114 2113 2115 
4588 2115 2113 2211 
4589 2113 2169 2211 
4590 2114 2115 2116 
4591 2114 2116 2117 
4592 2114 2117 2232 
4593 2116 2115 2214 
4594 2115 2211 2253 
4595 2214 2115 2253 
4596 2117 2116 2118 
4597 2118 2116 2213 
4598 2213 2116 2214 
4599 2117 2118 2119 
4600 2117 2119 2231 
4601 2117 2231 2232 
4602 2119 2118 2120 
4603 2120 2118 2212 
4604 2212 2118 2213 
4605 2119 2120 2121 
4606 2119 2121 2122 
4607 2119 2122 2231 
4608 2121 2120 2123 
4609 2123 2120 2125 
4610 2125 2120 2212 
4611 2122 2121 2210 
4612 2121 2123 2124 
4613 2121 2124 2210 
4614 2208 2122 2209 
4615 2122 2208 2231 
4616 2209 2122 2210 
4617 2124 2123 2126 
4618 2123 2125 2262 
4619 2126 2123 2262 
4620 2124 2126 2127 
4621 2124 2127 2130 
4622 2124 2130 2210 
4623 2125 2212 2260 
4624 2222 2125 2260 
4625 2125 2222 2262 
4626 2127 2126 2128 
4627 2128 2126 2263 
4628 2126 2262 2263 
4629 2127 2128 2129 
4630 2127 2129 2230 
4631 2130 2127 2230 
4632 2129 2128 2131 
4633 2131 2128 2264 
4634 2128 2263 2264 
4635 2129 2131 2132 
4636 2129 2132 2135 
4637 2129 2135 2230 
4638 2210 2130 2248 
4639 2130 2230 2249 
4640 2248 2130 2249 
4641 2132 2131 2133 
4642 2133 2131 2267 
4643 2131 2264 2267 
4644 2132 2133 2134 
4645 2132 2134 2220 
4646 2135 2132 2220 
4647 2134 2133 2136 
4648 2136 2133 2266 
4649 2266 2133 2267 
4650 2134 2136 2137 
4651 2134 2137 2143 
4652 2134 2143 2220 
4653 2135 2220 2261 
4654 2230 2135 2250 
4655 2250 2135 2261 
4656 2137 2136 2138 
4657 2138 2136 2265 
4658 2265 2136 2266 
4659 2137 2138 2139 
4660 2137 2139 2221 
4661 2143 2137 2221 
4662 2139 2138 2140 
4663 2140 2138 2151 
4664 2151 2138 2265 
4665 2139 2140 2141 
4666 2139 2141 2142 
4667 2139 2142 2221 
4668 2141 2140 2229 
4669 2140 2151 2270 
4670 2229 2140 2270 
4671 2142 2141 2144 
4672 2144 2141 2145 
4673 2145 2141 2229 
4674 2142 2144 2170 
4675 2142 2170 2241 
4676 2221 2142 2241 
4677 2143 2218 2219 
4678 2218 2143 2221 
4679 2143 2219 2220 
4680 2144 2145 2146 
4681 2144 2146 2226 
4682 2170 2144 2226 
4683 2146 2145 2147 
4684 2147 2145 2148 
4685 2148 2145 2229 
4686 2146 2147 2257 
4687 2226 2146 2227 
4688 2227 2146 2257 
4689 2147 2148 2149 
4690 2147 2149 2150 
4691 2147 2150 2257 
4692 2149 2148 2152 
4693 2152 2148 2269 
4694 2148 2229 2269 
4695 2150 2149 2153 
4696 2149 2152 2273 
4697 2153 2149 2273 
4698 2150 2153 2154 
4699 2150 2154 2157 
4700 2150 2157 2257 
4701 2198 2151 2268 
4702 2151 2198 2270 
4703 2151 2265 2268 
4704 2228 2152 2272 
4705 2152 2228 2273 
4706 2152 2269 2272 
4707 2154 2153 2155 
4708 2155 2153 2274 
4709 2153 2273 2274 
4710 2154 2155 2156 
4711 2154 2156 2195 
4712 2157 2154 2195 
4713 2156 2155 2158 
4714 2158 2155 2276 
4715 2155 2274 2276 
4716 2156 2158 2159 
4717 2156 2159 2160 
4718 2156 2160 2195 
4719 2194 2157 2195 
4720 2157 2194 2254 
4721 2157 2254 2257 
4722 2159 2158 2161 
4723 2161 2158 2275 
4724 2275 2158 2276 
4725 2160 2159 2189 
4726 2159 2161 2162 
4727 2159 2162 2189 
4728 2160 2189 2190 
4729 2160 2190 2193 
4730 2160 2193 2195 
4731 2162 2161 2163 
4732 2163 2161 2277 
4733 2161 2275 2277 
4734 2162 2163 2164 
4735 2162 2164 2166 
4736 2162 2166 2189 
4737 2164 2163 2255 
4738 2255 2163 2256 
4739 2256 2163 2277 
4740 2166 2164 2167 
4741 2167 2164 2242 
4742 2242 2164 2255 
4743 2165 2175 2176 
4744 2165 2176 2242 
4745 2165 2242 2255 
4746 2166 2167 2168 
4747 2166 2168 2191 
4748 2189 2166 2191 
4749 2168 2167 2205 
4750 2167 2182 2205 
4751 2182 2167 2242 
4752 2191 2168 2206 
4753 2211 2169 2240 
4754 2240 2169 2246 
4755 2170 2224 2241 
4756 2178 2171 2183 
4757 2176 2175 2177 
4758 2177 2175 2188 
4759 2176 2177 2181 
4760 2176 2181 2182 
4761 2176 2182 2242 
4762 2181 2177 2233 
4763 2186 2177 2188 
4764 2177 2186 2233 
4765 2179 2178 2180 
4766 2180 2178 2233 
4767 2178 2183 2233 
4768 2179 2180 2184 
4769 2179 2184 2280 
4770 2236 2179 2280 
4771 2184 2180 2185 
4772 2185 2180 2186 
4773 2186 2180 2233 
4774 2182 2181 2204 
4775 2181 2183 2204 
4776 2183 2181 2233 
4777 2182 2204 2205 
4778 2184 2185 2278 
4779 2184 2235 2280 
4780 2185 2187 2278 
4781 2187 2247 2278 
4782 2190 2189 2191 
4783 2190 2192 2193 
4784 2193 2194 2195 
4785 2254 2194 2271 
4786 2196 2266 2267 
4787 2274 2197 2276 
4788 2275 2199 2277 
4789 2200 2201 2208 
4790 2207 2200 2208 
4791 2208 2201 2231 
4792 2231 2201 2232 
4793 2232 2201 2258 
4794 2202 2248 2249 
4795 2204 2203 2205 
4796 2207 2208 2209 
4797 2209 2210 2248 
4798 2213 2214 2215 
4799 2216 2250 2261 
4800 2218 2217 2219 
4801 2218 2221 2241 
4802 2220 2219 2261 
4803 2263 2223 2264 
4804 2225 2226 2227 
4805 2254 2227 2257 
4806 2269 2229 2270 
4807 2249 2230 2250 
4808 2239 2238 2245 
4809 2245 2238 2282 
4810 2244 2243 2279 
4811 2243 2259 2279 
4812 2245 2244 2279 
2 10 2 42
4813 313 11 2298 
4814 11 127 2298 
4815 12 319 2301 
4816 130 12 2301 
4817 21 314 2300 
4818 315 21 2300 
4819 22 318 2299 
4820 320 22 2299 
4821 314 313 2295 
4822 2295 313 2298 
4823 314 2295 2300 
4824 316 315 2290 
4825 2290 315 2300 
4826 317 316 2297 
4827 316 2290 2297 
4828 318 317 2289 
4829 2289 317 2297 
4830 318 2289 2299 
4831 319 320 2296 
4832 319 2296 2301 
4833 2296 320 2299 
4834 127 128 2294 
4835 127 2294 2298 
4836 128 129 2288 
4837 128 2288 2294 
4838 129 130 2291 
4839 2288 129 2291 
4840 2291 130 2301 
4841 2288 2291 2292 
4842 2288 2292 2293 
4843 2288 2293 2294 
4844 2289 2292 2296 
4845 2292 2289 2297 
4846 2289 2296 2299 
4847 2293 2290 2295 
4848 2290 2293 2297 
4849 2295 2290 2300 
4850 2292 2291 2296 
4851 2296 2291 2301 
4852 2293 2292 2297 
4853 2294 2293 2295 
4854 2294 2295 2298 
2 11 2 90
4855 11 313 2333 
4856 140 11 2333 
4857 321 13 2332 
4858 13 131 2332 
4859 314 21 2331 
4860 21 332 2331 
4861 23 322 2330 
4862 323 23 2330 
4863 313 314 2303 
4864 313 2303 2333 
4865 2303 314 2331 
4866 322 321 2302 
4867 2302 321 2332 
4868 322 2302 2330 
4869 324 323 2320 
4870 2320 323 2330 
4871 325 324 2304 
4872 2304 324 2320 
4873 326 325 2314 
4874 325 2304 2314 
4875 327 326 2306 
4876 2306 326 2314 
4877 328 327 2312 
4878 327 2306 2312 
4879 329 328 2310 
4880 2310 328 2312 
4881 330 329 2309 
4882 2309 329 2310 
4883 331 330 2317 
4884 330 2309 2317 
4885 332 331 2318 
4886 331 2317 2318 
4887 332 2318 2331 
4888 131 132 2321 
4889 131 2321 2332 
4890 132 133 2313 
4891 132 2313 2321 
4892 133 134 2308 
4893 133 2308 2313 
4894 134 135 2316 
4895 2308 134 2316 
4896 135 136 2311 
4897 135 2311 2316 
4898 136 137 2307 
4899 136 2307 2311 
4900 137 138 2315 
4901 2307 137 2315 
4902 138 139 2305 
4903 138 2305 2315 
4904 139 140 2319 
4905 2305 139 2319 
4906 2319 140 2333 
4907 2320 2302 2329 
4908 2302 2320 2330 
4909 2302 2321 2329 
4910 2321 2302 2332 
4911 2303 2318 2328 
4912 2318 2303 2331 
4913 2319 2303 2328 
4914 2303 2319 2333 
4915 2314 2304 2322 
4916 2304 2320 2329 
4917 2322 2304 2329 
4918 2315 2305 2325 
4919 2305 2319 2328 
4920 2325 2305 2328 
4921 2312 2306 2326 
4922 2306 2314 2323 
4923 2306 2323 2326 
4924 2311 2307 2327 
4925 2307 2315 2324 
4926 2307 2324 2327 
4927 2313 2308 2322 
4928 2308 2316 2323 
4929 2322 2308 2323 
4930 2309 2310 2324 
4931 2317 2309 2325 
4932 2309 2324 2325 
4933 2310 2312 2327 
4934 2324 2310 2327 
4935 2316 2311 2326 
4936 2326 2311 2327 
4937 2312 2326 2327 
4938 2321 2313 2329 
4939 2313 2322 2329 
4940 2314 2322 2323 
4941 2324 2315 2325 
4942 2323 2316 2326 
4943 2318 2317 2328 
4944 2317 2325 2328 
2 12 2 90
4945 319 12 2363 
4946 12 145 2363 
4947 14 343 2365 
4948 154 14 2365 
4949 22 320 2362 
4950 333 22 2362 
4951 24 342 2364 
4952 344 24 2364 
4953 320 319 2334 
4954 2334 319 2363 
4955 320 2334 2362 
4956 334 333 2351 
4957 2351 333 2362 
4958 335 334 2336 
4959 2336 334 2351 
4960 336 335 2359 
4961 335 2336 2359 
4962 337 336 2358 
4963 2358 336 2359 
4964 338 337 2340 
4965 2340 337 2358 
4966 339 338 2343 
4967 338 2340 2343 
4968 340 339 2341 
4969 2341 339 2343 
4970 341 340 2348 
4971 340 2341 2348 
4972 342 341 2349 
4973 341 2348 2349 
4974 342 2349 2364 
4975 343 344 2335 
4976 343 2335 2365 
4977 2335 344 2364 
4978 145 146 2352 
4979 145 2352 2363 
4980 146 147 2342 
4981 146 2342 2352 
4982 147 148 2344 
4983 2342 147 2344 
4984 148 149 2337 
4985 148 2337 2344 
4986 149 150 2346 
4987 2337 149 2346 
4988 150 151 2339 
4989 150 2339 2346 
4990 151 152 2347 
4991 2339 151 2347 
4992 152 153 2338 
4993 152 2338 2347 
4994 153 154 2350 
4995 2338 153 2350 
4996 2350 154 2365 
4997 2351 2334 2361 
4998 2334 2351 2362 
4999 2334 2352 2361 
5000 2352 2334 2363 
5001 2335 2349 2360 
5002 2349 2335 2364 
5003 2350 2335 2360 
5004 2335 2350 2365 
5005 2336 2351 2361 
5006 2336 2353 2359 
5007 2353 2336 2361 
5008 2344 2337 2345 
5009 2345 2337 2354 
5010 2337 2346 2354 
5011 2347 2338 2356 
5012 2338 2350 2360 
5013 2356 2338 2360 
5014 2346 2339 2357 
5015 2339 2347 2355 
5016 2339 2355 2357 
5017 2343 2340 2357 
5018 2340 2354 2357 
5019 2354 2340 2358 
5020 2341 2343 2355 
5021 2348 2341 2356 
5022 2341 2355 2356 
5023 2342 2344 2353 
5024 2352 2342 2361 
5025 2342 2353 2361 
5026 2355 2343 2357 
5027 2344 2345 2353 
5028 2353 2345 2359 
5029 2345 2354 2358 
5030 2345 2358 2359 
5031 2354 2346 2357 
5032 2355 2347 2356 
5033 2349 2348 2360 
5034 2348 2356 2360 
2 13 2 42
5035 13 321 2377 
5036 144 13 2377 
5037 343 14 2378 
5038 14 141 2378 
5039 322 23 2376 
5040 23 348 2376 
5041 24 344 2379 
5042 345 24 2379 
5043 321 322 2373 
5044 321 2373 2377 
5045 2373 322 2376 
5046 344 343 2374 
5047 2374 343 2378 
5048 344 2374 2379 
5049 346 345 2369 
5050 2369 345 2379 
5051 347 346 2366 
5052 2366 346 2369 
5053 348 347 2372 
5054 347 2366 2372 
5055 348 2372 2376 
5056 141 142 2368 
5057 141 2368 2378 
5058 142 143 2375 
5059 2368 142 2375 
5060 143 144 2367 
5061 143 2367 2375 
5062 2367 144 2377 
5063 2366 2369 2370 
5064 2366 2370 2371 
5065 2366 2371 2372 
5066 2371 2367 2373 
5067 2367 2371 2375 
5068 2373 2367 2377 
5069 2368 2370 2374 
5070 2370 2368 2375 
5071 2368 2374 2378 
5072 2370 2369 2374 
5073 2374 2369 2379 
5074 2371 2370 2375 
5075 2372 2371 2373 
5076 2372 2373 2376 
2 14 2 570
5077 380 15 2616 
5078 15 380 2619 
5079 15 155 2616 
5080 161 15 2619 
5081 210 20 2615 
5082 20 216 2618 
5083 20 349 2615 
5084 349 20 2618 
5085 211 210 2412 
5086 2412 210 2615 
5087 212 211 2580 
5088 211 2412 2580 
5089 213 212 2389 
5090 2389 212 2580 
5091 214 213 2577 
5092 213 2389 2577 
5093 215 214 2408 
5094 2408 214 2577 
5095 216 215 2573 
5096 215 2408 2573 
5097 216 2573 2618 
5098 350 349 2414 
5099 349 350 2570 
5100 2414 349 2618 
5101 349 2570 2615 
5102 350 351 2410 
5103 351 350 2415 
5104 350 2410 2570 
5105 350 2414 2415 
5106 352 351 2390 
5107 351 352 2514 
5108 2390 351 2415 
5109 2410 351 2514 
5110 352 353 2382 
5111 353 352 2425 
5112 352 2382 2514 
5113 352 2390 2425 
5114 354 353 2405 
5115 353 354 2522 
5116 2382 353 2522 
5117 2405 353 2425 
5118 354 355 2397 
5119 355 354 2517 
5120 354 2397 2522 
5121 354 2405 2517 
5122 356 355 2394 
5123 355 356 2591 
5124 2394 355 2517 
5125 2397 355 2591 
5126 356 357 2401 
5127 357 356 2582 
5128 356 2394 2582 
5129 356 2401 2591 
5130 358 357 2380 
5131 357 358 2585 
5132 2380 357 2582 
5133 2401 357 2585 
5134 358 359 2406 
5135 359 358 2534 
5136 358 2380 2534 
5137 358 2406 2585 
5138 360 359 2393 
5139 359 360 2548 
5140 2393 359 2534 
5141 2406 359 2548 
5142 360 361 2398 
5143 361 360 2554 
5144 360 2393 2554 
5145 360 2398 2548 
5146 361 362 2542 
5147 362 361 2552 
5148 2398 361 2542 
5149 2552 361 2554 
5150 362 363 2381 
5151 363 362 2404 
5152 362 2381 2542 
5153 2404 362 2552 
5154 363 364 2541 
5155 364 363 2550 
5156 2381 363 2541 
5157 363 2404 2550 
5158 365 364 2403 
5159 364 365 2538 
5160 2403 364 2550 
5161 364 2538 2541 
5162 365 366 2383 
5163 366 365 2546 
5164 365 2383 2538 
5165 365 2403 2546 
5166 367 366 2402 
5167 366 367 2540 
5168 2383 366 2540 
5169 2402 366 2546 
5170 367 368 2396 
5171 368 367 2533 
5172 367 2396 2540 
5173 367 2402 2533 
5174 369 368 2391 
5175 368 369 2544 
5176 2391 368 2533 
5177 2396 368 2544 
5178 369 370 2400 
5179 370 369 2531 
5180 369 2391 2531 
5181 369 2400 2544 
5182 371 370 2384 
5183 370 371 2545 
5184 2384 370 2531 
5185 2400 370 2545 
5186 371 372 2395 
5187 372 371 2529 
5188 371 2384 2529 
5189 371 2395 2545 
5190 373 372 2392 
5191 372 373 2537 
5192 2392 372 2529 
5193 2395 372 2537 
5194 373 374 2385 
5195 374 373 2525 
5196 373 2385 2537 
5197 373 2392 2525 
5198 375 374 2524 
5199 374 375 2584 
5200 2385 374 2584 
5201 2524 374 2525 
5202 376 375 2399 
5203 375 376 2543 
5204 2399 375 2524 
5205 375 2543 2584 
5206 376 377 2386 
5207 377 376 2428 
5208 376 2386 2543 
5209 376 2399 2428 
5210 378 377 2388 
5211 377 378 2513 
5212 2386 377 2513 
5213 2388 377 2428 
5214 378 379 2409 
5215 379 378 2420 
5216 378 2388 2420 
5217 378 2409 2513 
5218 380 379 2413 
5219 379 380 2569 
5220 2409 379 2569 
5221 2413 379 2420 
5222 380 2413 2619 
5223 2569 380 2616 
5224 155 156 2411 
5225 155 2411 2616 
5226 156 157 2578 
5227 2411 156 2578 
5228 157 158 2387 
5229 157 2387 2578 
5230 158 159 2576 
5231 2387 158 2576 
5232 159 160 2407 
5233 159 2407 2576 
5234 160 161 2572 
5235 2407 160 2572 
5236 2572 161 2619 
5237 2534 2380 2607 
5238 2380 2582 2586 
5239 2380 2586 2607 
5240 2381 2541 2622 
5241 2542 2381 2623 
5242 2381 2622 2623 
5243 2382 2508 2514 
5244 2508 2382 2521 
5245 2521 2382 2522 
5246 2538 2383 2539 
5247 2539 2383 2583 
5248 2383 2540 2583 
5249 2384 2509 2529 
5250 2509 2384 2530 
5251 2530 2384 2531 
5252 2385 2510 2581 
5253 2510 2385 2584 
5254 2537 2385 2581 
5255 2386 2513 2561 
5256 2543 2386 2560 
5257 2560 2386 2561 
5258 2387 2576 2610 
5259 2578 2387 2579 
5260 2579 2387 2610 
5261 2420 2388 2421 
5262 2421 2388 2422 
5263 2422 2388 2428 
5264 2574 2389 2580 
5265 2389 2574 2602 
5266 2577 2389 2602 
5267 2390 2415 2416 
5268 2390 2416 2417 
5269 2390 2417 2425 
5270 2391 2507 2531 
5271 2507 2391 2532 
5272 2532 2391 2533 
5273 2392 2516 2525 
5274 2516 2392 2526 
5275 2526 2392 2529 
5276 2393 2534 2535 
5277 2393 2535 2536 
5278 2393 2536 2554 
5279 2394 2517 2568 
5280 2394 2528 2582 
5281 2528 2394 2614 
5282 2394 2568 2614 
5283 2395 2537 2587 
5284 2545 2395 2589 
5285 2395 2587 2589 
5286 2540 2396 2601 
5287 2396 2544 2598 
5288 2396 2598 2601 
5289 2522 2397 2523 
5290 2523 2397 2606 
5291 2397 2591 2606 
5292 2398 2498 2548 
5293 2498 2398 2549 
5294 2398 2542 2549 
5295 2428 2399 2429 
5296 2429 2399 2430 
5297 2430 2399 2524 
5298 2544 2400 2596 
5299 2400 2545 2593 
5300 2400 2593 2596 
5301 2506 2401 2588 
5302 2401 2506 2591 
5303 2401 2585 2588 
5304 2533 2402 2624 
5305 2402 2546 2547 
5306 2402 2547 2624 
5307 2546 2403 2613 
5308 2403 2550 2551 
5309 2403 2551 2613 
5310 2550 2404 2604 
5311 2404 2552 2553 
5312 2404 2553 2604 
5313 2405 2425 2426 
5314 2405 2426 2427 
5315 2405 2427 2517 
5316 2503 2406 2555 
5317 2406 2503 2585 
5318 2406 2548 2555 
5319 2407 2571 2576 
5320 2571 2407 2612 
5321 2407 2572 2612 
5322 2566 2408 2577 
5323 2408 2566 2608 
5324 2573 2408 2608 
5325 2513 2409 2518 
5326 2518 2409 2519 
5327 2519 2409 2569 
5328 2410 2514 2564 
5329 2410 2564 2565 
5330 2410 2565 2570 
5331 2411 2569 2616 
5332 2569 2411 2617 
5333 2411 2578 2617 
5334 2412 2570 2611 
5335 2570 2412 2615 
5336 2580 2412 2611 
5337 2413 2420 2423 
5338 2413 2423 2612 
5339 2572 2413 2612 
5340 2413 2572 2619 
5341 2415 2414 2418 
5342 2418 2414 2608 
5343 2414 2573 2608 
5344 2573 2414 2618 
5345 2416 2415 2418 
5346 2417 2416 2520 
5347 2416 2418 2419 
5348 2416 2419 2520 
5349 2425 2417 2426 
5350 2426 2417 2515 
5351 2515 2417 2520 
5352 2419 2418 2566 
5353 2566 2418 2608 
5354 2520 2419 2562 
5355 2562 2419 2567 
5356 2419 2566 2567 
5357 2420 2421 2423 
5358 2421 2422 2436 
5359 2423 2421 2424 
5360 2424 2421 2436 
5361 2422 2428 2429 
5362 2422 2429 2431 
5363 2422 2431 2436 
5364 2423 2424 2571 
5365 2423 2571 2612 
5366 2424 2436 2437 
5367 2424 2437 2438 
5368 2424 2438 2571 
5369 2427 2426 2489 
5370 2489 2426 2515 
5371 2427 2489 2490 
5372 2427 2490 2568 
5373 2517 2427 2568 
5374 2429 2430 2432 
5375 2431 2429 2432 
5376 2432 2430 2433 
5377 2433 2430 2434 
5378 2434 2430 2524 
5379 2431 2432 2441 
5380 2436 2431 2575 
5381 2431 2441 2575 
5382 2432 2433 2442 
5383 2441 2432 2442 
5384 2433 2434 2435 
5385 2433 2435 2446 
5386 2442 2433 2446 
5387 2435 2434 2516 
5388 2516 2434 2525 
5389 2434 2524 2525 
5390 2446 2435 2447 
5391 2447 2435 2448 
5392 2448 2435 2516 
5393 2437 2436 2575 
5394 2438 2437 2439 
5395 2439 2437 2440 
5396 2440 2437 2575 
5397 2438 2439 2579 
5398 2571 2438 2610 
5399 2438 2579 2610 
5400 2439 2440 2518 
5401 2439 2518 2519 
5402 2439 2519 2579 
5403 2440 2512 2561 
5404 2512 2440 2575 
5405 2518 2440 2561 
5406 2441 2442 2443 
5407 2441 2443 2512 
5408 2441 2512 2575 
5409 2443 2442 2444 
5410 2444 2442 2446 
5411 2443 2444 2445 
5412 2443 2445 2560 
5413 2512 2443 2560 
5414 2445 2444 2510 
5415 2444 2446 2511 
5416 2510 2444 2511 
5417 2445 2510 2584 
5418 2445 2543 2560 
5419 2543 2445 2584 
5420 2446 2447 2511 
5421 2447 2448 2449 
5422 2447 2449 2452 
5423 2447 2452 2511 
5424 2449 2448 2450 
5425 2450 2448 2526 
5426 2448 2516 2526 
5427 2449 2450 2451 
5428 2449 2451 2559 
5429 2452 2449 2559 
5430 2451 2450 2453 
5431 2453 2450 2509 
5432 2509 2450 2526 
5433 2451 2453 2454 
5434 2451 2454 2457 
5435 2451 2457 2559 
5436 2511 2452 2581 
5437 2452 2559 2587 
5438 2581 2452 2587 
5439 2454 2453 2455 
5440 2455 2453 2530 
5441 2453 2509 2530 
5442 2454 2455 2456 
5443 2454 2456 2558 
5444 2457 2454 2558 
5445 2456 2455 2458 
5446 2458 2455 2507 
5447 2507 2455 2530 
5448 2456 2458 2459 
5449 2456 2459 2462 
5450 2456 2462 2558 
5451 2457 2558 2593 
5452 2559 2457 2589 
5453 2589 2457 2593 
5454 2459 2458 2460 
5455 2460 2458 2532 
5456 2458 2507 2532 
5457 2459 2460 2461 
5458 2459 2461 2557 
5459 2462 2459 2557 
5460 2461 2460 2463 
5461 2463 2460 2505 
5462 2505 2460 2532 
5463 2461 2463 2464 
5464 2461 2464 2466 
5465 2461 2466 2557 
5466 2462 2557 2598 
5467 2558 2462 2596 
5468 2596 2462 2598 
5469 2464 2463 2465 
5470 2465 2463 2621 
5471 2463 2505 2621 
5472 2464 2465 2467 
5473 2466 2464 2603 
5474 2464 2467 2603 
5475 2467 2465 2468 
5476 2468 2465 2504 
5477 2504 2465 2621 
5478 2557 2466 2601 
5479 2466 2583 2601 
5480 2583 2466 2603 
5481 2467 2468 2469 
5482 2467 2469 2605 
5483 2603 2467 2605 
5484 2469 2468 2470 
5485 2470 2468 2609 
5486 2468 2504 2609 
5487 2469 2470 2471 
5488 2469 2471 2472 
5489 2469 2472 2605 
5490 2471 2470 2473 
5491 2473 2470 2499 
5492 2499 2470 2609 
5493 2472 2471 2556 
5494 2471 2473 2474 
5495 2471 2474 2556 
5496 2472 2556 2622 
5497 2605 2472 2620 
5498 2620 2472 2622 
5499 2474 2473 2475 
5500 2475 2473 2599 
5501 2473 2499 2599 
5502 2474 2475 2476 
5503 2474 2476 2497 
5504 2474 2497 2556 
5505 2476 2475 2477 
5506 2477 2475 2478 
5507 2478 2475 2599 
5508 2476 2477 2479 
5509 2476 2479 2549 
5510 2497 2476 2549 
5511 2477 2478 2594 
5512 2479 2477 2480 
5513 2480 2477 2594 
5514 2478 2536 2594 
5515 2536 2478 2597 
5516 2478 2553 2597 
5517 2553 2478 2599 
5518 2479 2480 2481 
5519 2479 2481 2498 
5520 2479 2498 2549 
5521 2481 2480 2482 
5522 2482 2480 2592 
5523 2592 2480 2594 
5524 2481 2482 2483 
5525 2481 2483 2555 
5526 2498 2481 2555 
5527 2483 2482 2484 
5528 2484 2482 2496 
5529 2496 2482 2592 
5530 2483 2484 2485 
5531 2483 2485 2503 
5532 2483 2503 2555 
5533 2485 2484 2486 
5534 2486 2484 2527 
5535 2484 2496 2527 
5536 2485 2486 2487 
5537 2485 2487 2588 
5538 2503 2485 2588 
5539 2487 2486 2488 
5540 2488 2486 2495 
5541 2495 2486 2527 
5542 2487 2488 2494 
5543 2487 2494 2506 
5544 2487 2506 2588 
5545 2494 2488 2595 
5546 2488 2495 2600 
5547 2595 2488 2600 
5548 2490 2489 2491 
5549 2491 2489 2492 
5550 2492 2489 2515 
5551 2490 2491 2595 
5552 2568 2490 2600 
5553 2490 2595 2600 
5554 2491 2492 2493 
5555 2491 2493 2590 
5556 2491 2590 2595 
5557 2493 2492 2500 
5558 2500 2492 2501 
5559 2501 2492 2515 
5560 2493 2500 2521 
5561 2493 2521 2523 
5562 2493 2523 2590 
5563 2506 2494 2606 
5564 2523 2494 2590 
5565 2494 2523 2606 
5566 2590 2494 2595 
5567 2495 2527 2528 
5568 2495 2528 2614 
5569 2600 2495 2614 
5570 2527 2496 2586 
5571 2535 2496 2592 
5572 2496 2535 2607 
5573 2586 2496 2607 
5574 2542 2497 2549 
5575 2497 2542 2623 
5576 2556 2497 2623 
5577 2548 2498 2555 
5578 2499 2551 2604 
5579 2551 2499 2609 
5580 2499 2553 2599 
5581 2553 2499 2604 
5582 2500 2501 2502 
5583 2500 2502 2508 
5584 2500 2508 2521 
5585 2502 2501 2562 
5586 2501 2515 2520 
5587 2501 2520 2562 
5588 2508 2502 2564 
5589 2502 2562 2563 
5590 2502 2563 2564 
5591 2585 2503 2588 
5592 2504 2547 2613 
5593 2547 2504 2621 
5594 2504 2551 2609 
5595 2551 2504 2613 
5596 2505 2532 2624 
5597 2505 2547 2621 
5598 2547 2505 2624 
5599 2591 2506 2606 
5600 2507 2530 2531 
5601 2514 2508 2564 
5602 2509 2526 2529 
5603 2510 2511 2581 
5604 2512 2560 2561 
5605 2513 2518 2561 
5606 2519 2569 2617 
5607 2579 2519 2617 
5608 2521 2522 2523 
5609 2528 2527 2586 
5610 2582 2528 2586 
5611 2532 2533 2624 
5612 2535 2534 2607 
5613 2536 2535 2592 
5614 2554 2536 2597 
5615 2536 2592 2594 
5616 2537 2581 2587 
5617 2538 2539 2620 
5618 2541 2538 2620 
5619 2539 2583 2603 
5620 2539 2603 2605 
5621 2539 2605 2620 
5622 2583 2540 2601 
5623 2541 2620 2622 
5624 2544 2596 2598 
5625 2545 2589 2593 
5626 2547 2546 2613 
5627 2551 2550 2604 
5628 2553 2552 2597 
5629 2552 2554 2597 
5630 2622 2556 2623 
5631 2598 2557 2601 
5632 2593 2558 2596 
5633 2587 2559 2589 
5634 2563 2562 2567 
5635 2564 2563 2565 
5636 2565 2563 2574 
5637 2563 2567 2574 
5638 2570 2565 2611 
5639 2565 2574 2611 
5640 2567 2566 2602 
5641 2566 2577 2602 
5642 2574 2567 2602 
5643 2568 2600 2614 
5644 2576 2571 2610 
5645 2574 2580 2611 
5646 2578 2579 2617 
2 15 2 128
5647 315 2672 21 
5648 21 2672 332 
5649 22 2669 318 
5650 333 2669 22 
5651 323 2671 23 
5652 23 2671 348 
5653 24 2670 342 
5654 345 2670 24 
5655 316 2656 315 
5656 2656 2672 315 
5657 317 2625 316 
5658 2625 2656 316 
5659 318 2654 317 
5660 317 2654 2625 
5661 318 2669 2654 
5662 324 2651 323 
5663 2651 2671 323 
5664 325 2630 324 
5665 2630 2651 324 
5666 326 2660 325 
5667 325 2660 2630 
5668 327 2663 326 
5669 326 2663 2660 
5670 328 2629 327 
5671 2629 2663 327 
5672 329 2661 328 
5673 328 2661 2629 
5674 330 2659 329 
5675 2659 2661 329 
5676 331 2631 330 
5677 2631 2659 330 
5678 332 2652 331 
5679 331 2652 2631 
5680 332 2672 2652 
5681 334 2633 333 
5682 2633 2669 333 
5683 335 2635 334 
5684 334 2635 2633 
5685 336 2627 335 
5686 2627 2635 335 
5687 337 2649 336 
5688 336 2649 2627 
5689 338 2632 337 
5690 2632 2649 337 
5691 339 2650 338 
5692 338 2650 2632 
5693 340 2628 339 
5694 2628 2650 339 
5695 341 2641 340 
5696 340 2641 2628 
5697 342 2634 341 
5698 2634 2641 341 
5699 342 2670 2634 
5700 346 2653 345 
5701 2653 2670 345 
5702 347 2626 346 
5703 2626 2653 346 
5704 348 2655 347 
5705 347 2655 2626 
5706 348 2671 2655 
5707 2654 2665 2625 
5708 2625 2666 2656 
5709 2665 2666 2625 
5710 2626 2664 2653 
5711 2655 2667 2626 
5712 2626 2667 2664 
5713 2627 2637 2635 
5714 2627 2638 2637 
5715 2627 2649 2638 
5716 2641 2643 2628 
5717 2643 2644 2628 
5718 2644 2650 2628 
5719 2629 2661 2640 
5720 2640 2662 2629 
5721 2629 2662 2646 
5722 2646 2663 2629 
5723 2630 2660 2645 
5724 2645 2673 2630 
5725 2630 2657 2651 
5726 2630 2673 2657 
5727 2639 2659 2631 
5728 2631 2668 2639 
5729 2652 2658 2631 
5730 2658 2668 2631 
5731 2647 2648 2632 
5732 2632 2650 2647 
5733 2648 2649 2632 
5734 2635 2636 2633 
5735 2636 2665 2633 
5736 2633 2665 2654 
5737 2654 2669 2633 
5738 2634 2642 2641 
5739 2634 2664 2642 
5740 2653 2664 2634 
5741 2634 2670 2653 
5742 2635 2637 2636 
5743 2637 2668 2636 
5744 2658 2666 2636 
5745 2636 2668 2658 
5746 2636 2666 2665 
5747 2638 2639 2637 
5748 2639 2668 2637 
5749 2638 2640 2639 
5750 2638 2648 2640 
5751 2638 2649 2648 
5752 2640 2659 2639 
5753 2648 2662 2640 
5754 2640 2661 2659 
5755 2642 2643 2641 
5756 2642 2673 2643 
5757 2642 2667 2657 
5758 2657 2673 2642 
5759 2664 2667 2642 
5760 2643 2645 2644 
5761 2643 2673 2645 
5762 2645 2646 2644 
5763 2646 2647 2644 
5764 2647 2650 2644 
5765 2645 2660 2646 
5766 2646 2662 2647 
5767 2660 2663 2646 
5768 2647 2662 2648 
5769 2651 2667 2655 
5770 2655 2671 2651 
5771 2657 2667 2651 
5772 2656 2666 2652 
5773 2652 2672 2656 
5774 2652 2666 2658 
3 1 4 19452
5775 2160 3483 2189 3873 
5776 3166 3632 2704 3686 
5777 1619 1622 1621 3335 
5778 2545 370 2400 3305 
5779 2931 3094 2932 3512 
5780 2685 3374 3449 4108 
5781 2932 3512 3094 3556 
5782 3015 3101 2774 3280 
5783 2760 3319 2896 3527 
5784 2698 3293 2769 3544 
5785 2165 2175 2101 3617 
5786 2146 2144 2226 3413 
5787 2791 2804 2715 3254 
5788 3684 3705 3070 3042 
5789 2855 3157 2702 3197 
5790 3666 3815 835 4026 
5791 2952 3157 3114 4116 
5792 4529 3195 783 3431 
5793 3028 3331 2741 3365 
5794 1975 2020 1976 3105 
5795 1382 3431 4383 3195 
5796 2277 2161 2163 3024 
5797 3111 3130 2684 3907 
5798 1707 1710 1647 3033 
5799 3179 1184 3329 4063 
5800 1647 1740 1707 3039 
5801 1396 1460 1176 3343 
5802 1779 1700 1789 3229 
5803 4554 3651 2740 4004 
5804 3364 3502 3259 4295 
5805 3036 1043 3963 4201 
5806 2738 2758 569 3340 
5807 1499 3968 3822 4087 
5808 1116 3277 980 4305 
5809 4431 569 588 541 
5810 3030 3881 2809 3945 
5811 886 887 3218 4044 
5812 3051 3524 2312 3934 
5813 2987 2874 3521 3805 
5814 2701 2825 2752 3968 
5815 2787 2706 2903 3145 
5816 2724 2835 3029 3321 
5817 4529 1382 3195 3431 
5818 2425 2405 2426 3553 
5819 2416 2415 2390 3553 
5820 3484 3028 2741 3737 
5821 4600 4559 140 2333 
5822 1960 2047 1959 3598 
5823 3145 3234 3169 3988 
5824 4542 3133 4456 1786 
5825 3352 2882 2731 4217 
5826 2982 2912 2773 3229 
5827 1951 1861 1952 3087 
5828 1396 1460 3343 4027 
5829 4137 3518 2647 3207 
5830 1043 990 3963 4201 
5831 2754 2911 570 2970 
5832 4147 3940 2858 3060 
5833 2794 3980 3704 4400 
5834 1856 1859 1857 3094 
5835 927 3746 3272 4081 
5836 1691 1786 4456 3133 
5837 2737 2823 2681 2993 
5838 2822 2889 2712 4157 
5839 2226 2170 2073 3040 
5840 418 2893 2737 4172 
5841 2110 2107 2108 3003 
5842 3221 933 3809 4301 
5843 1231 1067 1027 3357 
5844 2735 3628 3702 3703 
5845 2638 3183 3070 4053 
5846 3315 3379 2996 4289 
5847 2224 296 295 3152 
5848 2113 2111 2112 3279 
5849 968 3252 3772 4092 
5850 2935 3135 2779 3148 
5851 4431 569 2758 3340 
5852 3070 3379 2718 3684 
5853 438 4431 2758 3340 
5854 2731 2881 2882 3087 
5855 2866 3379 3315 4289 
5856 294 2272 293 3425 
5857 2723 3632 3166 3686 
5858 2266 2267 2133 3423 
5859 500 3086 513 4182 
5860 2701 3356 2825 3968 
5861 2750 2825 2701 3356 
5862 980 3843 3277 4150 
5863 3018 3689 4074 3720 
5864 2162 2164 3494 4155 
5865 3610 3776 2994 3895 
5866 3042 3839 3684 4052 
5867 2175 3617 2165 3898 
5868 2772 3362 3068 3912 
5869 1771 1768 1714 3436 
5870 2117 2232 2231 3322 
5871 3183 3574 2725 4146 
5872 2683 3839 3042 4052 
5873 2490 2427 2568 3334 
5874 252 3721 253 3743 
5875 3000 2809 3881 3945 
5876 3684 3705 3042 3438 
5877 3455 4538 2184 2061 
5878 2729 3312 3110 3499 
5879 3853 3365 3028 3912 
5880 927 3746 4081 1263 
5881 968 3772 3252 4266 
5882 2740 3651 3392 4038 
5883 1044 1098 1285 3473 
5884 1408 3361 2880 3746 
5885 1735 1636 1790 3511 
5886 912 3071 1214 3415 
5887 3017 3320 2753 3996 
5888 2542 2398 3020 3124 
5889 3130 3907 3111 3939 
5890 2445 2584 2510 3106 
5891 1214 912 1329 3071 
5892 2118 2120 2212 3516 
5893 1642 1770 1651 3227 
5894 2885 3174 3045 3516 
5895 2885 3103 3002 3363 
5896 2113 2112 2114 3088 
5897 2187 4461 3603 3500 
5898 4457 96 97 795 
5899 3540 3775 2680 3719 
5900 3147 4062 3584 3791 
5901 2777 3907 3130 3939 
5902 2165 3617 2101 3909 
5903 1009 1351 3560 4337 
5904 3021 3663 3301 4163 
5905 4554 3651 4004 793 
5906 4016 4081 3746 3462 
5907 4309 4108 3449 3468 
5908 3415 3834 2717 4168 
5909 4157 4131 4034 2712 
5910 2233 2177 2181 3142 
5911 2191 2070 2206 4097 
5912 3092 3408 3276 4135 
5913 1613 1615 1744 3079 
5914 2631 4230 3502 3450 
5915 3913 3183 2638 3206 
5916 3057 1633 4269 1635 
5917 2832 2862 2811 4171 
5918 2701 3374 3356 3389 
5919 3505 3436 3619 2993 
5920 2897 3063 2762 3192 
5921 2036 1999 2004 3283 
5922 3610 3776 4030 2994 
5923 3704 3980 3173 4400 
5924 2737 3033 2975 2768 
5925 3185 3722 2950 4152 
5926 2033 2013 3773 4067 
5927 3103 3363 2885 3573 
5928 1851 1863 1848 3570 
5929 2725 3206 3552 3750 
5930 3484 3028 3737 3428 
5931 336 3719 3042 3775 
5932 266 1810 265 3213 
5933 3356 3449 3374 4108 
5934 3111 3907 2684 4107 
5935 2397 2606 2591 3298 
5936 829 1166 4517 33 
5937 3017 2753 3394 3996 
5938 569 2758 2738 2867 
5939 3128 2895 2691 3893 
5940 3270 2274 3269 2197 
5941 2685 3164 3281 4330 
5942 1837 251 250 3378 
5943 1316 3370 3904 3699 
5944 2729 2842 3312 3499 
5945 1232 889 892 3914 
5946 2840 3379 3684 4304 
5947 4446 3257 2930 2822 
5948 2155 3405 2158 4397 
5949 2741 3365 3331 2955 
5950 3555 2845 3538 3165 
5951 1943 1952 1861 3590 
5952 2275 2277 2199 3270 
5953 3108 3227 2786 3057 
5954 1043 3963 990 1097 
5955 2397 2523 2606 2896 
5956 1157 3272 3797 1078 
5957 2853 2869 1313 3929 
5958 1051 1253 933 3809 
5959 3329 1184 1131 1298 
5960 2210 2121 2122 3322 
5961 3166 1046 3361 3514 
5962 2731 2882 2881 4217 
5963 4224 493 2715 3636 
5964 2312 3754 3051 3934 
5965 1044 3473 1285 4154 
5966 3263 2399 3557 375 
5967 4554 3651 793 3392 
5968 2677 2940 3244 3878 
5969 4118 3843 979 3237 
5970 2226 3261 3040 3868 
5971 3179 1184 4063 1126 
5972 2769 3544 3293 3874 
5973 4087 3822 3389 3968 
5974 3136 3327 2957 3601 
5975 2965 3585 3193 3660 
5976 1851 1848 1850 3344 
5977 2755 3450 3804 3059 
5978 2466 2603 2464 3266 
5979 2923 3353 3052 3875 
5980 2845 3048 4160 4242 
5981 362 2381 363 3289 
5982 2829 2999 2767 3783 
5983 4416 1788 1753 1585 
5984 2975 3033 2737 3251 
5985 1214 3415 3071 3834 
5986 2224 2072 296 3650 
5987 3136 3523 3327 3601 
5988 2751 3463 3320 4076 
5989 2676 3340 3872 4130 
5990 2674 3301 3236 4350 
5991 3073 1534 4087 4124 
5992 2668 3450 3183 4230 
5993 1760 1694 1611 3162 
5994 3160 2166 2162 4155 
5995 2959 3010 3448 3722 
5996 1701 1664 1666 3520 
5997 2114 2232 2117 3088 
5998 2835 2679 2935 3375 
5999 2840 3179 3252 4146 
6000 1215 3049 3133 3274 
6001 4457 811 96 795 
6002 2677 3244 2940 3323 
6003 1067 3156 1027 3357 
6004 3083 3610 2866 3793 
6005 2023 2020 1975 3105 
6006 3147 3584 4062 2742 
6007 3676 3284 3288 3937 
6008 856 857 858 3199 
6009 2552 2404 2553 3635 
6010 2536 2393 2554 3635 
6011 2950 3905 3445 3967 
6012 2676 3340 3051 3872 
6013 943 3699 3509 3985 
6014 1265 1225 1444 4020 
6015 2760 3527 2896 2696 
6016 2716 3373 3025 3533 
6017 1316 3370 3699 1096 
6018 3070 3183 2725 4146 
6019 1735 1630 1636 3774 
6020 537 3419 473 3599 
6021 3071 3415 912 3739 
6022 1739 1639 1634 3307 
6023 853 3756 851 3927 
6024 1964 1963 267 3568 
6025 2741 3331 3186 2955 
6026 2909 2980 3273 3401 
6027 2117 2116 2114 3308 
6028 2840 3684 3379 4146 
6029 2725 3206 3196 3552 
6030 927 3272 3797 4081 
6031 2751 3686 3324 3724 
6032 3166 1046 3514 1167 
6033 1270 1114 3232 3823 
6034 2903 3146 2990 3465 
6035 3146 3270 2769 3442 
6036 371 2529 2384 3575 
6037 3356 3468 3449 4108 
6038 2821 2943 2744 3827 
6039 3232 3199 3638 3895 
6040 3221 933 4301 914 
6041 3158 3248 3084 3924 
6042 2674 3301 3791 4062 
6043 2800 3252 3179 4146 
6044 3207 3256 2647 4137 
6045 1632 1634 1633 3203 
6046 3725 2966 3528 2889 
6047 1223 3675 4075 3027 
6048 3476 3647 3154 4292 
6049 1767 1650 1722 4282 
6050 2823 2993 2737 4268 
6051 378 2409 379 4000 
6052 2137 3243 2139 3988 
6053 2950 3185 2897 3387 
6054 975 3772 3048 4009 
6055 364 2538 365 3577 
6056 1640 1639 1641 3396 
6057 2430 2432 2433 3112 
6058 2874 3131 3521 3805 
6059 759 3717 3293 3935 
6060 2405 2427 2426 3905 
6061 326 3620 3488 4265 
6062 3324 3686 2847 3724 
6063 3483 3160 2189 3873 
6064 1650 1763 1722 4282 
6065 438 2721 3340 2758 
6066 2674 3021 3236 3301 
6067 1078 927 1079 3272 
6068 267 1963 266 3213 
6069 1078 927 3272 3797 
6070 1981 1819 1982 3683 
6071 3612 1866 3771 1864 
6072 2718 3379 3070 3518 
6073 2715 499 3562 3796 
6074 2940 2677 3323 3621 
6075 236 1569 1729 3138 
6076 2724 3029 2797 3321 
6077 4304 2788 3182 3806 
6078 3441 3970 2779 3943 
6079 2993 3350 2924 3922 
6080 1982 1819 2035 3297 
6081 3281 3990 2685 3374 
6082 2870 3403 3776 4030 
6083 2722 2707 2773 2982 
6084 820 1311 1448 3801 
6085 1857 1861 1951 3087 
6086 2102 2165 2101 3909 
6087 370 2545 371 4275 
6088 2854 2929 2874 3211 
6089 2108 3447 2245 3631 
6090 1167 3844 3166 3890 
6091 2674 3791 3584 4062 
6092 3252 3925 3496 4146 
6093 2397 3298 2591 3829 
6094 1936 1956 1953 3408 
6095 2683 3042 3704 4052 
6096 3483 3160 3873 3724 
6097 2254 3261 3868 3067 
6098 2676 3872 3428 4130 
6099 1891 2025 2028 3486 
6100 1035 975 978 3048 
6101 3175 3323 3044 4049 
6102 2782 3189 2830 4275 
6103 2673 3495 3178 3825 
6104 3992 3546 4017 4262 
6105 1738 1662 1669 3941 
6106 3178 3495 2673 4255 
6107 3999 4002 2760 4267 
6108 3901 1730 3660 1653 
6109 2452 2559 2449 3043 
6110 1076 3446 3421 3593 
6111 2699 3910 3385 4102 
6112 2939 3259 3364 3840 
6113 1253 3221 3809 3982 
6114 3853 3365 3912 2707 
6115 1669 1664 1701 3147 
6116 2522 2521 2523 4246 
6117 1733 1762 1572 3314 
6118 2674 3723 3791 4350 
6119 3421 1035 3048 4009 
6120 253 1852 252 3743 
6121 2789 3025 2716 3893 
6122 3563 2693 3579 3935 
6123 3467 918 3514 4117 
6124 3698 4337 1351 3978 
6125 2800 3574 3183 4146 
6126 2955 3723 3365 4077 
6127 3321 3915 2700 4045 
6128 473 3599 3419 4329 
6129 2470 2609 2468 3348 
6130 288 2066 287 3508 
6131 3429 3540 2719 3564 
6132 2699 2726 2909 4102 
6133 2903 3465 3234 4035 
6134 2774 3101 3015 3480 
6135 1311 3424 3421 3801 
6136 4077 2722 3433 3723 
6137 897 1222 899 3618 
6138 3762 4474 2733 4225 
6139 3199 860 858 3880 
6140 3791 2722 2707 3723 
6141 2685 2812 3164 4330 
6142 2727 2890 2752 3389 
6143 2684 3130 3111 3288 
6144 759 3935 3293 4197 
6145 1214 3071 1329 3834 
6146 1624 1621 1622 3202 
6147 2835 3321 2724 3558 
6148 3085 3142 3686 3961 
6149 3073 1534 4124 3352 
6150 251 1842 250 3743 
6151 3750 3804 3450 3059 
6152 3410 892 1023 4022 
6153 4600 4559 2333 4406 
6154 2684 3676 3288 3970 
6155 1416 3241 849 4063 
6156 2843 2868 3097 3105 
6157 4087 1534 3822 1499 
6158 1833 1980 1979 3683 
6159 1615 1744 3079 3591 
6160 1936 1880 1957 3606 
6161 3047 2966 3725 2889 
6162 3015 3480 3054 4064 
6163 4016 4081 3462 2864 
6164 2994 2870 3310 3817 
6165 854 857 856 4103 
6166 3350 1656 3640 3922 
6167 2752 2890 2701 3389 
6168 2858 3060 3776 4147 
6169 2090 2088 2091 3603 
6170 2704 3016 2847 3686 
6171 1642 1651 1640 3227 
6172 980 1036 3237 4150 
6173 2758 2908 2721 3066 
6174 1571 1718 223 3239 
6175 2541 2620 2538 3498 
6176 2965 3167 3193 3585 
6177 988 1045 3291 3560 
6178 724 2738 2828 2867 
6179 3012 1249 3731 4063 
6180 3080 483 514 3866 
6181 2053 2270 2269 3479 
6182 4555 4131 4034 4157 
6183 2738 3340 569 3754 
6184 853 865 851 3756 
6185 2687 3415 3071 3739 
6186 265 1810 1958 3506 
6187 3160 2166 4155 3358 
6188 4600 140 11 2333 
6189 3162 1612 1760 3591 
6190 3375 4019 3388 3635 
6191 2867 2985 2828 3376 
6192 2735 2809 3030 3881 
6193 857 3199 856 4103 
6194 2656 3502 3080 4114 
6195 3296 278 1815 3328 
6196 2788 3052 3353 3806 
6197 3946 219 1587 3194 
6198 2932 3149 2973 3535 
6199 1438 3561 3618 1237 
6200 3616 4031 3030 4318 
6201 3889 1237 3175 3561 
6202 3042 3705 336 3775 
6203 3247 1920 3757 2032 
6204 3782 3739 3415 2687 
6205 3185 3478 3192 4258 
6206 482 3299 3678 3132 
6207 3255 3576 3004 4078 
6208 2858 3410 3113 3895 
6209 2847 3312 3016 3712 
6210 3252 3496 2840 4146 
6211 3011 3236 3082 3464 
6212 2713 3010 2959 3722 
6213 4016 4081 2864 3272 
6214 3847 2424 2437 3205 
6215 2740 3392 2802 4038 
6216 2674 3584 3956 4062 
6217 2706 4178 4121 2745 
6218 2813 2824 3169 3243 
6219 2604 2553 2404 3375 
6220 974 1397 979 4118 
6221 2713 4002 3999 4267 
6222 4304 2788 3806 3052 
6223 3276 1811 4135 3408 
6224 3187 3881 3030 3945 
6225 2938 3228 3557 3659 
6226 3684 3839 3496 4052 
6227 4137 3518 3207 3216 
6228 3664 3145 2860 2706 
6229 1253 3809 1051 3982 
6230 1379 1442 1102 3550 
6231 3582 1941 4311 3721 
6232 2680 3710 3775 4296 
6233 650 2889 2822 4157 
6234 46 751 4535 4259 
6235 3072 3166 2704 3686 
6236 1231 1067 3357 4187 
6237 2729 2947 2906 3499 
6238 2990 3234 2903 3465 
6239 2739 3940 3244 4147 
6240 2895 2790 3582 3583 
6241 2391 3575 2531 4270 
6242 3277 3843 2789 4150 
6243 2719 2731 2881 4217 
6244 1860 1857 1859 3556 
6245 3504 3666 939 3834 
6246 2870 3972 3403 4030 
6247 2176 2175 2165 3898 
6248 2762 2897 3185 3387 
6249 2009 1937 1812 3919 
6250 3080 483 3866 3911 
6251 3082 3383 3011 3975 
6252 331 3259 3502 4295 
6253 4531 3923 2731 3694 
6254 266 3213 265 4310 
6255 1157 3272 1078 1350 
6256 4011 1663 4379 3531 
6257 2914 3314 2893 3345 
6258 1969 2050 1808 4396 
6259 1875 1876 1877 3535 
6260 1859 1856 1858 3570 
6261 3704 3980 2794 4112 
6262 3301 3956 3021 4163 
6263 2826 3082 3011 3236 
6264 2445 2510 2444 3119 
6265 2224 2073 2170 3567 
6266 3166 1046 1167 1321 
6267 2066 2199 2277 3075 
6268 2800 3179 3252 4266 
6269 2771 2770 3120 3432 
6270 2720 3077 3382 4265 
6271 291 2197 290 3143 
6272 2699 3385 3910 3620 
6273 2358 3694 3429 4007 
6274 308 2174 307 3457 
6275 2430 2399 2429 4065 
6276 1027 1067 1044 3156 
6277 2709 2918 2819 4100 
6278 912 1214 838 3415 
6279 949 951 985 3792 
6280 2734 2853 1313 3929 
6281 2923 2675 3438 2788 
6282 899 3618 1222 3844 
6283 3252 2800 3925 4146 
6284 1237 3175 3561 4302 
6285 795 4457 3622 4023 
6286 2140 3988 2229 4035 
6287 980 3277 1116 4150 
6288 1951 3087 1952 4122 
6289 1980 2021 1979 3157 
6290 2925 1103 3371 4373 
6291 47 46 751 4535 
6292 1424 1398 1051 3982 
6293 3913 3183 3206 2725 
6294 1775 1772 1734 3513 
6295 1316 3370 1096 1248 
6296 3337 3677 2936 4191 
6297 3636 3681 2730 3855 
6298 3076 2255 3898 2164 
6299 913 3221 907 3462 
6300 1041 1322 1076 3593 
6301 3241 1466 3927 3430 
6302 3767 3872 3385 3960 
6303 2024 1980 1926 3400 
6304 988 1277 1045 3560 
6305 253 3721 3000 3743 
6306 2767 3390 2829 4363 
6307 1497 3295 3352 3822 
6308 3060 3256 3207 4137 
6309 4209 3082 3662 3552 
6310 1771 1658 1768 3922 
6311 366 2540 367 3577 
6312 2715 463 499 4151 
6313 2993 3314 3251 3350 
6314 3340 402 3872 4130 
6315 2432 2430 2429 3652 
6316 1237 3561 3618 4302 
6317 3198 3249 3930 367 
6318 3379 3684 3070 4146 
6319 2170 3413 2241 3567 
6320 4250 3880 1265 4020 
6321 862 860 3232 3880 
6322 3592 968 984 4266 
6323 2676 3524 3428 3872 
6324 4457 751 811 795 
6325 3113 3410 2994 3895 
6326 3182 955 3615 956 
6327 2265 2151 2268 3959 
6328 3725 2966 2795 3285 
6329 2680 3295 3710 4296 
6330 1237 1092 1091 3561 
6331 2811 3201 2862 3202 
6332 777 3111 3288 3943 
6333 2271 2074 292 3571 
6334 3138 237 1569 3471 
6335 2514 3861 3992 4257 
6336 2750 3356 2701 3374 
6337 3042 3070 3684 3839 
6338 1075 1020 1246 3125 
6339 261 3924 260 4191 
6340 886 921 887 4044 
6341 2972 3737 3620 3862 
6342 3101 3280 3015 3809 
6343 943 1132 3509 3699 
6344 2090 2088 3603 4145 
6345 1172 3546 2959 3674 
6346 2140 2270 2151 4035 
6347 772 3321 2700 4045 
6348 2510 2511 2444 3644 
6349 3354 2544 2596 3611 
6350 3135 3478 3148 4375 
6351 3540 3775 3719 336 
6352 3679 4451 3233 3123 
6353 427 2981 2942 3013 
6354 4063 3179 1126 3430 
6355 3967 4258 3445 3185 
6356 1841 3036 4201 4098 
6357 2902 2907 2954 3043 
6358 2543 375 2584 3228 
6359 4456 191 190 1743 
6360 3390 4422 4232 4164 
6361 3052 3438 2923 3766 
6362 2739 3940 4147 3060 
6363 2161 2277 2275 3442 
6364 3942 2438 2439 3627 
6365 2676 3051 3524 3872 
6366 1975 1829 2023 3460 
6367 1657 1656 1658 3505 
6368 3255 2266 3959 3423 
6369 2024 3400 1926 3770 
6370 2962 3476 3243 3642 
6371 2819 2952 2918 3197 
6372 1293 4517 1166 3212 
6373 3387 4180 2762 4196 
6374 3350 1648 1758 3529 
6375 1398 1424 1146 3982 
6376 1426 1265 1444 4250 
6377 3365 3791 4350 3912 
6378 2704 3166 3361 3632 
6379 352 3861 3351 3448 
6380 2720 3382 3018 4265 
6381 3011 3082 2826 3383 
6382 1708 1787 1571 3393 
6383 1114 1145 862 3232 
6384 2791 3254 2715 3562 
6385 2772 2707 3362 3912 
6386 1694 1693 1611 3162 
6387 3000 3881 3187 3945 
6388 2226 2170 3040 3413 
6389 4531 3923 3694 4164 
6390 2593 2596 2558 3864 
6391 4554 4004 2740 4534 
6392 3329 1184 1298 1414 
6393 1008 1327 3969 4061 
6394 3848 3739 3059 3383 
6395 2687 3071 3415 4168 
6396 1774 1713 1718 3393 
6397 239 1703 1562 3452 
6398 2221 2139 3243 4355 
6399 253 3000 3721 4189 
6400 1220 1345 3433 4136 
6401 2839 3068 3362 3912 
6402 3363 2262 3908 2123 
6403 916 915 884 3950 
6404 2800 3183 3574 3804 
6405 751 3622 4535 4259 
6406 2718 3518 3070 3705 
6407 2162 2164 2163 3494 
6408 3108 2786 2811 3057 
6409 258 3677 259 4223 
6410 2232 2231 3322 3697 
6411 2622 2620 2541 3581 
6412 3762 4474 4225 2332 
6413 3410 892 4022 3113 
6414 375 374 2584 3551 
6415 2708 2860 2706 3664 
6416 1942 1853 1914 3543 
6417 4466 1320 4583 3238 
6418 1249 3731 4063 849 
6419 2708 2706 2860 3271 
6420 4233 3689 4291 2971 
6421 2781 3553 3351 4043 
6422 3746 2880 1081 3624 
6423 3017 3394 2753 3544 
6424 3260 2422 3857 2428 
6425 2713 3387 3185 3722 
6426 4097 3499 4312 3312 
6427 3101 3015 3054 3809 
6428 1173 2959 1172 3546 
6429 1640 1635 1639 3057 
6430 2827 3323 3175 4049 
6431 3702 2923 2675 3882 
6432 4517 1166 2927 33 
6433 2729 2906 2842 3499 
6434 330 2697 3301 3956 
6435 2713 2959 3010 4002 
6436 2897 2762 3185 3192 
6437 3125 3370 1096 3699 
6438 3410 892 3113 1232 
6439 783 3431 3195 3811 
6440 3719 3775 2680 4205 
6441 3312 3420 2847 4119 
6442 3664 3145 2706 2787 
6443 2809 3743 3616 3945 
6444 3320 3463 2751 4327 
6445 2764 2862 2811 3201 
6446 2723 3467 2992 3514 
6447 1818 1961 3891 4135 
6448 2124 3647 2127 4292 
6449 3166 1046 1321 3361 
6450 2962 2824 3243 3476 
6451 2266 2133 2136 3530 
6452 2264 2263 2128 3908 
6453 2844 2976 2839 3167 
6454 2843 3957 1514 3636 
6455 1438 3561 1237 1091 
6456 4463 2573 2408 2608 
6457 2108 2244 2110 3631 
6458 973 4476 1474 4201 
6459 3429 3705 3062 3775 
6460 2774 3236 3663 3168 
6461 2699 3385 2726 4102 
6462 4224 493 3636 4273 
6463 2935 3375 2679 2746 
6464 4362 3428 403 3484 
6465 1842 3036 3204 4201 
6466 2820 2829 548 4085 
6467 3870 4191 3337 2936 
6468 3661 1428 3394 4316 
6469 842 3739 840 4203 
6470 3632 3686 3142 3961 
6471 4097 3016 3358 2847 
6472 2847 3016 2704 3712 
6473 3111 3177 3907 4107 
6474 689 2784 4144 4298 
6475 1604 244 245 3623 
6476 2540 2383 2583 3498 
6477 2951 3164 2732 3665 
6478 3698 4337 3978 3136 
6479 1497 3295 1493 3352 
6480 1054 4095 3361 4117 
6481 1041 1076 1035 3593 
6482 439 3340 402 3872 
6483 4530 3866 3446 4420 
6484 2940 3244 3878 3894 
6485 976 980 1036 3237 
6486 3021 3236 2826 4241 
6487 860 3199 3232 3880 
6488 4077 2722 3723 2707 
6489 3021 3206 2826 3236 
6490 2942 3013 2981 3461 
6491 2047 2040 1959 3598 
6492 2763 2932 3149 2973 
6493 2735 3702 3173 3703 
6494 3111 3907 3177 3939 
6495 3263 2399 375 2524 
6496 3445 3478 3185 4258 
6497 1372 3125 1096 3699 
6498 1613 1614 1615 3885 
6499 2528 2586 2527 3122 
6500 2151 2138 2140 3530 
6501 3419 3599 537 3796 
6502 3365 3791 3912 2707 
6503 3365 3723 2707 4077 
6504 1076 3421 1035 3593 
6505 2712 4131 3855 4157 
6506 2732 3164 2951 3972 
6507 2732 3776 3403 4030 
6508 3677 3745 1831 4336 
6509 3620 3862 3737 3993 
6510 1673 3219 1671 3489 
6511 2740 421 2802 3392 
6512 3281 3990 3164 2685 
6513 4304 2788 3052 3684 
6514 2047 1893 2040 3851 
6515 1776 1680 1765 3609 
6516 3429 3564 2719 3694 
6517 2927 1166 4517 3212 
6518 1046 1054 3361 4117 
6519 2666 3080 2656 3502 
6520 2254 3261 2227 3868 
6521 2534 3641 2380 4375 
6522 2722 3723 3854 4136 
6523 2713 3999 3185 4180 
6524 3018 2864 3382 4064 
6525 1704 1621 1624 3828 
6526 1619 1622 3335 3849 
6527 1696 1732 1769 3513 
6528 930 943 1132 3509 
6529 3706 4027 3343 1460 
6530 2073 2224 295 3152 
6531 876 879 3897 4272 
6532 3327 3523 3015 3601 
6533 3121 3416 3011 3795 
6534 3791 2707 2722 2982 
6535 907 913 914 3221 
6536 3544 3874 2769 2798 
6537 3610 3846 3638 3962 
6538 2889 3257 650 2822 
6539 2993 3350 3251 4268 
6540 3232 3880 3101 4020 
6541 3484 3028 3428 3331 
6542 2723 3361 3166 3632 
6543 3287 1901 1926 3770 
6544 4209 3082 3552 2774 
6545 1557 2724 3321 3558 
6546 95 94 4430 1485 
6547 4550 4508 321 784 
6548 1460 1176 3343 3706 
6549 2836 3798 3620 3910 
6550 2391 369 2531 3575 
6551 1900 1924 1902 3713 
6552 229 1711 230 3613 
6553 1956 272 1820 3634 
6554 1020 3125 1075 4061 
6555 1408 2880 3361 4095 
6556 1249 1326 1472 4063 
6557 2554 3635 2393 4409 
6558 1232 3817 889 3914 
6559 2161 2163 3024 3494 
6560 3214 2996 3379 4289 
6561 3782 3739 2687 3059 
6562 2020 1977 1976 3657 
6563 4016 4081 3272 3746 
6564 3060 3610 2778 3895 
6565 3361 4095 2905 4117 
6566 2829 2999 3783 574 
6567 2764 2875 2686 4410 
6568 2691 2804 2695 3128 
6569 3365 3791 2707 3723 
6570 3077 3244 2720 3976 
6571 3632 3349 3712 3016 
6572 2072 2218 2217 3567 
6573 4224 493 4273 3562 
6574 2181 2233 3142 3711 
6575 3042 3775 3719 4205 
6576 2662 3207 3196 3256 
6577 2680 3295 2819 3710 
6578 2732 3610 3083 3793 
6579 2780 2893 447 4172 
6580 1096 1372 1246 3125 
6581 1326 3329 1414 4063 
6582 2784 3264 3053 3525 
6583 1831 256 2018 3964 
6584 2052 290 2197 3690 
6585 2725 3196 2997 3552 
6586 3809 1424 3982 4020 
6587 2752 2701 2890 3009 
6588 1157 3272 1350 4291 
6589 2186 2185 2091 4184 
6590 2691 2895 2790 3893 
6591 3484 3028 3331 2741 
6592 4538 3455 4471 2061 
6593 1940 1836 278 3725 
6594 2927 1166 2928 33 
6595 2714 2843 3855 4224 
6596 3467 910 4276 3514 
6597 2728 3188 2886 3481 
6598 2091 2088 2188 4125 
6599 3301 3912 3791 4062 
6600 2717 3666 3504 3834 
6601 3421 3048 1035 3593 
6602 2914 2975 2737 3251 
6603 2179 2178 3983 4286 
6604 2841 3794 3779 4267 
6605 2540 2601 2396 3611 
6606 3288 3676 2734 3970 
6607 569 3340 675 3754 
6608 2874 3140 3131 3805 
6609 4086 951 3792 3052 
6610 3000 3721 3025 4101 
6611 3244 3894 2720 3976 
6612 2312 2327 3754 3934 
6613 3772 965 4092 4118 
6614 3465 2153 2273 4397 
6615 4466 1320 59 4583 
6616 2714 2868 2843 3105 
6617 3101 3054 3015 3480 
6618 2932 3094 2882 3556 
6619 3384 4045 4237 3915 
6620 2546 2403 365 3991 
6621 1043 3842 3036 3963 
6622 3186 3484 2741 3689 
6623 1842 3036 250 3743 
6624 2864 3689 3018 3720 
6625 2939 3259 3840 3782 
6626 856 3199 858 3880 
6627 2847 3420 3312 3712 
6628 3036 3277 250 3743 
6629 1882 1957 1880 3149 
6630 2974 2902 3043 2907 
6631 4080 3795 4185 3121 
6632 3125 3699 1372 3738 
6633 3727 4456 1691 1567 
6634 3620 3737 3018 3993 
6635 2277 2163 2256 3909 
6636 3454 3699 3064 3904 
6637 1957 1882 1934 3149 
6638 2915 3894 3976 4008 
6639 907 3462 3221 3890 
6640 2735 2809 3881 3808 
6641 1232 892 3113 3914 
6642 1167 3514 3166 3844 
6643 2819 2952 3197 2702 
6644 2720 3382 3976 4123 
6645 3106 2543 3372 2445 
6646 1956 1820 3590 3634 
6647 836 3415 1214 3834 
6648 2641 3178 3177 3630 
6649 927 3746 1263 1079 
6650 1322 3446 1076 3593 
6651 2903 2787 3145 3234 
6652 946 1055 948 4319 
6653 1316 3370 1248 3904 
6654 568 2758 569 2867 
6655 1682 1744 1615 3591 
6656 2685 3164 2812 3990 
6657 3270 2274 2197 2276 
6658 2923 3875 3052 3766 
6659 3791 3912 2772 4062 
6660 1301 3268 1021 3409 
6661 2676 3051 3340 3934 
6662 2928 1166 2927 3212 
6663 2141 2229 2140 3988 
6664 851 3756 3662 3927 
6665 3021 2826 3206 3450 
6666 1403 4567 3433 824 
6667 513 3086 3424 3801 
6668 3698 1045 3560 4136 
6669 2143 3642 2220 3749 
6670 3241 849 4063 3731 
6671 2993 2924 3505 3922 
6672 2951 2732 3972 4030 
6673 3070 3379 2725 3913 
6674 3028 2810 3853 3912 
6675 2788 3438 3052 3684 
6676 412 3006 2912 3294 
6677 3544 3320 3800 4076 
6678 3044 3397 3175 4049 
6679 3264 2099 2111 4243 
6680 2772 2707 2912 3362 
6681 3143 2065 3732 291 
6682 2402 2546 366 3249 
6683 1060 1126 3179 3850 
6684 3241 3731 3012 4167 
6685 1408 3361 1099 4095 
6686 2744 2943 2821 3103 
6687 3384 4045 3915 3321 
6688 3249 367 3577 366 
6689 2003 1864 1867 3612 
6690 3241 849 3731 847 
6691 3933 915 3950 3346 
6692 1111 1377 992 3996 
6693 2589 2593 2457 3645 
6694 1574 1604 1605 3100 
6695 1046 1053 1054 4117 
6696 3043 2447 2452 3639 
6697 4043 2414 4262 4263 
6698 912 3415 840 3739 
6699 3018 3382 2864 3720 
6700 4430 1553 95 1485 
6701 2871 3126 2760 4068 
6702 2165 3898 3617 3909 
6703 2404 3635 2552 3290 
6704 327 4013 3862 3524 
6705 2741 3689 3484 4074 
6706 2755 3450 3183 3804 
6707 3326 3654 2868 3657 
6708 2226 2227 3261 3868 
6709 2711 2365 4183 4389 
6710 3563 2693 3935 3235 
6711 2763 2932 2973 1491 
6712 513 3086 3801 3526 
6713 3430 1466 3927 4089 
6714 3889 1237 3561 1092 
6715 2335 3629 2711 4183 
6716 2702 2675 3703 4239 
6717 4087 3389 3822 3073 
6718 1672 3318 1673 4339 
6719 3072 2751 4327 4105 
6720 2194 3868 3338 3067 
6721 912 840 3415 838 
6722 1844 1942 1947 4031 
6723 3220 266 4310 3213 
6724 1088 3815 3381 4026 
6725 2777 3177 3907 3939 
6726 3544 3320 4076 2753 
6727 3687 2847 3324 2682 
6728 2144 2141 2142 4073 
6729 4086 3792 951 949 
6730 1542 2987 2695 3419 
6731 3173 3702 2675 3703 
6732 3173 3980 2998 4400 
6733 2813 2962 2824 3243 
6734 897 899 3369 3618 
6735 961 3772 4092 968 
6736 2826 3012 3731 4167 
6737 3405 2156 2158 4382 
6738 2048 1923 1985 3757 
6739 3792 4086 3214 4319 
6740 1664 1666 3520 4379 
6741 3687 2847 2682 3067 
6742 2897 3148 3478 3641 
6743 3913 3183 2725 3070 
6744 2989 2990 2988 3604 
6745 1766 1732 1696 3534 
6746 3313 4462 1777 3948 
6747 840 3739 3415 4203 
6748 2675 2702 3775 4239 
6749 1223 1367 3675 4132 
6750 3375 4019 3635 2935 
6751 2129 3642 2132 4292 
6752 2720 3976 3894 4008 
6753 4118 4009 3843 3031 
6754 2957 3560 4264 3291 
6755 4422 4232 4164 2346 
6756 3291 3560 1045 4136 
6757 404 3872 3767 3960 
6758 1326 1414 1472 4063 
6759 3848 3739 3383 842 
6760 2111 2112 3279 4243 
6761 2430 2429 3652 4065 
6762 1246 3125 1372 3738 
6763 1824 2895 3745 3964 
6764 3018 3327 2864 4064 
6765 2717 3537 3415 4168 
6766 1634 1639 1635 3057 
6767 1934 1957 3149 3891 
6768 3245 3409 3030 3742 
6769 3082 3464 3236 3888 
6770 2774 3280 3082 3888 
6771 1222 904 3844 4276 
6772 1670 1665 1780 3339 
6773 1851 1848 3344 3570 
6774 3313 3549 4219 2792 
6775 2733 2885 2848 3045 
6776 3060 2778 3207 3256 
6777 2430 2433 2434 3715 
6778 2800 3252 3925 4266 
6779 3610 3638 3199 3895 
6780 362 2542 2381 3124 
6781 3057 1633 1635 1634 
6782 1949 1948 1950 3582 
6783 2674 3584 3021 3956 
6784 3060 3207 2778 3610 
6785 3186 3136 2741 2955 
6786 3866 3995 3080 3381 
6787 3000 3187 2692 3373 
6788 2715 3254 2804 3796 
6789 2701 3389 3356 3968 
6790 4096 2398 3124 3317 
6791 3113 4284 3817 3914 
6792 3375 3596 2883 4256 
6793 2444 2446 2442 3639 
6794 1907 1909 1922 3947 
6795 3218 887 3360 4044 
6796 2924 2993 2823 3350 
6797 2755 3240 3059 3418 
6798 3725 2966 3285 3528 
6799 927 3746 1079 3272 
6800 1320 1 59 4583 
6801 3583 2874 3211 3821 
6802 3128 3337 2987 3521 
6803 1841 3036 4098 250 
6804 2739 3776 3060 4147 
6805 865 3662 851 3756 
6806 3146 2990 3465 3951 
6807 2997 4167 3750 3552 
6808 1347 1148 3126 3469 
6809 3151 2048 1968 3487 
6810 2535 2607 2534 3148 
6811 256 1831 257 3190 
6812 3848 3739 842 4203 
6813 824 4567 3433 3876 
6814 1943 1862 1875 3556 
6815 2858 3776 3060 3895 
6816 4585 200 199 2005 
6817 2804 3254 2791 3870 
6818 2632 3838 3216 4137 
6819 3350 1656 3922 1762 
6820 1657 1655 1656 3640 
6821 3384 4045 3321 770 
6822 2614 3780 2568 3905 
6823 1598 1605 1594 3492 
6824 1810 1958 3506 3597 
6825 2581 2510 2385 3781 
6826 2535 2393 2536 3148 
6827 2012 3677 1831 4336 
6828 2683 2998 3173 3980 
6829 1573 1694 1757 3534 
6830 2788 3173 3019 3702 
6831 854 856 3756 4103 
6832 3196 3207 2662 3913 
6833 777 3111 3943 3944 
6834 2688 3441 3929 4093 
6835 2685 2750 3281 3374 
6836 3228 376 3659 2543 
6837 2752 2825 2701 3009 
6838 375 3263 374 3551 
6839 1495 3038 3295 3822 
6840 3012 3750 3241 4167 
6841 4554 461 4534 2740 
6842 3054 3221 3015 4064 
6843 2723 3361 2905 4117 
6844 3351 2390 352 4043 
6845 2675 2702 3710 3775 
6846 2012 257 1831 3677 
6847 2676 3524 3051 3934 
6848 1896 1897 1895 3656 
6849 3467 910 3514 918 
6850 2939 3259 3782 3537 
6851 2926 3137 2722 3170 
6852 3173 3704 2683 3980 
6853 3196 3207 2778 3256 
6854 2897 3185 2950 3445 
6855 2774 3480 3196 4209 
6856 2789 3378 3721 4305 
6857 4456 3727 4464 1567 
6858 4585 4487 200 2005 
6859 2845 3555 3048 4242 
6860 3072 2751 4105 3686 
6861 852 853 851 3927 
6862 2182 3349 3142 3961 
6863 4530 3866 4420 515 
6864 1841 3036 250 1842 
6865 2675 3810 3027 3882 
6866 3526 4364 3911 3714 
6867 2641 3177 3178 4255 
6868 4107 3387 3395 3907 
6869 2682 3488 2836 3620 
6870 3082 3383 3975 4166 
6871 3610 3083 3846 3962 
6872 759 778 3293 3717 
6873 2815 2946 2744 3046 
6874 2817 2830 2782 3189 
6875 1868 1870 1869 3612 
6876 2858 3776 3113 4147 
6877 4430 1485 94 2898 
6878 824 1220 1345 3433 
6879 1716 226 227 3708 
6880 1780 1667 3436 3531 
6881 3677 3745 4336 3128 
6882 1157 3272 4291 3797 
6883 1647 1740 3039 3984 
6884 2731 2970 3087 3094 
6885 949 950 951 4086 
6886 3357 4200 3766 2923 
6887 3293 2706 3717 4178 
6888 2114 2112 2232 3088 
6889 2897 3192 3185 3478 
6890 1044 3156 3473 4154 
6891 2943 3004 2821 3103 
6892 4585 1994 2029 4066 
6893 2462 2557 2459 3399 
6894 336 3705 3429 3775 
6895 2182 3142 3349 2181 
6896 2425 3351 2405 3553 
6897 907 3890 3221 4413 
6898 236 1729 235 3138 
6899 3036 3963 3204 4201 
6900 1286 3469 3473 3883 
6901 3179 3574 3430 4063 
6902 978 975 969 3592 
6903 3165 2845 3538 3714 
6904 296 295 3152 3716 
6905 2735 2809 3808 3409 
6906 1808 2050 2049 3151 
6907 397 2721 2844 4130 
6908 2851 3318 3219 2792 
6909 1817 3616 3945 4318 
6910 3604 2146 4073 2147 
6911 4488 4430 1553 95 
6912 2047 2040 3598 3851 
6913 3350 1648 3529 3640 
6914 1286 3473 1208 3883 
6915 3027 2675 3628 3810 
6916 2783 3305 3120 4275 
6917 2566 2602 2577 3139 
6918 3319 3607 3050 4257 
6919 3261 2849 3040 3868 
6920 2796 3275 3092 3276 
6921 2903 3234 3145 4035 
6922 3275 3326 2868 3657 
6923 3542 2965 3193 3108 
6924 3913 3183 3070 2638 
6925 3697 2258 3646 4243 
6926 1613 1744 1741 3751 
6927 2675 3726 3810 3882 
6928 3943 2684 4107 3111 
6929 3293 3717 778 4178 
6930 1994 4487 4585 2005 
6931 4512 4004 2740 3718 
6932 4431 569 3340 588 
6933 2610 2571 4525 3205 
6934 3125 3130 2777 3907 
6935 3296 1827 276 4122 
6936 2267 2063 2264 3576 
6937 3694 4007 4232 3073 
6938 3111 764 4106 4202 
6939 2870 2994 3310 4030 
6940 4405 2520 2419 3700 
6941 1810 266 1963 3213 
6942 438 2721 2758 396 
6943 326 3673 3620 4265 
6944 2918 3197 2952 4067 
6945 3133 3274 3049 3434 
6946 3390 4422 4164 692 
6947 2607 2586 3641 4001 
6948 3177 3178 2777 3454 
6949 2540 2583 2601 3161 
6950 2513 3171 2409 3292 
6951 116 672 4599 4579 
6952 3304 2959 4044 2713 
6953 3293 3717 2706 3935 
6954 824 4567 1409 1447 
6955 259 1965 258 4223 
6956 2496 2527 2586 3122 
6957 2210 2124 2121 3273 
6958 2706 2860 3271 2745 
6959 2821 3004 2943 3827 
6960 913 3221 3462 4081 
6961 1088 835 3815 4026 
6962 4126 3232 3880 3101 
6963 939 3666 3504 4138 
6964 2698 3544 2769 4361 
6965 2752 1522 2907 2954 
6966 2700 2834 3629 3867 
6967 439 3340 3872 4088 
6968 2730 3636 1536 3681 
6969 2639 3183 2668 3450 
6970 1865 1999 2036 3283 
6971 2762 3185 3999 4180 
6972 3125 2777 3454 3907 
6973 2870 3370 3454 3904 
6974 2731 3564 2345 3694 
6975 3686 3324 3921 3072 
6976 1127 1274 1101 4187 
6977 3421 3446 2845 3593 
6978 3259 3444 2631 4163 
6979 3076 2255 2164 2163 
6980 1301 3268 3409 3675 
6981 2047 1960 1892 3303 
6982 2358 2340 3694 4007 
6983 2155 2153 2154 3951 
6984 1887 1889 1892 3231 
6985 3542 2965 3108 2756 
6986 2628 3403 3178 3630 
6987 1464 1110 1465 3674 
6988 2727 2890 3389 4231 
6989 2070 3499 3338 3835 
6990 883 881 880 3779 
6991 3526 3538 2845 3714 
6992 2685 2750 2814 3281 
6993 1436 3418 3240 4204 
6994 3992 4002 3674 4257 
6995 2261 2220 2135 3696 
6996 2977 3374 3356 3449 
6997 1572 1762 1758 3251 
6998 1546 2757 2838 2969 
6999 482 3299 3132 501 
7000 820 3424 1311 3801 
7001 3710 2855 2702 2819 
7002 1409 4567 824 3876 
7003 2701 3389 2890 4231 
7004 3450 3259 2631 4163 
7005 3073 1534 3352 3822 
7006 3023 3459 3949 4348 
7007 3738 4216 2900 3985 
7008 878 3218 882 4272 
7009 3019 3173 2788 4359 
7010 1817 3945 1852 4318 
7011 3236 3464 3011 4080 
7012 3410 892 1232 1023 
7013 2107 2108 3003 3707 
7014 2275 2277 3270 3442 
7015 2702 4205 3775 4239 
7016 3199 3756 856 4103 
7017 3356 3374 2977 3389 
7018 2928 3194 1166 3212 
7019 364 3577 365 3991 
7020 1630 1627 1636 4325 
7021 724 2738 2867 704 
7022 2918 2690 2964 3947 
7023 2864 3327 3136 3523 
7024 1409 4567 35 1447 
7025 2866 3315 3379 3493 
7026 3905 2950 3351 3967 
7027 3853 3365 2707 3331 
7028 2823 2737 3299 4199 
7029 2218 2219 3262 3749 
7030 2117 2114 3088 3308 
7031 4247 3060 3940 3825 
7032 3555 3538 2845 3086 
7033 1634 1639 3057 3307 
7034 1347 1148 1147 3126 
7035 1222 1333 904 4276 
7036 4212 4284 3914 3370 
7037 2443 2445 2444 3517 
7038 1219 1349 4039 4136 
7039 2312 3524 3051 4013 
7040 788 3288 4106 4058 
7041 1657 1656 3505 3640 
7042 35 4567 1409 3876 
7043 2525 3443 2392 4274 
7044 2713 3218 3360 4044 
7045 978 1035 3048 3593 
7046 2391 369 3575 3930 
7047 886 3218 1203 3304 
7048 2146 2144 3413 4073 
7049 943 3509 930 3985 
7050 906 3462 907 3890 
7051 4590 2086 2281 3242 
7052 2675 3702 3628 3703 
7053 2820 2830 2817 3228 
7054 2181 3142 3349 3711 
7055 3179 1184 1126 1131 
7056 3207 3216 2732 4137 
7057 862 3232 860 1113 
7058 2880 2704 3361 3632 
7059 4431 569 541 2758 
7060 2701 2752 3389 3968 
7061 3121 3291 3854 4185 
7062 1737 1628 3849 4294 
7063 3119 3639 3043 3644 
7064 239 1562 238 3471 
7065 3381 3815 2939 4026 
7066 3775 3438 3705 3062 
7067 900 3844 901 3890 
7068 3357 3766 4200 2812 
7069 3587 1676 4402 1787 
7070 1943 1861 3556 3590 
7071 2723 3686 3166 3802 
7072 2529 2392 3443 4274 
7073 2893 2914 2737 3314 
7074 4542 1743 4456 190 
7075 328 3542 3524 4278 
7076 2189 2162 4382 3160 
7077 2067 3258 3065 2249 
7078 886 1203 1038 3304 
7079 2120 2125 2212 3363 
7080 3698 4337 3136 3560 
7081 2386 2561 2513 3372 
7082 3880 1265 4020 1225 
7083 2604 2553 3375 3388 
7084 2686 2875 2764 3026 
7085 2226 2227 2146 3261 
7086 1404 1246 1372 3738 
7087 2535 2534 2393 3148 
7088 479 3080 3995 4114 
7089 3186 4587 3477 817 
7090 3293 3544 2693 3874 
7091 2147 3604 2150 3951 
7092 253 3721 254 4189 
7093 2686 2823 3299 4199 
7094 2934 3030 3616 4031 
7095 1172 2959 1066 3674 
7096 2950 3445 3905 3970 
7097 2985 2758 2738 4253 
7098 3604 2146 2147 2257 
7099 3960 439 404 3872 
7100 3706 4027 1460 3176 
7101 1807 1965 4116 4223 
7102 3086 2845 3526 3538 
7103 2909 3250 2910 4102 
7104 2769 3293 2706 3874 
7105 1669 1662 1664 3147 
7106 1771 1768 3436 3922 
7107 1712 3984 1647 4179 
7108 2694 2995 2837 3902 
7109 2858 3113 3776 3895 
7110 3084 3190 2794 3466 
7111 3587 1676 1787 1746 
7112 1523 3352 2754 3923 
7113 588 675 569 3340 
7114 3637 3341 1988 4188 
7115 3012 1249 4063 3418 
7116 2996 3379 3315 3493 
7117 1951 1952 274 4122 
7118 271 1976 1823 3275 
7119 2580 2611 1082 3519 
7120 975 3048 1035 4009 
7121 1274 3353 1101 4187 
7122 2699 2909 2726 3824 
7123 3264 2099 4243 4240 
7124 1285 3473 3469 4154 
7125 2951 3164 3665 4245 
7126 2800 3367 3183 3804 
7127 3018 3673 3620 3993 
7128 2955 3331 3186 3876 
7129 3276 1811 3408 1956 
7130 1778 1651 1726 3411 
7131 3419 2715 499 4151 
7132 2720 3018 3382 4064 
7133 2915 3166 3802 3844 
7134 3415 3666 2717 3834 
7135 1116 980 982 4305 
7136 2647 3207 2662 3256 
7137 2154 2150 3604 3951 
7138 3199 3232 2778 3895 
7139 1688 1689 3434 3133 
7140 2824 3169 3243 3476 
7141 2117 2116 3308 4271 
7142 2913 2894 3294 3345 
7143 3156 3357 1067 3473 
7144 3855 4224 3636 4273 
7145 4224 493 3562 2715 
7146 1270 3232 1114 1113 
7147 2774 3236 3206 3663 
7148 4006 4043 2781 3069 
7149 1775 1734 1582 3184 
7150 4542 1743 1786 4456 
7151 2806 3273 3322 3507 
7152 3075 2173 3744 2256 
7153 2743 4430 2898 1485 
7154 3009 3253 2907 3399 
7155 3189 3263 2817 3551 
7156 672 2004 4599 4579 
7157 2266 3423 2133 3530 
7158 3461 304 4072 2207 
7159 519 3681 3636 3855 
7160 2799 3034 2944 3215 
7161 2674 3236 3021 4241 
7162 664 721 2889 4034 
7163 782 3943 3288 3441 
7164 2845 3165 3555 4242 
7165 2918 2952 3947 4067 
7166 3450 3750 3183 3804 
7167 2866 3083 3041 4012 
7168 2829 2999 574 4352 
7169 1528 2999 2767 4352 
7170 860 1113 3232 3638 
7171 3563 2693 3235 2827 
7172 1163 4421 31 4226 
7173 2177 2176 2181 3142 
7174 3019 3268 2735 3808 
7175 3179 3329 3574 4063 
7176 3255 3572 3827 3090 
7177 1114 1145 3232 3823 
7178 3128 2691 2895 2695 
7179 4378 2095 3786 2096 
7180 3221 933 914 1253 
7181 2311 136 135 4429 
7182 1139 3049 2776 3133 
7183 2762 3325 3281 4180 
7184 2821 2860 2708 3002 
7185 914 3221 913 4081 
7186 3870 4191 2936 3248 
7187 502 4131 4555 4157 
7188 2752 2767 1522 2954 
7189 1824 2895 3964 1949 
7190 1767 4282 1722 4285 
7191 2718 3684 3379 4304 
7192 2885 2821 3002 3103 
7193 3188 1564 4041 1760 
7194 2223 301 2075 4078 
7195 777 3288 3111 4106 
7196 418 2737 3856 4172 
7197 1853 3435 1854 3543 
7198 3646 2172 4240 2258 
7199 1691 4456 1786 1743 
7200 1074 1020 1075 4061 
7201 2796 3326 3144 3693 
7202 3054 4020 3823 3232 
7203 2675 3726 3710 3810 
7204 2755 3367 3183 4230 
7205 2415 2390 3553 4043 
7206 3698 1045 4136 1221 
7207 3960 439 3872 4088 
7208 3152 294 2073 3748 
7209 2965 3167 3585 2844 
7210 2510 2584 2385 3106 
7211 2130 2230 3647 3696 
7212 2702 3114 2952 3157 
7213 3047 2966 2889 4034 
7214 1582 1734 238 3685 
7215 1239 1400 1373 3286 
7216 2897 3185 3445 3478 
7217 1976 3657 1823 3275 
7218 1263 3462 3746 4081 
7219 4599 3283 2036 2004 
7220 4528 4479 3631 2245 
7221 3183 3367 2755 3804 
7222 3185 3192 2762 3298 
7223 2082 2179 2178 3983 
7224 392 2740 4554 3392 
7225 1146 3982 1424 4020 
7226 3071 3834 3415 4168 
7227 967 3237 3706 4118 
7228 1038 886 3304 4044 
7229 3526 4364 3714 2845 
7230 2721 2922 2844 3278 
7231 866 870 1296 3817 
7232 3496 4304 2840 3684 
7233 2789 3025 2790 3721 
7234 2086 4590 3233 3242 
7235 3042 2683 3633 3839 
7236 2540 3611 2396 4404 
7237 2957 3560 3136 3601 
7238 3138 1728 235 3820 
7239 3019 3808 2735 3881 
7240 2638 2637 3183 4053 
7241 2972 3910 3767 3385 
7242 3070 3518 3379 3913 
7243 2936 3190 3128 3893 
7244 362 361 2542 3124 
7245 2985 3417 2879 4018 
7246 2695 2790 2691 2895 
7247 1888 1986 1890 3547 
7248 837 4203 838 3415 
7249 2821 3271 2745 3827 
7250 3524 3542 328 3934 
7251 4049 4383 3195 3397 
7252 3343 1176 1283 4358 
7253 135 2311 4429 4347 
7254 1055 4086 948 4319 
7255 906 913 907 3462 
7256 2735 2941 3628 3703 
7257 1264 1100 1408 3361 
7258 675 3754 3340 4088 
7259 2915 3166 3844 3890 
7260 3174 3308 3045 3516 
7261 594 2937 3541 2938 
7262 3301 3663 329 4163 
7263 1129 2880 1212 3355 
7264 2030 1982 1928 3598 
7265 531 28 29 4455 
7266 1349 3433 1310 4039 
7267 1610 1608 3163 4345 
7268 2790 3025 2789 3893 
7269 2758 3100 3066 3376 
7270 3776 3610 4137 3060 
7271 2132 2131 2129 4292 
7272 2695 2929 2874 4329 
7273 2704 3686 2847 3921 
7274 1951 1827 1857 3586 
7275 1761 1694 3534 3768 
7276 3572 2063 4078 299 
7277 2848 4562 3003 2805 
7278 250 3277 3036 4098 
7279 3304 3674 1110 4044 
7280 2413 3541 4576 3565 
7281 2722 3137 2982 3170 
7282 3062 3705 337 3216 
7283 2513 3372 3292 3659 
7284 3261 3040 2849 2836 
7285 3433 3813 2773 4077 
7286 2762 3395 3387 4196 
7287 352 3351 3861 353 
7288 1058 2933 1165 3602 
7289 4080 3795 3121 3011 
7290 1223 3675 3027 4132 
7291 3378 250 4084 3277 
7292 902 900 901 3890 
7293 1735 1636 3511 3774 
7294 4599 3283 2004 672 
7295 866 870 3817 3962 
7296 3676 3288 3284 2684 
7297 3386 3578 1586 3819 
7298 978 3048 3592 3593 
7299 2936 3337 3128 3677 
7300 3111 3491 3130 3939 
7301 3130 3491 2777 3939 
7302 2845 4160 3165 4242 
7303 1310 3433 2926 4039 
7304 1844 1843 3616 4031 
7305 2169 2113 2211 3765 
7306 435 3428 3331 3484 
7307 2760 2871 3319 3527 
7308 4233 3689 2971 3484 
7309 1101 3353 3191 4187 
7310 2398 3317 3020 3124 
7311 2839 2912 2707 3362 
7312 3397 1074 3605 4061 
7313 1210 3204 1022 3655 
7314 2903 2990 2787 3234 
7315 2828 2832 2766 3150 
7316 283 2087 282 3679 
7317 969 3592 975 3772 
7318 637 4143 3622 4023 
7319 3363 3507 3174 4271 
7320 1841 3036 1842 4201 
7321 3105 3275 2868 3657 
7322 2674 3956 3301 4062 
7323 3390 4422 692 3977 
7324 3848 3739 4203 3059 
7325 4520 108 1748 4552 
7326 3128 3337 2936 3870 
7327 3329 1184 1414 4063 
7328 3519 1453 3050 3896 
7329 2130 2249 2230 3696 
7330 1210 2934 1301 3409 
7331 3241 849 847 1461 
7332 2174 2058 2105 3837 
7333 3032 3396 3307 4249 
7334 2217 2218 2219 3262 
7335 1302 3669 3550 4142 
7336 1622 1737 1628 3849 
7337 2097 2069 2098 4240 
7338 2631 4230 3450 2668 
7339 3002 3154 2807 3363 
7340 3484 3186 436 4233 
7341 3448 4262 3992 4017 
7342 759 3293 755 4197 
7343 261 1979 260 3924 
7344 3255 2266 3423 2267 
7345 1893 1889 1890 3656 
7346 3259 331 3444 4295 
7347 951 3353 3052 3806 
7348 2908 2922 2721 3452 
7349 3073 1534 3822 4087 
7350 2198 295 296 3716 
7351 4209 3082 2774 3280 
7352 2124 2130 2127 3647 
7353 4049 4307 3811 3333 
7354 4553 531 29 4455 
7355 2800 3183 4053 4146 
7356 3186 3331 2741 3484 
7357 441 2991 2728 3764 
7358 2130 2210 2248 3787 
7359 4576 2413 4522 3541 
7360 3365 3791 3723 4350 
7361 3305 3930 369 4404 
7362 2994 3610 3638 3962 
7363 1034 3669 4142 3121 
7364 1937 3919 2009 4198 
7365 2806 3322 3174 3507 
7366 2233 2186 2177 4415 
7367 1534 1497 3352 3822 
7368 404 3767 406 3960 
7369 2841 3794 4267 3325 
7370 1696 1769 3404 3513 
7371 3324 3382 3072 3976 
7372 1989 3637 1988 4188 
7373 3159 4481 1791 1584 
7374 4520 4552 1748 3672 
7375 968 969 966 3772 
7376 108 107 1748 4552 
7377 2687 3059 3691 3782 
7378 2248 2209 3692 3787 
7379 288 2206 2070 3499 
7380 899 3369 3618 3844 
7381 4532 531 4455 28 
7382 3942 2438 3627 3205 
7383 2611 1082 3519 3896 
7384 3086 3254 3589 3538 
7385 1270 3232 1113 3410 
7386 3404 1772 1737 4294 
7387 3403 3740 3178 3454 
7388 3060 3776 3610 3895 
7389 2235 4538 205 2061 
7390 2003 1863 1864 3803 
7391 2971 3484 3689 4074 
7392 3385 3910 3767 4102 
7393 2734 3929 3441 4093 
7394 2636 3165 3714 4230 
7395 3453 301 3761 2067 
7396 3346 2760 3325 2696 
7397 2827 3621 3175 3323 
7398 3970 3441 3288 3943 
7399 3280 3974 3888 3015 
7400 2729 3110 2947 3499 
7401 648 3257 3300 3554 
7402 2751 3686 3724 4321 
7403 2811 2862 2832 3202 
7404 3397 3969 1327 4061 
7405 2769 3293 2698 3651 
7406 2110 2246 2107 3765 
7407 3592 968 4266 3772 
7408 2445 3106 2510 3119 
7409 2514 3992 2410 4257 
7410 1927 1974 1825 3337 
7411 2753 4361 3869 4381 
7412 2940 3323 3244 4147 
7413 2030 1899 1926 3287 
7414 4050 3549 2925 3550 
7415 2118 2116 2117 4271 
7416 2839 3362 2707 3912 
7417 1523 1480 3352 3923 
7418 2549 2398 2498 3317 
7419 3186 2741 3136 3689 
7420 1850 3344 1848 4229 
7421 1493 3295 2763 3352 
7422 482 3299 501 496 
7423 2957 3327 3136 2741 
7424 3302 1960 1963 3597 
7425 2634 3177 3939 4091 
7426 4418 4015 2784 2805 
7427 3321 3384 1557 3558 
7428 1925 1903 1905 3770 
7429 1965 3924 4116 4223 
7430 3041 3083 2866 3793 
7431 2100 2076 2101 3744 
7432 840 3415 838 4203 
7433 2228 293 2272 3732 
7434 3443 2434 4065 2525 
7435 841 3848 842 4203 
7436 2458 2507 2455 3594 
7437 2639 3183 3450 3206 
7438 3643 4045 772 2700 
7439 3540 3775 336 3429 
7440 406 3767 2748 3960 
7441 3563 2693 2827 3579 
7442 2758 3066 2721 4253 
7443 3220 268 4032 1971 
7444 4537 506 3381 3815 
7445 3174 3516 3363 4271 
7446 2858 3940 3894 4008 
7447 3162 1612 3591 3751 
7448 4575 178 1555 5 
7449 1700 1779 1575 3170 
7450 1057 1058 1165 3602 
7451 3199 860 3638 859 
7452 2141 2145 2229 4207 
7453 4059 1749 3371 3948 
7454 746 3938 3288 4058 
7455 3086 3421 2845 3555 
7456 2265 3530 2151 3959 
7457 862 3232 1145 3880 
7458 1110 3674 3304 4010 
7459 3042 3705 3070 4314 
7460 489 3254 3562 3796 
7461 2108 2245 2244 3631 
7462 882 886 887 3218 
7463 2198 2053 295 3425 
7464 951 985 3792 3875 
7465 2918 2952 2690 3947 
7466 2716 3025 2789 3533 
7467 2091 3603 2088 4125 
7468 3698 1045 1221 1277 
7469 4378 2095 2096 2093 
7470 2852 3339 2851 4033 
7471 2739 3940 3060 3825 
7472 3229 1715 1794 3600 
7473 2992 2723 3514 3802 
7474 2312 3051 3754 4013 
7475 2752 2727 4087 4363 
7476 1677 1673 3318 3219 
7477 2675 3027 3628 3702 
7478 4049 4383 3397 3175 
7479 772 3643 2700 3814 
7480 2715 463 4151 3636 
7481 2682 3067 2847 4119 
7482 2890 3009 2701 3161 
7483 2706 2903 3145 2745 
7484 2829 3390 2767 4352 
7485 4532 531 3595 4455 
7486 3199 3493 2778 4126 
7487 4439 2916 565 538 
7488 2705 3259 3364 3537 
7489 3309 3378 4311 1837 
7490 2720 3054 3480 4064 
7491 2641 3630 3177 4091 
7492 1129 2880 3089 3624 
7493 2987 3035 2874 3805 
7494 3059 3418 3240 4203 
7495 3736 2515 3334 3700 
7496 3227 3411 2697 4282 
7497 1067 3473 3357 4187 
7498 1927 1904 1974 3153 
7499 3694 4232 4007 2340 
7500 3216 3518 3207 3793 
7501 950 3806 951 4086 
7502 3126 3469 1148 4104 
7503 3221 933 1253 3809 
7504 367 2540 2396 4404 
7505 368 369 2391 3930 
7506 1498 3038 3822 4056 
7507 3060 3256 4247 3940 
7508 1535 2822 4403 2730 
7509 3164 3216 2732 3665 
7510 2607 2380 2534 3641 
7511 3192 357 2585 4258 
7512 1981 3682 1819 3683 
7513 3544 2798 2769 4361 
7514 3218 3304 886 4044 
7515 2955 3365 3331 4077 
7516 3390 4422 3977 4232 
7517 2866 3199 3493 3610 
7518 2097 2060 309 3758 
7519 1596 1593 1595 3492 
7520 4362 3428 3484 2972 
7521 353 3829 3967 4152 
7522 2722 3433 3723 4136 
7523 3527 2606 3095 2494 
7524 2995 3902 2694 3979 
7525 2538 364 2541 3289 
7526 4554 461 2740 392 
7527 2531 2384 2530 3667 
7528 2808 2843 1514 2919 
7529 2185 3500 2091 4184 
7530 1060 3179 1126 1131 
7531 3378 1998 4084 250 
7532 1304 1453 1266 3050 
7533 2610 4525 617 3205 
7534 842 3739 3383 4208 
7535 951 3792 3052 3875 
7536 2724 2797 3342 3626 
7537 4575 178 4329 1555 
7538 1688 1786 1691 3133 
7539 4427 2911 2754 2931 
7540 823 1223 1367 3675 
7541 2787 3579 2693 3935 
7542 2559 2451 2449 3649 
7543 856 3756 3199 3880 
7544 3374 4007 3389 4231 
7545 3491 4049 2777 3333 
7546 2725 3379 3070 4146 
7547 1953 1943 1875 3606 
7548 3698 1045 1277 3560 
7549 2747 3633 3704 4112 
7550 1361 940 1318 4413 
7551 3863 875 3897 4238 
7552 3052 3353 951 3875 
7553 418 447 2893 4172 
7554 1845 3616 1843 4031 
7555 2188 2175 2177 3209 
7556 2666 3080 3502 3714 
7557 836 3666 3415 3834 
7558 3012 2826 3750 4167 
7559 2687 3537 3415 3782 
7560 249 4601 4566 18 
7561 2937 2938 736 4183 
7562 519 3636 495 3855 
7563 2235 2184 4538 2061 
7564 2781 2853 3553 4043 
7565 3496 3839 3684 4146 
7566 859 858 857 3199 
7567 2875 4181 2686 4410 
7568 2942 2981 3258 3461 
7569 2126 2123 3507 3908 
7570 3437 2765 582 4406 
7571 3408 3149 1957 3891 
7572 3710 3775 2702 4205 
7573 1776 3609 1765 3219 
7574 2977 3449 3356 3468 
7575 2405 3905 3351 3967 
7576 3310 867 871 3863 
7577 3467 918 4117 1224 
7578 3661 3394 1428 4083 
7579 2707 3331 3365 4077 
7580 3178 3495 2739 3825 
7581 2686 3132 2823 4249 
7582 3301 3663 3236 4350 
7583 254 1949 1824 3964 
7584 2131 3423 2128 4292 
7585 220 219 1686 3832 
7586 3943 2684 3111 3288 
7587 3220 268 1971 267 
7588 2750 3902 2995 3979 
7589 3166 3361 1321 3746 
7590 4166 1229 4120 3662 
7591 2754 2932 2931 3094 
7592 1173 4017 3546 4262 
7593 3144 3285 2966 4156 
7594 3779 884 915 3950 
7595 1662 1664 3147 4379 
7596 1570 1800 1790 3625 
7597 2829 2999 4352 2767 
7598 1831 3745 2015 4336 
7599 2124 2127 2126 4292 
7600 4443 2946 390 2815 
7601 2953 3253 2890 3354 
7602 2683 3173 2998 4052 
7603 305 2057 306 4072 
7604 3351 2390 4043 3553 
7605 2959 2713 3360 4044 
7606 1872 1871 1870 4198 
7607 2591 355 2397 3829 
7608 2405 3022 2426 3553 
7609 3072 3777 2915 3976 
7610 2715 2804 2791 3949 
7611 2675 3027 3702 3882 
7612 2811 2862 2764 4171 
7613 2921 2979 3471 3470 
7614 2614 2394 2528 3109 
7615 2865 3014 2724 3348 
7616 2513 378 377 3659 
7617 3136 3186 3698 2955 
7618 2988 2990 2989 3463 
7619 1133 4320 4204 1061 
7620 2799 2944 3213 3215 
7621 2957 3601 3327 3015 
7622 965 3706 4092 4118 
7623 3636 3855 2843 4224 
7624 2875 3026 2686 3952 
7625 3550 1102 1025 3371 
7626 3612 1866 1864 1867 
7627 3074 3200 4170 2875 
7628 2199 3075 2066 3690 
7629 3160 2166 3358 2189 
7630 3384 4045 770 4237 
7631 3166 3361 2723 3514 
7632 1760 1694 3162 3188 
7633 4097 3016 2847 3312 
7634 3191 3268 4261 4132 
7635 4428 549 2738 4527 
7636 3422 1876 2014 3658 
7637 3650 298 3788 2217 
7638 3428 3872 402 4130 
7639 2056 2248 2209 3692 
7640 3228 376 2543 375 
7641 1622 1628 1625 4325 
7642 1432 1142 3223 3998 
7643 3021 3206 3663 4163 
7644 3524 3385 4013 3862 
7645 3526 4364 2845 3866 
7646 1661 1720 3407 3941 
7647 2697 3227 3193 3411 
7648 2695 2804 2691 3796 
7649 2682 3067 2836 3687 
7650 2409 378 2513 3292 
7651 2806 2909 2726 2980 
7652 3809 1424 4020 1084 
7653 2996 3179 2840 4146 
7654 1541 4104 3469 4169 
7655 253 3743 3000 3945 
7656 2631 3259 331 3444 
7657 2817 3629 2350 4183 
7658 373 374 2525 4274 
7659 288 2199 2066 3690 
7660 1896 1923 1898 4374 
7661 3136 3560 2957 2955 
7662 3162 1612 3751 1611 
7663 3285 1813 276 3725 
7664 2337 2731 2345 3694 
7665 2809 3616 3030 3945 
7666 3421 3446 1076 3801 
7667 3054 4008 3221 4064 
7668 1673 1671 1672 4339 
7669 2997 3662 3552 4209 
7670 3992 4017 3546 2959 
7671 2391 3930 3575 4270 
7672 1161 1470 815 3446 
7673 3038 3710 3295 4296 
7674 3195 2827 3431 4383 
7675 3259 3502 3364 3840 
7676 3540 3775 3429 2680 
7677 2939 3440 3364 3537 
7678 3420 3798 2842 3799 
7679 302 2056 303 3761 
7680 3403 3454 3178 3630 
7681 3286 3981 3665 3580 
7682 2684 3284 3130 3288 
7683 2513 2518 3171 3783 
7684 3060 3825 2645 4054 
7685 2879 3335 2985 4018 
7686 62 4537 1284 1088 
7687 3093 3481 3188 2728 
7688 3125 1075 3605 4392 
7689 1915 2022 1916 3406 
7690 2053 3425 2198 3479 
7691 2720 3382 3077 3976 
7692 3447 4521 2238 2239 
7693 2885 3002 2807 3363 
7694 2590 2494 2523 3527 
7695 1261 1394 911 3418 
7696 2806 2909 2980 3273 
7697 2683 3496 3839 4052 
7698 504 4530 3866 3801 
7699 1890 1889 1888 3548 
7700 2885 2821 3103 2744 
7701 2405 2517 3905 3967 
7702 2634 3177 4091 2641 
7703 2644 4054 3838 4137 
7704 3178 3454 3177 3630 
7705 2358 3540 3429 3564 
7706 2146 2226 3261 3413 
7707 1601 1680 1776 3137 
7708 2889 2712 2966 3341 
7709 2751 3085 3320 4105 
7710 3815 4537 62 1088 
7711 2779 3135 2897 3148 
7712 2458 2455 2456 3626 
7713 3403 3740 3454 2870 
7714 777 3111 764 4106 
7715 427 2748 2942 2981 
7716 2541 2538 3289 3498 
7717 1012 988 1045 3291 
7718 2154 3405 3604 3873 
7719 2823 3132 2681 3619 
7720 1382 3431 1450 1383 
7721 2796 3326 3693 2868 
7722 3085 3142 2723 3686 
7723 2836 3620 3798 2682 
7724 1701 3147 1664 3520 
7725 3495 3825 2673 4060 
7726 875 877 3897 4238 
7727 4212 4284 3370 2870 
7728 1300 4416 4526 194 
7729 2809 3000 3743 3945 
7730 2810 3028 3301 3912 
7731 2870 2994 3113 3817 
7732 2158 2161 3442 3494 
7733 1632 1634 3203 3774 
7734 2678 3454 3403 3630 
7735 3978 3689 4291 3186 
7736 3004 3576 3103 4078 
7737 2683 3704 3173 4052 
7738 2708 2860 2821 3271 
7739 2471 2556 2474 3966 
7740 3125 3605 3130 4392 
7741 2074 293 292 3748 
7742 299 2216 300 3788 
7743 1609 3987 1608 4345 
7744 2799 4214 2801 4215 
7745 2161 3024 2277 3442 
7746 2704 3166 3072 3777 
7747 2685 3325 2841 4330 
7748 3295 3352 3822 4251 
7749 3437 582 2765 4254 
7750 2840 3379 2996 4146 
7751 835 3666 821 3815 
7752 249 4601 18 2042 
7753 1817 3945 3616 3743 
7754 725 3171 2829 3292 
7755 2889 3341 2966 3528 
7756 2880 3712 3349 3983 
7757 3080 3502 3364 4114 
7758 493 2715 499 3562 
7759 3072 3382 3324 3921 
7760 616 678 701 2831 
7761 1940 3637 1836 3725 
7762 1465 1354 1464 3674 
7763 1008 4061 3969 4414 
7764 1222 3844 3618 4276 
7765 2427 2490 2489 3334 
7766 2405 2426 3022 3905 
7767 196 2042 4601 4551 
7768 1817 3743 1852 3945 
7769 353 3861 3829 4152 
7770 2664 3939 3333 3971 
7771 3113 4284 2870 3817 
7772 2763 3295 3936 4217 
7773 3529 2924 3350 3640 
7774 2726 3862 2306 4013 
7775 2545 2395 371 4111 
7776 3620 3673 3018 4265 
7777 1986 1891 2028 3247 
7778 2697 2899 3227 4282 
7779 3148 2536 4001 4019 
7780 2042 4601 4551 4084 
7781 1918 1916 2017 3211 
7782 1129 3089 2880 3355 
7783 2633 2636 3165 3714 
7784 3310 867 3863 3962 
7785 3196 3206 2774 3552 
7786 3323 3621 3800 2827 
7787 277 1815 1855 3296 
7788 3232 3410 2994 4331 
7789 3745 3893 3190 3964 
7790 2521 3319 2508 3607 
7791 2776 3133 3049 3434 
7792 3405 3442 2158 4397 
7793 262 261 1969 3747 
7794 3462 3777 3746 4016 
7795 3021 3236 3301 3663 
7796 4232 3694 3073 4164 
7797 4121 4178 4349 2745 
7798 2639 3450 2631 4163 
7799 3385 3524 2972 3862 
7800 1407 3304 1203 3794 
7801 502 524 4131 4157 
7802 2905 3632 3711 4095 
7803 2789 3721 2790 4305 
7804 724 2738 704 549 
7805 3970 3288 3441 2734 
7806 3654 1938 2009 4198 
7807 2760 4002 3304 4267 
7808 2800 3925 3592 4266 
7809 18 196 2042 4601 
7810 1044 3156 1067 3473 
7811 3113 3410 1232 3817 
7812 647 3047 3300 2889 
7813 3354 2545 4335 2593 
7814 946 3510 1055 4319 
7815 2818 2801 3955 3092 
7816 980 3237 3843 4150 
7817 3060 4247 3256 2646 
7818 2415 3553 3226 4043 
7819 4455 4553 441 29 
7820 599 4428 2738 3754 
7821 2870 3454 3064 3904 
7822 2789 3533 3237 3843 
7823 3072 3382 3777 3976 
7824 14 154 2365 4546 
7825 1129 1081 1212 2880 
7826 3127 3240 2755 3418 
7827 2158 3442 3405 3494 
7828 250 249 4084 4098 
7829 2859 3040 2849 3868 
7830 3794 4068 2760 4334 
7831 2003 1864 3612 3803 
7832 4362 3428 2972 3872 
7833 2479 2476 2549 3730 
7834 330 3956 3301 4163 
7835 305 2215 2077 3769 
7836 3526 4364 3866 3911 
7837 2952 3197 3157 4116 
7838 1058 1165 2933 4317 
7839 4107 3387 3907 2684 
7840 4537 1284 1088 3381 
7841 2536 3148 2393 3635 
7842 3610 3962 4030 3083 
7843 372 2529 4275 4274 
7844 782 3943 3441 4237 
7845 2705 3364 3440 3537 
7846 3018 2741 3327 3168 
7847 2749 4439 2917 386 
7848 2864 3018 3689 3327 
7849 3154 2807 3363 3507 
7850 11 4600 4450 729 
7851 2749 3013 386 2917 
7852 2033 4067 3773 4116 
7853 1599 219 1568 3753 
7854 2064 307 2174 3769 
7855 2942 2981 2748 3258 
7856 2731 2793 2344 4303 
7857 2241 3567 3413 3749 
7858 2220 2219 2143 3749 
7859 1124 3036 1043 3842 
7860 1046 3361 3514 4117 
7861 1561 1707 3039 3532 
7862 2075 302 2222 3831 
7863 3183 3750 3574 3804 
7864 4421 2780 3049 2928 
7865 3220 266 3213 267 
7866 2900 3454 3064 3865 
7867 4173 3096 3317 3118 
7868 4428 549 4527 137 
7869 246 1586 247 3819 
7870 3746 1081 2880 1408 
7871 3967 4258 3185 3829 
7872 4428 2324 2738 3754 
7873 886 881 1203 3218 
7874 881 3475 880 3779 
7875 2053 3479 2269 4342 
7876 574 575 2829 4352 
7877 3501 1583 3685 240 
7878 3429 3540 2680 3936 
7879 3218 3360 887 3509 
7880 4232 3694 4164 2354 
7881 3137 3219 2803 3609 
7882 369 3305 370 3575 
7883 506 3381 3815 3995 
7884 1223 4075 3675 823 
7885 2213 3516 2212 3973 
7886 2528 2586 3122 3641 
7887 2972 3524 3737 3862 
7888 3363 2262 2123 2125 
7889 724 4527 2828 2738 
7890 2199 2052 2275 3270 
7891 4097 3499 3312 3338 
7892 2778 3060 3895 3940 
7893 2957 3974 3601 3015 
7894 3185 3298 2762 3999 
7895 3262 2071 4277 2219 
7896 2848 2885 2807 3174 
7897 2713 2959 3360 3722 
7898 2723 2905 3361 3632 
7899 1574 1605 1698 4069 
7900 1842 3616 3036 3743 
7901 1673 3489 1671 4339 
7902 3266 2469 3966 2605 
7903 675 3340 588 4088 
7904 3738 1075 3125 4392 
7905 2784 3104 3264 3525 
7906 3316 3369 2940 4129 
7907 1819 3297 1982 3683 
7908 2510 2581 3644 3781 
7909 440 2886 2728 2991 
7910 1088 4537 3381 3815 
7911 4230 2755 4364 3502 
7912 388 4421 2928 2780 
7913 3505 3619 3436 2852 
7914 2796 2818 3092 4215 
7915 1712 1645 1643 3984 
7916 4097 3016 3312 4048 
7917 2957 3560 3291 2955 
7918 2220 2143 2134 3642 
7919 2482 2496 2592 3347 
7920 4121 4349 4178 3392 
7921 2023 1884 2020 4290 
7922 352 353 2425 3351 
7923 1044 999 1027 3156 
7924 3698 4337 3560 1351 
7925 3646 2172 2258 2057 
7926 1157 3978 3797 4291 
7927 2717 4138 3666 3965 
7928 865 3662 3756 4250 
7929 664 4034 2889 4157 
7930 2277 3024 2163 3909 
7931 2020 1976 3105 3657 
7932 1604 1594 1605 4127 
7933 3136 3601 3560 4337 
7934 3524 4013 3385 3051 
7935 253 1852 3743 3945 
7936 2909 3401 3696 3065 
7937 882 878 881 3218 
7938 2162 3494 3160 4155 
7939 2687 3415 3537 4168 
7940 1560 1690 1792 3181 
7941 2628 3838 3403 4353 
7942 2871 3527 2760 2696 
7943 2734 1313 3134 3929 
7944 353 3351 3861 4152 
7945 4420 3866 3446 3381 
7946 3184 1781 3871 1582 
7947 875 1109 877 4238 
7948 4473 4538 205 2235 
7949 1673 1765 1671 3219 
7950 3048 2845 3421 3555 
7951 3182 955 956 954 
7952 3015 3221 3054 3809 
7953 1066 1110 3674 4044 
7954 3048 3421 2845 3593 
7955 2115 2211 3308 4244 
7956 3169 3234 3217 3988 
7957 1643 3984 1645 4393 
7958 2900 4216 3907 3387 
7959 1709 1570 235 3887 
7960 2088 3617 3603 4145 
7961 3551 3189 4274 4275 
7962 3080 483 3911 4114 
7963 2675 2923 3438 3726 
7964 3474 3812 2765 4406 
7965 4370 3604 2990 3405 
7966 4253 3542 2756 2965 
7967 2117 3322 2119 4271 
7968 2695 2987 2874 3521 
7969 3610 4030 3776 2732 
7970 1651 1778 3227 3411 
7971 3033 3251 2975 3613 
7972 3450 2631 3259 3502 
7973 2767 2902 3119 3517 
7974 1386 1108 4456 3133 
7975 2683 3704 3633 4112 
7976 2902 2954 1522 2767 
7977 848 847 3241 3731 
7978 2633 3165 3538 3714 
7979 2565 2611 3519 3896 
7980 1678 1675 1795 4110 
7981 1480 3352 3923 4124 
7982 4530 3866 3801 3446 
7983 2814 3325 3281 2762 
7984 2495 2486 2488 3653 
7985 1774 1780 1667 3436 
7986 3011 2826 3236 4241 
7987 2490 3334 2568 3780 
7988 3190 3466 3084 4223 
7989 759 23 3717 3935 
7990 4600 4450 729 4406 
7991 1836 278 3725 4037 
7992 1871 4177 1870 4198 
7993 2089 2101 3617 4145 
7994 3034 3506 3215 4308 
7995 2866 3199 3315 3493 
7996 2751 3324 2988 3724 
7997 1438 3561 1091 4276 
7998 3403 3838 2628 4054 
7999 1468 1131 1298 4266 
8000 2692 3187 3000 3881 
8001 3523 3601 3136 4337 
8002 3199 860 859 858 
8003 550 2805 2784 3104 
8004 2826 3206 3450 3750 
8005 1657 3505 3407 3640 
8006 895 4129 4022 4302 
8007 3580 3665 3041 3981 
8008 3381 1259 4204 3446 
8009 2521 3319 3527 4246 
8010 3026 4249 3307 2786 
8011 253 3945 3000 4189 
8012 2102 2101 3744 3909 
8013 3699 3738 2900 3985 
8014 2311 3754 4429 4347 
8015 2636 4053 3165 4230 
8016 2589 2593 3645 4335 
8017 2324 2738 3754 3934 
8018 2524 374 375 3263 
8019 4118 3843 4009 1397 
8020 2187 4461 3500 2247 
8021 2475 2473 2474 3490 
8022 3246 1894 4374 1920 
8023 2021 1821 1979 3157 
8024 1165 1329 1057 3602 
8025 3458 2387 3627 2579 
8026 3064 3897 2870 3904 
8027 2773 2912 451 3006 
8028 2699 3620 326 3862 
8029 427 2749 2981 3013 
8030 3420 3799 2842 3906 
8031 1831 2018 3745 3964 
8032 3378 1998 250 1837 
8033 2774 3082 3236 3888 
8034 2502 2563 2562 3608 
8035 3051 3960 3872 4088 
8036 908 3166 3462 3890 
8037 3307 1641 3984 1740 
8038 2812 3286 3933 4306 
8039 1226 3464 3975 4120 
8040 3331 3428 400 3853 
8041 3136 3327 2864 3689 
8042 759 23 3935 4197 
8043 2997 3196 2725 3493 
8044 2646 3256 3060 4137 
8045 2397 2896 2606 3298 
8046 2777 3130 3125 3605 
8047 3853 3365 3331 3028 
8048 1980 3157 1979 3683 
8049 2732 2951 3083 4030 
8050 438 2721 396 4130 
8051 3177 3454 2777 3907 
8052 2720 3244 3077 4247 
8053 2173 2076 286 3728 
8054 2690 2969 2941 3742 
8055 2897 3478 3445 3641 
8056 3343 4099 2692 4358 
8057 1246 1020 1096 3125 
8058 1723 230 231 3789 
8059 2170 2142 2241 3413 
8060 1481 2902 2767 2999 
8061 3296 278 3328 3725 
8062 3160 2166 2189 2162 
8063 2404 2550 2604 4256 
8064 1757 1694 1760 3188 
8065 3012 3574 3241 3750 
8066 421 2802 3392 4029 
8067 2695 3128 2987 3521 
8068 1629 1630 1631 3203 
8069 2411 156 4573 4584 
8070 2628 3178 3403 4054 
8071 3470 1731 3887 237 
8072 2693 2787 3463 3579 
8073 2181 2176 2182 3142 
8074 4445 3608 3001 2863 
8075 3037 3322 2980 3697 
8076 2276 2155 2158 4397 
8077 2674 3021 3584 4241 
8078 4232 3694 2354 2340 
8079 3977 150 151 2339 
8080 3453 2850 3065 2942 
8081 242 243 1697 3845 
8082 2972 3910 3385 3620 
8083 1576 1789 1700 3229 
8084 3009 2907 3267 3399 
8085 4118 3843 1397 979 
8086 1249 3731 849 845 
8087 558 2828 2766 3079 
8088 1207 4132 3473 4187 
8089 2972 3910 3620 3799 
8090 3374 3389 2701 4231 
8091 2314 3862 2726 3824 
8092 3305 2544 4404 369 
8093 4538 3355 4473 1117 
8094 3287 3400 2918 3770 
8095 3127 4204 3418 4320 
8096 2840 3214 2996 3379 
8097 2831 3260 3112 3652 
8098 441 2991 3764 2759 
8099 1960 1959 3597 3598 
8100 4373 2925 2926 3778 
8101 3042 3633 2683 3704 
8102 3000 3881 2809 4099 
8103 2954 3119 3043 3644 
8104 2736 3077 3324 4327 
8105 616 2831 701 2898 
8106 2702 3157 2952 3197 
8107 2820 3228 2938 3659 
8108 2835 2865 3348 3388 
8109 2957 3136 2955 2741 
8110 3665 3766 3793 3041 
8111 472 3210 60 4466 
8112 2527 2495 2528 3780 
8113 596 3107 3672 3885 
8114 4429 2311 136 3754 
8115 636 2733 720 2945 
8116 2821 3271 2860 2745 
8117 3738 4216 3985 3284 
8118 531 3595 4455 3764 
8119 2719 3540 3429 3936 
8120 1069 1043 1124 4098 
8121 2799 2944 2801 3213 
8122 2699 326 3620 3488 
8123 3136 2864 3523 3797 
8124 2754 2970 570 3923 
8125 3940 4008 2858 3054 
8126 1084 4020 3809 4250 
8127 4454 175 176 1547 
8128 4212 4284 2870 3113 
8129 1242 2729 3089 3123 
8130 1212 1081 1408 2880 
8131 2103 2058 4293 4372 
8132 1739 3307 1634 4313 
8133 2181 2182 2204 3349 
8134 4182 3562 489 3254 
8135 2900 3064 3454 3699 
8136 3182 955 954 3806 
8137 406 2850 3767 4190 
8138 3084 3924 3248 4191 
8139 2413 380 4522 3541 
8140 4466 3210 1380 3238 
8141 1483 2874 2854 2929 
8142 132 2313 4562 4475 
8143 1649 1646 1648 4393 
8144 2735 3030 3409 3742 
8145 3855 4131 524 4157 
8146 2972 3524 3385 3872 
8147 3697 2258 4243 2232 
8148 4471 1005 2278 3455 
8149 2975 3251 2914 3613 
8150 1693 1610 1608 3163 
8151 1249 3731 845 3848 
8152 2191 2168 2166 3358 
8153 4250 3880 4020 3101 
8154 259 4191 3924 4223 
8155 1043 3036 4098 4201 
8156 2848 4562 2805 2313 
8157 3686 3921 3324 2847 
8158 2735 2809 3409 3030 
8159 1764 226 1558 3345 
8160 2695 2691 3599 3796 
8161 2466 2583 2603 4071 
8162 2827 3175 3889 4383 
8163 3108 330 3542 2756 
8164 2848 3045 2885 3174 
8165 3501 242 3879 1766 
8166 2695 2874 3131 3521 
8167 3395 3907 3387 4300 
8168 2569 4584 4573 3171 
8169 2790 3893 2789 3997 
8170 3643 772 4045 771 
8171 2897 3135 3063 3192 
8172 1043 3036 1124 4098 
8173 3130 3125 3738 3907 
8174 4539 1547 3321 1477 
8175 3147 3584 2803 3791 
8176 2783 3208 3305 4275 
8177 2631 331 3259 3502 
8178 3496 4304 3684 2788 
8179 241 1702 240 3845 
8180 1861 3087 1857 3556 
8181 4475 2848 3003 4225 
8182 1897 1898 1899 3899 
8183 967 3237 4118 976 
8184 2843 2868 3855 2730 
8185 575 3390 2829 4352 
8186 3383 3848 3731 3059 
8187 1807 2033 2013 3773 
8188 2806 3824 2962 4042 
8189 3905 3351 2950 3022 
8190 2939 3259 3537 3364 
8191 2996 3379 2725 4146 
8192 2683 3980 3704 4112 
8193 648 3257 2889 3300 
8194 1071 1008 1327 3969 
8195 3863 875 4238 1255 
8196 2675 2923 3726 3882 
8197 3239 221 1708 3832 
8198 3305 3575 3120 4275 
8199 1528 1481 2767 2999 
8200 2513 3171 3292 3372 
8201 408 2888 2850 4190 
8202 4120 1229 885 1452 
8203 412 2912 2913 3294 
8204 2755 3450 3259 3502 
8205 271 1823 272 4332 
8206 2163 3024 3076 3909 
8207 3419 499 2715 3796 
8208 2900 4216 3387 4411 
8209 1021 3409 3268 3808 
8210 2686 3299 3132 3678 
8211 3346 2760 3126 4334 
8212 2715 3562 3254 3796 
8213 2444 2511 3639 3644 
8214 2682 3324 3382 3921 
8215 4573 155 156 2411 
8216 2835 2679 2883 3915 
8217 338 4007 3374 4231 
8218 1567 191 4456 1743 
8219 1567 4456 1691 1743 
8220 1504 2904 3007 3014 
8221 1034 3669 3121 1013 
8222 2021 3157 1980 3197 
8223 2718 3705 3438 3766 
8224 176 1553 4536 1519 
8225 3779 884 3950 880 
8226 2687 3259 3537 3782 
8227 2240 3707 2107 3765 
8228 951 3806 3052 4086 
8229 3343 3706 1176 4358 
8230 982 980 3843 4305 
8231 2569 4584 3171 2617 
8232 2739 3776 3740 4054 
8233 4362 3428 3872 403 
8234 3192 2406 358 4096 
8235 2681 3132 2823 3299 
8236 2726 3960 4005 4102 
8237 359 358 4096 4375 
8238 3186 3698 2955 3876 
8239 3244 3940 3825 4247 
8240 1249 3418 1326 4063 
8241 569 2738 704 2867 
8242 323 3563 3579 3935 
8243 892 3113 3914 4022 
8244 2452 2559 3043 3645 
8245 1061 3446 1322 3593 
8246 3310 3817 870 3962 
8247 1592 1595 1593 4127 
8248 4512 4004 3718 1353 
8249 3511 1775 3184 4294 
8250 3346 3779 915 3950 
8251 2520 2562 2419 3700 
8252 1009 1351 1277 3560 
8253 3512 1868 3612 3803 
8254 2742 3147 3584 4344 
8255 4534 1353 3 162 
8256 2713 3010 3999 4002 
8257 2431 3482 3847 2441 
8258 2674 3021 3301 3956 
8259 3535 1881 1880 3818 
8260 636 2733 2945 4143 
8261 4542 3133 1786 3274 
8262 2023 2020 3105 4290 
8263 3241 3574 4063 3430 
8264 2777 3454 3178 3740 
8265 4534 4004 1353 162 
8266 2847 2704 3420 3712 
8267 2673 3178 2643 3825 
8268 4430 4536 2743 3860 
8269 2436 2437 2575 3847 
8270 3727 4462 1567 1777 
8271 3702 2923 3882 3191 
8272 844 3383 842 3848 
8273 3148 4409 4375 2393 
8274 2677 3878 3244 3976 
8275 2732 3403 3972 4030 
8276 1762 1758 3251 3350 
8277 1139 3133 2776 3504 
8278 3972 4245 2951 4252 
8279 2763 2932 1491 2882 
8280 2857 3474 4210 4213 
8281 3113 2994 3776 3895 
8282 2997 3552 3196 4209 
8283 2848 2733 3045 3439 
8284 1096 3370 3125 4061 
8285 962 1460 1396 4027 
8286 2622 2556 2472 4401 
8287 3190 3373 2794 3466 
8288 1323 1288 3797 4337 
8289 3189 3263 3551 4274 
8290 368 369 3930 4404 
8291 3130 2777 3491 3605 
8292 353 3967 3829 354 
8293 2739 3940 3825 3244 
8294 843 844 842 3848 
8295 2330 3755 2708 3762 
8296 2720 3673 3077 4265 
8297 2592 2594 3566 4001 
8298 922 3509 3360 3985 
8299 2685 2841 3325 3346 
8300 3406 1942 3543 4186 
8301 1640 1635 3057 4269 
8302 664 721 649 2889 
8303 2723 3320 2992 3467 
8304 310 309 2060 2917 
8305 502 4555 4131 319 
8306 3397 1074 4061 1327 
8307 4454 4536 1519 176 
8308 1296 866 3817 4331 
8309 350 3992 4043 4262 
8310 4118 3843 3237 3031 
8311 2606 2494 2506 3095 
8312 1807 3773 2010 4223 
8313 1601 3778 3137 4059 
8314 3527 2606 2494 2523 
8315 1232 3113 3817 3914 
8316 2028 1971 1828 3916 
8317 2918 3994 2819 4100 
8318 4487 1835 200 2005 
8319 309 2917 310 4293 
8320 943 1372 1132 3699 
8321 3173 3019 3881 4359 
8322 2404 3375 2553 3635 
8323 2702 3703 3704 4239 
8324 513 3086 3526 4182 
8325 1618 3335 1621 4018 
8326 3015 3826 3480 4064 
8327 755 3811 4197 3235 
8328 2740 421 3392 392 
8329 1681 3481 3819 245 
8330 3295 3429 2680 3936 
8331 2227 2254 2257 3261 
8332 4454 4536 4141 1519 
8333 1146 3823 3982 4020 
8334 2778 3207 3196 3493 
8335 1956 3408 3276 3590 
8336 4096 2398 3317 2548 
8337 1495 3295 3038 3994 
8338 1136 3996 1377 4083 
8339 1859 3570 1858 3803 
8340 2121 2119 3322 4271 
8341 2312 3754 2326 4013 
8342 2312 2310 2327 3934 
8343 3023 3337 3153 3949 
8344 2752 2833 2825 3009 
8345 837 838 4203 839 
8346 1066 1172 1173 2959 
8347 2720 4008 3054 4064 
8348 230 229 3613 4376 
8349 4428 2324 3754 2307 
8350 3342 2724 3626 3366 
8351 3024 3076 2798 3494 
8352 2964 3035 2918 3515 
8353 3737 3862 3524 3993 
8354 3251 1652 4179 3529 
8355 2774 3280 3101 4209 
8356 2861 3143 2802 4029 
8357 2358 3564 3429 3694 
8358 4350 2741 3365 3028 
8359 2996 2840 3850 4260 
8360 2077 2260 304 3831 
8361 3664 2330 323 3717 
8362 2384 3575 2529 3667 
8363 1903 1901 1902 3899 
8364 3687 2847 3067 3724 
8365 939 3666 836 3834 
8366 2870 3113 2994 3776 
8367 3723 3854 3291 4185 
8368 3345 1733 227 3884 
8369 3901 1730 1653 1805 
8370 2787 3169 3145 3234 
8371 2558 2457 2593 3253 
8372 3272 1079 3624 3746 
8373 1939 1988 1870 4188 
8374 4 96 4535 811 
8375 3428 3484 2972 3737 
8376 3507 2120 4271 3363 
8377 2667 4060 3333 4255 
8378 3347 2484 2496 3653 
8379 2642 3178 2673 4255 
8380 3143 3269 2873 3732 
8381 2951 3897 3310 3972 
8382 2848 4562 2313 4475 
8383 1606 1609 1698 4279 
8384 450 3186 3331 3876 
8385 1142 994 1391 3997 
8386 4118 4009 4162 3772 
8387 890 888 1248 3370 
8388 2664 3333 3939 4255 
8389 2820 548 2829 725 
8390 2760 3794 3325 4267 
8391 1231 1423 1067 4187 
8392 2806 2962 2909 3273 
8393 3315 3756 854 3927 
8394 3398 1794 4341 1669 
8395 3271 2744 4365 4259 
8396 489 3562 499 3796 
8397 1656 3505 3640 3922 
8398 3181 1686 1690 3946 
8399 4439 2916 538 2749 
8400 1273 1131 1468 4266 
8401 2094 3264 2109 4378 
8402 4539 4435 1477 3384 
8403 1008 3969 1071 4414 
8404 2779 2935 2679 4369 
8405 3673 3862 3620 3993 
8406 2789 3893 3223 3997 
8407 439 438 402 3340 
8408 3063 3135 2897 3395 
8409 136 137 4428 2307 
8410 2760 3126 2871 2696 
8411 3085 3160 3076 4155 
8412 3346 2760 4334 3794 
8413 2105 2253 3837 4244 
8414 2442 2446 2433 3903 
8415 850 848 847 3241 
8416 3311 3412 3167 3920 
8417 4535 4457 811 96 
8418 1966 2021 4067 4116 
8419 2458 3594 2455 3626 
8420 2604 2551 2499 3596 
8421 262 1833 261 3682 
8422 1594 3492 1605 4127 
8423 692 4422 4164 547 
8424 3414 2480 2481 3931 
8425 1657 3407 1655 3640 
8426 4258 3829 355 2591 
8427 1074 1327 1008 4061 
8428 1818 269 1961 4135 
8429 3329 3012 3574 4063 
8430 2053 2272 294 3425 
8431 2137 3243 3988 4297 
8432 176 1519 4454 1547 
8433 3268 3409 2735 3808 
8434 327 4013 3524 2312 
8435 1642 1644 1770 4386 
8436 3430 1466 4089 1202 
8437 979 3237 3843 980 
8438 363 362 3289 3290 
8439 2778 3196 3480 4209 
8440 4454 1547 1519 4141 
8441 2315 4428 137 2307 
8442 2731 2719 3352 4217 
8443 2689 3538 3522 3589 
8444 3310 873 3904 3897 
8445 3226 4463 3230 2608 
8446 359 4096 360 4375 
8447 967 3237 1150 4358 
8448 2226 3040 3261 3413 
8449 3351 2390 3553 2425 
8450 1102 2925 3550 3669 
8451 390 2815 2744 3622 
8452 3559 3758 3053 4240 
8453 2680 2819 3295 4153 
8454 2739 3178 3825 4054 
8455 2837 3902 2995 4025 
8456 1845 3204 3616 4031 
8457 783 3195 791 3811 
8458 3310 3904 4284 2870 
8459 2897 3148 3135 3478 
8460 908 3462 3166 3746 
8461 3268 1301 1367 3675 
8462 2686 2875 3952 4181 
8463 3240 3418 1261 4203 
8464 1994 4487 1835 3655 
8465 3775 3705 3438 3042 
8466 2826 3552 3206 3750 
8467 1761 1693 1694 3768 
8468 2843 2868 2730 3097 
8469 4418 2784 550 2805 
8470 2771 2883 2770 3432 
8471 3128 3677 3337 4336 
8472 2870 3310 3897 3972 
8473 2845 3367 3165 4160 
8474 3051 3872 3340 4088 
8475 4539 805 740 3321 
8476 3509 3699 2900 3985 
8477 2416 2418 2415 4405 
8478 3650 298 2217 297 
8479 2830 3189 3551 4275 
8480 1219 4039 3854 4136 
8481 3710 2855 2819 2680 
8482 1470 1161 1076 3446 
8483 288 287 3499 3508 
8484 1042 978 1278 3592 
8485 2725 3574 3183 3750 
8486 1710 3033 1707 4047 
8487 2996 2725 3574 4146 
8488 3130 3284 2684 3907 
8489 2776 3965 3238 4138 
8490 2261 2219 2220 3250 
8491 2170 2226 2144 3413 
8492 4425 3391 2000 4593 
8493 1033 3371 1103 4373 
8494 2944 3668 2801 3719 
8495 500 3086 4182 4222 
8496 1460 960 3706 3176 
8497 2602 2566 2567 3139 
8498 2866 3315 3199 4103 
8499 3142 3632 2723 3686 
8500 3172 2931 1490 2932 
8501 958 962 957 3176 
8502 2934 3030 3409 3616 
8503 2717 3339 2852 4033 
8504 2706 3145 2860 2745 
8505 1994 1835 4487 2005 
8506 2953 2954 2752 3253 
8507 2476 2477 2475 3931 
8508 3661 3544 3394 3235 
8509 3529 2924 3640 3081 
8510 3403 3740 3776 4054 
8511 286 2068 287 3709 
8512 2593 2400 2596 3354 
8513 1684 1760 3591 4041 
8514 3036 3616 2809 3743 
8515 209 4545 4590 2252 
8516 2350 2938 2817 4183 
8517 2892 2776 3965 4172 
8518 1844 4031 3616 4318 
8519 3185 3387 2950 3722 
8520 2841 3218 3865 4267 
8521 3192 2406 4096 4109 
8522 3216 3705 2718 3766 
8523 3272 2864 3797 4081 
8524 338 3374 4007 3062 
8525 3933 915 3346 1294 
8526 1189 1230 1440 3615 
8527 3232 3823 1145 4020 
8528 2968 3408 3092 4135 
8529 1212 1408 1099 4095 
8530 575 2829 3390 3977 
8531 3373 3533 2794 4400 
8532 2778 3232 3101 3054 
8533 3978 3689 3186 3136 
8534 3254 3589 3538 2689 
8535 2564 2563 2502 3607 
8536 2073 3748 2225 3868 
8537 1311 3421 1076 3801 
8538 2116 2115 3308 4244 
8539 2078 2192 2193 3338 
8540 674 4531 4164 3923 
8541 2785 2987 1513 3419 
8542 3196 2774 3427 3480 
8543 3310 873 3897 871 
8544 960 4092 3706 3176 
8545 3131 2015 3521 1912 
8546 2097 3680 2060 3758 
8547 2890 2953 2752 3253 
8548 2762 2897 3387 3395 
8549 3702 2923 3191 2788 
8550 3349 2880 3983 4286 
8551 2950 3905 3022 3970 
8552 2752 2727 3389 4087 
8553 505 3796 3599 4384 
8554 2514 3319 3861 4257 
8555 4457 751 795 3622 
8556 3291 3121 4080 4185 
8557 2614 3109 2528 3780 
8558 2143 2221 2137 3243 
8559 3059 3848 3418 4203 
8560 2218 3567 2241 3749 
8561 4416 1788 1585 3371 
8562 3792 3214 3041 4319 
8563 860 3232 3199 3638 
8564 2826 3450 3021 3691 
8565 3126 4068 1072 4334 
8566 2693 3544 3293 3235 
8567 2134 2132 3642 4297 
8568 1990 1995 1846 4066 
8569 2333 4139 3474 3812 
8570 3433 4039 1349 4136 
8571 3496 4304 2788 3182 
8572 1875 1874 1876 3759 
8573 1147 1148 1072 3126 
8574 2027 2022 1915 3222 
8575 3407 3505 1657 4011 
8576 2996 3214 2840 4260 
8577 3196 3256 2778 3480 
8578 899 1222 904 3844 
8579 4545 4590 2252 2281 
8580 1377 3996 1111 4083 
8581 1644 1642 1643 4393 
8582 2755 3367 3127 3804 
8583 1101 3191 3353 4036 
8584 3272 1350 4291 4356 
8585 2644 3060 2645 4054 
8586 2819 3710 3295 3994 
8587 2835 2865 2724 3348 
8588 4367 256 1822 2010 
8589 3285 2011 3919 4156 
8590 329 328 3542 3934 
8591 282 4500 3233 2086 
8592 265 3213 1810 3506 
8593 2823 2737 4199 4268 
8594 3536 2447 3903 2448 
8595 3199 2778 3610 3895 
8596 3457 2815 2946 3056 
8597 3403 3776 4137 4054 
8598 2580 2574 2611 3519 
8599 1109 875 1255 4238 
8600 854 3756 3315 4103 
8601 3223 3421 1309 3424 
8602 1728 1729 1793 4165 
8603 967 3237 4358 3706 
8604 2762 3063 2897 3395 
8605 4545 4590 3603 1357 
8606 1172 1066 1110 3674 
8607 3822 3968 1498 4056 
8608 3334 2515 2489 2426 
8609 4132 3702 3882 3191 
8610 1526 3468 4108 4169 
8611 2737 3251 2993 3314 
8612 2260 2125 2222 4412 
8613 3157 3197 2855 3683 
8614 2933 3313 4219 2792 
8615 3017 3889 3561 3996 
8616 2866 3041 3510 4012 
8617 3072 3976 3802 4105 
8618 3970 4093 3109 2734 
8619 2726 3385 2699 3862 
8620 2737 2993 2681 4172 
8621 2723 3514 3361 4117 
8622 3004 3103 2943 3330 
8623 2789 2716 3223 3893 
8624 540 4423 2754 3923 
8625 330 3444 2697 3956 
8626 2120 3363 2212 3516 
8627 777 764 3111 3944 
8628 2751 3320 3085 4076 
8629 3108 2786 3227 2697 
8630 2225 2226 2073 3868 
8631 41 3 4534 1353 
8632 3051 3754 3368 4088 
8633 2845 3086 3526 3801 
8634 2639 3206 3450 4163 
8635 1656 1658 3505 3922 
8636 878 3475 3218 4272 
8637 3889 1237 1092 1179 
8638 256 3190 257 3466 
8639 1416 3241 4063 3430 
8640 2250 2261 3696 4277 
8641 1810 3213 1963 3597 
8642 2089 2100 2101 4145 
8643 4590 2281 2086 2252 
8644 917 1407 1203 3794 
8645 2790 3025 2895 3721 
8646 2720 3018 3673 4265 
8647 3285 2011 4156 275 
8648 2073 2224 3152 3567 
8649 701 678 682 2831 
8650 1021 3268 997 3808 
8651 460 3238 4583 4226 
8652 3286 3665 3981 2812 
8653 3165 4160 2800 4242 
8654 2926 3433 2722 4039 
8655 2714 4224 3855 4273 
8656 4118 4009 3772 1341 
8657 4042 2813 3824 2962 
8658 2732 3083 3665 3793 
8659 1614 1613 3359 3885 
8660 209 4545 2252 208 
8661 841 3418 4203 1261 
8662 2553 3375 3388 3635 
8663 3052 3214 3792 4086 
8664 2638 3183 2639 3206 
8665 2164 3076 3494 4155 
8666 3403 3776 3740 2870 
8667 2687 3691 3259 3782 
8668 3166 3686 3072 3802 
8669 3628 3702 3027 4395 
8670 2679 4045 3915 4237 
8671 1416 3241 3430 1461 
8672 2720 3894 3940 4008 
8673 262 3682 261 3747 
8674 3319 4002 2896 4246 
8675 2803 3584 3147 4344 
8676 337 3518 3216 3705 
8677 2778 3207 3493 3610 
8678 2449 2451 2450 3790 
8679 2942 2748 3065 3258 
8680 3251 1652 3529 1758 
8681 777 3944 3943 4237 
8682 1320 31 1 4583 
8683 3637 3257 3341 4188 
8684 2826 3082 3236 3552 
8685 2480 2594 2477 3566 
8686 3080 3714 2666 3911 
8687 2981 3013 2749 3053 
8688 1659 1657 3505 4011 
8689 4539 1477 3321 3384 
8690 2734 3676 3288 3937 
8691 2232 3697 3088 4243 
8692 3612 1866 1867 4188 
8693 3015 3280 3974 4394 
8694 2851 2803 3219 3489 
8695 3143 2065 291 2197 
8696 3232 1145 3880 4020 
8697 1975 3105 1976 3275 
8698 897 3618 3369 4129 
8699 1027 3156 999 3933 
8700 3890 3777 2915 3166 
8701 3206 3236 2774 3552 
8702 1779 3229 1789 4341 
8703 3878 3621 3618 2992 
8704 1212 2880 1408 4095 
8705 1952 3087 1861 3590 
8706 2752 2890 2727 2953 
8707 2600 2595 2490 3225 
8708 3241 4166 848 3731 
8709 2850 2942 2888 408 
8710 365 366 2546 3249 
8711 2490 2489 3334 3736 
8712 4378 2095 2093 3680 
8713 3445 2517 3967 3905 
8714 2959 3546 1173 4017 
8715 1902 1974 1904 3153 
8716 3306 4594 3786 2283 
8717 2900 4216 4411 3985 
8718 2774 3101 3480 4209 
8719 2755 3127 3418 3804 
8720 1032 3313 1058 3602 
8721 1768 1660 3695 3922 
8722 3315 3493 3199 4126 
8723 2058 2174 3457 3837 
8724 2889 2712 3341 2822 
8725 241 240 1732 3501 
8726 244 243 1757 3879 
8727 1725 233 1581 3820 
8728 2706 2787 2903 3874 
8729 4512 4534 1353 41 
8730 2659 3663 3206 4163 
8731 1714 1713 1774 3695 
8732 1023 894 1276 3316 
8733 1126 3430 3179 3850 
8734 908 1167 1321 3166 
8735 3496 3684 2840 4146 
8736 3241 3750 3574 2997 
8737 1482 2932 2931 2754 
8738 2685 2750 3374 4108 
8739 1853 3435 3245 4318 
8740 1647 1707 3033 3039 
8741 2701 3902 3374 4231 
8742 3232 3410 1270 3823 
8743 3727 4462 1777 3313 
8744 3388 2597 3635 4019 
8745 2998 4092 3182 3176 
8746 2835 2883 2679 3375 
8747 3441 3970 2734 4093 
8748 2438 2571 2610 3205 
8749 3108 2786 2697 330 
8750 2708 2330 3762 4195 
8751 3356 3374 2750 4108 
8752 4230 4364 2755 3367 
8753 924 1248 1096 3370 
8754 2247 2278 4471 1005 
8755 1871 1869 1870 4177 
8756 3018 2741 3168 3737 
8757 2154 3604 3405 3951 
8758 2314 3862 3824 326 
8759 3199 2778 3493 3610 
8760 1347 3126 1147 4154 
8761 1925 1905 2019 3515 
8762 2444 2443 3517 3701 
8763 2256 2066 2277 3075 
8764 500 3086 4222 3424 
8765 505 537 3599 3796 
8766 1941 3721 3378 4311 
8767 2717 3415 3537 3666 
8768 1790 1800 1735 3472 
8769 3614 1906 1905 4346 
8770 2812 3449 3766 4200 
8771 2836 3040 2910 3413 
8772 2900 3454 3125 3699 
8773 2603 2467 2464 3266 
8774 330 3301 2697 3542 
8775 2485 2484 2483 3816 
8776 218 4503 3212 1591 
8777 2841 3794 3325 3346 
8778 2759 2979 2978 2768 
8779 847 845 849 3731 
8780 2122 2210 3322 3787 
8781 3090 3145 2860 3530 
8782 4049 4307 3333 3491 
8783 2910 3250 2850 4102 
8784 2779 3135 2935 4107 
8785 2470 3348 2468 3989 
8786 1979 3158 1833 3683 
8787 1946 1945 3554 3637 
8788 4258 3829 2591 3298 
8789 1917 1929 1930 3211 
8790 31 1320 4226 4583 
8791 2337 4438 2731 4531 
8792 2643 3825 3178 4054 
8793 2628 3403 3630 4353 
8794 2897 3135 3192 3478 
8795 2697 2899 2786 3227 
8796 1621 1618 1619 3335 
8797 2721 3340 2758 4253 
8798 3904 4272 3699 3064 
8799 4583 3238 1320 4226 
8800 3219 3318 2851 3489 
8801 1771 3436 1667 3531 
8802 2593 3354 2596 3864 
8803 326 3077 3488 4140 
8804 3042 3070 3839 4314 
8805 3220 266 267 1828 
8806 2845 3801 3526 3866 
8807 4512 4004 1353 4534 
8808 2692 3533 3373 4400 
8809 3904 4272 3064 3897 
8810 3467 910 918 919 
8811 3144 2966 3326 4156 
8812 3022 3553 2853 4405 
8813 2925 3371 1102 3550 
8814 1318 898 900 3369 
8815 2754 2882 2932 3094 
8816 2126 3908 3507 4292 
8817 2386 3372 2513 3659 
8818 2889 3637 3528 3725 
8819 2508 2564 3607 4257 
8820 1771 3505 1658 3922 
8821 1727 1637 1785 3660 
8822 1534 1497 1533 3352 
8823 2033 1922 2013 4067 
8824 291 290 2078 3835 
8825 3458 4584 4417 2617 
8826 1221 3698 1345 4136 
8827 2713 3304 4002 4267 
8828 2687 3059 3739 3011 
8829 2723 3085 3686 4105 
8830 356 357 3478 4258 
8831 842 3383 869 4208 
8832 1129 1081 2880 3624 
8833 2870 3310 3817 4284 
8834 1113 1114 862 3232 
8835 1609 1606 1608 3987 
8836 2725 3750 3552 2997 
8837 559 713 4475 3003 
8838 2210 2130 3273 3787 
8839 2774 3888 3236 3168 
8840 1318 940 3369 4413 
8841 3086 3254 3538 4182 
8842 3618 3621 2940 4302 
8843 3106 2543 2445 2584 
8844 2700 3629 2834 3814 
8845 3044 3323 3495 4049 
8846 4539 4435 174 1477 
8847 2763 2932 2882 3149 
8848 3390 4087 2727 4363 
8849 4558 473 3419 4329 
8850 2183 3711 4286 2233 
8851 2817 2820 2338 2830 
8852 725 2829 2820 3292 
8853 3183 3367 2800 4053 
8854 1061 3127 3446 3593 
8855 2909 3065 3250 4102 
8856 720 2945 2733 4225 
8857 772 2700 3321 4141 
8858 4533 16 1355 171 
8859 1689 1801 1687 3434 
8860 2825 2701 3009 3161 
8861 85 4570 4588 1554 
8862 4097 2206 2168 4312 
8863 2760 2871 3050 3319 
8864 1554 4570 4588 3681 
8865 2629 3256 3196 3427 
8866 3743 3721 4101 3378 
8867 2700 3671 3643 4045 
8868 3053 3758 3525 4240 
8869 2535 2607 3148 4001 
8870 2733 636 4023 4143 
8871 1239 3286 1373 3580 
8872 2221 3243 2139 2137 
8873 3054 3809 3221 3982 
8874 1980 3197 3157 3683 
8875 2930 3172 1486 2822 
8876 2718 3438 3052 3766 
8877 2976 2922 432 2979 
8878 3868 2271 3338 3571 
8879 1203 3218 881 3779 
8880 2480 2482 2592 3347 
8881 278 1836 279 4037 
8882 1111 3996 3889 4083 
8883 1066 3674 2959 4044 
8884 3060 2858 3895 3940 
8885 3092 3058 4215 4214 
8886 2774 3168 3826 3015 
8887 1961 1957 1934 3891 
8888 1875 3535 1877 3606 
8889 2620 3498 2541 3581 
8890 3326 1978 3654 3657 
8891 2910 3250 2909 4046 
8892 1321 908 3166 3746 
8893 406 2850 2748 3767 
8894 1838 4574 3300 4510 
8895 986 1072 4068 4334 
8896 3258 2249 2202 2248 
8897 1301 3268 1381 1021 
8898 1269 1055 1315 4260 
8899 3109 3905 3445 3970 
8900 4531 3923 598 2731 
8901 2968 3568 3891 4135 
8902 2735 2941 3187 3435 
8903 2070 3338 2192 3835 
8904 2711 4113 2365 4389 
8905 1722 1763 1668 3926 
8906 3261 2157 3604 3067 
8907 2656 2652 3502 4114 
8908 2825 3356 2750 4173 
8909 3057 2786 3307 3396 
8910 3318 1678 4219 4110 
8911 1856 3094 1857 3586 
8912 85 4570 1554 6 
8913 920 3467 910 4276 
8914 3904 4272 3897 879 
8915 3357 1401 3875 3981 
8916 2649 3070 3705 4314 
8917 939 836 1214 3834 
8918 1829 3460 1975 4032 
8919 897 899 898 3369 
8920 4428 136 2307 3754 
8921 1870 1869 3612 4177 
8922 2845 3421 3086 3801 
8923 2898 3112 2901 3482 
8924 240 1703 239 3452 
8925 1049 1247 3738 4392 
8926 2885 2821 2744 2708 
8927 3241 4166 3731 4167 
8928 3779 884 880 883 
8929 1102 3550 1442 3669 
8930 435 403 3428 3484 
8931 2726 2699 3824 3862 
8932 4535 751 47 811 
8933 1557 3384 1539 3558 
8934 4428 2324 2315 2738 
8935 3002 3363 3103 3908 
8936 2462 2557 3399 3864 
8937 2169 2111 2113 3279 
8938 997 1021 1381 3268 
8939 1438 4276 1222 3618 
8940 2323 2726 4013 4144 
8941 188 4533 1355 4492 
8942 2715 463 3636 493 
8943 2735 3187 3030 3435 
8944 4524 3565 2572 4596 
8945 4492 4533 1355 3134 
8946 2996 3574 3179 4146 
8947 3464 3236 2957 4080 
8948 3779 884 883 915 
8949 2831 2937 2711 3260 
8950 1174 2959 4044 1066 
8951 3863 4012 3580 3083 
8952 519 4547 3636 3681 
8953 2880 3361 2704 3746 
8954 3131 2015 1912 1933 
8955 3054 4020 3232 3101 
8956 3467 920 919 991 
8957 3018 3689 3327 2741 
8958 2680 3540 2856 3936 
8959 3076 3160 3085 4076 
8960 4535 47 4 811 
8961 1133 4320 1061 1121 
8962 235 234 1709 3532 
8963 782 3441 3288 3938 
8964 2722 2926 2925 3137 
8965 3718 4004 2740 4038 
8966 2087 2088 2090 4145 
8967 1947 1990 1846 4186 
8968 3197 2918 3400 3770 
8969 2848 4562 4475 3003 
8970 3024 2769 2798 4361 
8971 385 3340 438 439 
8972 2915 3166 3072 3802 
8973 3131 3140 2874 3821 
8974 4473 2280 2235 4577 
8975 2120 3516 2118 4271 
8976 3173 3019 2735 3881 
8977 599 2738 569 3754 
8978 3147 3489 3520 2803 
8979 1374 3485 2854 4248 
8980 582 3812 4406 2765 
8981 1510 2987 2785 3035 
8982 2717 2986 3339 4033 
8983 2024 1925 1980 3197 
8984 1681 1682 1586 4041 
8985 2782 2817 2360 2830 
8986 2024 1925 3197 3770 
8987 4457 751 3622 4535 
8988 3029 3321 2835 3915 
8989 1805 1569 1706 4280 
8990 3996 920 3561 3467 
8991 2646 2647 3256 4137 
8992 3041 3665 3083 3793 
8993 3051 3754 3340 3934 
8994 2936 2794 2716 4112 
8995 1725 1581 1726 3920 
8996 2866 3846 3083 4012 
8997 1617 1619 1618 4345 
8998 3549 1749 4059 3948 
8999 2049 1923 2048 3459 
9000 2446 2442 3639 3903 
9001 2786 3026 3057 3307 
9002 4443 2946 2815 3056 
9003 1055 3214 3510 4289 
9004 3031 3843 3223 4009 
9005 2466 2603 3266 4071 
9006 2131 2264 2128 3423 
9007 2692 3706 3343 4358 
9008 1091 1333 1438 4276 
9009 2528 2394 2582 3641 
9010 734 3056 2815 3091 
9011 1061 3446 3127 4204 
9012 2840 3179 2996 3850 
9013 1144 1426 1084 4250 
9014 3048 3593 2845 4160 
9015 1354 3050 1453 3896 
9016 3710 2855 2680 4205 
9017 788 3288 4058 746 
9018 1264 1321 1100 3361 
9019 2826 3236 3206 3552 
9020 1797 1745 1588 3386 
9021 3536 2447 2448 2449 
9022 2233 3142 3711 4415 
9023 2176 2177 2175 3209 
9024 4469 4533 1355 171 
9025 4474 2733 4225 665 
9026 3377 1629 3203 4326 
9027 900 899 901 3844 
9028 1957 3408 1936 3606 
9029 504 3526 3801 3866 
9030 1183 842 869 4208 
9031 3811 4408 3431 3235 
9032 3321 3915 3029 4051 
9033 3736 2515 3700 2492 
9034 2870 3897 3064 3972 
9035 1963 3213 267 3568 
9036 3602 2792 4159 4385 
9037 307 308 3457 3758 
9038 3006 3229 2912 3600 
9039 2972 3910 3799 3767 
9040 3183 3070 4053 4146 
9041 2030 3287 1926 3400 
9042 3070 3684 3839 4146 
9043 2826 3731 3012 3059 
9044 3075 2173 2256 2066 
9045 3496 4304 3182 2840 
9046 4144 4298 3900 3368 
9047 3012 3574 3750 3804 
9048 2748 4005 3960 4102 
9049 1077 1288 925 3797 
9050 3160 3494 3076 4155 
9051 845 844 843 3848 
9052 2169 3279 2113 3765 
9053 3624 4016 4211 3272 
9054 3279 2246 2109 4193 
9055 2335 2711 2365 4183 
9056 2713 3304 3218 4044 
9057 2851 2852 4033 4168 
9058 1416 3241 1461 849 
9059 3821 2695 2895 3583 
9060 2812 3933 3156 4306 
9061 4428 2324 2307 2315 
9062 1214 836 838 3415 
9063 1304 1266 1019 3050 
9064 3002 3423 2860 3476 
9065 2685 3281 3325 4330 
9066 219 1599 218 3212 
9067 3165 3367 2800 4160 
9068 1661 1662 3941 4011 
9069 1354 1266 1453 3050 
9070 1509 3007 2904 2775 
9071 2718 3052 3438 3684 
9072 3015 3974 3601 4394 
9073 4123 4413 4008 3221 
9074 2026 3400 1980 3683 
9075 3098 3701 3517 3942 
9076 3196 3552 2774 4209 
9077 2982 3137 2803 3609 
9078 2035 1819 1958 3297 
9079 2728 2991 2886 3188 
9080 293 3425 2272 3732 
9081 4315 4095 4415 3455 
9082 2354 2358 2340 3694 
9083 3127 3367 2755 4364 
9084 2935 3290 3135 3635 
9085 504 3526 3866 3911 
9086 2822 3681 650 4157 
9087 1048 4006 3284 4333 
9088 650 2889 4157 649 
9089 2861 3744 3075 3508 
9090 1408 1100 1099 3361 
9091 3502 3714 3080 4364 
9092 1438 1222 4276 1333 
9093 2777 3491 3333 3939 
9094 2184 2180 3355 4415 
9095 2557 2461 2459 3267 
9096 582 4406 3812 562 
9097 1808 2049 1968 3151 
9098 1012 4136 3854 3291 
9099 3302 1962 3891 1964 
9100 1491 2754 2882 2932 
9101 1326 3418 3329 4063 
9102 3074 3200 2875 3511 
9103 1704 1624 1806 3828 
9104 1730 1653 1802 3660 
9105 4273 493 3636 495 
9106 2644 2628 3838 4054 
9107 2704 3632 3016 3686 
9108 688 2970 2731 3923 
9109 3878 3621 2992 2677 
9110 2163 3076 3024 3494 
9111 479 3080 4114 483 
9112 2908 2721 3066 3452 
9113 2864 3136 3689 3797 
9114 3475 3897 877 4238 
9115 1606 1605 1598 3376 
9116 455 2842 2729 2906 
9117 2614 2568 2394 3905 
9118 1391 981 3843 3997 
9119 2194 3868 3067 2254 
9120 1183 3739 842 4208 
9121 3245 3030 4031 4318 
9122 2732 3403 3164 3972 
9123 2509 3594 2530 3667 
9124 1771 3436 3505 3922 
9125 1958 1959 2035 3597 
9126 2112 2232 3088 4243 
9127 1609 1608 1610 4345 
9128 273 274 3634 4156 
9129 2939 3815 3666 4026 
9130 2704 3072 3686 3921 
9131 4469 4533 3134 1355 
9132 3665 3990 3164 3216 
9133 650 2889 649 648 
9134 701 2831 4430 2898 
9135 3173 2735 3019 3702 
9136 2455 2454 2456 3790 
9137 1023 3316 1276 4380 
9138 3473 4132 1208 3883 
9139 914 3523 3221 4081 
9140 3405 3604 2990 3951 
9141 1669 3147 1701 4341 
9142 3190 3084 3677 4223 
9143 3436 3619 2993 2892 
9144 3232 2994 3638 4331 
9145 2774 3427 3168 3663 
9146 2171 283 2082 3735 
9147 2256 3075 2277 3909 
9148 840 841 842 4203 
9149 3218 3865 3509 4272 
9150 2870 3776 2994 4030 
9151 2715 3419 2785 3957 
9152 755 3293 3235 4197 
9153 1269 4086 1055 4260 
9154 3241 1466 3430 1461 
9155 637 4143 4023 636 
9156 3012 3804 3750 3059 
9157 4097 3499 3338 2070 
9158 2052 2197 2276 3270 
9159 263 264 3506 4308 
9160 2120 2123 2125 3363 
9161 3809 1144 3280 4394 
9162 3378 2789 3721 4101 
9163 3168 3028 3737 2741 
9164 3491 4049 3195 3605 
9165 3465 2269 4035 4342 
9166 1848 3344 3570 4229 
9167 1956 1936 1811 3408 
9168 1323 1288 1077 3797 
9169 3863 4012 3083 3962 
9170 2052 2197 3270 3690 
9171 2994 3410 3113 3817 
9172 1400 3286 1239 4306 
9173 2130 2124 2210 3273 
9174 1881 1878 2016 3422 
9175 1248 3370 888 3904 
9176 2731 2970 2754 3923 
9177 866 3962 3817 4331 
9178 4532 28 27 464 
9179 2794 3704 3703 4400 
9180 2819 2855 2702 3197 
9181 3241 1466 1461 850 
9182 4478 1425 36 4587 
9183 2708 3664 2330 4195 
9184 4587 4478 1425 3186 
9185 2763 3352 3295 4217 
9186 4049 4383 3175 2827 
9187 1300 4416 194 1016 
9188 2810 2697 3068 3301 
9189 4587 1425 36 817 
9190 252 3378 3721 3743 
9191 2527 3122 2496 3653 
9192 2753 3394 3869 4361 
9193 3356 3968 2977 4056 
9194 2877 4075 3027 3883 
9195 2735 3030 3187 3881 
9196 3421 3424 3086 3801 
9197 2921 3452 2908 3501 
9198 967 1150 3237 976 
9199 2419 2418 2416 4405 
9200 1611 1608 1607 3751 
9201 504 4530 3801 466 
9202 27 4532 464 4338 
9203 2790 2895 3582 3721 
9204 2810 3167 2965 4128 
9205 369 2400 370 3305 
9206 3031 3533 4161 4162 
9207 2871 3319 3527 3607 
9208 2916 3786 3306 709 
9209 551 4438 598 2731 
9210 4086 3806 4304 3497 
9211 3281 3902 2750 3979 
9212 1693 3162 1694 3768 
9213 2056 2202 2248 3258 
9214 817 4587 1425 3186 
9215 408 2850 406 4190 
9216 1609 1606 3987 4279 
9217 1542 1513 2987 3419 
9218 1593 1595 3492 4127 
9219 826 1353 3718 4004 
9220 1661 3941 3407 4011 
9221 551 2793 2731 2970 
9222 1063 1208 1207 4132 
9223 890 888 3370 3914 
9224 2606 2506 2591 3298 
9225 2678 3454 3630 4300 
9226 482 3299 496 3678 
9227 4359 3182 3176 2998 
9228 2473 2499 2470 4158 
9229 2423 3734 2421 3857 
9230 537 473 517 3599 
9231 2838 2964 1546 2969 
9232 3565 3857 2831 3734 
9233 2882 3408 2881 4217 
9234 3252 3925 3772 4092 
9235 2847 3724 3686 4321 
9236 3562 4182 333 3254 
9237 2827 3889 4083 3431 
9238 2066 2173 287 3508 
9239 2977 3968 3822 4056 
9240 2649 3705 3070 3518 
9241 2733 4023 3622 4143 
9242 1627 4325 1630 4326 
9243 4132 3882 3702 3027 
9244 4137 3518 3216 2632 
9245 2541 363 2381 3289 
9246 2675 3703 3628 2702 
9247 3234 3465 2990 4207 
9248 1288 3523 925 3797 
9249 2780 2892 2776 3180 
9250 3465 2153 4397 3951 
9251 282 4500 2086 281 
9252 375 3263 3228 3557 
9253 3173 3881 2735 4400 
9254 3125 3605 1075 4061 
9255 2692 4101 4099 3000 
9256 2136 2137 2138 4297 
9257 1345 3876 3433 4136 
9258 3092 4215 3058 2796 
9259 1210 3204 2934 3409 
9260 188 4533 4492 1556 
9261 4032 270 4135 3275 
9262 4310 1826 4308 265 
9263 2050 2049 3151 4348 
9264 2839 3068 3412 4285 
9265 2490 3736 3334 3780 
9266 3218 3475 881 3779 
9267 2812 3156 3357 4306 
9268 3853 4128 400 4387 
9269 2399 2428 2429 3260 
9270 2828 3359 3159 3402 
9271 1210 2934 3204 3655 
9272 1064 3718 2872 3869 
9273 3132 3619 2823 4249 
9274 2164 3898 3076 4155 
9275 1842 3204 3036 3616 
9276 2723 2992 4105 3802 
9277 3339 3436 2852 3531 
9278 1102 2925 1103 3371 
9279 2341 4025 2783 4340 
9280 2982 2912 3229 3398 
9281 2674 3236 4080 2957 
9282 3237 2789 3843 4150 
9283 1673 3318 3219 3489 
9284 2790 3485 1153 3309 
9285 3624 4016 3272 3746 
9286 2803 2792 3795 2851 
9287 362 3124 2381 3289 
9288 2951 3580 3083 3863 
9289 2826 3383 3731 3059 
9290 1604 245 1566 3833 
9291 2639 2631 3450 2668 
9292 1279 3284 4058 4392 
9293 2697 3068 3301 4062 
9294 3128 3589 2936 3893 
9295 3463 3800 3320 4076 
9296 1661 1720 1657 3407 
9297 1629 3203 1631 4082 
9298 1556 4533 4492 3134 
9299 2860 3255 3090 3959 
9300 1762 3314 1660 3922 
9301 3284 4392 1049 3738 
9302 4554 3651 3392 2740 
9303 455 2906 2729 2947 
9304 4050 3854 4185 3121 
9305 2991 2857 3404 3768 
9306 1526 3468 3356 4108 
9307 3285 3919 2966 4156 
9308 1427 1094 1053 4117 
9309 720 2733 665 4225 
9310 2540 2383 3498 3577 
9311 506 4420 4537 3381 
9312 3833 1604 3100 4127 
9313 496 3299 3595 4181 
9314 3957 4224 2843 2949 
9315 3714 4230 3367 4364 
9316 559 3003 2805 3631 
9317 2734 3109 3929 4093 
9318 3162 1612 1611 1760 
9319 4454 3321 1547 4141 
9320 721 3047 2889 4034 
9321 3018 3737 3620 4074 
9322 4532 3595 464 4338 
9323 1203 3304 3218 3779 
9324 3145 3169 2860 3530 
9325 218 4503 1591 217 
9326 3670 1679 3753 3752 
9327 2718 3041 3793 3766 
9328 2685 2841 2812 4330 
9329 2664 2667 3333 4255 
9330 2823 3132 2686 3299 
9331 910 3514 909 3844 
9332 1716 1577 226 3294 
9333 3522 3633 2683 4242 
9334 3799 3906 2971 4362 
9335 2082 3917 3545 3983 
9336 891 1262 893 3336 
9337 233 3820 3789 4047 
9338 2568 3334 2427 3905 
9339 3990 3665 3766 3216 
9340 3445 2517 3905 2394 
9341 3276 1811 1956 271 
9342 4237 3915 4094 3384 
9343 2706 2903 2769 3874 
9344 2312 2327 2326 3754 
9345 3390 3977 2829 4363 
9346 2741 3737 3018 4074 
9347 4532 531 464 3595 
9348 1723 1579 230 4376 
9349 188 4533 1556 16 
9350 3076 3494 3160 4076 
9351 1034 3669 1013 1015 
9352 2736 3324 3077 3488 
9353 4532 531 28 464 
9354 3026 4249 2686 3307 
9355 1080 1078 1079 3272 
9356 3369 3844 900 3890 
9357 3453 2850 2942 2888 
9358 2870 3370 3904 4284 
9359 4042 3174 2807 3507 
9360 1336 1459 1102 4039 
9361 2914 3251 2737 3314 
9362 2850 3262 3567 3650 
9363 2139 2142 2141 3217 
9364 3323 2827 3579 4060 
9365 664 2889 649 4157 
9366 2869 4445 3986 2846 
9367 2796 3092 2818 3276 
9368 4438 2731 551 2793 
9369 2823 3299 2737 2681 
9370 4515 1747 217 3194 
9371 3624 4016 3746 2704 
9372 4416 1585 193 4462 
9373 3021 2826 3691 4241 
9374 1880 1882 3149 3818 
9375 2690 2969 2964 3947 
9376 3310 867 3962 870 
9377 2730 3681 1486 2822 
9378 2666 3714 3502 4230 
9379 2545 4111 371 4275 
9380 4416 3948 1585 4462 
9381 1380 3238 3210 4138 
9382 1500 3968 3356 4056 
9383 1875 3556 1862 3759 
9384 1436 1261 996 3240 
9385 1760 3188 3162 3591 
9386 1020 1096 3125 4061 
9387 2917 2749 3013 3053 
9388 1939 1870 3612 4188 
9389 3436 3505 2852 3531 
9390 2680 3936 2856 4153 
9391 2814 2896 3095 2696 
9392 3281 3990 3374 4398 
9393 841 843 842 3848 
9394 3033 3532 1707 4047 
9395 3015 3523 3327 4064 
9396 3502 4230 3714 4364 
9397 1854 1996 3543 3807 
9398 330 2786 2697 3444 
9399 4200 2812 3449 4309 
9400 1503 4174 2752 2833 
9401 4476 1474 2034 1835 
9402 1585 1756 193 4462 
9403 631 123 4528 4497 
9404 3933 915 1294 916 
9405 3464 2957 3236 3888 
9406 2765 3812 3474 4139 
9407 2704 4016 3420 4211 
9408 2731 2344 3564 4303 
9409 312 10 4597 4580 
9410 4137 3518 2632 2647 
9411 3368 3754 4013 4347 
9412 848 846 3731 4166 
9413 497 2703 3764 4328 
9414 3710 2855 4205 2702 
9415 2777 3178 3177 4255 
9416 443 4172 2780 447 
9417 3169 3243 3217 2813 
9418 3065 3250 2850 3262 
9419 2839 3362 3068 4285 
9420 3522 3538 3165 3555 
9421 327 3673 3427 3993 
9422 2075 3576 2223 4078 
9423 2466 2464 2461 3267 
9424 2877 3027 4075 3810 
9425 873 3897 879 3904 
9426 2690 1546 2964 2969 
9427 2197 2065 2274 3269 
9428 3801 4453 820 3424 
9429 3305 2545 4275 3208 
9430 2128 3908 2126 4292 
9431 2769 2903 2706 4121 
9432 2831 2937 578 4389 
9433 1664 3520 3147 4379 
9434 3058 3092 2796 3275 
9435 2686 3132 332 3678 
9436 961 3772 968 966 
9437 2449 3649 2451 3790 
9438 2335 2711 3629 3643 
9439 2935 3635 3148 4019 
9440 375 3228 3263 3551 
9441 2866 3510 3846 4012 
9442 1942 1844 1853 3245 
9443 3555 3538 3589 3522 
9444 2178 2179 2180 4286 
9445 2901 3102 2974 3536 
9446 3678 2703 497 4328 
9447 2235 204 4473 4577 
9448 3072 3166 2915 3777 
9449 1128 3089 2729 3624 
9450 3542 3028 3524 4278 
9451 4442 473 522 3419 
9452 3529 2924 2823 3350 
9453 2890 3354 3253 3864 
9454 3316 2940 4022 4129 
9455 3637 3341 3257 2889 
9456 1215 4542 3274 3133 
9457 3762 2332 2302 3755 
9458 1609 4279 3987 4345 
9459 2427 3334 2426 3905 
9460 3936 4217 3295 4251 
9461 2885 2821 2708 3002 
9462 3313 4462 3948 1030 
9463 2739 3740 3178 4054 
9464 3187 3703 2735 4400 
9465 2965 3167 2844 4128 
9466 4209 3756 4250 3101 
9467 2870 3454 3403 3972 
9468 1058 3313 2933 3602 
9469 271 270 3275 4135 
9470 3495 3323 3044 4212 
9471 3448 4262 4017 3069 
9472 857 859 3199 4103 
9473 3000 3373 3025 3721 
9474 4182 3562 22 488 
9475 2717 4138 3504 3666 
9476 2710 3906 3799 4362 
9477 2266 3423 3530 3959 
9478 985 1401 1280 3875 
9479 3878 3621 2677 2940 
9480 4212 4284 3113 3914 
9481 1124 1319 1069 4098 
9482 1957 1961 1811 3408 
9483 3665 3981 3766 3041 
9484 1573 3534 1757 3879 
9485 1253 907 914 3221 
9486 2117 2231 2119 3322 
9487 3271 4259 808 4349 
9488 2192 2070 2190 3338 
9489 2843 1514 3957 2808 
9490 1477 1557 3321 3384 
9491 1223 3027 3883 4132 
9492 3904 4272 879 3699 
9493 2119 2122 2121 3322 
9494 1746 1670 1780 3339 
9495 1897 1896 1898 3117 
9496 3473 4154 4309 3469 
9497 2450 2453 2509 3836 
9498 4530 65 1161 3801 
9499 2877 3810 3726 3882 
9500 3325 3999 2760 4267 
9501 3438 3705 3062 3766 
9502 2770 2883 3671 3915 
9503 3173 2675 3702 2788 
9504 4530 65 3801 466 
9505 83 519 4547 3636 
9506 2731 2719 2881 3564 
9507 1326 1122 1414 3329 
9508 3083 2866 3610 3846 
9509 2722 3854 3723 4185 
9510 1349 1403 1310 3433 
9511 3148 4409 2393 3635 
9512 688 570 2970 3923 
9513 2278 1005 2247 3500 
9514 1249 911 3418 3848 
9515 4475 3003 713 4225 
9516 222 1571 223 3239 
9517 3773 4067 2013 4149 
9518 2689 2936 4112 3248 
9519 2810 2965 3167 3193 
9520 3632 3712 3349 2880 
9521 2704 3361 3166 3746 
9522 3620 3673 326 3862 
9523 2244 2096 2110 4193 
9524 1726 1727 1778 3193 
9525 3969 4061 3044 4414 
9526 1912 1933 1919 3131 
9527 402 3340 438 4130 
9528 3878 3618 3369 3844 
9529 2811 3026 3200 3203 
9530 3743 4101 3721 3000 
9531 2946 4436 2917 3056 
9532 1672 3318 4339 4110 
9533 3237 2692 4099 4358 
9534 1254 1397 1341 4009 
9535 3042 3839 3633 4314 
9536 3363 3516 2885 3573 
9537 296 2072 297 3650 
9538 908 3462 906 3890 
9539 397 2721 4130 396 
9540 2338 2820 2817 2938 
9541 2790 3583 2695 2929 
9542 272 1956 271 3276 
9543 3467 3561 2992 4276 
9544 2774 3236 3082 3552 
9545 2900 3125 3454 3907 
9546 3318 4219 3549 2792 
9547 3863 875 1255 871 
9548 3310 867 870 871 
9549 2777 3044 3125 3740 
9550 3481 245 1564 244 
9551 4095 4315 1094 3455 
9552 2270 2269 3479 4035 
9553 2765 3162 3591 3812 
9554 2384 2531 3575 3667 
9555 135 134 2316 4347 
9556 4416 3948 3371 1585 
9557 3370 888 3904 4284 
9558 3080 3911 2656 4114 
9559 4530 65 466 64 
9560 4173 2814 3096 4108 
9561 3878 3894 3244 3976 
9562 2889 4034 2712 4157 
9563 4566 4084 249 4098 
9564 3044 3336 3175 3969 
9565 986 1072 987 4068 
9566 3071 3416 2687 3739 
9567 3011 3464 3082 3975 
9568 1642 1640 1641 3396 
9569 3385 3524 3051 3872 
9570 3029 3915 2770 4051 
9571 2636 2635 3165 4053 
9572 2713 3360 3218 4411 
9573 2739 3244 3323 4147 
9574 2147 4073 3604 4207 
9575 3127 2755 3840 4364 
9576 2116 3516 3308 4271 
9577 1351 1277 3560 3698 
9578 2507 2458 2532 3342 
9579 2778 3480 3940 3054 
9580 418 3856 393 4172 
9581 2790 3721 4311 4305 
9582 2035 1982 3297 3598 
9583 4462 1585 1756 3948 
9584 97 4023 4457 795 
9585 1949 3721 2895 3964 
9586 4539 1547 175 4454 
9587 2629 3673 3256 3427 
9588 1094 1427 3455 4315 
9589 3280 3662 3082 4120 
9590 1649 3729 1646 4393 
9591 2647 2648 3207 3518 
9592 2315 2828 2738 4234 
9593 2779 4093 3441 4094 
9594 2226 3040 2073 3868 
9595 3216 3838 2732 4137 
9596 3062 3705 3216 3766 
9597 2609 2470 2499 3348 
9598 3019 2735 3268 3702 
9599 1047 3580 1235 4012 
9600 550 630 2805 3104 
9601 1681 1586 3819 4041 
9602 1762 1654 1758 3350 
9603 2833 1504 3007 3014 
9604 2690 2941 3628 3742 
9605 2778 3256 3060 3940 
9606 2073 3040 2170 3567 
9607 2704 3712 3624 4211 
9608 408 2748 406 2850 
9609 3522 3555 3165 4242 
9610 2351 2796 3693 4235 
9611 225 226 1577 3858 
9612 2516 2392 2525 3443 
9613 1526 4108 2775 4169 
9614 2761 2846 2816 3225 
9615 1916 2022 3140 3406 
9616 3399 2454 3649 3790 
9617 3925 4160 3048 4242 
9618 1160 3975 1226 4134 
9619 3710 3726 2675 3775 
9620 1489 4427 2930 87 
9621 962 958 1460 3176 
9622 1581 1727 1726 3585 
9623 3320 3561 3467 3996 
9624 772 3814 2700 4141 
9625 1174 2959 1066 1173 
9626 1374 2929 2854 3485 
9627 1892 1889 2047 3231 
9628 3803 1851 1864 3283 
9629 2130 2248 2249 3401 
9630 1005 2278 3455 3500 
9631 2316 134 4144 4347 
9632 1495 3295 1497 3822 
9633 500 3086 3424 513 
9634 848 846 847 3731 
9635 2096 2234 4193 4378 
9636 2741 3327 3136 3689 
9637 1477 175 174 4539 
9638 4107 3387 2684 2897 
9639 2977 3389 3374 4007 
9640 970 3808 997 4261 
9641 235 234 3532 3820 
9642 2731 3352 2719 3694 
9643 3651 2740 4004 4038 
9644 2789 4101 3277 4150 
9645 4475 2848 4225 2321 
9646 233 1725 232 3789 
9647 3207 3610 2732 3793 
9648 3025 3190 3893 3964 
9649 3160 4076 3494 4370 
9650 1689 1692 1751 4219 
9651 3187 2735 3881 4400 
9652 3665 3766 3981 2812 
9653 241 240 3501 3845 
9654 3381 1259 3446 815 
9655 330 2811 2756 3108 
9656 3147 3791 2772 4062 
9657 1191 2872 1064 3718 
9658 2870 3454 3370 3740 
9659 427 2749 2748 2981 
9660 3305 4275 2545 370 
9661 2211 2113 2115 3308 
9662 2866 3610 3493 3793 
9663 3370 3914 888 4284 
9664 790 4106 764 4202 
9665 1428 3661 1258 4316 
9666 2949 3247 3246 3757 
9667 123 2259 4528 4497 
9668 2542 3124 3020 3581 
9669 1259 3446 1061 4204 
9670 1144 1084 3809 4250 
9671 3886 4528 2279 2259 
9672 3654 1938 4198 3658 
9673 300 299 3788 4078 
9674 2867 3100 2758 3376 
9675 1034 3669 1393 4142 
9676 2915 3844 3369 3890 
9677 859 3638 3199 3846 
9678 259 3677 4191 4223 
9679 1259 1061 1133 4204 
9680 3348 2504 2468 3366 
9681 3226 4463 2608 2573 
9682 2787 2989 2990 3463 
9683 2685 3281 2814 3325 
9684 3604 2146 2257 3261 
9685 2996 3493 3315 2997 
9686 3990 3766 3665 2812 
9687 2584 2385 3106 3551 
9688 3044 3969 3397 4061 
9689 2684 3284 3676 4216 
9690 21 3132 482 3678 
9691 2053 2269 2272 4342 
9692 2606 3095 2506 3298 
9693 2985 2758 4253 3066 
9694 2741 3484 3737 4074 
9695 1102 1442 1336 3669 
9696 3662 1417 3280 4250 
9697 1621 1704 1623 4018 
9698 2750 2685 2814 4108 
9699 3237 3533 3031 3843 
9700 3673 3826 3427 3993 
9701 2326 4013 3754 4347 
9702 2450 3790 2453 3836 
9703 1613 3079 1744 3751 
9704 2866 3315 4103 4289 
9705 1739 1634 1638 4313 
9706 4201 4476 2034 2001 
9707 1523 1480 1533 3352 
9708 2695 3599 3419 3796 
9709 393 3856 3238 4172 
9710 3015 3221 3523 4064 
9711 4373 2926 2925 1103 
9712 2131 2133 2267 3423 
9713 3067 2836 2849 3798 
9714 1814 4599 115 4560 
9715 2483 2484 2482 3414 
9716 1266 1354 1018 3050 
9717 288 2070 289 3835 
9718 3171 3458 667 3783 
9719 3226 4006 1449 4263 
9720 2675 3726 3438 3775 
9721 2793 3296 3115 3586 
9722 753 3235 755 3293 
9723 4241 3795 3584 4080 
9724 2955 3723 3433 4136 
9725 2720 4008 3940 3054 
9726 1362 2869 2853 4405 
9727 2987 3153 2785 3614 
9728 2024 1926 1901 3770 
9729 2896 4002 3999 4246 
9730 4529 1382 3431 1450 
9731 3245 3435 3030 4318 
9732 1500 1498 3968 4056 
9733 2727 3390 3389 4087 
9734 2720 3940 3244 4247 
9735 2817 2938 3228 3557 
9736 2856 3936 3540 4377 
9737 2779 4107 2935 4369 
9738 201 4476 2001 1835 
9739 2397 2896 3298 3829 
9740 4126 3232 3101 2778 
9741 3473 1208 4132 1207 
9742 1432 3223 3424 3998 
9743 3350 1656 1762 1654 
9744 2690 2918 1507 3994 
9745 840 838 839 4203 
9746 3868 2271 3571 2074 
9747 1167 909 3514 3844 
9748 3811 4408 3235 754 
9749 3465 2153 3951 2149 
9750 290 291 3143 3835 
9751 3068 3362 2772 3926 
9752 1724 4282 3412 3411 
9753 305 306 3769 4072 
9754 2494 2487 2506 3095 
9755 1916 1918 1917 3211 
9756 2699 2836 3488 3620 
9757 2133 2136 3530 4297 
9758 2675 3710 3628 3810 
9759 2777 3125 3454 3740 
9760 2034 1474 3204 3655 
9761 3549 1749 3948 1692 
9762 3519 1453 3896 1082 
9763 3055 3339 2852 3531 
9764 1065 3455 3500 1005 
9765 4542 3133 1386 4456 
9766 1103 2926 2925 4039 
9767 3866 3995 3381 506 
9768 2849 3868 3261 3067 
9769 519 495 3636 528 
9770 1083 1231 1027 3357 
9771 3889 1237 1179 3175 
9772 3510 3214 2866 4289 
9773 2494 2590 3141 3527 
9774 1693 3162 3768 3163 
9775 2001 4476 2034 1835 
9776 1491 2754 1523 3352 
9777 2774 3206 3427 3663 
9778 2716 3373 3533 2794 
9779 3453 301 2067 300 
9780 3957 3116 2949 2808 
9781 2983 2984 2872 3617 
9782 3128 2691 3589 3893 
9783 1923 1985 3757 4374 
9784 4219 1692 3549 3313 
9785 4539 1547 1477 175 
9786 2886 3188 2991 3534 
9787 1253 1051 1398 3982 
9788 1814 4599 4560 3771 
9789 1930 1929 1931 4090 
9790 4599 116 2004 1814 
9791 3173 2735 3703 4400 
9792 2622 2620 3581 4401 
9793 1979 3157 1821 3924 
9794 2004 2036 4599 1814 
9795 852 855 854 3927 
9796 115 116 4599 1814 
9797 2797 3321 3029 4051 
9798 1775 1772 3513 4294 
9799 3162 3188 1694 3768 
9800 3960 439 4088 413 
9801 2521 2382 2508 3319 
9802 4445 3608 2863 2846 
9803 772 770 3321 4045 
9804 2405 3022 3351 3905 
9805 3603 4545 1357 1356 
9806 2219 3250 2261 4277 
9807 4250 3880 3101 3756 
9808 964 3343 972 3808 
9809 2116 2115 2114 3308 
9810 2717 3619 3537 2852 
9811 3213 3220 267 3568 
9812 1302 3669 1442 3550 
9813 1224 4117 3467 4315 
9814 734 4443 2815 3056 
9815 3484 436 3186 3331 
9816 3221 3809 3015 4301 
9817 2801 2944 2799 3668 
9818 943 1340 1404 3985 
9819 956 954 1295 3182 
9820 2708 3664 2706 3717 
9821 2198 2268 3479 3716 
9822 2716 3190 2936 3893 
9823 1769 1620 1696 3404 
9824 2330 3717 2708 3755 
9825 2628 3178 2641 3630 
9826 2673 2642 2643 3178 
9827 3403 4137 3776 2732 
9828 3241 1466 850 3927 
9829 3723 4350 2957 3365 
9830 1373 1400 941 3286 
9831 4091 3630 3395 3954 
9832 4599 1814 2036 3771 
9833 2823 3350 2993 4268 
9834 2196 2063 2267 3255 
9835 3687 2847 3724 3324 
9836 3295 3994 1495 4100 
9837 2750 2814 3281 3979 
9838 1695 1693 3768 3163 
9839 2842 3799 2710 3906 
9840 3240 3418 3127 4204 
9841 2194 3338 2193 3067 
9842 4209 3082 3280 3662 
9843 1979 261 1833 3158 
9844 2731 2754 2970 3094 
9845 4598 110 4484 1755 
9846 2682 3382 3324 4265 
9847 4420 3866 3381 506 
9848 2852 3619 3436 2892 
9849 2185 3500 4184 4415 
9850 3416 1365 3739 4159 
9851 2971 3799 3420 3906 
9852 2931 3172 2930 3612 
9853 2676 3542 3524 3934 
9854 2313 4015 4418 2805 
9855 4407 3810 3038 3726 
9856 2810 2676 3028 3853 
9857 1890 1888 3547 3548 
9858 3052 3684 2718 4304 
9859 2841 3865 4180 4267 
9860 3173 3703 2675 4239 
9861 319 502 525 4131 
9862 2996 2725 3493 2997 
9863 3967 4258 3829 355 
9864 4011 1663 3531 1659 
9865 1634 3307 3057 3774 
9866 239 3471 238 3685 
9867 2077 2213 2212 3973 
9868 1054 1321 1046 3361 
9869 1382 3431 1383 4383 
9870 3265 2605 4401 2539 
9871 3127 3593 1061 4320 
9872 2688 3558 3928 4133 
9873 2851 4033 3339 4339 
9874 2890 3253 3009 3864 
9875 4359 3182 2998 2788 
9876 3182 3252 2840 4175 
9877 3714 2625 2665 2666 
9878 2841 3794 3346 3779 
9879 1693 1608 1611 3163 
9880 2767 2999 2902 3517 
9881 3449 3468 2977 4407 
9882 2724 2797 1517 3321 
9883 682 4430 2831 3860 
9884 3584 2742 3956 4062 
9885 3775 4205 3042 4239 
9886 3221 3523 914 4301 
9887 2940 3369 3316 3894 
9888 2320 3664 2824 4195 
9889 1624 1622 1625 4326 
9890 2844 3167 2839 4128 
9891 3057 3108 3227 4269 
9892 1189 1440 3353 3615 
9893 3031 3223 3555 4009 
9894 2761 3929 3109 4093 
9895 235 3820 3532 3887 
9896 443 4172 447 393 
9897 2388 3830 2420 3857 
9898 4538 2280 3355 2184 
9899 1139 2776 1138 3504 
9900 3438 3775 3042 4239 
9901 881 3218 878 3475 
9902 1732 3513 1696 3534 
9903 4080 3795 3584 4185 
9904 4423 1480 1523 3923 
9905 2405 3351 3022 3553 
9906 722 736 2938 4183 
9907 3174 3363 2807 3507 
9908 1493 1497 1495 3295 
9909 2483 2485 3816 4281 
9910 4359 3615 2788 3019 
9911 1943 3556 1875 3606 
9912 2525 3443 3263 4065 
9913 4453 66 65 820 
9914 2912 2982 2772 3398 
9915 2529 2392 2526 3443 
9916 2657 2642 2673 4060 
9917 997 3808 3268 4261 
9918 1974 1902 1924 3153 
9919 877 3475 876 3897 
9920 2742 4011 3407 4062 
9921 2706 3271 2708 3717 
9922 2114 2113 3088 3308 
9923 1583 1734 1772 3513 
9924 868 1047 1235 4012 
9925 4420 3866 506 515 
9926 1750 4598 3359 4484 
9927 1886 1885 1883 3818 
9928 2855 2944 2747 3158 
9929 2527 2528 3122 3780 
9930 4460 4058 1388 3938 
9931 1483 1538 2874 2929 
9932 2133 3530 3423 4297 
9933 4247 3060 3825 2645 
9934 1080 3272 1079 3624 
9935 3057 1633 1634 3203 
9936 1431 1449 4006 4263 
9937 2711 2937 2831 4389 
9938 2932 3172 2931 3512 
9939 3448 3992 2959 4017 
9940 1815 1855 3296 4229 
9941 2812 3357 3156 4200 
9942 479 3080 483 514 
9943 4530 65 64 1161 
9944 2567 2419 2562 3139 
9945 4489 2938 2350 4183 
9946 3622 4535 4586 669 
9947 3458 4417 2578 2617 
9948 2993 3251 2737 4268 
9949 2251 2286 2085 3306 
9950 3030 2809 3409 3616 
9951 2152 3465 2273 4342 
9952 1329 3071 912 4159 
9953 3463 2736 4327 4391 
9954 3111 4091 3177 4107 
9955 2488 2600 2495 3225 
9956 2955 3723 3291 2957 
9957 2146 2227 2257 3261 
9958 4219 3549 1692 1751 
9959 2720 3894 3244 3940 
9960 4584 2578 156 4417 
9961 2822 2967 3172 4403 
9962 2864 3689 3272 3797 
9963 3032 3307 3396 3984 
9964 1113 3232 3638 4331 
9965 3423 3908 2128 4292 
9966 2534 2393 3148 4375 
9967 3957 4224 2949 2715 
9968 3177 3630 3454 4300 
9969 2695 3419 2804 3796 
9970 875 877 876 3897 
9971 3810 3038 1530 4399 
9972 2542 2398 2549 3020 
9973 1875 3606 3556 3759 
9974 850 848 3241 3662 
9975 3544 3800 3017 3235 
9976 3037 3053 2784 3264 
9977 3204 3409 1210 3963 
9978 2224 3567 2072 3650 
9979 1541 3468 3469 4206 
9980 4329 3419 1542 2695 
9981 2712 4034 3693 4131 
9982 1690 1792 3181 4402 
9983 3175 3397 3044 3969 
9984 3389 3390 3073 4087 
9985 1557 2724 1517 3321 
9986 2502 3607 2563 3608 
9987 3050 3319 2871 3607 
9988 2745 3827 3271 4349 
9989 4077 2722 2707 2773 
9990 3127 2845 3593 4160 
9991 224 223 1718 3859 
9992 3888 3974 2957 3015 
9993 3071 3739 912 4159 
9994 2507 3785 2532 4270 
9995 1943 1820 1952 3590 
9996 3943 2684 3288 3970 
9997 340 2694 2837 3902 
9998 2175 3209 3617 3898 
9999 2967 3097 2868 3654 
10000 397 2721 396 2922 
10001 2836 3261 3040 3413 
10002 3461 304 2207 303 
10003 3249 367 366 2402 
10004 4584 2578 4417 2617 
10005 4475 2848 2321 2313 
10006 3273 3696 2909 3401 
10007 3261 2157 3067 2254 
10008 307 3457 2174 3769 
10009 1711 1572 1758 3251 
10010 3801 820 65 1448 
10011 2955 3560 3291 4136 
10012 2718 3041 3766 3052 
10013 2164 3076 2163 3494 
10014 3320 3467 2753 3996 
10015 355 2591 356 4258 
10016 2215 2077 3769 3973 
10017 3333 3939 3491 3971 
10018 4460 4058 3938 746 
10019 569 599 704 2738 
10020 3192 3298 3185 4258 
10021 2692 3373 3187 4400 
10022 3549 1749 1692 1603 
10023 2166 2189 2191 3358 
10024 1845 4201 1842 3204 
10025 1711 229 1572 3884 
10026 1226 3974 3464 4120 
10027 1074 1075 3605 4061 
10028 861 3638 859 3846 
10029 4421 2780 443 4226 
10030 3563 4060 3579 2827 
10031 3172 3341 3257 4188 
10032 2778 3940 3895 3054 
10033 1561 1707 1740 3039 
10034 1345 3698 3876 4136 
10035 66 4453 1432 820 
10036 3196 4126 4209 2778 
10037 2153 3951 2155 4397 
10038 1910 1909 1908 4346 
10039 3809 3280 1144 4250 
10040 2874 2987 1510 3035 
10041 3059 3240 2755 3782 
10042 3109 3022 3905 3970 
10043 2870 3064 3454 3972 
10044 4443 4436 57 425 
10045 3192 4375 4096 358 
10046 2992 3467 3320 3561 
10047 2124 3507 3647 4292 
10048 3624 4016 2704 4211 
10049 3555 3589 3538 3086 
10050 2531 3575 3380 4270 
10051 850 847 1461 3241 
10052 1561 1739 1804 4313 
10053 3550 1025 1102 1379 
10054 326 3488 2699 4140 
10055 1155 2929 1374 3485 
10056 3021 3206 3236 3663 
10057 2850 3250 3065 4102 
10058 1440 3615 1230 4036 
10059 2121 3273 2124 3507 
10060 2498 2398 2548 3317 
10061 1432 820 4453 3424 
10062 275 1970 276 3285 
10063 636 665 720 2733 
10064 2687 3691 3059 3011 
10065 2860 3090 3530 3959 
10066 599 549 704 2738 
10067 1987 1884 2023 3486 
10068 1361 3224 940 4413 
10069 329 4278 328 3663 
10070 2783 3120 2782 4275 
10071 2088 3617 2188 4125 
10072 472 3210 4466 3238 
10073 2148 4035 2229 4207 
10074 2345 2337 2344 2731 
10075 4554 4004 810 793 
10076 3118 2481 3414 4281 
10077 4598 109 110 1755 
10078 2692 3881 3000 4099 
10079 2270 2053 2198 3479 
10080 740 4435 4539 3384 
10081 1973 1927 1825 3337 
10082 496 3678 3299 4181 
10083 837 3415 4026 4203 
10084 1845 4201 3204 2034 
10085 2858 3113 3316 4147 
10086 4421 2780 4226 3049 
10087 1048 1001 4006 4333 
10088 2881 3276 3590 3634 
10089 2951 3972 3310 4030 
10090 782 3943 4237 777 
10091 2693 3544 2798 3874 
10092 3846 864 861 3962 
10093 3381 1259 815 1260 
10094 1216 3133 1139 4317 
10095 2910 3567 3262 3749 
10096 3726 3766 3449 4200 
10097 3942 2438 3205 2437 
10098 3367 3714 3165 4230 
10099 189 4542 1589 4581 
10100 2955 3331 3876 4077 
10101 3125 3130 3738 4392 
10102 3863 4012 3962 1235 
10103 2942 3004 2943 3330 
10104 2385 3551 2537 3781 
10105 2730 1514 2843 2919 
10106 3241 3574 3430 2997 
10107 2736 3451 3077 4327 
10108 4367 256 2010 3466 
10109 793 810 749 4004 
10110 2444 2442 2443 3701 
10111 1589 4542 3274 4581 
10112 4586 4535 3622 458 
10113 3457 2815 3056 3282 
10114 1036 980 1116 4150 
10115 2819 2918 2690 3994 
10116 3614 1906 4346 3841 
10117 2900 3699 3125 3738 
10118 3044 3605 3125 4061 
10119 1982 3297 3400 3683 
10120 2946 4436 3056 4443 
10121 2830 3189 2817 3551 
10122 3079 3402 2828 3751 
10123 3866 3995 506 514 
10124 2809 3881 3343 4099 
10125 3244 3323 2677 3451 
10126 1752 4481 111 1584 
10127 3047 2966 4034 2795 
10128 3849 1695 3768 3163 
10129 3111 4106 3491 4202 
10130 4025 4231 2890 4340 
10131 2720 3826 3018 4064 
10132 172 173 4452 1487 
10133 3375 4019 2935 2835 
10134 189 4542 4581 1297 
10135 2775 2696 3096 4021 
10136 1791 1752 4481 3539 
10137 3710 3726 3038 3810 
10138 3377 3203 1629 4082 
10139 4586 4535 58 669 
10140 2055 2268 3716 3959 
10141 755 3811 3235 754 
10142 4434 1128 2729 4356 
10143 1986 1891 3247 3547 
10144 3082 3975 3464 4120 
10145 1589 3274 4542 1786 
10146 3192 4375 358 3478 
10147 2644 3838 2650 4137 
10148 2941 2735 3187 3703 
10149 2777 3125 3044 3605 
10150 2765 4210 3437 4254 
10151 2525 3263 3443 4274 
10152 783 792 791 3195 
10153 2425 2426 2417 3553 
10154 974 976 967 4118 
10155 2635 3538 3165 3633 
10156 2790 3485 3309 4311 
10157 1800 3472 1790 3625 
10158 1701 3520 1674 4341 
10159 1859 3094 1856 3570 
10160 1830 3337 3677 4336 
10161 1469 1279 4058 4392 
10162 1513 2785 3419 3957 
10163 2139 3243 3217 3988 
10164 996 3240 1261 4203 
10165 2726 3960 3385 4013 
10166 3012 1249 3418 3848 
10167 3130 3605 3491 4028 
10168 2822 2712 3681 4157 
10169 1689 3133 1691 3727 
10170 1689 1688 1691 3133 
10171 2732 3665 3216 3793 
10172 1724 3412 4282 1767 
10173 3012 3329 3574 3804 
10174 2553 2597 2552 3635 
10175 2721 2758 396 2908 
10176 2998 3706 3176 4359 
10177 2607 2534 3148 3641 
10178 2666 2656 2652 3502 
10179 2805 3088 3037 3279 
10180 2837 4079 2694 3954 
10181 3468 4169 1541 3469 
10182 2754 3352 2731 3923 
10183 2784 3525 3053 4298 
10184 2021 1980 1925 3197 
10185 1101 3353 1440 4036 
10186 1345 824 3433 3876 
10187 3016 3312 4048 3349 
10188 1791 4481 1752 1584 
10189 2983 3024 3075 3909 
10190 3473 4132 3882 4187 
10191 495 3855 3636 4273 
10192 2936 3522 2716 3589 
10193 2733 3003 4225 2945 
10194 2826 3383 3059 3011 
10195 3846 868 4012 944 
10196 3811 4408 754 783 
10197 3925 4160 4242 2800 
10198 1764 3345 1558 3695 
10199 2044 4494 2006 1838 
10200 2848 2885 2733 3762 
10201 2773 2912 2707 4387 
10202 364 3289 2538 3577 
10203 4597 126 2285 4521 
10204 1526 3356 2775 4108 
10205 2006 4494 114 1838 
10206 3273 3401 2980 3787 
10207 2053 3425 3479 4342 
10208 3146 2990 3951 2798 
10209 1324 1425 3698 3978 
10210 746 4419 4058 788 
10211 2139 3217 2141 3988 
10212 2237 4597 4521 3892 
10213 2053 294 295 3425 
10214 1615 3591 3079 3885 
10215 3085 3160 2751 4076 
10216 582 2765 739 3812 
10217 983 3223 3843 4009 
10218 3159 2828 597 3359 
10219 1185 2734 1313 3938 
10220 4350 2741 3028 3168 
10221 2732 3216 3164 3838 
10222 428 396 438 2758 
10223 1823 3657 1967 4332 
10224 2285 10 126 4597 
10225 2812 3766 3449 3990 
10226 1498 3038 4056 1530 
10227 2905 3361 3632 4095 
10228 1179 3969 1458 4383 
10229 841 3418 1261 911 
10230 3523 3797 1288 4337 
10231 1675 1677 1673 3318 
10232 2077 304 305 3456 
10233 2416 2415 3553 4405 
10234 1226 1068 3974 4120 
10235 2417 2416 2390 3553 
10236 277 1855 276 3296 
10237 3863 875 871 3897 
10238 3526 3538 2669 4182 
10239 924 923 890 4414 
10240 3235 3935 3563 4197 
10241 1318 3369 900 4413 
10242 3047 3637 2889 3725 
10243 958 960 1460 3176 
10244 1124 1043 1343 3842 
10245 891 3336 893 4022 
10246 2774 3206 3196 3427 
10247 3276 3634 3144 4332 
10248 2140 3530 2138 3988 
10249 3062 3705 3429 337 
10250 3076 2255 2163 3909 
10251 1946 1945 1866 3554 
10252 3604 2146 3261 4073 
10253 2704 2847 3420 3921 
10254 3676 4333 3284 4006 
10255 2992 3514 3467 4276 
10256 2118 3516 2116 4271 
10257 3310 873 871 872 
10258 1756 192 4462 1567 
10259 3304 2959 2713 4002 
10260 970 3808 4261 4027 
10261 2755 3691 3450 3059 
10262 240 3452 239 3685 
10263 2317 2832 2811 4171 
10264 1072 4068 3126 4104 
10265 1712 3529 3984 4179 
10266 3077 3382 3324 3976 
10267 312 10 2285 4597 
10268 3670 1700 3170 3741 
10269 1756 4462 1777 1567 
10270 1212 3355 2880 4095 
10271 2009 1812 1967 3326 
10272 2437 2424 2438 3205 
10273 2773 2912 3006 3229 
10274 2804 2785 3949 2715 
10275 922 887 3360 3509 
10276 3054 3224 4008 2858 
10277 4529 783 4444 3431 
10278 2835 3078 2865 3388 
10279 2012 1831 2015 4336 
10280 1329 3602 3071 4159 
10281 2053 2272 3425 4342 
10282 375 376 2399 3557 
10283 2828 3376 3150 3987 
10284 2750 3281 3374 3902 
10285 2652 3364 3502 4114 
10286 2100 3744 2101 4145 
10287 4250 3880 3756 1265 
10288 3156 4200 3473 4309 
10289 957 3176 962 4027 
10290 303 302 3761 3831 
10291 1956 1820 1953 3590 
10292 1762 3350 3314 3922 
10293 845 3731 844 3848 
10294 2092 311 310 3426 
10295 3890 3777 3166 3462 
10296 2359 3564 2818 3955 
10297 2067 3258 2249 2202 
10298 2430 3715 2434 4065 
10299 1317 3475 877 4238 
10300 3087 3634 1952 4122 
10301 2597 2536 2554 3635 
10302 739 3107 2765 4254 
10303 2733 3755 3762 2885 
10304 3298 2588 2401 4109 
10305 4241 3795 4080 3011 
10306 2015 3745 3521 4336 
10307 3175 1331 3969 4302 
10308 882 3218 887 3509 
10309 2935 2835 4019 4094 
10310 3731 3848 3012 3059 
10311 2986 3434 3180 4402 
10312 2880 3089 3624 3712 
10313 1503 2752 1522 2907 
10314 2847 3420 2682 4119 
10315 2983 4038 3024 4361 
10316 2237 4597 3892 312 
10317 3061 3577 2837 3289 
10318 1726 3585 3411 3920 
10319 2744 2943 423 3827 
10320 3195 3431 2827 3811 
10321 2553 2599 2478 3388 
10322 1982 2026 1981 3683 
10323 3467 920 3561 4276 
10324 4459 473 4329 3599 
10325 3603 4590 4545 2281 
10326 83 519 3636 528 
10327 3419 3599 2695 4329 
10328 1587 219 218 3194 
10329 293 3732 292 3748 
10330 3228 376 375 3557 
10331 92 539 2999 4352 
10332 2691 3997 2790 3998 
10333 1693 1611 3162 3163 
10334 2131 2133 3423 3476 
10335 3182 955 3806 3615 
10336 3027 3810 2877 3882 
10337 1839 2037 1998 3309 
10338 1640 1651 1778 3227 
10339 3175 1331 4302 1237 
10340 1487 4452 172 1556 
10341 1777 4462 1756 3948 
10342 1689 3727 1692 4219 
10343 337 3518 3705 2649 
10344 1948 1950 3582 3821 
10345 3338 3483 2193 3067 
10346 1917 3211 1930 4186 
10347 4166 1229 3662 848 
10348 4442 1488 3419 1540 
10349 3067 2849 2836 3261 
10350 1489 1486 86 2930 
10351 2739 3323 3495 4212 
10352 1061 1322 1041 3593 
10353 1672 3318 4110 1675 
10354 1986 1920 1890 3246 
10355 1931 1929 4040 4090 
10356 3889 3996 3017 4083 
10357 2388 2428 3830 3857 
10358 2972 3620 3737 4074 
10359 1956 1953 3408 3590 
10360 1607 3751 1608 3987 
10361 288 2066 3508 3690 
10362 2247 2061 206 4471 
10363 2716 3533 3031 4162 
10364 1058 2933 3313 3727 
10365 2132 2133 2131 3476 
10366 3537 3852 3784 2705 
10367 1113 3410 3232 4331 
10368 1367 3268 3675 4132 
10369 596 3107 3885 3079 
10370 1291 872 873 3904 
10371 3168 3327 3018 3826 
10372 1227 3975 4166 4120 
10373 3542 3524 3028 2676 
10374 2572 4596 4576 161 
10375 3441 4093 2688 4094 
10376 1904 1927 1906 3841 
10377 2864 3272 3689 4016 
10378 540 590 4423 3923 
10379 3165 2800 3367 4053 
10380 3773 4223 4116 3114 
10381 2572 4576 4596 3565 
10382 637 3622 4143 2815 
10383 483 316 3911 4114 
10384 2679 3915 2835 4094 
10385 4524 2572 160 4596 
10386 2755 3259 3450 3691 
10387 2247 2278 2061 4471 
10388 2803 3219 3489 3520 
10389 2113 2112 3088 3279 
10390 3054 3224 2858 3823 
10391 4440 3001 2871 2863 
10392 2925 4059 3549 3219 
10393 2757 2934 3245 3409 
10394 2980 3322 3273 3787 
10395 2061 4471 2278 3455 
10396 3402 1598 3492 3987 
10397 2757 3409 3245 3742 
10398 3019 3615 2788 4036 
10399 1781 1790 1636 3511 
10400 861 859 863 3846 
10401 2711 3005 2834 4366 
10402 3125 3370 3454 3740 
10403 2968 3302 2856 3303 
10404 21 478 3132 4351 
10405 3069 4006 1070 4017 
10406 417 2737 2914 2975 
10407 2967 2868 3326 3654 
10408 2739 3495 3178 3740 
10409 2860 3002 2821 3423 
10410 2708 3762 3755 2885 
10411 451 2773 3813 4077 
10412 2787 2990 2693 3463 
10413 1926 1980 2026 3400 
10414 2030 1897 1899 3287 
10415 3251 3613 3033 4179 
10416 3427 3480 2774 3826 
10417 4354 3061 2771 3249 
10418 970 3808 4027 964 
10419 2704 3420 3712 4211 
10420 2337 4438 4531 148 
10421 3291 4080 3723 4185 
10422 1493 3295 1495 4100 
10423 3580 1238 3981 4012 
10424 3388 2597 4019 2478 
10425 1710 1712 1647 4179 
10426 2195 2154 2157 3873 
10427 3015 3523 3221 4301 
10428 3610 4030 3962 2994 
10429 3473 4309 4154 3156 
10430 1562 1703 1704 4280 
10431 1273 1131 4266 4360 
10432 3101 3809 3054 4020 
10433 4022 2940 4302 4129 
10434 2117 3088 2232 3322 
10435 1714 3436 1768 3695 
10436 4359 3615 3019 4027 
10437 4257 2570 3896 3992 
10438 841 3418 911 3848 
10439 2096 3886 3786 4193 
10440 3946 219 3194 3832 
10441 2998 3496 3182 4092 
10442 1042 3592 1278 4320 
10443 2744 2946 2943 3046 
10444 2986 2776 3434 3503 
10445 3999 4002 3010 4246 
10446 2440 2437 2439 3942 
10447 2833 3009 2907 3267 
10448 2546 3760 2403 3991 
10449 3738 1075 4392 1247 
10450 2549 3020 2398 3317 
10451 3261 2157 2254 2257 
10452 1191 3242 2872 3718 
10453 1244 3510 944 3846 
10454 3285 3528 2966 3919 
10455 2633 2636 2635 3165 
10456 1278 4266 3592 984 
10457 1719 1774 3393 3587 
10458 1270 1023 1276 4380 
10459 3256 3427 3673 3826 
10460 2685 3449 3374 3990 
10461 2819 3197 2918 3400 
10462 2984 3242 2872 4145 
10463 3476 3642 2962 3647 
10464 924 3370 1096 4061 
10465 2710 2842 3798 3799 
10466 876 879 873 3897 
10467 288 3690 3499 3835 
10468 1837 1941 251 3378 
10469 2337 4438 148 2344 
10470 2380 3641 3478 4375 
10471 4182 3562 488 489 
10472 149 148 2337 4531 
10473 3517 3639 2444 3701 
10474 2628 339 3838 4353 
10475 1060 3179 1131 4360 
10476 3028 3912 3365 4350 
10477 3802 3976 3878 4105 
10478 1143 1035 3421 4009 
10479 302 2075 301 3330 
10480 3463 3800 3579 4327 
10481 3349 3632 3142 3961 
10482 594 2937 2938 736 
10483 3179 3329 2800 3574 
10484 4531 2346 149 4422 
10485 3144 2966 2795 3693 
10486 1831 3190 256 3964 
10487 1507 2918 2690 2964 
10488 2858 3894 3224 4008 
10489 2025 3460 2028 3486 
10490 4115 4564 4496 1840 
10491 2706 3293 2769 4178 
10492 2692 3000 3373 3533 
10493 2044 1838 1997 3300 
10494 2866 4103 3510 4289 
10495 2345 2731 2344 3564 
10496 2171 3735 2082 3983 
10497 1182 878 882 4272 
10498 3012 1249 3848 3731 
10499 3273 2909 3696 2962 
10500 3722 4333 4017 3360 
10501 3522 3633 3538 3668 
10502 2987 3128 2804 3337 
10503 1815 278 1847 3328 
10504 2074 292 3571 3748 
10505 4524 2572 3565 2612 
10506 2994 3410 3232 3895 
10507 1068 938 1226 3974 
10508 3128 3589 2691 2804 
10509 1072 1314 987 4068 
10510 2161 3024 3442 3494 
10511 1778 1727 1785 3193 
10512 2174 308 2058 3457 
10513 265 3506 264 4308 
10514 2718 3518 3216 3793 
10515 3943 2684 3970 4107 
10516 452 45 4259 4349 
10517 2897 2779 3148 3641 
10518 239 3452 1562 3471 
10519 1573 1761 1694 3534 
10520 4531 2346 2337 149 
10521 3782 3739 3059 4203 
10522 3303 3149 2968 3891 
10523 3579 3800 2677 4327 
10524 3038 3295 3822 4296 
10525 324 3579 2787 3935 
10526 1013 3669 3121 3854 
10527 2050 3151 1808 4396 
10528 2909 3250 3065 3696 
10529 2662 2640 3196 3913 
10530 2946 2744 390 2815 
10531 1912 3131 1919 3140 
10532 261 3248 3924 4191 
10533 479 3080 514 3995 
10534 2773 3006 430 2927 
10535 4049 4383 2827 3195 
10536 1961 3408 3891 4135 
10537 525 502 524 4131 
10538 3512 1873 3759 4177 
10539 3247 2949 3487 3757 
10540 3356 3389 2977 3968 
10541 951 1189 3353 3806 
10542 1124 4098 3036 4150 
10543 550 689 2784 4144 
10544 1735 1790 3472 3511 
10545 4596 2572 160 161 
10546 842 844 869 3383 
10547 3676 4333 4006 2781 
10548 2690 2757 2969 3742 
10549 3128 3190 2936 3677 
10550 2694 3289 3124 4079 
10551 3603 4590 3242 1357 
10552 3133 3504 1139 4317 
10553 1936 3408 1953 3606 
10554 4247 3060 2645 2646 
10555 3004 3103 3330 4078 
10556 2607 2496 2586 4001 
10557 2870 3310 3972 4030 
10558 3115 3586 3296 4122 
10559 2678 3403 3454 3972 
10560 2147 3604 3951 4207 
10561 3192 4375 3478 3135 
10562 225 1558 226 3859 
10563 2207 3692 2200 4072 
10564 1438 3561 4276 3618 
10565 489 4182 3254 4222 
10566 3108 3193 2697 3227 
10567 3797 3978 1323 4337 
10568 3665 3766 3216 3793 
10569 3306 2286 120 2251 
10570 3387 4196 3395 4300 
10571 2009 3919 3326 4198 
10572 3138 237 3471 3887 
10573 3147 3489 2803 3055 
10574 2692 3343 3706 4359 
10575 2758 2867 568 3099 
10576 1571 1787 1719 3393 
10577 3587 1676 1746 4110 
10578 1857 3094 1859 3556 
10579 1671 3489 3219 3520 
10580 2859 3748 3152 3868 
10581 3151 2048 3487 3459 
10582 2990 3146 2903 3874 
10583 3088 4271 3174 3322 
10584 1953 3590 1943 3606 
10585 1875 1876 3535 3759 
10586 120 121 3306 2251 
10587 3633 3839 2683 4242 
10588 2405 2425 353 3351 
10589 113 4556 2043 4574 
10590 3310 3904 2870 3897 
10591 1945 1946 1836 3637 
10592 3188 3591 1760 4041 
10593 2685 2812 3449 3990 
10594 4556 2043 4574 4037 
10595 3426 2060 2917 310 
10596 2692 3343 3881 4099 
10597 3566 2475 3490 4158 
10598 3727 4456 1108 3133 
10599 2686 3032 3307 4249 
10600 2684 2950 2897 3387 
10601 318 485 317 3526 
10602 3866 3995 514 3080 
10603 2354 4531 3694 4164 
10604 2900 3454 3865 4300 
10605 1161 1076 3446 3801 
10606 4258 3829 3298 3185 
10607 3375 2604 3596 4256 
10608 978 3592 1042 3593 
10609 692 4422 547 600 
10610 2679 2935 2779 4094 
10611 3285 1813 3725 3528 
10612 2986 3180 2776 2892 
10613 3213 3220 3215 4310 
10614 2687 3416 3071 3795 
10615 937 3560 3601 4337 
10616 3662 3756 2997 3927 
10617 2181 2204 2183 3349 
10618 1292 1270 1113 3410 
10619 2183 3711 2233 2181 
10620 4370 3604 3405 3873 
10621 3402 3492 2867 3987 
10622 3974 1228 3280 4120 
10623 1842 1817 3616 3743 
10624 2852 2717 4033 4168 
10625 3320 3800 3463 4327 
10626 3404 3513 2991 3768 
10627 341 3954 3630 4091 
10628 3933 2841 2812 3346 
10629 1049 1279 1247 4392 
10630 1604 1574 244 3623 
10631 2763 3295 1493 4100 
10632 1173 1172 1420 3546 
10633 2701 2995 2750 3902 
10634 3662 1417 4250 865 
10635 1579 1723 4285 4376 
10636 1867 1866 1945 4188 
10637 113 4556 4574 645 
10638 4437 4546 728 4557 
10639 1534 1508 1499 4087 
10640 2248 3692 3258 3787 
10641 340 4353 3630 3902 
10642 2009 3326 3654 4198 
10643 226 1764 227 3345 
10644 2629 2662 3196 3256 
10645 3517 3639 3701 2902 
10646 4531 2731 2337 3694 
10647 3133 3434 2776 3503 
10648 2843 3855 2868 2714 
10649 1231 3875 1346 4187 
10650 400 3331 435 3428 
10651 3413 3688 3261 4073 
10652 2697 2899 3068 4062 
10653 14 4546 4557 728 
10654 2852 3055 2851 3339 
10655 1603 1751 1692 3549 
10656 2755 3259 3691 3782 
10657 3274 4581 1170 3194 
10658 2364 3643 3629 3671 
10659 1215 3049 1141 1139 
10660 2017 1916 2022 3140 
10661 3773 4116 4223 1807 
10662 872 870 871 3310 
10663 2934 3409 3204 3616 
10664 3030 3245 2934 3409 
10665 2108 3447 3003 3707 
10666 2604 2551 3596 4256 
10667 274 4122 3634 4156 
10668 1207 1040 4132 4187 
10669 3220 3213 2799 4214 
10670 438 2721 4130 3340 
10671 4126 3232 2778 3199 
10672 3000 3025 3533 4101 
10673 3438 3726 2923 3766 
10674 1213 816 3195 3605 
10675 4530 815 64 4420 
10676 2030 3598 1928 3851 
10677 4452 1487 173 4133 
10678 330 3444 3956 4163 
10679 3925 4160 2800 3592 
10680 1062 1451 4472 1177 
10681 3850 4260 2840 4360 
10682 4546 4437 560 4113 
10683 1090 3221 1253 3982 
10684 3050 3674 4002 4257 
10685 953 3497 954 3806 
10686 2955 3698 3560 4136 
10687 3772 3925 2998 4092 
10688 2753 3544 3394 4361 
10689 294 3425 293 3748 
10690 1052 2853 3937 4006 
10691 2568 2600 2490 3780 
10692 3491 4049 3605 2777 
10693 3097 2868 3654 3657 
10694 1332 1159 3416 4208 
10695 3501 1583 240 1732 
10696 2746 2935 3135 4107 
10697 4445 3608 2846 3139 
10698 3364 4114 2672 4351 
10699 4530 815 1161 64 
10700 3199 3638 3610 3846 
10701 2483 2482 2481 3414 
10702 894 3316 1023 4022 
10703 951 3353 1274 3875 
10704 2822 3172 2967 3341 
10705 1878 1877 1876 3535 
10706 2841 3346 2685 2812 
10707 3960 439 413 404 
10708 3587 1676 4110 4402 
10709 257 3190 1831 3677 
10710 3292 3372 2820 3659 
10711 2026 1980 1833 3683 
10712 2945 3091 636 4143 
10713 3628 3703 2941 2702 
10714 2952 3114 2941 3773 
10715 3072 3976 4105 4327 
10716 2077 3573 2260 3831 
10717 1632 1633 1631 3203 
10718 2096 2093 2234 4378 
10719 3811 4070 756 4197 
10720 3409 2735 3742 4395 
10721 2877 3473 3469 3883 
10722 2734 3134 1313 3938 
10723 1160 1226 1158 4134 
10724 3135 3148 2935 3635 
10725 2218 3262 3567 3749 
10726 2801 2799 3213 4214 
10727 2687 3537 3259 3852 
10728 3082 3662 3552 4167 
10729 3436 1780 3339 3587 
10730 2764 2811 3200 3201 
10731 2629 3196 2640 3427 
10732 3776 4137 3610 2732 
10733 157 4595 3627 2387 
10734 1203 881 883 3779 
10735 2988 3604 3873 3067 
10736 2755 3782 3691 3059 
10737 1434 1136 1377 4083 
10738 3299 3678 2686 4181 
10739 260 1825 261 4191 
10740 3286 2812 3981 4306 
10741 4530 1161 3446 3801 
10742 2695 1542 2874 2987 
10743 792 4028 4307 3195 
10744 3313 4462 1030 1384 
10745 2810 3301 3028 3542 
10746 4060 3451 3579 3323 
10747 2934 3245 3030 4031 
10748 1232 874 889 3817 
10749 1023 1292 1232 3410 
10750 2101 2175 2089 3617 
10751 2943 3046 2946 3456 
10752 3397 1074 1327 1213 
10753 1302 3669 4142 1393 
10754 558 2766 723 3079 
10755 3315 3756 3199 4103 
10756 1101 1274 1440 3353 
10757 3320 3017 3561 3996 
10758 2845 3165 3367 3714 
10759 329 330 3301 4163 
10760 1174 2959 1173 4017 
10761 339 3838 4353 4398 
10762 2994 3410 3817 4331 
10763 938 1226 3974 4264 
10764 3712 2842 4211 3420 
10765 3464 3974 1226 4264 
10766 2640 3206 3196 3913 
10767 3138 1728 3820 4165 
10768 2955 3365 3723 2957 
10769 1235 3580 1256 3863 
10770 710 4555 4034 4157 
10771 943 930 931 3985 
10772 3704 4205 2702 4239 
10773 1836 3300 1997 4037 
10774 1012 4136 3291 1045 
10775 405 3767 3872 4362 
10776 1142 1391 3223 3997 
10777 3111 3944 764 4202 
10778 1088 835 821 3815 
10779 2900 3738 3125 3907 
10780 4452 3134 1487 4133 
10781 340 2837 2694 3954 
10782 2803 3219 3137 4050 
10783 2641 341 3630 4091 
10784 2103 2104 2058 4372 
10785 259 3924 1965 4223 
10786 4073 2142 3413 4355 
10787 3173 2998 2788 4359 
10788 3349 3712 3110 3983 
10789 1622 3202 1621 3335 
10790 740 4539 3321 3384 
10791 2583 2383 2539 3498 
10792 2152 2149 2273 3465 
10793 4006 4043 4263 3226 
10794 2941 3807 3742 4148 
10795 2471 2474 2473 3989 
10796 167 4529 166 816 
10797 3071 3602 1329 3834 
10798 955 952 954 3806 
10799 2664 2653 3939 3971 
10800 1853 1832 1854 3435 
10801 2924 2899 3407 3640 
10802 1044 999 3156 4154 
10803 220 3753 219 3832 
10804 3284 2684 3907 4216 
10805 937 3601 3560 4264 
10806 2306 2323 2726 4013 
10807 256 3190 3466 3964 
10808 985 1280 3792 3875 
10809 880 3779 3475 3950 
10810 2729 3110 3089 3123 
10811 1964 3568 1818 3891 
10812 1742 1563 1699 4357 
10813 329 2310 328 3934 
10814 1278 4266 984 1298 
10815 2707 4077 2773 4387 
10816 1450 166 4529 816 
10817 2623 2542 2497 4324 
10818 867 870 866 3962 
10819 2650 3838 2632 4137 
10820 3980 4161 3533 4162 
10821 1773 1726 1651 3411 
10822 4329 1542 3419 1488 
10823 2275 2158 2161 3442 
10824 2491 2490 2595 3736 
10825 3320 4014 2723 3085 
10826 1487 4452 1556 3134 
10827 1987 2025 1891 3486 
10828 2158 2159 2161 3494 
10829 1604 3623 245 3833 
10830 2359 2801 3540 3955 
10831 2700 3629 3671 3867 
10832 2019 1925 3515 4067 
10833 2798 3076 3024 4361 
10834 2807 2885 2848 3762 
10835 886 882 881 3218 
10836 2825 3968 3356 4174 
10837 2697 3068 2899 4282 
10838 1244 1233 944 3510 
10839 2794 3533 2716 3980 
10840 1367 3268 4132 1039 
10841 4059 1749 1603 1602 
10842 2048 3459 1923 3757 
10843 1221 1345 1220 4136 
10844 274 275 4122 4156 
10845 4059 3948 3550 3549 
10846 2943 3046 3456 3573 
10847 4529 4424 816 167 
10848 3739 1332 3416 4208 
10849 1927 3153 3337 3841 
10850 3843 4009 1397 983 
10851 1849 1855 1815 4229 
10852 2576 4595 2610 4525 
10853 939 3504 1135 4138 
10854 329 4278 3663 3301 
10855 2717 3666 3440 3965 
10856 988 3560 3291 4264 
10857 1274 3875 3353 4187 
10858 1027 3933 942 4306 
10859 2635 4314 3633 4053 
10860 2864 3327 3523 4064 
10861 2852 2924 2705 3784 
10862 1347 1457 1148 3469 
10863 4529 4424 4028 816 
10864 3549 1749 1603 4059 
10865 3803 1851 3283 3570 
10866 3028 3428 3331 3853 
10867 2626 3333 2655 4070 
10868 400 4128 3428 4130 
10869 3238 3733 2681 3856 
10870 1900 3713 1902 3899 
10871 3992 3010 3861 3448 
10872 4595 4525 617 2610 
10873 1744 3079 3591 3751 
10874 936 3601 937 4264 
10875 2693 3544 3800 4076 
10876 3354 2544 3611 3305 
10877 2693 3235 3293 3935 
10878 2930 3172 2822 3257 
10879 1187 1204 2853 3226 
10880 3572 2063 299 2196 
10881 4529 3195 816 4028 
10882 157 4595 2387 158 
10883 2792 4142 4159 4385 
10884 3333 3563 2655 4070 
10885 513 504 3526 3801 
10886 2775 3096 2884 4021 
10887 299 2196 298 3572 
10888 3197 3400 2855 3683 
10889 4595 2387 2610 3627 
10890 2730 1486 3681 1536 
10891 998 3191 1101 4036 
10892 3214 3379 2840 4304 
10893 3846 864 3962 868 
10894 2885 3363 3174 3516 
10895 3304 3779 1203 3794 
10896 4520 108 4552 585 
10897 3083 3580 3041 4012 
10898 3603 3617 2088 4125 
10899 2810 3028 2676 3542 
10900 3385 2972 3620 3862 
10901 1967 3326 1812 4332 
10902 3218 2841 3865 4252 
10903 451 2912 2773 4387 
10904 3457 2815 3282 3837 
10905 2220 3642 2135 3696 
10906 3727 4462 3313 1384 
10907 2198 2268 2151 3479 
10908 2402 2546 3249 3760 
10909 601 573 689 4298 
10910 1670 3489 1665 4339 
10911 2703 4181 2875 4410 
10912 1831 3745 3190 3964 
10913 1457 3469 4467 4104 
10914 3350 1648 3640 1654 
10915 3156 3346 4309 4154 
10916 2817 2938 2820 3228 
10917 2737 2893 2993 4172 
10918 2488 3653 2486 3816 
10919 2792 4159 4142 3416 
10920 1345 1409 824 3876 
10921 2896 2760 3999 4002 
10922 3044 3740 3495 4212 
10923 2633 3165 2635 3538 
10924 2904 3007 3490 3730 
10925 2761 3122 2688 4093 
10926 4173 3096 3118 2775 
10927 3280 3888 2774 3015 
10928 3175 1331 1237 1179 
10929 3373 3721 3000 4189 
10930 3234 4035 3465 4207 
10931 2709 3400 3287 3851 
10932 2338 2817 2350 2938 
10933 598 688 2731 3923 
10934 988 3291 1012 4371 
10935 2892 2993 2681 3619 
10936 4529 783 3195 792 
10937 2804 2785 2715 3419 
10938 2803 3137 2722 4050 
10939 1574 1697 243 3623 
10940 2195 3873 2157 3067 
10941 4421 32 1163 31 
10942 910 909 904 3844 
10943 1831 1933 2015 3745 
10944 2682 3620 3798 3799 
10945 2705 3259 3444 4295 
10946 2397 3829 2522 4246 
10947 2824 2962 2813 4042 
10948 2843 3636 2730 3855 
10949 1630 3200 1636 3774 
10950 925 3797 3523 4081 
10951 2986 3587 3339 4110 
10952 1213 1130 816 3605 
10953 4367 256 3466 255 
10954 4520 585 4552 3672 
10955 3295 3710 3038 3994 
10956 2565 3896 3519 4257 
10957 3191 3353 2923 4187 
10958 2386 2560 2561 3372 
10959 1748 1685 4520 3672 
10960 1213 3195 3397 3605 
10961 2825 2752 3968 4174 
10962 2677 3320 2992 4105 
10963 3298 2588 4109 3095 
10964 1839 196 4551 2042 
10965 282 283 3679 3917 
10966 4555 2363 145 4034 
10967 2735 2941 3435 3742 
10968 2333 3812 3474 4406 
10969 2600 3225 2490 3780 
10970 3475 4238 3950 4252 
10971 2270 3479 2151 4035 
10972 4123 4413 3221 3890 
10973 1818 3891 3568 4135 
10974 3235 3293 753 3661 
10975 4529 1382 1450 816 
10976 3949 3870 2804 2791 
10977 1227 3975 4120 1226 
10978 1255 3863 1256 4238 
10979 1144 1245 1228 3280 
10980 1110 1038 1407 3304 
10981 2915 3844 3802 3878 
10982 970 3808 964 971 
10983 2560 3372 2445 3517 
10984 501 3132 478 4351 
10985 3377 1626 3828 1653 
10986 836 837 838 3415 
10987 3569 2469 2468 3989 
10988 1263 3462 908 3746 
10989 404 406 413 3960 
10990 1133 4320 1121 1436 
10991 2758 3340 2738 4253 
10992 4408 1275 3431 4083 
10993 1776 3137 1680 3609 
10994 2387 3627 157 4417 
10995 3030 3945 3616 4318 
10996 2827 4049 3333 4060 
10997 1273 1060 1131 4360 
10998 3002 2821 3423 3576 
10999 157 684 3627 4595 
11000 1582 3184 1734 3685 
11001 2633 3538 3526 3714 
11002 2994 3638 3610 3895 
11003 1902 3153 1904 3614 
11004 1673 3318 3489 4339 
11005 796 3860 3814 4141 
11006 1787 1719 3393 3587 
11007 2140 2151 3145 4035 
11008 1093 3430 3850 4089 
11009 855 3315 854 3927 
11010 1291 873 879 3904 
11011 844 3731 3383 3848 
11012 1448 1311 1161 3801 
11013 1233 1055 946 3510 
11014 2988 2990 3463 4370 
11015 3441 3970 4093 2779 
11016 2825 2833 2752 4174 
11017 4474 2733 665 4023 
11018 1301 1210 1267 2934 
11019 3028 3542 3301 4278 
11020 2692 4101 3000 3533 
11021 1711 3613 229 3884 
11022 1904 3153 1927 3841 
11023 422 3271 4349 4259 
11024 1090 3221 3982 4413 
11025 1301 3409 2934 3675 
11026 2755 3240 3127 3840 
11027 2978 3511 3871 3184 
11028 2847 3016 3358 4321 
11029 336 3042 3719 4314 
11030 3569 2464 3266 3953 
11031 1425 1439 3698 3876 
11032 1231 1401 1346 3875 
11033 2510 2444 3119 3644 
11034 3360 3509 3218 4411 
11035 2901 3112 3102 3715 
11036 1089 1354 1453 3896 
11037 590 90 4423 4124 
11038 3023 3459 4348 3151 
11039 3276 3408 3092 3955 
11040 3216 3766 2718 3793 
11041 3847 2424 3205 3734 
11042 3241 4063 3574 3012 
11043 1477 1539 1557 3384 
11044 3351 2390 2425 352 
11045 2363 145 12 4555 
11046 3247 1920 2032 1986 
11047 915 3346 928 3794 
11048 4327 3244 3976 2677 
11049 1179 4383 3175 3969 
11050 2692 3237 3706 4358 
11051 2716 3031 3223 3555 
11052 3055 3147 2742 4344 
11053 2189 4382 2162 2159 
11054 1961 3408 1957 3891 
11055 971 964 972 3808 
11056 3443 2434 2525 2516 
11057 2996 2725 3379 3493 
11058 2493 3607 2500 3958 
11059 3218 3064 3865 4272 
11060 3389 3822 2977 3968 
11061 1742 1699 4279 4357 
11062 1232 3817 3410 4331 
11063 2924 3350 3640 3922 
11064 4050 3549 3550 2792 
11065 792 4307 4028 781 
11066 3310 873 872 3904 
11067 2334 4555 319 4131 
11068 3678 2703 4328 4410 
11069 2998 4092 3706 4118 
11070 2632 338 3216 3838 
11071 338 3374 339 4231 
11072 2685 3346 3325 2696 
11073 2943 3013 2942 3461 
11074 3063 3192 3135 4096 
11075 3271 741 4178 4349 
11076 1361 940 3224 4380 
11077 1317 877 1109 4238 
11078 317 3526 485 3911 
11079 2118 2212 2213 3516 
11080 4407 3810 3726 2877 
11081 590 4423 3923 4124 
11082 3546 3896 2570 3992 
11083 233 3532 3820 4047 
11084 836 837 3415 4026 
11085 396 2721 2908 2922 
11086 3561 3621 3175 3889 
11087 2789 3237 4101 4150 
11088 3967 4258 355 3445 
11089 632 4479 4528 124 
11090 3084 4003 3114 4368 
11091 1072 1147 3126 4334 
11092 3137 2925 4050 3219 
11093 1696 3513 3404 3768 
11094 3376 2867 3492 3987 
11095 3126 2760 4068 4334 
11096 3925 4160 3592 3048 
11097 2761 3109 3122 4093 
11098 539 574 2999 4352 
11099 2936 2794 4112 3084 
11100 3868 2271 2074 2254 
11101 2689 3522 2936 3589 
11102 1226 3975 3464 4134 
11103 4282 3926 4285 3068 
11104 2997 4167 3241 3750 
11105 393 3238 460 4226 
11106 922 921 1174 4044 
11107 963 4027 970 4036 
11108 2824 3154 3002 3476 
11109 1529 2690 3810 4176 
11110 2627 3070 2649 4314 
11111 3496 3925 3839 4146 
11112 1231 3357 3875 4187 
11113 3348 2504 3366 3596 
11114 1226 1227 1068 4120 
11115 2655 3333 2667 3563 
11116 1391 3843 3223 3997 
11117 3697 2258 2232 2201 
11118 2800 3574 3329 3804 
11119 2674 4080 3236 4241 
11120 2397 2896 3829 4246 
11121 291 3571 292 3732 
11122 1047 945 1238 4012 
11123 2985 2828 3376 3150 
11124 2804 2785 3419 2987 
11125 2706 2769 4121 4178 
11126 1845 3655 3204 4031 
11127 2229 3988 3234 4035 
11128 2110 2107 3003 3765 
11129 2529 3443 3189 4274 
11130 2654 318 317 3526 
11131 375 2584 3228 3551 
11132 3238 4138 1380 4226 
11133 1807 2033 3773 4116 
11134 2824 3169 2787 2813 
11135 2910 3040 2850 3567 
11136 3352 1480 1534 4124 
11137 2680 2855 2819 4153 
11138 2057 2201 2258 3646 
11139 2877 4075 3883 4206 
11140 2147 2257 2150 3604 
11141 2427 2489 2426 3334 
11142 2720 3077 3673 4247 
11143 1498 3822 1499 3968 
11144 2207 303 2056 3461 
11145 3870 4191 3248 4396 
11146 4085 3372 3106 3228 
11147 2832 4171 2766 2862 
11148 2805 3308 3279 3765 
11149 3473 4200 2877 4309 
11150 2834 3005 2711 3629 
11151 1703 1562 3452 4280 
11152 3809 4020 3101 4250 
11153 2875 2759 2768 4181 
11154 2716 3522 3980 4162 
11155 3189 3120 3575 4275 
11156 219 218 3194 3212 
11157 2680 3429 3295 4296 
11158 1919 1933 2031 3131 
11159 2027 3222 1915 4148 
11160 1653 1805 1705 3901 
11161 3429 3775 3062 4296 
11162 1629 1627 1630 4326 
11163 2839 2844 399 2976 
11164 906 907 903 3890 
11165 2857 2703 4213 3074 
11166 2321 3762 2848 4225 
11167 3088 4271 3322 2117 
11168 3478 3641 3148 4375 
11169 289 3690 288 3835 
11170 1856 1849 3570 3586 
11171 4209 3756 3101 4126 
11172 1950 1919 2031 3821 
11173 478 501 482 3132 
11174 2810 2965 3193 3542 
11175 3422 1876 3658 3535 
11176 1566 1604 3833 4127 
11177 2778 3940 3480 3256 
11178 360 4375 4096 4409 
11179 3306 4580 657 120 
11180 1314 4068 1072 4104 
11181 2773 2722 2982 3170 
11182 1599 3753 1568 3778 
11183 3394 3996 1136 4083 
11184 864 1235 867 3962 
11185 1963 1964 3302 3568 
11186 3286 942 3933 4306 
11187 2025 2023 1829 3460 
11188 2318 2811 2764 4171 
11189 3191 3019 4036 4261 
11190 1878 2014 2016 3422 
11191 1350 3272 1080 4356 
11192 3156 4309 3346 2812 
11193 2836 3488 2682 3687 
11194 2146 3413 3261 4073 
11195 3242 4590 3603 2281 
11196 2889 3300 3257 3637 
11197 2032 1986 2028 3247 
11198 1083 3357 1027 4306 
11199 157 684 661 3627 
11200 2091 3500 3603 4125 
11201 3535 1881 3818 3422 
11202 2756 2832 2309 4234 
11203 2598 2596 2544 3611 
11204 374 373 3551 4274 
11205 2832 3150 2828 4234 
11206 3192 2406 4109 2585 
11207 1739 1740 1639 3307 
11208 271 3275 3276 4135 
11209 417 2737 2975 2768 
11210 2341 4231 4025 4340 
11211 3926 4282 1722 1763 
11212 724 4527 2738 549 
11213 338 337 3216 3062 
11214 3015 3601 3523 4301 
11215 1914 1915 1916 3406 
11216 3582 1941 3721 1809 
11217 2908 2956 2886 3623 
11218 3352 1534 1480 1533 
11219 2704 3746 3777 4016 
11220 1968 2048 1826 3487 
11221 2951 3286 3580 4238 
11222 257 3466 3190 4223 
11223 2904 3118 3007 3730 
11224 3896 3992 3674 4257 
11225 2847 3686 3016 4321 
11226 3291 3854 3723 4136 
11227 3738 4216 3284 3907 
11228 836 3415 3666 4026 
11229 2863 3141 2884 3225 
11230 782 3288 746 3938 
11231 3116 3246 3117 4374 
11232 3248 261 3682 3747 
11233 3146 3269 2802 3270 
11234 3142 3632 3349 3711 
11235 4221 1224 3467 4315 
11236 1231 1346 1423 4187 
11237 4446 2930 1486 2822 
11238 4440 2871 1197 4104 
11239 3869 1190 4220 2872 
11240 2915 3802 3072 3976 
11241 2827 3889 3431 4383 
11242 2116 3308 3516 4244 
11243 2760 3304 3794 4267 
11244 275 3285 276 4122 
11245 4309 4108 3468 4169 
11246 324 2824 2813 4042 
11247 1807 1965 2033 4116 
11248 2977 3822 3389 4007 
11249 2910 3262 3250 3749 
11250 2886 2921 2908 3501 
11251 2675 3775 3438 4239 
11252 237 1706 1569 3471 
11253 1239 3286 3981 4306 
11254 3246 3656 3117 4374 
11255 952 950 953 3806 
11256 1349 1310 1234 4039 
11257 2185 3455 2278 3500 
11258 1344 3204 1210 3963 
11259 2186 2185 4184 4415 
11260 2810 3068 2839 3912 
11261 1713 3393 1774 3695 
11262 1696 3534 3513 3768 
11263 4264 4371 1226 3464 
11264 485 3526 318 4182 
11265 3244 3894 2940 4147 
11266 1198 40 39 4451 
11267 2715 2949 2785 3949 
11268 2529 3189 3443 3667 
11269 2804 2987 2695 3128 
11270 2583 2601 3161 4071 
11271 2804 2785 2987 3949 
11272 2875 4170 4410 2764 
11273 4434 2729 3477 4356 
11274 1710 1647 3033 4179 
11275 3188 3534 1694 3768 
11276 153 2938 2338 2350 
11277 3343 3808 964 4027 
11278 3025 3721 2789 4101 
11279 3483 3160 3724 3358 
11280 2751 3686 3085 4105 
11281 3756 3662 4209 4250 
11282 2079 122 4594 4565 
11283 2811 3057 3026 3203 
11284 1198 40 4451 4388 
11285 1347 3469 3126 4154 
11286 2682 2836 3067 3798 
11287 900 3369 899 3844 
11288 254 3721 3373 4189 
11289 910 3514 3844 4276 
11290 1148 3469 1457 4104 
11291 2418 2414 2415 3226 
11292 2532 2460 2505 3342 
11293 4037 3637 3047 3725 
11294 4257 2570 3992 2410 
11295 3510 3041 3214 4319 
11296 2732 3083 3610 4030 
11297 1315 1178 4260 4289 
11298 2693 2990 2798 3463 
11299 3084 3248 2936 4191 
11300 2835 3388 3348 3596 
11301 3175 3336 3044 3323 
11302 1023 3410 3316 4380 
11303 2211 3439 3308 4244 
11304 3318 1678 4110 1675 
11305 3227 1770 3411 4282 
11306 2930 1486 3172 1489 
11307 3236 2957 4350 3168 
11308 2182 3349 3961 4048 
11309 2251 4594 2079 121 
11310 3703 3704 3173 4400 
11311 91 92 1528 4352 
11312 950 952 951 3806 
11313 2896 2760 3325 3999 
11314 1183 1332 1365 3739 
11315 2218 3262 2217 3567 
11316 2989 3261 3688 4073 
11317 2677 3451 3579 4327 
11318 286 287 2173 3508 
11319 2561 2518 2513 3783 
11320 2672 332 3364 4351 
11321 3297 3682 3683 1819 
11322 3021 3450 3206 4163 
11323 2024 3197 3400 3770 
11324 2184 3355 3455 4415 
11325 3307 3396 2786 4249 
11326 2726 3385 3960 4102 
11327 2722 2926 2773 3433 
11328 2776 2717 2986 2892 
11329 3575 4270 3867 3380 
11330 2508 3607 3319 4257 
11331 740 4435 3384 799 
11332 2895 3025 2790 3893 
11333 3996 920 3467 991 
11334 1411 869 1209 4208 
11335 1313 3929 3986 3134 
11336 2804 3337 3128 3870 
11337 4264 1226 4371 989 
11338 2191 2168 3358 4097 
11339 2079 4565 4594 3786 
11340 2689 2799 3034 3668 
11341 1779 3170 1700 3229 
11342 2413 379 380 3541 
11343 1294 3933 999 4154 
11344 236 3138 235 3887 
11345 3870 4191 4396 3337 
11346 692 4422 600 3977 
11347 4106 4392 4058 3130 
11348 3866 3127 3381 4364 
11349 4451 3233 3123 1198 
11350 1023 3316 3410 4022 
11351 2507 3380 3785 4270 
11352 3712 2842 3420 3312 
11353 3050 3607 3519 4257 
11354 268 1964 267 3568 
11355 2251 4594 2283 2079 
11356 4594 121 122 2079 
11357 2494 3141 2487 3095 
11358 3080 3840 3502 4364 
11359 2277 3075 2199 3270 
11360 2264 2128 3423 3908 
11361 2132 3642 3476 4292 
11362 782 3943 777 3288 
11363 1574 1697 3623 4069 
11364 3113 3410 3316 4022 
11365 2365 3643 4113 2711 
11366 2248 3258 3401 3787 
11367 2739 3825 3060 4054 
11368 2939 3815 3381 3995 
11369 2524 2525 374 3263 
11370 2902 3043 3119 3639 
11371 953 954 952 3806 
11372 550 2784 4418 4144 
11373 2251 4594 121 3306 
11374 4327 3244 2677 3451 
11375 2726 3368 3960 4013 
11376 3135 3395 3063 4079 
11377 4200 4187 3357 3473 
11378 3272 2971 3689 4016 
11379 2168 2166 3358 4048 
11380 954 3497 3182 3806 
11381 2836 3620 2699 3910 
11382 2990 3146 3874 2798 
11383 2541 3498 3289 3581 
11384 2722 2803 2982 3137 
11385 3479 4035 2269 4342 
11386 1786 3133 1688 3274 
11387 625 3783 2829 3171 
11388 2698 3651 3293 3661 
11389 2677 3323 3621 3800 
11390 3382 2720 4064 4123 
11391 2565 2611 2574 3519 
11392 2781 3351 3553 3676 
11393 1747 218 217 3194 
11394 3157 3197 2021 4116 
11395 2715 2804 3419 3796 
11396 1771 1714 1667 3436 
11397 3031 3533 3237 4161 
11398 2992 3561 3320 3621 
11399 3329 3418 3012 4063 
11400 2777 3495 3044 3740 
11401 1440 3353 3615 4036 
11402 2992 3618 3561 3621 
11403 2720 3480 3256 3826 
11404 3250 3065 3696 4277 
11405 4204 996 1271 4026 
11406 3497 2840 4260 4360 
11407 2859 3425 3152 3748 
11408 4419 4058 788 4106 
11409 2607 3641 3148 4001 
11410 4427 88 87 1482 
11411 2108 2110 3003 3631 
11412 2608 2573 2414 3226 
11413 2276 3442 3270 4397 
11414 2217 2072 3567 3650 
11415 3017 3621 3561 3889 
11416 792 3195 4529 4028 
11417 334 2801 2799 3668 
11418 2832 2879 2756 3202 
11419 2717 2852 3339 2892 
11420 2067 300 2216 3453 
11421 2314 2306 2323 2726 
11422 1863 1849 1848 3570 
11423 2915 3369 3844 3878 
11424 2800 4053 3839 4146 
11425 924 890 3370 4414 
11426 1528 92 2999 4352 
11427 4123 4413 3890 2915 
11428 3191 3268 4132 3702 
11429 643 3328 2970 3391 
11430 3030 3435 3187 3945 
11431 3901 1730 1805 4165 
11432 2943 3456 3013 3461 
11433 504 485 3526 3911 
11434 1864 1865 1866 3771 
11435 2717 3619 2852 2892 
11436 2781 3448 3722 4017 
11437 2776 2892 2780 4172 
11438 2803 2792 2851 3219 
11439 2827 4083 3889 3017 
11440 911 843 841 3848 
11441 2348 2783 2782 2830 
11442 3196 3427 3256 3480 
11443 4094 3078 3558 2835 
11444 996 4026 3240 4203 
11445 3175 2940 3323 3621 
11446 2788 3496 3182 2998 
11447 2124 2126 2123 3507 
11448 2826 3082 3552 4167 
11449 3196 4126 2997 4209 
11450 2160 2190 2189 3483 
11451 2733 4143 3622 2885 
11452 496 497 3678 4181 
11453 246 3819 247 3833 
11454 4043 4262 2414 350 
11455 2009 1812 3326 3919 
11456 1498 3038 1530 1495 
11457 956 3615 3182 3176 
11458 1255 1235 1256 3863 
11459 3153 3337 2987 3949 
11460 2491 2595 2590 3958 
11461 3182 3496 3252 4092 
11462 2858 3316 3113 3410 
11463 3127 3418 3804 4320 
11464 3979 3902 4196 3281 
11465 4490 2729 4434 1242 
11466 3218 3475 3064 4272 
11467 2016 1884 1881 3877 
11468 2723 4105 2992 3320 
11469 422 3271 4259 2744 
11470 917 915 928 3794 
11471 3216 3518 2718 3705 
11472 3263 2399 2524 4065 
11473 3089 3712 2880 3983 
11474 889 3914 3817 4284 
11475 3552 3750 2826 4167 
11476 2648 3207 3518 3913 
11477 4451 3123 39 1198 
11478 3056 2917 2946 3457 
11479 3316 3224 3894 3369 
11480 2627 2638 2649 3070 
11481 2170 3040 3413 3567 
11482 4490 2729 1242 3123 
11483 4037 3637 3725 1836 
11484 2635 3633 3165 4053 
11485 3822 4056 3038 4296 
11486 3071 4168 3795 2792 
11487 2381 3124 2542 3581 
11488 2499 2553 2604 3388 
11489 2870 3113 3776 4212 
11490 3483 3160 3358 2189 
11491 2283 2079 4594 3786 
11492 2279 4528 2245 2059 
11493 3115 3932 2793 4303 
11494 2847 3324 2682 3921 
11495 1271 4026 3381 4204 
11496 287 2206 288 3499 
11497 1361 3224 3823 4380 
11498 2251 4594 3306 2283 
11499 3323 3800 3579 2827 
11500 2958 2949 2843 4224 
11501 1326 1249 911 3418 
11502 2911 2970 2754 3094 
11503 3431 3235 4083 2827 
11504 2831 3332 3565 3734 
11505 1961 1811 3408 4135 
11506 3352 3295 4217 4251 
11507 2742 3147 3055 4011 
11508 1389 963 970 4036 
11509 2461 2460 2459 3953 
11510 1101 998 1040 3191 
11511 1655 1657 1720 3407 
11512 2689 4112 3668 3248 
11513 2024 3197 1980 3400 
11514 2210 3273 2121 3322 
11515 1161 1311 1076 3801 
11516 3397 3605 3044 4061 
11517 4440 4021 2863 2871 
11518 2946 4436 4443 425 
11519 2929 4040 3485 4311 
11520 123 4528 2259 2059 
11521 1032 1058 1057 3602 
11522 3385 3620 2699 3862 
11523 3749 4046 3642 3250 
11524 2667 2655 2626 3333 
11525 1678 1795 3503 4110 
11526 1956 3590 3276 3634 
11527 4060 3451 3323 3825 
11528 2854 3129 1252 3648 
11529 3381 1259 1260 4204 
11530 4108 3126 2696 4169 
11531 983 3223 1391 3843 
11532 2078 3835 2192 3338 
11533 3111 3288 3130 4106 
11534 1682 3591 1615 4323 
11535 1489 4427 2931 2930 
11536 1670 1666 1665 3489 
11537 2104 2105 2058 3282 
11538 2564 2508 2514 4257 
11539 2010 3466 3773 4367 
11540 4042 3824 2813 325 
11541 3145 3169 3530 3988 
11542 2776 4138 3238 4226 
11543 3236 4350 2957 2674 
11544 2790 3485 4311 2929 
11545 3350 1648 1654 1758 
11546 3479 3716 2268 3959 
11547 1007 1002 3394 3869 
11548 2749 2916 538 4298 
11549 2870 3776 3740 4212 
11550 3590 3408 2882 3606 
11551 1226 1158 4134 4371 
11552 4593 119 4564 2000 
11553 2860 3423 3255 3959 
11554 3387 3907 2684 4216 
11555 1762 1733 1660 3314 
11556 3064 3475 3218 4252 
11557 1718 1719 1774 3393 
11558 51 2758 566 2956 
11559 3563 4070 3811 4197 
11560 2802 2769 3146 3270 
11561 1869 3512 3612 4177 
11562 2967 3341 2966 2712 
11563 4310 1826 265 1972 
11564 1329 1402 3602 4159 
11565 2166 3358 4048 4155 
11566 2208 2201 2200 3646 
11567 3704 3042 4205 4239 
11568 1975 2023 3105 3460 
11569 2267 2264 3423 3576 
11570 1892 3231 2047 3303 
11571 3165 3538 3522 3633 
11572 1624 1621 3202 3828 
11573 282 2082 283 3917 
11574 3727 4456 3133 1691 
11575 288 3508 3499 3690 
11576 2185 3455 3500 4415 
11577 2680 3295 3936 4153 
11578 4593 2000 4564 3391 
11579 1990 4066 1846 4186 
11580 3906 4233 2971 4362 
11581 3974 1228 4120 1068 
11582 4474 2733 4023 3755 
11583 1278 4266 1298 3329 
11584 2394 3445 2582 3641 
11585 2972 3872 3767 4362 
11586 2977 4007 3374 3062 
11587 1525 2757 1546 4322 
11588 3334 2417 2426 3553 
11589 3062 3766 3216 3990 
11590 1279 3284 4392 1049 
11591 3228 376 3557 3659 
11592 3821 2695 3583 2874 
11593 950 953 3806 4086 
11594 2741 4350 2957 3168 
11595 2279 2259 4528 2059 
11596 2761 2688 3928 3929 
11597 4593 118 119 2000 
11598 4538 1437 4471 3455 
11599 3168 3427 2774 3826 
11600 3011 3416 3121 4134 
11601 677 71 70 4450 
11602 1665 3531 3489 4379 
11603 2923 3353 3191 2788 
11604 3111 3130 3491 4106 
11605 3375 3596 2604 3388 
11606 2650 2644 2628 3838 
11607 3057 3203 3108 4269 
11608 2773 2926 2722 3170 
11609 2125 2212 3363 3573 
11610 2074 3748 3571 3868 
11611 3072 3324 3976 4327 
11612 3189 2834 3443 3667 
11613 3275 3276 3144 4332 
11614 3508 3728 2948 3744 
11615 2154 3604 2157 3873 
11616 2476 2475 2474 3490 
11617 3943 3970 2779 4107 
11618 367 3198 2540 4404 
11619 2944 3215 3034 3506 
11620 2959 3674 3992 4002 
11621 371 2384 370 3575 
11622 972 3808 3343 3842 
11623 790 3491 4106 4202 
11624 3067 3724 3483 3873 
11625 962 3176 1460 4027 
11626 478 482 21 3132 
11627 3963 972 1343 3842 
11628 277 3296 276 3725 
11629 2667 3563 3333 4060 
11630 2690 3628 2757 3742 
11631 1647 3039 3033 3984 
11632 2151 2140 3145 3530 
11633 4255 4060 4049 3495 
11634 1165 3602 2933 3834 
11635 124 123 2059 4528 
11636 70 677 4450 4406 
11637 1768 3695 3436 3922 
11638 3697 2258 2201 3646 
11639 4528 4479 2059 124 
11640 2988 2989 2736 3463 
11641 3350 1656 1654 3640 
11642 3398 1782 4057 3600 
11643 1361 3823 3224 3982 
11644 1604 3100 1574 3623 
11645 1226 4134 3464 4371 
11646 3622 3755 2733 2885 
11647 2959 3360 1174 4044 
11648 1952 3087 3590 3634 
11649 288 3499 2070 3835 
11650 1013 1014 1015 3669 
11651 2697 3301 3956 4062 
11652 3599 3998 1392 4384 
11653 3540 3955 2801 4377 
11654 1714 1774 3436 3695 
11655 4593 4425 118 2000 
11656 3266 2469 2605 2467 
11657 2761 2688 3929 4093 
11658 3248 3682 261 3158 
11659 1076 1143 1035 3421 
11660 3061 3954 2771 2746 
11661 3166 3514 2723 3802 
11662 3261 2157 2257 3604 
11663 1231 3357 1401 3875 
11664 2949 3246 3116 3757 
11665 2180 2179 2184 3355 
11666 3377 3202 2879 3828 
11667 1142 1309 1432 3223 
11668 1999 1865 1851 3283 
11669 4528 4479 2245 2059 
11670 1665 3489 3531 4339 
11671 4425 2000 3391 2038 
11672 3879 3188 2886 3534 
11673 2739 3495 3740 4212 
11674 2052 2276 2275 3270 
11675 3385 3872 3051 3960 
11676 2686 4181 3952 4199 
11677 1034 1013 3121 4134 
11678 1810 3506 3213 3597 
11679 2850 3250 2910 3262 
11680 2845 3446 3421 3801 
11681 4060 3451 3825 2630 
11682 1038 3304 1110 4044 
11683 4479 3631 2245 3447 
11684 2716 3980 3533 4162 
11685 2679 2835 2935 4094 
11686 845 843 1249 3848 
11687 3243 3476 3169 4297 
11688 4430 2743 2831 3860 
11689 1412 885 1227 4166 
11690 2925 3550 3669 4050 
11691 1596 3402 1597 3492 
11692 1153 2790 1154 2929 
11693 2682 3798 3420 3799 
11694 2599 2478 3388 4158 
11695 1596 1614 1613 3359 
11696 3165 3633 3522 4242 
11697 4450 677 71 729 
11698 3846 3962 3083 4012 
11699 1725 3820 1581 3920 
11700 989 988 1012 4371 
11701 1924 1969 1974 3023 
11702 855 1241 854 3315 
11703 2885 2807 3174 3363 
11704 3469 3473 2877 4309 
11705 1179 3175 4383 3889 
11706 3273 3507 2806 4042 
11707 777 764 790 4106 
11708 3809 3982 3054 4020 
11709 1771 3505 3436 3531 
11710 153 719 4592 2938 
11711 2727 2752 2953 4363 
11712 2947 2948 2861 3508 
11713 2847 2682 3420 3921 
11714 2703 3074 4170 2875 
11715 3101 4209 3280 4250 
11716 1887 1885 3548 3149 
11717 1373 3286 941 3950 
11718 2232 2201 2231 3697 
11719 254 3721 1949 3964 
11720 1150 3237 1036 4150 
11721 2845 3446 3127 3593 
11722 2938 719 4592 2820 
11723 2968 3092 3568 4135 
11724 64 63 4420 815 
11725 3333 2777 3939 4255 
11726 1780 3339 1665 3531 
11727 2810 2965 3542 2676 
11728 2691 3997 3998 3223 
11729 1510 1513 2785 2987 
11730 955 3615 1189 3806 
11731 1095 3997 994 1142 
11732 2539 2603 2583 3265 
11733 4446 86 1486 2930 
11734 1144 1228 1417 3280 
11735 218 4503 217 3194 
11736 2968 3891 3408 4135 
11737 3449 3726 3062 3766 
11738 2776 2986 2717 3504 
11739 4455 3595 448 3764 
11740 2442 2433 2432 3482 
11741 2756 2811 2317 2832 
11742 2143 2137 2134 3243 
11743 2094 2093 3680 4378 
11744 2646 2647 2662 3256 
11745 3708 1721 3362 4376 
11746 850 851 3662 3927 
11747 3749 3642 4046 3243 
11748 3347 2484 3653 3414 
11749 153 4592 2338 2938 
11750 1259 1322 1061 3446 
11751 3112 3260 3005 4065 
11752 438 4431 385 428 
11753 306 2057 2172 3559 
11754 2465 2468 2504 3366 
11755 3364 3440 2939 4351 
11756 859 3846 3199 4103 
11757 2238 4521 2083 2239 
11758 2913 3613 3311 401 
11759 4200 4187 3473 3882 
11760 3191 4132 1040 4187 
11761 3271 3717 2706 4178 
11762 1425 3698 3186 3876 
11763 3189 2529 3575 3667 
11764 2864 3777 3462 4016 
11765 1129 3089 1128 3624 
11766 405 2710 3767 4362 
11767 1154 2929 2790 3599 
11768 2857 2703 3474 4213 
11769 959 3182 3176 956 
11770 3457 2815 3837 2946 
11771 1875 3535 3606 3759 
11772 2752 2954 2907 3253 
11773 1093 3430 4089 1202 
11774 777 766 3944 4237 
11775 2723 3142 2905 3632 
11776 1302 4142 3550 4385 
11777 3060 4054 2644 4137 
11778 3373 3721 254 3964 
11779 1701 3147 3520 4341 
11780 3414 2480 3931 3347 
11781 2536 3148 3635 4019 
11782 2729 2947 3110 3123 
11783 4370 3604 3873 2988 
11784 3357 3981 2812 4306 
11785 3021 3450 3259 3691 
11786 4086 4304 3806 3052 
11787 3246 1894 1920 1890 
11788 3192 2406 2585 358 
11789 677 729 4450 4406 
11790 2840 3252 3182 3496 
11791 2381 2541 3289 3581 
11792 399 4128 2839 4387 
11793 917 3779 915 3794 
11794 893 4022 3336 4302 
11795 3074 3200 3511 3201 
11796 674 4124 3923 4164 
11797 2859 3152 3040 3868 
11798 2348 2783 2830 4340 
11799 3957 4224 2715 3636 
11800 2263 2264 3576 3908 
11801 3377 2879 3202 2756 
11802 2141 3217 2142 4073 
11803 3878 3618 3844 2992 
11804 2158 3494 3405 4382 
11805 3188 1564 1760 1757 
11806 2966 3919 3326 4156 
11807 908 1263 906 3462 
11808 2224 296 3152 3650 
11809 2938 4592 2338 2820 
11810 2842 3420 3312 4119 
11811 3317 3979 3124 4096 
11812 4427 2911 2931 3283 
11813 1673 1677 1776 3219 
11814 3032 3081 3529 3984 
11815 3148 4409 3635 3135 
11816 1230 3615 963 4036 
11817 2750 3374 2701 3902 
11818 1284 4420 63 815 
11819 3118 2481 4281 2498 
11820 3340 3754 2738 3934 
11821 3224 3369 940 4413 
11822 3596 3760 2883 4256 
11823 1493 2763 1491 3352 
11824 2826 3012 3750 3059 
11825 2315 138 137 4527 
11826 3222 1921 1913 4055 
11827 2835 3384 3321 3558 
11828 2864 3720 3382 4016 
11829 3021 3956 3444 4163 
11830 3379 3493 2725 3913 
11831 2708 2885 3755 4365 
11832 734 4443 3056 603 
11833 2996 4260 4089 4289 
11834 2213 2214 2116 3516 
11835 4447 2338 4592 2820 
11836 340 4353 3902 339 
11837 3191 998 4132 4261 
11838 1286 3469 3883 4206 
11839 2136 2138 3530 4297 
11840 4427 2930 3283 2931 
11841 3083 3580 2951 3665 
11842 3846 868 944 863 
11843 1354 3674 3050 3896 
11844 954 953 1010 3497 
11845 1712 3529 1645 3984 
11846 3933 915 916 3950 
11847 1654 1656 1655 3640 
11848 2437 3847 3205 3942 
11849 2686 4410 332 3918 
11850 1044 1067 1098 3473 
11851 1657 1661 3407 4011 
11852 223 3239 1718 3859 
11853 3195 3605 816 4028 
11854 1362 3230 2869 4405 
11855 3152 294 3748 3425 
11856 1341 975 4009 3772 
11857 2698 3869 4361 4381 
11858 1264 1321 3361 3746 
11859 2137 2134 3243 4297 
11860 992 3561 1092 3889 
11861 3012 3731 3241 4063 
11862 3041 3580 3083 3665 
11863 3260 2422 2428 2429 
11864 2531 2530 2507 3380 
11865 2232 3322 3088 3697 
11866 1099 1100 1054 3361 
11867 4527 4591 718 2828 
11868 1559 1710 4047 4179 
11869 1721 1759 1578 3362 
11870 2315 2738 2324 4234 
11871 2151 3479 2268 3959 
11872 2697 3411 3068 4282 
11873 4440 4021 2871 4104 
11874 3706 4092 2998 3176 
11875 455 2729 2842 3906 
11876 3164 2812 3665 4245 
11877 2736 2988 3324 3687 
11878 647 648 2889 3300 
11879 1569 1729 3138 4165 
11880 1582 238 237 3470 
11881 1925 3197 3770 4067 
11882 2444 3639 3119 3644 
11883 2739 3060 3776 4054 
11884 2680 3775 3710 4205 
11885 3125 3044 3370 3740 
11886 2757 3409 3742 4395 
11887 3582 1941 1809 1935 
11888 233 3789 232 4047 
11889 879 3699 1316 3904 
11890 1645 3984 3529 4393 
11891 2933 3602 3313 2792 
11892 1203 1407 1038 3304 
11893 2568 3780 3334 3905 
11894 1936 1877 1880 3606 
11895 951 1189 1274 3353 
11896 2555 4109 2503 4281 
11897 4527 4591 138 718 
11898 4391 2989 2787 3463 
11899 3025 3373 3190 3964 
11900 3046 2885 3516 3573 
11901 1792 1787 3181 4402 
11902 2471 3966 2474 3989 
11903 4527 2738 2315 2828 
11904 1659 1657 1658 3505 
11905 968 1338 1406 3252 
11906 759 755 3293 778 
11907 2982 2912 2707 2773 
11908 3363 2262 2125 4412 
11909 3642 3696 3250 4046 
11910 2105 3282 2104 3707 
11911 1332 3416 1159 1325 
11912 2801 2359 2818 3955 
11913 1711 1572 3251 3884 
11914 3375 4019 2835 3388 
11915 4236 2689 2791 3254 
11916 1450 1137 1383 3431 
11917 4327 3244 3451 3077 
11918 2124 2126 3507 4292 
11919 3398 1782 3600 1738 
11920 2793 2970 643 3328 
11921 3797 925 927 4081 
11922 1292 1232 3410 4331 
11923 360 4096 3124 4409 
11924 163 1258 164 4449 
11925 3664 3145 2787 3169 
11926 2431 2432 2429 3652 
11927 4428 4527 2315 137 
11928 447 415 2893 2894 
11929 3023 3459 3151 2791 
11930 2626 2664 3333 3971 
11931 3175 1331 1179 3969 
11932 2570 3546 2615 3896 
11933 2540 3198 367 3577 
11934 1725 3789 233 3820 
11935 2897 3135 2779 4107 
11936 3364 3502 3080 3840 
11937 1800 1638 1735 3472 
11938 1223 3883 3027 4075 
11939 4428 4527 2738 2315 
11940 2643 3178 2628 4054 
11941 4458 4570 78 536 
11942 4503 1753 4526 4373 
11943 3493 3913 3379 3793 
11944 3949 3870 2791 3023 
11945 2837 4079 3954 3061 
11946 937 3601 935 4337 
11947 3196 4126 2778 3493 
11948 1048 1387 3284 3937 
11949 2339 2346 2357 4232 
11950 2817 3263 3228 3551 
11951 1860 1859 3512 3556 
11952 2241 2224 2170 3567 
11953 4503 1753 195 4526 
11954 1182 879 876 4272 
11955 4447 2338 152 4592 
11956 2365 3643 2711 2335 
11957 2244 2245 2279 3631 
11958 2661 3427 3206 3663 
11959 332 21 3132 4351 
11960 2805 3003 2848 3765 
11961 2010 3773 3466 4223 
11962 2934 3616 3204 4031 
11963 2836 2910 2699 3688 
11964 1021 1210 1301 3409 
11965 3148 4001 2536 2535 
11966 3324 3382 3077 4265 
11967 2762 3999 3325 4180 
11968 2937 3830 3557 3857 
11969 4449 1429 163 1258 
11970 2726 2909 2806 3824 
11971 1680 1575 1779 3170 
11972 2338 152 4592 153 
11973 2236 2284 2084 3545 
11974 741 3271 808 4349 
11975 2575 3847 2437 3942 
11976 4077 2722 2773 3433 
11977 326 3077 4140 4247 
11978 2341 4085 2727 4340 
11979 3092 3276 3275 4135 
11980 2747 3668 4112 3248 
11981 162 749 810 4004 
11982 1701 1666 1674 3520 
11983 2757 3245 3129 4186 
11984 2561 2512 2440 4218 
11985 3077 2736 3488 4140 
11986 4124 692 591 3390 
11987 429 2947 2729 3123 
11988 1702 1703 240 3452 
11989 1801 3503 1795 4402 
11990 3018 2720 3673 3826 
11991 2737 2993 2893 3314 
11992 2786 2899 2697 3444 
11993 3276 3408 2881 3590 
11994 1708 1792 1787 3181 
11995 2869 4445 2846 3139 
11996 3428 3524 3028 3737 
11997 422 3271 2744 3827 
11998 4147 3940 3244 3894 
11999 2698 3869 3394 4361 
12000 4527 2305 4591 2828 
12001 3323 3825 3495 4060 
12002 405 3872 403 4362 
12003 464 3595 3299 4338 
12004 1849 1848 3570 4229 
12005 3847 2424 3734 2436 
12006 4527 2305 138 4591 
12007 1767 1724 1650 4282 
12008 2872 3869 3718 4381 
12009 3437 4210 3474 4213 
12010 3007 3014 2904 3490 
12011 334 3538 3633 3668 
12012 3132 3364 332 4351 
12013 1668 1763 3729 3926 
12014 2305 2766 139 4591 
12015 3088 4271 2117 3308 
12016 2872 3718 2983 4381 
12017 1130 816 3605 4028 
12018 1309 3421 3223 4009 
12019 3491 4028 3195 4307 
12020 3028 3428 2676 3524 
12021 399 400 4128 4387 
12022 2766 4591 2305 2828 
12023 339 3374 3902 4231 
12024 2513 3292 378 3659 
12025 1349 1220 3433 4136 
12026 1706 1569 3471 4280 
12027 1870 1988 1872 3341 
12028 917 1203 3779 3794 
12029 2944 2855 3297 3683 
12030 2733 3003 2945 3439 
12031 2647 2632 2648 3518 
12032 3072 2751 3686 3324 
12033 2305 139 138 4591 
12034 869 3383 1209 4208 
12035 3303 1887 3231 3149 
12036 891 1262 3336 4414 
12037 2787 2990 2903 3874 
12038 2839 2913 2912 3362 
12039 2735 3435 3030 3742 
12040 2179 3355 2180 4286 
12041 3433 3723 2955 4077 
12042 842 1183 840 3739 
12043 3661 3544 3235 3293 
12044 2965 3193 3108 3660 
12045 2915 3890 3369 4413 
12046 1401 1410 3981 4306 
12047 1367 3268 1039 1381 
12048 860 1240 1113 3638 
12049 2029 1995 2002 3648 
12050 3397 1382 1180 4383 
12051 680 3437 4254 582 
12052 3125 3370 3044 4061 
12053 1264 3361 1408 3746 
12054 2604 2499 3388 3596 
12055 3147 3489 3055 4379 
12056 3061 3577 3289 3991 
12057 2841 4180 3865 4330 
12058 1892 1960 2051 3303 
12059 2901 3098 3701 2902 
12060 4526 195 194 1753 
12061 4543 4449 164 1258 
12062 2718 3041 3052 3214 
12063 21 2672 4114 4351 
12064 1662 3147 4011 4379 
12065 1515 3014 1504 2963 
12066 1526 1506 3356 3468 
12067 2859 2906 3143 3571 
12068 908 906 902 3890 
12069 3031 3237 4118 4161 
12070 4224 4273 4236 3562 
12071 2524 2525 3263 4065 
12072 3077 3976 3324 4327 
12073 2584 374 2385 3551 
12074 469 4540 3424 4384 
12075 3832 3212 2927 3753 
12076 2677 3579 3323 3800 
12077 3448 3861 3351 4152 
12078 3077 3451 2736 4140 
12079 2258 4240 3646 4243 
12080 954 3182 3497 4175 
12081 3839 3925 2800 4146 
12082 2787 3664 324 3935 
12083 1640 3057 1639 3396 
12084 3182 2840 3497 4175 
12085 2510 3644 3106 3781 
12086 895 905 1236 4302 
12087 1762 3251 1572 3314 
12088 1167 901 909 3844 
12089 2823 3619 2924 4249 
12090 1591 218 1599 3212 
12091 2835 2883 3375 3596 
12092 424 390 2744 3622 
12093 3702 2923 2788 2675 
12094 3139 4463 2577 2566 
12095 3207 3610 3060 4137 
12096 1184 1126 1416 4063 
12097 336 3705 3042 4314 
12098 1522 2767 2752 4087 
12099 1146 3823 1361 3982 
12100 3165 3839 2800 4053 
12101 316 483 481 4114 
12102 2860 3090 2821 2745 
12103 2334 4555 4131 4034 
12104 418 393 447 4172 
12105 2850 2748 3767 4102 
12106 1180 1179 1458 4383 
12107 3300 4494 2044 1838 
12108 995 2790 1153 3309 
12109 4059 3550 3948 3371 
12110 2705 3364 3132 3440 
12111 332 2672 21 4351 
12112 4097 3016 4048 3358 
12113 2458 2460 2532 3342 
12114 1479 4104 1541 4169 
12115 451 2773 4077 4387 
12116 1089 3674 1354 3896 
12117 2827 3333 3563 4060 
12118 2220 3642 3250 3749 
12119 4567 4077 3813 3433 
12120 3323 4049 2827 4060 
12121 2082 3545 2179 3983 
12122 3016 3632 2704 3712 
12123 2720 4247 3256 3940 
12124 3946 219 3832 1686 
12125 2717 3619 3965 3440 
12126 1903 1902 1904 3614 
12127 3254 3796 489 4222 
12128 997 1381 1039 3268 
12129 2432 3112 2430 3652 
12130 4449 1429 4004 163 
12131 2791 2689 2799 3034 
12132 3100 3492 3099 4127 
12133 4416 4373 4526 1753 
12134 3281 3990 4398 3164 
12135 1124 1319 4098 4150 
12136 317 2654 3526 3911 
12137 4526 4416 1753 194 
12138 2875 4410 4170 2703 
12139 2186 4184 2177 4415 
12140 2857 2703 3074 4170 
12141 2770 3671 3120 3867 
12142 2864 3462 3221 4081 
12143 2803 3055 2851 4344 
12144 2814 3281 3979 2762 
12145 2983 3075 3024 4038 
12146 434 435 400 3331 
12147 389 2948 2947 3123 
12148 2693 2798 3544 4076 
12149 2925 2926 2722 4039 
12150 2608 2566 4463 3230 
12151 4074 4362 3799 2971 
12152 1648 3529 3640 4393 
12153 2816 3122 2761 3780 
12154 938 989 1226 4264 
12155 2271 292 291 3571 
12156 2751 3085 3686 4321 
12157 976 1036 1150 3237 
12158 2950 2781 3351 4152 
12159 1471 3504 939 3834 
12160 1707 1561 233 3532 
12161 788 3288 746 777 
12162 1492 4100 2709 2763 
12163 1439 1345 3698 3876 
12164 903 3890 907 4413 
12165 400 3853 3428 4128 
12166 998 3191 4036 4261 
12167 1837 1941 3378 4311 
12168 3416 1365 4159 1325 
12169 1054 1099 3361 4095 
12170 3389 3822 3073 4007 
12171 2840 3179 3850 4360 
12172 4106 4392 3130 4028 
12173 2681 3132 3440 3619 
12174 4327 3244 3077 3976 
12175 2881 3408 3276 3955 
12176 2748 2981 2749 3900 
12177 2770 3120 3432 4270 
12178 2354 4531 4164 2346 
12179 2720 3480 3826 4064 
12180 2693 2798 2990 3874 
12181 771 3643 344 4045 
12182 3020 3124 3317 3979 
12183 3975 4120 3082 4166 
12184 3416 1365 1325 1332 
12185 1257 3718 1064 3869 
12186 3320 3561 3017 3621 
12187 1662 3147 1669 3941 
12188 2519 2409 2518 3171 
12189 616 701 94 2898 
12190 1281 1431 3069 4263 
12191 1185 3937 2734 3938 
12192 3416 3795 2687 3011 
12193 1727 3193 1726 3585 
12194 2142 2221 2241 4355 
12195 3181 1686 3946 3832 
12196 1732 1766 3501 3534 
12197 2961 3598 3400 3851 
12198 2335 2350 3629 4183 
12199 489 493 499 3562 
12200 863 1244 944 3846 
12201 879 1316 1291 3904 
12202 3069 1419 4262 1418 
12203 2835 3915 3384 4094 
12204 1436 996 1475 4204 
12205 1889 3548 1890 3656 
12206 781 4028 3491 4307 
12207 2794 4003 3704 4112 
12208 2693 3463 2798 4076 
12209 2144 2142 2170 3413 
12210 989 4264 988 4371 
12211 3066 3376 3100 4069 
12212 2431 3652 2436 3847 
12213 3223 3843 2789 3997 
12214 2994 3232 3638 3895 
12215 183 184 4467 1541 
12216 1925 2024 1903 3770 
12217 1754 3137 3219 4059 
12218 1698 1605 1606 3376 
12219 2801 2818 2359 2336 
12220 3473 3883 3882 4132 
12221 952 955 1189 3806 
12222 3637 3341 2889 3528 
12223 2412 4483 4486 3896 
12224 1048 3284 1000 4333 
12225 1278 4266 3329 3592 
12226 2792 4050 3795 4142 
12227 2558 2457 3253 3649 
12228 2667 2642 4060 4255 
12229 287 3508 286 3709 
12230 1126 3430 1416 4063 
12231 3795 4050 3121 4142 
12232 2876 3481 3093 2728 
12233 3011 3236 4080 4241 
12234 988 4264 3291 4371 
12235 58 4535 4586 458 
12236 1752 1590 1799 3539 
12237 4088 588 53 4431 
12238 2840 4175 3252 4360 
12239 945 1238 4012 4319 
12240 2143 3243 3642 3749 
12241 2947 2861 3499 3508 
12242 3833 3100 1604 3623 
12243 2744 3103 2885 3573 
12244 2847 4097 3312 4119 
12245 505 3599 517 4384 
12246 1233 3510 1244 4103 
12247 1854 3543 3435 3807 
12248 3443 2434 2516 3715 
12249 665 2733 636 4023 
12250 3231 3548 2973 3149 
12251 3666 1134 833 4138 
12252 3469 4104 3126 4169 
12253 52 53 588 4431 
12254 3192 4375 3135 4096 
12255 551 598 688 2731 
12256 3201 3200 4325 4326 
12257 850 3662 3241 3927 
12258 2803 2792 3219 4050 
12259 3397 1074 1213 3605 
12260 2121 3322 3507 4271 
12261 2880 2704 3624 3746 
12262 3238 3965 3210 4138 
12263 1052 2853 4006 1187 
12264 2770 3671 2700 3915 
12265 2683 3633 3522 4112 
12266 2720 3256 3673 3826 
12267 1860 1861 1857 3556 
12268 1464 1172 1110 3674 
12269 3073 4087 3390 4124 
12270 1416 1202 1461 3430 
12271 2212 3516 3363 3573 
12272 1437 1005 4471 3455 
12273 2129 3647 3642 4292 
12274 3587 2986 4402 4110 
12275 3307 3774 1634 4313 
12276 1055 4086 3214 4260 
12277 2176 3209 2175 3898 
12278 3127 2845 3367 4364 
12279 3124 3979 3063 4096 
12280 353 2382 2522 4246 
12281 1138 3504 2776 4138 
12282 3882 4132 3191 4187 
12283 2648 2662 3207 3913 
12284 3128 3131 2895 3745 
12285 2726 3960 3900 4005 
12286 1382 1213 816 3195 
12287 2740 421 392 453 
12288 3339 4033 4110 4339 
12289 3106 2543 2584 3228 
12290 3346 3126 2760 2696 
12291 3448 4262 3069 4043 
12292 2509 3667 2526 3836 
12293 3062 3449 3766 3990 
12294 1474 2034 1835 3655 
12295 895 1236 4129 4302 
12296 1258 3661 4449 4316 
12297 885 4120 1227 4166 
12298 4168 3852 3784 3537 
12299 2431 3482 2441 2432 
12300 1677 3318 3549 3219 
12301 2358 3429 337 4007 
12302 3101 3480 2778 3054 
12303 3082 4120 3662 4166 
12304 2823 3032 2686 4249 
12305 588 3340 4431 4088 
12306 3513 3534 2991 3768 
12307 1118 1210 1022 3655 
12308 4521 2237 2083 2285 
12309 3612 1866 4188 3771 
12310 3157 3924 3084 4116 
12311 2545 2395 4111 4335 
12312 2399 3260 2429 4065 
12313 3811 4408 783 3431 
12314 4133 3929 3441 3134 
12315 2766 3150 3163 3751 
12316 637 4143 636 3091 
12317 2681 3965 3238 4172 
12318 3204 3616 3409 3963 
12319 1737 1620 1769 3404 
12320 1709 235 3532 3887 
12321 58 4535 4 669 
12322 2790 3997 995 3998 
12323 2925 3137 3778 4059 
12324 2571 2438 2424 3205 
12325 752 4543 4449 164 
12326 2083 4521 125 2239 
12327 3296 278 3725 277 
12328 2936 3190 3084 3677 
12329 1683 1682 1615 4323 
12330 4416 3948 4462 1017 
12331 4060 3451 2630 3579 
12332 2677 3800 3320 4327 
12333 2676 3428 3028 3853 
12334 2659 3663 4163 329 
12335 1151 1406 1338 3252 
12336 3436 3339 1780 3531 
12337 1144 1245 3280 4394 
12338 1110 3304 1407 4010 
12339 400 3428 402 4130 
12340 3795 4168 2851 2792 
12341 999 3933 3156 4154 
12342 2686 3032 2823 4199 
12343 2717 3619 3440 3537 
12344 1844 1853 3245 4318 
12345 1684 1760 1612 3591 
12346 4467 1541 184 4104 
12347 1925 1966 2021 4067 
12348 4448 207 206 2247 
12349 3216 3062 3990 4398 
12350 413 4088 3960 4299 
12351 1980 3400 3197 3683 
12352 3629 3643 2700 3671 
12353 1790 1731 1570 3871 
12354 2680 3775 3429 4296 
12355 4467 3469 1541 4104 
12356 3810 4075 2877 4399 
12357 3438 3726 3062 3775 
12358 4500 2086 281 2287 
12359 1845 4201 2034 1841 
12360 3228 2820 3372 3659 
12361 3241 2997 3662 4167 
12362 3286 942 4306 1400 
12363 1757 1564 244 3481 
12364 2452 2581 2587 3644 
12365 2984 3718 3242 4388 
12366 1165 1329 3602 3834 
12367 2404 3375 3635 3290 
12368 2922 2976 397 2844 
12369 951 952 1189 3806 
12370 2631 4230 2668 2658 
12371 3270 2274 2276 4397 
12372 2540 3161 2601 3611 
12373 3196 4126 3493 2997 
12374 371 2529 3575 4275 
12375 2692 4101 3533 3237 
12376 4142 1159 4134 3416 
12377 3213 3215 2944 3506 
12378 3519 1453 1082 1304 
12379 3136 3978 3797 4337 
12380 2056 2202 3258 3761 
12381 4500 209 4590 2287 
12382 3221 3890 3462 4123 
12383 3220 268 267 3568 
12384 915 3779 3346 3794 
12385 524 4131 3855 4273 
12386 4512 461 2740 4534 
12387 4495 1335 2929 2854 
12388 2395 2587 2537 3781 
12389 1945 3554 3637 4188 
12390 1432 3223 1309 3424 
12391 4500 2086 2287 4590 
12392 647 3047 2889 721 
12393 209 4590 2287 2252 
12394 2349 2364 3629 3671 
12395 1976 3105 3657 3275 
12396 1853 3245 3435 3543 
12397 3910 2849 2836 3798 
12398 1319 3277 1339 4098 
12399 3250 3262 2219 3749 
12400 2476 3730 2479 3931 
12401 3214 4260 2996 4289 
12402 3080 3911 3866 4364 
12403 323 3563 2651 3579 
12404 4238 4245 3950 4252 
12405 1669 1803 1738 3398 
12406 1120 4159 4142 4385 
12407 2693 3800 3544 3235 
12408 1470 1076 1322 3446 
12409 1988 1872 3341 3528 
12410 3052 3041 3792 3214 
12411 3290 3124 3135 4409 
12412 2435 3715 2433 3903 
12413 2412 4483 3896 2615 
12414 3076 3898 3085 4155 
12415 505 537 517 3599 
12416 4446 3257 2822 696 
12417 3470 1731 237 1582 
12418 1165 3834 2933 4317 
12419 3580 1238 4012 1047 
12420 4006 4263 4043 3069 
12421 1256 3863 3580 4238 
12422 2167 2166 4048 4155 
12423 450 3186 3876 457 
12424 3297 3682 1819 3506 
12425 4499 1082 1433 1305 
12426 3933 2841 3346 3950 
12427 485 513 504 3526 
12428 1797 106 4516 4477 
12429 2163 2161 2162 3494 
12430 2735 3628 2941 3742 
12431 2086 282 2087 3233 
12432 2911 3094 2931 3570 
12433 1581 3585 1726 3920 
12434 2726 2314 2806 4015 
12435 3251 1652 1758 1711 
12436 2837 4079 3061 3289 
12437 2843 2949 2808 3957 
12438 3729 4282 1763 4386 
12439 4590 2287 2252 2086 
12440 4589 8 686 614 
12441 3087 3586 3115 4122 
12442 2742 3147 4011 4062 
12443 590 3923 674 4124 
12444 2730 2843 1514 3636 
12445 2049 1984 1923 3459 
12446 352 3448 3351 4043 
12447 874 889 3817 4284 
12448 1787 3393 3180 3587 
12449 4355 3688 4046 2910 
12450 1146 1361 1398 3982 
12451 2717 3339 2986 2892 
12452 4427 88 1482 2754 
12453 2818 2801 3092 4215 
12454 782 746 3288 777 
12455 2674 3584 4080 4241 
12456 2965 3108 3377 3660 
12457 2765 2857 3474 4210 
12458 2875 3184 3074 3511 
12459 2717 3537 3440 3666 
12460 2950 3445 3185 3967 
12461 1186 1204 1362 2853 
12462 2559 2449 3043 3649 
12463 3190 3745 3128 3893 
12464 3238 3965 2776 4172 
12465 4503 3194 3212 1169 
12466 3280 3809 3101 4250 
12467 2924 3081 2899 3640 
12468 2866 3199 3846 4103 
12469 1601 3137 3778 3752 
12470 4559 562 3812 4406 
12471 4589 3578 686 3588 
12472 1482 4427 2754 2931 
12473 3099 3833 3100 4127 
12474 337 3429 336 3705 
12475 3050 3674 1354 4010 
12476 1949 1950 2895 3582 
12477 1127 1346 1274 4187 
12478 1965 3924 1821 4116 
12479 937 936 935 3601 
12480 2419 2567 2566 3139 
12481 2462 2558 2596 3864 
12482 1052 2853 1186 3937 
12483 2890 4025 2701 4231 
12484 2697 3956 2899 4062 
12485 3078 4019 2835 4094 
12486 3318 4110 4033 4339 
12487 3618 3844 2992 4276 
12488 3971 347 4070 2626 
12489 2937 3557 3260 3857 
12490 2717 3965 3619 2892 
12491 1497 1493 1533 3352 
12492 4555 4506 12 319 
12493 2951 3286 4238 4245 
12494 2700 3915 3321 4051 
12495 891 3914 3336 4022 
12496 436 435 3331 3484 
12497 3451 4140 3077 4247 
12498 2491 3736 2595 3958 
12499 340 4231 4025 2341 
12500 2528 2495 2614 3780 
12501 2813 4046 3243 4355 
12502 1340 3284 3738 3985 
12503 2877 3027 3882 3883 
12504 881 878 880 3475 
12505 1411 1209 3975 4208 
12506 2811 3026 2764 3200 
12507 914 925 3523 4081 
12508 2198 3479 3425 3716 
12509 429 38 4490 4434 
12510 3236 3168 3888 2957 
12511 4037 3637 1836 3300 
12512 4478 3186 457 3876 
12513 2122 3322 2231 3697 
12514 1349 1220 824 3433 
12515 686 4589 614 3578 
12516 2743 2898 4430 2831 
12517 788 168 4419 4424 
12518 2728 3437 4210 4254 
12519 1596 1613 1597 3402 
12520 3493 3610 3207 3793 
12521 2769 3442 3270 4038 
12522 1711 3613 3251 4179 
12523 2838 3211 2874 3406 
12524 496 3595 497 4181 
12525 146 147 716 4426 
12526 261 3248 3158 3924 
12527 2154 2150 2157 3604 
12528 2412 4483 2615 210 
12529 2198 3425 295 3716 
12530 1230 963 1389 4036 
12531 3253 3399 3009 3864 
12532 2633 3526 2654 3714 
12533 3024 4038 2769 4361 
12534 3039 3532 3033 2768 
12535 2897 3641 3445 3970 
12536 229 3884 3613 4376 
12537 1535 2822 2730 1486 
12538 814 3134 4133 3441 
12539 1278 1298 1122 3329 
12540 1680 3137 1601 3752 
12541 3102 3380 3594 3667 
12542 877 1317 880 3475 
12543 1083 1401 1231 3357 
12544 4237 4094 3915 2679 
12545 3013 3053 2981 3646 
12546 3415 2939 3537 3666 
12547 3076 3898 2983 4381 
12548 1234 1219 1349 4039 
12549 3479 3530 3090 3959 
12550 496 3299 464 3595 
12551 4183 2365 4489 4389 
12552 3154 3908 3423 4292 
12553 3019 4027 3615 4036 
12554 2010 256 257 3466 
12555 2852 3436 3339 2892 
12556 1926 3400 3287 3770 
12557 978 1041 1035 3593 
12558 3300 4574 1997 4037 
12559 2280 2184 2179 3355 
12560 4569 4589 8 686 
12561 1436 3240 996 4204 
12562 241 1732 1766 3501 
12563 2540 3498 3161 3577 
12564 4569 4589 686 3588 
12565 2944 3034 2799 3668 
12566 3138 237 3887 236 
12567 3674 4002 3304 4010 
12568 2681 3733 3299 3856 
12569 3024 3075 2277 3442 
12570 3363 2262 4412 3908 
12571 1262 3336 3969 4302 
12572 1509 3007 2775 1502 
12573 3071 3795 3416 2792 
12574 682 4430 3860 683 
12575 1909 3515 1907 4346 
12576 1858 1856 1849 3570 
12577 2445 3119 2444 3517 
12578 4459 473 3599 517 
12579 3134 3441 794 3938 
12580 2886 3481 2876 2728 
12581 2988 3463 2751 4370 
12582 568 541 569 2758 
12583 2364 3643 3671 4045 
12584 497 2703 4181 3595 
12585 2802 3269 3146 4121 
12586 2834 3380 3102 3667 
12587 2687 3739 3416 3011 
12588 3173 4239 2675 2788 
12589 2764 2686 3918 4410 
12590 1270 3823 3410 4380 
12591 2479 2549 2498 3118 
12592 2106 2282 3707 4372 
12593 1525 2854 2838 3129 
12594 1604 1605 3100 4127 
12595 1119 1120 4142 4385 
12596 3510 3846 1244 4103 
12597 2534 3148 3641 4375 
12598 3302 3568 2968 4377 
12599 3154 3647 3507 4292 
12600 2705 3259 3537 3852 
12601 1845 2034 3204 3655 
12602 3971 347 2626 346 
12603 4180 4300 4411 3865 
12604 3226 3553 2415 4405 
12605 2840 3252 3179 4360 
12606 746 169 4460 4419 
12607 3067 2988 3724 3873 
12608 4241 3795 3011 2687 
12609 1572 1733 3314 3884 
12610 162 1353 826 4004 
12611 963 3615 4027 4036 
12612 85 1486 4588 4446 
12613 4463 3226 4563 2573 
12614 1563 1702 3845 4357 
12615 2686 4181 3678 4410 
12616 3064 3218 3865 4252 
12617 2557 2466 2461 3267 
12618 2985 2828 3150 4234 
12619 2540 366 2383 3577 
12620 3179 4266 1131 4360 
12621 363 2541 364 3289 
12622 2190 3483 3338 4097 
12623 3385 3862 2726 4013 
12624 2430 3112 2433 3715 
12625 3662 3280 1417 4120 
12626 4123 4413 2915 4008 
12627 2141 3234 3217 4073 
12628 2690 2819 3710 2702 
12629 2435 2448 3715 3903 
12630 3697 3053 2981 3900 
12631 3005 3189 3263 3629 
12632 1943 3590 3556 3606 
12633 3249 367 2402 3930 
12634 1490 2932 2920 3172 
12635 954 3497 1010 4175 
12636 1113 1292 3410 4331 
12637 2261 3250 2220 3696 
12638 2860 3530 3423 3959 
12639 2841 4180 3325 4267 
12640 3033 1707 3532 3039 
12641 1745 1586 3386 3578 
12642 2708 3755 3717 4365 
12643 3519 1453 1304 3050 
12644 3286 942 1400 941 
12645 2835 3029 2883 3596 
12646 2614 2394 3109 3905 
12647 4166 1229 848 885 
12648 4588 4446 1486 2822 
12649 2697 3068 3411 2810 
12650 2687 3259 3691 3852 
12651 1167 909 1046 3514 
12652 2803 2851 3055 3489 
12653 365 2538 2383 3577 
12654 2996 3430 3179 3574 
12655 2810 3301 3068 3912 
12656 3814 3860 801 4113 
12657 2746 4369 2935 4107 
12658 3147 3489 4379 3520 
12659 2875 2768 2759 2978 
12660 329 3301 330 3542 
12661 2716 2936 3589 3893 
12662 3012 3418 3804 3059 
12663 1196 3139 2869 3230 
12664 2809 3808 3343 3881 
12665 723 3079 2766 3812 
12666 176 4536 177 796 
12667 3706 4118 3237 4161 
12668 1894 1896 1895 3656 
12669 1868 1939 1870 3612 
12670 2973 3149 3548 3818 
12671 3416 3795 3121 4142 
12672 159 2407 4524 4525 
12673 2141 3234 2229 3988 
12674 2705 3364 3259 4295 
12675 1554 85 1486 4588 
12676 2993 3505 2924 3619 
12677 3810 1530 3038 3994 
12678 2790 3309 995 4305 
12679 2692 3980 3533 4400 
12680 2799 2791 3034 3215 
12681 1013 1014 3669 3854 
12682 506 3815 477 3995 
12683 3873 2156 3405 4382 
12684 3599 3796 2691 4384 
12685 3108 3542 330 2697 
12686 3563 3811 3235 4197 
12687 1889 1893 2047 3231 
12688 3285 2011 275 1970 
12689 2805 3765 3279 4193 
12690 3826 3015 3327 4064 
12691 3092 2968 3568 4377 
12692 705 548 725 2829 
12693 2809 3036 3842 3963 
12694 1827 3586 1951 4122 
12695 3039 3307 3032 3984 
12696 3533 3980 2794 4400 
12697 1585 1749 1756 3948 
12698 2935 2746 3135 3290 
12699 2759 2979 2768 432 
12700 1332 3739 1183 4208 
12701 1298 1414 1122 3329 
12702 1618 4018 1616 4345 
12703 3089 2880 3355 4286 
12704 2882 3087 2881 3590 
12705 1095 3997 1142 3998 
12706 3045 3439 3837 4244 
12707 2635 4314 4053 2627 
12708 1774 3436 3393 3587 
12709 1945 1866 3554 4188 
12710 2985 2758 3066 3376 
12711 2691 3424 3223 3998 
12712 4586 637 2815 3622 
12713 4118 4162 4009 3031 
12714 2010 3773 1822 4367 
12715 1286 1208 3473 1098 
12716 650 4588 3681 2822 
12717 1724 1651 1770 3411 
12718 1559 230 1711 3613 
12719 1240 3638 866 4331 
12720 3491 3605 3195 4028 
12721 1320 3238 825 4226 
12722 2638 2639 3183 2637 
12723 4405 2520 3700 2417 
12724 1520 2743 2901 2898 
12725 3367 3165 4053 4230 
12726 1698 1605 3376 4069 
12727 2965 3108 2756 3377 
12728 2493 2590 2523 3527 
12729 2864 3523 3221 4064 
12730 2645 2644 2646 3060 
12731 2778 3480 3101 4209 
12732 1541 3468 4206 1531 
12733 2087 3679 2062 4145 
12734 2704 3777 3072 3921 
12735 3067 3604 3261 3687 
12736 1270 3410 1023 4380 
12737 2459 2456 2462 3399 
12738 3300 3554 3257 3637 
12739 2496 3122 2586 4001 
12740 2936 2794 3084 3190 
12741 159 2407 160 4524 
12742 926 914 925 3523 
12743 2739 3740 3776 4212 
12744 2752 2907 3009 3253 
12745 2994 3817 3310 3962 
12746 2358 2359 3540 3564 
12747 2988 3324 2751 4327 
12748 2208 2201 3646 3697 
12749 3043 2447 3639 3536 
12750 2893 2993 2892 3436 
12751 2943 3004 410 3827 
12752 3260 3652 2429 4065 
12753 2678 3865 3454 4300 
12754 2781 3722 4216 4333 
12755 2496 2592 3347 4001 
12756 3054 3982 3823 4020 
12757 1467 1006 3500 3603 
12758 3280 1245 3974 4394 
12759 3764 4210 3437 4213 
12760 3646 2172 2057 3559 
12761 2752 2954 2953 4363 
12762 1584 1750 1791 3159 
12763 1058 3313 1364 3727 
12764 1951 1857 3087 3586 
12765 1554 4588 1486 3681 
12766 1820 1952 3590 3634 
12767 2874 1510 2987 1542 
12768 2962 3273 3647 3696 
12769 3880 1265 1225 856 
12770 2530 2509 2453 3594 
12771 1890 3547 3246 3548 
12772 3177 3907 3395 4300 
12773 1667 1714 1774 3436 
12774 4126 3232 3199 3880 
12775 2531 369 370 3575 
12776 1039 4132 998 4261 
12777 207 2247 4448 4461 
12778 2013 1922 1954 4149 
12779 1189 3615 3353 3806 
12780 2936 2794 3190 2716 
12781 419 2759 3595 2768 
12782 1458 3969 3397 4383 
12783 2910 2850 3262 3567 
12784 2422 2436 2431 3652 
12785 206 1005 4448 4471 
12786 2051 1963 1964 3302 
12787 4368 4223 3466 3773 
12788 1780 1774 1719 3587 
12789 2056 2207 3461 3692 
12790 2157 3873 3604 3067 
12791 3463 4327 3579 4391 
12792 2507 3380 2530 3594 
12793 3048 4009 3772 4162 
12794 1539 3558 3384 4133 
12795 2787 2989 2813 3234 
12796 2727 3977 3390 4363 
12797 2693 2990 2787 3874 
12798 3551 4274 4111 4275 
12799 411 403 3484 4362 
12800 3603 4545 1356 4461 
12801 877 878 876 3475 
12802 1124 3036 3842 4150 
12803 489 500 4182 4222 
12804 4408 1275 4083 822 
12805 1775 1734 3184 3513 
12806 2540 2583 3161 3498 
12807 3107 583 596 3672 
12808 4524 3332 4525 2407 
12809 844 1209 869 3383 
12810 2801 2944 3719 4192 
12811 2459 2458 2456 3626 
12812 399 2844 2839 4128 
12813 444 392 4433 3392 
12814 1004 4448 1005 3500 
12815 3580 1238 1047 1239 
12816 1929 1917 1918 3211 
12817 4536 2743 3860 4141 
12818 1811 1936 1957 3408 
12819 235 3138 3820 3887 
12820 2986 2776 3503 3504 
12821 2811 2832 2756 3202 
12822 2722 2982 2803 3791 
12823 2856 3213 3302 4377 
12824 2662 2640 2629 3196 
12825 1403 1310 3433 3813 
12826 3050 4002 3319 4257 
12827 1042 3593 3592 4320 
12828 3346 3933 1294 4154 
12829 326 2699 3824 4140 
12830 1586 1682 1683 4323 
12831 2612 4524 2407 3332 
12832 1987 3486 1891 3547 
12833 2916 3525 3104 4298 
12834 1249 843 911 3848 
12835 2351 3693 4131 4235 
12836 522 473 537 3419 
12837 1649 1648 3640 4393 
12838 2679 2935 2746 4369 
12839 1321 1264 908 3746 
12840 3978 3689 3136 3797 
12841 264 1819 263 3506 
12842 2433 3112 2432 3482 
12843 2959 1174 3360 4017 
12844 985 951 1274 3875 
12845 2923 3766 3726 4200 
12846 310 3426 311 4293 
12847 4523 199 198 1816 
12848 1816 198 4523 4248 
12849 419 3595 2759 3764 
12850 2990 3951 3604 4207 
12851 2864 3689 3720 4016 
12852 1970 3528 3285 3919 
12853 2111 2169 2109 3279 
12854 261 1969 3747 4396 
12855 2774 3888 3168 3015 
12856 2459 3267 2461 3953 
12857 4091 3395 3630 3177 
12858 3356 3468 1506 4056 
12859 2719 3429 3694 4251 
12860 3638 3846 861 3962 
12861 2326 3754 2311 4347 
12862 1571 222 1708 3239 
12863 3143 3269 2197 3270 
12864 596 3107 3079 737 
12865 4588 2822 1486 3681 
12866 2755 3804 3418 3059 
12867 2677 2992 3320 3621 
12868 679 680 2728 4254 
12869 2727 2890 4231 4340 
12870 1621 3335 2879 4018 
12871 2695 2874 1542 4329 
12872 2333 4139 3812 2319 
12873 2217 297 2072 3650 
12874 1380 3210 4466 60 
12875 2938 3292 719 2820 
12876 3260 2422 2429 3652 
12877 3047 2966 2795 3725 
12878 1958 2035 3297 3597 
12879 2823 2993 2924 3619 
12880 4426 147 716 2793 
12881 3531 4011 3055 4379 
12882 2726 2806 3037 4015 
12883 1649 1648 1654 3640 
12884 3210 3815 61 833 
12885 2716 2794 3980 4112 
12886 60 61 833 3210 
12887 823 4075 3675 4322 
12888 3022 3334 2426 3553 
12889 2510 3106 2385 3781 
12890 2216 2067 3453 3065 
12891 424 3622 2744 4259 
12892 2452 2447 2511 3639 
12893 1376 3230 4463 1312 
12894 4082 1633 4269 3203 
12895 412 451 2912 3006 
12896 2556 3966 2472 4401 
12897 3445 2517 2394 355 
12898 2810 2697 3193 3411 
12899 1128 3624 2729 4356 
12900 265 1958 264 3506 
12901 3981 4012 1238 4319 
12902 1432 3998 3424 4384 
12903 861 860 859 3638 
12904 2340 2357 2354 4232 
12905 3153 1902 3713 3899 
12906 4540 1432 3424 4384 
12907 3018 3826 3327 4064 
12908 3302 1962 1964 2051 
12909 1021 3409 3808 3963 
12910 1110 1465 3674 4010 
12911 223 222 3239 3741 
12912 3676 4333 2781 4216 
12913 3522 3538 2689 3668 
12914 3474 313 2333 4406 
12915 1102 1103 1033 3371 
12916 2712 2889 2966 4034 
12917 2909 2962 2806 3824 
12918 4368 4223 3773 3114 
12919 327 4013 2312 2306 
12920 2656 3911 316 4114 
12921 2812 3981 3357 3766 
12922 4434 1128 4356 1399 
12923 3878 3621 2940 3618 
12924 3073 3923 3352 4124 
12925 2838 3211 3406 4186 
12926 3712 2842 3312 2729 
12927 2775 4108 2696 4169 
12928 2326 2327 2311 3754 
12929 1550 2775 2884 4021 
12930 3321 3384 2835 3915 
12931 1621 2879 3202 3828 
12932 3600 1716 1782 4057 
12933 2848 3762 2733 4225 
12934 1726 3411 1773 3920 
12935 2701 2995 3902 4025 
12936 2149 3465 2148 4207 
12937 2394 3445 3109 3905 
12938 2703 2759 3764 4213 
12939 3554 4560 2007 4494 
12940 1004 1006 4448 3500 
12941 238 1562 1706 3471 
12942 2601 2598 3611 4071 
12943 3591 3672 1615 4323 
12944 1801 1678 1795 3503 
12945 4486 1082 2611 3896 
12946 4461 3500 1006 3603 
12947 2824 3002 2860 3476 
12948 3132 3299 2681 3733 
12949 2164 2242 3898 4155 
12950 3241 4166 4167 3662 
12951 2380 2582 3478 3641 
12952 2062 3679 2100 4145 
12953 2826 3059 3691 3011 
12954 1946 2044 1997 3300 
12955 1505 2797 2724 3626 
12956 3036 3743 2809 4099 
12957 1710 231 1559 4047 
12958 2634 3177 2641 4255 
12959 3183 2725 3750 3206 
12960 2891 2785 3153 3614 
12961 3897 3972 4252 3064 
12962 1081 1264 1408 3746 
12963 2192 2190 2193 3338 
12964 602 3056 3892 2917 
12965 3468 1541 4169 1551 
12966 3280 3015 3809 4394 
12967 3440 3815 2939 4351 
12968 3323 4049 4060 3495 
12969 3369 3618 2940 4129 
12970 2399 3263 3260 4065 
12971 452 4259 422 4349 
12972 3143 2065 2197 3269 
12973 431 3906 2710 4362 
12974 2738 3934 2324 4234 
12975 2682 3420 3720 3799 
12976 4453 4540 1432 3424 
12977 3320 3467 2723 4014 
12978 3099 3588 2956 3833 
12979 3776 4147 4212 3113 
12980 3000 2809 3743 4099 
12981 1563 3845 1697 4069 
12982 3079 3591 3751 3812 
12983 2972 3524 3428 3737 
12984 2890 2752 3009 3253 
12985 3110 3499 3312 4312 
12986 250 4084 3277 4098 
12987 2029 4248 4523 3648 
12988 2915 3369 3224 4413 
12989 1380 3210 60 833 
12990 2619 4522 15 161 
12991 2862 3150 3335 3163 
12992 3130 3288 3284 4058 
12993 2013 4067 1922 4149 
12994 3358 2190 2191 4097 
12995 4570 6 84 1554 
12996 2813 3824 2962 4046 
12997 327 3524 3862 3993 
12998 3251 3529 4179 4268 
12999 3199 3610 2866 3846 
13000 3394 4083 3661 3235 
13001 333 4182 3538 3254 
13002 1982 3400 2026 3683 
13003 2703 2759 2875 4181 
13004 1178 1315 1299 4289 
13005 2840 3497 4175 4360 
13006 3409 3616 2809 3963 
13007 4547 4570 84 1554 
13008 4213 2875 3184 3074 
13009 3557 377 3830 3659 
13010 2865 2816 2904 3347 
13011 4547 4570 1554 3681 
13012 1718 3393 1713 3859 
13013 3256 3480 3427 3826 
13014 3264 2099 4240 2098 
13015 2678 3064 4252 3972 
13016 36 37 4587 1473 
13017 2380 2582 357 3478 
13018 228 3884 229 4376 
13019 4448 2247 1005 3500 
13020 2800 3839 3165 4242 
13021 2504 2621 2465 3366 
13022 332 3132 2686 4295 
13023 2812 4245 3164 4330 
13024 1817 1844 1843 3616 
13025 3136 3698 3560 2955 
13026 3440 476 3210 3815 
13027 3633 3704 3042 3719 
13028 378 377 3659 3830 
13029 3154 3423 3002 3476 
13030 721 3047 4034 553 
13031 1339 4566 1395 4098 
13032 3146 3269 2960 4121 
13033 2459 2456 3399 3626 
13034 2999 667 3458 3783 
13035 1021 1210 3409 3963 
13036 3482 3701 2898 3847 
13037 1647 3984 3033 4179 
13038 2760 3050 2871 4068 
13039 2842 3906 2710 4227 
13040 2114 2115 2113 3308 
13041 2990 3604 2989 4207 
13042 2543 2445 2560 3372 
13043 3005 3189 3629 2834 
13044 2789 2790 3997 4305 
13045 1810 1963 1960 3597 
13046 1661 1662 1738 3941 
13047 3497 3806 953 4086 
13048 2868 3275 3105 4235 
13049 817 36 4587 1473 
13050 476 3210 512 3733 
13051 385 3340 439 4088 
13052 2493 2590 3527 3958 
13053 3459 3713 3116 3949 
13054 1018 3050 1354 4010 
13055 449 2927 3006 3239 
13056 3514 3802 3166 3844 
13057 4050 3854 3121 3669 
13058 2894 449 2913 3294 
13059 4494 3300 4510 1838 
13060 3866 3127 4364 2845 
13061 1191 1415 1268 3603 
13062 2545 3208 3354 4335 
13063 3226 3553 2853 4043 
13064 2739 3495 3323 3825 
13065 4173 3096 2775 4108 
13066 1174 3360 4017 932 
13067 4504 3541 380 4000 
13068 416 3143 2861 4029 
13069 4434 3477 2729 384 
13070 3199 3756 3315 4126 
13071 1090 3221 4413 907 
13072 1977 3657 2020 4290 
13073 2450 2448 2449 3536 
13074 1121 3418 4320 1326 
13075 1979 3157 3158 3683 
13076 3860 4141 4366 3814 
13077 2401 2591 3298 4258 
13078 1140 3049 2776 1139 
13079 2886 2991 2921 3501 
13080 2935 3375 3290 3635 
13081 2619 4576 2413 4522 
13082 3498 3581 2620 4401 
13083 3198 3249 367 3577 
13084 364 3289 3577 3991 
13085 3389 3390 2727 4232 
13086 1410 1401 1083 4306 
13087 2155 2154 3405 3951 
13088 1501 3968 2752 4174 
13089 918 909 910 3514 
13090 3076 2255 3909 3898 
13091 3339 4110 4033 2986 
13092 3651 4038 2769 4121 
13093 2231 2122 2119 3322 
13094 2037 1993 1998 3309 
13095 1613 1741 3402 3751 
13096 340 3902 2837 4025 
13097 3063 2762 3979 4196 
13098 817 1473 4587 3477 
13099 2877 3449 3468 4309 
13100 4097 4312 3499 2206 
13101 3235 3431 3811 2827 
13102 2917 3053 3013 3559 
13103 2484 2527 2496 3653 
13104 3124 3289 362 3290 
13105 3477 37 1473 4587 
13106 3062 3726 3438 3766 
13107 3772 4092 2998 4118 
13108 2385 373 2537 3551 
13109 3254 3589 2689 3870 
13110 2926 3433 1310 3813 
13111 3210 3965 3666 4138 
13112 2413 4522 380 2619 
13113 2739 3323 3244 3825 
13114 2787 2706 3935 3874 
13115 682 4430 683 701 
13116 1632 1631 1630 3203 
13117 3477 37 4587 446 
13118 1159 4134 3416 4208 
13119 3363 3507 2123 3908 
13120 2325 2832 2828 4234 
13121 2975 3532 3033 4047 
13122 1373 3580 3286 4238 
13123 1762 3251 3314 3350 
13124 2774 3826 3480 3015 
13125 2839 2707 3853 3912 
13126 1765 1671 3219 3520 
13127 3383 3975 1209 4208 
13128 3135 3635 3290 4409 
13129 2685 2812 3346 4309 
13130 1055 3510 1233 4289 
13131 3664 3145 3169 2860 
13132 2816 2846 2761 3928 
13133 2277 3075 3024 3909 
13134 3042 3719 3704 4205 
13135 1689 1801 3434 3503 
13136 333 2669 3538 4182 
13137 2069 2097 3758 4240 
13138 2060 2917 309 3758 
13139 2757 4176 1546 4322 
13140 2677 3451 3323 3579 
13141 1495 3038 1530 3994 
13142 348 4070 2671 4197 
13143 1240 861 866 3638 
13144 680 3437 582 542 
13145 472 512 3210 3238 
13146 2892 2681 2993 4172 
13147 2956 3481 2886 3623 
13148 3186 3698 1425 3978 
13149 3023 1825 4396 1969 
13150 3087 3556 1861 3590 
13151 2724 3348 3014 3569 
13152 2984 2948 3728 3744 
13153 2886 2956 2876 3481 
13154 2983 3075 3744 3909 
13155 4289 855 1178 4089 
13156 1778 3193 1785 4269 
13157 2360 2350 2817 3629 
13158 896 1276 894 3316 
13159 2772 2982 2707 3791 
13160 2986 3503 3434 4402 
13161 2849 3040 2859 4190 
13162 3143 2065 3269 3732 
13163 2540 3198 3611 4404 
13164 21 332 3132 3678 
13165 2829 2767 3119 3783 
13166 1476 81 82 4151 
13167 2629 3673 3427 327 
13168 4407 3810 2877 4399 
13169 4255 4049 4060 3333 
13170 2968 3568 3302 3891 
13171 680 3437 542 4228 
13172 1431 4006 3069 4263 
13173 1048 1387 1049 3284 
13174 665 4474 4023 563 
13175 4367 256 255 1822 
13176 1351 1221 1277 3698 
13177 2220 3250 2219 3749 
13178 3075 3508 2066 3690 
13179 2880 2704 3632 3712 
13180 3080 3714 3911 4364 
13181 2757 3129 2934 4322 
13182 3316 3113 4022 4147 
13183 378 3292 2409 4000 
13184 1467 3500 1006 1430 
13185 2130 2248 3401 3787 
13186 3304 3794 1407 4010 
13187 2706 3717 3664 3935 
13188 3674 3896 3546 3992 
13189 3679 4451 3123 2948 
13190 4586 637 3622 669 
13191 1759 1722 3926 4285 
13192 2619 4576 2572 2413 
13193 1135 1139 1138 3504 
13194 225 226 3858 3859 
13195 2984 2872 3617 4145 
13196 1586 4041 1682 4323 
13197 3045 3174 2848 3308 
13198 1476 82 3636 4151 
13199 1060 3850 3179 4360 
13200 1751 3549 1677 4219 
13201 2882 3094 3087 3556 
13202 1754 1677 1751 3549 
13203 344 3643 2364 4045 
13204 1103 1310 2926 4039 
13205 544 3681 4458 4157 
13206 2709 2961 3400 3851 
13207 2747 2944 2855 4192 
13208 3165 3839 3633 4242 
13209 4267 3999 4180 3325 
13210 2691 2790 2695 3599 
13211 2900 3699 3509 4272 
13212 3148 4409 3135 4375 
13213 3218 3475 2841 4252 
13214 3255 2266 2267 2196 
13215 1083 1027 942 4306 
13216 1072 3126 1148 4104 
13217 2864 3221 3523 4081 
13218 442 461 392 2740 
13219 1048 1000 1001 4333 
13220 2036 1865 3283 3771 
13221 4089 4260 1178 4289 
13222 2867 3402 3159 3492 
13223 3435 3807 2941 4367 
13224 4022 4302 2940 3336 
13225 3056 3282 3091 4372 
13226 3338 4119 3483 3067 
13227 4 4535 58 458 
13228 2073 3152 3040 3567 
13229 2646 3060 2644 4137 
13230 4540 1162 1432 4384 
13231 3274 4581 1747 1589 
13232 915 1294 928 3346 
13233 1943 1861 1862 3556 
13234 501 3299 3132 3733 
13235 2799 2801 334 4215 
13236 3127 3804 4160 4320 
13237 2446 2444 2511 3639 
13238 354 3829 355 3967 
13239 3074 3404 3513 4213 
13240 2603 2605 2467 3266 
13241 2069 3758 2172 4240 
13242 3171 3372 2513 3783 
13243 3500 4125 2091 4184 
13244 1346 3875 1274 4187 
13245 485 318 486 4182 
13246 3296 1827 4122 3586 
13247 3476 3642 2132 4297 
13248 2229 4035 3234 4207 
13249 1992 1993 4040 4311 
13250 2881 2818 3276 3634 
13251 3012 3848 3418 3059 
13252 1010 1011 1037 3497 
13253 997 3268 1039 4261 
13254 3200 3201 2811 3202 
13255 4453 4540 66 1432 
13256 2883 3596 3029 3760 
13257 1340 1000 3284 3985 
13258 1154 1153 1152 2790 
13259 2142 2241 3413 4355 
13260 3151 3215 2791 3487 
13261 1912 1910 2015 3521 
13262 57 4586 697 4443 
13263 697 4586 58 669 
13264 1846 4031 1947 4186 
13265 3002 3103 2821 3576 
13266 937 1277 988 3560 
13267 2824 4042 2320 4195 
13268 1998 4551 4084 2042 
13269 340 2783 2341 4025 
13270 2990 3405 2798 4370 
13271 3133 3503 2776 3504 
13272 4601 1024 4551 4084 
13273 2762 4180 3281 4196 
13274 1070 4017 4006 4333 
13275 3173 4359 3881 4400 
13276 2939 3840 3364 3995 
13277 3126 4068 2871 4104 
13278 1780 1665 1667 3531 
13279 2803 3147 3055 4344 
13280 2072 2241 2218 3567 
13281 2088 2089 2188 3617 
13282 3022 3109 2734 3970 
13283 2508 2382 2514 3319 
13284 3109 3122 2528 3780 
13285 904 910 3844 4276 
13286 740 3321 770 3384 
13287 739 2765 3107 3812 
13288 2949 2791 3459 3949 
13289 2830 2817 3228 3551 
13290 126 125 2083 4521 
13291 2696 4104 4021 4169 
13292 2027 1913 2022 3222 
13293 2743 3112 2831 4366 
13294 1982 3400 3297 3598 
13295 2240 2107 2246 3765 
13296 3353 3875 2923 4187 
13297 3197 4067 2021 4116 
13298 607 2911 4427 3283 
13299 2342 4426 146 2795 
13300 3217 3243 3169 3988 
13301 1880 3149 1957 3606 
13302 2714 3855 2868 4131 
13303 3017 4083 3235 2827 
13304 2732 3164 3403 3838 
13305 1248 1291 1316 3904 
13306 1078 1077 927 3797 
13307 2836 2699 3488 3688 
13308 3217 3234 3169 2813 
13309 1890 3548 3246 3656 
13310 2777 3495 3178 4255 
13311 406 2748 427 3960 
13312 2106 2282 2108 3707 
13313 1844 3245 1942 4031 
13314 2083 2285 126 4521 
13315 1252 2854 180 3129 
13316 3141 3225 2863 3958 
13317 2791 3151 3034 3215 
13318 2955 3876 3698 4136 
13319 2401 2591 2506 3298 
13320 4097 2168 2206 2191 
13321 269 1818 268 3568 
13322 2151 2265 2138 3530 
13323 1280 1401 1410 3981 
13324 4512 4004 4534 2740 
13325 3318 1678 1675 1677 
13326 3369 3890 900 4413 
13327 2882 3556 3087 3590 
13328 2420 2421 2388 3857 
13329 3061 4354 3577 3249 
13330 724 2867 2828 3159 
13331 227 226 3345 3708 
13332 4550 3755 4474 4023 
13333 3060 3776 4054 4137 
13334 1808 3151 1968 3747 
13335 3018 3689 2741 4074 
13336 2900 3064 3699 4272 
13337 890 1248 924 3370 
13338 4144 3900 4298 2784 
13339 290 3143 2197 3690 
13340 3302 1960 3597 3303 
13341 1842 1845 3204 3616 
13342 2977 3822 4007 4296 
13343 418 3856 2737 4338 
13344 1864 1851 1865 3283 
13345 3087 3586 2970 4303 
13346 2347 151 4447 152 
13347 3467 3514 2723 4117 
13348 2804 2987 3337 3949 
13349 1262 3969 1331 4302 
13350 4289 855 4089 3315 
13351 1688 3434 1689 1687 
13352 353 3967 3351 4152 
13353 1780 3436 1774 3587 
13354 2977 3468 3356 4056 
13355 3318 1678 1677 4219 
13356 4221 1224 4315 1175 
13357 1630 1636 3200 4325 
13358 4052 4239 3173 2788 
13359 4042 3507 3647 3273 
13360 1574 3100 1605 4069 
13361 1510 2918 2964 3035 
13362 1317 3950 3475 4238 
13363 2267 2264 2131 3423 
13364 1935 1992 4040 4311 
13365 2140 3145 3988 4035 
13366 4521 2237 2238 2083 
13367 4173 2814 4108 2750 
13368 323 3563 3935 4197 
13369 2816 3653 3122 3780 
13370 963 1230 957 3615 
13371 4492 1537 188 1556 
13372 2723 4014 3142 3085 
13373 338 3062 3216 4398 
13374 3202 3335 1622 3849 
13375 1048 3937 3284 4006 
13376 1694 3188 1757 3534 
13377 1235 3863 867 3962 
13378 2724 2865 2835 3558 
13379 3202 3203 3200 4326 
13380 4204 1271 996 1475 
13381 859 1244 863 3846 
13382 1439 1324 1425 3698 
13383 1537 1556 4492 3134 
13384 2974 3043 2901 3536 
13385 1733 1764 1660 3314 
13386 3393 3436 1774 3695 
13387 2521 3527 3319 3607 
13388 4492 1537 3134 3986 
13389 1709 3625 1570 3887 
13390 3781 3208 2830 4111 
13391 3468 4056 2977 4407 
13392 3329 3418 1326 4320 
13393 525 4131 524 4273 
13394 2777 3605 3044 4049 
13395 940 3369 3224 4380 
13396 3397 1382 4383 3195 
13397 1736 1628 4294 4325 
13398 2724 2835 3348 3596 
13399 394 2886 2908 2956 
13400 1942 1947 4031 4186 
13401 1891 2028 3247 3486 
13402 3703 3704 2794 4003 
13403 3880 1265 856 3756 
13404 2818 3932 3115 4303 
13405 2695 2987 2804 3419 
13406 3978 3689 3797 4291 
13407 2716 3589 3522 3555 
13408 4142 1159 3416 1325 
13409 2749 386 3013 427 
13410 3368 4013 3754 3051 
13411 513 3526 485 4182 
13412 2531 2530 3380 3667 
13413 1585 3371 1749 3948 
13414 1565 109 108 4520 
13415 3329 3804 3418 4320 
13416 4447 4592 719 2820 
13417 1510 2785 2891 3035 
13418 1872 1988 1970 3528 
13419 3332 4525 2407 2571 
13420 3250 3262 3065 4277 
13421 3404 1772 4294 3513 
13422 3240 4026 996 4204 
13423 1271 1088 3381 4026 
13424 3099 3539 663 3588 
13425 3901 4165 1805 4280 
13426 1632 1630 1735 3774 
13427 1629 1802 1653 3377 
13428 2412 2570 2615 3896 
13429 1505 2724 2963 3626 
13430 1711 3251 3613 3884 
13431 2559 3645 2457 3649 
13432 4451 3233 1198 4388 
13433 1256 1235 1047 3580 
13434 3762 4474 2332 3755 
13435 3277 3743 3036 4101 
13436 3047 3300 2889 3637 
13437 3289 3979 2694 3124 
13438 3489 3520 1666 4379 
13439 1360 1294 4154 4334 
13440 4444 3431 783 4408 
13441 435 411 403 3484 
13442 1291 1248 888 3904 
13443 2538 2620 2539 3498 
13444 1550 4021 4104 4169 
13445 569 704 568 2867 
13446 688 551 2731 2970 
13447 2852 3537 2717 4168 
13448 2455 2456 3626 3790 
13449 2993 3505 3436 3922 
13450 2712 2868 3855 4131 
13451 2108 3003 3447 3631 
13452 2777 3044 3495 4049 
13453 2600 2488 2595 3225 
13454 2131 3476 3423 4292 
13455 2724 3014 2963 3569 
13456 2030 3400 1982 3598 
13457 3086 3538 3526 4182 
13458 3072 2751 3324 4327 
13459 4445 3001 3139 1193 
13460 3465 4397 3269 3146 
13461 2981 3692 3646 3697 
13462 1621 2879 1704 4018 
13463 3200 3511 3201 4325 
13464 2526 2392 2516 3443 
13465 2063 2223 2264 3576 
13466 2915 3224 4008 4413 
13467 4580 312 10 2286 
13468 2309 3542 2756 3934 
13469 2718 3041 3214 3793 
13470 1776 3137 3609 3219 
13471 3259 3444 3021 3852 
13472 3016 3686 3632 3961 
13473 1682 1684 1744 3591 
13474 2353 2344 2793 4303 
13475 957 963 3615 4027 
13476 3180 3393 2892 3587 
13477 3130 3738 3284 3907 
13478 3218 3509 882 4272 
13479 3069 1419 1418 1070 
13480 859 1244 3846 4103 
13481 3606 3149 2932 3535 
13482 2962 3824 2909 4046 
13483 311 4580 3426 2085 
13484 846 3383 3731 4166 
13485 1832 3435 1853 4318 
13486 2105 3837 3439 4244 
13487 2633 2669 3526 3538 
13488 3173 3704 3703 4239 
13489 3326 1978 3657 1967 
13490 338 339 3374 4398 
13491 4533 172 4452 1556 
13492 1325 4142 1120 4159 
13493 841 3418 3848 4203 
13494 511 4540 4453 3424 
13495 2937 4183 736 4389 
13496 1135 1216 1139 4317 
13497 2039 2048 1985 3757 
13498 3222 1921 4055 4148 
13499 2077 2212 2260 3573 
13500 586 4582 3885 4520 
13501 1896 1898 3117 4374 
13502 3154 3507 3363 3908 
13503 4533 172 1556 16 
13504 3878 3618 2940 3369 
13505 1711 1559 3613 4179 
13506 3224 3369 2915 3894 
13507 1500 1498 1499 3968 
13508 1147 1360 4154 4334 
13509 1144 3280 1417 4250 
13510 2927 3006 3239 3670 
13511 2701 2825 2750 2995 
13512 4368 4223 3114 3084 
13513 3192 357 4258 3478 
13514 2685 3126 3346 2696 
13515 2495 2527 3653 3780 
13516 3221 4008 3982 4413 
13517 1897 1895 3656 3851 
13518 2896 3527 3319 4246 
13519 3395 3630 3177 4300 
13520 1708 1560 1792 3181 
13521 2915 3878 3802 3976 
13522 4006 4043 3226 2853 
13523 2777 3178 3495 3740 
13524 1228 1417 3280 4120 
13525 2757 3742 3628 4395 
13526 2183 3349 2204 4288 
13527 1491 1523 1533 3352 
13528 1982 2030 1926 3400 
13529 2681 3440 3733 3965 
13530 2317 2309 2756 2832 
13531 364 363 3289 3991 
13532 1586 3386 4041 4323 
13533 2137 3988 2138 4297 
13534 1745 1586 1683 3386 
13535 1340 3284 1049 3738 
13536 261 3158 1979 3924 
13537 2501 2492 3608 3700 
13538 3226 4463 1376 3230 
13539 3505 3531 1659 4011 
13540 2593 2558 3253 3864 
13541 3357 3473 3156 4200 
13542 3415 3537 2939 3782 
13543 2077 3573 3456 3973 
13544 3336 4022 3113 4147 
13545 2866 3846 3510 4103 
13546 283 2082 3735 3917 
13547 441 2991 2759 440 
13548 1481 2902 2999 3098 
13549 3025 3373 3000 3533 
13550 3550 3313 1031 4385 
13551 684 3205 3627 2610 
13552 3358 2190 4097 3483 
13553 2791 3562 4224 4236 
13554 3159 597 2828 724 
13555 2803 4050 2722 4185 
13556 2889 650 3257 648 
13557 3565 2831 3857 2937 
13558 2562 2501 2502 3608 
13559 1435 3699 879 4272 
13560 3135 3395 4107 2897 
13561 334 3538 2635 3633 
13562 3250 3696 2261 4277 
13563 3287 1901 3770 3899 
13564 3416 4159 3071 2792 
13565 2816 3078 2865 3928 
13566 3164 2812 3990 3665 
13567 4481 3159 4484 1584 
13568 2908 3100 2956 3623 
13569 307 3559 3457 3769 
13570 3465 2153 2149 2273 
13571 586 4582 4520 109 
13572 3395 3954 2746 4091 
13573 3971 347 761 760 
13574 1677 3549 3318 4219 
13575 2859 2906 416 3143 
13576 2626 3971 3333 4070 
13577 3901 1730 4165 3660 
13578 3580 3863 2951 4238 
13579 2097 2098 2094 3525 
13580 871 3310 3863 3897 
13581 1726 3193 3411 3585 
13582 427 2748 2749 3960 
13583 1338 3252 968 4092 
13584 1121 3418 1326 1394 
13585 1341 4009 975 1254 
13586 2804 3589 3254 3870 
13587 3838 4054 3403 4137 
13588 2946 3046 2815 3837 
13589 1821 3157 2021 4116 
13590 2123 2126 2262 3908 
13591 2501 3608 2562 3700 
13592 1556 4452 4533 3134 
13593 2856 4192 3213 4377 
13594 2790 2695 3583 2895 
13595 3782 3739 4203 3415 
13596 342 3939 3111 4091 
13597 233 3532 234 3820 
13598 743 781 792 4028 
13599 957 3615 3176 4027 
13600 108 1748 1565 4520 
13601 1634 3774 1638 4313 
13602 3111 3939 342 4202 
13603 4108 3126 4169 4309 
13604 3006 2912 3294 3600 
13605 3821 2695 2874 3131 
13606 429 4434 2729 384 
13607 1856 1855 1849 3586 
13608 337 4007 3429 3062 
13609 262 1969 1808 3747 
13610 3419 3957 2715 4151 
13611 3209 2188 3617 4125 
13612 4439 2916 2749 2917 
13613 292 3732 3571 3748 
13614 2546 365 3249 3991 
13615 3394 3544 3017 3235 
13616 2733 3755 3622 4023 
13617 4359 3182 2788 3615 
13618 3101 3756 3880 4126 
13619 1482 2932 2754 1491 
13620 2837 4079 3289 2694 
13621 2937 577 594 3565 
13622 3286 942 941 3933 
13623 4221 1224 1175 993 
13624 1255 1256 1109 4238 
13625 2891 3287 2918 3770 
13626 3459 4374 3757 3116 
13627 1565 4520 1685 3885 
13628 2796 3326 2868 3275 
13629 386 4439 433 2749 
13630 2716 3555 3522 4162 
13631 1124 3842 1454 4150 
13632 1113 3638 1240 4331 
13633 2730 2919 2843 3097 
13634 3175 3397 3969 4383 
13635 2345 3564 2358 3694 
13636 2983 3617 3898 3909 
13637 1256 1239 1373 3580 
13638 3113 3336 4147 4212 
13639 1278 3592 3329 4320 
13640 2654 3714 3526 3911 
13641 926 914 3523 4301 
13642 2610 2438 3205 3627 
13643 4042 3647 3507 3154 
13644 4118 4009 1341 1397 
13645 4097 3499 2070 2206 
13646 3196 3493 3207 3913 
13647 2608 2414 2418 3226 
13648 3210 3238 512 3733 
13649 2913 4387 399 2839 
13650 1689 3503 3727 4219 
13651 899 900 898 3369 
13652 2510 3119 3106 3644 
13653 3122 3641 2586 4001 
13654 2806 2304 3824 4042 
13655 2921 3471 2979 2922 
13656 3347 2484 3414 2482 
13657 1657 1659 1661 4011 
13658 3069 1419 1070 1281 
13659 1882 1885 3149 3818 
13660 922 930 887 3509 
13661 3281 4180 3325 4330 
13662 2765 3474 3437 4210 
13663 2632 338 337 3216 
13664 3957 4224 3636 2843 
13665 3646 2172 3559 4240 
13666 1748 1565 4520 1685 
13667 1058 1032 1364 3313 
13668 1905 1907 2019 3515 
13669 1317 1373 941 3950 
13670 1262 3969 3336 4414 
13671 2291 2301 4519 508 
13672 4585 2029 1994 2005 
13673 3246 3247 2843 3547 
13674 1401 3981 3357 4306 
13675 2091 3603 3500 2187 
13676 3291 3723 2955 4136 
13677 2841 3865 4252 4330 
13678 2716 3031 3555 4162 
13679 3163 4345 3987 3150 
13680 796 801 3814 3860 
13681 1094 1427 1290 3455 
13682 890 3914 3370 4414 
13683 2671 4070 3563 4197 
13684 4238 3897 4252 3475 
13685 2784 3104 3525 4298 
13686 1879 2009 1978 3654 
13687 1877 1953 1875 3606 
13688 3067 2988 3604 3687 
13689 2510 2581 2511 3644 
13690 2509 3594 3667 3836 
13691 2347 4447 151 3977 
13692 1465 1354 3674 4010 
13693 2151 3530 3479 3959 
13694 1111 992 1092 3889 
13695 443 393 460 4226 
13696 2091 2185 2187 3500 
13697 3187 3881 2692 4400 
13698 4578 75 4519 508 
13699 2946 390 2744 423 
13700 2731 2719 3564 3694 
13701 1397 983 979 3843 
13702 1215 1385 1386 3133 
13703 2513 3171 2518 2409 
13704 340 4231 2341 339 
13705 2980 2806 3273 3322 
13706 66 1432 4540 1162 
13707 1924 3153 1902 3713 
13708 1418 3069 4017 4262 
13709 2564 2565 2563 3519 
13710 1942 3245 1853 3543 
13711 723 558 139 2766 
13712 772 801 3643 3814 
13713 814 3134 3441 794 
13714 2794 4003 3084 4368 
13715 1801 1795 1690 4402 
13716 2941 2690 3628 2702 
13717 2005 199 4585 4523 
13718 1122 3329 1326 4320 
13719 3866 3127 2845 3446 
13720 2790 3485 2929 1153 
13721 74 4519 75 508 
13722 2727 3106 2953 4340 
13723 1817 252 1852 3743 
13724 3971 347 760 4070 
13725 4517 2926 3813 2927 
13726 1877 1878 1880 3535 
13727 1366 1223 823 4075 
13728 1013 3854 3121 4371 
13729 2821 3090 2860 3255 
13730 2827 3563 3333 3811 
13731 1557 1515 2724 3558 
13732 2540 3161 3198 3577 
13733 1824 2895 1949 1950 
13734 3157 3158 2855 4003 
13735 785 4518 2368 2378 
13736 3189 2529 4274 4275 
13737 1613 1615 3079 3885 
13738 4541 460 3238 4583 
13739 3406 3543 1915 4148 
13740 3049 3180 3181 2780 
13741 2732 3610 3207 4137 
13742 2846 3736 3608 3958 
13743 1904 3614 3153 3841 
13744 1210 1344 1022 3204 
13745 134 550 4418 4144 
13746 3191 3019 3702 2788 
13747 785 102 4518 4507 
13748 792 4424 4028 4529 
13749 2659 3663 329 2661 
13750 329 4278 3301 3542 
13751 891 3336 3914 4414 
13752 1207 1208 1098 3473 
13753 318 3526 2669 4182 
13754 340 4353 339 2628 
13755 1571 1718 3239 3393 
13756 3340 3934 2738 4253 
13757 3276 1811 271 4135 
13758 2767 4087 3390 4363 
13759 353 3861 2382 4246 
13760 3583 2874 2695 2929 
13761 2682 3488 3324 3687 
13762 2735 3409 3268 4395 
13763 2305 2766 2828 2832 
13764 1350 1080 3272 1078 
13765 988 937 3560 4264 
13766 3482 2441 2432 2442 
13767 2760 2896 3319 4002 
13768 3270 2274 4397 3269 
13769 941 3933 916 3950 
13770 520 3764 3437 4328 
13771 255 3373 3466 4367 
13772 4142 1159 1325 1034 
13773 1977 1823 1976 3657 
13774 2788 3615 3353 4036 
13775 2709 3117 3656 3287 
13776 1946 1997 1836 3300 
13777 1507 2918 1494 3994 
13778 1090 3221 907 1253 
13779 1754 3137 4059 1601 
13780 2842 2906 455 4227 
13781 2720 3256 4247 3673 
13782 576 2831 4389 3860 
13783 397 2721 2922 2844 
13784 2132 3476 2131 4292 
13785 3314 3350 2993 3922 
13786 4310 1826 1972 3487 
13787 2005 4585 2029 4523 
13788 3121 1034 4134 4142 
13789 792 4424 4529 167 
13790 2900 3907 3454 4300 
13791 3258 2249 2248 3401 
13792 3152 294 3425 295 
13793 338 3216 3838 4398 
13794 2445 2443 2560 3517 
13795 2614 3109 3780 3905 
13796 3404 1772 3513 1769 
13797 1152 1154 2790 3599 
13798 1124 1358 1454 3842 
13799 1629 1630 3203 4326 
13800 548 2829 3977 4085 
13801 2895 3128 2695 3131 
13802 4446 3257 696 608 
13803 4540 4561 67 1463 
13804 3651 4121 2769 4178 
13805 669 4457 3622 4535 
13806 257 2012 258 3677 
13807 2867 2985 3376 2758 
13808 3114 3157 3084 4116 
13809 4518 101 102 785 
13810 2141 2229 3234 4207 
13811 3006 3170 3741 3670 
13812 1058 2933 3727 4317 
13813 2839 4128 3853 4387 
13814 3448 3722 3010 4152 
13815 2112 3088 3279 4243 
13816 3184 1781 1582 1775 
13817 1037 1010 3497 4175 
13818 2976 3789 3311 3920 
13819 1914 1853 1854 3543 
13820 3446 3801 2845 3866 
13821 516 3238 4541 3856 
13822 2913 3613 401 2914 
13823 3213 3297 2856 3597 
13824 3519 3896 3050 4257 
13825 3470 3871 2978 3887 
13826 3889 1275 3431 4383 
13827 2566 2418 2419 3230 
13828 3367 3127 3804 4160 
13829 4558 535 4329 4575 
13830 2208 2122 2231 3697 
13831 1642 1641 1643 3396 
13832 2729 3906 3477 4211 
13833 2507 3380 3342 3785 
13834 2130 3401 3273 3787 
13835 4007 4231 2343 4232 
13836 2767 2954 2752 4363 
13837 2606 2896 3095 3298 
13838 3429 3062 4007 4296 
13839 3090 3479 3145 3530 
13840 3764 4210 2728 3437 
13841 2705 3619 3132 4249 
13842 4517 829 34 3813 
13843 954 1295 3182 4175 
13844 2686 332 4410 3678 
13845 1580 1723 3789 3920 
13846 1608 3751 3163 3987 
13847 1952 3634 274 4122 
13848 2466 3266 2464 3267 
13849 1140 1380 4138 4226 
13850 2036 1814 2007 3771 
13851 2770 3029 2883 3915 
13852 1489 2930 2931 3172 
13853 3349 2183 3983 4288 
13854 1820 1943 1953 3590 
13855 1925 3770 3515 4067 
13856 4203 4026 3782 3415 
13857 2244 2110 3631 4193 
13858 3421 3424 3223 3555 
13859 33 34 4517 829 
13860 2399 3260 3263 3557 
13861 2995 3161 3265 3498 
13862 4039 4050 3669 3854 
13863 1597 1598 1594 3492 
13864 1025 4416 3371 1033 
13865 1653 3377 1802 3660 
13866 1794 1715 1803 3600 
13867 419 2768 3595 4338 
13868 846 3383 4166 1209 
13869 2758 3099 2956 3100 
13870 941 916 884 3950 
13871 3045 3516 3308 4244 
13872 2593 3354 3253 4335 
13873 3603 3617 2872 4145 
13874 643 2793 551 2970 
13875 3516 3573 2212 3973 
13876 2744 4143 2885 3622 
13877 727 4550 563 4023 
13878 1809 3582 1949 3721 
13879 1529 3810 2690 3994 
13880 2996 4089 3315 4289 
13881 3191 3268 3702 3019 
13882 1678 4110 3503 4219 
13883 3879 3188 3534 1757 
13884 3364 3840 3080 3995 
13885 2240 2211 3439 3765 
13886 2641 3178 2642 4255 
13887 3421 3223 4009 3555 
13888 4561 1463 4540 4384 
13889 3075 3270 2277 3442 
13890 2507 3342 3380 3594 
13891 3089 3110 3712 3983 
13892 4517 2926 829 3813 
13893 2847 3483 3067 3724 
13894 2319 4139 2766 4171 
13895 4550 3755 4023 747 
13896 1818 3568 269 4135 
13897 1072 986 1147 4334 
13898 1319 3277 4098 4150 
13899 1469 1171 1279 4392 
13900 4540 67 66 1463 
13901 1515 3014 2963 2724 
13902 3368 3960 3051 4088 
13903 982 3843 3997 4305 
13904 3339 3587 1746 4110 
13905 1293 4517 3212 2926 
13906 398 2844 399 4128 
13907 2219 3262 3250 4277 
13908 440 2921 2886 2991 
13909 1302 3669 1393 1442 
13910 3089 3983 2880 4286 
13911 4213 2875 3074 2703 
13912 3162 3163 1611 3751 
13913 511 513 3424 3801 
13914 1011 953 1269 3497 
13915 4221 1224 993 3467 
13916 3407 3941 3926 4062 
13917 2508 3319 2514 4257 
13918 3961 4048 3358 4155 
13919 279 3328 278 4037 
13920 3235 3661 753 4408 
13921 2814 2896 2696 3325 
13922 2958 2791 3215 3487 
13923 3084 4116 3924 4223 
13924 3209 3617 2188 2175 
13925 2877 3468 3449 4407 
13926 2770 2771 3120 3671 
13927 2894 2914 3345 2913 
13928 370 3575 3305 4275 
13929 4447 4592 152 719 
13930 3410 3823 2858 4380 
13931 970 4036 4027 4261 
13932 810 42 3 4534 
13933 1842 251 1817 3743 
13934 2130 3401 2249 3696 
13935 2781 4006 3069 4017 
13936 3437 3474 2703 4213 
13937 3352 3694 2731 3923 
13938 2926 3753 3212 3778 
13939 1909 3805 4055 4346 
13940 3566 4001 2594 4019 
13941 2352 3693 2795 4034 
13942 1052 2853 1187 1186 
13943 2124 3507 3273 3647 
13944 1147 4154 3126 4334 
13945 3324 3488 2682 4265 
13946 2394 3109 3445 3641 
13947 3448 4262 4043 3992 
13948 405 2710 4362 431 
13949 3268 1367 1301 1381 
13950 3263 3557 3260 4183 
13951 3829 3861 3010 4152 
13952 3224 2858 3823 4380 
13953 4221 4315 3467 4014 
13954 3379 3913 3518 3793 
13955 1058 1337 1165 4317 
13956 4447 3977 2347 4085 
13957 1737 3849 3404 4294 
13958 3236 3663 3168 4350 
13959 3067 2988 3687 3724 
13960 2507 3342 2532 3785 
13961 3200 3511 1636 3774 
13962 1764 1558 1768 3695 
13963 1241 854 3315 4103 
13964 2452 2587 2559 3645 
13965 3217 3234 2141 3988 
13966 3440 3666 3210 3965 
13967 401 3311 2976 3613 
13968 1034 1393 3669 1015 
13969 4534 4004 162 810 
13970 3105 4032 1975 3460 
13971 2916 3053 3525 4298 
13972 1897 1899 3287 3899 
13973 3084 4003 2794 4112 
13974 3541 3565 2420 3857 
13975 1093 3430 1202 1126 
13976 947 1280 1238 3792 
13977 2568 2614 2600 3780 
13978 870 3310 872 4284 
13979 3114 4003 3703 4368 
13980 772 796 3814 4141 
13981 3798 3799 3620 3910 
13982 1732 1583 1769 3513 
13983 4516 8 106 1797 
13984 2764 2811 2318 3918 
13985 1596 1597 1593 3492 
13986 3428 3524 2972 3872 
13987 3142 2905 3632 3711 
13988 582 739 2765 4254 
13989 1958 1810 1959 3597 
13990 2120 3363 3516 4271 
13991 3334 3736 2761 3780 
13992 3181 1686 3832 1560 
13993 2839 3068 2810 3412 
13994 1301 2934 1267 3675 
13995 2862 3201 2764 4170 
13996 3144 2795 2966 3285 
13997 295 3425 3152 3716 
13998 1142 3997 3223 3998 
13999 2796 3326 3275 3144 
14000 2975 2976 432 2979 
14001 3337 3521 3128 4336 
14002 3280 3082 3888 4120 
14003 2557 2462 2598 3864 
14004 1856 1857 1827 3586 
14005 2888 3650 3572 3788 
14006 1237 1438 1236 3618 
14007 547 4531 4422 4164 
14008 2455 2507 2530 3594 
14009 969 975 966 3772 
14010 2971 3906 3420 4211 
14011 2910 3413 3040 3567 
14012 2342 2793 4426 2795 
14013 106 654 4516 4477 
14014 1632 3203 1630 3774 
14015 4289 855 3315 1241 
14016 4108 3126 4309 2685 
14017 2329 2807 2848 3762 
14018 4166 1229 885 4120 
14019 4447 2347 2820 4085 
14020 2250 3696 3065 4277 
14021 441 3764 2728 4228 
14022 2917 3525 3053 3758 
14023 2697 3301 2810 3542 
14024 340 2837 2783 4025 
14025 2910 3413 3567 3749 
14026 1692 3549 3313 3948 
14027 1859 1869 1860 3512 
14028 2282 2245 2108 3447 
14029 2406 3317 4096 4109 
14030 273 4156 3634 4332 
14031 1877 3535 1880 3606 
14032 2803 2722 3791 4185 
14033 4516 3386 3578 1797 
14034 2676 3853 2810 4128 
14035 1361 3982 3224 4413 
14036 2086 2090 2281 3242 
14037 353 2522 3829 4246 
14038 4550 3755 747 321 
14039 2903 3146 2960 4121 
14040 2159 2162 3494 4382 
14041 1535 3172 1490 2920 
14042 3554 4560 4494 610 
14043 4048 3349 3312 4312 
14044 1021 1344 1210 3963 
14045 4424 4106 4028 1469 
14046 2935 4093 4094 4019 
14047 1797 4589 248 3578 
14048 1846 4066 4031 4186 
14049 2908 3501 3452 3845 
14050 3150 3376 2985 4279 
14051 1518 2974 2901 3102 
14052 4554 4534 42 810 
14053 2800 3367 3804 4160 
14054 2960 3145 3479 4035 
14055 1486 85 86 4446 
14056 1797 4589 8 248 
14057 2536 3635 2597 4019 
14058 263 3682 3747 4308 
14059 2418 3226 2415 4405 
14060 1513 3957 3419 4151 
14061 1522 2767 1481 2902 
14062 2682 3798 3067 4119 
14063 1867 1939 2003 3612 
14064 1452 1227 885 4120 
14065 3195 3811 2827 4049 
14066 189 4581 4515 1170 
14067 290 2052 289 3690 
14068 307 3457 3559 3758 
14069 2653 3939 3971 4202 
14070 446 457 4478 3186 
14071 2692 4101 3237 4099 
14072 4534 162 3 810 
14073 2828 3159 2867 3402 
14074 2303 3474 4139 4171 
14075 1025 3550 3371 3948 
14076 3638 3962 866 4331 
14077 2989 3604 3261 4073 
14078 2816 2863 3225 2846 
14079 504 4530 466 515 
14080 850 852 851 3927 
14081 4554 4004 4534 810 
14082 1876 1879 2014 3658 
14083 2795 3693 2966 4034 
14084 836 3666 835 4026 
14085 2698 3394 3544 4361 
14086 1027 999 942 3933 
14087 3005 3189 2834 3443 
14088 941 3286 3933 3950 
14089 2194 3868 2254 2271 
14090 2861 3744 3508 2948 
14091 3188 1564 1757 3481 
14092 2700 2770 3915 4051 
14093 261 4191 4396 3248 
14094 3697 2981 3053 3646 
14095 3451 4327 2736 4391 
14096 2110 2246 3765 4193 
14097 4048 4097 2168 4312 
14098 4094 3558 3078 2688 
14099 2976 3613 3311 3789 
14100 3021 3259 3450 4163 
14101 2029 4248 3648 2002 
14102 2221 3243 3749 4355 
14103 4601 4566 18 1024 
14104 2528 3122 3109 3641 
14105 1578 1716 227 3708 
14106 625 3783 3171 667 
14107 2681 2993 2823 3619 
14108 3121 3291 4080 4371 
14109 4588 696 85 4446 
14110 2715 2791 2949 3949 
14111 3394 4221 3996 2753 
14112 2901 3043 2902 3639 
14113 3151 2048 3459 2049 
14114 292 2065 291 3732 
14115 2516 2526 3443 3836 
14116 2941 3773 3807 4149 
14117 2835 3375 3388 3596 
14118 1734 239 238 3685 
14119 1532 4087 1534 4124 
14120 1040 3191 998 4132 
14121 2254 2227 2074 3868 
14122 1516 3928 3558 4133 
14123 650 3681 544 4157 
14124 2435 2448 2516 3715 
14125 2997 3756 3315 3927 
14126 497 2703 3595 3764 
14127 2240 2169 2211 3765 
14128 1563 3845 4069 4357 
14129 1747 1587 218 3194 
14130 2240 3439 3707 3765 
14131 2682 3720 3620 3799 
14132 3670 3752 3753 2927 
14133 2593 3253 2457 3645 
14134 2585 2401 4109 4258 
14135 257 3190 3677 4223 
14136 2972 3799 3620 4074 
14137 2638 3518 3913 2648 
14138 2729 4211 3477 4356 
14139 2894 2914 2913 415 
14140 2786 3057 3227 3396 
14141 2777 3333 4049 4255 
14142 1432 1309 820 3424 
14143 919 991 993 3467 
14144 1778 1726 3193 3411 
14145 1115 1257 1064 3869 
14146 2718 3379 3518 3793 
14147 2851 3784 2852 4168 
14148 3353 3615 2788 3806 
14149 2998 4161 3980 4162 
14150 2824 3169 2860 3664 
14151 1956 3276 272 3634 
14152 2528 3109 2394 3641 
14153 17 189 1796 4515 
14154 2681 3619 3440 3965 
14155 548 4447 2820 4085 
14156 4416 4373 1753 1788 
14157 2859 2887 3152 3425 
14158 1550 1526 2775 4169 
14159 2980 3692 2981 3697 
14160 3074 3513 3184 4213 
14161 2382 3319 2521 4246 
14162 405 3767 404 3872 
14163 2854 3485 2929 4040 
14164 1650 1763 4282 4386 
14165 3286 3950 1373 4238 
14166 3662 1417 865 1229 
14167 406 3767 407 4190 
14168 2864 3382 3777 4016 
14169 944 3846 3510 4012 
14170 3676 4333 4216 3284 
14171 1260 1271 3381 4204 
14172 2340 2358 337 4007 
14173 2941 3703 3114 2702 
14174 4505 3309 2037 1839 
14175 575 705 2829 3977 
14176 1386 1385 1108 3133 
14177 2794 3703 4003 4368 
14178 3127 3446 3381 4204 
14179 2723 2905 3142 4014 
14180 1384 4464 1107 3727 
14181 1180 1458 3397 4383 
14182 230 3613 231 3789 
14183 2976 3311 3167 3920 
14184 575 3390 692 3977 
14185 3149 3303 2968 4217 
14186 964 1396 972 3343 
14187 1803 1738 3398 3600 
14188 2751 4076 3160 4370 
14189 1923 3713 1898 4374 
14190 2869 1193 1194 4445 
14191 3532 3039 2978 2768 
14192 21 4114 478 4351 
14193 2744 2885 2708 4365 
14194 3052 3792 3041 3766 
14195 1796 217 17 4515 
14196 3074 3200 3201 4170 
14197 791 3811 3195 4307 
14198 1128 1242 2729 3089 
14199 2025 1971 2028 3460 
14200 2435 2434 2433 3715 
14201 4147 3940 3894 2858 
14202 2206 287 2068 3499 
14203 2934 3409 2757 3675 
14204 1503 2752 2907 2833 
14205 2759 2979 2921 2978 
14206 2530 3594 3380 3667 
14207 865 1229 851 3662 
14208 883 915 917 3779 
14209 2100 3728 2076 3744 
14210 1852 253 1832 3945 
14211 2727 2355 4231 4232 
14212 2409 3171 2569 4000 
14213 3016 3712 3312 3349 
14214 3399 2454 3790 2456 
14215 77 78 4458 544 
14216 3144 3326 2966 3693 
14217 2426 3334 3022 3905 
14218 2965 4130 2721 4253 
14219 2259 4565 3886 4497 
14220 3388 2597 2478 2553 
14221 450 3876 3331 4077 
14222 4446 86 2930 608 
14223 2917 3013 2946 3559 
14224 3620 3799 3720 4074 
14225 31 1320 1163 4226 
14226 3255 3827 3572 3004 
14227 3284 3985 1000 4333 
14228 1964 1818 1962 3891 
14229 2810 2839 3853 3912 
14230 4289 855 1241 1299 
14231 3579 3800 2693 2827 
14232 1024 4601 4566 4084 
14233 2452 3043 3644 3645 
14234 1598 3376 1605 3492 
14235 1766 1696 1761 3534 
14236 3474 313 4406 4328 
14237 327 4013 2306 3862 
14238 2710 407 3767 4190 
14239 3654 1977 4290 3657 
14240 3159 4481 620 3539 
14241 2781 3553 2853 3676 
14242 2758 2956 2908 3100 
14243 2625 316 2656 3911 
14244 177 4536 176 1553 
14245 514 515 506 3866 
14246 1140 4138 2776 4226 
14247 2861 3744 2948 2740 
14248 4433 793 3392 4554 
14249 1379 1025 1026 3550 
14250 2778 3101 4126 4209 
14251 4515 1170 4581 3194 
14252 284 285 3728 3735 
14253 578 682 678 2831 
14254 3633 3839 3165 4053 
14255 947 3792 1238 4319 
14256 3098 3517 4218 3942 
14257 3308 3439 3045 4244 
14258 2585 4109 3192 4258 
14259 2834 3629 2711 3814 
14260 348 2655 2671 4070 
14261 3233 3679 4145 4388 
14262 239 3452 3471 3685 
14263 2569 4584 2617 2411 
14264 3445 2517 355 3967 
14265 1687 1688 3434 3946 
14266 328 2312 327 3524 
14267 479 4114 3995 4351 
14268 2344 148 147 4438 
14269 2925 3550 3549 4059 
14270 983 1391 981 3843 
14271 1204 1378 1362 3230 
14272 3002 3103 3576 3908 
14273 1174 3360 932 922 
14274 2864 3382 4064 4123 
14275 2174 2064 3769 3837 
14276 3550 4050 4142 3669 
14277 1592 3539 1595 4127 
14278 2222 2075 3831 4412 
14279 2906 2947 2861 3499 
14280 340 4231 339 3902 
14281 2076 3728 2173 3744 
14282 3121 4050 3795 4185 
14283 3499 3690 2906 3835 
14284 489 3796 505 4222 
14285 4515 1747 3194 4581 
14286 4530 815 3446 1161 
14287 413 2749 3960 427 
14288 3144 3326 3275 4332 
14289 1435 1316 879 3699 
14290 4427 607 3283 2930 
14291 2168 4048 3358 4097 
14292 4173 2814 2750 3317 
14293 2893 3695 3393 3859 
14294 2607 2586 2380 3641 
14295 1304 3050 1019 3519 
14296 3223 3424 2691 3555 
14297 2770 3760 3029 3785 
14298 1916 3140 2017 3211 
14299 1720 3926 3407 3941 
14300 3215 2958 3487 3916 
14301 2134 3642 3243 4297 
14302 1256 3580 1373 4238 
14303 2190 2070 2191 4097 
14304 1969 3023 2050 4396 
14305 3678 2703 4410 4181 
14306 872 3904 888 4284 
14307 3536 3715 3102 3836 
14308 1146 1145 3823 4020 
14309 2324 3754 2327 3934 
14310 1313 3986 3929 2869 
14311 1339 4566 4098 4084 
14312 2875 2764 3200 4170 
14313 2148 3465 4035 4207 
14314 936 3974 3601 4264 
14315 3380 3575 2531 3667 
14316 2841 3779 3346 3950 
14317 3127 3367 2845 4160 
14318 3038 4296 4056 4407 
14319 2660 3451 3825 4247 
14320 1605 3492 3100 4127 
14321 2725 3196 3206 3913 
14322 1044 1085 999 4154 
14323 2781 3448 3351 4152 
14324 2228 3732 2272 4342 
14325 479 481 483 4114 
14326 1025 1026 3550 3948 
14327 2281 3242 2090 3603 
14328 2752 2907 2833 3009 
14329 2074 2225 293 3748 
14330 2867 2985 2758 2738 
14331 953 1269 3497 4086 
14332 3129 180 4514 1525 
14333 2860 3423 3530 4297 
14334 348 756 4070 4197 
14335 2311 2307 136 3754 
14336 3484 2971 4233 4362 
14337 2353 2793 3932 4303 
14338 972 3343 1283 3842 
14339 1339 4566 4084 1024 
14340 4407 3810 4399 3038 
14341 2643 2641 2628 3178 
14342 3440 3537 2939 3666 
14343 1329 1402 1057 3602 
14344 2990 2798 3463 4370 
14345 4032 270 3275 1975 
14346 1735 3511 3472 3774 
14347 2863 3001 2871 3608 
14348 3289 3498 2538 3577 
14349 2664 2642 2667 4255 
14350 2133 3423 3476 4297 
14351 493 489 488 3562 
14352 4023 4474 4550 563 
14353 1874 1938 1879 3658 
14354 3081 2823 3529 2924 
14355 578 2831 3332 3565 
14356 2976 2979 2975 3532 
14357 637 543 636 4023 
14358 928 3794 3346 4334 
14359 1779 3609 3170 4341 
14360 1522 2752 1501 4087 
14361 3465 2269 4342 2152 
14362 2724 3029 2835 3596 
14363 2687 3584 3852 4241 
14364 166 4444 1450 4529 
14365 3437 3474 2765 4406 
14366 2632 2650 338 3838 
14367 2890 3208 3305 4340 
14368 2703 3595 2759 4181 
14369 3239 221 3832 3670 
14370 1373 3950 1317 4238 
14371 431 2710 3906 4227 
14372 3587 4402 2986 3180 
14373 2759 2979 432 2921 
14374 1668 1655 1720 3729 
14375 2858 3410 3232 3823 
14376 1065 3455 1005 1125 
14377 3643 3814 801 4113 
14378 2688 3441 3384 4133 
14379 3096 2814 3317 4109 
14380 2909 2910 2699 4102 
14381 4059 1749 1602 3371 
14382 2663 3256 3673 4247 
14383 3337 1830 4191 1973 
14384 180 181 4514 1525 
14385 3068 3912 3301 4062 
14386 3203 3377 3108 4082 
14387 1230 1189 955 3615 
14388 3430 3574 2996 2997 
14389 3295 4251 3822 4296 
14390 3073 4007 3822 4251 
14391 3648 4585 4523 2029 
14392 2195 3483 2160 3873 
14393 4050 3854 2722 4185 
14394 1987 2023 2025 3486 
14395 3083 2951 3863 4030 
14396 819 4424 4106 4419 
14397 1450 4529 4444 3431 
14398 442 4512 2740 4388 
14399 3949 3870 3023 3337 
14400 2276 2158 3442 4397 
14401 1842 1843 1845 3616 
14402 2121 3322 3273 3507 
14403 4529 1382 816 3195 
14404 1081 3624 1079 3746 
14405 2803 2792 4050 3795 
14406 2124 3273 2130 3647 
14407 1284 815 1260 3381 
14408 3423 3476 3154 4292 
14409 2349 3629 2782 3671 
14410 2709 2961 2819 3400 
14411 326 3673 3077 4247 
14412 3437 3764 2703 4328 
14413 2455 3626 3594 3790 
14414 3087 3094 1857 3556 
14415 793 4004 789 3651 
14416 350 3546 3992 4262 
14417 1122 1278 3329 4320 
14418 3345 1733 3884 3314 
14419 3079 3359 2828 3402 
14420 3109 3445 3641 3970 
14421 1986 1888 1891 3547 
14422 705 574 575 2829 
14423 3168 3327 2957 2741 
14424 2977 4056 3822 4296 
14425 4461 3500 2247 4448 
14426 1740 3307 1739 4313 
14427 3261 3604 2989 3687 
14428 2868 3855 2730 2712 
14429 1420 1172 1029 3546 
14430 1689 3503 3133 3727 
14431 819 1469 4058 4106 
14432 4588 696 668 85 
14433 3817 3962 2994 4331 
14434 1740 3307 3039 3984 
14435 2677 3878 3976 4105 
14436 3561 3618 2992 4276 
14437 4315 4415 4095 2905 
14438 3175 2940 3621 4302 
14439 1132 1363 930 3509 
14440 2065 2273 2274 3269 
14441 2786 2899 3081 3227 
14442 1449 3226 1187 4006 
14443 350 3992 351 4043 
14444 117 1834 4425 4579 
14445 4075 4206 2877 4399 
14446 380 3541 379 4000 
14447 3032 3984 3529 4179 
14448 882 887 1363 3509 
14449 827 1441 1282 4329 
14450 2689 2936 3522 4112 
14451 2683 3496 2998 3925 
14452 1586 3578 247 3819 
14453 2849 3338 3868 3067 
14454 1022 3204 1474 3655 
14455 2819 3994 3295 4100 
14456 351 352 3448 3861 
14457 2129 2135 2132 3642 
14458 783 791 754 3811 
14459 1225 3880 1145 4020 
14460 3552 3662 2997 4167 
14461 2807 3002 2885 4195 
14462 3008 2905 4415 4315 
14463 1534 1499 1497 3822 
14464 789 3293 3651 3661 
14465 1993 1837 1998 3309 
14466 3192 4109 3298 4258 
14467 263 3506 3682 4308 
14468 2056 3258 2248 3692 
14469 3837 3973 3045 4244 
14470 3053 3264 3037 4243 
14471 3302 1960 3303 2051 
14472 4200 2812 4309 3156 
14473 3092 3408 2968 3955 
14474 3572 2063 2196 3255 
14475 1246 1404 1247 3738 
14476 3393 3436 2892 3587 
14477 1922 2019 3947 4067 
14478 4222 2804 3796 2691 
14479 3142 4014 2905 4184 
14480 2180 3711 3355 4415 
14481 1642 1770 3227 4386 
14482 3243 3642 3476 4297 
14483 3072 3777 3382 3921 
14484 1723 1724 1767 3412 
14485 833 821 834 3666 
14486 2406 2555 2548 3317 
14487 2265 2268 2055 3959 
14488 2860 3145 3090 2745 
14489 2693 3800 3463 4076 
14490 2827 3811 3333 4049 
14491 416 2873 3143 4029 
14492 1372 1096 1316 3699 
14493 3392 4029 2802 4121 
14494 3201 3202 3200 4326 
14495 2500 2501 2492 3608 
14496 1260 1475 1271 4204 
14497 376 2428 2399 3557 
14498 3352 3073 3822 4251 
14499 4245 3933 3286 3950 
14500 2263 2126 2128 3908 
14501 223 224 3741 3859 
14502 2443 2442 2441 3701 
14503 3751 4139 3812 3162 
14504 4209 3756 4126 2997 
14505 2719 3540 3936 4377 
14506 3714 2625 2666 3911 
14507 427 2748 408 2942 
14508 2206 3499 2068 4312 
14509 2822 3257 3172 3341 
14510 1019 2871 3050 4068 
14511 684 3205 2610 617 
14512 3287 1901 3899 1899 
14513 4495 1335 2854 179 
14514 3041 2866 3510 3214 
14515 2092 3306 2085 3426 
14516 2539 3265 2583 3498 
14517 3675 4132 3268 4395 
14518 1251 4248 2854 3648 
14519 3271 4365 2744 2708 
14520 1189 1440 1274 3353 
14521 3016 3632 3349 3961 
14522 1759 1722 1668 3926 
14523 2337 2345 2354 3694 
14524 2348 2782 2360 2830 
14525 417 2737 2768 4338 
14526 1874 3658 1876 3759 
14527 3714 2625 3911 2654 
14528 3241 4166 3662 848 
14529 1191 1190 1064 2872 
14530 3979 4196 3902 2694 
14531 3134 3441 2734 3929 
14532 2919 2878 3547 3548 
14533 948 4086 3792 4319 
14534 2014 2016 3422 4290 
14535 1019 3050 2871 3519 
14536 1406 968 3252 4266 
14537 906 1263 913 3462 
14538 3048 3555 3421 4009 
14539 3712 2842 2729 4211 
14540 3358 4155 3160 4321 
14541 1095 3997 3998 995 
14542 4039 4050 3854 2722 
14543 4514 1525 181 4322 
14544 3149 3408 2968 3891 
14545 3191 3268 3019 4261 
14546 2601 2598 2396 3611 
14547 2967 4177 3658 4198 
14548 3541 2420 3830 3857 
14549 2698 4361 2983 4381 
14550 1401 3357 1083 4306 
14551 3452 2921 3471 3685 
14552 2831 653 3332 616 
14553 3398 1794 1669 1803 
14554 561 4468 4555 4157 
14555 2643 2645 3825 4054 
14556 723 2766 4432 3812 
14557 2655 3563 2671 4070 
14558 3166 2704 3746 3777 
14559 3136 3698 3186 3978 
14560 3114 3703 2941 4368 
14561 3026 3472 3200 3774 
14562 269 3568 4032 4135 
14563 2940 3878 3369 3894 
14564 3738 4216 3907 2900 
14565 499 3419 537 3796 
14566 2692 3881 3343 4359 
14567 3207 3913 3493 3793 
14568 2913 4387 2839 2912 
14569 309 2058 308 3457 
14570 97 747 4550 4023 
14571 3210 3666 3440 3815 
14572 1140 3049 1139 1141 
14573 3484 2972 3737 4074 
14574 3295 2819 4100 4153 
14575 1084 1050 1144 3809 
14576 1601 1754 1600 4059 
14577 747 98 97 4550 
14578 2199 2052 3270 3690 
14579 1174 3360 922 4044 
14580 3325 4180 2841 4330 
14581 1181 1407 3794 4010 
14582 3084 2936 3677 4191 
14583 3201 3202 1622 3849 
14584 2444 3639 2442 3701 
14585 1288 926 925 3523 
14586 589 3368 675 4088 
14587 2627 4053 3070 4314 
14588 3620 3720 3018 4074 
14589 3289 3290 3124 4079 
14590 790 3491 781 4028 
14591 3291 3854 1012 4371 
14592 250 249 1998 4084 
14593 3122 2496 3347 4001 
14594 2686 3132 4249 4295 
14595 1025 4416 1033 1016 
14596 2726 2784 4144 4015 
14597 3057 3307 1639 3396 
14598 273 1820 272 3634 
14599 2350 2335 2365 4183 
14600 2566 2608 2418 3230 
14601 896 3316 894 4129 
14602 353 3829 3861 4246 
14603 4446 3257 608 2930 
14604 3522 3668 2689 4112 
14605 1744 3591 1612 3751 
14606 2743 2901 2898 3112 
14607 1140 1138 1139 2776 
14608 2868 2714 4131 4235 
14609 2011 1812 1937 3919 
14610 2039 1920 2032 3757 
14611 243 244 1574 3623 
14612 4433 793 809 3392 
14613 3044 3605 3397 4049 
14614 647 3047 721 651 
14615 4503 1591 217 1798 
14616 425 3013 2946 2917 
14617 2754 2931 2911 3094 
14618 2747 3704 3633 3719 
14619 746 4419 788 169 
14620 1418 4017 1173 4262 
14621 3433 3876 2955 4136 
14622 2225 2073 294 3748 
14623 3022 3676 2950 3970 
14624 1191 1064 1257 3718 
14625 3731 4166 3383 4167 
14626 1851 3344 3283 3570 
14627 3172 3512 2932 3759 
14628 3465 3951 2990 4207 
14629 1788 1602 1749 3371 
14630 2608 3226 2418 3230 
14631 3575 3867 4270 3120 
14632 2852 2705 3537 3784 
14633 2839 3167 3311 3412 
14634 791 3195 792 4307 
14635 1287 1166 2928 3194 
14636 2737 2681 3299 3856 
14637 2424 2423 2571 3332 
14638 1007 3394 1002 1136 
14639 1095 1152 995 3998 
14640 2158 2275 2276 3442 
14641 991 993 3467 4221 
14642 2899 3444 2786 2705 
14643 1513 1542 1488 3419 
14644 3147 3941 1662 4011 
14645 3511 1775 4294 1736 
14646 971 1021 997 3808 
14647 1518 2797 2974 3102 
14648 1215 4542 3133 1386 
14649 2653 2670 3939 4202 
14650 4203 3782 4026 3240 
14651 1525 4514 3129 4322 
14652 3262 3788 3453 4277 
14653 3179 3430 2996 3850 
14654 1746 3339 1780 3587 
14655 3086 3424 3421 3555 
14656 2869 3022 2853 4405 
14657 2807 3154 3002 4195 
14658 3351 3448 2781 4043 
14659 2457 2558 2454 3649 
14660 2860 2821 3255 3423 
14661 3470 3471 2921 3685 
14662 2860 3530 3169 4297 
14663 755 753 754 3235 
14664 187 186 1484 4445 
14665 4408 1275 822 1137 
14666 712 146 557 2795 
14667 1672 3318 1675 1673 
14668 2082 2236 2179 3545 
14669 2670 342 3939 4202 
14670 1949 1809 1948 3582 
14671 1940 1813 3637 3725 
14672 3323 3451 3244 3825 
14673 4537 63 62 1284 
14674 1571 3239 1708 3393 
14675 1913 1911 3805 4055 
14676 3053 3697 3037 3900 
14677 2689 334 2799 3668 
14678 3264 2099 2098 2111 
14679 1089 3546 3674 3896 
14680 365 366 3249 3577 
14681 2294 465 4513 2298 
14682 2188 2177 2186 4184 
14683 2933 3834 3602 4033 
14684 1492 4100 2763 1493 
14685 324 323 3579 3935 
14686 1340 3738 1404 3985 
14687 3562 4236 333 4273 
14688 2817 3228 3263 3557 
14689 307 306 2172 3559 
14690 2078 2271 291 3571 
14691 3235 3811 3563 2827 
14692 2941 3703 3187 4368 
14693 2474 3490 2473 3989 
14694 870 3817 3310 4284 
14695 1135 939 1471 3504 
14696 3782 4026 3240 3840 
14697 474 3764 4553 4228 
14698 1940 1813 1989 3637 
14699 1649 3640 3729 4393 
14700 511 4540 3424 469 
14701 2700 3643 3629 3814 
14702 2107 3707 3003 3765 
14703 3170 3006 2927 3670 
14704 3189 3667 3575 3867 
14705 398 2844 4128 4130 
14706 3255 2266 2196 3959 
14707 2261 2135 2250 3696 
14708 2514 3319 2382 3861 
14709 3234 3988 3145 4035 
14710 4391 2989 3463 2736 
14711 448 3595 419 3764 
14712 3022 3351 2950 3676 
14713 3258 2249 3401 3065 
14714 3364 2939 3995 4351 
14715 2125 3573 3363 4412 
14716 3299 3733 498 3856 
14717 1702 1703 3452 4357 
14718 2803 3791 3584 4185 
14719 3890 3777 3462 4123 
14720 2770 3380 3867 4270 
14721 2736 3324 3488 3687 
14722 2794 3084 3466 4368 
14723 1646 1649 1763 3729 
14724 1833 3158 261 3682 
14725 1349 1219 1220 4136 
14726 3189 3443 3263 4274 
14727 4042 3174 3507 2806 
14728 2581 2587 3644 3781 
14729 1406 3252 1151 4360 
14730 257 3677 258 4223 
14731 2240 2211 2105 3439 
14732 2761 3929 3928 3986 
14733 3122 3653 2527 3780 
14734 3313 3550 2792 4385 
14735 2783 2837 340 4287 
14736 4085 3372 3228 2820 
14737 4260 4304 3497 4086 
14738 2717 4138 3965 2776 
14739 4466 1320 3238 825 
14740 3121 3854 3291 4371 
14741 2057 3559 306 4072 
14742 3073 3694 3352 3923 
14743 3106 3119 2445 3372 
14744 2629 3673 327 2663 
14745 935 4301 926 4337 
14746 2692 4359 2998 4400 
14747 3256 3480 2720 3940 
14748 1751 1678 1689 4219 
14749 516 533 4541 3238 
14750 3580 1238 1239 3981 
14751 2665 2633 2654 3714 
14752 1802 1629 1631 4082 
14753 566 2956 2758 3099 
14754 1595 1750 1596 3159 
14755 3272 3689 2971 4291 
14756 333 2689 4236 3254 
14757 2761 3736 3225 3780 
14758 880 3475 1317 3950 
14759 2624 2402 2533 3432 
14760 2924 3640 3505 3922 
14761 748 801 3860 4113 
14762 1590 3539 1592 3588 
14763 4224 4236 4273 2714 
14764 1916 3211 1917 3406 
14765 1599 3212 219 3753 
14766 4355 4046 3688 2813 
14767 2846 3334 2869 3700 
14768 2890 3208 4340 2953 
14769 3247 3486 2843 3547 
14770 465 4513 73 4572 
14771 2829 3292 3171 3372 
14772 3963 972 3842 3808 
14773 3511 4294 3201 4325 
14774 2697 3444 2899 3956 
14775 2240 2104 2107 3707 
14776 2039 1972 1826 3487 
14777 3097 3657 3654 4290 
14778 4530 64 515 4420 
14779 3285 1813 3528 1970 
14780 2593 3253 3645 4335 
14781 1129 1128 1081 3624 
14782 3182 2788 3615 3806 
14783 2841 3475 3950 4252 
14784 3677 3745 3128 3190 
14785 4438 4531 598 2731 
14786 1844 3245 4031 4318 
14787 891 892 3914 4022 
14788 2677 4105 3976 4327 
14789 3163 3987 4345 1608 
14790 3358 3961 3016 4048 
14791 769 3717 322 3755 
14792 329 4278 3542 328 
14793 3333 3971 3491 4307 
14794 2463 2465 2621 3366 
14795 2920 2973 2919 3422 
14796 752 4543 164 745 
14797 553 2795 3047 4034 
14798 2747 2855 3158 4003 
14799 3996 920 991 992 
14800 3873 3405 2156 2154 
14801 393 418 445 3856 
14802 1085 1294 999 4154 
14803 2174 3769 3457 3837 
14804 2360 2817 2338 2830 
14805 2074 2225 3748 3868 
14806 3343 3808 2809 3842 
14807 3492 3539 4127 1595 
14808 2685 3325 2814 2696 
14809 2949 2958 3247 3487 
14810 4469 3134 794 3938 
14811 1114 1146 1145 3823 
14812 3499 3508 2861 3690 
14813 2802 4038 3392 4121 
14814 4537 4420 63 1284 
14815 2425 2417 2390 3553 
14816 1340 1000 1049 3284 
14817 2599 2553 2499 3388 
14818 1791 1750 1595 3159 
14819 1215 3049 1139 3133 
14820 2694 3902 3630 4196 
14821 4537 4420 1284 3381 
14822 1704 2879 1621 3828 
14823 2476 2497 2549 3730 
14824 775 4178 741 4349 
14825 2736 2989 2988 3687 
14826 1817 1844 3616 4318 
14827 2055 298 2196 3572 
14828 2960 3090 3479 3145 
14829 3567 3650 3152 4190 
14830 2634 3177 4255 3939 
14831 955 956 957 3615 
14832 356 2582 2394 3445 
14833 3527 2606 2523 2896 
14834 3840 4026 4204 3381 
14835 65 1448 1161 3801 
14836 2902 2907 1521 1522 
14837 3156 2812 3346 3933 
14838 3501 1583 1732 3513 
14839 2050 3151 3023 4348 
14840 4106 4392 4028 1469 
14841 4415 3500 4315 3455 
14842 2356 2830 2820 4085 
14843 3329 4160 3804 4320 
14844 2879 3417 1704 4018 
14845 2998 4359 3173 4400 
14846 2829 625 3171 725 
14847 3284 4392 3738 3130 
14848 367 3930 3198 4404 
14849 72 4513 73 465 
14850 3519 4544 2580 2574 
14851 1704 1703 1623 3417 
14852 2161 2159 2162 3494 
14853 3801 65 820 4453 
14854 1095 3997 995 994 
14855 2856 3297 3213 4192 
14856 2901 3102 3536 3715 
14857 441 4455 448 3764 
14858 1013 3121 4134 4371 
14859 4512 40 1199 4388 
14860 1228 1229 1417 4120 
14861 3468 2877 4399 4407 
14862 4032 270 1975 269 
14863 3127 3840 3381 4364 
14864 3229 1715 3600 3858 
14865 2386 2543 3372 3659 
14866 1272 3089 3545 3917 
14867 2766 3079 2828 3751 
14868 364 2550 363 3991 
14869 3293 2706 3874 3935 
14870 2427 2405 2517 3905 
14871 4442 3419 522 4151 
14872 2149 2152 2148 3465 
14873 679 2728 3093 4254 
14874 3950 4238 3286 4245 
14875 2816 2863 2846 1549 
14876 3018 3168 3826 3993 
14877 1969 1808 3747 4396 
14878 418 445 3856 4338 
14879 2609 2499 2551 3596 
14880 2868 2796 3275 4235 
14881 4569 3539 4481 1799 
14882 417 2737 418 2914 
14883 3105 3657 3097 4290 
14884 3701 2512 3517 3942 
14885 2630 3579 3451 4391 
14886 2558 2462 3399 3864 
14887 3267 3864 2557 4071 
14888 2030 3287 3400 3851 
14889 2766 2828 3150 3751 
14890 324 2824 2787 2813 
14891 3960 4088 3368 4299 
14892 3265 2605 2539 2603 
14893 3416 1365 1332 3739 
14894 2622 4324 2556 4401 
14895 3114 4116 3084 4223 
14896 2720 3940 3480 3054 
14897 3153 3614 1902 3899 
14898 2422 2428 2388 3857 
14899 3017 3800 3621 2827 
14900 1659 1658 1771 3505 
14901 258 1830 259 3677 
14902 2892 2993 2893 4172 
14903 2139 3217 3243 4355 
14904 862 1145 1225 3880 
14905 1909 4055 3515 4346 
14906 1925 2021 3197 4067 
14907 3742 3807 3543 4148 
14908 2790 2929 2695 3599 
14909 4541 3238 393 3856 
14910 2702 3157 2855 4003 
14911 2726 3037 2980 3900 
14912 2113 3308 2211 3765 
14913 2903 3145 2960 4035 
14914 4245 3933 3950 2841 
14915 41 40 1199 4512 
14916 2667 2626 2664 3333 
14917 3606 2932 3149 2882 
14918 2986 2776 3180 3434 
14919 254 3373 255 4189 
14920 3012 3418 3329 3804 
14921 2733 3003 3439 2848 
14922 1790 1570 3625 3871 
14923 1533 1493 1491 3352 
14924 1529 1530 3810 3994 
14925 2420 2413 2423 3565 
14926 4459 1441 827 4329 
14927 2267 3255 2063 3576 
14928 3656 3851 2709 3287 
14929 2707 3853 3331 4387 
14930 2847 3483 3358 4097 
14931 2786 2811 3026 3918 
14932 2848 3003 3439 3765 
14933 2149 2147 2150 3951 
14934 3600 1782 1716 1577 
14935 1037 3497 1011 4260 
14936 2743 2898 2831 3112 
14937 2775 3356 1526 4174 
14938 593 3292 3541 4000 
14939 1165 4317 1471 3834 
14940 2221 2218 2241 3749 
14941 269 1829 1975 4032 
14942 1670 3339 1746 4339 
14943 4445 2863 3001 186 
14944 3005 3263 3260 4183 
14945 1979 3158 3157 3924 
14946 2867 2985 2738 2828 
14947 134 2308 2316 4144 
14948 2600 2495 3225 3780 
14949 3686 3802 2723 4105 
14950 279 1847 278 3328 
14951 4419 4424 4106 788 
14952 839 996 1261 4203 
14953 3654 1938 3658 1879 
14954 4445 3001 1193 186 
14955 3021 3444 3259 4163 
14956 1012 4136 1045 1219 
14957 1834 118 117 4425 
14958 374 3263 2525 4274 
14959 948 3792 947 4319 
14960 1894 1893 1890 3656 
14961 2987 3337 3153 3841 
14962 2858 3232 3410 3895 
14963 3032 3396 3081 3984 
14964 1645 3529 1648 4393 
14965 2714 2843 2958 3105 
14966 2683 3925 2998 4162 
14967 1199 1353 41 4512 
14968 1823 3275 3657 4332 
14969 2983 3898 3076 3909 
14970 3326 3657 3275 4332 
14971 2869 1193 4445 3139 
14972 2961 3936 4100 4153 
14973 1116 4305 4084 3277 
14974 338 3374 3062 4398 
14975 1689 1691 1692 3727 
14976 3394 4221 2753 3869 
14977 3199 3880 3756 4126 
14978 3219 3520 2803 3609 
14979 3188 3481 3093 4041 
14980 3005 3189 3443 3263 
14981 4599 3283 672 3771 
14982 2726 3900 3368 4144 
14983 3416 3739 3071 4159 
14984 2728 680 3437 4254 
14985 3604 4073 2989 4207 
14986 2860 3476 3423 4297 
14987 2779 3441 3943 4094 
14988 2016 1881 3422 3877 
14989 1502 3007 2775 4174 
14990 2329 2848 2321 3762 
14991 2696 3126 2871 4104 
14992 2842 3798 3420 4119 
14993 3285 2011 1970 3919 
14994 3143 3270 2197 3690 
14995 674 4531 3923 598 
14996 3255 3423 2821 3576 
14997 562 4600 4559 140 
14998 408 406 407 4190 
14999 388 4421 2780 443 
15000 2892 3393 2893 3436 
15001 1034 1158 1013 4134 
15002 2075 3576 4078 4412 
15003 1288 926 3523 4337 
15004 1916 1917 1914 3406 
15005 947 948 949 3792 
15006 2783 3198 2837 4354 
15007 2976 2979 3532 3820 
15008 2726 2806 2314 3824 
15009 2973 2763 3231 3149 
15010 1994 1845 1846 3655 
15011 2413 2420 379 3541 
15012 1465 1110 1407 4010 
15013 3926 4282 1763 3729 
15014 3303 1887 3149 1962 
15015 2674 4080 3584 4185 
15016 1728 1727 1581 3585 
15017 413 437 4088 4299 
15018 427 2942 426 3013 
15019 297 296 3650 3716 
15020 2958 3460 3105 3486 
15021 3251 3314 2914 3884 
15022 755 3811 754 756 
15023 2325 2828 2315 4234 
15024 4512 1368 1199 1353 
15025 134 601 550 4144 
15026 3926 4282 3729 3068 
15027 895 894 4022 4129 
15028 2994 3962 3310 4030 
15029 4212 4147 3323 3336 
15030 2406 3317 2548 4096 
15031 2864 3221 3462 4123 
15032 3337 1825 4191 4396 
15033 3275 4032 3092 4135 
15034 3458 4584 2617 3171 
15035 3055 3489 3531 4379 
15036 2399 2428 3260 3557 
15037 2696 3095 2814 3096 
15038 1967 3657 3326 4332 
15039 562 4600 140 729 
15040 2766 3150 2862 3163 
15041 846 3383 1209 844 
15042 1425 831 1439 3876 
15043 3671 3915 2883 4024 
15044 3136 3797 3523 4337 
15045 866 3638 861 3962 
15046 3420 3798 2682 4119 
15047 470 4441 4406 3437 
15048 3224 3894 2915 4008 
15049 850 851 848 3662 
15050 364 365 2403 3991 
15051 3503 4110 1795 4402 
15052 2728 3437 680 4228 
15053 2190 3338 2070 4097 
15054 547 4531 598 149 
15055 2102 2101 2076 3744 
15056 440 2759 2921 2991 
15057 2826 3731 3383 4167 
15058 2037 1993 3309 3485 
15059 2991 3513 3404 4213 
15060 2265 2266 2136 3530 
15061 1209 3975 3383 4166 
15062 2492 2501 2515 3700 
15063 1887 1889 3231 3548 
15064 3283 3612 1864 3803 
15065 4512 1368 4388 1199 
15066 3341 4177 2967 4198 
15067 2676 3934 3340 4253 
15068 2353 3564 2344 4303 
15069 3693 4034 2334 4131 
15070 2333 4559 3812 4406 
15071 2452 3639 2511 3644 
15072 3269 2228 4342 3732 
15073 398 4128 400 4130 
15074 4511 2377 742 2367 
15075 2593 3253 3354 3864 
15076 3963 972 3808 1330 
15077 2020 3657 3105 4290 
15078 4019 4093 4094 3078 
15079 2402 3432 3249 3930 
15080 1884 3877 2016 4290 
15081 4541 3856 26 516 
15082 836 835 837 4026 
15083 2850 3650 3567 4190 
15084 289 2199 288 3690 
15085 2235 2084 204 4577 
15086 3021 3691 3259 3852 
15087 2898 3332 3734 3205 
15088 1506 1500 3356 4056 
15089 1151 3252 1338 4175 
15090 2824 2787 3169 3664 
15091 1541 3468 1531 1551 
15092 274 1952 273 3634 
15093 1038 921 886 4044 
15094 2688 3384 3441 4094 
15095 2747 4192 2855 4205 
15096 2841 3475 3218 3779 
15097 1695 1693 1761 3768 
15098 2727 3977 2355 4232 
15099 2335 3629 2364 3643 
15100 3336 3969 3044 4414 
15101 1525 2757 4322 3129 
15102 2897 2779 3641 3970 
15103 2484 3414 2483 3816 
15104 2143 3243 2134 3642 
15105 3337 1830 1973 1983 
15106 854 856 853 3756 
15107 4530 515 64 466 
15108 2084 4577 2280 3545 
15109 937 1009 1277 3560 
15110 3571 3868 2849 3338 
15111 3272 3624 1080 4356 
15112 405 404 403 3872 
15113 742 100 99 4511 
15114 2707 3331 4077 4387 
15115 2860 3169 3476 4297 
15116 3307 1641 1740 1639 
15117 3039 3472 2978 3952 
15118 2856 3302 2968 4377 
15119 2793 2970 3586 4303 
15120 2786 3081 2899 2705 
15121 650 4588 2822 696 
15122 3755 2885 3622 4365 
15123 3453 2850 2888 3262 
15124 4405 2520 2417 2416 
15125 293 2228 292 3732 
15126 2726 3037 2806 2980 
15127 3310 3904 872 4284 
15128 1520 2743 2898 1485 
15129 2794 3187 3373 4400 
15130 2698 4038 2983 4361 
15131 2040 1893 1895 3851 
15132 2698 2769 4038 4361 
15133 2927 3670 3239 3832 
15134 4131 4236 2714 4273 
15135 2960 3090 3145 2745 
15136 1309 1143 1311 3421 
15137 3562 4236 2791 3254 
15138 2909 2726 4005 4102 
15139 1892 2051 1962 3303 
15140 3308 3439 2211 3765 
15141 643 731 2793 3328 
15142 3280 3888 3974 4120 
15143 2864 3777 3382 4123 
15144 3661 4004 4449 4316 
15145 3213 2856 3302 3597 
15146 2558 2462 2456 3399 
15147 1915 3406 1914 3543 
15148 2140 2229 2270 4035 
15149 3262 2071 2219 2217 
15150 2563 2565 2574 3519 
15151 1391 1309 1142 3223 
15152 2989 3234 2990 4207 
15153 338 2343 4007 4231 
15154 3860 695 4465 4113 
15155 2270 2198 2151 3479 
15156 2086 2087 2090 3242 
15157 2722 3137 2925 4050 
15158 3368 4088 589 4299 
15159 2879 3202 2832 3335 
15160 3053 4240 3264 4243 
15161 1578 1716 3708 4057 
15162 2386 376 2543 3659 
15163 2386 2543 2560 3372 
15164 3472 3774 3307 4313 
15165 4567 4077 3433 3876 
15166 2480 3566 2477 3931 
15167 2230 2135 3647 3696 
15168 957 3615 956 3176 
15169 385 3340 4088 4431 
15170 231 230 1559 3613 
15171 4380 896 3369 3316 
15172 1135 1139 3504 4317 
15173 2726 3368 3900 3960 
15174 340 4353 2628 3630 
15175 1903 3614 1905 3770 
15176 972 1396 1283 3343 
15177 3378 1998 1837 3309 
15178 2706 4121 2903 2745 
15179 2766 2319 3812 4139 
15180 3972 4245 3164 2951 
15181 2609 3348 2499 3596 
15182 3013 3461 3456 4072 
15183 2682 3382 3720 3921 
15184 4427 607 2930 87 
15185 3272 3797 3689 4291 
15186 1005 2247 4448 4471 
15187 3384 3558 2835 4094 
15188 4359 3182 3615 3176 
15189 3675 4075 3027 4176 
15190 413 2749 427 433 
15191 2360 2817 2782 3629 
15192 2194 3868 2271 3338 
15193 4511 742 100 4571 
15194 2705 3440 3132 3619 
15195 949 3792 948 4086 
15196 1044 1285 1085 4154 
15197 2681 3238 3856 4172 
15198 3296 278 277 1815 
15199 113 114 4510 1838 
15200 2273 2274 3269 4397 
15201 2832 2766 4171 2328 
15202 1528 2767 1522 4087 
15203 3048 3555 4009 4162 
15204 2841 3950 4245 4252 
15205 2599 3388 2499 4158 
15206 2898 3332 3205 616 
15207 2344 2731 4438 2793 
15208 2891 2709 2918 3287 
15209 2705 2924 2852 3619 
15210 361 3124 3290 4409 
15211 1360 1294 1085 4154 
15212 2725 3574 3750 2997 
15213 3272 2971 4016 4211 
15214 1222 897 1236 3618 
15215 3069 1419 1281 4262 
15216 2663 2646 3256 4247 
15217 240 3501 3452 3685 
15218 2094 3264 4378 3525 
15219 2787 2824 324 3664 
15220 3111 3944 342 4369 
15221 3293 3651 2769 4178 
15222 3041 3793 2866 3214 
15223 3362 3926 3068 4285 
15224 2902 3517 3098 3701 
15225 3297 3506 1958 3597 
15226 2490 3225 3736 3780 
15227 2035 1928 1982 3598 
15228 3290 3375 2935 2746 
15229 3467 918 1224 919 
15230 2280 2084 2235 4577 
15231 2997 4089 3430 3927 
15232 3018 3737 3168 3993 
15233 4445 2863 186 1484 
15234 3220 268 3568 4032 
15235 937 1009 3560 4337 
15236 2199 3270 3075 3690 
15237 3105 4032 3460 3058 
15238 3869 1190 2872 1064 
15239 2260 2222 3831 4412 
15240 4142 1159 1034 4134 
15241 2904 3014 2865 3490 
15242 2770 2883 3029 3760 
15243 221 222 1575 3670 
15244 1864 3612 3283 3771 
15245 293 3425 3732 3748 
15246 3320 3621 3017 3800 
15247 3420 3906 2842 4211 
15248 3550 3313 3549 3948 
15249 2650 2632 2647 4137 
15250 1946 3554 3300 3637 
15251 3260 3263 3005 4065 
15252 2358 336 3429 3540 
15253 3381 3840 3080 4364 
15254 3059 3240 3782 4203 
15255 2721 4130 3340 4253 
15256 2330 322 3717 3755 
15257 1239 3981 3286 3580 
15258 2458 3342 2507 3594 
15259 1812 3919 2011 4156 
15260 1202 1416 1126 3430 
15261 1719 1787 1746 3587 
15262 2822 2889 3257 3341 
15263 1845 4201 1841 1842 
15264 2090 3603 3242 4145 
15265 2768 2759 3595 4181 
15266 4573 156 623 4584 
15267 3507 2120 3363 2123 
15268 3889 3431 1275 4083 
15269 2943 3573 3456 3831 
15270 1138 2776 1140 4138 
15271 1665 3489 1666 4379 
15272 856 858 1225 3880 
15273 3183 3750 3450 3206 
15274 3481 3833 3819 245 
15275 2692 3980 2998 4161 
15276 2770 3432 3760 3785 
15277 3050 4002 3674 4010 
15278 1529 1546 2690 4176 
15279 557 2793 3328 2795 
15280 2895 1949 3582 3721 
15281 690 3107 4323 3672 
15282 3120 3249 3432 3930 
15283 3803 1851 3570 1863 
15284 2953 3106 2830 4340 
15285 1026 3313 3550 3948 
15286 3465 3269 4397 2273 
15287 3389 4231 4007 4232 
15288 2919 3548 3547 3877 
15289 2962 3696 3642 4046 
15290 3189 2834 3667 3867 
15291 3324 3687 2988 3724 
15292 1981 263 1819 3682 
15293 2647 2648 2662 3207 
15294 3296 1827 3586 1855 
15295 778 753 755 3293 
15296 327 3862 3673 3993 
15297 1838 114 4510 4494 
15298 3605 4028 3130 4392 
15299 1311 1143 1076 3421 
15300 4338 4181 2768 3595 
15301 1667 1663 1771 3531 
15302 2475 2473 3490 4158 
15303 3642 3647 3476 4292 
15304 1961 1934 1818 3891 
15305 2102 2255 2165 3909 
15306 3063 3395 2762 4196 
15307 2789 3997 3843 4305 
15308 1628 3201 3849 4294 
15309 1838 4574 1997 3300 
15310 3185 2950 3967 4152 
15311 2954 3253 2953 3645 
15312 2641 2643 2642 3178 
15313 3555 3031 4009 4162 
15314 1147 1360 1085 4154 
15315 2303 4328 3474 4410 
15316 2736 3324 2988 4327 
15317 2853 3022 2869 3929 
15318 1314 2871 4068 4104 
15319 243 244 3623 3879 
15320 3154 3363 3002 3908 
15321 2886 4470 2876 2956 
15322 2023 3486 1884 4290 
15323 2445 3372 3119 3517 
15324 3227 3411 1770 1651 
15325 1838 4574 2043 1997 
15326 3370 4061 924 4414 
15327 88 540 4423 2754 
15328 1583 1734 3513 3685 
15329 1144 3809 1050 4394 
15330 2905 4014 4117 4315 
15331 2200 3646 2057 4072 
15332 3189 3575 2529 4275 
15333 1754 3137 1601 1776 
15334 3386 4254 3093 4323 
15335 234 233 1561 3532 
15336 2808 3116 2949 3246 
15337 1296 1240 866 4331 
15338 2877 3469 3468 4206 
15339 1858 1863 2003 3803 
15340 252 251 1941 3378 
15341 2572 2612 2413 3565 
15342 2919 2730 1535 4403 
15343 2430 3652 3112 4065 
15344 313 4509 507 2298 
15345 2779 3943 2679 4094 
15346 1309 1143 3421 4009 
15347 3138 1728 4165 1729 
15348 2913 4387 2912 412 
15349 1603 1754 1751 3549 
15350 2874 2964 2838 3222 
15351 1598 1606 3376 3987 
15352 4509 72 507 4513 
15353 769 3717 3755 4365 
15354 1489 4427 87 1482 
15355 2708 2860 3664 4195 
15356 2307 2327 2324 3754 
15357 3764 4210 4213 2991 
15358 2761 3928 2846 3986 
15359 2785 3116 2891 3713 
15360 2203 285 2054 3709 
15361 3035 3841 3614 4346 
15362 1434 1377 1111 4083 
15363 2679 3943 2779 4369 
15364 1907 3515 1909 3947 
15365 623 4573 4584 3171 
15366 1905 1903 1904 3614 
15367 4260 4304 4086 3214 
15368 2280 3355 2179 3545 
15369 1652 1758 1648 3529 
15370 2513 377 2386 3659 
15371 342 3944 3111 4202 
15372 3116 3117 2891 3713 
15373 330 2317 2756 2811 
15374 2845 3714 3367 4364 
15375 497 3595 531 3764 
15376 1886 1987 1891 3547 
15377 1012 4136 1219 3854 
15378 3153 3614 2987 3841 
15379 477 514 506 3995 
15380 1998 4551 2042 1839 
15381 1136 1428 1007 3394 
15382 71 4509 72 507 
15383 772 771 770 4045 
15384 3143 2906 3690 3835 
15385 1692 3727 3313 4219 
15386 3299 4181 2686 4199 
15387 1528 2767 4087 4352 
15388 3979 2762 3281 4196 
15389 3381 3080 3866 4364 
15390 1690 3181 3434 4402 
15391 2075 2263 2223 3576 
15392 2793 3586 3115 4303 
15393 1134 939 1135 4138 
15394 2557 3267 2459 3399 
15395 1683 1615 1685 3672 
15396 1431 1449 1187 4006 
15397 3768 3188 2991 4210 
15398 2712 3693 2868 4131 
15399 3315 3927 855 4089 
15400 2540 3198 3161 3611 
15401 1705 3901 1805 4280 
15402 1505 2974 2797 3626 
15403 4584 2578 2617 2411 
15404 3954 4287 2837 4354 
15405 703 2795 3328 3047 
15406 2854 4090 3648 4248 
15407 3510 4103 1233 4289 
15408 3866 3127 3446 3381 
15409 4074 4362 2971 3484 
15410 3279 2246 4193 3765 
15411 1509 3007 1502 1504 
15412 1323 3797 1157 3978 
15413 2732 3083 2951 3665 
15414 4450 4509 71 507 
15415 3013 3559 3053 3646 
15416 2978 3511 3184 2875 
15417 3337 4191 1825 1973 
15418 2991 3764 2759 4213 
15419 3662 1417 1229 4120 
15420 1120 1056 4159 4385 
15421 917 1203 883 3779 
15422 3068 3411 2810 3412 
15423 1125 1290 1427 3455 
15424 2377 321 4508 784 
15425 2569 4584 2411 4573 
15426 2851 3055 2852 3784 
15427 354 2517 2405 3967 
15428 3300 4574 4037 646 
15429 1245 936 3974 4394 
15430 1498 3038 1495 3822 
15431 1484 187 4445 3986 
15432 2816 2761 3225 3780 
15433 1747 1589 1786 3274 
15434 401 2975 2914 3613 
15435 2385 2537 2581 3781 
15436 2732 3838 3403 4137 
15437 4584 2578 2411 156 
15438 79 5 4575 1555 
15439 3772 965 4118 1341 
15440 3196 2725 3493 3913 
15441 578 2937 2831 3565 
15442 2085 2092 2095 3306 
15443 3399 3626 2456 3790 
15444 4575 1441 178 5 
15445 1640 3057 3227 4269 
15446 2775 2904 2884 3414 
15447 3550 4142 4050 2792 
15448 589 675 3368 693 
15449 3045 3439 2733 4143 
15450 3179 3574 2800 4146 
15451 3146 2798 3951 4397 
15452 2694 3063 3979 4196 
15453 3972 4245 4252 4330 
15454 3406 2969 2757 3543 
15455 3284 4392 3130 4058 
15456 3247 1920 1986 3246 
15457 3522 2683 3980 4162 
15458 1942 3245 3543 4186 
15459 2681 2892 3965 4172 
15460 462 3392 4349 4029 
15461 1529 2690 1507 3994 
15462 1376 1106 4563 3226 
15463 2272 3732 3425 4342 
15464 1813 277 276 3725 
15465 1950 2895 3582 3821 
15466 2341 2727 4231 4340 
15467 2705 3132 3364 4295 
15468 2970 3391 3328 4229 
15469 2687 3795 3071 4168 
15470 1596 3159 3402 3492 
15471 3570 3586 1849 4229 
15472 1296 870 874 3817 
15473 2857 4139 3474 4170 
15474 1067 1423 1207 4187 
15475 3184 3513 2991 4213 
15476 4558 4575 1555 79 
15477 4033 3503 4219 2933 
15478 242 243 3845 3879 
15479 3453 3572 3788 2888 
15480 4438 4531 148 598 
15481 3849 1695 3163 1617 
15482 2207 2056 2209 3692 
15483 2868 4131 3693 4235 
15484 2678 3630 3403 4353 
15485 2057 2200 2201 3646 
15486 4511 4508 99 784 
15487 2667 2642 2657 4060 
15488 1982 1926 2026 3400 
15489 4508 98 99 784 
15490 2984 3728 3679 4145 
15491 2564 2565 3519 4257 
15492 88 1523 1482 2754 
15493 3991 4256 2550 3290 
15494 1039 3268 4132 4261 
15495 4521 2237 3892 3763 
15496 3637 3341 3528 1988 
15497 2554 2552 3635 4409 
15498 1526 1551 3468 4169 
15499 2982 3170 3137 3609 
15500 4426 2793 557 2795 
15501 22 488 3562 4273 
15502 754 3235 753 4408 
15503 2711 2831 3860 4389 
15504 3557 3830 2428 3857 
15505 2459 2460 2458 3626 
15506 799 4435 3384 4133 
15507 2687 3852 3691 4241 
15508 1049 1000 1048 3284 
15509 665 4474 563 711 
15510 3262 3453 3065 4277 
15511 983 1309 3223 4009 
15512 1159 1411 4134 4208 
15513 22 3562 333 4273 
15514 926 4301 3523 4337 
15515 4558 4575 4329 1555 
15516 2777 3177 3939 4255 
15517 3501 242 1766 241 
15518 505 4222 3796 4384 
15519 1712 1652 1645 3529 
15520 4073 3413 2142 2144 
15521 3406 2757 2969 2838 
15522 2630 2673 3825 4060 
15523 3602 4033 3071 2792 
15524 2941 2952 3773 4149 
15525 1716 1577 3294 3600 
15526 3237 3533 2789 4101 
15527 1685 3672 1615 3885 
15528 3504 4033 3503 2986 
15529 560 4437 695 4113 
15530 2113 3279 3088 3308 
15531 1491 1490 2932 2973 
15532 2583 3265 2603 4071 
15533 2118 2213 2116 3516 
15534 2960 3146 2903 3465 
15535 3860 695 4113 576 
15536 1718 1571 1719 3393 
15537 3449 2812 2685 4309 
15538 98 4508 4550 784 
15539 403 402 3428 3872 
15540 340 3630 2694 3902 
15541 2139 2221 2142 4355 
15542 501 498 3299 3733 
15543 1913 1912 1919 3140 
15544 3591 1682 4041 4323 
15545 3120 3671 4287 2782 
15546 1930 3211 1929 4090 
15547 1696 3404 1620 3768 
15548 2057 3646 3559 4072 
15549 3309 3378 4084 4305 
15550 2273 3465 3269 4342 
15551 1384 192 4464 4462 
15552 1313 3986 2869 1194 
15553 1026 3313 3948 1030 
15554 1671 1666 1670 3489 
15555 1660 1656 1762 3922 
15556 3358 2190 3483 2189 
15557 1732 3501 3513 3534 
15558 3469 4169 3126 4309 
15559 1157 1077 1078 3797 
15560 4073 3688 4355 3413 
15561 4222 2804 2691 3589 
15562 3556 3606 2932 3759 
15563 3346 4154 1294 4334 
15564 25 1 4583 533 
15565 356 3478 3445 4258 
15566 905 1262 1331 4302 
15567 2919 3818 3548 3877 
15568 744 343 4507 2378 
15569 2187 2185 2278 3500 
15570 1092 992 1091 3561 
15571 3175 2940 4302 3336 
15572 3253 3645 2954 3649 
15573 2242 2176 2165 3898 
15574 2028 3460 1971 3916 
15575 1241 4103 3315 4289 
15576 1160 1159 1411 4134 
15577 2580 4486 1082 2611 
15578 546 3754 675 4347 
15579 3781 3208 4111 4335 
15580 1857 3094 3087 3586 
15581 3532 2978 3039 3625 
15582 309 3457 2917 4293 
15583 3451 3579 4327 4391 
15584 2413 2420 3541 3565 
15585 2391 2533 368 3930 
15586 3025 2789 3533 4101 
15587 443 4172 393 4226 
15588 3032 3039 3033 3952 
15589 2584 3106 3228 3551 
15590 710 4034 664 4157 
15591 2032 3247 2028 3916 
15592 2278 2184 2061 3455 
15593 2355 3977 2727 4085 
15594 2809 3842 3808 3963 
15595 2334 4555 4034 2363 
15596 1431 1070 1281 3069 
15597 4523 1251 3648 4248 
15598 789 753 3293 3661 
15599 1830 3677 3337 4191 
15600 2314 3862 326 2306 
15601 796 748 801 3860 
15602 3033 3039 3032 3984 
15603 3815 3995 2939 4351 
15604 1984 1898 1923 3713 
15605 2183 3711 2181 3349 
15606 3194 3212 2928 3832 
15607 1605 3100 3492 3376 
15608 2979 3138 2922 3471 
15609 1089 3546 3896 1029 
15610 3274 4542 1297 4581 
15611 3972 4245 4330 3164 
15612 2917 3053 3559 3758 
15613 3057 3203 1634 3774 
15614 2631 4230 2658 3502 
15615 344 24 771 4045 
15616 2221 3749 3243 2143 
15617 2757 3675 3409 4395 
15618 2200 304 2207 4072 
15619 501 3733 3132 4351 
15620 3036 4098 3277 4150 
15621 2537 2395 3781 4111 
15622 283 3735 3679 3917 
15623 341 3671 2771 4024 
15624 330 2756 2309 3542 
15625 2971 3720 3689 4016 
15626 2901 3715 3536 3903 
15627 251 3378 252 3743 
15628 1527 2919 2920 2973 
15629 3216 3990 3164 4398 
15630 633 3631 3447 638 
15631 516 533 25 4541 
15632 1958 3297 1819 3506 
15633 3957 3116 2808 1512 
15634 3313 3602 1032 4385 
15635 2679 4094 3943 4237 
15636 2887 3650 4190 3152 
15637 2560 2512 2561 3517 
15638 2165 2255 3898 3909 
15639 2786 3227 3081 3396 
15640 3077 3488 3324 4265 
15641 2241 3749 3413 4355 
15642 1550 4021 1524 4104 
15643 2713 3218 3865 4411 
15644 669 543 637 3622 
15645 895 896 894 4129 
15646 300 2063 299 4078 
15647 3107 596 583 737 
15648 1279 3284 1049 1387 
15649 2100 2062 284 3679 
15650 3494 4076 2798 4370 
15651 1491 2763 1492 2973 
15652 1825 1969 261 4396 
15653 2707 2912 2839 4387 
15654 4039 4050 2722 2925 
15655 1968 263 1808 3747 
15656 771 772 801 3643 
15657 1773 1651 1724 3411 
15658 443 460 31 4226 
15659 4213 2875 2759 3184 
15660 792 4424 167 743 
15661 4507 102 103 744 
15662 1112 1275 3889 4383 
15663 3782 4026 3840 2939 
15664 3369 3878 2915 3894 
15665 4541 460 4583 25 
15666 2848 3045 3308 3439 
15667 2899 4282 3729 4386 
15668 1011 3497 1269 4260 
15669 3992 3010 3448 2959 
15670 1439 1345 1221 3698 
15671 3088 4271 3308 3174 
15672 3723 4080 3291 2957 
15673 2555 3317 4109 4281 
15674 4212 3323 4147 2739 
15675 3417 2879 2965 4253 
15676 405 2710 431 407 
15677 2633 2669 2654 3526 
15678 103 4557 4507 744 
15679 2802 3146 2769 4121 
15680 1901 1900 1902 3899 
15681 350 2414 349 4262 
15682 2905 3711 3142 4415 
15683 557 2793 731 3328 
15684 3923 4124 3073 4164 
15685 1680 3170 1779 3609 
15686 2087 283 2062 3679 
15687 1570 236 235 3887 
15688 3120 4287 3671 2771 
15689 1507 2690 1546 2964 
15690 372 4275 2529 371 
15691 2859 2887 3425 2873 
15692 3815 506 468 62 
15693 3075 2173 2066 3508 
15694 3992 3010 2959 4002 
15695 2705 2852 3537 3619 
15696 3722 4017 4333 2781 
15697 2729 3624 3089 3712 
15698 2733 3003 2848 4225 
15699 3464 4264 3291 2957 
15700 2787 324 2813 4391 
15701 3509 3699 1132 4272 
15702 3374 3449 2977 3062 
15703 2487 2494 2488 3141 
15704 2841 4245 2812 4330 
15705 4541 4583 533 25 
15706 3122 3347 3078 4001 
15707 4066 4487 4585 1994 
15708 4124 692 3390 4164 
15709 3188 3768 3162 4210 
15710 88 567 540 2754 
15711 2905 4014 2723 4117 
15712 3897 4252 3972 2951 
15713 3932 3693 2796 3144 
15714 477 479 3995 4351 
15715 3391 4425 2038 3344 
15716 1169 4503 1168 3212 
15717 2829 3119 3106 3372 
15718 2399 2430 2524 4065 
15719 813 4536 177 4488 
15720 1019 3050 1018 4068 
15721 4074 4362 3484 2972 
15722 3677 3745 3190 1831 
15723 2333 4139 2319 2303 
15724 2735 3702 3628 4395 
15725 1037 1059 1060 3850 
15726 2808 2878 3246 3547 
15727 3150 3335 2985 4234 
15728 1325 1119 1120 4142 
15729 2171 2082 2178 3983 
15730 2301 319 4506 467 
15731 3075 2173 3508 3744 
15732 2976 432 2922 397 
15733 3879 3188 1757 3481 
15734 3160 3724 2751 4370 
15735 913 3462 1263 4081 
15736 296 3152 3650 3716 
15737 3200 1630 4325 4326 
15738 3996 920 992 3561 
15739 2007 1946 1866 3554 
15740 1510 2891 2918 3035 
15741 717 4418 550 2805 
15742 3626 3267 2907 3399 
15743 1116 1217 1369 4084 
15744 2140 3145 3530 3988 
15745 1454 3842 1358 4358 
15746 2796 2818 2336 3932 
15747 2715 2791 3562 4224 
15748 3020 3581 3124 3979 
15749 4578 4506 75 467 
15750 269 3568 268 4032 
15751 1152 2790 995 3998 
15752 3246 1894 1890 3656 
15753 2832 2862 2766 3150 
15754 3079 3591 3107 3885 
15755 4482 4577 2284 3545 
15756 3963 972 1330 1343 
15757 2134 2132 2220 3642 
15758 2946 4436 425 2917 
15759 2561 2513 3372 3783 
15760 2777 4049 3495 4255 
15761 1967 1823 1978 3657 
15762 2091 2187 2090 3603 
15763 2933 4033 3602 2792 
15764 1981 1833 3682 3683 
15765 4506 76 75 467 
15766 1439 831 1345 3876 
15767 306 2215 305 3769 
15768 488 493 3562 4273 
15769 1986 3246 1890 3547 
15770 1281 1449 1431 4263 
15771 2791 2958 2799 4236 
15772 3520 3609 1674 4341 
15773 2872 3242 2984 3718 
15774 4066 2934 1348 3655 
15775 391 441 440 2728 
15776 4588 696 4446 2822 
15777 2997 3493 3315 4126 
15778 1037 3497 4260 4360 
15779 1858 3570 1863 3803 
15780 1821 3924 3157 4116 
15781 254 255 3373 3964 
15782 2381 3289 3124 3581 
15783 447 415 418 2893 
15784 512 3733 3238 3856 
15785 3723 2957 4350 2674 
15786 1387 3284 3937 4058 
15787 4479 3631 3447 633 
15788 792 4424 743 4028 
15789 3106 3228 2830 4085 
15790 271 3275 1823 4332 
15791 3289 3979 3124 3581 
15792 2973 2709 3231 2763 
15793 4506 502 467 319 
15794 3119 3517 3372 3783 
15795 111 620 4484 4481 
15796 2769 3442 3024 2798 
15797 2944 3158 3682 3248 
15798 2067 3258 2202 3761 
15799 2008 197 198 4505 
15800 3447 3707 2282 4372 
15801 548 2829 705 3977 
15802 3220 2799 3213 3215 
15803 2772 2982 3791 3147 
15804 451 3813 383 4077 
15805 2809 3343 3842 4099 
15806 2949 2958 3487 2791 
15807 2008 4505 198 4248 
15808 2826 3750 3450 3059 
15809 4426 557 146 2795 
15810 2055 3572 2196 3959 
15811 2403 2546 2613 3760 
15812 2903 2769 3146 4121 
15813 2800 3925 3839 4242 
15814 2353 3932 2818 4303 
15815 3313 2792 3602 4385 
15816 4452 812 3134 750 
15817 463 493 495 3636 
15818 2978 3470 3184 3871 
15819 567 88 4427 2754 
15820 3123 1359 3233 3917 
15821 2341 2355 2727 4085 
15822 542 582 694 3437 
15823 2195 3483 3873 3067 
15824 576 2831 3860 682 
15825 892 889 891 3914 
15826 928 3346 1294 4334 
15827 2503 2555 2406 4109 
15828 4521 3447 4479 2239 
15829 2202 301 2067 3761 
15830 2681 3856 2737 4172 
15831 1851 1999 3283 3344 
15832 2133 3476 2132 4297 
15833 2221 3749 2241 4355 
15834 25 26 516 4541 
15835 3168 3663 3427 4278 
15836 1804 1709 1561 3625 
15837 1686 1560 220 3832 
15838 2831 653 616 678 
15839 1983 1927 1973 3337 
15840 4541 4583 3238 533 
15841 307 306 3559 3769 
15842 975 1035 1254 4009 
15843 2098 3264 3525 4240 
15844 711 720 665 4225 
15845 2154 2153 2150 3951 
15846 2030 3400 3598 3851 
15847 2168 2167 2166 4048 
15848 888 3914 889 4284 
15849 805 3321 4454 4141 
15850 1013 1012 3854 4371 
15851 3132 3440 3364 4351 
15852 4558 535 4575 79 
15853 2354 2345 2358 3694 
15854 3617 3898 3209 4381 
15855 2569 379 2409 4000 
15856 1100 1321 1054 3361 
15857 3111 3939 3177 4091 
15858 56 602 565 2917 
15859 3504 3503 4033 2933 
15860 3450 3691 2826 3059 
15861 296 2268 2198 3716 
15862 3097 3105 2868 3657 
15863 3718 3869 1257 4316 
15864 2678 3064 3972 3454 
15865 3224 3316 2858 4380 
15866 1146 1424 1145 4020 
15867 1487 3928 3134 3986 
15868 2914 3884 3708 4376 
15869 1526 1506 1500 3356 
15870 772 3321 805 4141 
15871 2838 3211 4186 2854 
15872 2100 3728 3744 4145 
15873 2555 3317 2406 4109 
15874 824 1403 1349 3433 
15875 2049 3459 3151 4348 
15876 2620 2539 3498 4401 
15877 2769 2903 3146 3874 
15878 2751 3463 4076 4370 
15879 2555 2498 2548 3317 
15880 1779 1765 1680 3609 
15881 2471 2472 2556 3966 
15882 709 4594 3786 3306 
15883 890 4414 891 3914 
15884 1640 3227 3057 3396 
15885 2734 3441 3134 3938 
15886 3548 3149 1885 3818 
15887 4562 3003 2805 559 
15888 2688 3558 3384 4094 
15889 2753 4014 3320 3085 
15890 3068 2772 3912 4062 
15891 790 781 743 4028 
15892 2651 3579 3563 4060 
15893 2573 215 4563 4463 
15894 3840 4204 4026 3240 
15895 2721 3417 3066 3452 
15896 3010 3861 3448 4152 
15897 3024 3442 3494 2798 
15898 238 1706 237 3471 
15899 944 1233 946 3510 
15900 3686 3961 3016 4321 
15901 2689 3589 2936 3870 
15902 3118 3414 3096 4281 
15903 3619 3965 2681 2892 
15904 2490 3225 2595 3736 
15905 1305 212 4499 4544 
15906 3444 3852 3259 2705 
15907 4436 602 56 2917 
15908 2862 3150 2832 3335 
15909 2867 3376 2828 3987 
15910 3723 3791 2722 4185 
15911 724 621 2867 3159 
15912 2765 3474 2857 4139 
15913 2891 3287 3770 3899 
15914 3187 3435 2941 4367 
15915 3315 3756 2997 4126 
15916 2811 3108 3057 3203 
15917 2742 3852 3584 3956 
15918 485 486 487 4182 
15919 2710 3767 3799 3910 
15920 3088 3322 3037 3697 
15921 2902 2907 1522 2954 
15922 1397 974 1341 4118 
15923 3797 927 925 1077 
15924 3260 3557 2428 3857 
15925 2559 2589 2457 3645 
15926 2159 3494 2158 4382 
15927 3420 4016 2971 4211 
15928 734 2815 637 3091 
15929 4469 812 3134 4533 
15930 2870 3740 3370 4212 
15931 3405 3494 3442 2798 
15932 1361 3823 1243 4380 
15933 658 4579 117 4425 
15934 3191 2923 3882 4187 
15935 3052 2718 3214 4304 
15936 2769 3651 2698 4038 
15937 1983 1932 3841 4336 
15938 4344 3795 4168 2851 
15939 4238 4252 3897 2951 
15940 3373 3466 3190 3964 
15941 3120 3249 3930 4354 
15942 1996 3543 3807 4148 
15943 4408 1275 1137 3431 
15944 2343 2340 4007 4232 
15945 1026 3313 1030 1031 
15946 2985 3335 2879 4234 
15947 4310 1826 3487 4308 
15948 1925 1905 3515 3770 
15949 3951 2798 3405 4397 
15950 2361 2351 2796 3693 
15951 3279 3308 2113 3765 
15952 570 2754 567 2911 
15953 1988 1813 1970 3528 
15954 328 3427 2661 3663 
15955 1456 3883 1223 4075 
15956 2751 3463 2988 4327 
15957 1502 2833 1504 3007 
15958 2790 995 3997 4305 
15959 2931 3512 3172 3612 
15960 660 4584 156 4417 
15961 4445 2846 1484 3986 
15962 2716 3522 2936 4112 
15963 1501 2752 3968 4087 
15964 1927 3337 1983 3841 
15965 3334 2515 2426 2417 
15966 1391 983 1309 3223 
15967 3344 4579 4425 1834 
15968 2891 2709 3287 3117 
15969 3832 2927 3212 2928 
15970 662 4569 4481 112 
15971 1915 1854 1996 3543 
15972 2200 2207 2208 3692 
15973 3117 3246 2878 3656 
15974 942 916 941 3933 
15975 2807 2320 4042 4195 
15976 3776 4212 4147 2739 
15977 828 1313 3134 3938 
15978 1846 1994 3655 4066 
15979 546 675 693 4347 
15980 794 812 750 3134 
15981 3087 3094 2970 3586 
15982 3560 3601 2957 4264 
15983 3575 3930 3120 4270 
15984 3378 1998 3309 4084 
15985 1178 4089 3850 4260 
15986 2282 3447 2108 3707 
15987 3930 3305 3198 4404 
15988 547 4531 149 4422 
15989 1270 1292 1023 3410 
15990 2008 3485 4505 4248 
15991 2869 4445 1194 3986 
15992 2666 3502 2658 4230 
15993 2796 2336 2818 4215 
15994 3258 3453 2942 3761 
15995 301 2223 300 4078 
15996 1835 1474 4487 4476 
15997 4548 4483 3546 1422 
15998 2985 2828 4234 2738 
15999 1617 1620 1619 3849 
16000 2945 2733 3439 4143 
16001 4106 4392 1469 4058 
16002 423 2943 2744 2946 
16003 3778 1601 3752 1568 
16004 3664 3717 323 3935 
16005 933 1050 3809 4394 
16006 2879 2965 2756 3377 
16007 3172 1490 2931 1489 
16008 3377 3660 1653 3901 
16009 1618 3335 4018 4345 
16010 936 938 3974 4264 
16011 2829 2820 3292 3372 
16012 2791 3151 3023 3870 
16013 1207 1040 1063 4132 
16014 2770 2883 2771 3671 
16015 1365 912 3739 4159 
16016 773 3717 3271 4178 
16017 2983 3718 2698 4381 
16018 2791 2689 3034 3870 
16019 1070 3069 1431 4006 
16020 3298 2588 3095 2506 
16021 1524 2884 2863 4021 
16022 2753 3467 3320 4014 
16023 2716 3025 3190 3893 
16024 2682 3620 3720 4265 
16025 1909 3805 1911 4055 
16026 3213 3302 1963 3597 
16027 1264 1081 1079 3746 
16028 2678 3164 4330 4353 
16029 3038 3726 4296 4407 
16030 3218 2713 3865 4267 
16031 380 15 4522 4504 
16032 1636 1736 1781 3511 
16033 599 136 4428 3754 
16034 2703 2759 3595 3764 
16035 1561 1709 234 3532 
16036 3115 3634 3087 4122 
16037 1290 1390 1117 3455 
16038 253 1949 254 3721 
16039 1082 4486 1028 3896 
16040 2704 2880 3624 3712 
16041 2638 3518 2648 2649 
16042 2991 3184 2921 3513 
16043 2787 3579 324 4391 
16044 2631 2652 331 3502 
16045 2068 286 2203 3709 
16046 297 2055 2268 3716 
16047 1093 1126 1060 3850 
16048 2220 3250 3642 3696 
16049 3053 3900 2784 4298 
16050 2029 4248 2002 1816 
16051 2884 2904 2816 3414 
16052 2453 2455 2530 3594 
16053 3295 3429 4251 4296 
16054 2526 2529 3443 3667 
16055 1037 4175 3497 4360 
16056 1359 19 4500 4482 
16057 303 2222 302 3831 
16058 3326 4156 1812 4332 
16059 2716 3980 3522 4112 
16060 546 4429 136 3754 
16061 2937 594 577 736 
16062 3321 2700 4051 4141 
16063 2901 3482 3715 3903 
16064 1059 3850 1037 4260 
16065 993 1224 919 3467 
16066 3020 3317 3118 4173 
16067 4133 3929 3134 3928 
16068 2354 4531 2346 2337 
16069 3166 3746 3462 3777 
16070 2182 2242 2167 3961 
16071 214 2577 4502 4463 
16072 4512 3718 2740 4388 
16073 3295 4100 3936 4153 
16074 814 3134 794 750 
16075 1065 3455 1125 4315 
16076 2856 2968 3303 3936 
16077 3237 2692 3706 4161 
16078 1243 1114 1270 3823 
16079 155 4504 15 2616 
16080 2806 3037 4015 3088 
16081 2678 3164 4353 3403 
16082 3618 4129 1236 4302 
16083 3088 3279 2805 3308 
16084 4241 3795 2687 3584 
16085 432 2922 2921 2979 
16086 3782 4026 2939 3415 
16087 2039 3757 2032 3916 
16088 1708 3181 1787 3393 
16089 2958 3058 2799 4235 
16090 2787 3935 2706 3664 
16091 2010 3466 257 4223 
16092 3343 3808 3019 3881 
16093 3340 3754 3051 4088 
16094 320 4131 525 4273 
16095 1116 4084 4305 1217 
16096 2745 4121 4029 4349 
16097 3634 3087 2881 4303 
16098 3213 3297 2944 4192 
16099 2182 2205 2204 3349 
16100 4253 3542 2965 2676 
16101 3407 3505 2924 3640 
16102 3020 2995 3581 3979 
16103 2717 3834 4033 4168 
16104 3395 3954 2694 4079 
16105 932 4017 1070 4333 
16106 2850 3910 2910 4102 
16107 504 4530 515 3866 
16108 2678 4180 3865 4300 
16109 367 2533 2402 3930 
16110 1676 1672 1746 4110 
16111 3424 3998 2691 4384 
16112 2111 3279 3264 4243 
16113 2250 2067 2216 3065 
16114 1856 3570 3094 3586 
16115 1965 259 1821 3924 
16116 1696 1761 3534 3768 
16117 2537 3781 3551 4111 
16118 2230 2127 2130 3647 
16119 872 888 3904 1291 
16120 1915 3222 2022 3406 
16121 3285 4122 275 4156 
16122 652 159 4524 4525 
16123 2858 3316 3224 3894 
16124 622 4573 4504 155 
16125 1393 1015 1442 3669 
16126 13 563 4550 4474 
16127 622 4573 155 623 
16128 3890 3777 4123 2915 
16129 550 601 689 4144 
16130 2552 2597 2554 3635 
16131 2616 4504 15 380 
16132 3193 3227 1778 3411 
16133 3169 3988 3243 4297 
16134 1831 2018 1933 3745 
16135 3850 4089 2996 4260 
16136 235 1728 234 3820 
16137 4539 805 3321 4454 
16138 2038 4425 1834 3344 
16139 1585 1788 1749 3371 
16140 1487 3134 3928 4133 
16141 1790 3511 1781 3871 
16142 270 1976 271 3275 
16143 2929 3583 4040 4311 
16144 3527 2606 2896 3095 
16145 2596 3611 2598 3864 
16146 3081 3396 3227 4393 
16147 441 2728 391 4228 
16148 340 2694 3630 3954 
16149 2023 3460 2025 3486 
16150 2404 2604 3375 4256 
16151 1089 3546 1029 1172 
16152 3706 4027 3176 4359 
16153 3601 3974 936 4394 
16154 745 4444 783 4408 
16155 920 910 3467 919 
16156 3155 3498 3265 4401 
16157 1979 1821 260 3924 
16158 3011 3121 4080 4134 
16159 2248 2210 2209 3787 
16160 2497 2549 3730 4324 
16161 2851 3318 4033 4339 
16162 2783 2837 4287 4354 
16163 429 455 2729 2947 
16164 2825 3161 3009 3265 
16165 351 2514 352 3861 
16166 1040 998 1039 4132 
16167 3377 1626 1653 1629 
16168 2888 3004 2942 3453 
16169 2816 3078 3928 3122 
16170 3497 4086 1269 4260 
16171 2832 3202 2862 3335 
16172 3029 3760 3596 4283 
16173 1692 3313 1777 3948 
16174 1851 1850 1999 3344 
16175 3046 2946 3769 3837 
16176 2303 4139 2319 4171 
16177 342 4091 3111 4369 
16178 3043 2974 3649 3790 
16179 2381 2622 2541 3581 
16180 441 2991 440 2728 
16181 1864 3283 1865 3771 
16182 2865 3566 3490 4158 
16183 2910 3749 3250 4046 
16184 3405 3951 2990 2798 
16185 448 4532 3595 4455 
16186 2249 2250 2230 3696 
16187 1532 4087 4124 4352 
16188 197 1839 4472 4505 
16189 688 571 570 3923 
16190 1957 3149 3408 3606 
16191 3067 2849 3338 4119 
16192 4109 3095 2503 4281 
16193 4427 2911 567 2754 
16194 2077 2212 3573 3973 
16195 2725 2996 3574 2997 
16196 4403 4177 3658 2967 
16197 2637 3183 4053 4230 
16198 3139 4463 2566 3230 
16199 3156 3933 3346 4154 
16200 4504 380 2616 4000 
16201 2989 3261 3687 3688 
16202 2891 2709 3117 1496 
16203 3115 3586 3087 4303 
16204 4503 17 195 1798 
16205 2214 3516 2213 3973 
16206 3284 3937 3676 4006 
16207 387 396 2758 2908 
16208 2883 3029 2835 3915 
16209 2601 2557 2598 4071 
16210 398 399 400 4128 
16211 4095 4415 3355 3711 
16212 2007 3554 1866 3771 
16213 3661 3235 4083 4408 
16214 2077 3456 3769 3973 
16215 1241 1233 4103 4289 
16216 2801 3213 4192 4377 
16217 2094 2093 2060 3680 
16218 352 2382 353 3861 
16219 4563 3226 1106 4263 
16220 308 309 3457 3758 
16221 3898 3085 4155 3142 
16222 400 435 403 3428 
16223 666 2867 3159 3099 
16224 2825 3009 2833 3265 
16225 4037 3637 3300 3047 
16226 448 4532 4455 28 
16227 3354 3611 2596 3864 
16228 2792 3795 3416 4142 
16229 3227 4386 2899 4393 
16230 2695 3131 3128 3521 
16231 3425 2859 3732 3748 
16232 2624 2547 2402 3760 
16233 2542 361 2398 3124 
16234 1790 3472 3511 3871 
16235 2967 2868 2730 2712 
16236 2805 3003 3765 4193 
16237 1834 2000 118 4425 
16238 487 513 485 4182 
16239 4460 4058 746 4419 
16240 3464 3975 3011 4134 
16241 4503 4526 1300 4373 
16242 2901 3482 3112 3715 
16243 3288 3441 2734 3938 
16244 2960 3269 2873 4029 
16245 3174 3088 2806 4194 
16246 3736 2515 2492 2489 
16247 1284 4420 815 3381 
16248 2943 3461 3330 3831 
16249 2960 3269 3146 3465 
16250 2250 3696 2249 3065 
16251 2790 3599 2691 3998 
16252 591 3390 732 4352 
16253 2715 2785 2949 3957 
16254 2717 4138 2776 3504 
16255 324 2813 325 4042 
16256 487 488 489 4182 
16257 2719 4217 3936 4251 
16258 2431 2436 2575 3847 
16259 2694 3630 3395 4196 
16260 3328 3391 643 4115 
16261 407 4190 2710 4227 
16262 2699 326 3824 3862 
16263 325 4140 3451 4247 
16264 332 2686 3918 4295 
16265 4503 4526 195 1300 
16266 2155 3951 3405 4397 
16267 2494 3141 3095 3527 
16268 1636 1736 3511 4325 
16269 3220 1828 267 1971 
16270 4049 4307 3491 3195 
16271 3281 4196 4180 4330 
16272 2772 2982 3147 3398 
16273 4444 166 1137 165 
16274 2707 2772 3791 3912 
16275 441 419 2759 3764 
16276 1006 207 4448 4461 
16277 1655 3407 1720 3729 
16278 1103 1234 1310 4039 
16279 2282 2238 3447 3763 
16280 3778 1601 1568 1600 
16281 3122 3347 2496 3653 
16282 2934 3129 2757 3245 
16283 1165 1471 4317 1337 
16284 2868 2966 3326 3693 
16285 217 17 4503 1798 
16286 3468 2877 4206 4399 
16287 2855 3197 2819 3400 
16288 2317 2811 2318 4171 
16289 504 3866 483 3911 
16290 255 4189 3373 4367 
16291 4091 4107 3111 4369 
16292 3268 3808 3019 4261 
16293 2241 2072 2224 3567 
16294 3385 3767 2972 3872 
16295 3572 3650 2887 3716 
16296 3354 2545 2593 2400 
16297 387 2758 51 2956 
16298 2125 2260 2212 3573 
16299 2857 2991 3404 4213 
16300 422 2744 423 3827 
16301 487 489 500 4182 
16302 2742 3584 3852 4344 
16303 4503 1591 4373 3212 
16304 520 474 3437 3764 
16305 4391 2989 2736 2813 
16306 4414 924 1008 4061 
16307 773 778 3717 4178 
16308 3174 3507 3322 4271 
16309 1150 3237 4150 4358 
16310 591 4124 3390 4352 
16311 3094 2931 3570 3803 
16312 2852 3784 3537 4168 
16313 4483 1028 4486 3896 
16314 3303 3851 3598 2961 
16315 3387 2713 4180 4411 
16316 2002 1991 1993 3485 
16317 817 3186 3978 4291 
16318 1140 3049 1141 4226 
16319 3014 2865 3490 4158 
16320 3688 4046 2699 4140 
16321 2970 3328 3296 4229 
16322 2500 2521 2508 3607 
16323 701 4430 94 2898 
16324 3033 4047 1710 4179 
16325 1238 3792 1280 3981 
16326 3937 1388 1387 4058 
16327 2107 2106 2108 3707 
16328 2230 2135 2129 3647 
16329 1744 1612 1741 3751 
16330 1082 2580 4499 4486 
16331 299 3572 298 3788 
16332 4428 549 137 599 
16333 2711 3860 3814 4113 
16334 2711 2834 3814 4366 
16335 2123 2121 2124 3507 
16336 2978 3511 2875 3472 
16337 3374 3902 3281 4398 
16338 2950 3722 2781 4152 
16339 777 766 764 3944 
16340 2465 2467 2468 3569 
16341 4282 4285 3926 1722 
16342 4521 4479 3447 606 
16343 4463 4502 3139 2577 
16344 1031 3313 1032 4385 
16345 2577 213 214 4502 
16346 2712 2966 3693 4034 
16347 3109 3334 3780 3905 
16348 2898 3701 3098 3847 
16349 1580 1723 231 3789 
16350 3338 3499 2906 3835 
16351 2498 3317 2555 4281 
16352 2934 3675 2757 4322 
16353 2708 3002 2860 4195 
16354 1068 936 938 3974 
16355 2925 3137 4059 3219 
16356 3349 3983 2183 4286 
16357 2788 3438 3684 4052 
16358 3386 4552 3672 1783 
16359 2794 3373 3187 3466 
16360 1901 1903 2024 3770 
16361 2095 3306 3680 3786 
16362 3386 4552 1588 4477 
16363 3293 3935 3235 4197 
16364 227 1733 228 3884 
16365 2841 3779 3218 4267 
16366 2684 2950 3387 4216 
16367 2980 3697 3322 3787 
16368 1094 3455 1117 4095 
16369 2183 2054 2171 3983 
16370 2641 2634 341 4091 
16371 3374 3990 3449 3062 
16372 412 2912 451 4387 
16373 3792 3981 1238 4319 
16374 3011 4080 3464 4134 
16375 4553 4228 30 474 
16376 4463 3139 4502 1308 
16377 2391 2533 3930 4270 
16378 2056 302 2202 3761 
16379 2992 3844 3514 4276 
16380 370 2384 2531 3575 
16381 3614 1906 3841 1904 
16382 358 2380 357 3478 
16383 2486 2495 2527 3653 
16384 979 3237 980 976 
16385 1712 1652 3529 4179 
16386 2879 3417 2985 4253 
16387 2276 2275 3270 3442 
16388 213 2577 2389 4502 
16389 2583 2466 2601 4071 
16390 455 3906 2842 4227 
16391 4036 970 998 4261 
16392 261 3747 3248 4396 
16393 1254 983 1397 4009 
16394 573 693 3368 4347 
16395 4494 4510 3300 611 
16396 2010 1955 1822 3773 
16397 4368 4223 3084 3466 
16398 2154 2195 2156 3873 
16399 1352 1093 1178 4089 
16400 2998 3980 2692 4400 
16401 1043 4098 977 4201 
16402 398 400 402 4130 
16403 3408 3590 1953 3606 
16404 2786 3026 2811 3057 
16405 1176 1460 960 3706 
16406 2356 2338 2820 2830 
16407 4451 3123 2948 389 
16408 1457 4467 184 4104 
16409 478 21 480 4114 
16410 3427 3993 3168 4278 
16411 1116 982 1217 4305 
16412 2784 3053 3037 3900 
16413 3093 3578 3386 3819 
16414 1275 1111 3889 4083 
16415 2682 3720 3420 3921 
16416 2577 2389 4502 2602 
16417 500 513 487 4182 
16418 959 4092 960 3176 
16419 2979 3470 2978 3887 
16420 4502 2577 2602 3139 
16421 1361 1146 1243 3823 
16422 51 428 4431 2758 
16423 1228 1452 1229 4120 
16424 3440 476 3815 4351 
16425 1964 268 1818 3568 
16426 3085 3961 3686 4321 
16427 504 483 485 3911 
16428 3915 3671 4045 4024 
16429 789 3651 3293 4178 
16430 2166 2164 2162 4155 
16431 2895 3721 3025 3964 
16432 4501 509 2288 2291 
16433 2320 324 2824 3664 
16434 922 3360 932 4333 
16435 3053 3646 3559 4240 
16436 637 4143 3091 2815 
16437 4076 4361 2798 3544 
16438 2589 3645 2587 4335 
16439 1716 3294 226 3708 
16440 1655 1649 3640 3729 
16441 2858 3823 3232 3054 
16442 733 3368 589 4299 
16443 3329 3592 4160 4320 
16444 4245 3933 2841 2812 
16445 4538 1437 3455 1390 
16446 788 3288 777 4106 
16447 1558 3345 226 3859 
16448 3094 3512 1859 3556 
16449 3937 1388 4058 3938 
16450 1518 3102 4141 2797 
16451 2718 3214 3379 3793 
16452 3900 3960 2748 4005 
16453 4596 4524 3565 579 
16454 1379 1302 1442 3550 
16455 3059 3383 3739 3011 
16456 3168 4278 3028 4350 
16457 4501 4572 128 2288 
16458 3273 3322 2210 3787 
16459 1444 1225 1145 4020 
16460 3522 2683 4162 4242 
16461 2423 3565 3734 3857 
16462 2385 3106 3551 3781 
16463 3216 3164 3838 4398 
16464 2200 2057 305 4072 
16465 1826 1968 3487 4308 
16466 129 4501 2288 2291 
16467 1464 1354 1089 3674 
16468 472 512 475 3210 
16469 694 3437 582 4406 
16470 1327 1180 1458 3397 
16471 690 3107 3672 583 
16472 2997 4089 3927 3315 
16473 3314 3695 1660 3922 
16474 1611 3163 1608 3751 
16475 2802 2861 2740 3075 
16476 2752 4087 2767 4363 
16477 2530 2384 2509 3667 
16478 2082 2236 3545 3917 
16479 4469 812 4533 171 
16480 2793 2970 3296 3586 
16481 3240 3127 3840 4204 
16482 494 525 524 4273 
16483 2473 2470 3989 4158 
16484 1186 1187 1204 2853 
16485 964 1396 3343 4027 
16486 1107 4456 4464 191 
16487 1175 1211 3008 4221 
16488 1885 1886 1887 3548 
16489 2898 3332 616 2831 
16490 341 4024 2771 4091 
16491 4124 692 4164 674 
16492 1772 1769 1583 3513 
16493 1260 1271 1088 3381 
16494 4056 4296 2977 4407 
16495 3185 3829 3298 3999 
16496 327 3427 328 3993 
16497 4142 1302 1119 4385 
16498 1794 3229 3398 4341 
16499 1990 1930 4090 4186 
16500 3154 3476 2824 4042 
16501 3055 4011 3147 4379 
16502 832 1286 3883 4206 
16503 1108 3727 3133 4317 
16504 1093 3850 1178 4089 
16505 1111 1112 1275 3889 
16506 3341 3528 1872 3919 
16507 1474 201 4487 4476 
16508 2788 3684 3496 4052 
16509 1529 3810 1545 4176 
16510 2932 2973 2920 3535 
16511 775 3392 4178 4349 
16512 3034 3668 2944 3248 
16513 4539 1547 4454 3321 
16514 2559 2457 2451 3649 
16515 2869 2761 2846 3986 
16516 1877 1936 1953 3606 
16517 3057 1633 3203 4269 
16518 3288 3938 3937 4058 
16519 4432 723 139 2766 
16520 3949 3713 4348 3459 
16521 4405 3139 3700 2419 
16522 4553 30 29 474 
16523 1653 1806 1626 3828 
16524 1503 4174 2833 1502 
16525 3289 3979 3581 2995 
16526 1019 2871 4068 1314 
16527 1440 1230 1389 4036 
16528 2545 4111 3208 4335 
16529 1583 240 239 3685 
16530 332 3364 3132 4295 
16531 840 1183 912 3739 
16532 1055 1299 1315 4289 
16533 2801 3213 2944 4192 
16534 2145 4073 2147 4207 
16535 4501 4572 73 128 
16536 4096 4375 3135 4409 
16537 1622 1628 3201 3849 
16538 3378 3743 3277 4101 
16539 128 4501 2288 129 
16540 1368 826 1353 3718 
16541 1325 3416 4142 4159 
16542 3095 3141 2884 4021 
16543 2453 3594 2509 3836 
16544 1019 1018 3050 1266 
16545 2474 2556 2497 3730 
16546 2266 3530 2265 3959 
16547 3201 3511 3074 4294 
16548 874 3817 870 4284 
16549 2422 2431 2429 3652 
16550 2499 3348 2470 4158 
16551 2887 4190 2859 3152 
16552 447 2893 3239 2894 
16553 2744 2943 3103 3573 
16554 3334 2515 2417 3700 
16555 4481 4484 3159 620 
16556 1162 1392 3998 4384 
16557 3634 2881 3087 3590 
16558 3736 2515 2489 3334 
16559 867 1255 871 3863 
16560 2891 2709 1496 2918 
16561 1963 3302 3213 3568 
16562 1483 1538 1542 2874 
16563 2674 3723 4080 4185 
16564 568 566 2758 3099 
16565 3032 3307 3039 3952 
16566 3849 1695 1617 1620 
16567 328 3427 3663 4278 
16568 2843 3105 3097 3486 
16569 2746 3395 3135 4079 
16570 2788 3496 2998 4052 
16571 2946 3456 3046 3769 
16572 423 2943 410 3827 
16573 3108 3202 2756 3377 
16574 4590 1375 1357 209 
16575 1539 1516 3558 4133 
16576 242 1697 1563 3845 
16577 3590 2882 3408 2881 
16578 4082 1785 4269 1633 
16579 3374 339 3902 4398 
16580 3073 3390 3389 4232 
16581 3076 2798 3494 4076 
16582 3078 3558 2865 3928 
16583 520 497 3764 4328 
16584 2696 3096 2814 4108 
16585 3336 3323 2940 4147 
16586 1947 1843 1844 4031 
16587 4500 19 209 2287 
16588 2959 3674 3546 3992 
16589 2776 3965 2717 2892 
16590 2893 3436 3393 3695 
16591 500 489 505 4222 
16592 1275 1383 3431 4383 
16593 4108 3126 2685 2696 
16594 1880 1881 1882 3818 
16595 3131 2015 1933 3745 
16596 2087 3233 3679 4145 
16597 1065 3008 3500 4315 
16598 2976 3138 2979 3820 
16599 3150 3987 3376 4279 
16600 1773 1724 1580 3920 
16601 2989 3217 3234 4073 
16602 929 986 4068 4334 
16603 1328 4590 3233 1375 
16604 2691 3997 3223 3893 
16605 351 3448 352 4043 
16606 2744 3046 2943 3573 
16607 462 3392 4029 421 
16608 3285 1813 1970 276 
16609 1681 3481 245 1564 
16610 2630 2657 2673 4060 
16611 3948 1025 4416 3371 
16612 281 19 4500 2287 
16613 2018 1824 2031 3745 
16614 2709 2763 2961 3231 
16615 582 739 554 3812 
16616 2463 3953 2465 3366 
16617 2703 3764 3437 4213 
16618 2798 4076 3463 4370 
16619 2089 2175 2188 3617 
16620 2679 4024 3944 4369 
16621 2871 4021 2696 4104 
16622 3164 3281 4353 4398 
16623 1750 1596 3159 3359 
16624 3160 3494 2162 4382 
16625 2997 4089 3315 2996 
16626 2138 2137 2139 3988 
16627 1946 3300 1836 3637 
16628 3430 3927 3241 2997 
16629 330 331 2786 3444 
16630 384 3477 2729 3906 
16631 3522 4162 3555 4242 
16632 1160 1412 1226 3975 
16633 3457 4293 2058 4372 
16634 1745 3386 1797 3578 
16635 23 323 3717 3935 
16636 2971 3720 3420 3799 
16637 192 1567 4464 4462 
16638 832 1455 1286 4206 
16639 2139 2142 3217 4355 
16640 228 1572 229 3884 
16641 821 835 834 3666 
16642 392 43 444 4433 
16643 307 2064 306 3769 
16644 4500 2086 4590 3233 
16645 1638 1634 1632 3774 
16646 3512 1868 3803 1859 
16647 2430 3112 3715 4065 
16648 1043 1069 977 4098 
16649 1754 3137 1776 3219 
16650 3247 3487 2958 3916 
16651 2623 2381 2542 3581 
16652 2699 2909 3824 4046 
16653 2983 3898 3617 4381 
16654 1996 1944 1822 3807 
16655 2317 2328 2832 4171 
16656 991 3467 3996 4221 
16657 390 4586 4443 2815 
16658 2617 2569 2519 3171 
16659 900 3890 903 4413 
16660 4443 2946 425 390 
16661 2068 3499 3709 4312 
16662 2499 2473 2599 4158 
16663 1812 3326 3919 4156 
16664 2071 298 2217 3788 
16665 796 801 772 3814 
16666 2892 3180 2780 3393 
16667 4173 2814 3317 3096 
16668 3108 3202 3377 3203 
16669 2787 2693 3874 3935 
16670 2769 3874 3146 2798 
16671 1562 3471 3452 4280 
16672 3426 2060 310 2092 
16673 1893 3231 1889 3656 
16674 1495 1497 1498 3822 
16675 3258 3453 3761 2067 
16676 1504 2865 2904 3014 
16677 2801 3719 3540 4192 
16678 2822 3341 2967 2712 
16679 3505 4011 3407 3784 
16680 1727 1793 1637 3660 
16681 2247 206 4448 4471 
16682 2837 3954 340 4287 
16683 1933 2031 3131 3745 
16684 484 317 318 485 
16685 3729 4386 1646 4393 
16686 3490 3566 2904 3931 
16687 712 553 2795 3047 
16688 2348 2782 2783 4287 
16689 3961 4155 3358 4321 
16690 935 3601 4301 4337 
16691 273 1812 274 4156 
16692 3571 3338 2849 4227 
16693 1391 994 981 3997 
16694 1833 1981 2026 3683 
16695 3218 3304 2713 4267 
16696 3112 3652 3260 4065 
16697 3135 4107 3395 2746 
16698 2820 2938 3292 3659 
16699 3058 3105 3275 4235 
16700 3452 3501 240 3845 
16701 354 2397 355 3829 
16702 4344 4168 3795 2687 
16703 212 211 4499 2580 
16704 1596 3159 3359 3402 
16705 2659 3663 2661 3206 
16706 3310 3962 3863 4030 
16707 1525 180 2854 3129 
16708 3915 4045 3671 2700 
16709 3592 3593 3048 4160 
16710 1683 1615 3672 4323 
16711 3129 3245 2934 4031 
16712 212 2580 4499 4544 
16713 2783 3120 3305 4354 
16714 882 3509 1363 4272 
16715 3061 3290 3289 4079 
16716 3044 3323 3336 4212 
16717 3112 3005 3715 4065 
16718 2752 3389 3968 4087 
16719 2138 3988 3530 4297 
16720 4124 692 674 591 
16721 862 858 860 3880 
16722 2916 3053 4298 2749 
16723 3045 3973 3516 4244 
16724 2700 3867 2770 4051 
16725 351 3861 3448 3992 
16726 3062 3775 3726 4296 
16727 2799 2958 2791 3215 
16728 4085 3372 2820 2829 
16729 3200 3472 2875 3511 
16730 999 1294 916 3933 
16731 262 1981 1833 3682 
16732 335 2801 334 3668 
16733 1454 4150 3842 4358 
16734 301 3330 2075 4078 
16735 796 4454 4536 4141 
16736 483 316 317 3911 
16737 2559 3043 3645 3649 
16738 1394 1326 911 3418 
16739 3191 3019 2788 4036 
16740 2943 3456 3461 3831 
16741 309 308 2097 3758 
16742 752 4543 745 3661 
16743 3670 3752 2927 3170 
16744 3464 2957 3974 4264 
16745 2490 2491 2489 3736 
16746 1858 1868 1859 3803 
16747 2335 2349 2364 3629 
16748 3175 3969 3336 4302 
16749 2829 625 725 705 
16750 1854 1832 1944 3435 
16751 335 2801 3668 3719 
16752 1492 4100 1493 1494 
16753 2850 2888 3262 3650 
16754 3106 2543 3228 3372 
16755 1595 1592 1590 3539 
16756 3464 2957 3888 3974 
16757 1181 1407 917 3794 
16758 1876 3658 3535 3759 
16759 3343 1283 1176 1396 
16760 2088 2089 3617 4145 
16761 848 885 846 4166 
16762 3001 3519 2871 3608 
16763 1468 1298 984 4266 
16764 2353 2818 2359 3564 
16765 1879 3654 2014 3658 
16766 2822 2730 2967 4403 
16767 2580 211 4499 4486 
16768 1843 1846 1845 4031 
16769 1586 246 1681 3819 
16770 279 1836 1997 4037 
16771 3789 4376 3311 1723 
16772 4267 4180 3999 2713 
16773 2918 3947 3515 4067 
16774 2960 3145 2903 2745 
16775 3028 3168 3737 4278 
16776 1543 82 83 3636 
16777 3519 4499 1082 2580 
16778 4569 1590 3588 3539 
16779 1917 1930 1942 4186 
16780 1499 4087 1501 3968 
16781 4543 3661 4449 1258 
16782 2156 2160 2159 4382 
16783 2097 2098 3525 4240 
16784 2375 786 4498 2368 
16785 3779 3794 3304 4267 
16786 1007 3869 3394 4316 
16787 3800 3235 2693 2827 
16788 4354 3061 2837 3954 
16789 1990 4090 3648 4186 
16790 2626 2653 2664 3971 
16791 4498 4571 100 786 
16792 3274 1587 3194 3946 
16793 4444 822 1137 4408 
16794 2705 3444 2786 4295 
16795 3443 3667 3102 3836 
16796 2538 3498 2383 3577 
16797 2520 2501 2562 3700 
16798 755 3811 756 4197 
16799 1903 1902 3614 3899 
16800 890 889 888 3914 
16801 1339 3277 4084 4098 
16802 2368 4498 2375 142 
16803 3073 4164 3390 4232 
16804 1659 1662 1661 4011 
16805 1772 1628 1737 4294 
16806 2474 3966 3490 3989 
16807 2173 2256 2102 3744 
16808 261 4396 4191 1825 
16809 1741 1597 1613 3402 
16810 2526 2509 2529 3667 
16811 327 328 3524 3993 
16812 2063 2223 3576 4078 
16813 2694 3063 3395 4079 
16814 1984 1923 3459 3713 
16815 4141 4366 4051 3102 
16816 1930 3211 4090 4186 
16817 1296 3817 1232 4331 
16818 3395 3630 2694 3954 
16819 2808 2919 2878 3547 
16820 3461 304 303 3831 
16821 2967 3658 3654 4198 
16822 1243 3823 1270 4380 
16823 4457 543 3622 4023 
16824 2740 2861 389 2948 
16825 220 1568 219 3753 
16826 1725 3789 3820 3920 
16827 3155 3265 3007 4401 
16828 2032 2028 1828 3916 
16829 1849 1863 1858 3570 
16830 1517 2724 1505 2797 
16831 3251 1652 1711 4179 
16832 232 1725 1580 3789 
16833 3174 3308 3088 4194 
16834 4498 4571 143 100 
16835 2388 2428 377 3830 
16836 3192 2762 3298 4109 
16837 2913 4387 412 399 
16838 143 2375 4498 142 
16839 2917 3457 309 3758 
16840 1773 3411 1724 3920 
16841 1932 2015 3521 4336 
16842 3222 3406 1915 4148 
16843 2898 3098 706 3205 
16844 449 3006 2894 3239 
16845 1218 1217 995 3309 
16846 2924 3407 2899 2705 
16847 2951 4245 4238 4252 
16848 3024 3442 2769 4038 
16849 1918 1948 1929 3583 
16850 4568 433 2749 4299 
16851 1884 3486 1987 3877 
16852 3210 3733 3440 3965 
16853 344 2364 24 4045 
16854 550 2784 689 3104 
16855 2214 2116 3516 4244 
16856 1912 3131 3140 3805 
16857 243 3623 1697 3845 
16858 4289 1178 855 1299 
16859 2681 3440 3132 3733 
16860 429 4434 384 38 
16861 3313 2792 3550 3549 
16862 594 2937 3565 3541 
16863 2712 3855 3681 4157 
16864 315 480 21 4114 
16865 903 900 902 3890 
16866 740 4435 799 174 
16867 3043 2447 3536 2449 
16868 3316 3410 2858 4380 
16869 949 985 1280 3792 
16870 4076 4361 3544 2753 
16871 3123 1359 3917 1200 
16872 3106 3781 3644 4363 
16873 472 4466 533 3238 
16874 428 51 387 2758 
16875 2193 2160 2195 3483 
16876 2730 3681 2822 2712 
16877 914 913 925 4081 
16878 2917 3559 3457 3758 
16879 123 122 2259 4497 
16880 2216 299 2071 3788 
16881 3438 4239 4052 2788 
16882 2556 3730 2474 3966 
16883 3058 3092 3275 4032 
16884 323 2671 3563 4197 
16885 2675 3628 3710 2702 
16886 2764 2686 3026 3918 
16887 1021 3808 1330 3963 
16888 4497 4528 3886 2259 
16889 3145 3479 2151 3530 
16890 1565 4582 4520 3885 
16891 3341 4177 4198 1870 
16892 591 692 732 3390 
16893 2865 3078 2835 3558 
16894 4512 461 4534 41 
16895 3114 3773 2952 4116 
16896 2770 3867 3120 4270 
16897 1050 1051 933 3809 
16898 2800 3329 3592 4160 
16899 1109 1373 1317 4238 
16900 2242 2167 3961 4155 
16901 635 637 636 3091 
16902 2867 2828 3402 3987 
16903 2633 2665 2636 3714 
16904 3509 3865 3218 4411 
16905 630 2805 3104 3886 
16906 4520 1565 109 4582 
16907 2504 2551 2613 3596 
16908 3407 3640 2899 3729 
16909 4425 1834 2000 2038 
16910 4582 109 1755 1565 
16911 733 693 589 3368 
16912 1862 3556 1860 3759 
16913 277 1940 278 3725 
16914 1563 1702 241 3845 
16915 83 1536 1543 3636 
16916 3152 2887 3650 3716 
16917 4497 3886 4528 631 
16918 2877 3726 3449 4200 
16919 1117 3455 3355 4095 
16920 3643 779 343 4113 
16921 2897 2950 2684 3970 
16922 669 4457 4535 96 
16923 1768 1658 1660 3922 
16924 353 2522 354 3829 
16925 2259 122 4565 4497 
16926 1891 3486 3247 3547 
16927 2219 2218 2143 3749 
16928 3316 4022 894 4129 
16929 933 3809 4301 4394 
16930 1622 3201 1628 4325 
16931 4437 103 104 779 
16932 2156 2159 2158 4382 
16933 3839 4053 3070 4146 
16934 2190 3338 3483 2193 
16935 1265 865 853 3756 
16936 2764 3026 2875 3200 
16937 1846 3655 4031 4066 
16938 796 4454 4141 805 
16939 1462 2928 3049 3194 
16940 2259 4565 2079 2243 
16941 56 425 4436 2917 
16942 2699 2910 2909 4046 
16943 1565 1784 4582 3885 
16944 1531 3468 4206 4399 
16945 2973 2709 2763 1492 
16946 2813 3243 3217 4355 
16947 695 676 104 4437 
16948 2815 3091 3056 3282 
16949 3781 3208 4335 2953 
16950 276 1827 275 4122 
16951 4472 3309 4505 1839 
16952 397 2844 398 4130 
16953 2875 2978 2759 3184 
16954 540 89 4423 590 
16955 385 4431 52 428 
16956 436 411 435 3484 
16957 2946 3013 2943 3456 
16958 3356 4108 2750 4173 
16959 1654 1655 1649 3640 
16960 1784 1755 1565 4582 
16961 1779 3170 3229 4341 
16962 333 4236 3562 3254 
16963 4403 4177 2967 3172 
16964 365 3577 3249 3991 
16965 1469 4028 1171 4392 
16966 2455 3594 2453 3790 
16967 51 541 566 2758 
16968 1558 1713 3695 3859 
16969 2244 3886 2096 4193 
16970 3184 1781 1775 3511 
16971 365 2383 366 3577 
16972 2855 3158 3157 3683 
16973 1567 191 4464 4456 
16974 2087 3233 282 3679 
16975 2904 3347 2816 3414 
16976 1178 3850 1059 4260 
16977 2458 3342 3594 3626 
16978 2836 3413 2910 3688 
16979 2046 9 119 4496 
16980 1327 3397 1458 3969 
16981 223 3741 3239 3859 
16982 3104 3279 3264 4378 
16983 2526 3667 3443 3836 
16984 1363 3509 1132 4272 
16985 450 3186 457 436 
16986 2906 2861 416 3143 
16987 3303 3851 2961 3231 
16988 3443 2434 3715 4065 
16989 2238 2239 2245 3447 
16990 2989 4073 3234 4207 
16991 3488 3688 2699 4140 
16992 2341 2727 2355 4231 
16993 2988 2989 3604 3687 
16994 3096 3317 3118 4281 
16995 1313 4492 3134 3986 
16996 1264 1263 908 3746 
16997 1896 3117 1897 3656 
16998 2361 2795 2352 3693 
16999 2385 374 373 3551 
17000 2857 2703 4170 3474 
17001 1697 3845 3623 4069 
17002 3354 2544 3305 2400 
17003 1592 3833 3539 4127 
17004 4443 4436 3056 603 
17005 4496 280 4556 4115 
17006 505 500 4222 4384 
17007 3030 3435 3245 3742 
17008 2773 430 3006 451 
17009 2822 2967 2730 2712 
17010 2905 3142 4184 4415 
17011 308 307 2069 3758 
17012 2260 303 304 3831 
17013 2360 2782 2349 3629 
17014 3756 4209 3662 2997 
17015 3714 2625 2654 2665 
17016 536 471 4458 3681 
17017 844 845 846 3731 
17018 3613 4047 3033 4179 
17019 2852 2924 3505 3619 
17020 189 1796 4515 4581 
17021 438 4431 428 2758 
17022 3944 4024 342 4369 
17023 2922 2976 2844 3138 
17024 3288 3937 3284 4058 
17025 2282 2081 2238 3763 
17026 470 4328 520 3437 
17027 1135 3504 1138 4138 
17028 3023 3151 2050 4396 
17029 318 2654 2669 3526 
17030 1765 1674 1671 3520 
17031 2998 4118 4161 4162 
17032 3244 3825 3451 4247 
17033 2962 3647 3273 4042 
17034 4515 1747 4581 1796 
17035 3265 2605 2603 3266 
17036 2760 2896 3325 2696 
17037 399 2844 397 2976 
17038 1697 1574 1698 4069 
17039 2414 3226 2573 4263 
17040 2683 3839 3496 3925 
17041 2046 4564 1840 4496 
17042 3340 4130 2676 4253 
17043 271 1811 270 4135 
17044 2887 3572 3090 3827 
17045 2981 4072 3646 3692 
17046 1998 4551 1839 3309 
17047 2978 3472 3039 3625 
17048 388 33 2927 2928 
17049 4512 3718 4388 1368 
17050 2023 3105 3486 4290 
17051 3124 4096 3135 4409 
17052 2910 3688 3413 4355 
17053 1624 3202 1622 4326 
17054 2793 2731 2970 4303 
17055 4465 779 748 4113 
17056 2683 2998 3496 4052 
17057 2981 2980 3697 3900 
17058 167 168 4424 1192 
17059 1278 978 969 3592 
17060 2736 3687 3488 3688 
17061 1868 2003 1939 3612 
17062 3072 3802 3686 4105 
17063 2949 3459 3116 3949 
17064 2149 3951 3465 4207 
17065 2514 3861 351 3992 
17066 275 1951 274 4122 
17067 2740 3075 2983 4038 
17068 2944 2747 3158 3248 
17069 1215 4542 1386 1297 
17070 2097 3525 3680 3758 
17071 2485 3095 3816 4281 
17072 3602 3834 3071 4033 
17073 3488 3687 2836 3688 
17074 3417 4018 3066 4357 
17075 2984 4145 3679 4388 
17076 3428 4128 2676 4130 
17077 960 959 961 4092 
17078 1061 3593 1042 4320 
17079 249 4601 2042 4084 
17080 1557 1515 1517 2724 
17081 1938 1937 2009 4198 
17082 1684 1612 1744 3591 
17083 2837 3498 3289 3577 
17084 2776 3238 4172 4226 
17085 3224 3823 3054 3982 
17086 2460 2505 3342 3366 
17087 168 1469 4424 1192 
17088 1619 3335 1618 4345 
17089 371 2395 372 4111 
17090 2643 2644 2645 4054 
17091 1918 3211 2017 3821 
17092 2983 4361 3076 4381 
17093 3285 3296 276 4122 
17094 276 3296 3285 3725 
17095 4553 531 4455 3764 
17096 1563 4069 1699 4357 
17097 1018 4010 929 4068 
17098 392 444 421 3392 
17099 553 146 712 2795 
17100 2231 2201 2208 3697 
17101 3168 3663 4278 4350 
17102 3358 2190 2189 2191 
17103 4452 812 4533 3134 
17104 3158 3157 3084 4003 
17105 273 3634 272 4332 
17106 524 3681 3855 4157 
17107 83 82 528 3636 
17108 2977 3062 3449 4407 
17109 3050 2871 3519 3607 
17110 3357 2923 3875 4187 
17111 2630 3579 2651 4060 
17112 3762 2332 4225 2321 
17113 1840 4496 280 2046 
17114 1749 1692 1777 3948 
17115 2242 3898 4155 3142 
17116 3081 2823 2924 4249 
17117 3342 3785 3380 4051 
17118 3043 2447 2449 2452 
17119 1697 1699 1563 4069 
17120 2046 4564 2000 1840 
17121 3358 3016 3961 4321 
17122 381 3595 4532 4338 
17123 1364 3313 1384 3727 
17124 2906 3338 3571 4227 
17125 2825 2995 2701 3161 
17126 298 3572 3650 3788 
17127 3389 4007 3073 4232 
17128 2660 3451 2630 3825 
17129 4562 717 559 2805 
17130 918 1053 1046 4117 
17131 998 1101 1389 4036 
17132 1790 3625 3472 3871 
17133 3014 3348 2865 4158 
17134 2769 3146 3442 2798 
17135 2698 3661 3394 4316 
17136 3519 3607 2871 3608 
17137 794 3441 782 3938 
17138 268 1971 1829 4032 
17139 411 3484 436 4233 
17140 3578 3588 247 3819 
17141 1562 1704 1705 4280 
17142 3559 3769 306 4072 
17143 1745 247 1586 3578 
17144 3718 3869 2698 4381 
17145 1873 1862 1860 3759 
17146 2869 3139 2846 3700 
17147 329 3542 2309 3934 
17148 3347 2904 3566 3931 
17149 406 427 413 3960 
17150 179 1483 4495 1538 
17151 2147 2145 2146 4073 
17152 3302 1962 2051 3303 
17153 936 937 938 4264 
17154 2982 2803 3520 3609 
17155 1717 1759 3926 4057 
17156 2699 3688 2910 4046 
17157 4415 4315 3500 3008 
17158 3291 4080 3464 2957 
17159 2962 3642 3243 4046 
17160 3467 2753 3996 4221 
17161 3093 3386 655 4254 
17162 2929 4495 1483 1538 
17163 1290 1437 1390 3455 
17164 1101 1440 1389 4036 
17165 1107 4456 191 1108 
17166 3360 3985 3509 4411 
17167 2936 3248 2689 3870 
17168 3046 3573 3516 3973 
17169 3031 4161 4118 4162 
17170 790 3491 4028 4106 
17171 4425 3344 641 658 
17172 497 492 3678 4328 
17173 932 3360 4017 4333 
17174 92 2999 564 3098 
17175 1576 3229 1700 3741 
17176 3088 3697 3037 4243 
17177 2757 3628 4176 4395 
17178 3074 3404 3201 4294 
17179 1281 3069 4262 4263 
17180 2459 3399 3267 3626 
17181 1738 1669 3398 3941 
17182 1538 179 178 4495 
17183 2436 2422 2421 3734 
17184 31 4421 443 4226 
17185 3492 3539 1595 3159 
17186 3592 968 3772 969 
17187 3235 3431 4083 4408 
17188 1089 3546 1172 3674 
17189 2139 2141 2140 3988 
17190 682 4430 701 2831 
17191 304 305 3456 4072 
17192 2402 3249 3432 3760 
17193 2939 3840 3381 4026 
17194 4131 4235 2714 4236 
17195 2941 3114 2952 2702 
17196 2141 2144 2145 4073 
17197 2776 4172 2780 4226 
17198 2982 3609 3520 4341 
17199 1292 1296 1232 4331 
17200 1059 1178 1093 3850 
17201 3910 2849 3798 2710 
17202 3727 4462 4464 1567 
17203 3507 3908 3154 4292 
17204 1746 4110 1672 4339 
17205 432 440 2759 2921 
17206 4581 1589 189 1796 
17207 1618 1742 1616 4018 
17208 2747 3704 4003 4112 
17209 2014 1977 2016 4290 
17210 2044 3300 1946 3554 
17211 3185 3967 3829 4152 
17212 378 3659 3292 3830 
17213 1728 1793 1727 3585 
17214 3661 4449 4004 752 
17215 1513 1488 1540 3419 
17216 4524 4596 160 579 
17217 2030 1928 1897 3851 
17218 1717 1578 1759 4057 
17219 3654 1938 1879 2009 
17220 2226 2225 2227 3868 
17221 1487 3928 1516 4133 
17222 1695 1696 1620 3768 
17223 2348 2830 2356 4340 
17224 3453 2850 3262 3065 
17225 1621 3202 2879 3335 
17226 772 805 796 4141 
17227 3543 3742 3435 3807 
17228 2846 3700 3608 3736 
17229 2077 3456 3573 3831 
17230 1761 1573 1766 3534 
17231 1679 220 221 3753 
17232 3406 1942 4186 1917 
17233 166 1137 1450 4444 
17234 3593 4160 3592 4320 
17235 2337 4438 2344 2731 
17236 2836 3261 3413 3688 
17237 1775 3513 3184 4294 
17238 4444 822 165 1137 
17239 2209 2208 3692 3787 
17240 3773 4067 2952 4116 
17241 2839 3853 2707 4387 
17242 3151 3747 1808 4396 
17243 2704 3921 3420 4016 
17244 2481 2480 2479 3931 
17245 3588 3819 2956 3833 
17246 1815 3328 1847 4229 
17247 3424 4222 2691 3555 
17248 2196 2266 2055 3959 
17249 2943 3103 3573 3831 
17250 794 814 782 3441 
17251 2877 3883 3469 4206 
17252 551 4438 148 598 
17253 2765 3591 3107 3812 
17254 2935 4093 4019 3148 
17255 1066 1038 1110 4044 
17256 2714 2868 3105 4235 
17257 825 3238 1380 4226 
17258 3139 4463 3230 1308 
17259 2075 3330 302 3831 
17260 3303 3936 2968 4217 
17261 1809 253 252 3721 
17262 4428 549 599 2738 
17263 2679 2883 4024 2746 
17264 4515 1747 1796 217 
17265 1538 2929 4495 4329 
17266 2952 4067 3197 4116 
17267 349 2414 2618 4262 
17268 3946 219 1686 1587 
17269 2756 2879 2832 4234 
17270 3201 4294 1628 4325 
17271 4505 3309 1177 3485 
17272 2768 3952 4181 4199 
17273 2639 2659 3206 4163 
17274 2703 4170 3474 4410 
17275 70 694 677 4406 
17276 2105 3439 3282 3707 
17277 2853 1187 3226 4006 
17278 1506 4056 3468 4399 
17279 1918 1929 3211 3583 
17280 3061 3577 3991 3249 
17281 3422 1876 3535 1878 
17282 593 2938 3541 3292 
17283 3058 4215 2799 4235 
17284 2915 3894 3878 3976 
17285 918 1046 3514 4117 
17286 3058 3105 2958 3460 
17287 2538 2539 2383 3498 
17288 1684 1564 1760 4041 
17289 1988 3341 1870 4188 
17290 3305 3354 2890 3611 
17291 2122 3322 3697 3787 
17292 2712 2966 2868 3693 
17293 2721 2965 2844 4130 
17294 1872 1870 3341 4198 
17295 2923 3357 3875 3766 
17296 3091 636 634 2945 
17297 2693 3293 3874 3935 
17298 2742 3852 3784 4344 
17299 1352 855 1466 4089 
17300 3398 1794 1803 3600 
17301 3634 4156 3144 4332 
17302 3405 2798 3442 4397 
17303 1829 1971 2025 3460 
17304 1052 1186 1185 3937 
17305 1586 1683 3386 4323 
17306 1530 3038 4056 4399 
17307 1070 4006 1001 4333 
17308 3182 1295 4092 4175 
17309 1901 1903 3770 3899 
17310 334 3633 335 3668 
17311 3420 3720 2971 4016 
17312 3464 4134 4080 4371 
17313 2934 3204 3655 4031 
17314 2794 3466 3187 4368 
17315 971 972 1330 3808 
17316 957 962 963 4027 
17317 1747 1796 1589 4581 
17318 1720 1668 3729 3926 
17319 846 3383 844 3731 
17320 4006 4017 2781 4333 
17321 2940 4129 3618 4302 
17322 1137 1275 1383 3431 
17323 3815 506 62 4537 
17324 3847 2424 2436 2437 
17325 2174 2105 2253 3837 
17326 3106 4085 2830 4340 
17327 2409 2519 2569 3171 
17328 2700 2834 3867 4051 
17329 2987 3521 3337 3841 
17330 2702 3704 3703 4003 
17331 2708 2330 3664 3717 
17332 4542 1743 1589 1786 
17333 4538 1437 1390 205 
17334 3368 3900 2749 4298 
17335 2505 2547 2624 3785 
17336 2459 3626 3267 3953 
17337 3180 3181 1787 4402 
17338 2257 2157 2150 3604 
17339 2962 2824 3476 4042 
17340 1518 2901 2743 3102 
17341 3306 2286 4580 120 
17342 890 891 4414 923 
17343 4444 4543 745 165 
17344 4427 607 87 567 
17345 3602 4159 1056 4385 
17346 1582 238 3470 3685 
17347 3277 4084 3378 4305 
17348 401 2976 2975 3613 
17349 1535 1490 3172 1489 
17350 3454 3907 3177 4300 
17351 2859 416 2873 3143 
17352 3694 3923 3073 4164 
17353 1181 3794 929 4010 
17354 3634 4122 3115 4156 
17355 2056 3461 303 3761 
17356 1402 1329 912 4159 
17357 2768 2737 3033 4199 
17358 3244 3451 3077 4247 
17359 4309 4108 2685 3449 
17360 3119 3372 2829 3783 
17361 873 871 875 3897 
17362 2612 2423 2413 3565 
17363 1037 3850 1060 4360 
17364 3211 4040 1929 4090 
17365 2925 3137 2926 3778 
17366 3457 3769 2946 3837 
17367 21 2672 315 4114 
17368 4503 3194 1169 4515 
17369 2453 2450 2451 3790 
17370 600 4422 547 150 
17371 3384 3558 2688 4133 
17372 2711 3814 3643 4113 
17373 2724 3342 3029 3366 
17374 1285 3469 1347 4154 
17375 577 736 738 2937 
17376 777 782 766 4237 
17377 1018 1354 1465 4010 
17378 2719 3564 3540 3955 
17379 2602 2574 4544 3001 
17380 2424 2571 3205 3332 
17381 3090 3255 2821 3827 
17382 341 2771 3954 4091 
17383 3932 3693 3144 2795 
17384 2085 4580 3426 3306 
17385 3390 3977 2727 4232 
17386 2864 3462 3777 4123 
17387 1137 3431 4444 4408 
17388 703 644 4037 4115 
17389 4489 555 722 4183 
17390 1621 1623 1618 4018 
17391 2909 4005 3065 4102 
17392 2442 3701 3639 3903 
17393 1860 1862 1861 3556 
17394 90 1532 1480 4124 
17395 3545 3917 3089 3983 
17396 4180 4196 2678 4330 
17397 1964 3302 3568 3891 
17398 1543 1476 82 3636 
17399 2860 3002 2824 4195 
17400 2075 4078 3330 4412 
17401 1989 1945 3637 4188 
17402 2765 3162 3812 4139 
17403 1713 3393 3695 3859 
17404 387 2908 2758 2956 
17405 3109 3334 3905 3022 
17406 1183 1365 912 3739 
17407 2093 2095 2092 3680 
17408 2740 421 2861 2802 
17409 3020 2750 3317 4173 
17410 1885 1934 1882 3149 
17411 2690 2952 2969 3947 
17412 1456 1223 1366 4075 
17413 1384 1364 1030 3313 
17414 826 3718 1257 4004 
17415 3638 2994 3962 4331 
17416 2797 3029 2724 3342 
17417 953 950 1269 4086 
17418 2751 3160 3085 4321 
17419 1496 2891 1512 3117 
17420 2692 3881 4359 4400 
17421 3107 3591 3079 3812 
17422 120 10 2286 4580 
17423 1678 1801 1689 3503 
17424 2447 2446 2511 3639 
17425 2877 3468 3469 4309 
17426 638 2945 3003 3447 
17427 2830 4085 2356 4340 
17428 2637 2668 3183 4230 
17429 1900 1899 1898 3899 
17430 2256 2102 3744 3909 
17431 358 2406 359 4096 
17432 1368 1415 1191 3242 
17433 2829 4085 3106 4363 
17434 4006 4043 2853 2781 
17435 2533 3432 2402 3930 
17436 333 2689 3254 3538 
17437 1283 3842 3343 4358 
17438 2674 3584 3791 4185 
17439 1938 3658 4177 4198 
17440 558 2828 3079 3359 
17441 2941 2969 2952 4149 
17442 2694 3395 3063 4196 
17443 991 1002 993 4221 
17444 3008 4184 3500 4415 
17445 2460 3342 2458 3626 
17446 3233 4145 3242 4388 
17447 2937 3541 3830 3857 
17448 3414 2480 3347 2482 
17449 1469 4424 1192 4028 
17450 3221 3054 3982 4008 
17451 2899 4386 3729 4393 
17452 305 2077 3456 3769 
17453 1153 2929 1155 3485 
17454 2200 3692 3646 4072 
17455 3242 3603 2872 4145 
17456 3040 3152 2859 4190 
17457 1607 1612 1611 3751 
17458 1787 3181 3180 3393 
17459 263 1968 264 4308 
17460 1067 1207 3473 4187 
17461 1052 3937 1048 4006 
17462 4069 4279 1699 4357 
17463 1558 1713 1714 3695 
17464 1513 3419 1540 4151 
17465 929 986 987 4068 
17466 2502 2508 2564 3607 
17467 2680 2856 3540 4192 
17468 3187 3466 3373 4367 
17469 3629 3643 2711 3814 
17470 2834 3102 3443 3667 
17471 434 4077 4387 451 
17472 1358 972 1283 3842 
17473 3789 4376 1723 230 
17474 1120 1056 1402 4159 
17475 1720 3729 3407 3926 
17476 2546 3249 3760 3991 
17477 690 584 3386 4323 
17478 1787 1792 1676 4402 
17479 2705 3081 2924 4249 
17480 3670 3752 3170 1575 
17481 2925 3371 3550 4059 
17482 2562 3139 2419 3700 
17483 2690 2757 3628 4176 
17484 3151 2048 2049 1968 
17485 3114 2941 3773 4368 
17486 754 791 756 3811 
17487 2567 2562 2563 3001 
17488 1727 1785 3193 3660 
17489 2846 2761 3334 3736 
17490 4542 1743 190 1589 
17491 2860 3169 2824 3476 
17492 429 389 2947 3123 
17493 413 437 439 4088 
17494 2650 2628 339 3838 
17495 1450 4444 1137 3431 
17496 689 3104 2784 4298 
17497 1008 1071 923 4414 
17498 995 1152 1153 2790 
17499 4512 3718 1368 1353 
17500 3081 3227 2899 4393 
17501 4536 2743 4141 1519 
17502 255 2018 256 3964 
17503 2735 3268 3702 4395 
17504 499 522 537 3419 
17505 3453 301 300 4078 
17506 1593 1566 1592 4127 
17507 1754 3549 1603 4059 
17508 576 2831 682 578 
17509 2691 3997 3893 2790 
17510 3863 3897 2951 4238 
17511 2679 2883 2746 3375 
17512 3217 3688 2989 2813 
17513 2989 3234 3217 2813 
17514 3305 2544 369 2400 
17515 626 3426 657 3306 
17516 2677 3621 3320 3800 
17517 1879 1978 2014 3654 
17518 1642 3396 1643 4393 
17519 2173 286 3508 3728 
17520 2876 3588 3578 3819 
17521 3751 4139 3162 3163 
17522 3648 1990 1991 4090 
17523 2004 116 4599 4579 
17524 1591 3212 1599 4373 
17525 1249 1472 849 4063 
17526 2781 2950 3351 3676 
17527 1855 3586 3296 4229 
17528 1154 2929 3599 4329 
17529 4567 4077 3876 383 
17530 543 665 636 4023 
17531 1257 4004 3718 4316 
17532 2571 2423 2612 3332 
17533 1160 1411 3975 4134 
17534 2419 3139 2566 3230 
17535 2953 2954 3645 3781 
17536 884 880 1317 3950 
17537 2419 3230 2418 4405 
17538 1129 3089 3355 3545 
17539 667 2999 574 3783 
17540 1681 3481 1564 4041 
17541 2058 3457 3282 3837 
17542 3300 4574 646 4510 
17543 2325 2309 2832 4234 
17544 115 114 2006 4494 
17545 3217 2142 4073 4355 
17546 775 3392 793 3651 
17547 4000 4573 3171 2569 
17548 897 1236 3618 4129 
17549 2351 4235 4131 4236 
17550 3087 1951 3586 4122 
17551 4517 2926 2927 3212 
17552 3512 1873 4177 1869 
17553 2007 1865 2036 3771 
17554 2582 2586 2528 3641 
17555 2587 3781 2395 4335 
17556 2635 4314 2627 335 
17557 2674 4080 3723 2957 
17558 2848 3308 2805 3765 
17559 3458 2439 4218 2519 
17560 2969 2941 3742 4148 
17561 2802 3270 3143 3690 
17562 2687 3691 3011 4241 
17563 1897 3656 3287 3851 
17564 1187 1449 1204 3226 
17565 2253 2211 2115 4244 
17566 2358 2359 336 3540 
17567 1481 1522 1528 2767 
17568 2859 3571 3143 3732 
17569 1269 948 1055 4086 
17570 1535 1536 1486 2730 
17571 117 116 2004 4579 
17572 1152 3599 2790 3998 
17573 3447 4521 606 3763 
17574 1680 1601 1679 3752 
17575 2446 2435 2433 3903 
17576 4579 2004 117 1834 
17577 2092 2085 311 3426 
17578 1037 4260 3850 4360 
17579 1327 1458 1071 3969 
17580 3339 4110 1746 4339 
17581 692 575 732 3390 
17582 4548 4483 1422 20 
17583 367 368 3930 4404 
17584 3648 4585 2029 4066 
17585 1875 1862 1874 3759 
17586 2939 3440 3666 3815 
17587 2755 3782 3240 3840 
17588 4489 2938 4183 722 
17589 1526 1551 1506 3468 
17590 2750 3317 2814 3979 
17591 282 4500 281 3917 
17592 3445 3478 2582 3641 
17593 2715 463 493 499 
17594 3037 3697 2980 3900 
17595 2678 3164 3403 3972 
17596 2758 2867 3099 3100 
17597 3932 3693 2795 2361 
17598 836 939 834 3666 
17599 874 1232 1296 3817 
17600 2875 3200 3026 3472 
17601 650 4588 696 668 
17602 2309 3934 2756 4234 
17603 3975 4134 1411 4208 
17604 1834 4579 2004 1999 
17605 2992 3802 3844 3878 
17606 944 3510 946 4319 
17607 2780 2893 2892 3393 
17608 2421 3734 2422 3857 
17609 1262 1071 3969 4414 
17610 477 479 514 3995 
17611 1466 855 852 3927 
17612 1185 1073 3937 3938 
17613 2803 2851 3795 4344 
17614 2004 4579 672 3283 
17615 1907 1905 1906 4346 
17616 1680 3137 3170 3609 
17617 2004 1999 4579 3283 
17618 1247 1340 1049 3738 
17619 750 3134 4452 4133 
17620 2563 3607 3519 3608 
17621 2753 3898 3076 4381 
17622 2431 3482 2432 3652 
17623 3202 3377 3203 4326 
17624 2613 3596 2551 4256 
17625 3002 3154 2824 4195 
17626 1787 3587 3180 4402 
17627 2006 4560 1814 115 
17628 2409 3292 3171 4000 
17629 3977 150 2339 4422 
17630 2453 3790 3594 3836 
17631 3298 3829 2896 3999 
17632 3640 4393 2899 3729 
17633 1510 1542 1513 2987 
17634 3458 2387 2579 2578 
17635 1849 3586 1855 4229 
17636 3389 2727 4231 4232 
17637 4473 3545 2280 4577 
17638 2818 3564 2353 4303 
17639 819 4424 4419 168 
17640 3140 3211 2874 3821 
17641 1056 1032 3602 4385 
17642 4424 167 1192 816 
17643 2734 3022 2853 3929 
17644 4495 2929 1334 4329 
17645 2044 4494 2007 2006 
17646 2048 3487 3459 3757 
17647 3767 3799 2972 4362 
17648 3524 3993 328 4278 
17649 1610 1693 1695 3163 
17650 3364 3995 3080 4114 
17651 3001 4502 2602 3139 
17652 3464 4080 3291 4371 
17653 970 997 3808 971 
17654 1573 1757 243 3879 
17655 1013 4134 1158 4371 
17656 1068 1245 936 3974 
17657 1065 3008 4315 1175 
17658 2483 3414 2481 4281 
17659 2278 2185 2184 3455 
17660 2975 3033 3532 2768 
17661 450 436 435 3331 
17662 785 4507 4518 2378 
17663 1678 3503 1689 4219 
17664 3467 2723 4014 4117 
17665 2331 4328 2303 4410 
17666 1561 3532 3039 3625 
17667 782 3441 814 4237 
17668 3501 3513 2921 3685 
17669 2872 3603 1190 4220 
17670 2901 3536 3043 3639 
17671 1256 1373 1109 4238 
17672 3808 4027 3019 4261 
17673 4487 1086 1474 3655 
17674 599 546 136 3754 
17675 314 313 2303 4328 
17676 2916 3786 709 3104 
17677 2719 2881 3564 3955 
17678 499 522 3419 4151 
17679 3523 3797 2864 4081 
17680 891 923 1262 4414 
17681 4024 2746 4091 4369 
17682 2666 2636 3714 4230 
17683 2861 2906 3499 3690 
17684 2460 3953 2463 3366 
17685 1236 1237 3618 4302 
17686 3108 3377 3660 4082 
17687 2006 4560 2007 1814 
17688 181 1478 182 4322 
17689 2099 2112 2111 4243 
17690 3392 4038 3651 4121 
17691 389 2740 2948 4388 
17692 4087 1532 1528 4352 
17693 1018 929 4010 1181 
17694 2035 3597 1959 3598 
17695 189 4542 1297 190 
17696 3055 4011 3531 3784 
17697 3738 1075 1247 1246 
17698 1531 1506 3468 4399 
17699 2511 2581 2452 3644 
17700 2105 3282 3439 3837 
17701 2978 3472 2875 3952 
17702 2465 2468 3366 3569 
17703 559 713 132 4475 
17704 1327 1213 1180 3397 
17705 2561 3517 2512 4218 
17706 4021 3607 2863 2871 
17707 3943 4107 2779 4369 
17708 4424 4106 788 743 
17709 1754 1677 3549 3219 
17710 2622 2472 2620 4401 
17711 1021 971 1330 3808 
17712 3326 3919 2967 4198 
17713 4484 3159 3359 1750 
17714 3459 4374 3116 3713 
17715 4473 3545 4577 1206 
17716 1594 1593 1597 3492 
17717 3023 1825 1969 1974 
17718 3228 3372 2543 3659 
17719 4188 3771 3554 3257 
17720 3380 3785 2770 4051 
17721 615 93 564 3098 
17722 732 3390 575 4352 
17723 1425 1324 817 3978 
17724 2352 2334 3693 4034 
17725 1821 2021 1966 4116 
17726 2216 3065 3453 4277 
17727 339 4353 3902 4398 
17728 182 1478 4075 4322 
17729 1081 1080 1079 3624 
17730 3141 3527 2590 3958 
17731 405 2710 407 3767 
17732 410 2942 2888 3004 
17733 2636 2665 2666 3714 
17734 2077 304 3456 3831 
17735 3064 3897 3475 4252 
17736 959 3182 956 1295 
17737 3265 3266 2603 4071 
17738 1606 1698 3376 4279 
17739 2998 3772 4118 4162 
17740 3982 4008 3224 4413 
17741 2069 2099 2098 4240 
17742 770 4045 3944 4237 
17743 3241 3662 2997 3927 
17744 340 3630 341 3954 
17745 4142 1119 1302 1393 
17746 264 1958 1819 3506 
17747 3022 3553 3351 3676 
17748 4019 4093 3078 4001 
17749 989 938 988 4264 
17750 2908 3066 2758 3100 
17751 3197 2918 3770 4067 
17752 3332 4525 2571 3205 
17753 2682 3488 3620 4265 
17754 475 3815 468 61 
17755 2217 3567 3262 3650 
17756 403 402 400 3428 
17757 3501 1583 3513 3685 
17758 2964 3222 3805 4055 
17759 3020 3118 2549 4324 
17760 3217 2989 3688 4073 
17761 374 3551 3263 4274 
17762 3048 3772 3592 3925 
17763 1995 1990 3648 4066 
17764 291 3571 3143 3835 
17765 1196 2869 1362 3230 
17766 3767 3910 2850 4102 
17767 3591 4041 1682 1684 
17768 3061 3375 3290 2746 
17769 2903 2960 3465 4035 
17770 2151 3479 3145 4035 
17771 4437 4557 103 779 
17772 1005 1290 1125 3455 
17773 2359 3540 3564 3955 
17774 2726 2784 4015 3037 
17775 650 648 735 3257 
17776 2781 3722 3448 4152 
17777 335 2359 2801 3540 
17778 3071 4159 3602 2792 
17779 2735 3628 3742 4395 
17780 3017 3996 3394 4083 
17781 3401 4005 3258 3065 
17782 726 4468 561 4157 
17783 620 666 3159 3539 
17784 703 2795 3047 712 
17785 3128 3745 2895 3893 
17786 3662 3082 4166 4167 
17787 1223 1063 1367 4132 
17788 634 2945 638 3447 
17789 2234 2110 2096 4193 
17790 3121 4134 3416 4142 
17791 3404 1772 1769 1737 
17792 2933 3504 3834 4033 
17793 1123 1173 1420 3546 
17794 141 4507 14 2378 
17795 1767 1579 1723 4285 
17796 1003 1002 3869 4221 
17797 1620 3768 3404 3849 
17798 55 433 386 4439 
17799 57 4586 4443 390 
17800 2775 3007 2904 3118 
17801 857 1244 859 4103 
17802 413 2749 433 4299 
17803 2944 2747 3668 3719 
17804 2403 3991 3760 4256 
17805 4437 4557 728 103 
17806 3037 3088 2805 4015 
17807 359 2548 360 4096 
17808 3264 2109 4378 3279 
17809 3355 3711 2180 4286 
17810 3570 3344 2970 4229 
17811 1290 1005 1437 3455 
17812 4083 4543 4408 822 
17813 2945 3439 3003 3707 
17814 299 3572 3788 4078 
17815 3160 3724 3358 4321 
17816 2977 4296 3062 4407 
17817 3336 3914 3113 4022 
17818 935 3601 934 4301 
17819 1846 3655 1845 4031 
17820 740 4435 174 4539 
17821 2388 378 2420 3830 
17822 2672 3364 2652 4114 
17823 2775 2884 3096 3414 
17824 1581 3820 3585 3920 
17825 2816 3225 3653 3780 
17826 3175 2940 3336 3323 
17827 3388 2597 2553 3635 
17828 1127 1040 1207 4187 
17829 1410 1239 3981 4306 
17830 2423 2424 2421 3734 
17831 226 3294 1577 3858 
17832 2857 3162 3768 4210 
17833 3367 4053 3183 4230 
17834 2744 3622 2885 4365 
17835 3152 3425 2887 3716 
17836 701 683 95 4430 
17837 1324 3698 1351 3978 
17838 1070 1418 3069 4017 
17839 3531 4011 3505 3784 
17840 2848 3439 3308 3765 
17841 3053 3525 3264 4240 
17842 2744 4143 3622 2815 
17843 2193 2190 2160 3483 
17844 325 3824 2304 4042 
17845 1641 1643 3396 3984 
17846 4460 4058 4419 1388 
17847 3008 2905 4315 4014 
17848 4095 4415 3711 2905 
17849 4518 4507 141 2378 
17850 2255 2164 2242 3898 
17851 2727 2953 3106 4363 
17852 3773 4367 3466 4368 
17853 1067 1207 1098 3473 
17854 4370 3604 2988 2990 
17855 876 873 875 3897 
17856 1323 1157 3797 1077 
17857 3380 3594 3342 4051 
17858 2058 3282 2105 3837 
17859 789 3293 778 4178 
17860 4437 4465 104 695 
17861 4349 3827 4029 2745 
17862 334 2689 3538 3668 
17863 4485 680 4228 2728 
17864 1788 1602 3371 4373 
17865 3937 1388 3938 1073 
17866 2857 3404 3074 4213 
17867 2443 2512 2560 3517 
17868 2594 2478 3566 4019 
17869 598 571 688 3923 
17870 2010 1807 2013 3773 
17871 1052 1048 1001 4006 
17872 1777 3313 1692 3727 
17873 1085 1347 1147 4154 
17874 2464 2461 3267 3953 
17875 18 4493 1395 4566 
17876 2495 2488 3225 3653 
17877 3118 2481 2498 2479 
17878 3970 4093 2779 3641 
17879 2634 2664 2653 3939 
17880 410 2888 2887 3004 
17881 1215 1139 1385 3133 
17882 1805 4165 1569 4280 
17883 3856 445 27 4338 
17884 2992 3802 3514 3844 
17885 4440 1197 185 4104 
17886 3335 3163 3150 4345 
17887 2119 2118 2117 4271 
17888 3303 1887 1962 1892 
17889 1515 2865 2724 3558 
17890 1916 3140 3211 3406 
17891 3071 4033 3834 4168 
17892 740 772 770 3321 
17893 3096 4109 3317 4281 
17894 2749 3900 3053 4298 
17895 1750 1614 1596 3359 
17896 4128 2965 4130 2844 
17897 2869 1193 3139 1196 
17898 548 3977 4447 4085 
17899 3286 3665 2812 4245 
17900 1013 1012 1014 3854 
17901 1794 3229 4341 1789 
17902 3151 1968 3747 4308 
17903 2771 3671 341 4287 
17904 1873 1938 1874 4177 
17905 4033 3503 2986 4110 
17906 4414 1008 924 923 
17907 4074 4362 2972 3799 
17908 2612 3332 2423 3565 
17909 734 4443 603 697 
17910 1801 1690 1687 3434 
17911 3381 3840 3127 4204 
17912 3803 1851 1863 1864 
17913 3282 3457 2058 4372 
17914 4405 3139 2419 3230 
17915 2008 2002 3485 4248 
17916 2237 2081 311 4293 
17917 2710 2842 2849 3798 
17918 2216 3453 300 3788 
17919 935 934 926 4301 
17920 2637 4053 2636 4230 
17921 2772 3362 2912 4057 
17922 4507 785 744 2378 
17923 3371 4373 4416 1788 
17924 3944 4024 2679 4045 
17925 2664 3939 2634 4255 
17926 1406 4266 3252 4360 
17927 2639 2637 2668 3183 
17928 2245 2282 2238 3447 
17929 894 1023 892 4022 
17930 4493 2045 202 4201 
17931 2262 2222 2125 4412 
17932 3943 4094 3441 4237 
17933 3078 3388 2835 4019 
17934 814 3134 750 4133 
17935 1829 1971 3460 4032 
17936 4214 4377 3092 3568 
17937 2301 4578 4519 508 
17938 1596 1595 3159 3492 
17939 2148 2269 2229 4035 
17940 402 404 439 3872 
17941 3356 4173 2825 4174 
17942 2847 3067 3483 4119 
17943 394 440 2886 2728 
17944 4133 3929 3928 2688 
17945 2819 2690 3710 3994 
17946 2740 2861 421 453 
17947 2524 2434 2525 4065 
17948 2045 4493 4098 4201 
17949 2838 3211 2854 2874 
17950 1923 1896 1985 4374 
17951 2922 3138 2844 3278 
17952 722 555 736 4183 
17953 2919 2973 2878 3548 
17954 1031 1030 1032 3313 
17955 1573 1766 3534 3879 
17956 4439 538 565 55 
17957 92 539 564 2999 
17958 2964 2969 2838 3222 
17959 3052 3214 4086 4304 
17960 2924 3619 2705 4249 
17961 3428 3853 2676 4128 
17962 721 3047 553 651 
17963 2797 3321 4051 4141 
17964 2937 2938 3557 3830 
17965 3772 3925 3048 4162 
17966 2919 2843 3486 3547 
17967 3213 3506 3297 3597 
17968 3252 4175 1151 4360 
17969 4566 4493 1395 4098 
17970 1515 3014 2724 2865 
17971 4380 896 3316 1276 
17972 3739 3011 3383 4208 
17973 697 4586 2815 4443 
17974 1328 4590 1375 1357 
17975 3424 4222 500 4384 
17976 2301 4506 4578 467 
17977 1894 1896 3656 4374 
17978 776 3384 770 4237 
17979 2836 2910 3040 3910 
17980 2962 2909 3696 4046 
17981 2447 2448 2435 3903 
17982 2564 3519 2563 3607 
17983 1867 1939 3612 4188 
17984 978 1042 1041 3593 
17985 1241 1299 1233 4289 
17986 253 1832 3945 4189 
17987 2938 3292 3659 3830 
17988 1061 1041 1042 3593 
17989 2770 3785 3029 4051 
17990 845 847 846 3731 
17991 3427 3826 3168 3993 
17992 1708 221 1560 3832 
17993 3246 1894 3656 4374 
17994 3879 3188 3481 2886 
17995 1897 3117 1898 3899 
17996 4307 756 3811 4070 
17997 3348 2504 3596 2609 
17998 3227 3396 1642 4393 
17999 2062 2100 2089 4145 
18000 3347 2484 2482 2496 
18001 1150 1036 1454 4150 
18002 4561 1392 4384 3599 
18003 2966 3528 3341 3919 
18004 334 2801 2336 4215 
18005 4444 822 4408 4543 
18006 2305 2828 2325 2832 
18007 2592 3566 3347 4001 
18008 286 285 3709 3728 
18009 3633 3719 3042 4314 
18010 424 458 390 3622 
18011 1502 2833 3007 4174 
18012 1840 3391 1847 4115 
18013 2708 3717 3271 4365 
18014 2416 3553 2417 4405 
18015 234 1581 233 3820 
18016 1701 1674 1789 4341 
18017 12 4578 130 2301 
18018 330 2631 3444 4163 
18019 816 1192 4424 4028 
18020 1570 3871 1731 3887 
18021 4133 3929 2688 3441 
18022 2682 3720 3382 4265 
18023 3066 3417 2985 4018 
18024 1869 1871 1873 4177 
18025 574 539 575 4352 
18026 4484 3359 3159 619 
18027 2888 2887 3572 3650 
18028 4437 4465 779 104 
18029 323 324 3664 3935 
18030 3472 3511 3200 3774 
18031 3263 3443 3005 4065 
18032 2899 3081 2924 2705 
18033 2479 2549 3118 3730 
18034 778 789 753 3293 
18035 1989 1988 1939 4188 
18036 227 228 3708 3884 
18037 4008 4064 2720 4123 
18038 595 3171 725 3292 
18039 4075 4176 3675 4322 
18040 1655 3640 3407 3729 
18041 2435 2516 2434 3715 
18042 3004 2821 3255 3827 
18043 2635 4314 335 3633 
18044 2484 2485 2486 3816 
18045 3423 3576 2264 3908 
18046 2301 12 4578 4506 
18047 1262 1071 1331 3969 
18048 422 424 2744 4259 
18049 3327 3826 3168 3015 
18050 3002 3576 3423 3908 
18051 2807 3507 3154 4042 
18052 3613 3884 2914 4376 
18053 1613 3402 3079 3751 
18054 2683 3522 3980 4112 
18055 320 319 525 4131 
18056 3120 3930 3432 4270 
18057 2705 3537 3440 3619 
18058 828 1185 1313 3938 
18059 761 345 346 3971 
18060 3271 3717 774 4365 
18061 323 2651 324 3579 
18062 3207 3518 3913 3793 
18063 2646 2644 2647 4137 
18064 2054 2203 3709 4288 
18065 2950 3722 3387 4216 
18066 1887 3548 3231 3149 
18067 3043 3536 2974 3790 
18068 2882 3408 4217 3149 
18069 2199 289 2052 3690 
18070 1511 2884 2904 2816 
18071 3002 3423 3154 3908 
18072 959 3182 1295 4092 
18073 2826 3011 3691 4241 
18074 823 1371 1366 4075 
18075 3407 2705 2924 3784 
18076 2967 3326 2966 3919 
18077 3135 3124 3063 4096 
18078 2522 2382 2521 4246 
18079 3772 965 1341 966 
18080 1688 1747 1786 3274 
18081 185 184 1479 4104 
18082 2995 3155 3020 3581 
18083 3094 3512 2931 3803 
18084 164 822 4543 1258 
18085 1880 3149 3535 3818 
18086 2301 4578 130 4519 
18087 470 4441 3437 518 
18088 1342 4440 2871 1197 
18089 3773 3807 1822 4367 
18090 893 895 894 4022 
18091 2340 338 2343 4007 
18092 3110 3312 2729 3712 
18093 1746 1780 1719 3587 
18094 1708 1560 3181 3832 
18095 1905 1907 3515 4346 
18096 2749 2748 3900 3960 
18097 2748 2981 3900 4005 
18098 2629 3673 2663 3256 
18099 1226 989 1158 4371 
18100 793 789 4004 749 
18101 349 3546 350 4262 
18102 904 901 899 3844 
18103 3260 2422 3652 3857 
18104 1537 188 187 4492 
18105 2997 4089 2996 3430 
18106 1545 3810 1530 4399 
18107 1794 3229 1789 1576 
18108 1017 1026 1025 3948 
18109 302 3330 301 3761 
18110 2034 2001 1841 4201 
18111 498 464 3299 4338 
18112 4505 3309 3485 2037 
18113 790 762 3491 4202 
18114 3441 4094 3384 4237 
18115 603 4443 57 697 
18116 3003 3707 3439 3765 
18117 2885 3762 2807 4195 
18118 3644 3781 2954 4363 
18119 1932 2015 1910 3521 
18120 2322 4418 4015 2308 
18121 4021 3607 2871 3527 
18122 289 290 3690 3835 
18123 1595 1791 3159 3539 
18124 417 2768 419 4338 
18125 3188 1564 3481 4041 
18126 1856 1827 1855 3586 
18127 865 3756 1265 4250 
18128 2396 2598 2544 3611 
18129 2975 2979 432 2768 
18130 3126 4154 3469 4309 
18131 3515 3770 2918 4067 
18132 2224 3152 3567 3650 
18133 2916 3786 3104 3680 
18134 187 1537 4492 3986 
18135 3362 2772 3926 4057 
18136 3436 3695 2993 3922 
18137 2589 2587 2395 4335 
18138 1700 222 223 3741 
18139 561 710 664 4157 
18140 1737 1622 1619 3849 
18141 53 385 437 4088 
18142 4586 637 669 697 
18143 3348 3569 2468 3989 
18144 2747 3719 2944 4192 
18145 2100 284 285 3728 
18146 2182 4048 2205 3349 
18147 3376 3987 1606 4279 
18148 2887 3004 2888 3572 
18149 681 69 2 4491 
18150 496 497 492 3678 
18151 2791 2715 2949 4224 
18152 3821 2695 3131 2895 
18153 2926 3212 1293 4373 
18154 2869 2761 3986 3929 
18155 1558 3695 3345 3859 
18156 4245 3933 2812 3286 
18157 4560 609 610 3771 
18158 3525 3680 3104 4378 
18159 3601 3974 2957 4264 
18160 285 286 2076 3728 
18161 522 4442 80 473 
18162 3491 3971 3939 4202 
18163 506 468 477 3815 
18164 3279 2246 3765 2169 
18165 2736 2988 3463 4327 
18166 345 3971 762 4202 
18167 3298 2588 2506 2401 
18168 338 3838 339 4398 
18169 2849 4190 3910 3040 
18170 4158 3388 2865 3566 
18171 2064 2253 2214 3837 
18172 3722 3387 4216 4411 
18173 2708 2885 3002 4195 
18174 2282 3763 3447 4372 
18175 3247 3460 2028 3916 
18176 301 3453 3330 4078 
18177 313 4328 470 4406 
18178 3229 1715 3858 1576 
18179 3311 3362 4285 4376 
18180 3019 3808 3343 4027 
18181 3022 2734 3676 3970 
18182 1285 1347 1085 4154 
18183 310 2103 309 4293 
18184 3461 304 3456 4072 
18185 2104 3282 2058 4372 
18186 3147 2772 3941 4062 
18187 3720 3921 3382 4016 
18188 1741 3751 1607 3987 
18189 2803 3584 3795 4185 
18190 3248 3747 3034 4396 
18191 4433 4554 3392 392 
18192 1840 1850 1847 3391 
18193 4485 4491 459 4228 
18194 3100 3376 1605 4069 
18195 270 1961 269 4135 
18196 2040 1928 1959 3598 
18197 3265 3266 3007 4401 
18198 2643 2628 2644 4054 
18199 2874 2964 3222 3805 
18200 500 511 513 3424 
18201 2192 2078 290 3835 
18202 3115 4122 3285 4156 
18203 1800 1638 3472 4313 
18204 508 2301 4578 467 
18205 4039 4050 2925 3669 
18206 2984 2948 3679 3728 
18207 2056 3461 3258 3692 
18208 3384 4133 3441 4237 
18209 2808 3117 3116 3246 
18210 300 3788 3453 4078 
18211 4076 4361 2753 3076 
18212 223 224 1576 3741 
18213 3348 3366 2468 3569 
18214 590 674 591 4124 
18215 3517 2561 3372 3783 
18216 4260 4304 3214 2840 
18217 3252 4092 1338 4175 
18218 1517 3321 2797 4141 
18219 3795 4050 2803 4185 
18220 4236 2689 334 2799 
18221 649 650 544 4157 
18222 2096 2243 2095 3786 
18223 1759 1721 1722 4285 
18224 570 567 2754 540 
18225 511 4540 469 66 
18226 459 48 2 4491 
18227 797 3622 3755 4023 
18228 2377 4508 4511 784 
18229 2136 2138 2265 3530 
18230 681 69 4491 4228 
18231 3016 3961 3349 4048 
18232 2710 3799 3767 4362 
18233 2601 3611 3161 4071 
18234 1339 4566 1024 1395 
18235 891 893 892 4022 
18236 57 56 4436 715 
18237 153 2938 722 556 
18238 931 922 932 4333 
18239 2770 3432 2883 3760 
18240 548 4447 719 2820 
18241 1604 1566 1594 4127 
18242 497 531 474 3764 
18243 666 2867 3099 568 
18244 3475 3779 2841 3950 
18245 2982 3520 3147 4341 
18246 2562 3001 2567 3139 
18247 3438 2675 4239 2788 
18248 2719 3694 3352 4251 
18249 2946 2943 3013 426 
18250 2764 3918 2318 4410 
18251 391 2728 4485 4228 
18252 2949 2958 2791 4224 
18253 244 1757 3481 3879 
18254 2200 2208 3646 3692 
18255 2984 3617 2983 3744 
18256 1097 990 1344 3963 
18257 3902 4196 3281 4353 
18258 1690 3434 3181 3946 
18259 2749 3900 3368 3960 
18260 2734 3937 3288 3938 
18261 3584 3852 3021 3956 
18262 2962 3647 3642 3696 
18263 2727 3106 4085 4363 
18264 3220 3916 3215 4310 
18265 2246 2234 2109 4193 
18266 4490 2729 3123 429 
18267 2973 3422 2920 3535 
18268 1751 1677 1678 4219 
18269 4586 637 697 2815 
18270 328 2661 329 3663 
18271 1598 1741 1607 3987 
18272 363 3289 3991 3290 
18273 3250 3696 2909 4046 
18274 3158 3084 3157 3924 
18275 2039 3487 2048 3757 
18276 2930 3257 608 3771 
18277 909 918 1046 3514 
18278 291 3143 3571 3732 
18279 1401 985 1346 3875 
18280 2702 3703 3114 4003 
18281 3274 4581 3194 1747 
18282 1735 3472 1638 3774 
18283 995 3309 1217 4305 
18284 740 770 776 3384 
18285 4508 144 2377 4511 
18286 2764 3026 2811 3918 
18287 2521 2493 2523 3527 
18288 3314 3345 2914 3884 
18289 3032 3952 3033 4199 
18290 1872 3528 1970 3919 
18291 4508 144 4511 99 
18292 1482 2932 1491 1490 
18293 784 4511 2377 742 
18294 2973 2709 1492 2878 
18295 3644 3645 2954 3781 
18296 2730 2919 3097 4403 
18297 325 326 4140 4247 
18298 2913 2914 3708 4376 
18299 303 3761 3461 3831 
18300 703 2795 712 557 
18301 3517 3639 2902 3119 
18302 313 4450 4600 4406 
18303 2813 3217 3688 4355 
18304 1700 3229 3170 3741 
18305 3096 3816 2884 3095 
18306 2946 3457 2917 3559 
18307 1351 1324 1439 3698 
18308 3383 3011 3975 4208 
18309 2019 1966 1925 4067 
18310 4509 4513 507 2298 
18311 1004 1430 1006 3500 
18312 1200 39 38 4490 
18313 1731 237 236 3887 
18314 3380 3575 3667 3867 
18315 3469 4467 4206 818 
18316 2594 2478 2477 3566 
18317 425 3013 2917 386 
18318 2263 2262 3908 4412 
18319 3572 2063 3255 4078 
18320 1682 1681 1684 4041 
18321 2448 2526 2516 3836 
18322 3032 3033 3984 4179 
18323 3345 1733 3314 1764 
18324 1672 1671 1670 4339 
18325 4490 1200 39 3123 
18326 2452 3644 2587 3645 
18327 462 3392 421 444 
18328 1702 3452 240 3845 
18329 3061 3577 4354 2837 
18330 2208 2209 2122 3787 
18331 1636 3511 3200 4325 
18332 4307 756 4070 760 
18333 1241 857 854 4103 
18334 2866 3493 3379 3793 
18335 318 22 486 4182 
18336 82 463 3636 4151 
18337 2612 2407 2571 3332 
18338 334 2336 2801 335 
18339 2788 2998 3173 4052 
18340 3017 3235 3800 2827 
18341 700 679 680 2728 
18342 4509 127 4513 2298 
18343 1259 815 1470 3446 
18344 2782 3671 3629 3867 
18345 958 957 956 3176 
18346 3309 3485 1993 4311 
18347 717 550 630 2805 
18348 3062 3726 3449 4407 
18349 3069 2781 3448 4043 
18350 3152 294 295 2073 
18351 638 3003 2945 4225 
18352 2988 2751 3724 4370 
18353 2433 3715 3482 3903 
18354 593 2938 3292 556 
18355 944 4012 3510 4319 
18356 3572 297 3650 3716 
18357 1607 1608 1606 3987 
18358 1404 1340 1247 3738 
18359 2249 3696 3401 3065 
18360 734 4443 697 2815 
18361 1590 1592 247 3588 
18362 4509 127 2298 11 
18363 465 507 4513 2298 
18364 2055 3716 3572 3959 
18365 3137 3170 2926 3752 
18366 2207 3461 3692 4072 
18367 4403 4177 3172 2920 
18368 2334 4555 2363 319 
18369 538 2749 4298 4299 
18370 2705 2786 3081 4249 
18371 1688 3274 3133 3434 
18372 1235 1255 867 3863 
18373 2256 2163 2255 3909 
18374 4049 4307 3195 3811 
18375 2975 432 2976 401 
18376 3580 3981 3041 4012 
18377 3049 3180 2780 2776 
18378 759 773 778 3717 
18379 2787 2989 3234 2990 
18380 265 1972 266 4310 
18381 2672 2652 2656 4114 
18382 2646 2660 2645 4247 
18383 2816 2863 1549 2884 
18384 1123 1173 3546 4262 
18385 3043 2954 3645 3649 
18386 2893 2993 3436 3695 
18387 38 1242 1200 4490 
18388 3081 2823 4249 3032 
18389 1242 1200 4490 3123 
18390 1764 3314 3345 3695 
18391 1518 4141 3102 2743 
18392 2729 2842 3906 4211 
18393 2452 3043 3639 3644 
18394 970 963 964 4027 
18395 2440 3942 2439 4218 
18396 1670 1746 1672 4339 
18397 2704 3777 3921 4016 
18398 2350 154 153 4489 
18399 2800 3804 3329 4160 
18400 2809 3808 3409 3963 
18401 2868 2967 2966 2712 
18402 1140 3049 4226 2776 
18403 3368 4013 2726 4144 
18404 2998 3925 3772 4162 
18405 3468 4399 4056 4407 
18406 580 4576 4522 3541 
18407 1614 1685 1615 3885 
18408 4000 3171 4573 623 
18409 4529 783 792 166 
18410 2981 4072 3692 3461 
18411 1540 80 81 4442 
18412 1554 1486 1536 3681 
18413 254 1824 255 3964 
18414 2865 2904 3490 3566 
18415 3491 3939 3111 4202 
18416 1778 3227 3193 4269 
18417 441 448 419 3764 
18418 398 397 399 2844 
18419 1667 1665 1663 3531 
18420 2525 2392 373 4274 
18421 2243 2096 2244 3886 
18422 4128 4130 2965 2676 
18423 3437 3764 474 4228 
18424 1653 1806 3828 3901 
18425 2022 1919 2017 3140 
18426 3670 1679 3752 1575 
18427 4437 4465 4113 779 
18428 2825 2995 3161 3265 
18429 1736 1636 1627 4325 
18430 779 3643 801 4113 
18431 2192 289 2070 3835 
18432 2564 3519 3607 4257 
18433 2699 4046 3824 4140 
18434 756 348 757 4197 
18435 1728 1793 3585 4165 
18436 3409 3675 3268 4395 
18437 745 783 4444 165 
18438 4222 2804 3589 3254 
18439 880 878 877 3475 
18440 81 1540 4442 4151 
18441 991 992 1377 3996 
18442 2640 2659 2661 3206 
18443 2859 3143 2873 3732 
18444 1616 4279 1609 4345 
18445 3902 4353 3281 4398 
18446 4489 2938 153 2350 
18447 227 228 1578 3708 
18448 1759 3926 3362 4285 
18449 3528 3637 1813 3725 
18450 372 4111 373 4274 
18451 498 3299 3856 4338 
18452 559 2805 730 3631 
18453 2013 1955 3773 4149 
18454 655 679 3093 4254 
18455 1986 3247 3246 3547 
18456 3459 4374 3713 1923 
18457 1930 1990 1947 4186 
18458 2152 2272 2269 4342 
18459 3523 4301 3601 4337 
18460 1515 3014 2865 1504 
18461 1824 3745 2018 3964 
18462 154 2350 2365 4489 
18463 247 3819 3588 3833 
18464 4475 2313 2321 132 
18465 929 4068 3794 4334 
18466 2314 3862 2306 2726 
18467 3470 1731 1582 3871 
18468 2760 3794 3304 4010 
18469 1410 1400 1239 4306 
18470 2065 292 2228 3732 
18471 3392 4121 3651 4178 
18472 3481 245 244 3623 
18473 316 481 315 4114 
18474 2999 3098 2902 3517 
18475 3337 3841 3521 4336 
18476 2062 2088 2087 4145 
18477 774 808 3271 4259 
18478 3078 3566 3388 4019 
18479 1628 1775 1736 4294 
18480 4440 3001 2863 186 
18481 65 3801 511 4453 
18482 2267 3423 3255 3576 
18483 2331 3678 4328 4410 
18484 3080 3840 3381 3995 
18485 2765 3162 2857 4210 
18486 1883 1881 1884 3877 
18487 1273 1406 1151 4360 
18488 2951 3863 3310 3897 
18489 2086 3233 2087 3242 
18490 832 3883 1456 4075 
18491 1529 1530 1545 3810 
18492 2981 4072 3461 3013 
18493 2913 3613 2914 4376 
18494 855 3927 1466 4089 
18495 4082 1633 3203 1631 
18496 1479 1541 1551 4169 
18497 464 496 498 3299 
18498 2705 4249 3132 4295 
18499 3679 4451 2948 4388 
18500 4577 204 203 2084 
18501 1800 1570 1709 3625 
18502 2963 3953 3626 3366 
18503 2797 4051 3102 4141 
18504 2874 3222 3140 3805 
18505 2476 2475 3490 3931 
18506 3517 3639 3119 2444 
18507 1972 3487 3916 4310 
18508 2856 2968 3936 4377 
18509 478 4114 479 4351 
18510 3416 3011 3739 4208 
18511 1598 3376 3492 3987 
18512 2360 2335 2350 3629 
18513 2886 4470 2956 394 
18514 1240 860 861 3638 
18515 3027 4132 3675 4395 
18516 2973 2709 2878 3231 
18517 2253 2214 3837 4244 
18518 1815 3296 3328 4229 
18519 4183 4489 2365 2350 
18520 4546 560 4437 728 
18521 415 2913 401 2914 
18522 3055 2742 3784 4344 
18523 279 1840 1847 4115 
18524 1112 3889 1179 4383 
18525 3648 4066 1990 4186 
18526 3118 2481 2479 3931 
18527 2466 3266 3267 4071 
18528 4489 2938 722 153 
18529 1736 4294 3511 4325 
18530 1194 4445 1193 187 
18531 2500 2502 2501 3608 
18532 3481 3833 245 3623 
18533 165 822 4543 164 
18534 2806 3037 3088 3322 
18535 3187 3466 4367 4368 
18536 1500 1526 3356 4174 
18537 832 1286 1456 3883 
18538 954 1010 1295 4175 
18539 2846 3225 2761 3736 
18540 934 935 936 3601 
18541 2709 2961 2763 4100 
18542 1737 1620 3404 3849 
18543 3592 968 969 984 
18544 3827 4029 2745 4390 
18545 4444 822 4543 165 
18546 2854 4090 3211 4186 
18547 1921 1911 1913 4055 
18548 2440 2512 3942 4218 
18549 3501 242 241 3845 
18550 22 318 2669 4182 
18551 2683 2998 3980 4162 
18552 1313 4492 3986 1194 
18553 950 949 948 4086 
18554 2991 2921 3501 3513 
18555 2284 4577 203 2084 
18556 3420 3921 3720 4016 
18557 1592 246 247 3833 
18558 4349 4029 3827 462 
18559 2894 3006 449 3294 
18560 3258 3453 2067 3065 
18561 1643 3396 3984 4393 
18562 2060 3680 2917 3758 
18563 2460 2461 2463 3953 
18564 1054 1094 1099 4095 
18565 3090 3716 3479 3959 
18566 372 2392 2529 4274 
18567 3258 3453 3065 2942 
18568 2943 2942 3330 3461 
18569 2958 3247 3460 3486 
18570 4577 2084 2284 3545 
18571 4549 832 182 4075 
18572 1130 4028 3605 4392 
18573 4354 3061 3954 2771 
18574 4543 3661 4408 745 
18575 7 95 4488 1553 
18576 1286 1208 1456 3883 
18577 2813 4046 3688 4140 
18578 2590 2595 2494 3141 
18579 2194 2078 2193 3338 
18580 1909 1910 1911 3805 
18581 283 2171 284 3735 
18582 1577 1715 225 3858 
18583 1703 3452 3417 4280 
18584 3944 4045 2679 4237 
18585 3316 4129 896 3369 
18586 3277 4101 3036 4150 
18587 2096 2243 3786 3886 
18588 683 545 4465 3860 
18589 2583 3161 3265 4071 
18590 2678 4252 3865 4330 
18591 3018 3826 3673 3993 
18592 3005 3443 3715 4065 
18593 944 945 4012 4319 
18594 3247 3757 3487 3916 
18595 463 528 82 3636 
18596 1482 1523 1491 2754 
18597 2309 330 2317 2756 
18598 2757 3129 2838 4186 
18599 1561 4313 3625 3039 
18600 3267 3864 4071 3009 
18601 417 2914 401 2975 
18602 3626 2907 3267 2963 
18603 603 57 4436 715 
18604 3308 3516 3174 4271 
18605 3081 2823 3032 3529 
18606 1893 1894 1895 3656 
18607 3382 3921 3777 4016 
18608 1826 2048 2039 3487 
18609 476 3733 501 4351 
18610 1319 1339 1069 4098 
18611 2155 2276 2274 4397 
18612 2442 2433 3482 3903 
18613 696 86 4446 608 
18614 2455 2453 2454 3790 
18615 3192 4096 2762 4109 
18616 1795 1675 1676 4110 
18617 3376 3066 4279 4069 
18618 1030 4462 3948 1017 
18619 2810 3853 2839 4128 
18620 1765 1674 3520 3609 
18621 328 3993 3427 4278 
18622 2487 3141 3816 3095 
18623 2849 3571 2859 3868 
18624 2518 2519 3783 4218 
18625 1888 1889 1887 3548 
18626 3139 3608 3700 2562 
18627 512 3238 516 3856 
18628 1840 2000 2038 3391 
18629 3143 3571 2906 3835 
18630 1422 1029 4483 3546 
18631 1057 1056 1032 3602 
18632 1866 1865 2007 3771 
18633 603 715 4436 3056 
18634 2068 3499 287 3709 
18635 372 2537 373 4111 
18636 3377 1626 1629 4326 
18637 600 575 692 3977 
18638 987 1314 1019 4068 
18639 2439 3942 3627 4218 
18640 2661 2629 2640 3427 
18641 1303 3727 1108 4317 
18642 3453 3572 2888 3004 
18643 3474 313 4328 2303 
18644 1871 1872 1937 4198 
18645 3384 776 4133 4237 
18646 2260 3573 2125 4412 
18647 1663 1664 1662 4379 
18648 1011 1010 953 3497 
18649 666 663 3099 3539 
18650 2653 3971 345 4202 
18651 4447 548 151 3977 
18652 2908 2921 2922 3452 
18653 3155 3581 3498 4401 
18654 1256 1047 1239 3580 
18655 696 735 608 3257 
18656 399 434 400 4387 
18657 2881 3408 2968 4217 
18658 4435 799 173 4133 
18659 1267 2934 830 4322 
18660 1876 1874 1879 3658 
18661 520 497 474 3764 
18662 4503 3194 4515 217 
18663 1471 3504 3834 4317 
18664 2941 4367 3773 4368 
18665 1666 3489 1671 3520 
18666 1854 1915 1914 3543 
18667 394 2886 395 2908 
18668 1984 3459 2049 4348 
18669 4551 3309 4084 1062 
18670 2715 3957 3636 4151 
18671 2891 3117 3287 3899 
18672 3435 3543 3245 3742 
18673 245 246 1566 3833 
18674 452 422 382 4349 
18675 2957 3168 3888 3015 
18676 2862 3162 2857 4139 
18677 2799 3058 2958 3220 
18678 1574 3623 3100 4069 
18679 3120 3671 2782 3867 
18680 2121 2120 2119 4271 
18681 3269 3465 2960 4342 
18682 2678 3164 3972 4330 
18683 2900 3387 3907 4300 
18684 2816 3078 3347 2865 
18685 4488 177 7 1553 
18686 3138 237 236 1569 
18687 3521 3745 3128 4336 
18688 498 3856 532 4338 
18689 1707 3532 233 4047 
18690 324 2320 2824 4042 
18691 4482 2236 3917 3545 
18692 1745 1683 1783 3386 
18693 737 3107 3079 3812 
18694 3670 1700 3741 222 
18695 2952 4067 3773 4149 
18696 1368 3242 3718 4388 
18697 2746 4107 4091 4369 
18698 1881 3818 3422 3877 
18699 3704 3719 2747 4205 
18700 3414 2480 2482 2481 
18701 2886 2991 3501 3534 
18702 1576 224 1715 3858 
18703 2421 2422 2388 3857 
18704 1568 1600 1599 3778 
18705 1507 1529 1546 2690 
18706 2148 2229 2145 4207 
18707 4085 3372 2829 3106 
18708 1912 3521 3131 3805 
18709 3151 3034 3747 4396 
18710 3485 4040 1993 4311 
18711 2479 2477 2476 3931 
18712 1845 1994 2034 3655 
18713 2855 4003 2747 4205 
18714 3135 3124 3290 4079 
18715 2351 3693 2334 4131 
18716 2128 2126 2127 4292 
18717 2380 2586 2582 3641 
18718 1065 3008 1175 1211 
18719 3028 3737 3524 4278 
18720 2581 2537 2587 3781 
18721 3215 3220 2958 3916 
18722 1726 1773 1725 3920 
18723 4445 2863 1484 2846 
18724 4523 1251 4248 1156 
18725 555 736 4183 4389 
18726 2071 2216 3788 4277 
18727 2545 3208 4111 4275 
18728 3065 2909 3401 4005 
18729 377 376 2386 3659 
18730 982 995 1217 4305 
18731 1917 3406 3211 4186 
18732 1704 3828 1806 3901 
18733 517 3599 4561 4384 
18734 4488 4430 683 3860 
18735 2849 3910 4190 2710 
18736 4018 4279 1616 4345 
18737 2980 3692 3697 3787 
18738 2907 3043 2974 3649 
18739 114 611 4510 4494 
18740 1872 3919 1937 4198 
18741 3265 2833 3007 3266 
18742 2308 4015 2323 4144 
18743 2865 3558 1516 3928 
18744 434 450 435 3331 
18745 2148 2147 2149 4207 
18746 4436 602 715 56 
18747 710 4555 4157 561 
18748 1645 1652 1648 3529 
18749 1770 1650 1724 4282 
18750 3425 3732 2859 2873 
18751 2782 3120 2783 4287 
18752 2208 3646 3692 3697 
18753 4596 579 4576 161 
18754 2152 2273 2228 4342 
18755 2619 4576 4522 161 
18756 1115 1257 3869 4316 
18757 3452 3501 2921 3685 
18758 2818 2881 3276 3955 
18759 2033 1966 4067 4116 
18760 3312 3712 3110 3349 
18761 4377 3568 3213 3302 
18762 2698 3718 2983 4038 
18763 2888 3453 3262 3788 
18764 1630 3203 3200 3774 
18765 2690 3710 3628 2702 
18766 1912 1910 3521 3805 
18767 410 2943 2942 3004 
18768 2129 2131 2128 4292 
18769 2440 2575 2437 3942 
18770 2556 4324 3966 4401 
18771 2913 3345 3294 3708 
18772 2341 2356 4085 4340 
18773 733 4298 3368 4299 
18774 2862 3163 3162 4139 
18775 2884 3653 3225 3816 
18776 1699 1698 1609 4279 
18777 2922 2976 3138 2979 
18778 1336 1015 1014 3669 
18779 3029 3785 3342 4051 
18780 3135 3063 3124 4079 
18781 263 3506 1819 3682 
18782 4444 4543 4408 745 
18783 1817 1852 1844 4318 
18784 4596 4576 579 3565 
18785 2719 2968 2881 3955 
18786 3092 3955 2968 4377 
18787 1991 4090 4040 4248 
18788 3422 1876 1878 2014 
18789 3651 3661 2698 4004 
18790 2761 2688 3122 3928 
18791 3158 3682 1833 3683 
18792 3260 3557 2937 4183 
18793 476 468 475 3815 
18794 430 2773 2927 3813 
18795 4066 2934 3655 4031 
18796 2258 2099 4240 4243 
18797 2996 3850 3430 4089 
18798 2503 2406 2585 4109 
18799 3814 3860 2711 4366 
18800 3272 4291 4211 4356 
18801 4442 1488 1540 80 
18802 4423 89 88 1523 
18803 2795 146 4034 553 
18804 1842 1817 1843 3616 
18805 394 2908 387 2956 
18806 1325 1120 1365 4159 
18807 4447 2338 2820 2347 
18808 388 4421 443 32 
18809 1176 3706 967 4358 
18810 274 2011 275 4156 
18811 3312 4097 4048 4312 
18812 2572 2413 4576 3565 
18813 2842 2849 3338 4227 
18814 1669 3398 3147 4341 
18815 1020 924 1096 4061 
18816 2881 2968 3408 3955 
18817 2773 2927 2926 3170 
18818 930 1363 887 3509 
18819 3146 3951 3465 4397 
18820 4257 2570 2410 2565 
18821 781 790 762 3491 
18822 2830 3228 2820 4085 
18823 991 3996 1002 4221 
18824 2693 3579 3463 3800 
18825 1104 1103 2926 4373 
18826 981 982 980 3843 
18827 2887 3004 3572 3827 
18828 1492 4100 1494 2709 
18829 2868 2966 2967 3326 
18830 2699 2910 3910 4102 
18831 761 762 345 3971 
18832 3170 2927 3006 2773 
18833 2716 3223 3893 3555 
18834 2947 3499 3110 3709 
18835 3073 4124 3390 4164 
18836 3298 4109 2401 4258 
18837 3144 3634 3115 4156 
18838 4442 4558 473 3419 
18839 906 903 902 3890 
18840 2619 4576 161 2572 
18841 3099 3159 666 3539 
18842 2890 3611 3354 3864 
18843 2322 4418 2308 2313 
18844 2974 3536 3102 3594 
18845 1056 3602 1402 4159 
18846 2614 2495 2600 3780 
18847 1765 3520 3219 3609 
18848 1781 1582 1731 3871 
18849 790 4028 743 4106 
18850 1886 3548 1885 3818 
18851 1898 3713 3117 4374 
18852 2213 2077 2215 3973 
18853 3042 3684 3438 4052 
18854 598 674 571 3923 
18855 3184 2921 3513 3685 
18856 3456 3573 3046 3973 
18857 2493 3527 3607 3958 
18858 413 2749 4299 3960 
18859 3045 3516 3046 2885 
18860 1806 1653 1705 3901 
18861 2353 2336 2359 2818 
18862 576 4113 3860 4389 
18863 3200 3203 1630 4326 
18864 3550 4142 2792 4385 
18865 4599 3283 3771 2036 
18866 2567 3001 2602 3139 
18867 524 3681 519 3855 
18868 2939 3666 3415 4026 
18869 616 94 706 2898 
18870 2956 3100 3099 3833 
18871 3571 3748 2859 3868 
18872 4253 3542 2676 3934 
18873 3246 3547 2878 3548 
18874 2861 3143 2906 3690 
18875 3440 476 4351 3733 
18876 550 627 630 3104 
18877 2920 3172 2932 3759 
18878 748 796 813 3860 
18879 2208 2122 3697 3787 
18880 3932 3693 2361 2796 
18881 1582 3184 3470 3871 
18882 3459 4374 1923 3757 
18883 2484 2486 3653 3816 
18884 3123 3735 3110 3983 
18885 552 4475 713 4225 
18886 2237 4597 312 2285 
18887 605 4597 4521 126 
18888 2953 3354 3208 4335 
18889 2324 2327 2310 3934 
18890 2995 3289 2837 3498 
18891 1438 1222 1236 3618 
18892 1428 4543 822 1258 
18893 706 2898 93 3098 
18894 3882 3883 3027 4132 
18895 2751 3724 3160 4321 
18896 3860 4113 2711 4389 
18897 4488 4430 95 683 
18898 1470 1322 1259 3446 
18899 3628 3710 2690 3810 
18900 2899 3956 3444 2705 
18901 605 4597 126 604 
18902 4459 1441 4575 68 
18903 1520 2743 1485 1518 
18904 1766 1573 242 3879 
18905 3026 4249 2786 3918 
18906 2970 3094 2911 3570 
18907 2816 3347 3122 3653 
18908 1336 3669 1014 4039 
18909 2028 3460 3247 3486 
18910 2699 2910 2836 3910 
18911 2940 3894 3316 4147 
18912 2899 3227 4282 4386 
18913 3263 3629 4183 3005 
18914 3062 4296 3726 4407 
18915 1125 3455 1427 4315 
18916 3664 2330 4195 2320 
18917 2676 4130 2965 4253 
18918 3161 3498 2995 4025 
18919 4547 536 4570 3681 
18920 3482 2441 2442 3701 
18921 3311 4285 1723 4376 
18922 4096 2398 2548 360 
18923 2734 3109 3022 3929 
18924 2912 2772 2982 2707 
18925 1428 1007 3394 4316 
18926 3584 3021 3852 4241 
18927 3302 1960 2051 1963 
18928 3089 3123 3110 3983 
18929 2802 3269 3143 3270 
18930 418 2737 417 4338 
18931 3917 4500 1359 3233 
18932 1882 1883 1885 3818 
18933 2390 351 352 4043 
18934 2746 3954 3395 4079 
18935 2193 3483 2195 3067 
18936 1095 1392 1152 3998 
18937 2484 3653 3414 3816 
18938 2691 3893 3223 3555 
18939 1065 3455 4315 3500 
18940 2457 3645 3253 3649 
18941 2342 146 2352 2795 
18942 384 2729 455 3906 
18943 1998 4551 3309 4084 
18944 4424 788 168 743 
18945 1802 3377 1629 4082 
18946 272 3634 3276 4332 
18947 1699 4069 1698 4279 
18948 125 606 4479 4521 
18949 3317 3979 4096 2762 
18950 3108 3203 4082 4269 
18951 342 3671 4024 4045 
18952 86 87 1489 2930 
18953 284 2054 285 3735 
18954 2891 3153 3713 3899 
18955 3304 4002 2760 4010 
18956 350 351 2415 4043 
18957 4489 555 4183 4389 
18958 2877 3449 3726 4407 
18959 2897 3445 2950 3970 
18960 3063 4096 3979 2762 
18961 4157 544 77 4458 
18962 1328 4590 1357 3242 
18963 4433 444 3392 4349 
18964 4076 4361 3076 2798 
18965 3584 2687 3852 4344 
18966 2830 3228 3106 3551 
18967 2832 3335 3150 4234 
18968 1241 1233 1244 4103 
18969 1559 4047 3613 4179 
18970 1932 2012 2015 4336 
18971 1559 1712 1710 4179 
18972 1932 1908 1983 3841 
18973 4436 602 3056 715 
18974 3301 3912 3028 4350 
18975 813 4536 4488 3860 
18976 2773 3433 2926 3813 
18977 625 3783 667 574 
18978 454 2906 455 2947 
18979 2347 2356 2820 4085 
18980 3539 3588 3099 3833 
18981 1883 3818 1881 3877 
18982 2865 3347 2904 3566 
18983 2920 3535 3422 3658 
18984 1581 1728 3585 3820 
18985 2483 3816 3414 4281 
18986 4465 813 3860 748 
18987 818 4206 183 4467 
18988 2094 3680 3525 4378 
18989 258 1965 1807 4223 
18990 2651 3563 2667 4060 
18991 2742 2899 3407 2705 
18992 2474 3490 3966 3730 
18993 2893 3345 3314 3695 
18994 726 4468 4157 77 
18995 643 551 640 2970 
18996 932 1070 1001 4333 
18997 599 569 675 3754 
18998 1596 3359 1613 3402 
18999 409 414 2859 4190 
19000 3001 1342 2871 3519 
19001 4206 4467 3469 1541 
19002 4423 1480 89 1523 
19003 3110 2947 3709 3735 
19004 4544 2580 2574 2389 
19005 206 1004 4448 1005 
19006 1318 900 903 4413 
19007 2636 2637 2635 4053 
19008 2839 3167 2976 3311 
19009 3381 3840 2939 3995 
19010 1074 1075 1130 3605 
19011 4253 3542 3934 2756 
19012 3883 4075 832 4206 
19013 4073 4355 3688 3217 
19014 576 2831 578 4389 
19015 2895 3583 3582 3821 
19016 1143 983 1254 4009 
19017 2969 3742 3543 4148 
19018 2595 3736 3225 3958 
19019 762 3971 3491 4202 
19020 2973 3231 2878 3548 
19021 2880 3349 3632 3711 
19022 2753 3209 3898 4381 
19023 4029 4121 3392 4349 
19024 1176 967 1150 4358 
19025 2147 3951 2149 4207 
19026 4430 4536 3860 4488 
19027 2719 3352 4217 4251 
19028 425 3013 386 426 
19029 2863 2871 3607 3608 
19030 2112 2258 2232 4243 
19031 1494 1495 3994 4100 
19032 781 791 792 4307 
19033 2246 2169 2240 3765 
19034 1680 3170 3137 3752 
19035 2713 4180 3865 4267 
19036 1545 4075 3810 4399 
19037 3630 4196 3902 4353 
19038 904 909 901 3844 
19039 2864 4064 3221 4123 
19040 1540 3419 4442 4151 
19041 2686 3307 3032 3952 
19042 1116 3277 1319 4150 
19043 393 3856 445 26 
19044 2729 3089 3110 3712 
19045 250 1841 249 4098 
19046 707 612 2876 2956 
19047 2041 3807 1955 4149 
19048 2030 1897 3287 3851 
19049 3412 4282 4285 3068 
19050 3796 4222 2691 4384 
19051 3283 4579 3344 1999 
19052 2785 2891 3153 3713 
19053 750 173 799 4133 
19054 2810 3411 3167 3412 
19055 2478 3566 3388 4158 
19056 476 3210 3815 475 
19057 3678 2703 4181 497 
19058 985 1274 1346 3875 
19059 412 2913 449 3294 
19060 4544 4502 2389 2602 
19061 3099 3100 2867 3492 
19062 830 2934 3129 4322 
19063 3388 3566 2478 4019 
19064 282 3679 3233 3917 
19065 1569 4165 3471 4280 
19066 674 4531 598 547 
19067 3676 3937 2853 4006 
19068 3131 2015 3745 3521 
19069 3397 3605 3195 4049 
19070 3084 3157 3114 4003 
19071 4575 5 68 1441 
19072 2783 2837 3198 4025 
19073 3915 2679 4024 4045 
19074 3057 3307 3026 3774 
19075 809 3392 775 4349 
19076 351 3992 3448 4043 
19077 819 1469 1279 4058 
19078 1852 1832 1853 4318 
19079 2319 139 2305 2766 
19080 4442 4558 80 473 
19081 2223 2263 2264 3576 
19082 3163 3751 3150 3987 
19083 1832 3945 3435 4318 
19084 1935 1948 1809 3582 
19085 3382 3720 3018 4265 
19086 1368 1257 826 3718 
19087 3032 3081 3396 4249 
19088 2094 3264 3525 2098 
19089 3842 4099 3343 4358 
19090 2364 3671 342 4045 
19091 1300 4416 1016 1033 
19092 518 4441 3437 4228 
19093 397 398 396 4130 
19094 2214 2115 2116 4244 
19095 88 4423 1523 2754 
19096 1343 1097 1330 3963 
19097 4429 3754 546 4347 
19098 359 2534 358 4375 
19099 3117 2878 3246 2808 
19100 3066 3100 2908 4069 
19101 2850 3040 2910 3910 
19102 760 762 3971 4307 
19103 1089 1028 1029 3896 
19104 1334 1335 1155 2929 
19105 3033 3613 2975 4047 
19106 1371 4075 823 4322 
19107 3108 3202 3203 2811 
19108 3556 3590 2882 3606 
19109 294 293 2225 3748 
19110 2487 2488 2486 3816 
19111 1910 3805 1909 4346 
19112 3239 2893 2780 3393 
19113 3652 3734 2436 3847 
19114 4575 1441 4329 178 
19115 3656 2709 3851 3231 
19116 3517 3372 2561 2560 
19117 1783 1683 1685 3672 
19118 70 542 694 4441 
19119 2628 2641 340 3630 
19120 3076 2983 3024 4361 
19121 2901 3098 2902 1520 
19122 3148 4001 3641 4093 
19123 735 696 650 3257 
19124 3987 4279 3150 4345 
19125 1529 1495 1530 3994 
19126 3412 4282 3068 3411 
19127 2594 2536 2478 4019 
19128 3189 3629 2834 3867 
19129 696 2822 650 3257 
19130 1852 3945 1832 4318 
19131 1959 1810 1960 3597 
19132 1550 2775 1509 2884 
19133 1742 1699 1616 4279 
19134 2877 4200 3449 4309 
19135 2022 1913 1919 3140 
19136 1176 960 967 3706 
19137 2767 2829 3119 4363 
19138 1453 1082 1028 3896 
19139 1645 1648 1646 4393 
19140 2262 2126 2263 3908 
19141 3482 3701 2442 3903 
19142 1288 935 926 4337 
19143 4544 2580 2389 212 
19144 3144 4156 3326 4332 
19145 335 334 2635 3633 
19146 1967 1812 273 4332 
19147 1428 1434 822 4083 
19148 1295 1338 4092 4175 
19149 327 326 3673 3862 
19150 4180 4411 4300 3387 
19151 4188 3554 3771 1866 
19152 4338 4181 3595 3299 
19153 1368 3242 1191 3718 
19154 690 4552 585 3672 
19155 1709 3532 1561 3625 
19156 1313 4492 1194 1355 
19157 4080 4134 3121 4371 
19158 3245 4031 3129 4186 
19159 1749 1777 1756 3948 
19160 1582 3470 3184 3685 
19161 4066 2934 4031 3129 
19162 406 408 427 2748 
19163 1361 1243 940 4380 
19164 477 478 479 4351 
19165 3106 3644 3119 4363 
19166 4214 4377 3568 3213 
19167 2719 3955 3540 4377 
19168 4213 2875 2703 2759 
19169 3035 3841 4346 3805 
19170 4459 1441 4329 4575 
19171 335 3540 2801 3719 
19172 868 944 945 4012 
19173 2717 3504 2986 4033 
19174 3566 2475 4158 2478 
19175 2349 3671 2782 4287 
19176 1587 1688 1687 3946 
19177 2449 2450 3536 3790 
19178 1569 3138 3471 4165 
19179 2556 2622 2623 4324 
19180 2753 3209 3008 4014 
19181 3312 3349 3110 4312 
19182 1025 1102 1033 3371 
19183 2727 4085 3106 4340 
19184 2801 4192 3540 4377 
19185 3426 2060 2092 3680 
19186 2832 2879 3335 4234 
19187 3006 3170 2773 3229 
19188 3264 3525 3104 4378 
19189 2362 333 4236 4273 
19190 3402 1598 3987 1741 
19191 1503 4174 1502 1501 
19192 24 3944 342 4202 
19193 2814 4108 2685 2696 
19194 1913 3140 2022 3222 
19195 2683 3839 3925 4242 
19196 1512 1510 2785 2891 
19197 643 2970 640 3391 
19198 1525 1483 2838 2854 
19199 1505 2907 1521 2974 
19200 407 2710 431 4227 
19201 291 2078 3571 3835 
19202 1517 2797 1518 4141 
19203 3164 3403 3838 4353 
19204 3949 4348 3713 3153 
19205 1295 1338 959 4092 
19206 1924 3153 3713 4348 
19207 551 2793 147 4438 
19208 931 1340 943 3985 
19209 2836 3687 3261 3688 
19210 2836 3067 3261 3687 
19211 1712 1643 1647 3984 
19212 1287 1166 33 2928 
19213 879 1182 1435 4272 
19214 1835 200 201 4487 
19215 765 3944 770 4045 
19216 1599 3212 3753 3778 
19217 3992 3010 4002 3861 
19218 314 523 313 4328 
19219 370 371 3575 4275 
19220 3187 4367 2941 4368 
19221 2782 2817 3189 3629 
19222 3076 3024 2983 3909 
19223 2747 2944 3668 3248 
19224 3400 3598 2961 4153 
19225 3337 1830 1983 4336 
19226 2742 2705 3407 3784 
19227 578 577 2937 3565 
19228 2904 3414 3118 3931 
19229 3045 3837 3439 4143 
19230 2982 3147 2803 3791 
19231 3743 4099 3036 4101 
19232 975 1341 966 3772 
19233 1801 3434 3503 4402 
19234 255 1822 1944 4367 
19235 113 4556 645 9 
19236 2598 3864 3611 4071 
19237 2022 3222 3140 3406 
19238 2404 363 2550 3290 
19239 1173 1418 1174 4017 
19240 2993 3695 3314 3922 
19241 1213 1074 1130 3605 
19242 2740 2983 2984 3718 
19243 2545 3354 3208 3305 
19244 385 3340 4431 438 
19245 2602 4544 2574 2389 
19246 3895 3940 2858 3054 
19247 425 390 57 4443 
19248 3254 3086 3589 4222 
19249 578 3332 691 3565 
19250 931 1000 3985 4333 
19251 1999 1850 2038 3344 
19252 238 237 3470 3471 
19253 3018 3720 3620 4265 
19254 584 4254 3386 4323 
19255 1264 1079 1263 3746 
19256 2844 3138 2976 3820 
19257 927 913 1263 4081 
19258 2846 3608 2863 3958 
19259 3865 4180 2713 4411 
19260 3417 3452 1703 4357 
19261 4032 270 269 4135 
19262 1886 1883 1987 3877 
19263 3026 3307 2686 3952 
19264 3456 3046 3769 3973 
19265 2488 2494 2595 3141 
19266 1820 273 1952 3634 
19267 2328 2766 2305 2832 
19268 727 4550 4023 97 
19269 2696 2775 3096 4108 
19270 2498 3118 3317 4281 
19271 263 3747 1968 4308 
19272 1572 3314 3251 3884 
19273 2081 2237 3763 4293 
19274 1065 3008 1211 3500 
19275 2056 3258 3461 3761 
19276 3050 2760 3319 4002 
19277 1561 3625 4313 1804 
19278 1942 4031 3245 4186 
19279 936 934 3601 4394 
19280 3356 3968 1500 4174 
19281 3708 1721 4376 228 
19282 590 591 90 4124 
19283 201 1835 4487 4476 
19284 1499 1498 1497 3822 
19285 2596 2598 2462 3864 
19286 3046 3516 3045 3973 
19287 573 601 693 4347 
19288 3239 3393 1718 3859 
19289 3643 343 779 802 
19290 336 2649 3705 4314 
19291 3715 2448 3536 3903 
19292 4359 3615 4027 3176 
19293 2803 3147 2982 3520 
19294 1268 1467 1190 3603 
19295 3465 4035 2960 4342 
19296 1568 3753 3752 3778 
19297 694 70 4441 4406 
19298 2838 3129 2854 4186 
19299 789 3661 3651 4004 
19300 1835 4487 1474 3655 
19301 3569 2469 3989 3266 
19302 4483 3896 2615 3546 
19303 3034 3870 3248 4396 
19304 2737 3251 3033 4268 
19305 381 419 3595 4338 
19306 984 1278 969 3592 
19307 113 4574 1838 4510 
19308 752 4543 3661 4449 
19309 313 4450 4406 470 
19310 360 2393 359 4375 
19311 1392 3599 1152 3998 
19312 3535 1881 3422 1878 
19313 211 210 4486 2412 
19314 2509 2526 2450 3836 
19315 3008 3209 2753 4381 
19316 1030 4462 1017 1443 
19317 2678 3865 4180 4330 
19318 1399 3477 1149 4356 
19319 3239 221 3670 222 
19320 2557 2466 3267 4071 
19321 1056 1031 1032 4385 
19322 645 4556 4574 4037 
19323 772 740 805 3321 
19324 2076 2173 2102 3744 
19325 1496 2918 1510 2891 
19326 4027 4036 3019 4261 
19327 1058 3727 1303 4317 
19328 1509 3007 1504 2904 
19329 3318 2851 3489 4339 
19330 1600 1603 1602 4059 
19331 1900 1898 1984 3713 
19332 4544 4502 213 2389 
19333 3679 3728 2100 4145 
19334 1641 1740 1647 3984 
19335 4483 1028 3896 1029 
19336 2172 2258 2099 4240 
19337 3377 1626 4326 3828 
19338 1175 993 1211 4221 
19339 2839 2810 3167 3412 
19340 1026 3313 1031 3550 
19341 2849 4190 2859 4227 
19342 3041 4012 3981 4319 
19343 3079 3359 1613 3885 
19344 1055 1233 1299 4289 
19345 2861 2947 389 2948 
19346 1499 1501 4087 1508 
19347 3093 654 3386 3578 
19348 2743 3102 2901 3112 
19349 287 3499 3508 3709 
19350 2899 3068 3729 4282 
19351 2537 3551 373 4111 
19352 381 419 448 3595 
19353 2304 2314 2806 3824 
19354 1759 3362 1721 4285 
19355 3011 3416 4134 4208 
19356 2182 2242 3961 3142 
19357 2919 3547 3486 3877 
19358 498 496 501 3299 
19359 4574 2043 1997 4037 
19360 1613 3359 3079 3402 
19361 1777 1692 1691 3727 
19362 1948 1918 1950 3821 
19363 2781 3676 2853 4006 
19364 2488 3141 2595 3225 
19365 1783 1588 1745 3386 
19366 1260 1088 1284 3381 
19367 1319 1116 1339 3277 
19368 3040 3567 3152 4190 
19369 441 419 440 2759 
19370 1935 4040 3583 4311 
19371 3100 3376 2867 3492 
19372 836 834 835 3666 
19373 1472 1414 1184 4063 
19374 1107 1364 1384 3727 
19375 3536 2447 3639 3903 
19376 2793 3296 2970 3328 
19377 3417 2965 2879 3901 
19378 2700 3814 2834 4051 
19379 4458 3681 471 4157 
19380 4451 3123 389 39 
19381 2497 2476 2474 3730 
19382 2039 1985 1920 3757 
19383 1945 1836 1940 3637 
19384 424 458 3622 4259 
19385 2881 2818 3634 4303 
19386 3404 3849 3201 4294 
19387 1539 173 1487 4133 
19388 212 213 2389 4544 
19389 2847 3358 3483 3724 
19390 2941 3435 3742 3807 
19391 2968 3408 3149 4217 
19392 1562 1706 3471 4280 
19393 1418 1173 1419 4262 
19394 24 765 771 4045 
19395 3390 4087 2767 4352 
19396 2412 4486 2611 3896 
19397 3160 4370 3494 4382 
19398 1880 3535 3149 3606 
19399 3571 3732 2859 3748 
19400 3789 4376 230 3613 
19401 285 2203 286 3709 
19402 3123 1359 1200 1198 
19403 1740 3039 3307 4313 
19404 2315 2324 2325 4234 
19405 2554 2393 360 4409 
19406 2947 2948 3709 3735 
19407 869 1332 1183 4208 
19408 1822 3773 1955 3807 
19409 1666 1671 1674 3520 
19410 4488 4536 177 1553 
19411 2450 2448 3536 3836 
19412 1074 1008 1020 4061 
19413 1028 1089 1453 3896 
19414 342 4024 3944 4045 
19415 3118 3730 2549 4324 
19416 2351 4215 2796 4235 
19417 3056 3091 734 3763 
19418 2580 2412 4486 2611 
19419 1544 1546 2838 2964 
19420 2256 3744 3075 3909 
19421 2887 4190 3650 2888 
19422 2135 3642 2129 3647 
19423 2476 3490 2474 3730 
19424 2924 3505 3407 3784 
19425 1850 3391 3344 4229 
19426 3026 3307 3472 3774 
19427 1242 3089 1272 3123 
19428 3120 3930 3305 4354 
19429 988 938 937 4264 
19430 3182 4092 3252 4175 
19431 3008 4220 4125 4381 
19432 2575 2512 2441 3942 
19433 710 4555 145 4034 
19434 1059 1037 1011 4260 
19435 1529 1507 1494 3994 
19436 3535 1881 1878 1880 
19437 1655 1668 1649 3729 
19438 945 1047 868 4012 
19439 2133 2132 2134 4297 
19440 113 1838 4574 2043 
19441 446 436 457 3186 
19442 2469 2470 2468 3989 
19443 70 4450 470 4406 
19444 816 1130 1192 4028 
19445 2599 2475 2478 4158 
19446 2995 3265 3155 3498 
19447 2922 3452 2921 3471 
19448 363 3991 2550 3290 
19449 4338 4181 3299 4199 
19450 1709 3532 3625 3887 
19451 1683 3672 3386 4323 
19452 693 733 573 3368 
19453 2196 3572 3255 3959 
19454 56 4439 386 2917 
19455 750 4452 173 4133 
19456 2753 3320 4076 3085 
19457 937 935 1009 4337 
19458 3879 3501 2908 3845 
19459 511 466 513 3801 
19460 2394 2568 2517 3905 
19461 2967 3919 3341 4198 
19462 2775 4108 3356 4173 
19463 1578 3362 1759 4057 
19464 1094 1117 3455 1290 
19465 1218 995 1153 3309 
19466 1130 1171 4028 4392 
19467 2921 2991 2759 3184 
19468 416 2859 414 2906 
19469 796 4454 805 176 
19470 2802 2769 3270 4038 
19471 3387 3722 2713 4411 
19472 3239 2893 3393 3859 
19473 2670 24 342 4202 
19474 3468 4169 3469 4309 
19475 1075 1130 3605 4392 
19476 4200 4187 3882 2923 
19477 476 501 478 4351 
19478 1289 1287 32 2928 
19479 1984 2049 2050 4348 
19480 220 221 3753 3832 
19481 498 3733 512 3856 
19482 3284 4216 3985 4333 
19483 1262 923 1071 4414 
19484 739 584 583 3107 
19485 3211 4040 4090 2854 
19486 1510 2918 1507 2964 
19487 3582 1941 1935 4311 
19488 3405 4370 3873 4382 
19489 2362 4236 4131 4273 
19490 3786 3886 3104 4193 
19491 897 898 896 3369 
19492 1506 1551 1531 3468 
19493 4458 668 3681 544 
19494 1527 1512 2808 2878 
19495 3209 3898 2176 3142 
19496 3218 3779 3304 4267 
19497 2757 4176 3675 4395 
19498 387 396 428 2758 
19499 146 2342 147 4426 
19500 470 4328 3437 4406 
19501 2903 4121 2960 2745 
19502 1665 1666 1664 4379 
19503 578 2937 738 4389 
19504 1983 3841 3337 4336 
19505 3879 2908 3501 2886 
19506 1338 968 961 4092 
19507 1463 4540 4384 1162 
19508 2740 3718 2984 4388 
19509 2933 3504 3503 4317 
19510 4545 3603 2080 4461 
19511 2865 3388 3078 3566 
19512 1846 1995 1994 4066 
19513 2234 2109 4193 4378 
19514 3297 3400 2855 4153 
19515 2784 3037 2805 4015 
19516 3159 4481 3539 1791 
19517 2971 3720 3799 4074 
19518 3353 4036 3191 2788 
19519 2803 3795 3584 4344 
19520 1014 3854 1219 4039 
19521 1600 1602 3778 4059 
19522 445 381 27 4338 
19523 284 3679 283 3735 
19524 797 3755 747 4023 
19525 3162 3591 3188 4343 
19526 2359 2336 335 2801 
19527 1550 4104 1479 4169 
19528 667 3171 624 3458 
19529 2382 3861 3319 4246 
19530 494 320 525 4273 
19531 4426 2342 147 2793 
19532 1874 3759 1873 4177 
19533 3930 3198 3305 4354 
19534 2844 3167 3585 3820 
19535 511 4540 66 4453 
19536 3456 3769 3559 4072 
19537 2860 2824 3664 4195 
19538 2463 2464 2465 3953 
19539 700 48 49 4485 
19540 2651 323 2671 3563 
19541 2047 3231 1893 3851 
19542 560 4546 4113 4389 
19543 578 577 738 2937 
19544 4096 2398 360 3124 
19545 2216 2261 2250 4277 
19546 3094 3570 2970 3586 
19547 852 850 1466 3927 
19548 393 3856 26 4541 
19549 290 3143 3690 3835 
19550 1272 3123 3089 3917 
19551 478 480 479 4114 
19552 3052 3875 3792 3766 
19553 2924 2852 3505 3784 
19554 700 4485 49 2728 
19555 1090 3982 1361 4413 
19556 3646 4240 3053 4243 
19557 4380 896 1276 940 
19558 944 946 945 4319 
19559 2634 2653 2670 3939 
19560 1505 2724 1515 2963 
19561 3343 3881 3019 4359 
19562 3521 3805 1910 3841 
19563 3029 2724 3366 3596 
19564 2016 3877 3422 4290 
19565 3246 3548 2878 3656 
19566 1007 1003 1002 3869 
19567 1912 1913 1911 3805 
19568 1425 817 3186 3978 
19569 2317 2325 2309 2832 
19570 3189 3120 4275 2782 
19571 1822 1955 2041 3807 
19572 342 3671 341 4024 
19573 3842 4150 4099 4358 
19574 218 4503 3194 3212 
19575 638 2945 720 4225 
19576 3676 2950 2684 4216 
19577 3118 2479 3730 3931 
19578 2933 3727 3503 4219 
19579 542 694 4441 3437 
19580 926 933 914 4301 
19581 4036 998 970 1389 
19582 4485 4491 48 459 
19583 2679 3944 3943 4369 
19584 2750 3020 3317 3979 
19585 3669 3854 1014 4039 
19586 2329 2848 2807 4194 
19587 2785 3116 3713 3949 
19588 1721 228 229 4376 
19589 433 427 386 2749 
19590 4042 3174 2806 4194 
19591 724 4527 549 718 
19592 2876 3481 2956 3819 
19593 4114 481 480 479 
19594 1022 990 973 4201 
19595 3302 3303 2968 3891 
19596 23 323 3935 4197 
19597 27 464 532 4338 
19598 4034 146 2795 2352 
19599 817 3477 3186 4291 
19600 2862 3404 3201 4170 
19601 2908 2922 2921 395 
19602 1971 3460 3220 3916 
19603 2966 3341 2967 3919 
19604 338 339 3838 2650 
19605 864 867 866 3962 
19606 948 947 946 4319 
19607 2283 2085 2095 3306 
19608 3348 3989 2470 4158 
19609 1501 1500 3968 4174 
19610 1432 1162 3998 4384 
19611 1823 1967 272 4332 
19612 1483 2838 2854 2874 
19613 3050 2760 4002 4010 
19614 4390 4342 3479 3425 
19615 1689 3434 3133 3503 
19616 2932 3606 3535 3759 
19617 134 601 4144 4347 
19618 4222 2804 3254 3796 
19619 2320 2807 3762 4195 
19620 694 4441 3437 4406 
19621 3572 3716 3090 3959 
19622 2329 4042 2807 2320 
19623 775 3392 3651 4178 
19624 2805 2848 2313 4194 
19625 2691 3589 3893 3555 
19626 2995 3155 2825 4173 
19627 2641 341 340 3630 
19628 1454 1150 4150 4358 
19629 2589 2559 2587 3645 
19630 773 774 3271 3717 
19631 3025 3721 3373 3964 
19632 1026 1031 1302 3550 
19633 403 404 402 3872 
19634 708 2970 3344 3391 
19635 2329 2320 2807 3762 
19636 2901 3098 1520 2898 
19637 2857 3162 2765 4139 
19638 1728 3585 3820 4165 
19639 2731 3087 2970 4303 
19640 1628 1736 1625 4325 
19641 4554 810 42 793 
19642 2919 3422 3818 3877 
19643 2816 3414 3347 3653 
19644 2791 3034 3151 3870 
19645 4423 1523 2754 3923 
19646 2695 3599 2929 4329 
19647 3585 3660 2965 4165 
19648 2423 3565 3332 3734 
19649 1893 3656 1895 3851 
19650 469 3424 500 4384 
19651 1518 2797 1505 2974 
19652 255 1944 4189 4367 
19653 3640 2899 4393 3081 
19654 835 1088 1271 4026 
19655 1671 3489 1670 4339 
19656 1552 4399 4206 4075 
19657 2493 2500 2492 3958 
19658 2764 3201 3200 4170 
19659 1238 1410 1239 3981 
19660 3648 1991 1990 1995 
19661 3291 4264 3464 4371 
19662 3174 2806 3088 3322 
19663 3971 761 347 346 
19664 2412 4486 211 2580 
19665 2882 2932 3556 3606 
19666 3613 2976 4047 3789 
19667 3247 1920 3246 3757 
19668 2753 3076 4361 4381 
19669 2310 329 2309 3934 
19670 1315 1178 1059 4260 
19671 3263 4183 3629 2817 
19672 904 1333 910 4276 
19673 2251 2085 2283 3306 
19674 2927 3239 2928 3832 
19675 3034 2689 3248 3870 
19676 399 401 412 2913 
19677 4485 680 681 4228 
19678 1217 3309 4084 4305 
19679 2106 2081 2282 4372 
19680 2831 3652 3734 3857 
19681 1919 3131 2031 3821 
19682 3642 3647 2135 3696 
19683 147 2793 2344 4438 
19684 3100 3623 2908 4069 
19685 2492 3608 3736 3958 
19686 2583 3265 3161 3498 
19687 2856 3303 3302 3597 
19688 1358 1124 1343 3842 
19689 4007 3062 2977 4296 
19690 1750 4598 4484 1755 
19691 196 4601 1024 4551 
19692 4553 531 3764 474 
19693 2673 2643 2645 3825 
19694 411 4233 456 4362 
19695 2886 4470 394 2728 
19696 1948 1935 1929 3583 
19697 111 110 1584 4484 
19698 2911 659 3344 3283 
19699 259 3677 1830 4191 
19700 2944 3297 3213 3506 
19701 2961 4100 2819 4153 
19702 2023 3105 3460 3486 
19703 2913 3613 4376 3311 
19704 2708 3762 2885 4195 
19705 1898 3713 1900 3899 
19706 252 1817 251 3743 
19707 1920 1985 1894 4374 
19708 1765 1779 1674 3609 
19709 3333 3811 3563 4070 
19710 3309 3378 4305 4311 
19711 330 2309 329 3542 
19712 2104 2106 3707 4372 
19713 224 1718 1713 3859 
19714 1223 1456 1208 3883 
19715 2763 3303 3231 3149 
19716 1558 225 1713 3859 
19717 2700 3671 2770 3867 
19718 796 4454 176 4536 
19719 2309 2324 3934 4234 
19720 1570 3625 3871 3887 
19721 2974 3102 2797 3594 
19722 2273 2153 2274 4397 
19723 589 675 588 4088 
19724 3633 3668 2747 3719 
19725 2263 2075 2262 4412 
19726 2054 3735 2171 3983 
19727 4034 146 145 553 
19728 448 4532 28 381 
19729 2805 3631 3003 4193 
19730 558 597 2828 3359 
19731 2464 3267 3266 3953 
19732 2787 3169 3234 2813 
19733 2995 3020 2750 3979 
19734 342 4024 4091 4369 
19735 1037 1151 1010 4175 
19736 496 464 497 3595 
19737 779 802 801 3643 
19738 4524 3565 579 581 
19739 4490 2729 429 4434 
19740 310 2917 3426 4293 
19741 4504 155 4573 2616 
19742 3512 3612 2931 3803 
19743 4200 4187 2923 3357 
19744 1372 1316 1132 3699 
19745 2726 2784 3037 3900 
19746 2237 4597 2285 4521 
19747 4456 190 1386 4542 
19748 3624 3712 2729 4211 
19749 2220 2132 2135 3642 
19750 1685 1748 1783 3672 
19751 2761 3122 3109 3780 
19752 2901 3639 2902 3701 
19753 3181 1686 1560 1690 
19754 3311 3412 1723 4285 
19755 990 3204 1344 3963 
19756 2763 3936 3295 4100 
19757 2946 3559 3456 3769 
19758 3050 4010 1018 4068 
19759 3102 3594 3380 4051 
19760 350 349 2570 3546 
19761 2092 3306 3426 3680 
19762 1976 270 1975 3275 
19763 2686 3952 3032 4199 
19764 3456 3559 3013 4072 
19765 1273 4266 1406 4360 
19766 1487 1548 3928 3986 
19767 2242 2164 2167 4155 
19768 1527 2920 1490 2973 
19769 1159 1332 1411 4208 
19770 648 3300 611 3554 
19771 593 2938 556 594 
19772 316 2625 317 3911 
19773 1886 1891 1888 3547 
19774 3032 4179 3529 4268 
19775 638 3447 3003 3631 
19776 2814 3979 3317 2762 
19777 2651 2655 2667 3563 
19778 3752 2927 3170 2926 
19779 1930 1931 1990 4090 
19780 1584 111 4484 4481 
19781 1048 1073 1387 3937 
19782 3486 3547 1987 3877 
19783 3003 3447 2945 3707 
19784 2660 3825 2645 4247 
19785 2225 2074 2227 3868 
19786 2718 3379 3214 4304 
19787 3110 3123 2947 3735 
19788 1885 1887 1962 3149 
19789 4547 536 3681 519 
19790 2741 2957 4350 3365 
19791 2326 4144 4013 4347 
19792 669 4457 96 543 
19793 548 719 725 2820 
19794 3107 737 739 3812 
19795 874 870 872 4284 
19796 3224 3982 3054 4008 
19797 1496 1510 2918 1507 
19798 1962 1818 1934 3891 
19799 3257 3554 735 3771 
19800 3691 3852 3021 4241 
19801 2818 2796 3144 3932 
19802 2520 2515 2501 3700 
19803 3036 4099 3842 4150 
19804 419 432 2759 2768 
19805 417 418 415 2914 
19806 1502 2775 1526 4174 
19807 3613 4047 2976 2975 
19808 2616 4573 4504 4000 
19809 1935 3583 3582 4311 
19810 997 1039 998 4261 
19811 426 386 427 3013 
19812 3092 4032 3568 4135 
19813 1045 1221 1220 4136 
19814 3536 3639 2901 3903 
19815 627 3104 709 3786 
19816 2778 3895 3232 3054 
19817 2633 333 2669 3538 
19818 1409 1345 831 3876 
19819 506 4420 515 63 
19820 725 2820 719 3292 
19821 1026 1302 1379 3550 
19822 1140 825 1380 4226 
19823 2847 3483 4097 4119 
19824 1734 3184 3513 3685 
19825 348 756 758 4070 
19826 3086 4222 3424 3555 
19827 53 4299 4088 437 
19828 3115 3285 3144 4156 
19829 2333 4139 2303 3474 
19830 1465 1407 1181 4010 
19831 3027 4075 3810 4176 
19832 2971 3689 3720 4074 
19833 232 3789 231 4047 
19834 4430 2743 1553 1485 
19835 1194 1313 1362 2869 
19836 396 2908 395 2922 
19837 3272 2971 4211 4291 
19838 1014 1219 1234 4039 
19839 818 1285 1286 3469 
19840 2187 2278 2247 3500 
19841 4527 2305 2828 2315 
19842 2793 2342 3932 2795 
19843 4236 2689 2799 2791 
19844 1707 233 232 4047 
19845 3222 1921 4148 2027 
19846 3302 1962 3303 3891 
19847 4449 1429 1258 4316 
19848 2872 2984 2983 3718 
19849 612 2876 2956 3588 
19850 1583 239 1734 3685 
19851 364 2403 2550 3991 
19852 3781 4111 2395 4335 
19853 3086 3254 4182 4222 
19854 2508 2502 2500 3607 
19855 2858 3316 3894 4147 
19856 1194 4445 187 3986 
19857 866 861 864 3962 
19858 813 4536 3860 796 
19859 110 1584 4484 1755 
19860 2900 3387 4300 4411 
19861 2613 3596 3760 4283 
19862 2557 3864 2598 4071 
19863 4502 4544 3001 2602 
19864 3102 3667 3594 3836 
19865 1908 1909 1907 4346 
19866 3112 3482 2433 3715 
19867 2085 4580 3306 2286 
19868 2624 2402 3432 3760 
19869 2035 3297 3597 3598 
19870 470 4441 518 70 
19871 4535 3622 458 4259 
19872 283 284 2062 3679 
19873 229 230 1579 4376 
19874 471 78 536 4458 
19875 2974 2902 2907 1521 
19876 409 2859 416 2873 
19877 3737 3993 3524 4278 
19878 2653 346 345 3971 
19879 1471 939 1214 3834 
19880 1529 1545 1546 4176 
19881 3414 3653 2884 3816 
19882 1211 4220 3008 4221 
19883 2919 1535 2730 1514 
19884 1279 3284 1387 4058 
19885 412 449 3006 3294 
19886 2658 2652 2631 3502 
19887 1742 4279 4018 4357 
19888 3519 4544 2574 3001 
19889 1968 3151 3487 4308 
19890 1405 1153 1155 3485 
19891 3458 2439 2519 2579 
19892 1091 3561 920 4276 
19893 1703 3417 1704 4280 
19894 2899 2742 3956 2705 
19895 4539 805 4454 175 
19896 741 774 808 3271 
19897 2850 3040 3910 4190 
19898 2731 3564 2881 4303 
19899 2179 2236 2280 3545 
19900 348 758 347 4070 
19901 2214 3516 3973 4244 
19902 2937 3565 3541 3857 
19903 4459 517 68 535 
19904 2384 2529 2509 3667 
19905 1323 1009 1288 4337 
19906 3102 3380 2834 4051 
19907 228 3708 3884 4376 
19908 29 441 4455 448 
19909 1211 3500 3008 4220 
19910 848 851 1229 3662 
19911 2813 3824 4046 4140 
19912 933 934 1050 4394 
19913 3130 4028 3491 4106 
19914 2914 3613 3251 3884 
19915 2756 2965 2879 4253 
19916 1398 1361 1090 3982 
19917 1539 1487 1516 4133 
19918 1344 990 1022 3204 
19919 3006 3170 3229 3741 
19920 4307 756 760 791 
19921 727 4550 699 563 
19922 1623 4018 3417 4357 
19923 2627 2635 2637 4053 
19924 2916 3104 3525 3680 
19925 641 4425 658 118 
19926 506 4420 63 4537 
19927 2908 3845 3623 3879 
19928 982 3843 981 3997 
19929 1527 2808 1514 2919 
19930 1091 992 920 3561 
19931 2360 2338 2356 2830 
19932 2064 2215 3769 3973 
19933 2071 2219 2261 4277 
19934 1770 1724 3411 4282 
19935 4489 560 4389 4546 
19936 1624 1625 1626 4326 
19937 2505 2532 3342 3785 
19938 3519 4499 2580 4544 
19939 3622 4259 751 4365 
19940 2696 3126 4104 4169 
19941 4484 1750 1584 3159 
19942 2976 3532 2975 4047 
19943 3257 3637 3554 4188 
19944 2653 345 2670 4202 
19945 544 650 668 3681 
19946 1025 4416 1016 1017 
19947 330 2631 331 3444 
19948 2038 1850 1840 3391 
19949 2217 3650 3262 3788 
19950 3370 3740 3044 4212 
19951 3281 4330 3164 4353 
19952 404 405 406 3767 
19953 155 4573 2616 2411 
19954 3069 3448 2781 4017 
19955 2716 3893 3589 3555 
19956 2044 2007 4494 3554 
19957 3337 3870 3023 4396 
19958 1057 1402 1056 3602 
19959 322 769 23 3717 
19960 4539 805 175 740 
19961 3296 1827 1855 276 
19962 2180 2233 3711 4415 
19963 1622 3202 3201 4326 
19964 2967 3654 3326 4198 
19965 3079 3751 2766 3812 
19966 3237 3533 2692 4161 
19967 1005 1065 1004 3500 
19968 1687 1690 1686 3946 
19969 2886 4470 2728 2876 
19970 2958 3105 2843 3486 
19971 1081 1128 1080 3624 
19972 446 3186 3477 4233 
19973 2856 3936 2961 4153 
19974 2353 2793 2342 3932 
19975 4141 4366 3102 2743 
19976 4524 3565 581 3332 
19977 324 3579 2630 4391 
19978 3056 4293 3457 4372 
19979 2819 2961 2709 4100 
19980 1849 1815 1848 4229 
19981 2135 2230 2250 3696 
19982 1464 1089 1172 3674 
19983 1491 1492 1490 2973 
19984 2365 3643 2335 343 
19985 3106 3119 2829 4363 
19986 3045 3046 3837 4143 
19987 1238 1280 1410 3981 
19988 874 888 889 4284 
19989 684 3205 617 685 
19990 2837 2995 3498 4025 
19991 1206 3355 3545 1129 
19992 2242 4155 3961 3142 
19993 2153 2149 2150 3951 
19994 3386 4552 4477 587 
19995 1669 1701 1794 4341 
19996 4421 1141 3049 4226 
19997 2920 3759 3535 3658 
19998 2634 2670 342 3939 
19999 2771 4287 3954 4354 
20000 211 1082 4499 4486 
20001 415 2894 449 2913 
20002 3509 3985 2900 4411 
20003 2558 3399 3253 3864 
20004 395 2908 2886 2921 
20005 2942 2943 426 3013 
20006 472 3210 475 60 
20007 3675 4176 3027 4395 
20008 2488 3225 3653 3816 
20009 4168 3852 3537 2687 
20010 1800 1804 1638 4313 
20011 367 2396 368 4404 
20012 3608 3700 2492 3736 
20013 3390 4124 4087 4352 
20014 1913 3805 3222 4055 
20015 2323 4013 2326 4144 
20016 232 231 1710 4047 
20017 429 455 384 2729 
20018 2616 2569 4573 4000 
20019 771 765 770 4045 
20020 3814 4051 2700 4141 
20021 3470 1731 3871 3887 
20022 169 1388 4460 4419 
20023 2740 2984 2948 4388 
20024 2747 3719 4192 4205 
20025 795 747 97 4023 
20026 1658 1656 1660 3922 
20027 2535 2496 2607 4001 
20028 53 4299 437 54 
20029 1919 3140 3131 3821 
20030 3810 4075 1545 4176 
20031 1646 3729 1763 4386 
20032 1920 3757 1985 4374 
20033 2314 2322 2806 4015 
20034 1508 1528 1522 4087 
20035 1795 4110 1676 4402 
20036 1977 1978 1823 3657 
20037 2547 3760 2624 3785 
20038 955 957 1230 3615 
20039 4484 1584 1750 1755 
20040 3123 3679 2948 3735 
20041 2638 3206 2640 3913 
20042 325 3451 2660 4247 
20043 2484 2486 2527 3653 
20044 4424 4106 743 4028 
20045 3161 3611 3198 4025 
20046 2950 2781 3722 4216 
20047 4405 2520 2416 2419 
20048 557 703 3328 731 
20049 3566 3490 2475 3931 
20050 2615 20 210 4483 
20051 3258 3461 2981 3692 
20052 3034 3151 3870 4396 
20053 2678 3972 4252 4330 
20054 4459 4575 4329 535 
20055 1300 4416 4373 4526 
20056 325 2813 324 4391 
20057 3519 4544 3001 1305 
20058 4483 3896 3546 1029 
20059 2615 4548 349 20 
20060 147 2344 2793 2342 
20061 2208 3697 3692 3787 
20062 958 959 960 3176 
20063 4170 4171 3474 4410 
20064 3113 3914 3336 4212 
20065 2454 2451 2457 3649 
20066 929 917 928 3794 
20067 3066 3452 3417 4357 
20068 1897 3117 3287 3656 
20069 2868 3693 2796 4235 
20070 2856 3597 3297 3598 
20071 3764 4210 2991 2728 
20072 4188 4177 3612 3172 
20073 2469 2605 2472 3966 
20074 4483 1028 1029 210 
20075 2935 4093 3148 2779 
20076 4461 3500 4448 1006 
20077 2865 2816 3928 1511 
20078 1944 3807 3435 4367 
20079 1525 2757 3129 2838 
20080 2849 3067 3798 4119 
20081 3333 4070 3971 4307 
20082 2898 3734 3652 3847 
20083 3411 3585 3167 3920 
20084 607 2911 3283 659 
20085 1467 3500 1211 4220 
20086 2691 4222 3589 3555 
20087 1994 1835 2034 3655 
20088 448 4532 381 3595 
20089 2742 3784 3852 2705 
20090 2904 2775 3118 3414 
20091 1592 1566 3833 4127 
20092 1948 3582 3583 3821 
20093 708 2911 3344 2970 
20094 3645 3781 2587 4335 
20095 2978 3511 3472 3871 
20096 4581 1170 1297 3274 
20097 1742 1702 1563 4357 
20098 945 947 1238 4319 
20099 451 383 450 4077 
20100 2558 3253 3399 3649 
20101 3452 3845 1702 4357 
20102 1998 249 2042 4084 
20103 1348 830 2934 3129 
20104 2886 3534 3501 3879 
20105 2748 2850 3065 4102 
20106 2974 2902 1521 2901 
20107 2320 3762 2330 4195 
20108 2859 4190 414 4227 
20109 3310 3863 2951 4030 
20110 2736 2989 3688 2813 
20111 470 4441 70 4406 
20112 2880 3355 3711 4095 
20113 3726 3882 2923 4200 
20114 2002 1993 2037 3485 
20115 2850 3567 3040 4190 
20116 823 3675 1370 4322 
20117 2104 2103 2106 4372 
20118 1506 1498 1500 4056 
20119 2866 3379 3214 3793 
20120 1623 3417 1703 4357 
20121 2203 2205 2068 4312 
20122 1197 1421 185 4104 
20123 2744 4259 3622 4365 
20124 2747 4003 3084 4112 
20125 734 637 635 3091 
20126 2615 4548 3546 349 
20127 656 4594 3306 121 
20128 3706 4027 4359 3343 
20129 1214 1329 1165 3834 
20130 50 566 612 2956 
20131 2931 3283 2911 3570 
20132 3041 3792 3981 3766 
20133 3105 4032 3058 3275 
20134 2339 2347 151 3977 
20135 4482 4577 203 2284 
20136 884 1317 941 3950 
20137 2907 2963 2833 3267 
20138 4545 4461 208 1356 
20139 1358 3842 1283 4358 
20140 1477 1557 1517 3321 
20141 4482 203 19 2284 
20142 3362 3708 3294 4057 
20143 1812 4156 273 4332 
20144 2917 3680 3525 3758 
20145 2569 2616 4573 2411 
20146 245 3819 246 3833 
20147 2666 2652 2658 3502 
20148 1750 4598 1784 3359 
20149 4182 488 486 487 
20150 2183 3711 3349 4286 
20151 2038 1834 1999 3344 
20152 733 4298 4299 538 
20153 4449 163 4004 752 
20154 3311 3362 2839 4285 
20155 2790 4311 3721 3582 
20156 2842 2849 3798 4119 
20157 4449 1429 4316 4004 
20158 561 4468 698 12 
20159 1839 4551 196 4472 
20160 2450 3536 3790 3836 
20161 2587 3645 3644 3781 
20162 766 770 3944 4237 
20163 1058 1364 1303 3727 
20164 2818 3144 3115 3932 
20165 2819 2855 3400 4153 
20166 3362 3926 1759 4057 
20167 3477 3906 2971 4211 
20168 1581 234 1728 3820 
20169 4485 4491 4228 681 
20170 2926 2927 2773 3813 
20171 2887 3090 3572 3716 
20172 4523 1251 1156 1250 
20173 3187 2794 3703 4400 
20174 3679 4451 4388 3233 
20175 3614 1906 1904 1905 
20176 1422 1420 1029 3546 
20177 1253 1398 1090 3982 
20178 1257 1429 4004 4316 
20179 2964 3515 2918 3947 
20180 3849 1695 1620 3768 
20181 2087 3242 3233 4145 
20182 331 2318 2811 3918 
20183 3305 3611 3198 4404 
20184 304 2200 305 4072 
20185 2937 2711 3260 4183 
20186 3303 2856 3598 3597 
20187 1872 3341 3919 4198 
20188 3220 3568 3213 4214 
20189 2595 3225 3141 3958 
20190 145 146 4034 2352 
20191 2753 4014 3008 4221 
20192 3303 3851 3231 2047 
20193 3348 2504 2609 2468 
20194 2554 361 2552 4409 
20195 1931 1935 1992 4040 
20196 4482 2236 281 3917 
20197 2953 3781 3645 4335 
20198 2353 2344 2342 2793 
20199 2872 3617 3603 4125 
20200 2719 2881 2968 4217 
20201 2055 2266 2265 3959 
20202 2862 2857 3404 4170 
20203 2507 2532 2391 4270 
20204 4095 4415 3455 3355 
20205 317 2625 2654 3911 
20206 1884 3486 3877 4290 
20207 4182 486 488 22 
20208 2933 3834 3504 4317 
20209 929 3794 928 4334 
20210 1837 3309 1993 4311 
20211 2360 2349 2335 3629 
20212 3334 3700 2846 3736 
20213 665 4474 711 4225 
20214 3398 1782 1738 3941 
20215 3317 2762 4096 4109 
20216 1717 1759 1720 3926 
20217 2143 2218 2221 3749 
20218 2764 2862 4170 4171 
20219 4455 4553 3764 441 
20220 2980 2981 3692 4005 
20221 2833 2963 1504 3014 
20222 4482 2236 2284 281 
20223 584 3107 4254 4323 
20224 2688 3558 3078 3928 
20225 3512 3759 3172 4177 
20226 3138 1728 1729 235 
20227 2931 3612 3283 3803 
20228 1462 2928 3194 1287 
20229 3198 3305 2783 4025 
20230 19 281 4482 2284 
20231 3289 3498 2995 3581 
20232 3503 3504 3133 4317 
20233 2205 2182 2167 4048 
20234 4482 4577 1446 203 
20235 2689 3870 2791 3254 
20236 1532 4087 1508 1534 
20237 258 2012 1830 3677 
20238 2613 3760 3596 4256 
20239 3239 449 447 2894 
20240 3013 3456 2946 3559 
20241 2847 3358 3724 4321 
20242 2281 2090 2187 3603 
20243 2182 3961 2167 4048 
20244 1117 3355 1212 4095 
20245 382 45 452 4349 
20246 477 3995 3815 4351 
20247 2938 719 3292 556 
20248 3481 3833 3623 2956 
20249 3022 2853 3553 3676 
20250 1612 1607 1741 3751 
20251 434 4077 451 450 
20252 2819 3400 2961 4153 
20253 2216 2250 3065 4277 
20254 238 3471 3470 3685 
20255 492 314 21 3678 
20256 524 471 3681 4157 
20257 1314 1197 2871 4104 
20258 1801 1690 3434 4402 
20259 264 1826 265 4308 
20260 2011 1872 1970 3919 
20261 2818 3276 3092 3955 
20262 2900 4300 3865 4411 
20263 2570 350 3546 3992 
20264 4548 1105 4480 20 
20265 3348 3366 2724 3596 
20266 1887 1886 1888 3548 
20267 1525 2757 2838 1546 
20268 4115 4564 1840 3391 
20269 1155 1153 1154 2929 
20270 3147 3398 1669 3941 
20271 449 2927 430 3006 
20272 1504 2865 1511 2904 
20273 483 504 514 3866 
20274 564 3458 3627 2999 
20275 2033 1966 1922 4067 
20276 3127 4160 3593 4320 
20277 4481 111 112 1752 
20278 3110 3735 3709 4288 
20279 1376 1312 1378 3230 
20280 48 681 2 4491 
20281 518 3437 474 4228 
20282 2514 351 2410 3992 
20283 1709 1804 1800 3625 
20284 2087 2090 3242 4145 
20285 2876 654 3093 3578 
20286 2361 2334 2351 3693 
20287 4066 4487 1994 3655 
20288 2703 3474 3437 4328 
20289 1550 1524 1479 4104 
20290 2520 2417 2515 3700 
20291 2063 300 2223 4078 
20292 347 2655 348 4070 
20293 2773 3170 2982 3229 
20294 760 781 762 4307 
20295 1884 2016 2020 4290 
20296 3008 4125 3209 4381 
20297 664 649 544 4157 
20298 738 2937 736 4389 
20299 2634 3939 342 4091 
20300 3017 4083 3394 3235 
20301 2617 3171 2519 3458 
20302 3074 3511 3184 4294 
20303 2329 4042 2320 2304 
20304 112 4481 1752 1799 
20305 676 728 103 4437 
20306 2602 2567 2574 3001 
20307 1577 1803 1715 3600 
20308 516 512 472 3238 
20309 2958 4235 2799 4236 
20310 782 814 776 4237 
20311 2329 2321 2302 3762 
20312 338 4007 337 3062 
20313 3162 2765 3591 4343 
20314 2215 306 2064 3769 
20315 2887 4190 2888 409 
20316 3437 4328 3474 4406 
20317 795 3622 797 4023 
20318 3132 3733 3440 4351 
20319 4485 4491 681 48 
20320 2974 2902 2901 3043 
20321 797 3755 3622 4365 
20322 2316 4144 2326 4347 
20323 2877 3882 3473 3883 
20324 2920 3535 3759 2932 
20325 3334 2417 3553 4405 
20326 4489 560 4546 154 
20327 2018 2031 1933 3745 
20328 2874 3222 2838 3406 
20329 2809 3842 3036 4099 
20330 2698 3869 3718 4316 
20331 3440 476 3733 3210 
20332 1104 2926 1293 4373 
20333 3512 3556 2932 3759 
20334 1216 1108 1385 3133 
20335 2753 3869 4221 4381 
20336 297 2268 296 3716 
20337 1022 1474 1118 3655 
20338 2094 3264 2098 2109 
20339 2919 2973 3548 3818 
20340 3087 3634 3115 4303 
20341 3008 4221 4220 4381 
20342 1522 1501 1508 4087 
20343 3569 2469 3266 2467 
20344 3056 3457 3282 4372 
20345 2736 2989 3687 3688 
20346 2623 2622 2381 3581 
20347 2308 2322 2323 4015 
20348 2473 3989 3490 4158 
20349 2362 22 333 4273 
20350 720 638 634 2945 
20351 2480 3347 3566 3931 
20352 1393 1325 1034 4142 
20353 2187 4461 2247 2080 
20354 465 4513 4572 2294 
20355 2178 2183 2171 3983 
20356 1614 1784 1685 3885 
20357 2900 3865 3509 4411 
20358 617 4525 652 3205 
20359 2861 2802 3143 3690 
20360 2078 2271 3571 3338 
20361 2717 3834 3504 4033 
20362 1989 1945 1940 3637 
20363 1446 4482 1445 3545 
20364 2955 3876 3433 4077 
20365 3083 3863 3962 4030 
20366 1944 3435 1832 4189 
20367 3368 4298 2749 4299 
20368 2080 2281 2187 3603 
20369 840 839 841 4203 
20370 2319 2766 2328 4171 
20371 1505 1503 2907 2963 
20372 349 4548 3546 4262 
20373 1348 2934 1267 3655 
20374 1106 1376 1449 3226 
20375 3311 2839 3412 4285 
20376 3108 3202 2811 2756 
20377 651 3300 3047 4037 
20378 3926 3941 2772 4062 
20379 1180 1112 1179 4383 
20380 2401 2585 357 4258 
20381 1548 2846 2816 3928 
20382 220 1560 221 3832 
20383 367 368 2533 3930 
20384 3439 3837 3282 4143 
20385 898 1318 940 3369 
20386 3242 4145 2984 4388 
20387 2851 3784 4168 4344 
20388 1868 1858 2003 3803 
20389 2331 314 2303 4328 
20390 128 4572 127 2294 
20391 492 314 3678 4328 
20392 2294 128 4572 2288 
20393 4572 509 465 2294 
20394 3133 3727 3503 4317 
20395 1909 3947 3515 4055 
20396 1091 920 1333 4276 
20397 2630 324 2651 3579 
20398 745 753 3661 4408 
20399 284 3728 3679 3735 
20400 2063 3576 3255 4078 
20401 2436 3652 2422 3734 
20402 31 4583 4226 460 
20403 3050 3896 3674 4257 
20404 2816 2863 2884 3225 
20405 760 3971 4070 4307 
20406 965 974 967 4118 
20407 2187 4461 2080 3603 
20408 2674 3791 3723 4185 
20409 4572 509 2294 2288 
20410 517 4561 469 4384 
20411 2844 2976 3167 3820 
20412 2660 325 2630 3451 
20413 2506 2487 2588 3095 
20414 789 775 793 3651 
20415 1457 1347 818 3469 
20416 459 391 4485 4228 
20417 3004 3330 2942 3453 
20418 3107 3672 3591 4323 
20419 3220 266 1828 4310 
20420 2215 2064 2214 3973 
20421 362 2404 2552 3290 
20422 2683 3925 4162 4242 
20423 222 3670 3239 3741 
20424 3128 3521 3131 3745 
20425 710 721 664 4034 
20426 511 500 469 3424 
20427 4462 1384 192 1443 
20428 897 896 4129 3369 
20429 2998 4118 3706 4161 
20430 830 1267 1348 2934 
20431 2850 2888 3650 4190 
20432 4513 127 4572 2294 
20433 2958 2843 2949 3247 
20434 710 4555 561 145 
20435 3294 3859 3006 3858 
20436 1524 1550 2884 4021 
20437 2896 3999 3829 4246 
20438 760 347 758 4070 
20439 2846 1549 1548 2816 
20440 2182 2176 2242 3142 
20441 2775 4173 3356 4174 
20442 3860 4366 4141 2743 
20443 620 4481 662 3539 
20444 2986 4110 3503 4402 
20445 2942 3330 3461 3761 
20446 3641 4001 3122 4093 
20447 3303 1887 1892 3231 
20448 2233 2180 3711 4286 
20449 2516 3443 3715 3836 
20450 301 2202 302 3761 
20451 1370 1301 1267 3675 
20452 3066 4018 4279 4357 
20453 4260 4304 2840 3497 
20454 929 4010 3794 4068 
20455 3215 3487 3151 4308 
20456 2205 2203 2204 4288 
20457 1972 2039 2032 3916 
20458 423 424 390 2744 
20459 769 774 3717 4365 
20460 3624 4211 2729 4356 
20461 1280 947 949 3792 
20462 2855 2702 4003 4205 
20463 2967 3654 3658 4403 
20464 1234 1103 1459 4039 
20465 457 4478 36 446 
20466 1457 818 4467 3469 
20467 4511 742 4571 2367 
20468 2899 3956 2742 4062 
20469 505 499 537 3796 
20470 1136 1002 1377 3996 
20471 2518 2519 3171 3783 
20472 2785 3713 3153 3949 
20473 2698 4004 3661 4316 
20474 1092 1179 1112 3889 
20475 789 752 3661 4004 
20476 3664 2330 2320 323 
20477 3232 3895 2858 3054 
20478 1489 1482 1490 2931 
20479 2322 2314 2323 4015 
20480 3096 3118 2775 3414 
20481 3274 3434 1688 3946 
20482 3173 4052 3704 4239 
20483 3035 4055 3805 4346 
20484 2318 3918 332 4410 
20485 1683 3386 3672 1783 
20486 2942 3453 3330 3761 
20487 524 519 495 3855 
20488 4566 1024 1395 18 
20489 383 3876 450 4077 
20490 3569 2464 3953 2465 
20491 2346 149 4422 150 
20492 3990 3062 3374 4398 
20493 2504 2621 3366 4283 
20494 356 2591 2401 4258 
20495 2956 3588 2876 3819 
20496 828 1313 1355 3134 
20497 3258 2942 3461 3761 
20498 1767 1723 3412 4285 
20499 395 2921 432 2922 
20500 2884 3225 3141 3816 
20501 327 2629 328 3427 
20502 2710 3799 3798 3910 
20503 2786 3444 331 4295 
20504 4221 4315 4014 3008 
20505 151 548 600 3977 
20506 591 732 91 4352 
20507 571 590 540 3923 
20508 2771 3671 2883 4024 
20509 1032 1030 1364 3313 
20510 3547 3548 1886 3877 
20511 2727 2953 2890 4340 
20512 2817 3263 3189 3629 
20513 2156 2195 2160 3873 
20514 2615 4548 20 4483 
20515 3239 2893 3859 2894 
20516 933 4301 934 4394 
20517 3348 3388 2499 3596 
20518 1511 2865 1516 3928 
20519 2937 3541 2938 3830 
20520 498 532 464 4338 
20521 2595 3141 2590 3958 
20522 2906 416 2861 454 
20523 3525 3758 2097 4240 
20524 1643 1645 1644 4393 
20525 2687 3584 3795 4344 
20526 3010 3829 3999 4246 
20527 1013 989 1012 4371 
20528 1735 1638 1632 3774 
20529 982 3997 995 4305 
20530 398 402 438 4130 
20531 1360 1147 986 4334 
20532 1509 2884 2775 2904 
20533 1122 1042 1278 4320 
20534 2393 4375 360 4409 
20535 93 92 564 3098 
20536 1731 1790 1781 3871 
20537 3503 3727 2933 4317 
20538 3515 4055 3035 4346 
20539 1265 853 856 3756 
20540 450 3186 436 3331 
20541 3042 4052 3438 4239 
20542 2167 4048 3961 4155 
20543 4470 613 2728 2876 
20544 2892 2893 2780 4172 
20545 2209 2208 2207 3692 
20546 2652 3364 332 4295 
20547 1578 3708 3362 4057 
20548 322 23 2330 3717 
20549 959 3182 4092 3176 
20550 1520 2743 1518 2901 
20551 4553 3764 441 4228 
20552 2853 3676 2734 3937 
20553 4571 143 144 2367 
20554 3044 4061 3370 4414 
20555 3095 2884 3141 3816 
20556 1752 1799 4481 3539 
20557 3591 4041 3188 4343 
20558 3294 3345 226 3708 
20559 2877 3473 3882 4200 
20560 2488 3141 3225 3816 
20561 1182 882 1363 4272 
20562 2156 3873 2160 4382 
20563 477 3815 476 4351 
20564 2641 2642 2634 4255 
20565 3278 3452 3471 4280 
20566 3557 377 3659 376 
20567 1616 1609 1610 4345 
20568 2879 1704 3417 3901 
20569 1730 1802 1637 3660 
20570 633 3631 638 632 
20571 3330 3453 3004 4078 
20572 496 492 482 3678 
20573 462 3392 444 4349 
20574 4571 2375 143 2367 
20575 231 3613 1559 4047 
20576 241 242 1563 3845 
20577 739 584 3107 4254 
20578 2307 2311 2327 3754 
20579 1635 1778 1785 4269 
20580 3474 4170 4139 4171 
20581 3294 1716 3600 4057 
20582 429 39 389 3123 
20583 2402 2547 2546 3760 
20584 3034 3215 3151 4308 
20585 1154 1334 1155 2929 
20586 3111 4107 3943 4369 
20587 3715 3536 2448 3836 
20588 2356 2348 2360 2830 
20589 3222 1921 2027 1913 
20590 2938 3659 3557 3830 
20591 1807 2010 257 4223 
20592 2618 216 20 4480 
20593 173 174 4435 1539 
20594 2630 3451 325 4391 
20595 331 2811 2786 3918 
20596 3762 2332 2321 2302 
20597 1340 931 1000 3985 
20598 2093 2092 2060 3680 
20599 564 3458 2999 667 
20600 764 3944 24 4202 
20601 2793 3932 3115 2795 
20602 253 254 1832 4189 
20603 3027 3810 3628 4176 
20604 3540 4192 2856 4377 
20605 786 4571 742 2367 
20606 3628 3027 4176 4395 
20607 2094 2234 2093 4378 
20608 158 4525 2576 159 
20609 1312 1376 215 4463 
20610 2514 2382 352 3861 
20611 3137 3752 2926 3778 
20612 1181 1018 1465 4010 
20613 2230 2129 2127 3647 
20614 3300 4494 611 3554 
20615 572 538 2916 4298 
20616 2626 2655 347 4070 
20617 3970 4093 3641 3109 
20618 2926 3753 3778 3752 
20619 4463 1308 1312 3230 
20620 1435 1132 1316 3699 
20621 3474 313 2303 2333 
20622 1107 4456 1108 3727 
20623 2785 2949 3116 3949 
20624 298 2071 299 3788 
20625 2944 3297 2855 4192 
20626 2669 333 22 4182 
20627 2334 2361 2352 3693 
20628 389 2740 4388 442 
20629 2630 2651 2657 4060 
20630 2724 3366 3348 3569 
20631 1927 1983 1906 3841 
20632 1592 3588 3539 3833 
20633 2842 3338 2849 4119 
20634 2242 2176 3898 3142 
20635 2842 3338 2906 4227 
20636 4437 343 779 4113 
20637 1517 1547 3321 4141 
20638 3709 3728 285 3735 
20639 3200 3202 2811 3203 
20640 446 436 3186 4233 
20641 3426 3892 311 4293 
20642 595 3171 3292 4000 
20643 3283 3570 2931 3803 
20644 936 1245 934 4394 
20645 301 3330 3453 3761 
20646 2575 2441 3847 3942 
20647 3118 3414 2481 3931 
20648 423 422 424 2744 
20649 2014 3422 3654 4290 
20650 305 3769 3456 4072 
20651 502 77 471 4157 
20652 1476 3957 1513 4151 
20653 3041 3510 4012 4319 
20654 1558 1714 1768 3695 
20655 2617 2579 2578 3458 
20656 340 2348 2341 2783 
20657 144 4511 4571 2367 
20658 2626 346 2653 3971 
20659 3009 3611 2890 3864 
20660 2914 3345 2913 3708 
20661 897 895 1236 4129 
20662 2316 2323 2326 4144 
20663 3583 2874 2929 3211 
20664 1989 1867 1945 4188 
20665 3768 2991 3188 3534 
20666 3459 3487 2949 3757 
20667 2974 3536 3594 3790 
20668 3180 3181 2780 3393 
20669 3073 3352 3694 4251 
20670 2360 2350 2338 2817 
20671 4465 104 695 545 
20672 714 607 87 2930 
20673 562 582 554 3812 
20674 44 444 4433 4349 
20675 4197 759 757 755 
20676 3229 3858 3741 1576 
20677 1015 1336 1442 3669 
20678 3332 4525 3205 652 
20679 1116 1319 1036 4150 
20680 1802 3660 3377 4082 
20681 2260 2222 303 3831 
20682 2343 4231 2355 4232 
20683 2726 2784 3900 4144 
20684 3265 3498 2539 4401 
20685 2753 4221 3008 4381 
20686 3229 1715 1576 1794 
20687 313 470 4328 523 
20688 1813 1940 277 3725 
20689 2618 4262 2414 4263 
20690 231 232 1580 3789 
20691 1413 1129 1212 3355 
20692 1665 1663 3531 4379 
20693 2644 2650 2647 4137 
20694 3527 3958 3141 4021 
20695 2816 2884 3414 3653 
20696 2785 3153 2987 3949 
20697 2796 3058 3275 4235 
20698 1121 1122 1326 4320 
20699 1913 3140 3222 3805 
20700 1535 2920 2919 4403 
20701 1113 1240 1292 4331 
20702 649 647 648 2889 
20703 2839 3311 2913 3362 
20704 613 655 679 3093 
20705 2883 2771 3249 3432 
20706 2772 3941 3926 4057 
20707 2084 2280 2236 3545 
20708 1489 4427 1482 2931 
20709 776 799 740 3384 
20710 1539 4435 173 4133 
20711 4571 786 2375 2367 
20712 2007 2044 1946 3554 
20713 4496 280 2046 9 
20714 315 2656 316 4114 
20715 2876 3578 3093 3819 
20716 2423 3332 2424 3734 
20717 1661 1717 1720 3941 
20718 3265 3007 2833 2825 
20719 2913 3362 3311 4376 
20720 4206 832 183 4549 
20721 983 1143 1309 4009 
20722 2821 2745 3090 3827 
20723 1022 3204 990 4201 
20724 4493 977 1395 4098 
20725 2726 2980 2909 4005 
20726 2857 4210 2991 4213 
20727 1494 1493 1495 4100 
20728 1524 1484 186 2863 
20729 4503 1168 3212 4373 
20730 1895 1897 1928 3851 
20731 1342 4440 1197 1195 
20732 3063 3124 2694 3979 
20733 4519 129 130 2291 
20734 1681 1564 1684 4041 
20735 1512 2785 1513 3957 
20736 163 826 1429 4004 
20737 4504 3541 4000 593 
20738 3330 3761 302 3831 
20739 1492 2709 1496 2878 
20740 3036 4101 4099 4150 
20741 2823 4199 3032 4268 
20742 4480 4563 1106 4263 
20743 1527 2919 1535 2920 
20744 1921 2027 2041 4148 
20745 4519 509 2291 508 
20746 2967 2730 2868 3097 
20747 3105 4032 3275 1975 
20748 1151 4175 1037 4360 
20749 3265 2605 3266 4401 
20750 3303 3851 2047 3598 
20751 1014 1012 1219 3854 
20752 2664 2634 2642 4255 
20753 2679 3943 3944 4237 
20754 3458 4584 3171 624 
20755 2570 2611 2565 3896 
20756 748 779 801 4113 
20757 4519 509 4501 2291 
20758 1177 1164 4505 3485 
20759 4469 812 171 794 
20760 2662 2648 2640 3913 
20761 4380 896 940 3369 
20762 2851 3055 3784 4344 
20763 1114 1243 1146 3823 
20764 674 590 571 3923 
20765 2568 2427 2517 3905 
20766 3121 4050 3669 4142 
20767 1716 3294 3708 4057 
20768 453 442 392 2740 
20769 818 183 4206 1455 
20770 2460 3626 2459 3953 
20771 2505 2621 2547 4283 
20772 1310 1104 1103 2926 
20773 2938 3541 3292 3830 
20774 2504 2609 2551 3596 
20775 3929 3334 3109 3022 
20776 2064 2174 2253 3837 
20777 3091 634 636 635 
20778 1843 1947 1846 4031 
20779 2981 4072 3013 3646 
20780 564 3098 2999 3627 
20781 1549 2863 1524 2884 
20782 2067 2250 2249 3065 
20783 76 502 4506 4468 
20784 2492 2489 2491 3736 
20785 2054 3983 2183 4288 
20786 129 4519 4501 2291 
20787 615 3205 706 3098 
20788 2441 2431 2575 3847 
20789 4518 2368 141 142 
20790 999 916 942 3933 
20791 528 463 495 3636 
20792 3119 3644 2954 4363 
20793 4206 183 832 1455 
20794 334 2633 2635 3538 
20795 354 2522 2397 3829 
20796 1117 1212 1099 4095 
20797 3008 4125 3500 4184 
20798 1526 1502 1509 2775 
20799 2140 2138 2139 3988 
20800 2690 3810 3710 3994 
20801 2355 3977 2339 4232 
20802 3287 1901 1899 1926 
20803 727 4550 97 699 
20804 4307 756 791 3811 
20805 1800 3625 1804 4313 
20806 4480 4563 216 1106 
20807 790 764 762 4202 
20808 2104 2106 2107 3707 
20809 794 170 4469 3938 
20810 1360 928 1294 4334 
20811 3300 4494 3554 2044 
20812 2865 2816 1511 2904 
20813 2948 2984 3679 4388 
20814 2728 3764 3437 4228 
20815 1695 1617 1610 3163 
20816 1938 3658 1874 4177 
20817 1454 1319 1124 4150 
20818 3521 3841 1932 4336 
20819 3168 3993 3737 4278 
20820 3076 2753 4076 3085 
20821 2588 2503 4109 3095 
20822 3081 3640 3529 4393 
20823 3209 4014 3142 4184 
20824 3091 3763 3056 4372 
20825 2615 2570 349 3546 
20826 489 499 505 3796 
20827 3398 1782 3941 4057 
20828 260 1821 259 3924 
20829 1080 3624 1128 4356 
20830 4498 785 4518 2368 
20831 592 3359 3079 3885 
20832 2953 2954 3781 4363 
20833 646 4510 611 3300 
20834 2744 3046 3573 2885 
20835 647 3047 651 3300 
20836 2184 3455 2185 4415 
20837 2768 2737 4199 4338 
20838 3472 3307 3039 4313 
20839 1123 1419 1173 4262 
20840 3789 4376 3613 3311 
20841 2069 2097 308 3758 
20842 1216 1108 3133 4317 
20843 3139 3608 2562 3001 
20844 2555 2503 2483 4281 
20845 4498 785 2368 786 
20846 1920 3246 3757 4374 
20847 2325 2324 2309 4234 
20848 2880 3711 3355 4286 
20849 3928 3929 3134 3986 
20850 1323 1324 1351 3978 
20851 1848 1847 1850 4229 
20852 3107 739 737 583 
20853 2816 3078 3122 3347 
20854 1412 3975 1209 4166 
20855 3014 3266 2833 3569 
20856 2956 663 3588 3099 
20857 3532 3887 2978 3625 
20858 1449 1106 3226 4263 
20859 1119 1325 1393 4142 
20860 3623 3845 2908 4069 
20861 2567 2563 2574 3001 
20862 3066 3845 3452 4357 
20863 1358 1343 972 3842 
20864 1955 3807 3773 4149 
20865 3048 4162 3925 4242 
20866 3187 3703 2794 4368 
20867 2956 663 3099 566 
20868 2438 2579 2439 3627 
20869 150 4422 2346 2339 
20870 2749 3960 3368 4299 
20871 246 245 1681 3819 
20872 1084 1051 1050 3809 
20873 320 2334 319 4131 
20874 2813 3688 2736 4140 
20875 3336 3044 4212 4414 
20876 2345 2359 2358 3564 
20877 1572 228 1733 3884 
20878 1476 3636 3957 4151 
20879 1742 1618 1623 4018 
20880 1368 1201 3242 4388 
20881 27 381 4532 4338 
20882 1750 1784 1614 3359 
20883 2095 3306 2092 3680 
20884 4579 659 672 3283 
20885 3344 4579 1834 1999 
20886 1314 1072 1148 4104 
20887 4522 380 2619 15 
20888 3305 4340 4025 2890 
20889 1302 3550 1031 4385 
20890 462 422 3827 4349 
20891 311 4580 2085 312 
20892 1526 1550 1551 4169 
20893 269 268 1829 4032 
20894 1997 2043 280 4037 
20895 2013 1955 2010 3773 
20896 2772 3398 3941 4057 
20897 373 4111 3551 4274 
20898 2930 3771 3612 4188 
20899 3482 3652 3847 2898 
20900 2318 4171 2764 4410 
20901 1944 1822 3807 4367 
20902 3102 3594 3536 3836 
20903 420 409 2873 2887 
20904 2134 2137 2136 4297 
20905 3221 4064 4008 4123 
20906 2283 3306 2095 3786 
20907 1928 2035 1959 3598 
20908 1868 2003 3612 3803 
20909 2916 3104 572 4298 
20910 431 411 456 4362 
20911 4435 174 1477 1539 
20912 2082 282 2236 3917 
20913 2331 3678 314 4328 
20914 3066 2908 3845 4069 
20915 2460 3342 3626 3366 
20916 3247 2032 3757 3916 
20917 452 45 46 4259 
20918 2172 3758 3559 4240 
20919 3313 3727 2933 4219 
20920 1422 1123 1420 3546 
20921 3461 3456 304 3831 
20922 2890 3208 2953 3354 
20923 2524 2430 2434 4065 
20924 474 518 520 3437 
20925 2817 3557 3263 4183 
20926 2714 3105 2958 4235 
20927 2926 3778 3212 4373 
20928 1725 1580 3789 3920 
20929 2701 3161 2995 4025 
20930 2354 4531 2337 3694 
20931 2692 3533 3980 4161 
20932 1217 3309 1062 4084 
20933 2203 4288 2205 4312 
20934 3102 3715 3112 4366 
20935 3312 4097 3338 4119 
20936 3220 3460 1971 4032 
20937 1696 1695 1761 3768 
20938 4470 394 50 2956 
20939 837 1271 996 4026 
20940 263 1981 262 3682 
20941 2768 2978 2875 3952 
20942 3892 734 605 3763 
20943 4115 4564 3391 642 
20944 3394 3869 2698 4316 
20945 2917 3457 3056 4293 
20946 2962 3243 2813 4046 
20947 2618 4480 4262 4263 
20948 1535 1514 1536 2730 
20949 4401 3581 4324 3155 
20950 2448 2516 3715 3836 
20951 3461 3761 3330 3831 
20952 2711 3005 3260 4183 
20953 3056 3892 2917 4293 
20954 1520 2901 1521 2902 
20955 2907 3399 3253 3649 
20956 3108 3660 4269 4082 
20957 426 427 408 2942 
20958 2898 3332 2831 3734 
20959 1493 1492 1491 2763 
20960 2536 2597 2478 4019 
20961 2618 20 349 4480 
20962 4477 1797 1588 3386 
20963 2740 2983 3718 4038 
20964 1698 1699 1697 4069 
20965 2874 3035 2964 3805 
20966 286 3709 3508 3728 
20967 2368 4518 4498 142 
20968 1439 1221 1351 3698 
20969 1458 1179 1331 3969 
20970 3554 4560 610 3771 
20971 4066 2934 3129 1348 
20972 3576 3908 3103 4412 
20973 2499 3388 3348 4158 
20974 3995 4114 3364 4351 
20975 349 2618 4480 4262 
20976 4471 1437 206 1005 
20977 2556 3730 3966 4324 
20978 3479 3716 3090 4390 
20979 4440 186 185 1195 
20980 4479 124 125 2239 
20981 809 775 741 4349 
20982 3266 2469 3989 3966 
20983 2898 2831 3652 3734 
20984 3123 1359 1198 3233 
20985 2838 3222 2969 3406 
20986 2347 2356 2338 2820 
20987 2349 2782 2348 4287 
20988 1729 1730 1793 4165 
20989 2239 125 4479 4521 
20990 1899 1900 1901 3899 
20991 4257 2570 2565 3896 
20992 3172 3612 3512 4177 
20993 1520 94 1485 2898 
20994 3446 4420 3381 815 
20995 752 745 753 3661 
20996 69 4441 518 4228 
20997 4591 558 2828 2766 
20998 2436 2421 2424 3734 
20999 3554 4560 3771 2007 
21000 1915 3543 1996 4148 
21001 1720 1759 1668 3926 
21002 2890 3208 3354 3305 
21003 1547 1477 1517 3321 
21004 3252 4266 3179 4360 
21005 2871 3527 2696 4021 
21006 1524 4440 185 4104 
21007 430 451 2773 3813 
21008 2737 3033 4199 4268 
21009 1275 1112 1383 4383 
21010 354 355 2517 3967 
21011 4479 2059 124 2239 
21012 1487 3134 1537 3986 
21013 3130 3288 4058 4106 
21014 550 689 627 3104 
21015 1883 1882 1881 3818 
21016 1568 1679 1601 3752 
21017 2663 2660 2646 4247 
21018 2890 3161 2701 4025 
21019 184 1541 1479 4104 
21020 1679 1568 220 3753 
21021 734 697 637 2815 
21022 2495 3653 3225 3780 
21023 1121 1061 1042 4320 
21024 322 800 769 3755 
21025 3066 4069 3845 4357 
21026 2891 3614 3153 3899 
21027 3380 3667 2834 3867 
21028 3296 3586 2970 4229 
21029 615 3205 3098 3627 
21030 1060 1059 1093 3850 
21031 4458 668 4570 3681 
21032 2686 4249 3918 4295 
21033 3654 1977 3657 1978 
21034 3198 3249 3577 4354 
21035 2453 2451 2454 3790 
21036 2173 3728 3508 3744 
21037 2245 2239 4479 3447 
21038 2038 3344 1850 3391 
21039 3092 2801 3955 4377 
21040 2763 3303 3149 4217 
21041 4472 196 1062 4551 
21042 3075 2861 3508 3690 
21043 2345 2344 2353 3564 
21044 1313 4492 1355 3134 
21045 2017 1919 1950 3821 
21046 3330 3831 2075 4412 
21047 4087 1528 1532 1508 
21048 1487 1556 1537 3134 
21049 1090 903 907 4413 
21050 584 655 3386 4254 
21051 50 387 51 2956 
21052 1590 1791 1595 3539 
21053 1569 1805 1730 4165 
21054 2753 3076 3898 3085 
21055 1737 1619 1620 3849 
21056 4550 13 98 699 
21057 4555 4506 319 502 
21058 3481 3623 244 3879 
21059 1432 1162 1142 3998 
21060 4530 815 4420 3446 
21061 2059 4479 2245 2239 
21062 2165 2255 2242 3898 
21063 3303 3598 2856 2961 
21064 3046 3045 3837 3973 
21065 608 3257 735 3771 
21066 2081 3763 2282 4372 
21067 4458 668 78 4570 
21068 1949 253 1809 3721 
21069 3104 3886 2805 4193 
21070 2702 3114 3157 4003 
21071 337 336 2649 3705 
21072 4435 1539 3384 4133 
21073 2783 3305 3208 4340 
21074 2736 4140 3451 4391 
21075 2852 3055 3531 3784 
21076 765 766 770 3944 
21077 2753 3898 3209 3085 
21078 4570 78 6 668 
21079 3305 4025 4340 2783 
21080 2563 3001 2562 3608 
21081 2789 3378 3277 4101 
21082 4461 2080 207 2247 
21083 4469 812 794 3134 
21084 1827 1951 275 4122 
21085 2714 2958 2843 4224 
21086 4576 3541 580 3565 
21087 2772 2912 3398 4057 
21088 610 3771 735 3554 
21089 2947 3508 3499 3709 
21090 411 3484 4233 4362 
21091 1520 2902 1481 3098 
21092 422 452 424 4259 
21093 333 2689 3538 334 
21094 204 1205 4473 1206 
21095 1909 1911 1954 4055 
21096 1928 3598 2040 3851 
21097 3405 3494 4370 4382 
21098 3115 3296 3285 4122 
21099 2588 2485 2503 3095 
21100 2348 2783 340 4287 
21101 3309 4305 2790 4311 
21102 2557 2601 2466 4071 
21103 725 719 595 3292 
21104 2688 4093 3078 4094 
21105 4440 4021 1524 2863 
21106 65 511 3801 466 
21107 1477 4435 1539 3384 
21108 3107 4254 4323 4343 
21109 756 757 755 4197 
21110 1618 1616 1617 4345 
21111 2761 3122 2816 3928 
21112 2263 3576 2075 4412 
21113 2691 4222 3424 4384 
21114 1275 1434 1111 4083 
21115 1793 1727 3585 3660 
21116 2948 3508 3709 3728 
21117 371 4111 372 4275 
21118 626 3426 3306 2916 
21119 3892 4580 4597 670 
21120 1705 1704 3901 4280 
21121 2624 3432 2533 4270 
21122 2891 2918 3614 3770 
21123 3607 3608 2500 3958 
21124 1509 1550 1526 2775 
21125 3515 3614 2918 3770 
21126 94 93 706 2898 
21127 3359 4582 1784 3885 
21128 488 494 493 4273 
21129 3425 3716 3479 4390 
21130 620 666 621 3159 
21131 1874 1862 1873 3759 
21132 85 4570 6 668 
21133 3457 3559 2946 3769 
21134 420 2887 2873 4390 
21135 3676 2684 2950 3970 
21136 1133 1260 1259 4204 
21137 1717 1716 1578 4057 
21138 2618 2414 2573 4263 
21139 2768 3039 2978 3952 
21140 417 419 381 4338 
21141 368 2544 369 4404 
21142 1942 1930 1947 4186 
21143 3359 4582 3885 592 
21144 3095 3096 2696 4021 
21145 2440 2518 2561 4218 
21146 1336 1014 1459 4039 
21147 2349 341 3671 4287 
21148 2853 3022 2734 3676 
21149 1687 3434 1690 3946 
21150 3555 4162 3048 4242 
21151 1443 4462 1017 193 
21152 795 797 747 4023 
21153 4588 4570 668 3681 
21154 4474 131 711 4225 
21155 2649 2648 2632 3518 
21156 3058 2958 3220 3460 
21157 3316 3224 3369 4380 
21158 4504 622 15 593 
21159 1399 38 37 4434 
21160 1691 1567 1777 3727 
21161 1992 1993 1991 4040 
21162 2244 3631 3886 4193 
21163 2325 2305 2315 2828 
21164 2709 2878 3231 3656 
21165 3279 2246 2169 2109 
21166 2184 2185 2180 4415 
21167 593 4504 622 4000 
21168 4545 2080 208 4461 
21169 1908 1906 1983 3841 
21170 4551 3309 1062 4472 
21171 2410 2564 2514 4257 
21172 2210 2122 2209 3787 
21173 986 929 928 4334 
21174 1243 1270 1276 4380 
21175 2764 4171 4170 4410 
21176 409 2887 410 2888 
21177 422 423 410 3827 
21178 3255 3572 3090 3959 
21179 1162 1463 1392 4384 
21180 4440 4021 4104 1524 
21181 2102 2256 2255 3909 
21182 501 512 498 3733 
21183 4485 680 2728 700 
21184 2689 3668 3034 3248 
21185 2237 311 312 3892 
21186 1799 8 112 4569 
21187 1177 197 4472 4505 
21188 2365 3643 343 4113 
21189 472 533 516 3238 
21190 3532 2978 3887 2979 
21191 3297 2855 3400 3683 
21192 1517 1515 1505 2724 
21193 169 168 819 4419 
21194 2806 3037 3322 2980 
21195 398 438 396 4130 
21196 2579 2438 2610 3627 
21197 3876 831 35 4478 
21198 182 1366 1371 4075 
21199 2593 2589 2545 4335 
21200 1384 192 1107 4464 
21201 1501 1502 1500 4174 
21202 44 382 444 4349 
21203 35 36 4478 831 
21204 182 832 1366 4075 
21205 2766 4139 2862 4171 
21206 707 50 612 2956 
21207 2779 3970 2897 4107 
21208 1973 259 1830 4191 
21209 1565 1685 1784 3885 
21210 3061 3954 2746 4079 
21211 3103 3831 3330 4412 
21212 112 1799 4569 4481 
21213 788 790 743 4106 
21214 1366 832 1456 4075 
21215 4478 36 1425 831 
21216 3360 2713 3722 4411 
21217 3594 3790 3536 3836 
21218 1425 4478 831 3876 
21219 1462 3194 3049 3274 
21220 2313 4015 2805 4194 
21221 2045 2001 202 4201 
21222 2830 3208 2953 4340 
21223 107 106 1588 4477 
21224 3023 3459 2791 3949 
21225 769 3755 797 4365 
21226 3231 3548 1889 3656 
21227 2844 2965 2721 3278 
21228 1406 984 968 4266 
21229 3189 3120 2782 3867 
21230 613 3093 679 2728 
21231 2763 3149 2882 4217 
21232 827 1282 1154 4329 
21233 170 794 746 3938 
21234 2899 2742 3407 4062 
21235 2825 3007 2833 4174 
21236 4569 1590 3539 1799 
21237 2054 2183 2204 4288 
21238 2877 3882 3726 4200 
21239 2941 3773 4367 3807 
21240 3258 3692 2981 4005 
21241 1518 1517 1505 2797 
21242 2846 1548 1549 1484 
21243 4477 1797 106 1588 
21244 1512 1510 1513 2785 
21245 2104 3707 3282 4372 
21246 1570 1731 236 3887 
21247 24 2364 342 4045 
21248 1623 1703 1702 4357 
21249 4033 4168 3071 2792 
21250 2831 3112 2898 3652 
21251 1090 1361 1318 4413 
21252 1112 1111 1092 3889 
21253 3366 3569 2963 3953 
21254 688 640 551 2970 
21255 2194 2193 2195 3067 
21256 1056 1120 1119 4385 
21257 1273 1037 1060 4360 
21258 3453 3788 2216 4277 
21259 684 3205 615 3627 
21260 524 502 471 4157 
21261 1424 1084 1444 4020 
21262 3164 4353 3838 4398 
21263 2816 3225 2884 3653 
21264 1479 1524 185 4104 
21265 1984 3713 3459 4348 
21266 797 3622 751 4365 
21267 2622 3581 2623 4324 
21268 1385 1139 1216 3133 
21269 3345 1733 1764 227 
21270 799 3384 776 4133 
21271 2403 3760 2613 4256 
21272 4516 3386 654 3578 
21273 2233 2178 2180 4286 
21274 2487 3141 2488 3816 
21275 4480 4548 20 349 
21276 599 675 546 3754 
21277 4480 4548 349 4262 
21278 3477 37 1399 1473 
21279 3730 4173 3155 4324 
21280 4569 1590 1799 248 
21281 1841 2045 249 4098 
21282 2330 23 323 3717 
21283 2782 3629 3189 3867 
21284 1435 1132 3699 4272 
21285 3453 3572 3004 4078 
21286 741 44 809 4349 
21287 410 426 2942 2943 
21288 762 763 345 4202 
21289 1799 248 8 4569 
21290 774 751 4259 4365 
21291 2317 331 2318 2811 
21292 1525 180 1483 2854 
21293 3348 3014 3989 4158 
21294 417 2975 432 2768 
21295 1295 1151 1338 4175 
21296 3026 3472 3307 3952 
21297 809 793 775 3392 
21298 2757 3543 2969 3742 
21299 517 4459 4561 3599 
21300 2958 3105 3058 4235 
21301 2312 2326 2306 4013 
21302 3202 3828 3377 4326 
21303 2965 3377 2879 3901 
21304 1590 1752 1791 3539 
21305 2950 3676 2781 4216 
21306 2100 3679 284 3728 
21307 2856 3303 2961 3936 
21308 3949 3870 3337 2804 
21309 4569 1590 248 3588 
21310 21 482 492 3678 
21311 3078 3347 2865 3566 
21312 3198 3249 4354 3930 
21313 3376 4279 3066 2985 
21314 342 3944 24 4045 
21315 2719 3936 2968 4377 
21316 713 552 132 4475 
21317 2916 3525 2917 3680 
21318 2343 338 339 4231 
21319 2652 2672 332 3364 
21320 2960 4035 3479 4342 
21321 3019 4027 3343 4359 
21322 3151 3023 3870 4396 
21323 1188 1388 1073 3938 
21324 3066 4279 4069 4357 
21325 3738 1075 1246 3125 
21326 723 4432 554 3812 
21327 4439 538 4568 2749 
21328 2843 3097 2919 3486 
21329 1961 270 1811 4135 
21330 564 615 3098 3627 
21331 706 93 615 3098 
21332 592 3079 596 3885 
21333 1516 2865 1515 3558 
21334 3569 2469 2467 2468 
21335 2799 2958 3215 3220 
21336 1511 2884 2816 1549 
21337 4439 538 55 4568 
21338 432 401 397 2976 
21339 3035 2964 3805 4055 
21340 2081 2237 2238 3763 
21341 689 572 3104 4298 
21342 670 4597 3892 604 
21343 3278 3452 4280 3417 
21344 201 1474 973 4476 
21345 2435 2446 2447 3903 
21346 3021 3852 3444 3956 
21347 2629 2646 2662 3256 
21348 2078 3571 3835 3338 
21349 2504 3596 2613 4283 
21350 3078 3122 2688 3928 
21351 802 771 801 3643 
21352 3015 4301 3809 4394 
21353 606 3091 3447 3763 
21354 2460 2463 2505 3366 
21355 3294 3362 2913 3708 
21356 406 405 407 3767 
21357 1972 3487 2039 3916 
21358 3096 3095 4109 4281 
21359 4541 460 25 393 
21360 2823 3032 3529 4268 
21361 289 2192 290 3835 
21362 2471 2473 2470 3989 
21363 1871 1937 1938 4198 
21364 3751 4139 3163 2766 
21365 3200 3203 3026 3774 
21366 2983 3617 2872 4381 
21367 2928 3832 3181 3946 
21368 3482 2441 3701 3847 
21369 541 568 566 2758 
21370 1552 4399 4075 1545 
21371 1794 3398 3229 3600 
21372 1588 4552 1748 107 
21373 2810 3193 3167 3411 
21374 3407 3926 3729 4062 
21375 341 342 4024 4091 
21376 3370 4212 3044 4414 
21377 1001 1070 1431 4006 
21378 3201 3404 3074 4170 
21379 1704 2879 3828 3901 
21380 735 3257 648 3554 
21381 2748 3065 4005 4102 
21382 3977 150 4422 600 
21383 3763 4293 3056 4372 
21384 389 2740 442 453 
21385 2358 336 337 3429 
21386 2780 3049 2776 4226 
21387 3885 4520 1685 3672 
21388 3107 3591 2765 4343 
21389 3425 3732 2873 4342 
21390 423 390 425 2946 
21391 3229 3398 2912 3600 
21392 545 4465 105 683 
21393 4220 4221 3869 4381 
21394 336 3540 335 3719 
21395 1705 1805 1706 4280 
21396 858 862 1225 3880 
21397 2019 3515 3947 4067 
21398 2244 2279 2243 3886 
21399 890 891 889 3914 
21400 3167 3820 2976 3920 
21401 1742 1616 4018 4279 
21402 964 962 1396 4027 
21403 1185 1188 1073 3938 
21404 1962 1934 3149 3891 
21405 2893 3314 2993 3695 
21406 897 896 895 4129 
21407 2833 3014 3007 3266 
21408 2270 2229 2269 4035 
21409 1922 3947 1954 4149 
21410 746 794 782 3938 
21411 1484 1549 2846 2863 
21412 2810 2839 3167 4128 
21413 3386 1588 4552 1783 
21414 2742 4011 3055 3784 
21415 3362 1721 4285 4376 
21416 4554 461 392 42 
21417 4165 3820 2844 3585 
21418 4437 343 4113 4546 
21419 1527 2878 2808 2919 
21420 504 513 466 3801 
21421 4168 3852 2687 4344 
21422 3285 3296 3115 2795 
21423 325 3824 2813 4140 
21424 408 2888 410 2942 
21425 4114 480 481 315 
21426 1588 4552 1783 1748 
21427 552 711 131 4225 
21428 237 3470 3471 3887 
21429 2744 4143 2815 3046 
21430 1681 3481 4041 3819 
21431 3501 3534 1766 3879 
21432 2938 2937 3557 4183 
21433 1754 3549 4059 3219 
21434 202 201 4476 2001 
21435 2570 2410 350 3992 
21436 107 4477 4552 587 
21437 4476 202 2001 4201 
21438 2500 3607 2502 3608 
21439 2497 3730 2556 4324 
21440 3180 3434 3181 4402 
21441 4576 580 579 3565 
21442 2948 3508 2947 3709 
21443 187 1484 1537 3986 
21444 865 1265 1426 4250 
21445 1488 1542 1538 4329 
21446 3957 3116 1512 2785 
21447 321 747 800 3755 
21448 3704 4052 3042 4239 
21449 3078 4001 3566 4019 
21450 279 1847 3328 4115 
21451 1912 3140 1913 3805 
21452 724 4527 718 2828 
21453 1897 3287 3117 3899 
21454 55 54 4568 538 
21455 773 774 741 3271 
21456 1529 1494 1495 3994 
21457 2343 2357 2340 4232 
21458 1698 4069 3376 4279 
21459 2579 2617 2519 3458 
21460 377 378 2388 3830 
21461 2110 2234 2246 4193 
21462 712 651 553 3047 
21463 642 643 3391 4115 
21464 538 54 4568 4299 
21465 1133 1436 1475 4204 
21466 3279 4193 2109 4378 
21467 2539 2620 2605 4401 
21468 2710 2849 2842 4227 
21469 2505 2624 2532 3785 
21470 594 580 3541 3565 
21471 184 1421 1457 4104 
21472 2973 3535 3149 3818 
21473 2260 3831 3573 4412 
21474 2872 4220 3869 4381 
21475 538 4568 2749 4299 
21476 2341 2356 2355 4085 
21477 827 1154 3599 4329 
21478 4545 2080 2252 208 
21479 430 388 33 2927 
21480 209 4545 1357 4590 
21481 395 2886 440 2921 
21482 1938 1873 1871 4177 
21483 1128 1399 1149 4356 
21484 2971 3906 3477 4233 
21485 2834 4051 3814 4366 
21486 1593 1594 1566 4127 
21487 1143 1254 1035 4009 
21488 2806 4015 2322 4194 
21489 1320 825 1163 4226 
21490 1802 1637 3660 4082 
21491 730 3631 2805 3886 
21492 3861 4002 3319 4246 
21493 2750 2995 2825 4173 
21494 4451 389 2948 4388 
21495 2851 4168 4033 2792 
21496 262 1808 263 3747 
21497 1177 3309 1153 3485 
21498 2144 2146 2145 4073 
21499 2956 3623 3100 3833 
21500 595 623 3171 4000 
21501 1181 917 929 3794 
21502 2746 3290 3061 4079 
21503 645 4574 646 4037 
21504 2783 3305 3198 4354 
21505 1614 3359 1784 3885 
21506 4546 2365 4113 4389 
21507 424 452 46 4259 
21508 833 1380 3210 4138 
21509 2336 2818 2353 3932 
21510 1992 1837 1993 4311 
21511 1315 1011 1269 4260 
21512 3269 2228 3732 2065 
21513 1579 4285 1721 4376 
21514 1886 1987 3547 3877 
21515 2883 3249 3061 3991 
21516 1158 1034 1159 4134 
21517 869 1411 1332 4208 
21518 2680 4153 2856 4192 
21519 2017 3140 1919 3821 
21520 557 4426 716 2793 
21521 2756 4234 3934 4253 
21522 2487 2486 2485 3816 
21523 4405 3139 3230 2869 
21524 1847 3328 3391 4229 
21525 3078 3122 4001 4093 
21526 2448 2450 2526 3836 
21527 1824 2018 255 3964 
21528 3041 3981 3792 4319 
21529 2730 3855 3681 2712 
21530 3010 4002 3861 4246 
21531 2912 3362 3294 4057 
21532 320 494 22 4273 
21533 335 3719 3633 4314 
21534 2690 3628 3810 4176 
21535 2919 3422 2973 3818 
21536 3272 4211 3624 4356 
21537 4458 668 544 78 
21538 32 1287 33 2928 
21539 4390 4342 3425 2873 
21540 3126 4154 3346 4334 
21541 1548 2846 3928 3986 
21542 4489 4546 4389 2365 
21543 4493 977 4098 4201 
21544 2991 2759 3184 4213 
21545 3477 1350 1149 4356 
21546 163 749 162 4004 
21547 259 260 3924 4191 
21548 344 771 802 3643 
21549 3239 3741 3006 3859 
21550 2736 3688 3488 4140 
21551 1467 3603 3500 4220 
21552 243 242 1573 3879 
21553 3943 3944 3111 4369 
21554 2418 3230 3226 4405 
21555 3117 3656 1896 4374 
21556 3910 2849 3040 2836 
21557 4099 4150 3237 4358 
21558 3120 3249 4354 2771 
21559 4475 131 132 2321 
21560 3422 3535 2973 3818 
21561 3142 4014 3209 3085 
21562 2802 2769 4038 4121 
21563 660 4584 4417 3458 
21564 760 762 761 3971 
21565 2875 2768 3952 4181 
21566 1907 1906 1908 4346 
21567 2799 4235 4215 4236 
21568 3011 4134 3975 4208 
21569 2537 372 2395 4111 
21570 423 426 2943 2946 
21571 3096 2884 4021 3095 
21572 1591 1599 1602 4373 
21573 632 4479 124 633 
21574 3333 3811 4070 4307 
21575 3074 3513 3404 4294 
21576 2477 2479 2480 3931 
21577 1236 905 1237 4302 
21578 3297 3598 3400 4153 
21579 3168 3327 3015 2957 
21580 1576 1700 223 3741 
21581 4349 45 741 44 
21582 1885 1962 1934 3149 
21583 3778 1601 1600 4059 
21584 669 4457 543 3622 
21585 1860 3556 3512 3759 
21586 4338 4181 4199 2768 
21587 2263 3908 3576 4412 
21588 3010 3861 3829 4246 
21589 2763 2961 3231 3303 
21590 2883 3061 2771 2746 
21591 2329 2313 2321 2848 
21592 1330 1344 1021 3963 
21593 3167 3411 3193 3585 
21594 4544 3001 1305 1306 
21595 721 647 649 2889 
21596 595 3292 593 4000 
21597 2076 2100 285 3728 
21598 2861 2906 454 2947 
21599 773 769 774 3717 
21600 3068 2899 3729 4062 
21601 2849 2859 3571 4227 
21602 1411 1209 1412 3975 
21603 1593 3492 1594 4127 
21604 2283 2095 2243 3786 
21605 3375 3991 3061 3290 
21606 1273 1468 1406 4266 
21607 2728 3188 3093 4343 
21608 2753 3467 4014 4221 
21609 69 681 542 4228 
21610 3097 3654 2967 4403 
21611 394 395 387 2908 
21612 518 534 69 4228 
21613 1522 1481 1521 2902 
21614 2011 1937 1872 3919 
21615 335 3668 3633 3719 
21616 1921 4055 4148 4149 
21617 2320 323 324 3664 
21618 905 1331 1237 4302 
21619 4475 131 2321 4225 
21620 3856 27 26 532 
21621 3084 2747 3158 4003 
21622 3033 3032 4199 4268 
21623 2917 3892 3426 4293 
21624 3852 3956 2742 2705 
21625 1793 1730 1637 3660 
21626 3161 2890 3611 4025 
21627 1510 2964 2874 3035 
21628 620 619 4484 3159 
21629 4514 830 3129 4322 
21630 224 3858 3741 3859 
21631 1992 1935 1941 4311 
21632 2500 3608 2492 3958 
21633 1174 921 1066 4044 
21634 4548 1105 20 1123 
21635 1997 280 279 4037 
21636 2054 3709 285 3735 
21637 1519 1518 2743 4141 
21638 3701 2512 3942 2441 
21639 2680 3540 3719 4192 
21640 3611 3864 3009 4071 
21641 2960 3090 2745 4390 
21642 3033 3039 2768 3952 
21643 4215 4235 2351 4236 
21644 4517 430 2927 3813 
21645 610 735 3771 673 
21646 2014 3654 3422 3658 
21647 3007 3155 2825 3265 
21648 4489 4546 2365 154 
21649 3347 3566 3078 4001 
21650 708 2970 3391 640 
21651 1341 974 965 4118 
21652 547 692 674 4164 
21653 1626 1627 1629 4326 
21654 2976 3820 3789 3920 
21655 1261 841 839 4203 
21656 1003 3869 4220 4221 
21657 1948 3582 1935 3583 
21658 2724 2963 3366 3569 
21659 1800 3472 3625 4313 
21660 3572 297 3716 2055 
21661 2313 4015 4194 2322 
21662 1898 3117 3713 3899 
21663 2829 3372 3171 3783 
21664 410 3004 2887 3827 
21665 2013 1954 1955 4149 
21666 3009 3161 2890 3611 
21667 3517 3942 2512 4218 
21668 783 754 745 4408 
21669 684 615 3205 685 
21670 4436 602 2917 3056 
21671 4547 1536 3636 3681 
21672 336 3719 335 4314 
21673 26 516 3856 532 
21674 2888 3262 3650 3788 
21675 662 620 111 4481 
21676 1770 4282 3227 4386 
21677 4158 2865 3388 3348 
21678 243 3623 3845 3879 
21679 260 1973 1825 4191 
21680 616 2898 706 3205 
21681 247 1745 248 3578 
21682 2332 131 4474 4225 
21683 1552 4399 1545 1531 
21684 1481 93 1520 3098 
21685 2469 2472 2471 3966 
21686 3589 4222 3086 3555 
21687 1504 2833 1503 2963 
21688 532 3856 27 4338 
21689 2710 4190 2849 4227 
21690 3266 3966 3007 4401 
21691 1339 1369 1024 4084 
21692 4465 813 748 105 
21693 2857 3074 3404 4170 
21694 2629 2663 2646 3256 
21695 2447 2446 3639 3903 
21696 2590 2493 2491 3958 
21697 2008 1839 4505 2037 
21698 3336 4212 3914 4414 
21699 4474 3755 321 2332 
21700 3026 3203 3057 3774 
21701 2991 3513 3501 3534 
21702 441 4228 30 4553 
21703 3370 3914 4212 4414 
21704 1421 1148 1457 4104 
21705 1127 1207 1423 4187 
21706 769 800 797 3755 
21707 1592 1566 246 3833 
21708 2422 3734 3652 3857 
21709 449 430 451 3006 
21710 4538 2280 2184 2235 
21711 4021 3607 3527 3958 
21712 1754 1603 1600 4059 
21713 1043 977 990 4201 
21714 3205 3847 3098 3942 
21715 1996 1822 2041 3807 
21716 1812 2011 274 4156 
21717 1251 2854 1252 3648 
21718 419 432 440 2759 
21719 420 4029 3827 4390 
21720 22 494 488 4273 
21721 2088 2062 2089 4145 
21722 1177 1153 1405 3485 
21723 3937 1388 1073 1387 
21724 627 689 572 3104 
21725 1198 39 1200 3123 
21726 1412 1209 885 4166 
21727 1447 4567 34 3813 
21728 4538 1390 1117 4473 
21729 1154 1334 2929 4329 
21730 2746 3135 3290 4079 
21731 166 4444 4529 783 
21732 1467 1190 3603 4220 
21733 4473 3355 1413 1117 
21734 1521 1505 1503 2907 
21735 3091 634 606 3447 
21736 2465 3569 3366 3953 
21737 1359 4482 1445 19 
21738 3435 3945 1832 4189 
21739 2412 2611 2570 3896 
21740 394 391 440 2728 
21741 342 2349 341 3671 
21742 2737 3856 3299 4338 
21743 2041 4148 3807 4149 
21744 2304 325 2314 3824 
21745 82 81 463 4151 
21746 981 980 979 3843 
21747 1500 1502 1526 4174 
21748 3886 4565 2243 3786 
21749 35 34 1447 4567 
21750 4165 2844 3820 3138 
21751 2424 3332 3205 3734 
21752 477 476 478 4351 
21753 415 412 401 2913 
21754 4558 535 79 473 
21755 4485 681 700 48 
21756 2825 3155 2995 3265 
21757 1577 3600 1715 3858 
21758 2355 2339 2357 4232 
21759 2396 3611 2544 4404 
21760 1370 1267 830 4322 
21761 520 518 470 3437 
21762 1867 1989 1939 4188 
21763 2615 4548 4483 3546 
21764 3892 734 3763 3056 
21765 2588 2585 2401 4109 
21766 3718 4004 2698 4316 
21767 2017 3211 3140 3821 
21768 3000 4099 3743 4101 
21769 247 248 1590 3588 
21770 1403 4567 824 1447 
21771 1476 1513 1540 4151 
21772 476 3210 475 512 
21773 4473 205 204 2235 
21774 3058 3092 4032 4214 
21775 325 4140 2813 4391 
21776 2361 2342 2795 3932 
21777 973 202 4476 4201 
21778 360 2398 361 3124 
21779 3239 221 222 1708 
21780 624 667 625 3171 
21781 3345 3708 2914 3884 
21782 1033 1103 1104 4373 
21783 18 4493 4566 2045 
21784 1708 3239 3181 3393 
21785 3058 3460 3220 4032 
21786 1377 1002 991 3996 
21787 765 24 3944 4045 
21788 710 145 553 4034 
21789 703 731 644 4115 
21790 1510 2874 2964 1544 
21791 4452 812 750 172 
21792 4329 178 4495 1538 
21793 1471 1214 1165 3834 
21794 1511 2884 1549 1509 
21795 4541 460 393 3238 
21796 674 4531 547 4164 
21797 3477 4211 2971 4291 
21798 808 751 46 4259 
21799 3482 3652 2898 3112 
21800 3375 4256 3991 3290 
21801 3212 3778 1599 4373 
21802 1912 1911 1910 3805 
21803 1527 2878 2919 2973 
21804 514 504 515 3866 
21805 3892 734 3056 671 
21806 48 4485 459 391 
21807 1482 2932 1490 2931 
21808 2460 3626 3953 3366 
21809 412 449 451 3006 
21810 575 600 705 3977 
21811 2684 2897 3970 4107 
21812 1429 826 1257 4004 
21813 623 4584 624 3171 
21814 3380 2770 3785 4270 
21815 425 3013 426 2946 
21816 1699 1609 1616 4279 
21817 1423 1346 1127 4187 
21818 2505 2547 3785 4283 
21819 3215 3487 4308 4310 
21820 1675 1672 1676 4110 
21821 539 574 564 2999 
21822 2980 3900 2981 4005 
21823 1661 1782 1717 3941 
21824 3447 4521 3763 2238 
21825 2016 1977 2020 4290 
21826 3091 634 635 606 
21827 1070 932 1418 4017 
21828 2099 2069 2172 4240 
21829 2883 3061 3375 3991 
21830 3675 4176 2757 4322 
21831 655 584 679 4254 
21832 4473 1390 205 4538 
21833 2916 709 3306 626 
21834 3426 2060 3680 2917 
21835 2927 3753 3670 3832 
21836 983 981 979 3843 
21837 1128 1129 1242 3089 
21838 2913 3294 2912 3362 
21839 470 4328 523 520 
21840 1996 3807 2041 4148 
21841 3220 4032 3568 4214 
21842 4554 461 42 4534 
21843 2355 2347 3977 4085 
21844 2830 2783 3208 4340 
21845 1653 3828 3377 3901 
21846 1905 3614 3515 3770 
21847 819 4424 1469 4106 
21848 4489 560 154 555 
21849 4559 562 140 554 
21850 2943 3330 3103 3831 
21851 1490 2920 2932 2973 
21852 1273 1151 1037 4360 
21853 2833 2907 1503 2963 
21854 1643 1641 1647 3984 
21855 3187 3945 3435 4189 
21856 618 4484 619 3359 
21857 1463 4540 1162 66 
21858 1503 1504 1502 2833 
21859 3110 3983 3735 4288 
21860 2881 3564 2818 4303 
21861 414 416 409 2859 
21862 4549 832 4075 4206 
21863 1138 1140 1380 4138 
21864 2045 4493 4566 4098 
21865 3023 3949 3153 4348 
21866 4440 186 2863 1524 
21867 1063 1039 1367 4132 
21868 2330 2302 3755 3762 
21869 361 360 3124 4409 
21870 1219 1045 1220 4136 
21871 2648 2638 2640 3913 
21872 2039 3487 3757 3916 
21873 2714 4235 2958 4236 
21874 424 46 458 4259 
21875 1066 921 1038 4044 
21876 3501 242 3845 3879 
21877 3184 3513 3074 4294 
21878 2711 3629 3005 4183 
21879 2953 3781 3106 4363 
21880 708 2911 2970 570 
21881 2947 3123 2948 3735 
21882 774 4259 3271 4365 
21883 204 1206 4473 4577 
21884 12 319 2363 4555 
21885 321 13 4550 4474 
21886 1966 1965 1821 4116 
21887 789 752 753 3661 
21888 344 802 343 3643 
21889 1476 3636 1514 3957 
21890 163 752 749 4004 
21891 18 4493 2045 202 
21892 3120 3249 2771 3432 
21893 1368 1201 1415 3242 
21894 1496 1492 1494 2709 
21895 2691 3998 3599 4384 
21896 3294 3345 2894 3859 
21897 2129 2127 3647 4292 
21898 4443 4436 603 57 
21899 4480 4563 4263 2618 
21900 2875 3472 3026 3952 
21901 2604 2550 2551 4256 
21902 431 3906 455 4227 
21903 2318 2328 2317 4171 
21904 388 32 33 2928 
21905 1521 1503 1522 2907 
21906 1884 1987 1883 3877 
21907 324 325 2304 4042 
21908 2331 332 3678 4410 
21909 934 4301 3601 4394 
21910 2748 3258 2981 4005 
21911 3115 3634 2818 4303 
21912 3299 4199 2737 4338 
21913 4430 4536 4488 1553 
21914 1159 1160 1158 4134 
21915 3594 3626 2974 3790 
21916 83 4547 1536 3636 
21917 3570 2970 3344 2911 
21918 1792 1690 1795 4402 
21919 2335 344 343 3643 
21920 50 394 387 2956 
21921 415 401 417 2914 
21922 2663 3673 326 4247 
21923 3117 2891 3713 3899 
21924 1454 1358 1150 4358 
21925 3283 3344 2911 3570 
21926 1554 1536 4547 3681 
21927 2848 3308 3174 4194 
21928 818 1347 1285 3469 
21929 2861 389 2947 454 
21930 2666 2658 2636 4230 
21931 1196 1194 1362 2869 
21932 3472 3039 3307 3952 
21933 3474 4171 2303 4410 
21934 1830 3677 2012 4336 
21935 2971 4233 3477 4291 
21936 4566 249 18 2045 
21937 4457 751 4535 811 
21938 505 517 469 4384 
21939 1293 4517 2926 829 
21940 1638 3774 3472 4313 
21941 594 577 580 3565 
21942 4466 533 59 472 
21943 170 1188 828 3938 
21944 2476 3490 3730 3931 
21945 1206 3355 1129 1413 
21946 3435 3945 3030 4318 
21947 1993 3485 1991 4040 
21948 2481 2498 2555 4281 
21949 2763 2961 3936 4100 
21950 170 746 4460 3938 
21951 2862 3163 3335 3849 
21952 387 395 396 2908 
21953 2054 284 2171 3735 
21954 1257 1115 1429 4316 
21955 2099 2258 2112 4243 
21956 2862 4139 2857 4170 
21957 636 720 634 2945 
21958 4421 32 31 443 
21959 849 1184 1416 4063 
21960 331 2317 330 2811 
21961 1668 1763 1649 3729 
21962 982 981 994 3997 
21963 2078 2194 2271 3338 
21964 4566 249 2045 4098 
21965 1392 827 1152 3599 
21966 775 3651 789 4178 
21967 3029 3342 2797 4051 
21968 3026 4249 3918 2686 
21969 2756 2879 4234 4253 
21970 2783 4287 3120 4354 
21971 1607 1606 1598 3987 
21972 4401 4324 3581 2622 
21973 3530 3988 3169 4297 
21974 2496 2535 2592 4001 
21975 326 3824 325 4140 
21976 656 4594 121 628 
21977 3901 3278 4280 3417 
21978 2019 1922 1966 4067 
21979 3873 4370 3160 4382 
21980 1754 1776 1677 3219 
21981 3886 4528 631 3631 
21982 2963 3267 3626 3953 
21983 3093 4323 4254 4343 
21984 3391 4425 3344 641 
21985 1580 1725 1773 3920 
21986 1337 1216 1135 4317 
21987 1536 4547 84 1554 
21988 227 3708 3345 3884 
21989 4388 1328 3242 3233 
21990 1434 1275 822 4083 
21991 1410 1083 1400 4306 
21992 498 512 516 3856 
21993 1215 4542 1297 3274 
21994 1028 1082 211 4486 
21995 3492 3539 3159 3099 
21996 731 3328 643 4115 
21997 3091 3707 3282 4143 
21998 1918 2017 1950 3821 
21999 2362 2351 4131 4236 
22000 726 561 664 4157 
22001 2965 2844 3585 4165 
22002 615 3205 685 706 
22003 2243 2279 2259 3886 
22004 2991 3188 2728 4210 
22005 552 131 4475 4225 
22006 3405 4370 3494 2798 
22007 314 2331 21 3678 
22008 942 1400 1083 4306 
22009 2862 3201 3404 3849 
22010 2329 4042 2304 4194 
22011 4461 1006 1356 3603 
22012 3032 3033 4179 4268 
22013 4585 199 1250 4523 
22014 94 1520 93 2898 
22015 3038 3710 3810 3994 
22016 2771 3061 2883 3249 
22017 1252 3129 1348 4066 
22018 4547 84 83 1536 
22019 2748 3065 3258 4005 
22020 2678 4196 3630 4353 
22021 23 769 759 3717 
22022 2328 2305 2325 2832 
22023 1016 4416 193 1017 
22024 2916 709 626 572 
22025 201 1474 4487 1086 
22026 93 2898 1520 3098 
22027 420 2873 416 4029 
22028 409 407 414 4190 
22029 4527 2305 2315 138 
22030 4447 2338 2347 152 
22031 3294 3006 3859 2894 
22032 2120 2118 2119 4271 
22033 420 2873 4029 4390 
22034 3477 37 384 4434 
22035 673 608 735 3771 
22036 3013 3559 3646 4072 
22037 2930 3257 3771 4188 
22038 1839 196 197 4472 
22039 3442 2798 3146 4397 
22040 1530 4056 1506 4399 
22041 2796 4215 3058 4235 
22042 3422 3877 3097 4290 
22043 723 737 596 3079 
22044 2178 2183 3983 4286 
22045 2253 2115 2214 4244 
22046 646 3300 651 4037 
22047 764 766 765 3944 
22048 2054 3735 3983 4288 
22049 2332 2321 131 4225 
22050 3274 1587 3946 1688 
22051 570 640 688 2970 
22052 1722 1721 1579 4285 
22053 2361 2796 2336 3932 
22054 2403 2613 2551 4256 
22055 429 454 455 2947 
22056 3481 2886 3623 3879 
22057 4521 2237 3763 2238 
22058 3046 3837 3769 3973 
22059 3085 3160 4155 4321 
22060 165 4543 745 164 
22061 964 963 962 4027 
22062 1895 1928 2040 3851 
22063 4496 280 9 4556 
22064 2880 3349 3711 4286 
22065 823 1367 1370 3675 
22066 4472 3309 1062 1177 
22067 4466 1320 825 59 
22068 2487 2485 2588 3095 
22069 1300 4373 4416 1033 
22070 3432 3930 2533 4270 
22071 3855 4131 2714 4273 
22072 476 477 468 3815 
22073 709 627 572 3104 
22074 3289 3061 3991 3290 
22075 2789 3277 3378 4305 
22076 761 763 345 762 
22077 2640 2638 2639 3206 
22078 1499 1501 1500 3968 
22079 3614 3770 1903 3899 
22080 401 432 417 2975 
22081 1328 4590 3242 3233 
22082 325 3451 4140 4391 
22083 754 753 745 4408 
22084 1715 224 225 3858 
22085 2563 2574 3001 3519 
22086 1227 1228 1068 4120 
22087 418 417 381 4338 
22088 1251 4248 1156 1374 
22089 1806 1624 1626 3828 
22090 2694 3124 3063 4079 
22091 1886 3547 1888 3548 
22092 764 765 24 3944 
22093 1252 1335 180 2854 
22094 2886 2908 3623 3879 
22095 1602 1599 1600 3778 
22096 763 764 24 4202 
22097 2852 3531 3505 3784 
22098 185 4440 1195 1197 
22099 2960 3090 4390 3479 
22100 2908 3452 3066 3845 
22101 1430 1065 1211 3500 
22102 1944 254 255 4189 
22103 3193 3585 1727 3660 
22104 1152 827 1154 3599 
22105 4472 1062 196 1451 
22106 1806 1705 1704 3901 
22107 714 2930 86 608 
22108 3004 3572 3255 4078 
22109 4551 3309 4472 1839 
22110 2493 2492 2491 3958 
22111 2688 3122 3078 4093 
22112 4500 19 1359 1375 
22113 2806 2962 3273 4042 
22114 4524 4525 3332 652 
22115 1071 1458 1331 3969 
22116 493 494 495 4273 
22117 3091 2945 3707 4143 
22118 2919 3486 3097 3877 
22119 414 4190 407 4227 
22120 1359 4500 1375 3233 
22121 322 2302 321 3755 
22122 3411 3412 1724 3920 
22123 1527 1496 1512 2878 
22124 3603 4125 3500 4220 
22125 2228 2272 2152 4342 
22126 4502 3001 4544 1306 
22127 1741 3402 3751 3987 
22128 578 691 577 3565 
22129 2763 3936 3303 4217 
22130 1797 248 1745 3578 
22131 2362 320 22 4273 
22132 412 415 449 2913 
22133 401 399 397 2976 
22134 420 462 3827 4029 
22135 647 611 648 3300 
22136 643 716 551 2793 
22137 1487 1548 1516 3928 
22138 433 437 413 4299 
22139 4594 122 628 4565 
22140 1217 1062 3309 1218 
22141 4594 4565 628 3786 
22142 3477 1399 37 4434 
22143 1514 2808 1512 3957 
22144 447 3239 2893 2780 
22145 2464 2463 2461 3953 
22146 3458 3783 2519 4218 
22147 835 1271 837 4026 
22148 3347 3414 2904 3931 
22149 2719 2968 3955 4377 
22150 4388 1328 3233 1198 
22151 2352 2363 2334 4034 
22152 2259 4565 122 2079 
22153 1519 1517 1518 4141 
22154 4472 3309 1177 4505 
22155 3453 3572 4078 3788 
22156 4211 4291 3477 4356 
22157 135 2316 2311 4347 
22158 2332 321 2302 3755 
22159 3103 3573 3831 4412 
22160 3015 3601 4301 4394 
22161 1216 1303 1108 4317 
22162 2222 2262 2075 4412 
22163 1413 1212 1117 3355 
22164 3020 4173 3118 4324 
22165 1395 977 1069 4098 
22166 2451 3649 2454 3790 
22167 381 445 418 4338 
22168 4485 680 700 681 
22169 2651 2671 2655 3563 
22170 2985 4234 2879 4253 
22171 4141 4366 3814 4051 
22172 4418 4562 2805 717 
22173 885 1209 846 4166 
22174 790 788 777 4106 
22175 3443 3715 3102 4366 
22176 1492 2878 1527 2973 
22177 1130 1171 1192 4028 
22178 3155 3007 3966 4401 
22179 2390 2415 351 4043 
22180 2214 3973 3837 4244 
22181 262 263 3682 3747 
22182 4479 3631 633 632 
22183 2958 2843 3247 3486 
22184 2999 3627 3098 4218 
22185 486 484 318 485 
22186 3038 4056 4399 4407 
22187 2853 3553 3226 4405 
22188 372 373 2392 4274 
22189 35 457 383 3876 
22190 1013 1158 989 4371 
22191 893 894 892 4022 
22192 4487 1087 1086 3655 
22193 2306 2326 2323 4013 
22194 14 4557 103 728 
22195 11 4450 71 729 
22196 600 548 705 3977 
22197 411 405 403 4362 
22198 3001 4502 3139 1307 
22199 2916 2917 565 3426 
22200 4538 1437 205 4471 
22201 1007 1115 3869 4316 
22202 2519 2518 2439 4218 
22203 2403 2550 3991 4256 
22204 1515 1511 1504 2865 
22205 2352 2361 2342 2795 
22206 2823 3529 3350 4268 
22207 1003 993 1002 4221 
22208 4042 3174 4194 2807 
22209 1650 1646 1763 4386 
22210 2064 3837 2214 3973 
22211 626 3426 2916 565 
22212 337 338 2340 4007 
22213 558 3079 592 3359 
22214 2740 389 2861 453 
22215 134 133 4418 550 
22216 2926 3753 3752 2927 
22217 4488 7 683 95 
22218 2867 3159 3099 3492 
22219 2841 4252 4245 4330 
22220 2639 2659 2640 3206 
22221 497 464 531 3595 
22222 462 382 422 4349 
22223 4168 3852 4344 3784 
22224 3161 3611 3009 4071 
22225 3296 3725 3328 2795 
22226 2336 2796 2351 4215 
22227 3095 3527 3141 4021 
22228 2995 3498 3155 3581 
22229 4546 2365 343 4113 
22230 1171 1247 1279 4392 
22231 2660 2630 2645 3825 
22232 4013 4144 3368 4347 
22233 2848 3174 2807 4194 
22234 768 23 322 769 
22235 21 314 492 491 
22236 1650 1770 1644 4386 
22237 925 913 927 4081 
22238 607 3283 2930 3771 
22239 2329 2313 2848 4194 
22240 135 601 134 4347 
22241 1504 1505 1515 2963 
22242 1224 1427 1053 4117 
22243 1205 1390 205 4473 
22244 1449 1376 1204 3226 
22245 1451 197 4472 1177 
22246 325 2660 326 4247 
22247 4471 206 205 2061 
22248 605 4597 604 3892 
22249 1348 1267 1118 3655 
22250 2913 3708 3362 4376 
22251 327 2306 326 3862 
22252 4558 535 473 4329 
22253 3648 4585 4066 1250 
22254 1193 1195 186 3001 
22255 4489 560 555 4389 
22256 4559 562 554 3812 
22257 606 633 4479 3447 
22258 1514 1535 1527 2919 
22259 545 682 576 3860 
22260 2237 311 3892 4293 
22261 1954 1911 1921 4055 
22262 2954 3644 3043 3645 
22263 3189 3120 3867 3575 
22264 2639 2631 2659 4163 
22265 2243 4565 2079 3786 
22266 2881 3087 2731 4303 
22267 1064 1007 1115 3869 
22268 1144 1417 1426 4250 
22269 3008 4014 3209 4184 
22270 2329 4042 4194 2807 
22271 613 2876 3093 2728 
22272 1991 1990 1931 4090 
22273 1922 4067 3947 4149 
22274 441 30 4228 459 
22275 2883 2771 4024 2746 
22276 1550 1479 1551 4169 
22277 38 1242 4490 4434 
22278 1019 1342 1304 3519 
22279 64 63 515 4420 
22280 1240 1296 1292 4331 
22281 2605 2472 3966 4401 
22282 1004 1006 207 4448 
22283 4491 69 534 4228 
22284 187 4492 1194 3986 
22285 2259 4565 2243 3886 
22286 2061 205 4471 4538 
22287 185 1421 184 4104 
22288 1624 1626 3828 4326 
22289 2180 2186 2233 4415 
22290 1425 3186 4478 3876 
22291 1003 4220 1211 4221 
22292 1511 1515 1516 2865 
22293 1569 1730 1729 4165 
22294 505 469 500 4384 
22295 3422 3658 3654 4403 
22296 797 751 774 4365 
22297 797 800 747 3755 
22298 68 67 517 4459 
22299 621 704 724 2867 
22300 2760 4010 3050 4068 
22301 1518 1521 2901 2974 
22302 2045 4098 1841 4201 
22303 950 948 1269 4086 
22304 4480 1105 4262 4263 
22305 1052 1073 1048 3937 
22306 1591 1753 4503 4373 
22307 1717 3926 3941 4057 
22308 1687 1686 1587 3946 
22309 3233 3679 3123 3917 
22310 2975 3532 2979 2768 
22311 2705 2786 4249 4295 
22312 2145 2147 2148 4207 
22313 3886 4565 3786 629 
22314 396 395 397 2922 
22315 2742 3407 4011 3784 
22316 4423 90 1480 4124 
22317 1334 4329 178 4495 
22318 426 408 410 2942 
22319 3585 3820 3167 3920 
22320 384 456 3477 3906 
22321 1241 1244 857 4103 
22322 2703 3474 4328 4410 
22323 724 597 621 3159 
22324 1717 3941 1782 4057 
22325 446 4478 4587 3186 
22326 2963 3014 2833 3569 
22327 3098 4218 3517 2999 
22328 758 756 348 757 
22329 2881 2818 3564 3955 
22330 2624 3760 3432 3785 
22331 690 584 655 3386 
22332 1399 1473 1149 3477 
22333 1157 817 1324 3978 
22334 2696 3527 3095 4021 
22335 341 340 3954 4287 
22336 3239 3670 3006 3741 
22337 1435 1363 1132 4272 
22338 1257 1368 1191 3718 
22339 1711 1652 1559 4179 
22340 707 49 50 4470 
22341 1972 2032 1828 3916 
22342 596 3672 586 3885 
22343 2869 1193 1196 1194 
22344 2563 3519 3001 3608 
22345 3005 3112 3715 4366 
22346 1553 1519 1485 2743 
22347 3123 3089 3917 3983 
22348 1775 1628 1772 4294 
22349 762 764 763 4202 
22350 3282 3707 3439 4143 
22351 2167 2164 2166 4155 
22352 3704 2747 4003 4205 
22353 1520 1521 1481 2902 
22354 3033 3952 2768 4199 
22355 1001 1000 932 4333 
22356 708 2911 570 639 
22357 2128 2127 2129 4292 
22358 1480 1532 1534 4124 
22359 1487 1537 1548 3986 
22360 21 2331 332 3678 
22361 3093 4041 3386 4323 
22362 231 3789 3613 4047 
22363 2283 2243 2079 3786 
22364 3627 3942 3098 4218 
22365 4470 613 49 2728 
22366 594 2938 556 722 
22367 397 395 432 2922 
22368 2331 2318 332 4410 
22369 1717 3926 1720 3941 
22370 89 90 1480 4423 
22371 2981 3053 2749 3900 
22372 2349 2360 2348 2782 
22373 2314 2322 2304 2806 
22374 799 776 814 4133 
22375 2728 3093 4254 4343 
22376 4423 1480 3923 4124 
22377 912 1365 1402 4159 
22378 2887 3827 3090 4390 
22379 2721 3417 2965 4253 
22380 1412 1160 1411 3975 
22381 3342 2505 3785 3366 
22382 1874 3658 3759 4177 
22383 2726 3900 2980 4005 
22384 3704 4003 2702 4205 
22385 3020 3155 4173 4324 
22386 1847 3391 3328 4115 
22387 471 519 524 3681 
22388 1224 1427 4117 4315 
22389 336 2627 2649 4314 
22390 1716 1717 1782 4057 
22391 30 534 474 4228 
22392 1169 1170 4515 3194 
22393 2999 3458 3627 4218 
22394 3118 4173 3730 4324 
22395 2205 2167 2168 4048 
22396 665 727 563 4023 
22397 2512 2575 2440 3942 
22398 977 4493 202 4201 
22399 135 4429 546 4347 
22400 684 4595 2610 3627 
22401 3328 3725 3047 2795 
22402 2883 3760 3991 4256 
22403 1948 3583 1918 3821 
22404 707 4470 50 2956 
22405 578 653 691 3332 
22406 2237 3892 3763 4293 
22407 1527 1535 1490 2920 
22408 1906 3841 1908 4346 
22409 437 385 439 4088 
22410 1610 3163 1617 4345 
22411 717 730 559 2805 
22412 3490 3966 3014 3989 
22413 1135 1138 1134 4138 
22414 359 2406 2548 4096 
22415 4505 2008 2037 3485 
22416 2926 3753 2927 3212 
22417 576 560 4113 4389 
22418 4491 30 4228 534 
22419 3034 3151 3747 4308 
22420 2837 3198 3577 4354 
22421 619 3159 597 3359 
22422 169 819 1388 4419 
22423 1543 1514 1476 3636 
22424 2970 3586 3570 4229 
22425 3058 3220 2799 4214 
22426 2054 3709 3735 4288 
22427 2887 3090 3716 4390 
22428 2780 3181 2928 3239 
22429 4438 148 147 551 
22430 1281 4262 1105 4263 
22431 926 934 933 4301 
22432 1030 4462 1443 1384 
22433 38 1399 1242 4434 
22434 641 119 4564 4593 
22435 3205 3734 2898 3847 
22436 3091 3707 3447 4372 
22437 1180 1382 1383 4383 
22438 1552 4399 1531 4206 
22439 2909 2980 3401 4005 
22440 1544 2838 2874 2964 
22441 4470 613 707 49 
22442 4139 4170 2862 4171 
22443 641 4593 4564 3391 
22444 2046 4564 4496 119 
22445 2680 2855 4153 4192 
22446 1178 855 1352 4089 
22447 3892 4580 670 3426 
22448 596 583 586 3672 
22449 1742 4018 1623 4357 
22450 2610 2387 2579 3627 
22451 49 394 4470 2728 
22452 1418 932 1174 4017 
22453 707 2876 4470 2956 
22454 1918 3583 3211 3821 
22455 1707 232 1710 4047 
22456 331 2652 332 4295 
22457 2194 2157 2254 3067 
22458 1478 1545 4075 4176 
22459 752 789 749 4004 
22460 3490 3730 3007 3966 
22461 931 932 1000 4333 
22462 2244 3631 2279 3886 
22463 2624 3785 3432 4270 
22464 4564 2000 1840 3391 
22465 1478 1546 1545 4176 
22466 829 2926 1310 3813 
22467 4482 2236 3545 2284 
22468 1478 1546 4176 4322 
22469 350 2410 351 3992 
22470 3122 3109 3641 4093 
22471 1713 225 224 3859 
22472 3670 3753 221 3832 
22473 282 4500 3917 3233 
22474 2876 654 3578 687 
22475 1576 3741 224 3858 
22476 607 2911 659 567 
22477 662 4569 112 663 
22478 259 1973 260 4191 
22479 551 147 2793 716 
22480 2046 4564 119 2000 
22481 2883 3375 3061 2746 
22482 57 4586 390 58 
22483 429 4490 39 3123 
22484 4111 4274 372 4275 
22485 2883 3991 3375 4256 
22486 1462 2928 1287 1289 
22487 565 572 538 2916 
22488 1871 1938 4177 4198 
22489 4547 536 519 84 
22490 1144 1050 1245 4394 
22491 1544 2838 1483 2874 
22492 662 4569 663 3539 
22493 1592 247 3588 3833 
22494 565 2917 602 3426 
22495 2329 2302 2320 3762 
22496 2637 2636 2668 4230 
22497 167 168 743 4424 
22498 170 171 4469 828 
22499 1308 214 4502 4463 
22500 2215 2214 2213 3973 
22501 695 576 560 4113 
22502 2873 2887 3425 4390 
22503 540 89 88 4423 
22504 428 52 51 4431 
22505 2534 359 2393 4375 
22506 2483 2481 2555 4281 
22507 595 625 725 3171 
22508 2814 3298 2762 4109 
22509 4403 4177 2920 3658 
22510 4563 2618 216 2573 
22511 167 792 166 4529 
22512 2813 4140 2736 4391 
22513 171 1355 4469 828 
22514 3568 4032 3092 4214 
22515 2064 3769 3837 3973 
22516 4469 170 828 3938 
22517 3283 3344 4579 659 
22518 3035 3515 2964 4055 
22519 731 716 643 2793 
22520 3885 4520 3672 586 
22521 2780 3049 2928 3181 
22522 2745 2960 4029 4121 
22523 828 1355 4469 3134 
22524 3155 3966 3730 4324 
22525 1708 3181 3239 3832 
22526 1020 1008 924 4061 
22527 2357 2343 2355 4232 
22528 3481 3833 2956 3819 
22529 4560 115 4494 610 
22530 3901 3278 3417 2965 
22531 3063 3192 4096 2762 
22532 2956 663 566 612 
22533 2081 310 311 4293 
22534 414 407 431 4227 
22535 334 333 2633 3538 
22536 248 247 3578 3588 
22537 1490 1492 1527 2973 
22538 1003 1211 993 4221 
22539 2882 3408 3149 3606 
22540 3066 4018 2985 4279 
22541 420 410 409 2887 
22542 2008 3485 2002 2037 
22543 2362 4131 320 4273 
22544 414 455 2906 4227 
22545 3297 4153 2855 4192 
22546 532 498 516 3856 
22547 650 4588 668 3681 
22548 381 28 27 4532 
22549 3007 3266 3014 3966 
22550 333 2689 334 4236 
22551 1661 1738 1782 3941 
22552 1304 1305 1082 3519 
22553 1549 1524 1550 2884 
22554 4390 4342 2873 2960 
22555 3297 2856 3598 4153 
22556 4197 757 759 23 
22557 3108 4269 3660 3193 
22558 1637 1802 1631 4082 
22559 1504 1511 1509 2904 
22560 215 1376 4563 4463 
22561 3701 3847 2441 3942 
22562 1519 1518 1485 2743 
22563 2651 2667 2657 4060 
22564 4591 558 2766 139 
22565 153 719 2938 556 
22566 619 621 597 3159 
22567 3187 3373 4189 4367 
22568 1428 1115 1007 4316 
22569 2930 3283 2931 3612 
22570 713 3003 638 4225 
22571 2634 342 341 4091 
22572 1905 3515 3614 4346 
22573 1492 1496 1527 2878 
22574 2261 2216 2071 4277 
22575 469 517 67 4561 
22576 2505 3366 2621 4283 
22577 961 959 1338 4092 
22578 1679 3752 1568 3753 
22579 2309 2324 2310 3934 
22580 2961 3598 2856 4153 
22581 3539 3833 3099 4127 
22582 3816 3095 3096 4281 
22583 2670 345 24 4202 
22584 420 409 416 2873 
22585 703 651 3047 4037 
22586 2195 2157 2194 3067 
22587 2883 3760 3249 3991 
22588 216 215 4563 2573 
22589 2969 4148 4055 4149 
22590 3147 3398 2982 4341 
22591 1577 3294 3600 3858 
22592 3328 4037 279 4115 
22593 3492 3539 3099 4127 
22594 2547 2613 2546 3760 
22595 2928 3194 3832 3946 
22596 717 559 132 4562 
22597 3116 3459 2949 3757 
22598 3148 3641 2779 4093 
22599 2618 2573 4563 4263 
22600 3193 3227 3108 4269 
22601 152 548 4447 719 
22602 1645 1646 1644 4393 
22603 3591 4323 4041 4343 
22604 249 4601 4084 4566 
22605 423 425 426 2946 
22606 1750 4598 1755 1784 
22607 4531 2346 4422 4164 
22608 763 24 345 4202 
22609 416 414 454 2906 
22610 3472 3625 2978 3871 
22611 2519 3458 3171 3783 
22612 258 1807 257 4223 
22613 760 758 756 4070 
22614 3458 2439 2579 3627 
22615 1705 1706 1562 4280 
22616 3085 4155 3961 4321 
22617 3815 61 62 468 
22618 2363 2352 145 4034 
22619 178 1555 1538 4329 
22620 1371 182 4075 4322 
22621 2027 1915 1996 4148 
22622 747 98 4550 784 
22623 470 4450 71 507 
22624 2679 2746 4024 4369 
22625 1844 1852 1853 4318 
22626 1243 1276 940 4380 
22627 503 22 320 494 
22628 771 24 344 780 
22629 1512 1496 1510 2891 
22630 1541 183 1552 4206 
22631 1305 4544 1306 212 
22632 25 26 4541 393 
22633 1579 1721 229 4376 
22634 2573 3226 4563 4263 
22635 23 757 348 4197 
22636 3886 4528 3631 2279 
22637 797 795 751 3622 
22638 828 3134 4469 3938 
22639 1334 178 4329 1282 
22640 2605 3966 3266 4401 
22641 216 215 1106 4563 
22642 91 4124 591 4352 
22643 1303 1337 1058 4317 
22644 3093 654 613 655 
22645 2041 1955 1921 4149 
22646 138 4527 718 549 
22647 1403 829 1310 3813 
22648 412 434 399 4387 
22649 1736 1627 1625 4325 
22650 3229 3858 3600 3006 
22651 2303 2319 2328 4171 
22652 3283 3612 2930 3771 
22653 432 395 440 2921 
22654 170 171 794 4469 
22655 2802 3075 2740 4038 
22656 2356 2347 2355 4085 
22657 1075 1171 1130 4392 
22658 557 716 731 2793 
22659 3029 3785 3760 4283 
22660 1003 1007 1064 3869 
22661 3490 3989 3014 4158 
22662 2757 3245 3543 3742 
22663 119 4496 642 4564 
22664 2763 2961 3303 3936 
22665 3414 3816 3096 4281 
22666 3477 4233 3186 4291 
22667 4561 1392 3599 827 
22668 89 90 4423 590 
22669 52 53 4431 385 
22670 2205 2204 3349 4288 
22671 12 76 4506 4468 
22672 103 4557 744 779 
22673 3407 3729 2899 4062 
22674 726 4468 77 698 
22675 4545 208 1357 1356 
22676 2883 3432 3249 3760 
22677 410 2887 420 3827 
22678 3763 3892 3056 4293 
22679 1004 1065 1430 3500 
22680 440 395 394 2886 
22681 1530 1498 1506 4056 
22682 3901 3278 2965 4165 
22683 1370 1367 1301 3675 
22684 329 2659 330 4163 
22685 280 279 4037 4115 
22686 559 713 3003 3631 
22687 4463 4563 3226 1376 
22688 1297 1386 190 4542 
22689 994 995 982 3997 
22690 1712 1559 1652 4179 
22691 800 322 321 3755 
22692 3006 3600 3294 3858 
22693 3068 3729 3926 4062 
22694 1528 1532 91 4352 
22695 2343 2341 2355 4231 
22696 3231 3656 1893 3851 
22697 3215 3916 3487 4310 
22698 2532 2624 2533 4270 
22699 392 42 43 4554 
22700 618 4582 4598 3359 
22701 456 3477 3906 4233 
22702 593 2938 594 3541 
22703 1665 1664 1663 4379 
22704 4388 1328 1198 1201 
22705 1527 1512 1514 2808 
22706 2984 3744 3728 4145 
22707 1815 1847 1848 4229 
22708 3435 4189 1944 4367 
22709 409 410 408 2888 
22710 281 2236 282 3917 
22711 2518 3783 2561 4218 
22712 3058 4214 2799 4215 
22713 562 4600 729 4406 
22714 612 687 707 2876 
22715 554 723 139 4432 
22716 722 4489 153 555 
22717 4547 536 84 4570 
22718 2802 3270 3075 4038 
22719 568 666 566 3099 
22720 1544 1507 1546 2964 
22721 346 347 803 761 
22722 4418 2313 4562 133 
22723 2485 2487 3816 3095 
22724 564 3458 667 661 
22725 1053 918 1224 4117 
22726 1218 1177 1062 3309 
22727 2834 3443 3102 4366 
22728 708 2970 640 570 
22729 2205 4048 2168 4312 
22730 2842 3312 3338 4119 
22731 730 2805 630 3886 
22732 2793 3115 3296 2795 
22733 3794 4010 2760 4068 
22734 3391 4425 641 4593 
22735 3014 3569 3348 3989 
22736 4497 122 4565 629 
22737 704 621 568 2867 
22738 2134 2136 2133 4297 
22739 1281 1419 1105 4262 
22740 132 133 4562 2313 
22741 1826 264 1968 4308 
22742 4418 133 717 550 
22743 380 379 2569 4000 
22744 602 3056 715 671 
22745 973 977 202 4201 
22746 280 1840 279 4115 
22747 791 781 760 4307 
22748 2328 2325 2317 2832 
22749 724 718 597 2828 
22750 2330 2302 322 3755 
22751 4031 4066 3129 4186 
22752 559 132 4562 4475 
22753 567 88 87 4427 
22754 3961 4155 3085 3142 
22755 458 47 4 4535 
22756 2630 2673 2645 3825 
22757 2355 2347 2339 3977 
22758 2463 2621 2505 3366 
22759 348 2671 23 4197 
22760 1069 1339 1395 4098 
22761 683 682 545 3860 
22762 543 96 97 4457 
22763 1010 1151 1295 4175 
22764 2978 3871 3625 3887 
22765 386 56 55 4439 
22766 93 1481 92 3098 
22767 1531 1530 1506 4399 
22768 2274 2153 2155 4397 
22769 813 177 7 4488 
22770 4505 3485 1164 4248 
22771 143 4498 101 142 
22772 652 616 3205 3332 
22773 3229 3858 3006 3741 
22774 3934 4234 2738 4253 
22775 1194 4492 188 1355 
22776 4569 3539 3588 663 
22777 578 738 576 4389 
22778 2844 3278 3138 4165 
22779 2336 2351 2796 2361 
22780 335 336 2359 3540 
22781 60 61 3210 475 
22782 59 60 4466 472 
22783 670 4597 604 10 
22784 1525 1544 1546 2838 
22785 1591 4503 1753 1798 
22786 1544 1510 1507 2964 
22787 1107 1108 1303 3727 
22788 169 168 4419 788 
22789 76 77 4468 698 
22790 1730 3660 1793 4165 
22791 2318 4410 2303 4171 
22792 4470 613 2876 707 
22793 3007 4173 2775 4174 
22794 2906 3571 2859 4227 
22795 1624 3828 3202 4326 
22796 23 2671 323 4197 
22797 4459 67 517 4561 
22798 446 3477 456 4233 
22799 2629 2661 328 3427 
22800 958 956 959 3176 
22801 1272 3089 1129 3545 
22802 4516 3386 1797 4477 
22803 773 759 769 3717 
22804 833 1134 1380 4138 
22805 1082 1433 211 4499 
22806 2168 2206 2068 4312 
22807 627 3786 629 3886 
22808 2851 4033 3318 2792 
22809 2492 3736 2491 3958 
22810 149 148 4531 598 
22811 1985 1896 1894 4374 
22812 2320 324 2304 4042 
22813 91 539 92 4352 
22814 4418 2313 2805 4562 
22815 1972 1828 266 4310 
22816 1399 4434 3477 4356 
22817 562 694 582 4406 
22818 341 2348 340 4287 
22819 1260 1133 1475 4204 
22820 3338 4097 3483 4119 
22821 2911 659 567 639 
22822 4600 2333 313 4406 
22823 4562 3003 559 4475 
22824 1376 1106 215 4563 
22825 4589 4516 614 3578 
22826 3660 3901 2965 4165 
22827 3435 3187 4189 4367 
22828 594 2938 722 736 
22829 4421 1141 4226 1163 
22830 77 78 471 4458 
22831 1424 1444 1145 4020 
22832 272 1967 273 4332 
22833 730 717 630 2805 
22834 4451 40 389 4388 
22835 2856 4153 3297 4192 
22836 3282 3707 3091 4372 
22837 128 74 4501 129 
22838 3005 3715 3443 4366 
22839 4430 4536 1553 2743 
22840 2920 3422 2919 4403 
22841 665 543 727 4023 
22842 1017 1030 1026 3948 
22843 388 430 449 2927 
22844 4468 12 76 698 
22845 1125 1175 1065 4315 
22846 827 4561 67 4459 
22847 1616 1610 1617 4345 
22848 1469 1192 1171 4028 
22849 1966 2033 1965 4116 
22850 3444 3956 3852 2705 
22851 680 679 584 4254 
22852 2041 1921 4148 4149 
22853 3097 3486 3105 4290 
22854 4555 4506 4468 12 
22855 4480 4563 2618 216 
22856 311 4580 312 3892 
22857 1505 1504 1503 2963 
22858 2318 2303 4410 2331 
22859 2403 2551 2550 4256 
22860 746 170 4460 169 
22861 3097 3654 3422 4290 
22862 3090 3827 2745 4390 
22863 2081 2106 2103 4372 
22864 3477 1350 4356 4291 
22865 546 601 135 4347 
22866 3014 3490 3007 3966 
22867 935 1288 1009 4337 
22868 3162 3188 4210 4343 
22869 187 186 4445 1193 
22870 2313 4015 2322 4418 
22871 3458 2439 3627 4218 
22872 469 4561 67 4540 
22873 827 4561 4459 3599 
22874 2343 339 2341 4231 
22875 326 2314 325 3824 
22876 1518 1521 1520 2901 
22877 1371 823 1370 4322 
22878 526 316 317 484 
22879 454 414 455 2906 
22880 561 4468 12 4555 
22881 1094 1117 1099 4095 
22882 1847 3391 1850 4229 
22883 3760 3785 2547 4283 
22884 3237 4099 4101 4150 
22885 2395 2545 2589 4335 
22886 1356 1268 1415 3603 
22887 341 3954 2771 4287 
22888 2834 3102 4051 4366 
22889 1702 1742 1623 4357 
22890 446 384 456 3477 
22891 3977 150 600 151 
22892 2627 336 335 4314 
22893 3222 4055 2969 4148 
22894 1306 4502 1307 213 
22895 1467 1211 3500 1430 
22896 91 4124 4352 1532 
22897 1104 829 1293 2926 
22898 2863 3141 3958 4021 
22899 357 356 2401 4258 
22900 819 4424 168 1469 
22901 136 137 599 4428 
22902 1511 2884 1509 2904 
22903 1512 1513 1476 3957 
22904 686 3578 687 3588 
22905 1644 1646 4386 4393 
22906 4451 40 39 389 
22907 945 946 947 4319 
22908 2952 2969 3947 4149 
22909 163 4449 164 752 
22910 4569 248 4589 3588 
22911 2965 3278 2844 4165 
22912 2308 2323 2316 4144 
22913 1548 1484 2846 3986 
22914 1251 4248 1374 2854 
22915 91 4124 1532 90 
22916 4561 4540 469 4384 
22917 4561 1392 827 1463 
22918 4470 49 50 394 
22919 420 3827 2887 4390 
22920 3001 4502 1307 1306 
22921 2969 3222 2964 4055 
22922 774 751 808 4259 
22923 482 21 492 491 
22924 23 768 759 769 
22925 1006 1467 1356 3603 
22926 1481 2999 92 3098 
22927 2945 3447 3091 3707 
22928 2960 4029 2873 4390 
22929 441 391 459 4228 
22930 3107 2765 4254 4343 
22931 4066 4487 3655 1087 
22932 652 653 616 3332 
22933 492 523 314 4328 
22934 4568 54 433 4299 
22935 595 623 625 3171 
22936 2968 3936 2719 4217 
22937 363 2404 362 3290 
22938 519 471 536 3681 
22939 940 896 898 3369 
22940 4450 71 70 470 
22941 2504 2613 2547 4283 
22942 787 2371 2366 2370 
22943 1307 1308 4502 3139 
22944 2928 3181 3049 3946 
22945 693 601 546 4347 
22946 3741 3858 3006 3859 
22947 4491 30 534 2 
22948 1816 2008 198 4248 
22949 3966 4324 3155 4401 
22950 2680 4192 3719 4205 
22951 2364 2349 342 3671 
22952 4599 609 115 4560 
22953 131 711 563 4474 
22954 2475 2599 2473 4158 
22955 2561 3783 3517 4218 
22956 4539 175 174 740 
22957 2588 2503 2585 4109 
22958 2041 2027 1996 4148 
22959 920 910 1333 4276 
22960 361 2554 360 4409 
22961 57 56 425 4436 
22962 786 101 100 4498 
22963 1185 828 1188 3938 
22964 3039 3625 3472 4313 
22965 441 30 29 4553 
22966 1541 4467 183 4206 
22967 81 1476 1540 4151 
22968 4569 248 8 4589 
22969 24 771 765 780 
22970 22 503 488 494 
22971 202 1395 4493 977 
22972 2081 4293 3763 4372 
22973 2006 4560 115 4494 
22974 3918 4249 2786 4295 
22975 3209 4125 3617 4381 
22976 3007 2825 4173 4174 
22977 1991 1931 1992 4040 
22978 766 776 770 4237 
22979 1218 1153 1177 3309 
22980 1792 1795 1676 4402 
22981 3068 3926 2772 4062 
22982 2786 3396 3081 4249 
22983 1518 1505 1521 2974 
22984 2094 2109 2234 4378 
22985 3439 3707 2945 4143 
22986 4599 609 4560 3771 
22987 280 4037 4556 4115 
22988 17 1169 4515 4503 
22989 191 1386 1108 4456 
22990 2911 659 639 3344 
22991 750 799 814 4133 
22992 2293 510 2297 2292 
22993 1472 1184 849 4063 
22994 888 874 872 4284 
22995 2956 663 612 3588 
22996 1228 1227 1452 4120 
22997 2471 2470 2469 3989 
22998 783 166 4444 165 
22999 2680 2855 4192 4205 
23000 819 4058 4419 4106 
23001 86 87 2930 714 
23002 1039 1063 1040 4132 
23003 1814 4560 2007 3771 
23004 3096 3414 2884 3816 
23005 4552 107 587 585 
23006 819 1279 1388 4058 
23007 383 457 450 3876 
23008 4499 1433 212 1305 
23009 4349 45 44 382 
23010 2006 4560 4494 2007 
23011 1459 1014 1234 4039 
23012 4485 391 49 2728 
23013 3098 3847 3701 3942 
23014 3009 3265 3161 4071 
23015 691 580 577 3565 
23016 1941 1837 1992 4311 
23017 2894 3239 3006 3859 
23018 2728 4210 3188 4343 
23019 2797 3342 3594 4051 
23020 81 4442 522 4151 
23021 1168 1293 3212 4373 
23022 2532 3785 2624 4270 
23023 3046 4143 3045 2885 
23024 3116 3757 3246 4374 
23025 214 2408 2577 4463 
23026 146 4426 716 557 
23027 2672 2656 315 4114 
23028 1445 3545 4482 3917 
23029 4485 48 49 391 
23030 2969 2964 3947 4055 
23031 4582 4598 1784 1755 
23032 2544 368 2396 4404 
23033 1528 92 1481 2999 
23034 1635 1785 1633 4269 
23035 326 2663 327 3673 
23036 2876 654 687 613 
23037 91 4124 90 591 
23038 2814 2762 3317 4109 
23039 2799 4215 334 4236 
23040 3097 3877 3486 4290 
23041 429 389 454 2947 
23042 3184 3470 2921 3685 
23043 519 84 83 4547 
23044 4480 1106 1105 4263 
23045 998 970 997 4261 
23046 59 60 825 4466 
23047 4447 151 548 152 
23048 2345 2353 2359 3564 
23049 70 69 4441 518 
23050 564 661 615 3627 
23051 54 437 433 4299 
23052 2608 4463 2566 2408 
23053 1557 1539 1516 3558 
23054 4512 461 41 442 
23055 1087 4487 200 4585 
23056 2616 380 2569 4000 
23057 3181 3239 2780 3393 
23058 4210 4254 2765 4343 
23059 3417 3901 1704 4280 
23060 2623 2497 2556 4324 
23061 1121 1042 1122 4320 
23062 1517 1519 1547 4141 
23063 2817 2938 3557 4183 
23064 3447 3763 3091 4372 
23065 414 2906 2859 4227 
23066 1073 1052 1185 3937 
23067 1359 1375 1328 3233 
23068 2319 2305 2328 2766 
23069 1962 3149 3303 3891 
23070 1112 1180 1383 4383 
23071 1794 1701 1789 4341 
23072 2577 2408 2566 4463 
23073 1797 4589 3578 4516 
23074 1036 1319 1454 4150 
23075 1550 1509 1549 2884 
23076 2298 521 313 2295 
23077 410 423 426 2943 
23078 4527 138 137 549 
23079 1650 4282 1770 4386 
23080 775 789 778 4178 
23081 4533 172 16 812 
23082 2709 3231 2961 3851 
23083 3477 384 37 446 
23084 2745 4029 2960 4390 
23085 1090 1318 903 4413 
23086 581 691 3332 3565 
23087 4505 197 1164 1177 
23088 1932 1830 2012 4336 
23089 732 575 539 4352 
23090 91 732 539 4352 
23091 2576 4595 4525 158 
23092 560 4437 728 676 
23093 3162 4210 2765 4343 
23094 95 94 701 4430 
23095 4516 3386 4477 654 
23096 511 66 65 4453 
23097 581 579 691 3565 
23098 1052 1001 1187 4006 
23099 1095 1142 1162 3998 
23100 2834 3005 3443 4366 
23101 1840 280 4496 4115 
23102 509 73 74 4501 
23103 2373 2372 798 787 
23104 2730 3097 2967 4403 
23105 560 4437 676 695 
23106 1478 4176 4075 4322 
23107 4439 56 55 565 
23108 1252 3648 3129 4066 
23109 431 405 411 4362 
23110 4466 4583 533 3238 
23111 1157 1324 1323 3978 
23112 2081 2103 310 4293 
23113 4125 4220 2872 4381 
23114 530 2296 490 2289 
23115 2872 4125 3603 4220 
23116 2233 2183 2178 4286 
23117 105 104 4465 545 
23118 390 458 58 4586 
23119 4518 101 4498 142 
23120 742 2371 786 2367 
23121 2532 2533 2391 4270 
23122 2504 3366 3596 4283 
23123 2370 2366 787 807 
23124 506 63 62 4537 
23125 2298 521 2295 465 
23126 3500 4125 3008 4220 
23127 3181 3434 3049 3946 
23128 1364 1107 1303 3727 
23129 2728 4254 4210 4343 
23130 1059 1011 1315 4260 
23131 929 987 1018 4068 
23132 2771 3120 4287 4354 
23133 1166 3194 1169 3212 
23134 778 773 775 4178 
23135 4490 39 38 429 
23136 1462 3049 1215 3274 
23137 1932 1983 1830 4336 
23138 60 1380 825 4466 
23139 2910 3413 3749 4355 
23140 2620 2472 2605 4401 
23141 2958 3460 3247 3916 
23142 586 585 4520 3672 
23143 2377 798 784 742 
23144 81 522 463 4151 
23145 3443 3102 3715 3836 
23146 2982 3398 3229 4341 
23147 1804 1739 1638 4313 
23148 4498 101 100 143 
23149 582 584 739 4254 
23150 4506 502 76 467 
23151 103 4557 14 4507 
23152 1646 1650 1644 4386 
23153 1544 1525 1483 2838 
23154 4498 4571 786 2375 
23155 4390 4342 2960 3479 
23156 2204 2203 2054 4288 
23157 584 582 680 4254 
23158 4466 4583 59 533 
23159 638 702 632 3631 
23160 766 782 776 4237 
23161 767 803 346 2369 
23162 2613 3760 2547 4283 
23163 556 593 595 3292 
23164 1314 1421 1197 4104 
23165 2965 3660 3377 3901 
23166 2979 3532 2978 2768 
23167 2349 2348 341 4287 
23168 2335 2364 344 3643 
23169 595 719 556 3292 
23170 2205 4288 3349 4312 
23171 3285 3725 3296 2795 
23172 79 80 4558 473 
23173 646 651 645 4037 
23174 4503 1300 1168 4373 
23175 4422 4232 2339 3977 
23176 4422 4232 2346 2339 
23177 55 54 433 4568 
23178 254 1944 1832 4189 
23179 140 4432 2319 4559 
23180 1155 1374 1405 3485 
23181 4551 1024 1062 4084 
23182 865 1426 1417 4250 
23183 767 2374 807 2369 
23184 4329 1282 178 1441 
23185 1095 1162 1392 3998 
23186 4214 4377 3213 2801 
23187 767 345 346 761 
23188 490 317 526 2289 
23189 1484 1524 1549 2863 
23190 676 103 104 4437 
23191 990 977 973 4201 
23192 803 347 758 761 
23193 4440 186 1524 185 
23194 4491 30 2 459 
23195 2292 510 2297 530 
23196 2295 521 2290 510 
23197 1474 1086 1118 3655 
23198 680 542 681 4228 
23199 3892 734 671 605 
23200 3117 3713 3116 4374 
23201 140 4432 4559 554 
23202 4489 154 153 555 
23203 3049 3434 3274 3946 
23204 1245 1050 934 4394 
23205 442 389 40 4388 
23206 2863 2884 3141 4021 
23207 2304 2806 2322 4194 
23208 2766 3163 2862 4139 
23209 767 346 803 761 
23210 4432 2319 4559 3812 
23211 98 13 4550 4508 
23212 4450 11 71 4509 
23213 2371 787 786 2370 
23214 2806 2304 4042 4194 
23215 4591 139 138 718 
23216 4592 152 719 153 
23217 509 2291 508 2292 
23218 512 501 476 3733 
23219 129 74 4501 4519 
23220 114 611 646 4510 
23221 1310 829 1104 2926 
23222 172 173 750 4452 
23223 422 410 420 3827 
23224 1579 1767 1722 4285 
23225 641 4425 118 4593 
23226 1548 2816 1511 3928 
23227 536 78 6 4570 
23228 1538 1555 1488 4329 
23229 3098 3205 2898 3847 
23230 391 394 49 2728 
23231 144 4511 100 4571 
23232 132 133 717 4562 
23233 671 603 734 3056 
23234 2377 798 742 2373 
23235 606 633 125 4479 
23236 3097 3422 2919 3877 
23237 4512 461 442 2740 
23238 4446 85 86 696 
23239 3007 3155 3730 4173 
23240 4511 100 99 144 
23241 72 127 73 4513 
23242 672 3283 607 3771 
23243 763 765 24 764 
23244 825 4466 1380 3238 
23245 564 574 667 2999 
23246 3266 3014 3966 3989 
23247 3679 3735 3123 3917 
23248 1302 1031 1119 4385 
23249 3477 4587 3186 446 
23250 723 737 3079 3812 
23251 4513 127 73 4572 
23252 3138 3278 2922 3471 
23253 1242 1129 1272 3089 
23254 709 4594 3306 656 
23255 3349 4288 3110 4312 
23256 526 481 316 484 
23257 2368 2375 786 2370 
23258 1545 1530 1531 4399 
23259 510 2293 509 2292 
23260 2372 804 798 787 
23261 2370 2368 2374 785 
23262 455 431 456 3906 
23263 1150 1283 1176 4358 
23264 490 526 317 484 
23265 74 128 4501 73 
23266 1446 1206 4577 3545 
23267 105 104 748 4465 
23268 3519 4499 4544 1305 
23269 384 455 456 3906 
23270 2375 786 2371 2367 
23271 463 522 499 4151 
23272 4501 4572 2288 509 
23273 1187 1001 1431 4006 
23274 57 4586 58 697 
23275 2311 2316 2326 4347 
23276 1478 1525 1546 4322 
23277 3917 4500 281 4482 
23278 1994 1995 2029 4066 
23279 311 4580 3892 3426 
23280 552 638 720 4225 
23281 1991 1931 4040 4090 
23282 1314 1148 1421 4104 
23283 2372 803 347 804 
23284 1105 4480 216 1106 
23285 1150 1358 1283 4358 
23286 1921 1955 1954 4149 
23287 2290 527 316 526 
23288 767 346 345 2369 
23289 431 455 414 4227 
23290 465 509 2293 2294 
23291 1405 1164 1177 3485 
23292 530 2296 529 490 
23293 4214 4377 2801 3092 
23294 4556 2043 4037 280 
23295 626 3426 565 657 
23296 2950 3351 3967 4152 
23297 1984 2050 1924 4348 
23298 4550 98 97 699 
23299 2068 2205 2168 4312 
23300 4465 4488 683 3860 
23301 558 597 718 2828 
23302 444 382 462 4349 
23303 2439 2518 2440 4218 
23304 4465 779 104 748 
23305 482 478 21 480 
23306 563 13 131 4474 
23307 4555 145 12 561 
23308 2954 2767 3119 4363 
23309 2912 3294 3600 4057 
23310 490 317 318 484 
23311 324 2630 325 4391 
23312 1307 3001 1193 3139 
23313 1388 1279 1387 4058 
23314 2668 2636 2658 4230 
23315 702 559 730 3631 
23316 3029 3596 3366 4283 
23317 586 583 690 3672 
23318 2928 3049 3194 3946 
23319 4465 4488 105 683 
23320 4484 620 111 619 
23321 1921 1954 4055 4149 
23322 1154 1282 1334 4329 
23323 538 733 54 4299 
23324 673 610 609 3771 
23325 1476 1514 1512 3957 
23326 412 451 434 4387 
23327 742 2373 2371 2367 
23328 421 420 416 4029 
23329 1972 3916 1828 4310 
23330 4498 785 786 101 
23331 803 758 347 804 
23332 4584 156 623 624 
23333 806 2374 807 767 
23334 986 928 1360 4334 
23335 1995 3648 2029 4066 
23336 767 763 345 761 
23337 521 527 2290 510 
23338 2505 3785 3366 4283 
23339 3209 4125 3008 4184 
23340 508 4578 75 467 
23341 786 100 742 4571 
23342 2292 508 509 530 
23343 430 383 451 3813 
23344 748 3860 4465 4113 
23345 2301 529 467 508 
23346 3359 4582 4598 1784 
23347 4504 3541 593 4522 
23348 4437 4465 695 4113 
23349 4523 1251 1250 3648 
23350 742 2371 787 786 
23351 1544 1542 1510 2874 
23352 552 131 132 4475 
23353 2374 807 2370 785 
23354 192 191 4464 1567 
23355 2370 807 2374 2369 
23356 2362 2351 2334 4131 
23357 713 702 638 3631 
23358 830 4514 181 4322 
23359 2504 2547 2621 4283 
23360 217 17 4515 4503 
23361 2891 3770 3614 3899 
23362 56 565 4439 2917 
23363 196 4551 1024 1062 
23364 102 785 744 4507 
23365 2301 529 508 2296 
23366 3007 3730 3118 4173 
23367 465 507 72 4513 
23368 4439 4568 433 2749 
23369 534 518 474 4228 
23370 3007 3118 2775 4173 
23371 248 3578 4589 3588 
23372 1149 1080 1128 4356 
23373 2372 2373 2371 787 
23374 2294 509 2293 2288 
23375 484 318 490 486 
23376 3727 4464 4462 1384 
23377 490 318 317 2289 
23378 1029 4483 210 1422 
23379 4434 38 37 384 
23380 558 592 597 3359 
23381 3296 3328 2793 2795 
23382 4429 136 135 546 
23383 1170 3194 1462 3274 
23384 527 481 316 526 
23385 2378 806 343 2374 
23386 509 2288 2291 2292 
23387 1406 1468 984 4266 
23388 2378 806 2374 785 
23389 2366 803 807 2369 
23390 2291 508 2292 2296 
23391 2296 530 2292 2289 
23392 419 417 432 2768 
23393 3432 3785 2770 4270 
23394 1201 1328 1357 3242 
23395 2366 803 787 807 
23396 664 544 726 4157 
23397 798 2376 2372 2373 
23398 2371 786 2375 2370 
23399 85 4570 668 4588 
23400 784 99 4511 742 
23401 2371 2373 742 787 
23402 180 181 830 4514 
23403 73 509 465 4572 
23404 1797 4589 4516 8 
23405 33 34 430 4517 
23406 74 509 4501 4519 
23407 3278 3471 3138 4165 
23408 1293 4517 829 1166 
23409 348 347 758 804 
23410 1163 1140 1141 4226 
23411 787 786 2370 807 
23412 804 758 348 757 
23413 1107 4456 3727 4464 
23414 2564 2410 2565 4257 
23415 1552 182 1478 4075 
23416 140 4432 554 139 
23417 4115 4564 642 4496 
23418 613 679 700 2728 
23419 1163 825 1140 4226 
23420 2297 526 317 2289 
23421 4498 4571 2375 143 
23422 2333 4559 140 2319 
23423 2362 2334 320 4131 
23424 4492 188 187 1194 
23425 4434 1128 1242 2729 
23426 3020 3581 3155 4324 
23427 446 456 436 4233 
23428 2296 2299 490 2289 
23429 2659 2631 330 4163 
23430 530 2292 508 2296 
23431 526 2297 530 2289 
23432 2663 326 2660 4247 
23433 1242 1272 1200 3123 
23434 2744 4143 3046 2885 
23435 4559 2319 2333 3812 
23436 19 281 4500 4482 
23437 2290 2295 510 2293 
23438 4480 216 20 1105 
23439 141 101 102 4518 
23440 74 130 75 4519 
23441 728 154 4546 560 
23442 562 4600 4406 4559 
23443 4442 1488 4558 3419 
23444 2887 3716 3425 4390 
23445 1182 1363 1435 4272 
23446 2379 780 763 767 
23447 2303 2328 2318 4171 
23448 3860 4536 4141 796 
23449 803 2366 346 2369 
23450 1281 1105 1106 4263 
23451 673 2930 3771 607 
23452 4503 1753 1798 195 
23453 1449 1281 1106 4263 
23454 469 67 66 4540 
23455 465 2293 2295 2294 
23456 316 2290 526 2297 
23457 4442 1488 80 4558 
23458 713 638 3003 3631 
23459 4 96 669 4535 
23460 2295 510 2293 465 
23461 1171 1075 1247 4392 
23462 181 1525 1478 4322 
23463 2292 509 510 530 
23464 602 3056 671 3892 
23465 2805 3886 3631 4193 
23466 3471 4165 3278 4280 
23467 2825 3155 3007 4173 
23468 520 492 497 4328 
23469 3129 4066 3648 4186 
23470 2576 4595 158 2387 
23471 509 2293 510 465 
23472 225 3858 224 3859 
23473 490 2299 503 486 
23474 4498 785 101 4518 
23475 1793 3660 3585 4165 
23476 559 702 713 3631 
23477 622 4573 623 4000 
23478 492 520 523 4328 
23479 197 2008 1839 4505 
23480 315 480 481 527 
23481 34 383 430 3813 
23482 708 658 641 3344 
23483 346 347 2366 803 
23484 2928 3239 3181 3832 
23485 430 4517 34 3813 
23486 1348 1252 830 3129 
23487 2205 3349 4048 4312 
23488 1428 1258 1115 4316 
23489 1268 1356 1467 3603 
23490 76 77 502 4468 
23491 2471 2469 3966 3989 
23492 1599 3778 1602 4373 
23493 1293 1168 1300 4373 
23494 526 2297 510 530 
23495 1086 4487 200 1087 
23496 2912 3600 3398 4057 
23497 803 347 2366 2372 
23498 2376 768 804 757 
23499 4458 4570 536 3681 
23500 767 2379 2374 2369 
23501 41 40 4512 442 
23502 1272 1200 3123 3917 
23503 74 509 4519 508 
23504 819 1388 4419 4058 
23505 3239 447 449 388 
23506 521 2290 2300 2295 
23507 812 16 4533 171 
23508 818 183 1457 4467 
23509 4491 69 2 534 
23510 79 80 1488 4558 
23511 2721 3278 2965 3417 
23512 2969 4055 3947 4149 
23513 3648 4585 1250 4523 
23514 769 797 774 4365 
23515 4558 1488 79 1555 
23516 1402 1365 1120 4159 
23517 347 348 2372 804 
23518 4583 1 59 533 
23519 1625 1627 1626 4326 
23520 4405 3139 2869 3700 
23521 709 4594 656 628 
23522 3266 3569 3014 3989 
23523 807 2370 2366 2369 
23524 316 315 481 527 
23525 2815 3091 3282 4143 
23526 491 527 480 2300 
23527 654 4477 587 3386 
23528 1344 1330 1097 3963 
23529 652 4524 581 3332 
23530 618 110 619 4484 
23531 4504 3541 4522 380 
23532 2372 804 2376 798 
23533 343 14 2365 4546 
23534 4600 11 313 2333 
23535 4590 1375 209 4500 
23536 2081 2103 4293 4372 
23537 2288 509 2293 2292 
23538 3220 3460 2958 3916 
23539 490 526 530 2289 
23540 2186 2180 2185 4415 
23541 2361 2336 2353 3932 
23542 767 807 803 2369 
23543 4574 113 646 4510 
23544 317 316 526 2297 
23545 630 627 629 3886 
23546 2753 3209 4014 3085 
23547 1056 1119 1031 4385 
23548 3422 2920 3658 4403 
23549 652 685 617 3205 
23550 1086 1087 1118 3655 
23551 332 2318 331 3918 
23552 18 4493 202 1395 
23553 573 538 572 4298 
23554 2711 4183 2937 4389 
23555 2320 2302 2330 3762 
23556 527 316 315 2290 
23557 35 34 4567 383 
23558 2299 529 2296 490 
23559 3377 3828 2879 3901 
23560 41 3 461 4534 
23561 202 201 973 4476 
23562 798 742 2373 787 
23563 1211 1003 1190 4220 
23564 673 2930 607 714 
23565 1591 1602 1788 4373 
23566 2797 3594 3102 4051 
23567 510 2295 521 465 
23568 703 2795 557 3328 
23569 4501 4572 509 73 
23570 1462 1289 1141 3049 
23571 4556 2043 280 9 
23572 558 596 592 3079 
23573 3107 4323 3591 4343 
23574 3901 3278 4165 4280 
23575 173 174 799 4435 
23576 1488 1555 4558 4329 
23577 4066 4487 1087 4585 
23578 1542 1544 1483 2874 
23579 2366 803 2372 787 
23580 4495 179 178 1334 
23581 2376 804 348 757 
23582 2297 2292 530 2289 
23583 1488 4558 3419 4329 
23584 188 4533 16 1355 
23585 215 214 4463 2408 
23586 690 4552 3672 3386 
23587 2374 806 2379 767 
23588 1348 3655 1087 4066 
23589 333 334 2351 4236 
23590 331 3918 2786 4295 
23591 4569 686 663 3588 
23592 456 411 436 4233 
23593 313 4509 4450 507 
23594 1548 1537 1484 3986 
23595 1447 829 1403 3813 
23596 662 4569 3539 4481 
23597 444 43 44 4433 
23598 2290 526 2297 510 
23599 1841 2001 2045 4201 
23600 1548 1549 1511 2816 
23601 2351 334 2336 4215 
23602 1378 1196 1362 3230 
23603 785 2374 807 806 
23604 527 2290 2300 521 
23605 183 182 4549 832 
23606 4528 3631 4479 632 
23607 14 102 103 4507 
23608 12 76 75 4506 
23609 4522 4576 580 161 
23610 2296 508 530 529 
23611 641 4564 642 3391 
23612 199 1156 1250 4523 
23613 1478 1545 1552 4075 
23614 1024 1369 1062 4084 
23615 526 2290 527 510 
23616 4388 1328 1201 3242 
23617 211 210 1028 4486 
23618 331 332 3918 4295 
23619 579 580 691 3565 
23620 3947 4067 2952 4149 
23621 2379 763 345 767 
23622 2378 806 785 744 
23623 4462 192 193 1443 
23624 101 4518 141 142 
23625 1516 1548 1511 3928 
23626 804 768 2376 798 
23627 804 2372 803 787 
23628 35 36 457 4478 
23629 1386 191 190 4456 
23630 4577 1446 204 1206 
23631 653 581 691 3332 
23632 1541 1552 1531 4206 
23633 3102 3112 2743 4366 
23634 2371 2366 2372 787 
23635 2353 2342 2361 3932 
23636 1123 1105 1419 4262 
23637 3049 3274 3194 3946 
23638 587 690 655 3386 
23639 315 480 527 2300 
23640 4422 149 547 150 
23641 3617 4125 2872 4381 
23642 2300 491 527 521 
23643 738 555 576 4389 
23644 442 40 4512 4388 
23645 666 663 566 3099 
23646 672 673 609 3771 
23647 22 503 486 488 
23648 24 765 763 780 
23649 3167 3412 3411 3920 
23650 639 570 567 2911 
23651 4583 31 1 460 
23652 2301 529 2296 319 
23653 1258 1429 1115 4316 
23654 313 11 4450 4509 
23655 3422 3654 3097 4403 
23656 1557 1516 1515 3558 
23657 4477 106 654 587 
23658 3898 3142 3209 3085 
23659 671 715 603 3056 
23660 1224 1175 1427 4315 
23661 3033 3251 4179 4268 
23662 107 106 4477 587 
23663 470 313 4450 507 
23664 13 98 99 4508 
23665 71 11 72 4509 
23666 626 572 565 2916 
23667 314 492 491 523 
23668 769 322 768 800 
23669 4478 4587 36 446 
23670 25 1 460 4583 
23671 159 4524 160 581 
23672 2738 4234 2985 4253 
23673 2377 798 2373 321 
23674 813 4536 796 177 
23675 490 318 2299 486 
23676 79 5 535 4575 
23677 11 313 4450 4600 
23678 454 453 416 2861 
23679 2379 806 780 767 
23680 652 4525 617 159 
23681 420 462 422 3827 
23682 1080 1149 1350 4356 
23683 159 652 4524 581 
23684 987 1019 1018 4068 
23685 1062 1369 1217 4084 
23686 510 2297 2290 2293 
23687 4560 609 115 610 
23688 2294 4513 127 2298 
23689 14 154 4546 728 
23690 729 140 11 4600 
23691 4589 4516 8 614 
23692 144 2377 4511 2367 
23693 2733 3045 4143 2885 
23694 74 129 130 4519 
23695 4557 343 4507 744 
23696 613 700 49 2728 
23697 2299 503 529 490 
23698 1198 1359 1328 3233 
23699 2298 521 465 507 
23700 651 646 647 3300 
23701 709 4594 628 3786 
23702 3007 3730 3155 3966 
23703 4567 383 34 3813 
23704 1625 4325 1627 4326 
23705 4491 30 459 4228 
23706 523 314 313 521 
23707 321 322 800 798 
23708 4578 75 130 4519 
23709 47 46 4535 458 
23710 453 454 389 2861 
23711 4578 12 75 4506 
23712 687 613 707 2876 
23713 2772 3398 3147 3941 
23714 1816 2002 2008 4248 
23715 1138 1380 1134 4138 
23716 447 449 415 2894 
23717 798 800 321 784 
23718 507 523 313 521 
23719 4522 15 580 593 
23720 595 622 623 4000 
23721 642 643 640 3391 
23722 320 319 2296 529 
23723 343 344 2374 806 
23724 1356 4461 207 1006 
23725 320 319 529 525 
23726 343 344 806 802 
23727 1446 1445 1272 3545 
23728 1300 1168 195 4503 
23729 183 184 1457 4467 
23730 2376 348 23 757 
23731 631 3631 730 3886 
23732 4518 102 141 4507 
23733 3886 4565 629 4497 
23734 763 345 24 2379 
23735 4437 343 4557 779 
23736 4523 198 1156 4248 
23737 181 182 1371 4322 
23738 4487 200 201 1086 
23739 3947 4055 1954 4149 
23740 3035 3614 3515 4346 
23741 126 125 4521 605 
23742 2919 3422 3097 4403 
23743 1272 3545 1445 3917 
23744 606 3091 3763 734 
23745 2291 2301 130 4519 
23746 780 763 24 2379 
23747 1422 4548 1123 3546 
23748 694 562 677 4406 
23749 4536 2743 1519 1553 
23750 4518 141 2368 2378 
23751 1303 1216 1337 4317 
23752 800 747 321 784 
23753 313 470 523 507 
23754 4434 1128 1399 1242 
23755 3220 3058 4032 4214 
23756 798 321 322 2373 
23757 521 314 313 2295 
23758 480 21 482 491 
23759 757 23 768 759 
23760 4442 80 81 522 
23761 663 4569 112 686 
23762 4437 343 4546 4557 
23763 1753 1591 1788 4373 
23764 3515 3947 2964 4055 
23765 573 572 689 4298 
23766 4557 343 14 4507 
23767 22 503 2299 486 
23768 2878 3548 3231 3656 
23769 10 670 4597 4580 
23770 703 645 651 4037 
23771 111 110 4484 619 
23772 4455 28 29 448 
23773 1149 1473 817 3477 
23774 2299 318 22 486 
23775 623 155 156 4573 
23776 100 143 144 4571 
23777 1371 1370 830 4322 
23778 115 114 4494 610 
23779 4482 4577 3545 1446 
23780 4509 127 11 72 
23781 480 315 21 2300 
23782 702 730 631 3631 
23783 467 529 319 525 
23784 806 744 343 802 
23785 445 27 26 3856 
23786 4463 2573 215 2408 
23787 642 731 643 4115 
23788 562 729 677 4406 
23789 334 4215 2351 4236 
23790 2378 806 744 343 
23791 319 467 525 502 
23792 802 744 343 779 
23793 4494 610 611 3554 
23794 662 666 620 3539 
23795 36 37 446 4587 
23796 4508 144 99 13 
23797 658 4579 4425 3344 
23798 672 607 673 3771 
23799 4505 1164 198 4248 
23800 616 706 685 3205 
23801 552 713 638 4225 
23802 4463 214 1312 1308 
23803 634 638 633 3447 
23804 320 525 503 494 
23805 771 344 802 780 
23806 23 768 2376 757 
23807 660 667 624 3458 
23808 1368 1199 1201 4388 
23809 2373 742 2377 2367 
23810 421 462 420 4029 
23811 3093 3188 4041 4343 
23812 491 480 21 2300 
23813 2368 2374 785 2378 
23814 17 189 4515 1169 
23815 579 4596 160 161 
23816 1164 3485 1374 4248 
23817 2301 529 319 467 
23818 333 2351 2362 4236 
23819 3917 4500 4482 1359 
23820 2295 465 2294 2298 
23821 4534 42 3 461 
23822 611 647 646 3300 
23823 508 2291 2301 2296 
23824 3029 3366 3785 4283 
23825 4533 172 812 4452 
23826 322 768 800 798 
23827 523 491 314 521 
23828 738 736 555 4389 
23829 4496 644 9 642 
23830 2377 798 321 784 
23831 2313 2329 2322 4194 
23832 1305 1304 1342 3519 
23833 4516 654 614 3578 
23834 1175 1125 1427 4315 
23835 1166 1169 1168 3212 
23836 606 3091 734 635 
23837 1467 1211 1190 4220 
23838 619 597 618 3359 
23839 1462 1215 3049 1141 
23840 18 196 4601 1024 
23841 1196 1308 3139 3230 
23842 4557 343 744 779 
23843 4488 7 105 683 
23844 1289 32 1163 4421 
23845 14 343 4557 4546 
23846 670 3426 602 3892 
23847 2298 521 507 313 
23848 128 73 127 4572 
23849 4576 579 580 161 
23850 525 529 320 503 
23851 344 806 802 780 
23852 658 4579 3344 659 
23853 3029 3342 3785 3366 
23854 157 684 4595 158 
23855 4521 125 606 605 
23856 4421 1141 1289 3049 
23857 805 175 176 4454 
23858 4494 114 611 610 
23859 586 4582 109 592 
23860 3093 4041 4323 4343 
23861 536 6 84 4570 
23862 1087 1348 1118 3655 
23863 2329 2304 2322 4194 
23864 652 616 685 3205 
23865 710 553 721 4034 
23866 1371 830 181 4322 
23867 4521 605 606 3763 
23868 1169 4503 17 1168 
23869 690 585 586 3672 
23870 671 605 604 3892 
23871 108 107 4552 585 
23872 641 708 3344 3391 
23873 120 121 656 3306 
23874 686 614 687 3578 
23875 3892 4580 312 4597 
23876 4425 118 117 658 
23877 631 629 4497 3886 
23878 4497 631 123 629 
23879 611 735 648 3554 
23880 607 672 659 3283 
23881 564 3458 661 3627 
23882 739 737 554 3812 
23883 4496 9 119 642 
23884 558 723 596 3079 
23885 622 4573 4000 4504 
23886 123 122 4497 629 
23887 4483 20 210 1422 
23888 1206 1272 1129 3545 
23889 4418 2313 133 2308 
23890 134 133 2308 4418 
23891 586 108 4520 585 
23892 1164 1374 3485 1405 
23893 4569 8 112 686 
23894 2301 319 12 4506 
23895 192 191 1107 4464 
23896 535 5 68 4575 
23897 1462 1297 1170 3274 
23898 4416 193 194 1016 
23899 703 651 712 3047 
23900 4507 343 14 2378 
23901 1252 1348 1087 4066 
23902 1447 34 829 3813 
23903 529 2296 320 2299 
23904 629 730 630 3886 
23905 344 2374 806 2379 
23906 657 565 602 3426 
23907 586 4582 592 3885 
23908 633 606 634 3447 
23909 313 11 4509 2298 
23910 1437 206 205 4471 
23911 1272 1206 1446 3545 
23912 1170 1287 1462 3194 
23913 2377 321 13 4508 
23914 612 686 687 3588 
23915 621 619 620 3159 
23916 4496 644 642 4115 
23917 645 113 646 4574 
23918 4565 629 628 3786 
23919 632 702 631 3631 
23920 1004 207 206 4448 
23921 1087 200 199 4585 
23922 1205 205 204 4473 
23923 593 594 580 3541 
23924 1312 1196 1378 3230 
23925 1198 1199 40 4388 
23926 209 4545 208 1357 
23927 2300 314 521 2295 
23928 644 645 703 4037 
23929 666 662 663 3539 
23930 780 344 806 2379 
23931 670 602 671 3892 
23932 322 2376 798 2373 
23933 1307 1195 1193 3001 
23934 607 2911 567 4427 
23935 711 552 720 4225 
23936 503 529 320 2299 
23937 1201 1199 1198 4388 
23938 780 24 344 2379 
23939 1462 2928 1289 3049 
23940 1168 17 195 4503 
23941 4505 197 198 1164 
23942 641 119 642 4564 
23943 4472 196 197 1451 
23944 576 555 560 4389 
23945 320 22 503 2299 
23946 1300 1104 1293 4373 
23947 3517 3783 2999 4218 
23948 4565 122 628 629 
23949 768 322 23 2376 
23950 2376 768 322 798 
23951 21 314 491 2300 
23952 314 491 2300 521 
23953 731 642 644 4115 
23954 207 208 4461 1356 
23955 623 624 625 3171 
23956 490 2299 318 2289 
23957 667 660 661 3458 
23958 345 2379 767 2369 
23959 1359 4482 3917 1445 
23960 1446 204 203 4577 
23961 3519 4499 1305 1082 
23962 1297 1462 1215 3274 
23963 106 654 614 4516 
23964 4520 109 108 586 
23965 1251 1252 1250 3648 
23966 4502 213 214 1307 
23967 1415 1201 1357 3242 
23968 1087 1250 1252 4066 
23969 629 631 730 3886 
23970 1445 203 19 4482 
23971 4522 580 15 161 
23972 315 527 2290 2300 
23973 189 4542 190 1589 
23974 618 109 110 4598 
23975 622 595 593 4000 
23976 198 1164 1156 4248 
23977 3306 656 120 657 
23978 4509 127 72 4513 
23979 12 75 130 4578 
23980 4548 1123 3546 4262 
23981 658 4579 659 117 
23982 4580 657 670 3426 
23983 2999 3783 3458 4218 
23984 348 2372 804 2376 
23985 1250 3648 1252 4066 
23986 1306 4502 213 4544 
23987 215 214 1312 4463 
23988 141 102 14 4507 
23989 4508 144 13 2377 
23990 1196 1312 1308 3230 
23991 155 622 15 4504 
23992 605 4597 3892 4521 
23993 670 671 604 3892 
23994 1250 1087 199 4585 
23995 1156 199 198 4523 
23996 1287 1169 1166 3194 
23997 610 735 611 3554 
23998 1375 19 209 4500 
23999 1250 1087 4585 4066 
24000 1293 1166 1168 3212 
24001 605 734 606 3763 
24002 189 4515 1169 1170 
24003 203 1445 1446 4482 
24004 1272 1445 1200 3917 
24005 612 663 686 3588 
24006 212 213 4544 1306 
24007 1033 1104 1300 4373 
24008 117 116 4579 659 
24009 120 10 4580 657 
24010 113 114 646 4510 
24011 1196 1308 1193 3139 
24012 709 626 656 3306 
24013 212 211 1433 4499 
24014 641 118 119 4593 
24015 633 124 125 4479 
24016 723 554 737 3812 
24017 1307 1193 1308 3139 
24018 628 121 122 4594 
24019 639 658 708 3344 
24020 597 592 618 3359 
24021 661 684 615 3627 
24022 654 587 655 3386 
24023 652 581 653 3332 
24024 628 629 627 3786 
24025 113 4556 9 2043 
24026 124 123 4528 632 
24027 1307 214 4502 1308 
24028 640 641 642 3391 
24029 4580 10 670 657 
24030 4579 116 672 659 
24031 1164 1374 1156 4248 
24032 654 687 614 3578 
24033 158 617 4525 159 
24034 662 111 112 4481 
24035 1169 1287 1170 3194 
24036 614 8 106 4516 
24037 1306 1305 1195 3001 
24038 1200 1445 1359 3917 
24039 4417 157 156 660 
24040 1300 195 194 4526 
24041 115 116 609 4599 
24042 627 709 628 3786 
24043 602 670 657 3426 
24044 639 659 658 3344 
24045 708 641 640 3391 
24046 657 656 626 3306 
24047 1195 1307 1306 3001 
24048 586 592 596 3885 
24049 4597 10 126 604 
24050 975 3048 3592 978 
24051 975 3592 3048 3772 
24052 4590 1375 4500 3233 
24053 4421 1289 32 2928 
24054 4339 2851 3055 3339 
24055 3055 2851 4339 3489 
24056 3055 3531 4339 3339 
24057 4339 3531 3055 3489 
24058 3600 1738 1577 1803 
24059 3600 1577 1738 1782 
24060 4304 3182 3497 3806 
24061 4304 3497 3182 2840 
24062 3699 3370 3454 3125 
24063 3699 3454 3370 3904 
24064 3890 1167 908 3166 
24065 3890 908 1167 902 
24066 3721 1941 252 1809 
24067 3721 252 1941 3378 
24068 3544 3320 2753 3017 
24069 3544 3320 3017 3800 
24070 3329 1131 4266 1298 
24071 3329 4266 1131 3179 
24072 3473 1285 1286 1098 
24073 3473 1286 1285 3469 
24074 46 4535 458 4259 
24075 3801 511 4453 3424 
24076 3840 3259 2755 3782 
24077 3840 2755 3259 3502 
24078 4230 3450 2755 3502 
24079 4230 2755 3450 3183 
24080 1535 4403 3172 2920 
24081 4011 1663 1659 1662 
24082 4011 1663 1662 4379 
24083 2788 3052 2923 3353 
24084 2788 2923 3052 3438 
24085 3470 2978 2921 2979 
24086 3470 2921 2978 3184 
24087 1123 20 4548 1422 
24088 2759 2978 2921 3184 
24089 3352 2763 2882 4217 
24090 3352 2882 2763 1491 
24091 3352 2882 1491 2754 
24092 3352 2882 2754 2731 
24093 3598 1960 3303 3597 
24094 3598 3303 1960 2047 
24095 4269 1640 1778 3227 
24096 4269 1778 1640 1635 
24097 4465 813 4488 3860 
24098 4152 3999 3829 3185 
24099 4152 3829 3999 3010 
24100 3843 3277 4305 980 
24101 3843 4305 3277 2789 
24102 2902 2954 2767 3119 
24103 2902 2954 3119 3043 
24104 3418 1436 1261 1394 
24105 3418 1261 1436 3240 
24106 4180 3185 3387 2762 
24107 4180 3387 3185 2713 
24108 3778 3371 1602 4373 
24109 3778 3371 4373 2925 
24110 3778 3371 2925 4059 
24111 3778 3371 4059 1602 
24112 4100 2918 1494 2709 
24113 4100 1494 2918 3994 
24114 2380 4375 358 2534 
24115 358 4375 2380 3478 
24116 1362 2853 1313 1186 
24117 1313 2853 1362 2869 
24118 4548 1105 4262 4480 
24119 4209 4250 3662 3280 
24120 979 4118 976 974 
24121 979 3237 976 4118 
24122 4337 1351 1323 1009 
24123 4337 1323 1351 3978 
24124 3227 1642 3396 1640 
24125 4465 813 105 4488 
24126 3849 3768 2862 3163 
24127 3849 2862 3768 3404 
24128 2857 3768 2862 3404 
24129 3637 1988 1813 1989 
24130 3637 1813 1988 3528 
24131 3591 3672 3885 1615 
24132 3885 3672 3591 3107 
24133 3976 4008 4123 2915 
24134 4123 4008 3976 2720 
24135 4250 1444 1084 4020 
24136 4250 1084 1444 1426 
24137 2745 4178 3271 2706 
24138 2745 3271 4178 4349 
24139 3669 1102 4039 1336 
24140 3669 4039 1102 2925 
24141 3927 853 854 852 
24142 3927 854 853 3756 
24143 3465 2269 2152 2148 
24144 3465 2269 2148 4035 
24145 868 3962 1235 864 
24146 4257 3861 4002 3319 
24147 4257 4002 3861 3992 
24148 3791 4350 3301 2674 
24149 3301 4350 3791 3912 
24150 3937 1186 2734 2853 
24151 3937 2734 1186 1185 
24152 1313 2734 1186 2853 
24153 1313 1186 2734 1185 
24154 3150 4345 2985 3335 
24155 3150 2985 4345 4279 
24156 4018 2985 4345 3335 
24157 4018 4345 2985 4279 
24158 4095 4315 2905 4117 
24159 3320 3085 2723 4105 
24160 813 7 105 4488 
24161 4020 1265 4250 1444 
24162 163 162 826 4004 
24163 3889 992 3996 1111 
24164 3889 3996 992 3561 
24165 961 3772 966 965 
24166 961 3772 965 4092 
24167 901 3890 1167 902 
24168 1167 3890 901 3844 
24169 2859 2887 2873 409 
24170 2887 4190 409 2859 
24171 4265 326 3077 3488 
24172 4265 3077 326 3673 
24173 4136 2722 4039 3854 
24174 4136 4039 2722 3433 
24175 3400 2709 2918 2819 
24176 3400 2918 2709 3287 
24177 1202 4089 1093 1352 
24178 1093 3430 1126 3850 
24179 4272 878 876 1182 
24180 4272 876 878 3475 
24181 475 3815 61 3210 
24182 4421 1141 1163 1289 
24183 4107 3387 2897 3395 
24184 3395 4107 3907 3177 
24185 4524 3565 3332 2612 
24186 4524 2572 2612 2407 
24187 160 4524 579 581 
24188 4524 2572 2407 160 
24189 3985 922 4333 3360 
24190 3985 4333 922 931 
24191 3094 2731 2882 3087 
24192 3094 2882 2731 2754 
24193 3706 2692 2998 4161 
24194 3706 2998 2692 4359 
24195 2953 3781 2830 3106 
24196 3781 3208 2953 2830 
24197 3551 2830 3781 3106 
24198 3551 3781 2830 4111 
24199 4266 2800 3329 3592 
24200 4266 3329 2800 3179 
24201 4548 1105 1123 4262 
24202 4364 3502 2755 3840 
24203 2576 4525 2407 159 
24204 4289 3379 3214 2866 
24205 4591 558 718 2828 
24206 3672 3386 4323 690 
24207 690 4552 3386 587 
24208 690 4552 587 585 
24209 1267 3675 4322 1370 
24210 4322 3675 1267 2934 
24211 3424 1311 1309 820 
24212 3424 1309 1311 3421 
24213 3911 2666 2656 2625 
24214 3911 2656 2666 3080 
24215 4092 965 961 960 
24216 965 3706 4118 967 
24217 3684 3705 3438 2718 
24218 3684 3705 2718 3070 
24219 3378 250 3743 251 
24220 3378 3743 250 3277 
24221 2673 4255 4060 2642 
24222 4060 4255 2673 3495 
24223 4203 837 996 4026 
24224 4203 996 837 839 
24225 4291 1157 817 1350 
24226 4291 817 1157 3978 
24227 4302 893 895 905 
24228 4302 895 893 4022 
24229 2610 4525 2571 2576 
24230 3338 3835 2906 3571 
24231 4306 3156 1027 3933 
24232 4306 1027 3156 3357 
24233 3507 2120 2123 2121 
24234 3507 2120 2121 4271 
24235 4012 3962 1235 868 
24236 3863 4012 1235 3580 
24237 3230 1204 1376 3226 
24238 3230 1376 1204 1378 
24239 3967 353 2405 354 
24240 3967 2405 353 3351 
24241 4011 4062 3941 3407 
24242 3941 4062 4011 3147 
24243 3193 3542 2697 2810 
24244 2697 3542 3193 3108 
24245 1101 4187 1040 1127 
24246 1040 4187 1101 3191 
24247 4441 542 3437 4228 
24248 3403 3740 4054 3178 
24249 3614 2918 3035 3515 
24250 3614 3035 2918 2891 
24251 4053 2638 2627 3070 
24252 4053 2627 2638 2637 
24253 3230 1204 4405 1362 
24254 3230 4405 1204 3226 
24255 2853 4405 1204 1362 
24256 2853 1204 4405 3226 
24257 2523 4246 2397 2522 
24258 2397 4246 2523 2896 
24259 3985 930 922 3509 
24260 3985 922 930 931 
24261 3084 3248 4112 2936 
24262 3084 4112 3248 2747 
24263 3248 3084 2747 3158 
24264 4591 558 139 718 
24265 3603 1191 1190 1268 
24266 3603 1190 1191 2872 
24267 4233 3689 3484 3186 
24268 4233 3689 3186 4291 
24269 1756 192 193 4462 
24270 3892 602 2917 3426 
24271 2732 3793 3216 3207 
24272 4525 2576 2407 2571 
24273 1466 4089 1202 1352 
24274 3430 1466 1202 1461 
24275 1665 4339 3339 1670 
24276 3339 4339 1665 3531 
24277 3466 255 3964 3373 
24278 3466 3964 255 256 
24279 4319 3214 1055 4086 
24280 4319 1055 3214 3510 
24281 3317 2549 3118 2498 
24282 3317 3118 2549 3020 
24283 3320 4327 4105 2677 
24284 4105 4327 3320 2751 
24285 4201 2034 1474 3204 
24286 4201 1474 2034 4476 
24287 2414 4043 350 2415 
24288 2414 4043 2415 3226 
24289 2716 3373 2794 3190 
24290 2716 3373 3190 3025 
24291 3875 1280 3981 1401 
24292 3875 3981 1280 3792 
24293 3897 4272 3475 876 
24294 3475 4272 3897 3064 
24295 4204 1061 4320 3127 
24296 69 542 4441 4228 
24297 70 69 542 4441 
24298 3768 4210 2991 2857 
24299 4095 3632 2880 3361 
24300 4095 2880 3632 3711 
24301 4206 4549 183 1552 
24302 3346 2760 3794 3325 
24303 3934 328 2312 2310 
24304 3934 2312 328 3524 
24305 1227 3975 1226 1412 
24306 1227 3975 1412 4166 
24307 2935 4093 2779 4094 
24308 4019 4093 4001 3148 
24309 383 3876 4567 35 
24310 4567 4077 383 3813 
24311 1552 4549 4075 4206 
24312 183 182 1552 4549 
24313 3815 833 3666 821 
24314 3815 3666 833 3210 
24315 2850 2942 408 2748 
24316 2850 2942 2748 3065 
24317 3708 1721 228 1578 
24318 3708 1721 1578 3362 
24319 2678 3064 3454 3865 
24320 2678 3064 3865 4252 
24321 4355 4046 3749 2910 
24322 4355 3749 4046 3243 
24323 3337 1974 3153 1927 
24324 3337 3153 1974 3023 
24325 4248 4040 2854 4090 
24326 4248 2854 4040 3485 
24327 4366 2831 3005 3112 
24328 4366 3005 2831 2711 
24329 3260 3005 2831 3112 
24330 3260 2831 3005 2711 
24331 3049 3180 2776 3434 
24332 3049 3180 3434 3181 
24333 4599 3771 672 609 
24334 4439 4568 55 433 
24335 4599 116 609 672 
24336 4439 2916 2917 565 
24337 2819 2952 2702 2690 
24338 2819 2952 2690 2918 
24339 3985 3699 1372 943 
24340 1372 3699 3985 3738 
24341 1372 1404 3985 943 
24342 3985 1404 1372 3738 
24343 4095 4315 4117 1094 
24344 4315 4117 1094 1427 
24345 3289 2694 2995 2837 
24346 3289 3979 2995 2694 
24347 3617 3909 3744 2101 
24348 3744 3909 3617 2983 
24349 4251 4007 3694 3073 
24350 4251 3694 4007 3429 
24351 3622 637 4023 543 
24352 618 4598 4484 3359 
24353 3262 2071 2217 3788 
24354 3262 2071 3788 4277 
24355 4004 4038 2698 3651 
24356 2698 4038 4004 3718 
24357 4275 2783 2830 2782 
24358 4275 2830 2783 3208 
24359 4207 2141 4073 3234 
24360 4207 4073 2141 2145 
24361 3846 864 868 863 
24362 3722 4017 2959 3360 
24363 2959 4017 3722 3448 
24364 1659 3531 1771 1663 
24365 1771 3531 1659 3505 
24366 2323 2726 4015 2314 
24367 2323 4015 2726 4144 
24368 3621 4302 3561 3175 
24369 3561 4302 3621 3618 
24370 4329 2874 1538 2929 
24371 4329 1538 2874 1542 
24372 3383 4167 3082 2826 
24373 3082 4167 3383 4166 
24374 3527 4246 2523 2521 
24375 2523 4246 3527 2896 
24376 3868 3152 2073 3748 
24377 3868 2073 3152 3040 
24378 3744 2948 2740 2984 
24379 2861 3744 2740 3075 
24380 3832 3212 219 3194 
24381 3832 219 3212 3753 
24382 4298 601 4144 689 
24383 4312 2203 3709 2068 
24384 4312 3709 2203 4288 
24385 45 808 46 4259 
24386 2744 3271 2708 2821 
24387 422 3271 3827 4349 
24388 2744 3271 2821 3827 
24389 4022 2940 4147 3336 
24390 4022 4147 2940 3316 
24391 3889 3621 2827 3017 
24392 3889 2827 3621 3175 
24393 3426 2916 3680 3306 
24394 3426 3680 2916 2917 
24395 3179 1184 1131 3329 
24396 1552 4549 182 4075 
24397 1503 4174 1501 2752 
24398 1503 2752 1501 1522 
24399 3223 3843 2716 2789 
24400 3223 2716 3843 3031 
24401 3533 2716 3843 2789 
24402 3533 3843 2716 3031 
24403 3661 3544 3293 2698 
24404 3661 3544 2698 3394 
24405 3807 1854 1944 3435 
24406 3807 1944 1854 1996 
24407 3875 3981 3766 3357 
24408 3766 3981 3875 3792 
24409 3963 1343 1043 3842 
24410 3963 1043 1343 1097 
24411 3790 3399 2974 3649 
24412 3790 2974 3399 3626 
24413 2907 2974 3399 3649 
24414 2907 3399 2974 3626 
24415 3697 3053 4243 3646 
24416 3697 4243 3053 3037 
24417 3683 2944 3158 3682 
24418 3683 3158 2944 2855 
24419 1765 3219 1673 1776 
24420 4496 4556 644 4115 
24421 3511 1775 1736 1781 
24422 3184 1781 3511 3871 
24423 3809 1424 1084 1051 
24424 3809 1424 1051 3982 
24425 4039 1102 1103 1459 
24426 4039 1103 1102 2925 
24427 4391 2989 2813 2787 
24428 4391 3463 2787 3579 
24429 3730 2904 3931 3490 
24430 3730 3931 2904 3118 
24431 3276 2796 3144 2818 
24432 3276 3144 2796 3275 
24433 4050 3549 2792 3219 
24434 4050 3549 3219 2925 
24435 3142 2177 3209 4184 
24436 3142 3209 2177 2176 
24437 2414 4043 3226 4263 
24438 3160 4382 2189 3873 
24439 45 741 808 4349 
24440 2160 2189 4382 3873 
24441 2160 4382 2189 2159 
24442 4105 3878 2992 2677 
24443 4105 2992 3878 3802 
24444 2177 4415 3142 2233 
24445 3142 4415 2177 4184 
24446 1019 2871 1314 1342 
24447 45 808 4259 4349 
24448 1342 4440 1195 3001 
24449 2871 1342 1197 1314 
24450 1474 4201 1022 973 
24451 1022 4201 1474 3204 
24452 4300 4180 4196 2678 
24453 4300 4196 4180 3387 
24454 4078 3103 4412 3576 
24455 4078 4412 3103 3330 
24456 3960 4013 3051 3385 
24457 3051 4013 3960 3368 
24458 3576 2821 3004 3103 
24459 3576 3004 2821 3255 
24460 4082 1633 1631 1637 
24461 4082 1785 1633 1637 
24462 4332 271 3276 272 
24463 4332 3276 271 3275 
24464 3117 1512 3116 2891 
24465 3117 3116 1512 2808 
24466 2785 3116 1512 2891 
24467 3957 3116 2785 2949 
24468 644 4556 9 645 
24469 2724 3366 2963 3626 
24470 4495 2854 2929 1483 
24471 4495 2854 1483 179 
24472 4495 1335 179 1334 
24473 4495 1335 1334 2929 
24474 4260 1055 4289 3214 
24475 4260 4289 1055 1315 
24476 3517 2767 3783 3119 
24477 3517 3783 2767 2999 
24478 4386 1642 4393 3227 
24479 4386 4393 1642 1644 
24480 2914 418 2893 2737 
24481 2914 2893 418 415 
24482 2895 2031 1824 3745 
24483 2895 2031 3131 3821 
24484 3976 4123 3777 2915 
24485 3777 4123 3976 3382 
24486 3478 356 2582 357 
24487 3478 2582 356 3445 
24488 893 4302 1262 905 
24489 1262 4302 893 3336 
24490 3395 4091 4107 3177 
24491 4107 4091 3395 2746 
24492 3846 864 863 861 
24493 3846 868 3962 4012 
24494 3023 1825 1974 3337 
24495 3023 1825 3337 4396 
24496 2810 2965 2676 4128 
24497 4418 4562 717 133 
24498 4278 4350 3301 3028 
24499 3301 4350 4278 3663 
24500 4044 922 887 3360 
24501 4044 887 922 921 
24502 3974 1228 1068 1245 
24503 3974 1228 1245 3280 
24504 4221 4315 3008 1175 
24505 4315 3467 4014 4117 
24506 4296 3710 3726 3038 
24507 4296 3726 3710 3775 
24508 3128 3870 3589 2804 
24509 3589 3870 3128 2936 
24510 3964 2895 3893 3025 
24511 3964 3893 2895 3745 
24512 4084 1116 1339 1369 
24513 4084 1339 1116 3277 
24514 3499 2842 3338 2906 
24515 3499 3338 2842 3312 
24516 3242 1191 3603 1415 
24517 3242 3603 1191 2872 
24518 2831 653 678 578 
24519 2831 653 578 3332 
24520 378 3541 3292 4000 
24521 378 3292 3541 3830 
24522 378 3541 4000 379 
24523 618 110 4484 4598 
24524 207 208 2080 4461 
24525 4550 3755 321 4474 
24526 4517 33 2927 430 
24527 3820 4047 2976 3789 
24528 2976 4047 3820 3532 
24529 3865 4272 2900 3509 
24530 2900 4272 3865 3064 
24531 4251 4296 4007 3822 
24532 4007 4296 4251 3429 
24533 3707 2105 2240 2104 
24534 3707 2240 2105 3439 
24535 4433 43 44 809 
24536 4263 4262 4043 3069 
24537 4347 675 3368 3754 
24538 4347 3368 675 693 
24539 4088 3368 675 3754 
24540 4550 563 13 699 
24541 1535 2822 1486 3172 
24542 1535 2822 3172 4403 
24543 4545 2080 2281 2252 
24544 1489 1486 3172 1535 
24545 4091 2771 2746 4024 
24546 4091 2746 2771 3954 
24547 3192 357 3478 358 
24548 3192 357 358 2585 
24549 4224 4236 2958 2791 
24550 2958 4236 4224 2714 
24551 4545 2080 3603 2281 
24552 4018 3417 1704 1623 
24553 3397 1382 3195 1213 
24554 3397 1382 1213 1180 
24555 3984 3081 4393 3396 
24556 3984 4393 3081 3529 
24557 3279 2784 3037 2805 
24558 3279 3037 2784 3264 
24559 2638 3518 2649 3070 
24560 2638 3518 3070 3913 
24561 3405 2156 2154 2155 
24562 3405 2156 2155 2158 
24563 4083 1136 1428 1434 
24564 4083 1428 1136 3394 
24565 3607 2493 2521 3527 
24566 3607 2521 2493 2500 
24567 3575 3930 3305 3120 
24568 3305 3930 3575 369 
24569 3857 2831 3260 2937 
24570 3857 3260 2831 3652 
24571 4216 3360 3985 4333 
24572 4216 3360 4333 3722 
24573 4216 3360 3722 4411 
24574 4216 3360 4411 3985 
24575 2690 2757 1546 2969 
24576 1546 2757 2690 4176 
24577 4169 4021 2775 1550 
24578 4169 2775 4021 2696 
24579 2951 3286 4245 3665 
24580 2951 3286 3665 3580 
24581 4132 1208 1223 1063 
24582 4132 1223 1208 3883 
24583 4335 3253 2953 3354 
24584 4335 2953 3253 3645 
24585 4459 473 517 535 
24586 4459 473 535 4329 
24587 4312 3709 3110 3499 
24588 4312 3110 3709 4288 
24589 4232 2346 2354 4164 
24590 4232 2354 2346 2357 
24591 4248 1991 3648 2002 
24592 4248 3648 1991 4090 
24593 1995 3648 1991 2002 
24594 44 4433 809 4349 
24595 809 4433 3392 4349 
24596 4433 793 43 809 
24597 3035 2785 3614 2987 
24598 3035 3614 2785 2891 
24599 3857 2423 2420 2421 
24600 3857 2420 2423 3565 
24601 965 3706 967 960 
24602 965 3706 960 4092 
24603 4341 1779 1674 1789 
24604 4341 1674 1779 3609 
24605 2791 3459 3487 2949 
24606 3487 3459 2791 3151 
24607 3867 4051 3380 2770 
24608 3380 4051 3867 2834 
24609 3700 4405 3334 2869 
24610 3334 2417 4405 3700 
24611 3022 3334 4405 2869 
24612 3022 4405 3334 3553 
24613 3666 1134 4138 939 
24614 3666 1134 939 834 
24615 4204 4320 1436 3418 
24616 1133 4320 1436 4204 
24617 1121 3418 1394 1436 
24618 1121 3418 1436 4320 
24619 3666 1134 834 833 
24620 3666 4138 833 3210 
24621 3963 3616 3036 3204 
24622 3963 3036 3616 2809 
24623 2179 4286 3545 3355 
24624 2179 3545 4286 3983 
24625 3089 3545 4286 3355 
24626 3089 4286 3545 3983 
24627 3406 3140 2874 3222 
24628 3406 2874 3140 3211 
24629 4189 3000 3187 3945 
24630 4189 3187 3000 3373 
24631 4244 2105 2211 3439 
24632 4244 2211 2105 2253 
24633 3326 1978 1967 2009 
24634 3326 1978 2009 3654 
24635 3279 3037 4243 3088 
24636 3279 4243 3037 3264 
24637 747 4550 321 784 
24638 3963 4201 990 3204 
24639 2058 4293 309 2103 
24640 309 4293 2058 3457 
24641 3636 1536 1514 2730 
24642 3636 1514 1536 1543 
24643 660 4584 3458 624 
24644 660 4584 624 156 
24645 3346 4309 3126 2685 
24646 3126 4309 3346 4154 
24647 2709 3117 1496 2878 
24648 2709 3117 2878 3656 
24649 4092 3925 3496 3252 
24650 4092 3496 3925 2998 
24651 644 4556 645 4037 
24652 4556 4037 644 4115 
24653 4083 4543 822 1428 
24654 4083 4543 1428 3661 
24655 1428 4543 1258 3661 
24656 4083 4543 3661 4408 
24657 3634 2818 3144 3115 
24658 3634 3144 2818 3276 
24659 3733 3965 3238 2681 
24660 3238 3965 3733 3210 
24661 3923 570 540 571 
24662 3923 540 570 2754 
24663 2876 654 613 3093 
24664 3093 654 655 3386 
24665 4148 2941 4149 2969 
24666 4148 4149 2941 3807 
24667 3587 2986 2892 3180 
24668 3587 2892 2986 3339 
24669 337 3518 2649 2632 
24670 337 3518 2632 3216 
24671 4191 4223 3084 3924 
24672 3084 4223 4191 3677 
24673 4184 2188 3209 4125 
24674 4184 3209 2188 2177 
24675 3386 4041 3819 1586 
24676 3819 4041 3386 3093 
24677 3925 4266 3772 3592 
24678 3772 4266 3925 3252 
24679 3206 3196 3427 2640 
24680 821 61 62 3815 
24681 3427 2661 3206 2640 
24682 833 61 821 3815 
24683 4178 741 773 775 
24684 4178 773 741 3271 
24685 3818 1886 3877 1883 
24686 3818 3877 1886 3548 
24687 2786 330 2811 331 
24688 3108 2786 330 2811 
24689 4528 3631 2279 2245 
24690 4496 4556 9 644 
24691 123 4528 632 631 
24692 2005 199 4523 1816 
24693 386 2917 425 56 
24694 2029 4248 1816 4523 
24695 4378 2095 3680 3786 
24696 3680 4378 3786 3104 
24697 3307 1641 1639 3396 
24698 3307 1641 3396 3984 
24699 3721 4311 4305 3378 
24700 4550 13 321 4508 
24701 3960 4102 3767 2748 
24702 3767 4102 3960 3385 
24703 3471 2979 3887 3470 
24704 3471 3887 2979 3138 
24705 3668 4112 3633 2747 
24706 3633 4112 3668 3522 
24707 3583 2790 4311 2929 
24708 3583 4311 2790 3582 
24709 3622 390 4586 458 
24710 3622 4586 390 2815 
24711 3274 1587 1688 1747 
24712 3274 1587 1747 3194 
24713 3220 1828 1971 3916 
24714 3220 1828 3916 4310 
24715 3445 355 2394 356 
24716 3445 355 356 4258 
24717 4256 2404 3290 3375 
24718 4256 3290 2404 2550 
24719 3562 333 4182 22 
24720 62 1088 821 3815 
24721 4433 4554 392 43 
24722 4552 1783 1748 3672 
24723 4295 2652 3502 331 
24724 4295 3502 2652 3364 
24725 3786 4378 4193 3104 
24726 4193 4378 3786 2096 
24727 3219 2792 3318 3549 
24728 2005 4523 2029 1816 
24729 140 4432 139 2319 
24730 2679 2883 3915 4024 
24731 4432 4559 554 3812 
24732 388 2780 2928 3239 
24733 733 589 54 4299 
24734 388 2780 3239 447 
24735 3572 297 2055 298 
24736 3572 297 298 3650 
24737 3566 2592 2480 2594 
24738 3566 2480 2592 3347 
24739 2757 3406 4186 2838 
24740 3696 3273 2130 3401 
24741 3696 2130 3273 3647 
24742 3246 2843 2949 2808 
24743 3246 2949 2843 3247 
24744 3751 3162 3812 3591 
24745 3751 4139 2766 3812 
24746 3304 2959 4002 3674 
24747 3304 2959 3674 4044 
24748 2814 2896 3325 3298 
24749 2814 2896 3298 3095 
24750 3999 3298 3325 2896 
24751 4120 3888 3464 3082 
24752 4120 3464 3888 3974 
24753 3839 4314 4053 3633 
24754 4053 4314 3839 3070 
24755 2941 2690 2952 2969 
24756 2941 2952 2690 2702 
24757 4387 400 3331 434 
24758 4387 3331 400 3853 
24759 2839 3311 399 2913 
24760 2839 399 3311 2976 
24761 401 399 3311 2913 
24762 401 3311 399 2976 
24763 3394 4221 3869 1002 
24764 3394 4221 1002 3996 
24765 53 4299 589 4088 
24766 1136 3394 1002 3996 
24767 3557 377 376 2428 
24768 3557 377 2428 3830 
24769 443 4172 4226 2780 
24770 393 4226 4172 3238 
24771 2531 4270 2507 2391 
24772 2507 4270 2531 3380 
24773 1991 4248 3485 2002 
24774 3485 4248 1991 4040 
24775 3947 1907 2019 1922 
24776 3947 2019 1907 3515 
24777 3269 2228 2065 2273 
24778 3269 2228 2273 4342 
24779 2916 709 572 3104 
24780 2916 3786 3680 3306 
24781 4281 2485 2503 2483 
24782 4281 2503 2485 3095 
24783 4300 4196 3630 2678 
24784 4300 3630 4196 3395 
24785 2980 3787 4005 3692 
24786 2980 4005 3787 3401 
24787 3258 4005 3787 3692 
24788 3258 3787 4005 3401 
24789 618 4582 3359 592 
24790 1170 189 4581 1297 
24791 3728 3735 2948 3679 
24792 2948 3735 3728 3709 
24793 3860 695 576 545 
24794 3860 695 545 4465 
24795 3701 3903 2901 3639 
24796 2901 3903 3701 3482 
24797 3096 3095 2814 4109 
24798 2319 4432 139 2766 
24799 3298 2814 3095 4109 
24800 1588 4552 107 4477 
24801 340 4231 3902 4025 
24802 4025 4231 3902 2701 
24803 2576 4595 2387 2610 
24804 158 4595 617 684 
24805 4595 4525 158 617 
24806 2610 617 4595 684 
24807 3023 2050 1924 1969 
24808 3023 1924 2050 4348 
24809 3406 1942 1917 1914 
24810 3406 1942 1914 3543 
24811 3023 1924 3153 1974 
24812 3023 3153 1924 4348 
24813 3837 2815 4143 3046 
24814 3837 4143 2815 3282 
24815 3251 3529 4268 3350 
24816 3251 3529 3350 1758 
24817 3512 1868 1859 1869 
24818 3512 1868 1869 3612 
24819 3308 2805 4194 2848 
24820 3308 4194 2805 3088 
24821 2795 3144 3115 3285 
24822 2795 3115 3144 3932 
24823 3929 3334 3022 2869 
24824 2869 2761 3334 2846 
24825 3354 2545 2400 3305 
24826 134 4418 2308 4144 
24827 3725 4037 3328 3047 
24828 3328 4037 3725 278 
24829 3670 1700 222 1575 
24830 3670 1700 1575 3170 
24831 1575 3752 1680 1679 
24832 1680 3752 1575 3170 
24833 3163 4345 3849 1617 
24834 3163 3849 4345 3335 
24835 1619 3849 4345 1617 
24836 1619 4345 3849 3335 
24837 3146 3270 4397 3269 
24838 3146 4397 3270 3442 
24839 97 4023 543 4457 
24840 543 4023 97 727 
24841 4325 1622 4326 1625 
24842 4325 4326 1622 3201 
24843 4324 2542 3581 2623 
24844 4324 3581 2542 3020 
24845 3744 4145 3617 2101 
24846 3617 4145 3744 2984 
24847 666 2867 568 621 
24848 666 2867 621 3159 
24849 4324 2549 2542 2497 
24850 4324 2542 2549 3020 
24851 2091 4184 2188 2186 
24852 2188 4184 2091 4125 
24853 3869 1190 1064 1003 
24854 3869 1190 1003 4220 
24855 4445 3608 3139 3001 
24856 3139 3608 2846 3700 
24857 3354 2544 2400 2596 
24858 3305 2544 3611 4404 
24859 3402 1598 1741 1597 
24860 3402 1598 1597 3492 
24861 3680 2097 2094 3525 
24862 3680 2094 2097 2060 
24863 4042 3647 3476 2962 
24864 4042 3476 3647 3154 
24865 1660 3695 1764 1768 
24866 1764 3695 1660 3314 
24867 4251 3936 3429 3295 
24868 4251 3429 3936 2719 
24869 3942 2438 2437 2439 
24870 3627 3942 3205 3098 
24871 3442 3075 4038 3024 
24872 3442 4038 3075 3270 
24873 3929 3334 2869 2761 
24874 3109 3334 2761 3780 
24875 3929 3334 2761 3109 
24876 53 4299 54 589 
24877 3805 2987 3841 3521 
24878 3143 4029 3269 2802 
24879 3269 4029 3143 2873 
24880 3841 1910 1932 1908 
24881 3841 1932 1910 3521 
24882 4237 814 4133 3441 
24883 4237 4133 814 776 
24884 1909 3947 1954 1922 
24885 1909 1954 3947 4055 
24886 3958 2846 3225 2863 
24887 3958 3225 2846 3736 
24888 4395 4132 3702 3027 
24889 4395 3702 4132 3268 
24890 4317 1471 1135 1337 
24891 4317 1135 1471 3504 
24892 4033 4219 2792 2933 
24893 2792 4219 4033 3318 
24894 4340 2348 2341 2356 
24895 4340 2341 2348 2783 
24896 2829 625 705 574 
24897 625 3783 574 2829 
24898 4110 4033 4219 3318 
24899 4033 3503 4110 4219 
24900 1403 4567 1447 3813 
24901 1403 4567 3813 3433 
24902 2818 2801 4215 2336 
24903 3092 4215 2801 4214 
24904 3264 2109 3279 2111 
24905 3264 2109 2111 2098 
24906 4144 4347 4298 3368 
24907 4144 4298 4347 601 
24908 573 4298 4347 3368 
24909 573 4347 4298 601 
24910 4310 3213 3506 3215 
24911 3506 3213 4310 265 
24912 3506 4308 4310 3215 
24913 4310 4308 3506 265 
24914 2916 3053 2749 2917 
24915 2916 3053 2917 3525 
24916 3713 1924 1984 1900 
24917 3713 1984 1924 4348 
24918 3758 2172 307 2069 
24919 3758 307 2172 3559 
24920 3670 1679 1575 221 
24921 3670 1679 221 3753 
24922 4346 1910 3841 1908 
24923 4346 3841 1910 3805 
24924 4417 661 3627 157 
24925 4417 661 157 660 
24926 4417 661 660 3458 
24927 4417 661 3458 3627 
24928 3611 4025 3305 3198 
24929 3305 4025 3611 2890 
24930 4412 3363 3103 3573 
24931 4412 3103 3363 3908 
24932 3269 4029 4121 2802 
24933 4121 4029 3269 2960 
24934 2918 1494 1496 1507 
24935 2918 1496 1494 2709 
24936 690 3107 583 584 
24937 690 3107 584 4323 
24938 3399 2454 2456 2558 
24939 3399 2454 2558 3649 
24940 4474 13 131 2332 
24941 3436 2892 3587 3339 
24942 4042 4195 3154 2807 
24943 3154 4195 4042 2824 
24944 3569 2464 2465 2467 
24945 3569 2464 2467 3266 
24946 4188 4177 3172 3341 
24947 4188 4177 3341 1870 
24948 3744 2740 2983 2984 
24949 3744 2983 2740 3075 
24950 4421 1289 2928 3049 
24951 2955 2957 2741 3365 
24952 434 4077 450 3331 
24953 434 4077 3331 4387 
24954 593 4522 3541 580 
24955 15 593 4522 4504 
24956 378 3541 379 2420 
24957 378 3541 2420 3830 
24958 4206 818 1286 3469 
24959 4206 1286 818 1455 
24960 4418 4015 4144 2784 
24961 4528 3631 632 631 
24962 3566 2475 2478 2477 
24963 3566 2475 2477 3931 
24964 618 4582 592 109 
24965 109 4598 4582 1755 
24966 4313 1740 1561 1739 
24967 4313 1561 1740 3039 
24968 3512 1873 1869 1860 
24969 3512 1873 1860 3759 
24970 3849 3202 2862 3201 
24971 3849 2862 3202 3335 
24972 3690 2802 3075 2861 
24973 3690 3075 2802 3270 
24974 3987 2828 3751 3150 
24975 3987 3751 2828 3402 
24976 3654 1977 1978 2014 
24977 3654 1977 2014 4290 
24978 2901 3098 2898 3701 
24979 3701 2898 2901 3482 
24980 3876 35 831 1409 
24981 3876 4478 35 457 
24982 4085 4363 3977 2727 
24983 3977 4363 4085 2829 
24984 388 3239 2927 449 
24985 2927 3239 388 2928 
24986 3920 1723 1724 1580 
24987 3920 1724 1723 3412 
24988 2895 2031 3821 1950 
24989 2895 3131 2031 3745 
24990 2895 2031 1950 1824 
24991 4418 4015 2308 4144 
24992 3655 1267 1210 2934 
24993 3655 1210 1267 1118 
24994 3297 3682 3506 2944 
24995 3297 3682 2944 3683 
24996 456 4362 3906 431 
24997 3906 4362 456 4233 
24998 4157 77 544 726 
24999 4157 4458 77 471 
25000 3803 3094 1859 3570 
25001 3803 1859 3094 3512 
25002 4366 3860 2831 2743 
25003 4366 2831 3860 2711 
25004 4307 762 3491 781 
25005 4307 3491 762 3971 
25006 618 4582 109 4598 
25007 50 51 566 2956 
25008 3279 3104 2784 2805 
25009 3279 2784 3104 3264 
25010 4021 3607 3958 2863 
25011 3958 2863 3607 3608 
25012 3008 2905 4014 4184 
25013 3008 2905 4184 4415 
25014 1019 2871 1342 3519 
25015 3001 1342 3519 1305 
25016 4460 170 1188 169 
25017 4440 3001 186 1195 
25018 388 2780 447 443 
25019 388 4421 32 2928 
25020 3701 2512 2441 2443 
25021 3701 2512 2443 3517 
25022 4308 3682 3034 3506 
25023 4308 3034 3682 3747 
25024 3248 3682 3034 3747 
25025 4115 703 3328 4037 
25026 4115 3328 703 731 
25027 3047 3328 703 4037 
25028 170 4460 1188 3938 
25029 2854 179 180 1483 
25030 2854 180 179 1335 
25031 4553 531 474 29 
25032 3527 2696 3095 2896 
25033 3066 4253 3417 2721 
25034 3417 4253 3066 2985 
25035 4468 4157 77 502 
25036 726 4468 698 561 
25037 3452 3278 2721 3417 
25038 3278 3452 2922 3471 
25039 3452 2721 3278 2922 
25040 169 1188 4460 1388 
25041 4190 408 409 407 
25042 4190 409 408 2888 
25043 2878 1512 3117 1496 
25044 2878 3117 1512 2808 
25045 3626 2797 3594 2974 
25046 3626 3594 2797 3342 
25047 3603 1357 1415 1356 
25048 3603 1415 1357 3242 
25049 3543 4186 2757 3406 
25050 2757 4186 3543 3245 
25051 4088 53 588 589 
25052 4088 4431 53 385 
25053 3649 2954 2907 3043 
25054 3649 2907 2954 3253 
25055 3458 2387 4417 3627 
25056 3412 4282 1767 4285 
25057 4330 4196 4353 3281 
25058 4330 4353 4196 2678 
25059 4148 3406 2969 3222 
25060 4148 2969 3406 3543 
25061 3009 4071 2833 3265 
25062 3009 2833 4071 3267 
25063 3266 2833 4071 3265 
25064 3266 4071 2833 3267 
25065 2873 4342 3269 2960 
25066 3269 4342 2873 3732 
25067 317 483 485 484 
25068 317 485 483 3911 
25069 3129 180 830 4514 
25070 3129 830 180 1252 
25071 3482 3652 3112 2432 
25072 2431 3482 3652 3847 
25073 3920 3311 1723 3789 
25074 3920 1723 3311 3412 
25075 4173 2995 3020 2750 
25076 4173 3020 2995 3155 
25077 2837 3577 4025 3498 
25078 2837 4025 3577 3198 
25079 3161 4025 3577 3498 
25080 3161 3577 4025 3198 
25081 4288 3349 3110 3983 
25082 321 13 4474 2332 
25083 3859 2893 3345 2894 
25084 3859 3345 2893 3695 
25085 3626 1505 2907 2963 
25086 3626 2907 1505 2974 
25087 416 421 2861 453 
25088 416 2861 421 4029 
25089 4432 2766 2319 3812 
25090 2802 421 2861 4029 
25091 3547 2808 2843 3246 
25092 3547 2843 2808 2919 
25093 3001 1342 1305 1195 
25094 1342 4440 3001 2871 
25095 524 4273 495 494 
25096 495 4273 524 3855 
25097 4111 2830 4275 3208 
25098 4111 4275 2830 3551 
25099 2412 4483 210 4486 
25100 4483 1028 210 4486 
25101 2929 1335 1374 2854 
25102 2929 1374 1335 1155 
25103 4193 3104 3279 2805 
25104 4193 3279 3104 4378 
25105 1929 4040 1935 1931 
25106 1935 4040 1929 3583 
25107 4015 4194 3088 2805 
25108 3088 4194 4015 2806 
25109 4473 3545 1206 3355 
25110 4473 3545 3355 2280 
25111 4538 2280 2235 4473 
25112 1188 4460 1388 3938 
25113 4473 1205 1413 1206 
25114 4431 52 51 541 
25115 3763 3892 4521 605 
25116 4177 2920 3759 3172 
25117 4177 3759 2920 3658 
25118 3193 4269 3660 1785 
25119 4329 827 4459 3599 
25120 4082 1785 1637 3660 
25121 4082 1785 3660 4269 
25122 3091 634 3447 2945 
25123 4431 588 52 541 
25124 3790 3043 2449 3649 
25125 3790 2449 3043 3536 
25126 4341 3170 2982 3609 
25127 4341 2982 3170 3229 
25128 708 2911 639 3344 
25129 3344 2970 4229 3391 
25130 3093 3819 3481 2876 
25131 3481 3819 3093 4041 
25132 4193 3003 2110 3631 
25133 4193 2110 3003 3765 
25134 4188 2930 3172 3612 
25135 4188 3172 2930 3257 
25136 3477 1350 4291 817 
25137 3477 1350 817 1149 
25138 4459 1441 68 827 
25139 761 760 347 758 
25140 3820 2979 3887 3138 
25141 3820 3887 2979 3532 
25142 3211 4040 2929 3583 
25143 3211 4040 3583 1929 
25144 3211 2929 4040 2854 
25145 827 4561 1463 67 
25146 3267 3864 3009 3399 
25147 3267 3864 3399 2557 
25148 4188 4177 1870 3612 
25149 3341 4177 3172 2967 
25150 2894 2914 415 2893 
25151 2894 2914 2893 3345 
25152 687 3588 2876 612 
25153 2876 3588 687 3578 
25154 733 4298 538 573 
25155 733 4298 573 3368 
25156 3910 4190 3767 2850 
25157 3767 4190 3910 2710 
25158 484 316 483 481 
25159 484 483 316 317 
25160 3735 3917 3983 3123 
25161 3983 3917 3735 2082 
25162 2833 3569 3953 2963 
25163 3953 3569 2833 3266 
25164 3953 3267 2833 2963 
25165 2833 3267 3953 3266 
25166 3035 3841 3805 2987 
25167 3035 3841 2987 3614 
25168 4186 3648 2854 4090 
25169 4186 2854 3648 3129 
25170 3859 3294 226 3858 
25171 3859 226 3294 3345 
25172 3306 4580 3426 657 
25173 2085 4580 2286 312 
25174 673 2930 714 608 
25175 673 2930 608 3771 
25176 3886 627 3104 630 
25177 3886 3104 627 3786 
25178 1251 2854 1374 1335 
25179 1251 2854 1335 1252 
25180 2370 785 786 2368 
25181 786 785 2370 807 
25182 3724 4370 3873 2988 
25183 3873 4370 3724 3160 
25184 3682 2944 3034 3506 
25185 3682 3034 2944 3248 
25186 3290 4409 3635 2552 
25187 3762 4474 3755 2733 
25188 3010 2713 4152 3722 
25189 3010 4152 2713 3999 
25190 3185 4152 2713 3722 
25191 3185 2713 4152 3999 
25192 3768 2862 3162 2857 
25193 3768 3162 2862 3163 
25194 2535 4001 2536 2592 
25195 68 67 4459 827 
25196 2594 2536 4001 2592 
25197 2594 4001 2536 4019 
25198 4117 1094 1054 4095 
25199 1054 1094 4117 1053 
25200 4561 1392 1463 4384 
25201 4459 4575 535 68 
25202 361 2552 3290 362 
25203 3290 2552 361 4409 
25204 4555 4506 502 4468 
25205 3298 3325 2762 3999 
25206 3298 2762 3325 2814 
25207 4473 1390 1117 1205 
25208 1117 1413 4473 1205 
25209 4473 3355 1206 1413 
25210 3290 3124 361 362 
25211 4555 4468 502 4157 
25212 3455 4538 1390 1117 
25213 4538 2280 4473 3355 
25214 3455 4538 3355 2184 
25215 3455 3355 4538 1117 
25216 1585 194 1753 4416 
25217 3371 4416 4373 1033 
25218 51 4431 541 2758 
25219 3948 4416 1025 1017 
25220 4416 4462 193 1017 
25221 1585 193 194 4416 
25222 2578 157 4417 2387 
25223 4433 793 4554 43 
25224 2578 157 156 4417 
25225 4554 42 43 793 
25226 3458 2387 2578 4417 
$EndElements
