ISO-10303-21;
HEADER;
FILE_DESCRIPTION(('Open CASCADE Model'),'2;1');
FILE_NAME('Open CASCADE Shape Model','2026-10-02T01:32:48',('Author'),(
    'Open CASCADE'),'Open CASCADE STEP processor 7.9','Open CASCADE 7.9'
  ,'Unknown');
FILE_SCHEMA(('AUTOMOTIVE_DESIGN { 1 0 10303 214 1 1 1 1 }'));
ENDSEC;
DATA;
#1 = APPLICATION_PROTOCOL_DEFINITION('international standard',
  'automotive_design',2000,#2);
#2 = APPLICATION_CONTEXT(
  'core data for automotive mechanical design processes');
#3 = SHAPE_DEFINITION_REPRESENTATION(#4,#10);
#4 = PRODUCT_DEFINITION_SHAPE('','',#5);
#5 = PRODUCT_DEFINITION('design','',#6,#9);
#6 = PRODUCT_DEFINITION_FORMATION('','',#7);
#7 = PRODUCT('Open CASCADE STEP translator 7.9 1',
  'Open CASCADE STEP translator 7.9 1','',(#8));
#8 = PRODUCT_CONTEXT('',#2,'mechanical');
#9 = PRODUCT_DEFINITION_CONTEXT('part definition',#2,'design');
#10 = ADVANCED_BREP_SHAPE_REPRESENTATION('',(#11,#15),#2161);
#11 = AXIS2_PLACEMENT_3D('',#12,#13,#14);
#12 = CARTESIAN_POINT('',(0.,0.,0.));
#13 = DIRECTION('',(0.,0.,1.));
#14 = DIRECTION('',(1.,0.,-0.));
#15 = MANIFOLD_SOLID_BREP('',#16);
#16 = CLOSED_SHELL('',(#17,#536,#571,#1045,#1541,#1777,#2042,#2097,#2153
    ,#2157));
#17 = ADVANCED_FACE('',(#18),#31,.T.);
#18 = FACE_BOUND('',#19,.F.);
#19 = EDGE_LOOP('',(#20,#54,#77,#106,#203,#295,#324,#421,#513,#535));
#20 = ORIENTED_EDGE('',*,*,#21,.F.);
#21 = EDGE_CURVE('',#22,#22,#24,.T.);
#22 = VERTEX_POINT('',#23);
#23 = CARTESIAN_POINT('',(35.,0.,0.));
#24 = SURFACE_CURVE('',#25,(#30,#42),.PCURVE_S1.);
#25 = CIRCLE('',#26,35.);
#26 = AXIS2_PLACEMENT_3D('',#27,#28,#29);
#27 = CARTESIAN_POINT('',(0.,0.,0.));
#28 = DIRECTION('',(0.,0.,1.));
#29 = DIRECTION('',(1.,0.,0.));
#30 = PCURVE('',#31,#36);
#31 = CYLINDRICAL_SURFACE('',#32,35.);
#32 = AXIS2_PLACEMENT_3D('',#33,#34,#35);
#33 = CARTESIAN_POINT('',(0.,0.,0.));
#34 = DIRECTION('',(-0.,-0.,-1.));
#35 = DIRECTION('',(1.,0.,0.));
#36 = DEFINITIONAL_REPRESENTATION('',(#37),#41);
#37 = LINE('',#38,#39);
#38 = CARTESIAN_POINT('',(-0.,0.));
#39 = VECTOR('',#40,1.);
#40 = DIRECTION('',(-1.,0.));
#41 = ( GEOMETRIC_REPRESENTATION_CONTEXT(2) 
PARAMETRIC_REPRESENTATION_CONTEXT() REPRESENTATION_CONTEXT('2D SPACE',''
  ) );
#42 = PCURVE('',#43,#48);
#43 = PLANE('',#44);
#44 = AXIS2_PLACEMENT_3D('',#45,#46,#47);
#45 = CARTESIAN_POINT('',(-1.250230978322E-15,2.32193833596E-15,0.));
#46 = DIRECTION('',(0.,0.,1.));
#47 = DIRECTION('',(1.,0.,-0.));
#48 = DEFINITIONAL_REPRESENTATION('',(#49),#53);
#49 = CIRCLE('',#50,35.);
#50 = AXIS2_PLACEMENT_2D('',#51,#52);
#51 = CARTESIAN_POINT('',(1.250230978322E-15,-2.32193833596E-15));
#52 = DIRECTION('',(1.,0.));
#53 = ( GEOMETRIC_REPRESENTATION_CONTEXT(2) 
PARAMETRIC_REPRESENTATION_CONTEXT() REPRESENTATION_CONTEXT('2D SPACE',''
  ) );
#54 = ORIENTED_EDGE('',*,*,#55,.T.);
#55 = EDGE_CURVE('',#22,#56,#58,.T.);
#56 = VERTEX_POINT('',#57);
#57 = CARTESIAN_POINT('',(35.,0.,26.));
#58 = SEAM_CURVE('',#59,(#63,#70),.PCURVE_S1.);
#59 = LINE('',#60,#61);
#60 = CARTESIAN_POINT('',(35.,0.,0.));
#61 = VECTOR('',#62,1.);
#62 = DIRECTION('',(0.,0.,1.));
#63 = PCURVE('',#31,#64);
#64 = DEFINITIONAL_REPRESENTATION('',(#65),#69);
#65 = LINE('',#66,#67);
#66 = CARTESIAN_POINT('',(-6.28318530718,0.));
#67 = VECTOR('',#68,1.);
#68 = DIRECTION('',(-0.,-1.));
#69 = ( GEOMETRIC_REPRESENTATION_CONTEXT(2) 
PARAMETRIC_REPRESENTATION_CONTEXT() REPRESENTATION_CONTEXT('2D SPACE',''
  ) );
#70 = PCURVE('',#31,#71);
#71 = DEFINITIONAL_REPRESENTATION('',(#72),#76);
#72 = LINE('',#73,#74);
#73 = CARTESIAN_POINT('',(-0.,0.));
#74 = VECTOR('',#75,1.);
#75 = DIRECTION('',(-0.,-1.));
#76 = ( GEOMETRIC_REPRESENTATION_CONTEXT(2) 
PARAMETRIC_REPRESENTATION_CONTEXT() REPRESENTATION_CONTEXT('2D SPACE',''
  ) );
#77 = ORIENTED_EDGE('',*,*,#78,.T.);
#78 = EDGE_CURVE('',#56,#79,#81,.T.);
#79 = VERTEX_POINT('',#80);
#80 = CARTESIAN_POINT('',(13.442879908611,32.31546038296,26.));
#81 = SURFACE_CURVE('',#82,(#87,#94),.PCURVE_S1.);
#82 = CIRCLE('',#83,35.);
#83 = AXIS2_PLACEMENT_3D('',#84,#85,#86);
#84 = CARTESIAN_POINT('',(0.,0.,26.));
#85 = DIRECTION('',(0.,0.,1.));
#86 = DIRECTION('',(1.,0.,0.));
#87 = PCURVE('',#31,#88);
#88 = DEFINITIONAL_REPRESENTATION('',(#89),#93);
#89 = LINE('',#90,#91);
#90 = CARTESIAN_POINT('',(-0.,-26.));
#91 = VECTOR('',#92,1.);
#92 = DIRECTION('',(-1.,0.));
#93 = ( GEOMETRIC_REPRESENTATION_CONTEXT(2) 
PARAMETRIC_REPRESENTATION_CONTEXT() REPRESENTATION_CONTEXT('2D SPACE',''
  ) );
#94 = PCURVE('',#95,#100);
#95 = PLANE('',#96);
#96 = AXIS2_PLACEMENT_3D('',#97,#98,#99);
#97 = CARTESIAN_POINT('',(-1.250230978322E-15,2.32193833596E-15,26.));
#98 = DIRECTION('',(0.,0.,1.));
#99 = DIRECTION('',(1.,0.,-0.));
#100 = DEFINITIONAL_REPRESENTATION('',(#101),#105);
#101 = CIRCLE('',#102,35.);
#102 = AXIS2_PLACEMENT_2D('',#103,#104);
#103 = CARTESIAN_POINT('',(1.250230978322E-15,-2.32193833596E-15));
#104 = DIRECTION('',(1.,0.));
#105 = ( GEOMETRIC_REPRESENTATION_CONTEXT(2) 
PARAMETRIC_REPRESENTATION_CONTEXT() REPRESENTATION_CONTEXT('2D SPACE',''
  ) );
#106 = ORIENTED_EDGE('',*,*,#107,.F.);
#107 = EDGE_CURVE('',#108,#79,#110,.T.);
#108 = VERTEX_POINT('',#109);
#109 = CARTESIAN_POINT('',(-3.429011037613E-15,35.,15.511796585165));
#110 = SURFACE_CURVE('',#111,(#138,#168),.PCURVE_S1.);
#111 = B_SPLINE_CURVE_WITH_KNOTS('',7,(#112,#113,#114,#115,#116,#117,
    #118,#119,#120,#121,#122,#123,#124,#125,#126,#127,#128,#129,#130,
    #131,#132,#133,#134,#135,#136,#137),.UNSPECIFIED.,.F.,.F.,(8,6,6,6,8
    ),(0.,0.278159170712,0.454712910868,0.705391626474,1.),
  .UNSPECIFIED.);
#112 = CARTESIAN_POINT('',(0.,35.,15.511796585165));
#113 = CARTESIAN_POINT('',(0.872420170453,35.,15.511796585165));
#114 = CARTESIAN_POINT('',(1.745403440022,34.974629421607,
    15.571127185474));
#115 = CARTESIAN_POINT('',(2.606963301487,34.923829370682,
    15.689921528957));
#116 = CARTESIAN_POINT('',(3.447439933907,34.84951654481,15.865561214121
    ));
#117 = CARTESIAN_POINT('',(4.25895993594,34.75490951837,16.094181233438)
  );
#118 = CARTESIAN_POINT('',(5.03532900405,34.643948931942,16.370845944913
    ));
#119 = CARTESIAN_POINT('',(6.239451954739,34.442618010682,
    16.892280404669));
#120 = CARTESIAN_POINT('',(6.691288135221,34.359476517763,
    17.111928772534));
#121 = CARTESIAN_POINT('',(7.126531315738,34.272361294037,
    17.347481253887));
#122 = CARTESIAN_POINT('',(7.544608034999,34.182264484268,17.59764826169
    ));
#123 = CARTESIAN_POINT('',(7.945208195717,34.090126640101,
    17.861179605748));
#124 = CARTESIAN_POINT('',(8.328236320758,33.996806980623,
    18.136900717775));
#125 = CARTESIAN_POINT('',(9.212783656112,33.769982228665,
    18.831007697932));
#126 = CARTESIAN_POINT('',(9.696445336778,33.63607757129,19.260619571803
    ));
#127 = CARTESIAN_POINT('',(10.145129023874,33.503522995941,
    19.709584654397));
#128 = CARTESIAN_POINT('',(10.559630101268,33.374160095461,
    20.175177026964));
#129 = CARTESIAN_POINT('',(10.941071326921,33.249461420326,
    20.654973262728));
#130 = CARTESIAN_POINT('',(11.290800341222,33.130537544761,
    21.146898676573));
#131 = CARTESIAN_POINT('',(11.985755043042,32.886168610509,
    22.23970592265));
#132 = CARTESIAN_POINT('',(12.319357826008,32.763265623109,
    22.844426197106));
#133 = CARTESIAN_POINT('',(12.613502521083,32.650793068175,
    23.460710019747));
#134 = CARTESIAN_POINT('',(12.870586181988,32.549555411957,
    24.086196366954));
#135 = CARTESIAN_POINT('',(13.092988076329,32.459929452595,
    24.718900010941));
#136 = CARTESIAN_POINT('',(13.28302691643,32.381957489281,25.35722675798
    ));
#137 = CARTESIAN_POINT('',(13.442880057827,32.315460320888,26.0000006));
#138 = PCURVE('',#31,#139);
#139 = DEFINITIONAL_REPRESENTATION('',(#140),#167);
#140 = B_SPLINE_CURVE_WITH_KNOTS('',7,(#141,#142,#143,#144,#145,#146,
    #147,#148,#149,#150,#151,#152,#153,#154,#155,#156,#157,#158,#159,
    #160,#161,#162,#163,#164,#165,#166),.UNSPECIFIED.,.F.,.F.,(8,6,6,6,8
    ),(0.,0.278159170712,0.454712910868,0.705391626474,1.),
  .UNSPECIFIED.);
#141 = CARTESIAN_POINT('',(-1.570796326795,-15.51179658516));
#142 = CARTESIAN_POINT('',(-1.545870036211,-15.51179658516));
#143 = CARTESIAN_POINT('',(-1.520927655539,-15.57112718547));
#144 = CARTESIAN_POINT('',(-1.496286372412,-15.68992152895));
#145 = CARTESIAN_POINT('',(-1.472196693462,-15.86556121412));
#146 = CARTESIAN_POINT('',(-1.448866227113,-16.09418123343));
#147 = CARTESIAN_POINT('',(-1.426465143288,-16.37084594491));
#148 = CARTESIAN_POINT('',(-1.391584048236,-16.89228040466));
#149 = CARTESIAN_POINT('',(-1.378459455247,-17.11192877253));
#150 = CARTESIAN_POINT('',(-1.365779670314,-17.34748125388));
#151 = CARTESIAN_POINT('',(-1.353562617471,-17.59764826169));
#152 = CARTESIAN_POINT('',(-1.341819666528,-17.86117960574));
#153 = CARTESIAN_POINT('',(-1.33055670444,-18.13690071777));
#154 = CARTESIAN_POINT('',(-1.304466226755,-18.83100769793));
#155 = CARTESIAN_POINT('',(-1.29013010378,-19.2606195718));
#156 = CARTESIAN_POINT('',(-1.276765741065,-19.70958465439));
#157 = CARTESIAN_POINT('',(-1.26436172147,-20.17517702696));
#158 = CARTESIAN_POINT('',(-1.252897141496,-20.65497326272));
#159 = CARTESIAN_POINT('',(-1.242343542759,-21.14689867657));
#160 = CARTESIAN_POINT('',(-1.22129591526,-22.23970592265));
#161 = CARTESIAN_POINT('',(-1.211139259086,-22.8444261971));
#162 = CARTESIAN_POINT('',(-1.202142608147,-23.46071001974));
#163 = CARTESIAN_POINT('',(-1.194248853277,-24.08619636695));
#164 = CARTESIAN_POINT('',(-1.187398173641,-24.71890001094));
#165 = CARTESIAN_POINT('',(-1.181529305643,-25.35722675798));
#166 = CARTESIAN_POINT('',(-1.176582659678,-26.0000006));
#167 = ( GEOMETRIC_REPRESENTATION_CONTEXT(2) 
PARAMETRIC_REPRESENTATION_CONTEXT() REPRESENTATION_CONTEXT('2D SPACE',''
  ) );
#168 = PCURVE('',#169,#174);
#169 = TOROIDAL_SURFACE('',#170,49.,14.);
#170 = AXIS2_PLACEMENT_3D('',#171,#172,#173);
#171 = CARTESIAN_POINT('',(0.,0.,67.895));
#172 = DIRECTION('',(1.,0.,0.));
#173 = DIRECTION('',(-0.,0.,1.));
#174 = DEFINITIONAL_REPRESENTATION('',(#175),#202);
#175 = B_SPLINE_CURVE_WITH_KNOTS('',7,(#176,#177,#178,#179,#180,#181,
    #182,#183,#184,#185,#186,#187,#188,#189,#190,#191,#192,#193,#194,
    #195,#196,#197,#198,#199,#200,#201),.UNSPECIFIED.,.F.,.F.,(8,6,6,6,8
    ),(0.,0.278159170712,0.454712910868,0.705391626474,1.),
  .UNSPECIFIED.);
#176 = CARTESIAN_POINT('',(3.730623623806,0.));
#177 = CARTESIAN_POINT('',(3.730623623806,6.23157264609E-02));
#178 = CARTESIAN_POINT('',(3.730811979455,0.124671638454));
#179 = CARTESIAN_POINT('',(3.731189078034,0.186607075297));
#180 = CARTESIAN_POINT('',(3.731759555307,0.247828552247));
#181 = CARTESIAN_POINT('',(3.732536487315,0.30809708958));
#182 = CARTESIAN_POINT('',(3.733535442343,0.367205135939));
#183 = CARTESIAN_POINT('',(3.73555218027,0.461610609002));
#184 = CARTESIAN_POINT('',(3.736430349084,0.497744762179));
#185 = CARTESIAN_POINT('',(3.737407658461,0.533331500514));
#186 = CARTESIAN_POINT('',(3.738488314731,0.568355055388));
#187 = CARTESIAN_POINT('',(3.739676420791,0.602807283872));
#188 = CARTESIAN_POINT('',(3.740975853489,0.636686414002));
#189 = CARTESIAN_POINT('',(3.744398610112,0.717293809091));
#190 = CARTESIAN_POINT('',(3.746638446838,0.76343672035));
#191 = CARTESIAN_POINT('',(3.749120686821,0.808451028547));
#192 = CARTESIAN_POINT('',(3.751854846947,0.852364344759));
#193 = CARTESIAN_POINT('',(3.754848342527,0.895209374665));
#194 = CARTESIAN_POINT('',(3.75810675051,0.937026216844));
#195 = CARTESIAN_POINT('',(3.765781734531,1.025859591431));
#196 = CARTESIAN_POINT('',(3.770300163037,1.072491135797));
#197 = CARTESIAN_POINT('',(3.77519812336,1.117840165595));
#198 = CARTESIAN_POINT('',(3.780479405562,1.161974403909));
#199 = CARTESIAN_POINT('',(3.786144122064,1.204957755518));
#200 = CARTESIAN_POINT('',(3.792189992218,1.246855868527));
#201 = CARTESIAN_POINT('',(3.798614626105,1.287737853987));
#202 = ( GEOMETRIC_REPRESENTATION_CONTEXT(2) 
PARAMETRIC_REPRESENTATION_CONTEXT() REPRESENTATION_CONTEXT('2D SPACE',''
  ) );
#203 = ORIENTED_EDGE('',*,*,#204,.T.);
#204 = EDGE_CURVE('',#108,#205,#207,.T.);
#205 = VERTEX_POINT('',#206);
#206 = CARTESIAN_POINT('',(-13.44287990861,32.31546038296,26.));
#207 = SURFACE_CURVE('',#208,(#235,#265),.PCURVE_S1.);
#208 = B_SPLINE_CURVE_WITH_KNOTS('',7,(#209,#210,#211,#212,#213,#214,
    #215,#216,#217,#218,#219,#220,#221,#222,#223,#224,#225,#226,#227,
    #228,#229,#230,#231,#232,#233,#234),.UNSPECIFIED.,.F.,.F.,(8,6,6,6,8
    ),(0.,0.278159170712,0.454712910868,0.705391626474,1.),
  .UNSPECIFIED.);
#209 = CARTESIAN_POINT('',(0.,35.,15.511796585165));
#210 = CARTESIAN_POINT('',(-0.872420170453,35.,15.511796585165));
#211 = CARTESIAN_POINT('',(-1.74540344002,34.974629421607,
    15.571127185474));
#212 = CARTESIAN_POINT('',(-2.606963301489,34.923829370682,
    15.689921528957));
#213 = CARTESIAN_POINT('',(-3.447439933904,34.849516544811,
    15.86556121412));
#214 = CARTESIAN_POINT('',(-4.258959935942,34.75490951837,
    16.094181233438));
#215 = CARTESIAN_POINT('',(-5.035329004049,34.643948931942,
    16.370845944913));
#216 = CARTESIAN_POINT('',(-6.239451954738,34.442618010683,
    16.892280404668));
#217 = CARTESIAN_POINT('',(-6.691288135221,34.359476517763,
    17.111928772534));
#218 = CARTESIAN_POINT('',(-7.126531315737,34.272361294038,
    17.347481253886));
#219 = CARTESIAN_POINT('',(-7.544608034998,34.182264484268,
    17.597648261689));
#220 = CARTESIAN_POINT('',(-7.945208195718,34.090126640101,
    17.861179605749));
#221 = CARTESIAN_POINT('',(-8.328236320757,33.996806980624,
    18.136900717775));
#222 = CARTESIAN_POINT('',(-9.212783656112,33.769982228665,
    18.831007697931));
#223 = CARTESIAN_POINT('',(-9.696445336778,33.63607757129,
    19.260619571803));
#224 = CARTESIAN_POINT('',(-10.14512902387,33.503522995941,
    19.709584654396));
#225 = CARTESIAN_POINT('',(-10.55963010126,33.374160095461,
    20.175177026964));
#226 = CARTESIAN_POINT('',(-10.94107132692,33.249461420326,
    20.654973262727));
#227 = CARTESIAN_POINT('',(-11.29080034122,33.130537544761,
    21.146898676572));
#228 = CARTESIAN_POINT('',(-11.98575504304,32.88616861051,22.23970592265
    ));
#229 = CARTESIAN_POINT('',(-12.319357826,32.763265623109,22.844426197105
    ));
#230 = CARTESIAN_POINT('',(-12.61350252108,32.650793068175,
    23.460710019747));
#231 = CARTESIAN_POINT('',(-12.87058618198,32.549555411957,
    24.086196366953));
#232 = CARTESIAN_POINT('',(-13.09298807632,32.459929452595,
    24.71890001094));
#233 = CARTESIAN_POINT('',(-13.28302691643,32.381957489281,
    25.35722675798));
#234 = CARTESIAN_POINT('',(-13.44288005782,32.315460320888,26.0000006));
#235 = PCURVE('',#31,#236);
#236 = DEFINITIONAL_REPRESENTATION('',(#237),#264);
#237 = B_SPLINE_CURVE_WITH_KNOTS('',7,(#238,#239,#240,#241,#242,#243,
    #244,#245,#246,#247,#248,#249,#250,#251,#252,#253,#254,#255,#256,
    #257,#258,#259,#260,#261,#262,#263),.UNSPECIFIED.,.F.,.F.,(8,6,6,6,8
    ),(0.,0.278159170712,0.454712910868,0.705391626474,1.),
  .UNSPECIFIED.);
#238 = CARTESIAN_POINT('',(-1.570796326795,-15.51179658516));
#239 = CARTESIAN_POINT('',(-1.595722617379,-15.51179658516));
#240 = CARTESIAN_POINT('',(-1.62066499805,-15.57112718547));
#241 = CARTESIAN_POINT('',(-1.645306281178,-15.68992152895));
#242 = CARTESIAN_POINT('',(-1.669395960128,-15.86556121411));
#243 = CARTESIAN_POINT('',(-1.692726426477,-16.09418123343));
#244 = CARTESIAN_POINT('',(-1.715127510301,-16.37084594491));
#245 = CARTESIAN_POINT('',(-1.750008605353,-16.89228040466));
#246 = CARTESIAN_POINT('',(-1.763133198343,-17.11192877253));
#247 = CARTESIAN_POINT('',(-1.775812983276,-17.34748125388));
#248 = CARTESIAN_POINT('',(-1.788030036118,-17.59764826168));
#249 = CARTESIAN_POINT('',(-1.799772987062,-17.86117960574));
#250 = CARTESIAN_POINT('',(-1.81103594915,-18.13690071777));
#251 = CARTESIAN_POINT('',(-1.837126426834,-18.83100769793));
#252 = CARTESIAN_POINT('',(-1.851462549809,-19.2606195718));
#253 = CARTESIAN_POINT('',(-1.864826912525,-19.70958465439));
#254 = CARTESIAN_POINT('',(-1.87723093212,-20.17517702696));
#255 = CARTESIAN_POINT('',(-1.888695512094,-20.65497326272));
#256 = CARTESIAN_POINT('',(-1.89924911083,-21.14689867657));
#257 = CARTESIAN_POINT('',(-1.92029673833,-22.23970592265));
#258 = CARTESIAN_POINT('',(-1.930453394503,-22.8444261971));
#259 = CARTESIAN_POINT('',(-1.939450045443,-23.46071001974));
#260 = CARTESIAN_POINT('',(-1.947343800313,-24.08619636695));
#261 = CARTESIAN_POINT('',(-1.954194479949,-24.71890001094));
#262 = CARTESIAN_POINT('',(-1.960063347947,-25.35722675798));
#263 = CARTESIAN_POINT('',(-1.965009993912,-26.0000006));
#264 = ( GEOMETRIC_REPRESENTATION_CONTEXT(2) 
PARAMETRIC_REPRESENTATION_CONTEXT() REPRESENTATION_CONTEXT('2D SPACE',''
  ) );
#265 = PCURVE('',#169,#266);
#266 = DEFINITIONAL_REPRESENTATION('',(#267),#294);
#267 = B_SPLINE_CURVE_WITH_KNOTS('',7,(#268,#269,#270,#271,#272,#273,
    #274,#275,#276,#277,#278,#279,#280,#281,#282,#283,#284,#285,#286,
    #287,#288,#289,#290,#291,#292,#293),.UNSPECIFIED.,.F.,.F.,(8,6,6,6,8
    ),(0.,0.278159170712,0.454712910868,0.705391626474,1.),
  .UNSPECIFIED.);
#268 = CARTESIAN_POINT('',(3.730623623806,6.28318530718));
#269 = CARTESIAN_POINT('',(3.730623623806,6.220869580719));
#270 = CARTESIAN_POINT('',(3.730811979455,6.158513668725));
#271 = CARTESIAN_POINT('',(3.731189078034,6.096578231883));
#272 = CARTESIAN_POINT('',(3.731759555307,6.035356754933));
#273 = CARTESIAN_POINT('',(3.732536487315,5.9750882176));
#274 = CARTESIAN_POINT('',(3.733535442343,5.915980171241));
#275 = CARTESIAN_POINT('',(3.73555218027,5.821574698178));
#276 = CARTESIAN_POINT('',(3.736430349084,5.785440545));
#277 = CARTESIAN_POINT('',(3.737407658461,5.749853806666));
#278 = CARTESIAN_POINT('',(3.738488314731,5.714830251792));
#279 = CARTESIAN_POINT('',(3.739676420791,5.680378023308));
#280 = CARTESIAN_POINT('',(3.740975853489,5.646498893177));
#281 = CARTESIAN_POINT('',(3.744398610112,5.565891498089));
#282 = CARTESIAN_POINT('',(3.746638446838,5.519748586829));
#283 = CARTESIAN_POINT('',(3.749120686821,5.474734278632));
#284 = CARTESIAN_POINT('',(3.751854846947,5.430820962421));
#285 = CARTESIAN_POINT('',(3.754848342527,5.387975932514));
#286 = CARTESIAN_POINT('',(3.75810675051,5.346159090336));
#287 = CARTESIAN_POINT('',(3.765781734531,5.257325715749));
#288 = CARTESIAN_POINT('',(3.770300163037,5.210694171383));
#289 = CARTESIAN_POINT('',(3.77519812336,5.165345141584));
#290 = CARTESIAN_POINT('',(3.780479405562,5.12121090327));
#291 = CARTESIAN_POINT('',(3.786144122064,5.078227551662));
#292 = CARTESIAN_POINT('',(3.792189992218,5.036329438652));
#293 = CARTESIAN_POINT('',(3.798614626105,4.995447453193));
#294 = ( GEOMETRIC_REPRESENTATION_CONTEXT(2) 
PARAMETRIC_REPRESENTATION_CONTEXT() REPRESENTATION_CONTEXT('2D SPACE',''
  ) );
#295 = ORIENTED_EDGE('',*,*,#296,.T.);
#296 = EDGE_CURVE('',#205,#297,#299,.T.);
#297 = VERTEX_POINT('',#298);
#298 = CARTESIAN_POINT('',(-13.44287990861,-32.31546038296,26.));
#299 = SURFACE_CURVE('',#300,(#305,#312),.PCURVE_S1.);
#300 = CIRCLE('',#301,35.);
#301 = AXIS2_PLACEMENT_3D('',#302,#303,#304);
#302 = CARTESIAN_POINT('',(0.,0.,26.));
#303 = DIRECTION('',(0.,0.,1.));
#304 = DIRECTION('',(1.,0.,0.));
#305 = PCURVE('',#31,#306);
#306 = DEFINITIONAL_REPRESENTATION('',(#307),#311);
#307 = LINE('',#308,#309);
#308 = CARTESIAN_POINT('',(-0.,-26.));
#309 = VECTOR('',#310,1.);
#310 = DIRECTION('',(-1.,0.));
#311 = ( GEOMETRIC_REPRESENTATION_CONTEXT(2) 
PARAMETRIC_REPRESENTATION_CONTEXT() REPRESENTATION_CONTEXT('2D SPACE',''
  ) );
#312 = PCURVE('',#313,#318);
#313 = PLANE('',#314);
#314 = AXIS2_PLACEMENT_3D('',#315,#316,#317);
#315 = CARTESIAN_POINT('',(-1.250230978322E-15,2.32193833596E-15,26.));
#316 = DIRECTION('',(0.,0.,1.));
#317 = DIRECTION('',(1.,0.,-0.));
#318 = DEFINITIONAL_REPRESENTATION('',(#319),#323);
#319 = CIRCLE('',#320,35.);
#320 = AXIS2_PLACEMENT_2D('',#321,#322);
#321 = CARTESIAN_POINT('',(1.250230978322E-15,-2.32193833596E-15));
#322 = DIRECTION('',(1.,0.));
#323 = ( GEOMETRIC_REPRESENTATION_CONTEXT(2) 
PARAMETRIC_REPRESENTATION_CONTEXT() REPRESENTATION_CONTEXT('2D SPACE',''
  ) );
#324 = ORIENTED_EDGE('',*,*,#325,.F.);
#325 = EDGE_CURVE('',#326,#297,#328,.T.);
#326 = VERTEX_POINT('',#327);
#327 = CARTESIAN_POINT('',(-3.429011037613E-15,-35.,15.511796585165));
#328 = SURFACE_CURVE('',#329,(#356,#386),.PCURVE_S1.);
#329 = B_SPLINE_CURVE_WITH_KNOTS('',7,(#330,#331,#332,#333,#334,#335,
    #336,#337,#338,#339,#340,#341,#342,#343,#344,#345,#346,#347,#348,
    #349,#350,#351,#352,#353,#354,#355),.UNSPECIFIED.,.F.,.F.,(8,6,6,6,8
    ),(0.,0.278159170709,0.454712910865,0.70539162647,1.),
  .UNSPECIFIED.);
#330 = CARTESIAN_POINT('',(0.,-35.,15.511796585165));
#331 = CARTESIAN_POINT('',(-0.872420170443,-35.,15.511796585165));
#332 = CARTESIAN_POINT('',(-1.745403440004,-34.9746294216,
    15.571127185473));
#333 = CARTESIAN_POINT('',(-2.60696330146,-34.92382937068,
    15.689921528953));
#334 = CARTESIAN_POINT('',(-3.447439933871,-34.84951654481,
    15.865561214113));
#335 = CARTESIAN_POINT('',(-4.258959935899,-34.75490951837,
    16.094181233426));
#336 = CARTESIAN_POINT('',(-5.035329004002,-34.64394893194,
    16.370845944896));
#337 = CARTESIAN_POINT('',(-6.239451954686,-34.44261801069,
    16.892280404644));
#338 = CARTESIAN_POINT('',(-6.691288135169,-34.35947651777,
    17.111928772507));
#339 = CARTESIAN_POINT('',(-7.126531315687,-34.27236129404,
    17.347481253857));
#340 = CARTESIAN_POINT('',(-7.544608034949,-34.18226448427,
    17.597648261659));
#341 = CARTESIAN_POINT('',(-7.945208195669,-34.09012664011,
    17.861179605716));
#342 = CARTESIAN_POINT('',(-8.32823632071,-33.99680698063,18.13690071774
    ));
#343 = CARTESIAN_POINT('',(-9.212783656068,-33.76998222867,
    18.831007697893));
#344 = CARTESIAN_POINT('',(-9.696445336736,-33.6360775713,
    19.260619571762));
#345 = CARTESIAN_POINT('',(-10.14512902383,-33.50352299595,
    19.709584654353));
#346 = CARTESIAN_POINT('',(-10.55963010122,-33.37416009547,
    20.175177026918));
#347 = CARTESIAN_POINT('',(-10.94107132688,-33.24946142033,
    20.65497326268));
#348 = CARTESIAN_POINT('',(-11.29080034118,-33.13053754477,
    21.146898676523));
#349 = CARTESIAN_POINT('',(-11.98575504301,-32.88616861051,
    22.239705922605));
#350 = CARTESIAN_POINT('',(-12.31935782598,-32.76326562311,
    22.844426197067));
#351 = CARTESIAN_POINT('',(-12.61350252107,-32.65079306818,
    23.460710019716));
#352 = CARTESIAN_POINT('',(-12.87058618198,-32.54955541196,
    24.08619636693));
#353 = CARTESIAN_POINT('',(-13.09298807632,-32.45992945259,
    24.718900010924));
#354 = CARTESIAN_POINT('',(-13.28302691642,-32.38195748928,
    25.357226757972));
#355 = CARTESIAN_POINT('',(-13.44288005782,-32.31546032088,26.0000006));
#356 = PCURVE('',#31,#357);
#357 = DEFINITIONAL_REPRESENTATION('',(#358),#385);
#358 = B_SPLINE_CURVE_WITH_KNOTS('',7,(#359,#360,#361,#362,#363,#364,
    #365,#366,#367,#368,#369,#370,#371,#372,#373,#374,#375,#376,#377,
    #378,#379,#380,#381,#382,#383,#384),.UNSPECIFIED.,.F.,.F.,(8,6,6,6,8
    ),(0.,0.278159170709,0.454712910865,0.70539162647,1.),
  .UNSPECIFIED.);
#359 = CARTESIAN_POINT('',(-4.712388980385,-15.51179658516));
#360 = CARTESIAN_POINT('',(-4.687462689801,-15.51179658516));
#361 = CARTESIAN_POINT('',(-4.66252030913,-15.57112718547));
#362 = CARTESIAN_POINT('',(-4.637879026003,-15.68992152895));
#363 = CARTESIAN_POINT('',(-4.613789347053,-15.86556121411));
#364 = CARTESIAN_POINT('',(-4.590458880704,-16.09418123342));
#365 = CARTESIAN_POINT('',(-4.568057796879,-16.37084594489));
#366 = CARTESIAN_POINT('',(-4.533176701828,-16.89228040464));
#367 = CARTESIAN_POINT('',(-4.520052108838,-17.1119287725));
#368 = CARTESIAN_POINT('',(-4.507372323905,-17.34748125385));
#369 = CARTESIAN_POINT('',(-4.495155271063,-17.59764826165));
#370 = CARTESIAN_POINT('',(-4.483412320119,-17.86117960571));
#371 = CARTESIAN_POINT('',(-4.472149358031,-18.13690071774));
#372 = CARTESIAN_POINT('',(-4.446058880347,-18.83100769789));
#373 = CARTESIAN_POINT('',(-4.431722757371,-19.26061957176));
#374 = CARTESIAN_POINT('',(-4.418358394656,-19.70958465435));
#375 = CARTESIAN_POINT('',(-4.405954375061,-20.17517702691));
#376 = CARTESIAN_POINT('',(-4.394489795087,-20.65497326268));
#377 = CARTESIAN_POINT('',(-4.38393619635,-21.14689867652));
#378 = CARTESIAN_POINT('',(-4.36288856885,-22.2397059226));
#379 = CARTESIAN_POINT('',(-4.352731912677,-22.84442619706));
#380 = CARTESIAN_POINT('',(-4.343735261737,-23.46071001971));
#381 = CARTESIAN_POINT('',(-4.335841506867,-24.08619636693));
#382 = CARTESIAN_POINT('',(-4.328990827231,-24.71890001092));
#383 = CARTESIAN_POINT('',(-4.323121959232,-25.35722675797));
#384 = CARTESIAN_POINT('',(-4.318175313268,-26.0000006));
#385 = ( GEOMETRIC_REPRESENTATION_CONTEXT(2) 
PARAMETRIC_REPRESENTATION_CONTEXT() REPRESENTATION_CONTEXT('2D SPACE',''
  ) );
#386 = PCURVE('',#387,#392);
#387 = TOROIDAL_SURFACE('',#388,49.,14.);
#388 = AXIS2_PLACEMENT_3D('',#389,#390,#391);
#389 = CARTESIAN_POINT('',(0.,0.,67.895));
#390 = DIRECTION('',(1.,0.,0.));
#391 = DIRECTION('',(-0.,0.,1.));
#392 = DEFINITIONAL_REPRESENTATION('',(#393),#420);
#393 = B_SPLINE_CURVE_WITH_KNOTS('',7,(#394,#395,#396,#397,#398,#399,
    #400,#401,#402,#403,#404,#405,#406,#407,#408,#409,#410,#411,#412,
    #413,#414,#415,#416,#417,#418,#419),.UNSPECIFIED.,.F.,.F.,(8,6,6,6,8
    ),(0.,0.278159170709,0.454712910865,0.70539162647,1.),
  .UNSPECIFIED.);
#394 = CARTESIAN_POINT('',(2.552561683374,6.28318530718));
#395 = CARTESIAN_POINT('',(2.552561683374,6.220869580719));
#396 = CARTESIAN_POINT('',(2.552373327724,6.158513668727));
#397 = CARTESIAN_POINT('',(2.551996229145,6.096578231885));
#398 = CARTESIAN_POINT('',(2.551425751872,6.035356754935));
#399 = CARTESIAN_POINT('',(2.550648819865,5.975088217603));
#400 = CARTESIAN_POINT('',(2.549649864837,5.915980171244));
#401 = CARTESIAN_POINT('',(2.547633126909,5.821574698182));
#402 = CARTESIAN_POINT('',(2.546754958095,5.785440545005));
#403 = CARTESIAN_POINT('',(2.545777648718,5.74985380667));
#404 = CARTESIAN_POINT('',(2.544696992449,5.714830251796));
#405 = CARTESIAN_POINT('',(2.543508886389,5.680378023312));
#406 = CARTESIAN_POINT('',(2.542209453691,5.646498893181));
#407 = CARTESIAN_POINT('',(2.538786697068,5.565891498093));
#408 = CARTESIAN_POINT('',(2.536546860342,5.519748586833));
#409 = CARTESIAN_POINT('',(2.534064620358,5.474734278637));
#410 = CARTESIAN_POINT('',(2.531330460232,5.430820962425));
#411 = CARTESIAN_POINT('',(2.528336964652,5.387975932519));
#412 = CARTESIAN_POINT('',(2.52507855667,5.34615909034));
#413 = CARTESIAN_POINT('',(2.517403572649,5.257325715752));
#414 = CARTESIAN_POINT('',(2.512885144143,5.210694171386));
#415 = CARTESIAN_POINT('',(2.507987183819,5.165345141587));
#416 = CARTESIAN_POINT('',(2.502705901618,5.121210903272));
#417 = CARTESIAN_POINT('',(2.497041185116,5.078227551663));
#418 = CARTESIAN_POINT('',(2.490995314962,5.036329438653));
#419 = CARTESIAN_POINT('',(2.484570681074,4.995447453193));
#420 = ( GEOMETRIC_REPRESENTATION_CONTEXT(2) 
PARAMETRIC_REPRESENTATION_CONTEXT() REPRESENTATION_CONTEXT('2D SPACE',''
  ) );
#421 = ORIENTED_EDGE('',*,*,#422,.T.);
#422 = EDGE_CURVE('',#326,#423,#425,.T.);
#423 = VERTEX_POINT('',#424);
#424 = CARTESIAN_POINT('',(13.442879908611,-32.31546038296,26.));
#425 = SURFACE_CURVE('',#426,(#453,#483),.PCURVE_S1.);
#426 = B_SPLINE_CURVE_WITH_KNOTS('',7,(#427,#428,#429,#430,#431,#432,
    #433,#434,#435,#436,#437,#438,#439,#440,#441,#442,#443,#444,#445,
    #446,#447,#448,#449,#450,#451,#452),.UNSPECIFIED.,.F.,.F.,(8,6,6,6,8
    ),(0.,0.278159170709,0.454712910865,0.705391626471,1.),
  .UNSPECIFIED.);
#427 = CARTESIAN_POINT('',(0.,-35.,15.511796585165));
#428 = CARTESIAN_POINT('',(0.872420170444,-35.,15.511796585165));
#429 = CARTESIAN_POINT('',(1.745403440003,-34.9746294216,15.571127185473
    ));
#430 = CARTESIAN_POINT('',(2.606963301461,-34.92382937068,
    15.689921528953));
#431 = CARTESIAN_POINT('',(3.447439933871,-34.84951654481,
    15.865561214113));
#432 = CARTESIAN_POINT('',(4.258959935898,-34.75490951837,
    16.094181233426));
#433 = CARTESIAN_POINT('',(5.035329004002,-34.64394893194,
    16.370845944896));
#434 = CARTESIAN_POINT('',(6.239451954686,-34.44261801069,
    16.892280404644));
#435 = CARTESIAN_POINT('',(6.69128813517,-34.35947651777,17.111928772507
    ));
#436 = CARTESIAN_POINT('',(7.126531315687,-34.27236129404,
    17.347481253857));
#437 = CARTESIAN_POINT('',(7.544608034949,-34.18226448427,
    17.597648261659));
#438 = CARTESIAN_POINT('',(7.94520819567,-34.09012664011,17.861179605716
    ));
#439 = CARTESIAN_POINT('',(8.32823632071,-33.99680698063,18.136900717741
    ));
#440 = CARTESIAN_POINT('',(9.212783656068,-33.76998222867,
    18.831007697893));
#441 = CARTESIAN_POINT('',(9.696445336737,-33.6360775713,19.260619571763
    ));
#442 = CARTESIAN_POINT('',(10.145129023833,-33.50352299595,
    19.709584654353));
#443 = CARTESIAN_POINT('',(10.559630101229,-33.37416009547,
    20.175177026919));
#444 = CARTESIAN_POINT('',(10.941071326885,-33.24946142033,
    20.654973262681));
#445 = CARTESIAN_POINT('',(11.290800341187,-33.13053754477,
    21.146898676523));
#446 = CARTESIAN_POINT('',(11.985755043017,-32.88616861051,
    22.239705922606));
#447 = CARTESIAN_POINT('',(12.319357825989,-32.76326562311,
    22.844426197067));
#448 = CARTESIAN_POINT('',(12.613502521071,-32.65079306818,
    23.460710019716));
#449 = CARTESIAN_POINT('',(12.87058618198,-32.54955541196,24.08619636693
    ));
#450 = CARTESIAN_POINT('',(13.092988076325,-32.45992945259,
    24.718900010924));
#451 = CARTESIAN_POINT('',(13.283026916428,-32.38195748928,
    25.357226757972));
#452 = CARTESIAN_POINT('',(13.442880057827,-32.31546032088,26.0000006));
#453 = PCURVE('',#31,#454);
#454 = DEFINITIONAL_REPRESENTATION('',(#455),#482);
#455 = B_SPLINE_CURVE_WITH_KNOTS('',7,(#456,#457,#458,#459,#460,#461,
    #462,#463,#464,#465,#466,#467,#468,#469,#470,#471,#472,#473,#474,
    #475,#476,#477,#478,#479,#480,#481),.UNSPECIFIED.,.F.,.F.,(8,6,6,6,8
    ),(0.,0.278159170709,0.454712910865,0.705391626471,1.),
  .UNSPECIFIED.);
#456 = CARTESIAN_POINT('',(-4.712388980385,-15.51179658516));
#457 = CARTESIAN_POINT('',(-4.737315270969,-15.51179658516));
#458 = CARTESIAN_POINT('',(-4.76225765164,-15.57112718547));
#459 = CARTESIAN_POINT('',(-4.786898934767,-15.68992152895));
#460 = CARTESIAN_POINT('',(-4.810988613717,-15.86556121411));
#461 = CARTESIAN_POINT('',(-4.834319080065,-16.09418123342));
#462 = CARTESIAN_POINT('',(-4.85672016389,-16.37084594489));
#463 = CARTESIAN_POINT('',(-4.891601258942,-16.89228040464));
#464 = CARTESIAN_POINT('',(-4.904725851931,-17.1119287725));
#465 = CARTESIAN_POINT('',(-4.917405636865,-17.34748125385));
#466 = CARTESIAN_POINT('',(-4.929622689707,-17.59764826165));
#467 = CARTESIAN_POINT('',(-4.94136564065,-17.86117960571));
#468 = CARTESIAN_POINT('',(-4.952628602739,-18.13690071774));
#469 = CARTESIAN_POINT('',(-4.978719080423,-18.83100769789));
#470 = CARTESIAN_POINT('',(-4.993055203398,-19.26061957176));
#471 = CARTESIAN_POINT('',(-5.006419566113,-19.70958465435));
#472 = CARTESIAN_POINT('',(-5.018823585708,-20.17517702691));
#473 = CARTESIAN_POINT('',(-5.030288165682,-20.65497326268));
#474 = CARTESIAN_POINT('',(-5.040841764419,-21.14689867652));
#475 = CARTESIAN_POINT('',(-5.061889391919,-22.2397059226));
#476 = CARTESIAN_POINT('',(-5.072046048093,-22.84442619706));
#477 = CARTESIAN_POINT('',(-5.081042699032,-23.46071001971));
#478 = CARTESIAN_POINT('',(-5.088936453903,-24.08619636693));
#479 = CARTESIAN_POINT('',(-5.095787133538,-24.71890001092));
#480 = CARTESIAN_POINT('',(-5.101656001537,-25.35722675797));
#481 = CARTESIAN_POINT('',(-5.106602647502,-26.0000006));
#482 = ( GEOMETRIC_REPRESENTATION_CONTEXT(2) 
PARAMETRIC_REPRESENTATION_CONTEXT() REPRESENTATION_CONTEXT('2D SPACE',''
  ) );
#483 = PCURVE('',#387,#484);
#484 = DEFINITIONAL_REPRESENTATION('',(#485),#512);
#485 = B_SPLINE_CURVE_WITH_KNOTS('',7,(#486,#487,#488,#489,#490,#491,
    #492,#493,#494,#495,#496,#497,#498,#499,#500,#501,#502,#503,#504,
    #505,#506,#507,#508,#509,#510,#511),.UNSPECIFIED.,.F.,.F.,(8,6,6,6,8
    ),(0.,0.278159170709,0.454712910865,0.705391626471,1.),
  .UNSPECIFIED.);
#486 = CARTESIAN_POINT('',(2.552561683374,0.));
#487 = CARTESIAN_POINT('',(2.552561683374,6.231572646028E-02));
#488 = CARTESIAN_POINT('',(2.552373327724,0.124671638453));
#489 = CARTESIAN_POINT('',(2.551996229145,0.186607075295));
#490 = CARTESIAN_POINT('',(2.551425751872,0.247828552244));
#491 = CARTESIAN_POINT('',(2.550648819865,0.308097089577));
#492 = CARTESIAN_POINT('',(2.549649864837,0.367205135935));
#493 = CARTESIAN_POINT('',(2.547633126909,0.461610608998));
#494 = CARTESIAN_POINT('',(2.546754958095,0.497744762175));
#495 = CARTESIAN_POINT('',(2.545777648718,0.53333150051));
#496 = CARTESIAN_POINT('',(2.544696992449,0.568355055383));
#497 = CARTESIAN_POINT('',(2.543508886389,0.602807283868));
#498 = CARTESIAN_POINT('',(2.542209453691,0.636686413998));
#499 = CARTESIAN_POINT('',(2.538786697068,0.717293809086));
#500 = CARTESIAN_POINT('',(2.536546860342,0.763436720346));
#501 = CARTESIAN_POINT('',(2.534064620358,0.808451028543));
#502 = CARTESIAN_POINT('',(2.531330460232,0.852364344755));
#503 = CARTESIAN_POINT('',(2.528336964652,0.895209374661));
#504 = CARTESIAN_POINT('',(2.52507855667,0.93702621684));
#505 = CARTESIAN_POINT('',(2.517403572649,1.025859591427));
#506 = CARTESIAN_POINT('',(2.512885144143,1.072491135794));
#507 = CARTESIAN_POINT('',(2.507987183819,1.117840165593));
#508 = CARTESIAN_POINT('',(2.502705901618,1.161974403908));
#509 = CARTESIAN_POINT('',(2.497041185116,1.204957755517));
#510 = CARTESIAN_POINT('',(2.490995314962,1.246855868527));
#511 = CARTESIAN_POINT('',(2.484570681074,1.287737853987));
#512 = ( GEOMETRIC_REPRESENTATION_CONTEXT(2) 
PARAMETRIC_REPRESENTATION_CONTEXT() REPRESENTATION_CONTEXT('2D SPACE',''
  ) );
#513 = ORIENTED_EDGE('',*,*,#514,.T.);
#514 = EDGE_CURVE('',#423,#56,#515,.T.);
#515 = SURFACE_CURVE('',#516,(#521,#528),.PCURVE_S1.);
#516 = CIRCLE('',#517,35.);
#517 = AXIS2_PLACEMENT_3D('',#518,#519,#520);
#518 = CARTESIAN_POINT('',(0.,0.,26.));
#519 = DIRECTION('',(0.,0.,1.));
#520 = DIRECTION('',(1.,0.,0.));
#521 = PCURVE('',#31,#522);
#522 = DEFINITIONAL_REPRESENTATION('',(#523),#527);
#523 = LINE('',#524,#525);
#524 = CARTESIAN_POINT('',(-0.,-26.));
#525 = VECTOR('',#526,1.);
#526 = DIRECTION('',(-1.,0.));
#527 = ( GEOMETRIC_REPRESENTATION_CONTEXT(2) 
PARAMETRIC_REPRESENTATION_CONTEXT() REPRESENTATION_CONTEXT('2D SPACE',''
  ) );
#528 = PCURVE('',#95,#529);
#529 = DEFINITIONAL_REPRESENTATION('',(#530),#534);
#530 = CIRCLE('',#531,35.);
#531 = AXIS2_PLACEMENT_2D('',#532,#533);
#532 = CARTESIAN_POINT('',(1.250230978322E-15,-2.32193833596E-15));
#533 = DIRECTION('',(1.,0.));
#534 = ( GEOMETRIC_REPRESENTATION_CONTEXT(2) 
PARAMETRIC_REPRESENTATION_CONTEXT() REPRESENTATION_CONTEXT('2D SPACE',''
  ) );
#535 = ORIENTED_EDGE('',*,*,#55,.F.);
#536 = ADVANCED_FACE('',(#537,#540),#43,.F.);
#537 = FACE_BOUND('',#538,.F.);
#538 = EDGE_LOOP('',(#539));
#539 = ORIENTED_EDGE('',*,*,#21,.T.);
#540 = FACE_BOUND('',#541,.F.);
#541 = EDGE_LOOP('',(#542));
#542 = ORIENTED_EDGE('',*,*,#543,.F.);
#543 = EDGE_CURVE('',#544,#544,#546,.T.);
#544 = VERTEX_POINT('',#545);
#545 = CARTESIAN_POINT('',(18.,0.,0.));
#546 = SURFACE_CURVE('',#547,(#552,#559),.PCURVE_S1.);
#547 = CIRCLE('',#548,18.);
#548 = AXIS2_PLACEMENT_3D('',#549,#550,#551);
#549 = CARTESIAN_POINT('',(0.,0.,0.));
#550 = DIRECTION('',(0.,0.,1.));
#551 = DIRECTION('',(1.,0.,0.));
#552 = PCURVE('',#43,#553);
#553 = DEFINITIONAL_REPRESENTATION('',(#554),#558);
#554 = CIRCLE('',#555,18.);
#555 = AXIS2_PLACEMENT_2D('',#556,#557);
#556 = CARTESIAN_POINT('',(1.250230978322E-15,-2.32193833596E-15));
#557 = DIRECTION('',(1.,0.));
#558 = ( GEOMETRIC_REPRESENTATION_CONTEXT(2) 
PARAMETRIC_REPRESENTATION_CONTEXT() REPRESENTATION_CONTEXT('2D SPACE',''
  ) );
#559 = PCURVE('',#560,#565);
#560 = CYLINDRICAL_SURFACE('',#561,18.);
#561 = AXIS2_PLACEMENT_3D('',#562,#563,#564);
#562 = CARTESIAN_POINT('',(0.,0.,-54.));
#563 = DIRECTION('',(-0.,-0.,-1.));
#564 = DIRECTION('',(1.,0.,0.));
#565 = DEFINITIONAL_REPRESENTATION('',(#566),#570);
#566 = LINE('',#567,#568);
#567 = CARTESIAN_POINT('',(-0.,-54.));
#568 = VECTOR('',#569,1.);
#569 = DIRECTION('',(-1.,0.));
#570 = ( GEOMETRIC_REPRESENTATION_CONTEXT(2) 
PARAMETRIC_REPRESENTATION_CONTEXT() REPRESENTATION_CONTEXT('2D SPACE',''
  ) );
#571 = ADVANCED_FACE('',(#572),#95,.T.);
#572 = FACE_BOUND('',#573,.T.);
#573 = EDGE_LOOP('',(#574,#575,#576,#785,#814,#838));
#574 = ORIENTED_EDGE('',*,*,#514,.T.);
#575 = ORIENTED_EDGE('',*,*,#78,.T.);
#576 = ORIENTED_EDGE('',*,*,#577,.F.);
#577 = EDGE_CURVE('',#578,#79,#580,.T.);
#578 = VERTEX_POINT('',#579);
#579 = CARTESIAN_POINT('',(13.178310880092,14.318649459626,26.));
#580 = SURFACE_CURVE('',#581,(#647,#716),.PCURVE_S1.);
#581 = B_SPLINE_CURVE_WITH_KNOTS('',8,(#582,#583,#584,#585,#586,#587,
    #588,#589,#590,#591,#592,#593,#594,#595,#596,#597,#598,#599,#600,
    #601,#602,#603,#604,#605,#606,#607,#608,#609,#610,#611,#612,#613,
    #614,#615,#616,#617,#618,#619,#620,#621,#622,#623,#624,#625,#626,
    #627,#628,#629,#630,#631,#632,#633,#634,#635,#636,#637,#638,#639,
    #640,#641,#642,#643,#644,#645,#646),.UNSPECIFIED.,.F.,.F.,(9,7,7,7,7
    ,7,7,7,7,9),(0.,0.125736766917,0.269231929063,0.344339913969,
    0.469129434229,0.62302437412,0.685434194172,0.751839689079,
    0.904962723188,1.),.UNSPECIFIED.);
#582 = CARTESIAN_POINT('',(9.457294656483,-42.,26.));
#583 = CARTESIAN_POINT('',(10.283550706356,-40.93080367447,26.));
#584 = CARTESIAN_POINT('',(11.006189329006,-39.78381408661,26.));
#585 = CARTESIAN_POINT('',(11.62961340016,-38.57717115952,26.));
#586 = CARTESIAN_POINT('',(12.159242234657,-37.32612807046,26.));
#587 = CARTESIAN_POINT('',(12.601901340489,-36.04331184679,26.));
#588 = CARTESIAN_POINT('',(12.965056404888,-34.7384082847,26.));
#589 = CARTESIAN_POINT('',(13.256315327255,-33.41800772013,26.));
#590 = CARTESIAN_POINT('',(13.74142992543,-30.56451602197,26.));
#591 = CARTESIAN_POINT('',(13.915344977406,-29.02993029917,26.));
#592 = CARTESIAN_POINT('',(14.015524598111,-27.48783212481,26.));
#593 = CARTESIAN_POINT('',(14.051788589178,-25.94293849013,26.));
#594 = CARTESIAN_POINT('',(14.033664438964,-24.39850629094,26.));
#595 = CARTESIAN_POINT('',(13.970283739805,-22.85632967055,26.));
#596 = CARTESIAN_POINT('',(13.870480900459,-21.31674964289,26.));
#597 = CARTESIAN_POINT('',(13.676067519944,-18.97357907065,26.));
#598 = CARTESIAN_POINT('',(13.601669162774,-18.16913689665,26.));
#599 = CARTESIAN_POINT('',(13.520921040604,-17.36527728048,26.));
#600 = CARTESIAN_POINT('',(13.435068618824,-16.56193010349,26.));
#601 = CARTESIAN_POINT('',(13.345358783026,-15.75899952013,26.));
#602 = CARTESIAN_POINT('',(13.253041817235,-14.95636378495,26.));
#603 = CARTESIAN_POINT('',(13.159367643345,-14.15387571164,26.));
#604 = CARTESIAN_POINT('',(12.909745033853,-12.0180157711,26.));
#605 = CARTESIAN_POINT('',(12.753604605811,-10.68472432965,26.));
#606 = CARTESIAN_POINT('',(12.602837077612,-9.350662813467,26.));
#607 = CARTESIAN_POINT('',(12.463090012166,-8.01522233189,26.));
#608 = CARTESIAN_POINT('',(12.339843960142,-6.678023002176,26.));
#609 = CARTESIAN_POINT('',(12.238067565298,-5.338945765365,26.));
#610 = CARTESIAN_POINT('',(12.161499584633,-3.99820193146,26.));
#611 = CARTESIAN_POINT('',(12.051585749099,-1.001581246413,26.));
#612 = CARTESIAN_POINT('',(12.032470950712,0.655317171703,26.));
#613 = CARTESIAN_POINT('',(12.059021845622,2.312157549142,26.));
#614 = CARTESIAN_POINT('',(12.131492488008,3.967415618383,26.));
#615 = CARTESIAN_POINT('',(12.245240028112,5.620238754315,26.));
#616 = CARTESIAN_POINT('',(12.391976285215,7.27031743494,26.));
#617 = CARTESIAN_POINT('',(12.561982165053,8.917781253953,26.));
#618 = CARTESIAN_POINT('',(12.819013043648,11.230403920577,26.));
#619 = CARTESIAN_POINT('',(12.895299330406,11.897403119768,26.));
#620 = CARTESIAN_POINT('',(12.97302418069,12.564225121752,26.));
#621 = CARTESIAN_POINT('',(13.051482454381,13.230950395281,26.));
#622 = CARTESIAN_POINT('',(13.129960332803,13.897660497278,26.));
#623 = CARTESIAN_POINT('',(13.207741489148,14.564437334124,26.));
#624 = CARTESIAN_POINT('',(13.284110275462,15.231362776169,26.));
#625 = CARTESIAN_POINT('',(13.437346763141,16.608387910703,26.));
#626 = CARTESIAN_POINT('',(13.513931365995,17.318499906002,26.));
#627 = CARTESIAN_POINT('',(13.587245177419,18.028955089444,26.));
#628 = CARTESIAN_POINT('',(13.656426270608,18.739828353682,26.));
#629 = CARTESIAN_POINT('',(13.720612526806,19.451168877686,26.));
#630 = CARTESIAN_POINT('',(13.778940888595,20.163000176932,26.));
#631 = CARTESIAN_POINT('',(13.830544688947,20.875320332044,26.));
#632 = CARTESIAN_POINT('',(13.976017800667,23.231691566057,26.));
#633 = CARTESIAN_POINT('',(14.036996803063,24.876404917136,26.));
#634 = CARTESIAN_POINT('',(14.046972975098,26.523416221432,26.));
#635 = CARTESIAN_POINT('',(13.994931642552,28.17146338014,26.));
#636 = CARTESIAN_POINT('',(13.869314137091,29.816868647331,26.));
#637 = CARTESIAN_POINT('',(13.657925202761,31.453503100466,26.));
#638 = CARTESIAN_POINT('',(13.348391442947,33.072829179849,26.));
#639 = CARTESIAN_POINT('',(12.664826259692,35.651097608955,26.));
#640 = CARTESIAN_POINT('',(12.360025918642,36.626689149457,26.));
#641 = CARTESIAN_POINT('',(12.008976829652,37.587792982998,26.));
#642 = CARTESIAN_POINT('',(11.608455454794,38.530488559994,26.));
#643 = CARTESIAN_POINT('',(11.155414932528,39.449696403228,26.));
#644 = CARTESIAN_POINT('',(10.647185979277,40.339270393248,26.));
#645 = CARTESIAN_POINT('',(10.081646278256,41.192073135274,26.));
#646 = CARTESIAN_POINT('',(9.457294656483,42.,26.));
#647 = PCURVE('',#95,#648);
#648 = DEFINITIONAL_REPRESENTATION('',(#649),#715);
#649 = B_SPLINE_CURVE_WITH_KNOTS('',8,(#650,#651,#652,#653,#654,#655,
    #656,#657,#658,#659,#660,#661,#662,#663,#664,#665,#666,#667,#668,
    #669,#670,#671,#672,#673,#674,#675,#676,#677,#678,#679,#680,#681,
    #682,#683,#684,#685,#686,#687,#688,#689,#690,#691,#692,#693,#694,
    #695,#696,#697,#698,#699,#700,#701,#702,#703,#704,#705,#706,#707,
    #708,#709,#710,#711,#712,#713,#714),.UNSPECIFIED.,.F.,.F.,(9,7,7,7,7
    ,7,7,7,7,9),(0.,0.125736766917,0.269231929063,0.344339913969,
    0.469129434229,0.62302437412,0.685434194172,0.751839689079,
    0.904962723188,1.),.UNSPECIFIED.);
#650 = CARTESIAN_POINT('',(9.457294656483,-42.));
#651 = CARTESIAN_POINT('',(10.283550706356,-40.93080367447));
#652 = CARTESIAN_POINT('',(11.006189329007,-39.78381408661));
#653 = CARTESIAN_POINT('',(11.62961340016,-38.57717115952));
#654 = CARTESIAN_POINT('',(12.159242234657,-37.32612807046));
#655 = CARTESIAN_POINT('',(12.601901340489,-36.04331184679));
#656 = CARTESIAN_POINT('',(12.965056404888,-34.7384082847));
#657 = CARTESIAN_POINT('',(13.256315327255,-33.41800772013));
#658 = CARTESIAN_POINT('',(13.74142992543,-30.56451602197));
#659 = CARTESIAN_POINT('',(13.915344977406,-29.02993029917));
#660 = CARTESIAN_POINT('',(14.015524598111,-27.48783212481));
#661 = CARTESIAN_POINT('',(14.051788589178,-25.94293849013));
#662 = CARTESIAN_POINT('',(14.033664438964,-24.39850629094));
#663 = CARTESIAN_POINT('',(13.970283739805,-22.85632967055));
#664 = CARTESIAN_POINT('',(13.870480900459,-21.31674964289));
#665 = CARTESIAN_POINT('',(13.676067519944,-18.97357907065));
#666 = CARTESIAN_POINT('',(13.601669162774,-18.16913689665));
#667 = CARTESIAN_POINT('',(13.520921040604,-17.36527728048));
#668 = CARTESIAN_POINT('',(13.435068618824,-16.56193010349));
#669 = CARTESIAN_POINT('',(13.345358783026,-15.75899952013));
#670 = CARTESIAN_POINT('',(13.253041817235,-14.95636378495));
#671 = CARTESIAN_POINT('',(13.159367643345,-14.15387571164));
#672 = CARTESIAN_POINT('',(12.909745033853,-12.0180157711));
#673 = CARTESIAN_POINT('',(12.753604605811,-10.68472432965));
#674 = CARTESIAN_POINT('',(12.602837077612,-9.350662813467));
#675 = CARTESIAN_POINT('',(12.463090012166,-8.01522233189));
#676 = CARTESIAN_POINT('',(12.339843960142,-6.678023002176));
#677 = CARTESIAN_POINT('',(12.238067565298,-5.338945765365));
#678 = CARTESIAN_POINT('',(12.161499584633,-3.99820193146));
#679 = CARTESIAN_POINT('',(12.051585749099,-1.001581246413));
#680 = CARTESIAN_POINT('',(12.032470950712,0.655317171703));
#681 = CARTESIAN_POINT('',(12.059021845622,2.312157549142));
#682 = CARTESIAN_POINT('',(12.131492488008,3.967415618383));
#683 = CARTESIAN_POINT('',(12.245240028112,5.620238754315));
#684 = CARTESIAN_POINT('',(12.391976285215,7.27031743494));
#685 = CARTESIAN_POINT('',(12.561982165053,8.917781253953));
#686 = CARTESIAN_POINT('',(12.819013043648,11.230403920577));
#687 = CARTESIAN_POINT('',(12.895299330406,11.897403119768));
#688 = CARTESIAN_POINT('',(12.97302418069,12.564225121752));
#689 = CARTESIAN_POINT('',(13.051482454381,13.230950395281));
#690 = CARTESIAN_POINT('',(13.129960332803,13.897660497278));
#691 = CARTESIAN_POINT('',(13.207741489148,14.564437334124));
#692 = CARTESIAN_POINT('',(13.284110275462,15.231362776169));
#693 = CARTESIAN_POINT('',(13.437346763141,16.608387910703));
#694 = CARTESIAN_POINT('',(13.513931365995,17.318499906002));
#695 = CARTESIAN_POINT('',(13.587245177419,18.028955089444));
#696 = CARTESIAN_POINT('',(13.656426270608,18.739828353682));
#697 = CARTESIAN_POINT('',(13.720612526806,19.451168877686));
#698 = CARTESIAN_POINT('',(13.778940888595,20.163000176932));
#699 = CARTESIAN_POINT('',(13.830544688947,20.875320332044));
#700 = CARTESIAN_POINT('',(13.976017800667,23.231691566057));
#701 = CARTESIAN_POINT('',(14.036996803063,24.876404917136));
#702 = CARTESIAN_POINT('',(14.046972975098,26.523416221432));
#703 = CARTESIAN_POINT('',(13.994931642552,28.17146338014));
#704 = CARTESIAN_POINT('',(13.869314137091,29.816868647331));
#705 = CARTESIAN_POINT('',(13.657925202761,31.453503100466));
#706 = CARTESIAN_POINT('',(13.348391442947,33.072829179849));
#707 = CARTESIAN_POINT('',(12.664826259692,35.651097608955));
#708 = CARTESIAN_POINT('',(12.360025918642,36.626689149457));
#709 = CARTESIAN_POINT('',(12.008976829652,37.587792982998));
#710 = CARTESIAN_POINT('',(11.608455454794,38.530488559994));
#711 = CARTESIAN_POINT('',(11.155414932528,39.449696403228));
#712 = CARTESIAN_POINT('',(10.647185979277,40.339270393248));
#713 = CARTESIAN_POINT('',(10.081646278256,41.192073135274));
#714 = CARTESIAN_POINT('',(9.457294656483,42.));
#715 = ( GEOMETRIC_REPRESENTATION_CONTEXT(2) 
PARAMETRIC_REPRESENTATION_CONTEXT() REPRESENTATION_CONTEXT('2D SPACE',''
  ) );
#716 = PCURVE('',#169,#717);
#717 = DEFINITIONAL_REPRESENTATION('',(#718),#784);
#718 = B_SPLINE_CURVE_WITH_KNOTS('',8,(#719,#720,#721,#722,#723,#724,
    #725,#726,#727,#728,#729,#730,#731,#732,#733,#734,#735,#736,#737,
    #738,#739,#740,#741,#742,#743,#744,#745,#746,#747,#748,#749,#750,
    #751,#752,#753,#754,#755,#756,#757,#758,#759,#760,#761,#762,#763,
    #764,#765,#766,#767,#768,#769,#770,#771,#772,#773,#774,#775,#776,
    #777,#778,#779,#780,#781,#782,#783),.UNSPECIFIED.,.F.,.F.,(9,7,7,7,7
    ,7,7,7,7,9),(0.,0.125736766917,0.269231929063,0.344339913969,
    0.469129434229,0.62302437412,0.685434194172,0.751839689079,
    0.904962723188,1.),.UNSPECIFIED.);
#719 = CARTESIAN_POINT('',(2.35494292639,0.741671130554));
#720 = CARTESIAN_POINT('',(2.367671414199,0.821713218125));
#721 = CARTESIAN_POINT('',(2.381697256085,0.89842563617));
#722 = CARTESIAN_POINT('',(2.396911706074,0.972039757145));
#723 = CARTESIAN_POINT('',(2.413222483607,1.042685698322));
#724 = CARTESIAN_POINT('',(2.430546063572,1.110485215188));
#725 = CARTESIAN_POINT('',(2.448812149202,1.175559039614));
#726 = CARTESIAN_POINT('',(2.467973790062,1.238056046281));
#727 = CARTESIAN_POINT('',(2.510904327773,1.366737201119));
#728 = CARTESIAN_POINT('',(2.534908513808,1.43209604719));
#729 = CARTESIAN_POINT('',(2.559998893718,1.494449440562));
#730 = CARTESIAN_POINT('',(2.586137597998,1.553893705876));
#731 = CARTESIAN_POINT('',(2.613286806458,1.61047179068));
#732 = CARTESIAN_POINT('',(2.64141252739,1.664178846075));
#733 = CARTESIAN_POINT('',(2.670490768423,1.714970731929));
#734 = CARTESIAN_POINT('',(2.71622677862,1.787760335885));
#735 = CARTESIAN_POINT('',(2.732195030094,1.811937560259));
#736 = CARTESIAN_POINT('',(2.748413725396,1.835266255397));
#737 = CARTESIAN_POINT('',(2.764878387971,1.857724110829));
#738 = CARTESIAN_POINT('',(2.78158382075,1.879283414232));
#739 = CARTESIAN_POINT('',(2.798524098897,1.899911463746));
#740 = CARTESIAN_POINT('',(2.815692562506,1.919571080375));
#741 = CARTESIAN_POINT('',(2.861973487803,1.969207833096));
#742 = CARTESIAN_POINT('',(2.891471978966,1.997404979127));
#743 = CARTESIAN_POINT('',(2.921544001721,2.022626375974));
#744 = CARTESIAN_POINT('',(2.952142001664,2.044647082618));
#745 = CARTESIAN_POINT('',(2.983202506633,2.063220774905));
#746 = CARTESIAN_POINT('',(3.014644941067,2.078104503289));
#747 = CARTESIAN_POINT('',(3.046371795942,2.089107159081));
#748 = CARTESIAN_POINT('',(3.117612319649,2.104762460084));
#749 = CARTESIAN_POINT('',(3.157227091829,2.107337800777));
#750 = CARTESIAN_POINT('',(3.196882468705,2.103623691879));
#751 = CARTESIAN_POINT('',(3.236347418564,2.093610404944));
#752 = CARTESIAN_POINT('',(3.275410655786,2.077550944459));
#753 = CARTESIAN_POINT('',(3.31389349796,2.055872498266));
#754 = CARTESIAN_POINT('',(3.351652510446,2.02903465594));
#755 = CARTESIAN_POINT('',(3.403553530443,1.984671969694));
#756 = CARTESIAN_POINT('',(3.418393421399,1.971093328619));
#757 = CARTESIAN_POINT('',(3.433091991654,1.956763612288));
#758 = CARTESIAN_POINT('',(3.447643575034,1.941709649519));
#759 = CARTESIAN_POINT('',(3.462043170347,1.925956755752));
#760 = CARTESIAN_POINT('',(3.476286416935,1.909528237399));
#761 = CARTESIAN_POINT('',(3.490369567101,1.892445021318));
#762 = CARTESIAN_POINT('',(3.519100539188,1.85587133164));
#763 = CARTESIAN_POINT('',(3.533726408221,1.836297239319));
#764 = CARTESIAN_POINT('',(3.548163307674,1.816025192988));
#765 = CARTESIAN_POINT('',(3.562407695163,1.795074497333));
#766 = CARTESIAN_POINT('',(3.576456261172,1.77346159138));
#767 = CARTESIAN_POINT('',(3.590305948601,1.751199911103));
#768 = CARTESIAN_POINT('',(3.603953971458,1.728299724422));
#769 = CARTESIAN_POINT('',(3.648397749588,1.650506488538));
#770 = CARTESIAN_POINT('',(3.678287003953,1.592930676919));
#771 = CARTESIAN_POINT('',(3.707066548651,1.532085140493));
#772 = CARTESIAN_POINT('',(3.734707244699,1.467956395041));
#773 = CARTESIAN_POINT('',(3.761160367405,1.400497936803));
#774 = CARTESIAN_POINT('',(3.786369000661,1.329605699018));
#775 = CARTESIAN_POINT('',(3.810274516072,1.255116344111));
#776 = CARTESIAN_POINT('',(3.846806540525,1.12796815014));
#777 = CARTESIAN_POINT('',(3.860259726307,1.077788556069));
#778 = CARTESIAN_POINT('',(3.873161743571,1.026041954254));
#779 = CARTESIAN_POINT('',(3.885486384968,0.972660886947));
#780 = CARTESIAN_POINT('',(3.897199111462,0.917587630606));
#781 = CARTESIAN_POINT('',(3.908259872921,0.860770003615));
#782 = CARTESIAN_POINT('',(3.91862423396,0.802154085194));
#783 = CARTESIAN_POINT('',(3.928242380789,0.741671130554));
#784 = ( GEOMETRIC_REPRESENTATION_CONTEXT(2) 
PARAMETRIC_REPRESENTATION_CONTEXT() REPRESENTATION_CONTEXT('2D SPACE',''
  ) );
#785 = ORIENTED_EDGE('',*,*,#786,.F.);
#786 = EDGE_CURVE('',#787,#578,#789,.T.);
#787 = VERTEX_POINT('',#788);
#788 = CARTESIAN_POINT('',(19.46,0.,26.));
#789 = SURFACE_CURVE('',#790,(#795,#802),.PCURVE_S1.);
#790 = CIRCLE('',#791,19.46);
#791 = AXIS2_PLACEMENT_3D('',#792,#793,#794);
#792 = CARTESIAN_POINT('',(0.,0.,26.));
#793 = DIRECTION('',(0.,0.,1.));
#794 = DIRECTION('',(1.,0.,0.));
#795 = PCURVE('',#95,#796);
#796 = DEFINITIONAL_REPRESENTATION('',(#797),#801);
#797 = CIRCLE('',#798,19.46);
#798 = AXIS2_PLACEMENT_2D('',#799,#800);
#799 = CARTESIAN_POINT('',(1.250230978322E-15,-2.32193833596E-15));
#800 = DIRECTION('',(1.,0.));
#801 = ( GEOMETRIC_REPRESENTATION_CONTEXT(2) 
PARAMETRIC_REPRESENTATION_CONTEXT() REPRESENTATION_CONTEXT('2D SPACE',''
  ) );
#802 = PCURVE('',#803,#808);
#803 = CONICAL_SURFACE('',#804,19.46,0.244047091581);
#804 = AXIS2_PLACEMENT_3D('',#805,#806,#807);
#805 = CARTESIAN_POINT('',(0.,0.,26.));
#806 = DIRECTION('',(-0.,-0.,-1.));
#807 = DIRECTION('',(1.,0.,0.));
#808 = DEFINITIONAL_REPRESENTATION('',(#809),#813);
#809 = LINE('',#810,#811);
#810 = CARTESIAN_POINT('',(-0.,-0.));
#811 = VECTOR('',#812,1.);
#812 = DIRECTION('',(-1.,-0.));
#813 = ( GEOMETRIC_REPRESENTATION_CONTEXT(2) 
PARAMETRIC_REPRESENTATION_CONTEXT() REPRESENTATION_CONTEXT('2D SPACE',''
  ) );
#814 = ORIENTED_EDGE('',*,*,#815,.F.);
#815 = EDGE_CURVE('',#816,#787,#818,.T.);
#816 = VERTEX_POINT('',#817);
#817 = CARTESIAN_POINT('',(13.178310880092,-14.31864945962,26.));
#818 = SURFACE_CURVE('',#819,(#824,#831),.PCURVE_S1.);
#819 = CIRCLE('',#820,19.46);
#820 = AXIS2_PLACEMENT_3D('',#821,#822,#823);
#821 = CARTESIAN_POINT('',(0.,0.,26.));
#822 = DIRECTION('',(0.,0.,1.));
#823 = DIRECTION('',(1.,0.,0.));
#824 = PCURVE('',#95,#825);
#825 = DEFINITIONAL_REPRESENTATION('',(#826),#830);
#826 = CIRCLE('',#827,19.46);
#827 = AXIS2_PLACEMENT_2D('',#828,#829);
#828 = CARTESIAN_POINT('',(1.250230978322E-15,-2.32193833596E-15));
#829 = DIRECTION('',(1.,0.));
#830 = ( GEOMETRIC_REPRESENTATION_CONTEXT(2) 
PARAMETRIC_REPRESENTATION_CONTEXT() REPRESENTATION_CONTEXT('2D SPACE',''
  ) );
#831 = PCURVE('',#803,#832);
#832 = DEFINITIONAL_REPRESENTATION('',(#833),#837);
#833 = LINE('',#834,#835);
#834 = CARTESIAN_POINT('',(-0.,-0.));
#835 = VECTOR('',#836,1.);
#836 = DIRECTION('',(-1.,-0.));
#837 = ( GEOMETRIC_REPRESENTATION_CONTEXT(2) 
PARAMETRIC_REPRESENTATION_CONTEXT() REPRESENTATION_CONTEXT('2D SPACE',''
  ) );
#838 = ORIENTED_EDGE('',*,*,#839,.F.);
#839 = EDGE_CURVE('',#423,#816,#840,.T.);
#840 = SURFACE_CURVE('',#841,(#907,#976),.PCURVE_S1.);
#841 = B_SPLINE_CURVE_WITH_KNOTS('',8,(#842,#843,#844,#845,#846,#847,
    #848,#849,#850,#851,#852,#853,#854,#855,#856,#857,#858,#859,#860,
    #861,#862,#863,#864,#865,#866,#867,#868,#869,#870,#871,#872,#873,
    #874,#875,#876,#877,#878,#879,#880,#881,#882,#883,#884,#885,#886,
    #887,#888,#889,#890,#891,#892,#893,#894,#895,#896,#897,#898,#899,
    #900,#901,#902,#903,#904,#905,#906),.UNSPECIFIED.,.F.,.F.,(9,7,7,7,7
    ,7,7,7,7,9),(0.,0.125736766917,0.269231929063,0.344339913969,
    0.469129434229,0.62302437412,0.685434194172,0.751839689079,
    0.904962723188,1.),.UNSPECIFIED.);
#842 = CARTESIAN_POINT('',(9.457294656483,-42.,26.));
#843 = CARTESIAN_POINT('',(10.283550706356,-40.93080367447,26.));
#844 = CARTESIAN_POINT('',(11.006189329006,-39.78381408661,26.));
#845 = CARTESIAN_POINT('',(11.62961340016,-38.57717115952,26.));
#846 = CARTESIAN_POINT('',(12.159242234657,-37.32612807046,26.));
#847 = CARTESIAN_POINT('',(12.601901340489,-36.04331184679,26.));
#848 = CARTESIAN_POINT('',(12.965056404888,-34.7384082847,26.));
#849 = CARTESIAN_POINT('',(13.256315327255,-33.41800772013,26.));
#850 = CARTESIAN_POINT('',(13.74142992543,-30.56451602197,26.));
#851 = CARTESIAN_POINT('',(13.915344977406,-29.02993029917,26.));
#852 = CARTESIAN_POINT('',(14.015524598111,-27.48783212481,26.));
#853 = CARTESIAN_POINT('',(14.051788589178,-25.94293849013,26.));
#854 = CARTESIAN_POINT('',(14.033664438964,-24.39850629094,26.));
#855 = CARTESIAN_POINT('',(13.970283739805,-22.85632967055,26.));
#856 = CARTESIAN_POINT('',(13.870480900459,-21.31674964289,26.));
#857 = CARTESIAN_POINT('',(13.676067519944,-18.97357907065,26.));
#858 = CARTESIAN_POINT('',(13.601669162774,-18.16913689665,26.));
#859 = CARTESIAN_POINT('',(13.520921040604,-17.36527728048,26.));
#860 = CARTESIAN_POINT('',(13.435068618824,-16.56193010349,26.));
#861 = CARTESIAN_POINT('',(13.345358783026,-15.75899952013,26.));
#862 = CARTESIAN_POINT('',(13.253041817235,-14.95636378495,26.));
#863 = CARTESIAN_POINT('',(13.159367643345,-14.15387571164,26.));
#864 = CARTESIAN_POINT('',(12.909745033853,-12.0180157711,26.));
#865 = CARTESIAN_POINT('',(12.753604605811,-10.68472432965,26.));
#866 = CARTESIAN_POINT('',(12.602837077612,-9.350662813467,26.));
#867 = CARTESIAN_POINT('',(12.463090012166,-8.01522233189,26.));
#868 = CARTESIAN_POINT('',(12.339843960142,-6.678023002176,26.));
#869 = CARTESIAN_POINT('',(12.238067565298,-5.338945765365,26.));
#870 = CARTESIAN_POINT('',(12.161499584633,-3.99820193146,26.));
#871 = CARTESIAN_POINT('',(12.051585749099,-1.001581246413,26.));
#872 = CARTESIAN_POINT('',(12.032470950712,0.655317171703,26.));
#873 = CARTESIAN_POINT('',(12.059021845622,2.312157549142,26.));
#874 = CARTESIAN_POINT('',(12.131492488008,3.967415618383,26.));
#875 = CARTESIAN_POINT('',(12.245240028112,5.620238754315,26.));
#876 = CARTESIAN_POINT('',(12.391976285215,7.27031743494,26.));
#877 = CARTESIAN_POINT('',(12.561982165053,8.917781253953,26.));
#878 = CARTESIAN_POINT('',(12.819013043648,11.230403920577,26.));
#879 = CARTESIAN_POINT('',(12.895299330406,11.897403119768,26.));
#880 = CARTESIAN_POINT('',(12.97302418069,12.564225121752,26.));
#881 = CARTESIAN_POINT('',(13.051482454381,13.230950395281,26.));
#882 = CARTESIAN_POINT('',(13.129960332803,13.897660497278,26.));
#883 = CARTESIAN_POINT('',(13.207741489148,14.564437334124,26.));
#884 = CARTESIAN_POINT('',(13.284110275462,15.231362776169,26.));
#885 = CARTESIAN_POINT('',(13.437346763141,16.608387910703,26.));
#886 = CARTESIAN_POINT('',(13.513931365995,17.318499906002,26.));
#887 = CARTESIAN_POINT('',(13.587245177419,18.028955089444,26.));
#888 = CARTESIAN_POINT('',(13.656426270608,18.739828353682,26.));
#889 = CARTESIAN_POINT('',(13.720612526806,19.451168877686,26.));
#890 = CARTESIAN_POINT('',(13.778940888595,20.163000176932,26.));
#891 = CARTESIAN_POINT('',(13.830544688947,20.875320332044,26.));
#892 = CARTESIAN_POINT('',(13.976017800667,23.231691566057,26.));
#893 = CARTESIAN_POINT('',(14.036996803063,24.876404917136,26.));
#894 = CARTESIAN_POINT('',(14.046972975098,26.523416221432,26.));
#895 = CARTESIAN_POINT('',(13.994931642552,28.17146338014,26.));
#896 = CARTESIAN_POINT('',(13.869314137091,29.816868647331,26.));
#897 = CARTESIAN_POINT('',(13.657925202761,31.453503100466,26.));
#898 = CARTESIAN_POINT('',(13.348391442947,33.072829179849,26.));
#899 = CARTESIAN_POINT('',(12.664826259692,35.651097608955,26.));
#900 = CARTESIAN_POINT('',(12.360025918642,36.626689149457,26.));
#901 = CARTESIAN_POINT('',(12.008976829652,37.587792982998,26.));
#902 = CARTESIAN_POINT('',(11.608455454794,38.530488559994,26.));
#903 = CARTESIAN_POINT('',(11.155414932528,39.449696403228,26.));
#904 = CARTESIAN_POINT('',(10.647185979277,40.339270393248,26.));
#905 = CARTESIAN_POINT('',(10.081646278256,41.192073135274,26.));
#906 = CARTESIAN_POINT('',(9.457294656483,42.,26.));
#907 = PCURVE('',#95,#908);
#908 = DEFINITIONAL_REPRESENTATION('',(#909),#975);
#909 = B_SPLINE_CURVE_WITH_KNOTS('',8,(#910,#911,#912,#913,#914,#915,
    #916,#917,#918,#919,#920,#921,#922,#923,#924,#925,#926,#927,#928,
    #929,#930,#931,#932,#933,#934,#935,#936,#937,#938,#939,#940,#941,
    #942,#943,#944,#945,#946,#947,#948,#949,#950,#951,#952,#953,#954,
    #955,#956,#957,#958,#959,#960,#961,#962,#963,#964,#965,#966,#967,
    #968,#969,#970,#971,#972,#973,#974),.UNSPECIFIED.,.F.,.F.,(9,7,7,7,7
    ,7,7,7,7,9),(0.,0.125736766917,0.269231929063,0.344339913969,
    0.469129434229,0.62302437412,0.685434194172,0.751839689079,
    0.904962723188,1.),.UNSPECIFIED.);
#910 = CARTESIAN_POINT('',(9.457294656483,-42.));
#911 = CARTESIAN_POINT('',(10.283550706356,-40.93080367447));
#912 = CARTESIAN_POINT('',(11.006189329007,-39.78381408661));
#913 = CARTESIAN_POINT('',(11.62961340016,-38.57717115952));
#914 = CARTESIAN_POINT('',(12.159242234657,-37.32612807046));
#915 = CARTESIAN_POINT('',(12.601901340489,-36.04331184679));
#916 = CARTESIAN_POINT('',(12.965056404888,-34.7384082847));
#917 = CARTESIAN_POINT('',(13.256315327255,-33.41800772013));
#918 = CARTESIAN_POINT('',(13.74142992543,-30.56451602197));
#919 = CARTESIAN_POINT('',(13.915344977406,-29.02993029917));
#920 = CARTESIAN_POINT('',(14.015524598111,-27.48783212481));
#921 = CARTESIAN_POINT('',(14.051788589178,-25.94293849013));
#922 = CARTESIAN_POINT('',(14.033664438964,-24.39850629094));
#923 = CARTESIAN_POINT('',(13.970283739805,-22.85632967055));
#924 = CARTESIAN_POINT('',(13.870480900459,-21.31674964289));
#925 = CARTESIAN_POINT('',(13.676067519944,-18.97357907065));
#926 = CARTESIAN_POINT('',(13.601669162774,-18.16913689665));
#927 = CARTESIAN_POINT('',(13.520921040604,-17.36527728048));
#928 = CARTESIAN_POINT('',(13.435068618824,-16.56193010349));
#929 = CARTESIAN_POINT('',(13.345358783026,-15.75899952013));
#930 = CARTESIAN_POINT('',(13.253041817235,-14.95636378495));
#931 = CARTESIAN_POINT('',(13.159367643345,-14.15387571164));
#932 = CARTESIAN_POINT('',(12.909745033853,-12.0180157711));
#933 = CARTESIAN_POINT('',(12.753604605811,-10.68472432965));
#934 = CARTESIAN_POINT('',(12.602837077612,-9.350662813467));
#935 = CARTESIAN_POINT('',(12.463090012166,-8.01522233189));
#936 = CARTESIAN_POINT('',(12.339843960142,-6.678023002176));
#937 = CARTESIAN_POINT('',(12.238067565298,-5.338945765365));
#938 = CARTESIAN_POINT('',(12.161499584633,-3.99820193146));
#939 = CARTESIAN_POINT('',(12.051585749099,-1.001581246413));
#940 = CARTESIAN_POINT('',(12.032470950712,0.655317171703));
#941 = CARTESIAN_POINT('',(12.059021845622,2.312157549142));
#942 = CARTESIAN_POINT('',(12.131492488008,3.967415618383));
#943 = CARTESIAN_POINT('',(12.245240028112,5.620238754315));
#944 = CARTESIAN_POINT('',(12.391976285215,7.27031743494));
#945 = CARTESIAN_POINT('',(12.561982165053,8.917781253953));
#946 = CARTESIAN_POINT('',(12.819013043648,11.230403920577));
#947 = CARTESIAN_POINT('',(12.895299330406,11.897403119768));
#948 = CARTESIAN_POINT('',(12.97302418069,12.564225121752));
#949 = CARTESIAN_POINT('',(13.051482454381,13.230950395281));
#950 = CARTESIAN_POINT('',(13.129960332803,13.897660497278));
#951 = CARTESIAN_POINT('',(13.207741489148,14.564437334124));
#952 = CARTESIAN_POINT('',(13.284110275462,15.231362776169));
#953 = CARTESIAN_POINT('',(13.437346763141,16.608387910703));
#954 = CARTESIAN_POINT('',(13.513931365995,17.318499906002));
#955 = CARTESIAN_POINT('',(13.587245177419,18.028955089444));
#956 = CARTESIAN_POINT('',(13.656426270608,18.739828353682));
#957 = CARTESIAN_POINT('',(13.720612526806,19.451168877686));
#958 = CARTESIAN_POINT('',(13.778940888595,20.163000176932));
#959 = CARTESIAN_POINT('',(13.830544688947,20.875320332044));
#960 = CARTESIAN_POINT('',(13.976017800667,23.231691566057));
#961 = CARTESIAN_POINT('',(14.036996803063,24.876404917136));
#962 = CARTESIAN_POINT('',(14.046972975098,26.523416221432));
#963 = CARTESIAN_POINT('',(13.994931642552,28.17146338014));
#964 = CARTESIAN_POINT('',(13.869314137091,29.816868647331));
#965 = CARTESIAN_POINT('',(13.657925202761,31.453503100466));
#966 = CARTESIAN_POINT('',(13.348391442947,33.072829179849));
#967 = CARTESIAN_POINT('',(12.664826259692,35.651097608955));
#968 = CARTESIAN_POINT('',(12.360025918642,36.626689149457));
#969 = CARTESIAN_POINT('',(12.008976829652,37.587792982998));
#970 = CARTESIAN_POINT('',(11.608455454794,38.530488559994));
#971 = CARTESIAN_POINT('',(11.155414932528,39.449696403228));
#972 = CARTESIAN_POINT('',(10.647185979277,40.339270393248));
#973 = CARTESIAN_POINT('',(10.081646278256,41.192073135274));
#974 = CARTESIAN_POINT('',(9.457294656483,42.));
#975 = ( GEOMETRIC_REPRESENTATION_CONTEXT(2) 
PARAMETRIC_REPRESENTATION_CONTEXT() REPRESENTATION_CONTEXT('2D SPACE',''
  ) );
#976 = PCURVE('',#387,#977);
#977 = DEFINITIONAL_REPRESENTATION('',(#978),#1044);
#978 = B_SPLINE_CURVE_WITH_KNOTS('',8,(#979,#980,#981,#982,#983,#984,
    #985,#986,#987,#988,#989,#990,#991,#992,#993,#994,#995,#996,#997,
    #998,#999,#1000,#1001,#1002,#1003,#1004,#1005,#1006,#1007,#1008,
    #1009,#1010,#1011,#1012,#1013,#1014,#1015,#1016,#1017,#1018,#1019,
    #1020,#1021,#1022,#1023,#1024,#1025,#1026,#1027,#1028,#1029,#1030,
    #1031,#1032,#1033,#1034,#1035,#1036,#1037,#1038,#1039,#1040,#1041,
    #1042,#1043),.UNSPECIFIED.,.F.,.F.,(9,7,7,7,7,7,7,7,7,9),(0.,
    0.125736766917,0.269231929063,0.344339913969,0.469129434229,
    0.62302437412,0.685434194172,0.751839689079,0.904962723188,1.),
  .UNSPECIFIED.);
#979 = CARTESIAN_POINT('',(2.35494292639,0.741671130554));
#980 = CARTESIAN_POINT('',(2.367671414199,0.821713218125));
#981 = CARTESIAN_POINT('',(2.381697256085,0.89842563617));
#982 = CARTESIAN_POINT('',(2.396911706074,0.972039757145));
#983 = CARTESIAN_POINT('',(2.413222483607,1.042685698322));
#984 = CARTESIAN_POINT('',(2.430546063572,1.110485215188));
#985 = CARTESIAN_POINT('',(2.448812149202,1.175559039614));
#986 = CARTESIAN_POINT('',(2.467973790062,1.238056046281));
#987 = CARTESIAN_POINT('',(2.510904327773,1.366737201119));
#988 = CARTESIAN_POINT('',(2.534908513808,1.43209604719));
#989 = CARTESIAN_POINT('',(2.559998893718,1.494449440562));
#990 = CARTESIAN_POINT('',(2.586137597998,1.553893705876));
#991 = CARTESIAN_POINT('',(2.613286806458,1.61047179068));
#992 = CARTESIAN_POINT('',(2.64141252739,1.664178846075));
#993 = CARTESIAN_POINT('',(2.670490768423,1.714970731929));
#994 = CARTESIAN_POINT('',(2.71622677862,1.787760335885));
#995 = CARTESIAN_POINT('',(2.732195030094,1.811937560259));
#996 = CARTESIAN_POINT('',(2.748413725396,1.835266255397));
#997 = CARTESIAN_POINT('',(2.764878387971,1.857724110829));
#998 = CARTESIAN_POINT('',(2.78158382075,1.879283414232));
#999 = CARTESIAN_POINT('',(2.798524098897,1.899911463746));
#1000 = CARTESIAN_POINT('',(2.815692562506,1.919571080375));
#1001 = CARTESIAN_POINT('',(2.861973487803,1.969207833096));
#1002 = CARTESIAN_POINT('',(2.891471978966,1.997404979127));
#1003 = CARTESIAN_POINT('',(2.921544001721,2.022626375974));
#1004 = CARTESIAN_POINT('',(2.952142001664,2.044647082618));
#1005 = CARTESIAN_POINT('',(2.983202506633,2.063220774905));
#1006 = CARTESIAN_POINT('',(3.014644941067,2.078104503289));
#1007 = CARTESIAN_POINT('',(3.046371795942,2.089107159081));
#1008 = CARTESIAN_POINT('',(3.117612319649,2.104762460084));
#1009 = CARTESIAN_POINT('',(3.157227091829,2.107337800777));
#1010 = CARTESIAN_POINT('',(3.196882468705,2.103623691879));
#1011 = CARTESIAN_POINT('',(3.236347418564,2.093610404944));
#1012 = CARTESIAN_POINT('',(3.275410655786,2.077550944459));
#1013 = CARTESIAN_POINT('',(3.31389349796,2.055872498266));
#1014 = CARTESIAN_POINT('',(3.351652510446,2.02903465594));
#1015 = CARTESIAN_POINT('',(3.403553530443,1.984671969694));
#1016 = CARTESIAN_POINT('',(3.418393421399,1.971093328619));
#1017 = CARTESIAN_POINT('',(3.433091991654,1.956763612288));
#1018 = CARTESIAN_POINT('',(3.447643575034,1.941709649519));
#1019 = CARTESIAN_POINT('',(3.462043170347,1.925956755752));
#1020 = CARTESIAN_POINT('',(3.476286416935,1.909528237399));
#1021 = CARTESIAN_POINT('',(3.490369567101,1.892445021318));
#1022 = CARTESIAN_POINT('',(3.519100539188,1.85587133164));
#1023 = CARTESIAN_POINT('',(3.533726408221,1.836297239319));
#1024 = CARTESIAN_POINT('',(3.548163307674,1.816025192988));
#1025 = CARTESIAN_POINT('',(3.562407695163,1.795074497333));
#1026 = CARTESIAN_POINT('',(3.576456261172,1.77346159138));
#1027 = CARTESIAN_POINT('',(3.590305948601,1.751199911103));
#1028 = CARTESIAN_POINT('',(3.603953971458,1.728299724422));
#1029 = CARTESIAN_POINT('',(3.648397749588,1.650506488538));
#1030 = CARTESIAN_POINT('',(3.678287003953,1.592930676919));
#1031 = CARTESIAN_POINT('',(3.707066548651,1.532085140493));
#1032 = CARTESIAN_POINT('',(3.734707244699,1.467956395041));
#1033 = CARTESIAN_POINT('',(3.761160367405,1.400497936803));
#1034 = CARTESIAN_POINT('',(3.786369000661,1.329605699018));
#1035 = CARTESIAN_POINT('',(3.810274516072,1.255116344111));
#1036 = CARTESIAN_POINT('',(3.846806540525,1.12796815014));
#1037 = CARTESIAN_POINT('',(3.860259726307,1.077788556069));
#1038 = CARTESIAN_POINT('',(3.873161743571,1.026041954254));
#1039 = CARTESIAN_POINT('',(3.885486384968,0.972660886947));
#1040 = CARTESIAN_POINT('',(3.897199111462,0.917587630606));
#1041 = CARTESIAN_POINT('',(3.908259872921,0.860770003615));
#1042 = CARTESIAN_POINT('',(3.91862423396,0.802154085194));
#1043 = CARTESIAN_POINT('',(3.928242380789,0.741671130554));
#1044 = ( GEOMETRIC_REPRESENTATION_CONTEXT(2) 
PARAMETRIC_REPRESENTATION_CONTEXT() REPRESENTATION_CONTEXT('2D SPACE',''
  ) );
#1045 = ADVANCED_FACE('',(#1046),#387,.T.);
#1046 = FACE_BOUND('',#1047,.T.);
#1047 = EDGE_LOOP('',(#1048,#1049,#1073,#1095,#1096,#1097,#1098,#1334));
#1048 = ORIENTED_EDGE('',*,*,#325,.F.);
#1049 = ORIENTED_EDGE('',*,*,#1050,.F.);
#1050 = EDGE_CURVE('',#1051,#326,#1053,.T.);
#1051 = VERTEX_POINT('',#1052);
#1052 = CARTESIAN_POINT('',(-3.429011037613E-15,1.543054966926E-14,
    130.895));
#1053 = SEAM_CURVE('',#1054,(#1059,#1066),.PCURVE_S1.);
#1054 = CIRCLE('',#1055,63.);
#1055 = AXIS2_PLACEMENT_3D('',#1056,#1057,#1058);
#1056 = CARTESIAN_POINT('',(-3.429011037613E-15,0.,67.895));
#1057 = DIRECTION('',(1.,0.,0.));
#1058 = DIRECTION('',(-0.,0.,1.));
#1059 = PCURVE('',#387,#1060);
#1060 = DEFINITIONAL_REPRESENTATION('',(#1061),#1065);
#1061 = LINE('',#1062,#1063);
#1062 = CARTESIAN_POINT('',(0.,6.28318530718));
#1063 = VECTOR('',#1064,1.);
#1064 = DIRECTION('',(1.,0.));
#1065 = ( GEOMETRIC_REPRESENTATION_CONTEXT(2) 
PARAMETRIC_REPRESENTATION_CONTEXT() REPRESENTATION_CONTEXT('2D SPACE',''
  ) );
#1066 = PCURVE('',#387,#1067);
#1067 = DEFINITIONAL_REPRESENTATION('',(#1068),#1072);
#1068 = LINE('',#1069,#1070);
#1069 = CARTESIAN_POINT('',(0.,0.));
#1070 = VECTOR('',#1071,1.);
#1071 = DIRECTION('',(1.,0.));
#1072 = ( GEOMETRIC_REPRESENTATION_CONTEXT(2) 
PARAMETRIC_REPRESENTATION_CONTEXT() REPRESENTATION_CONTEXT('2D SPACE',''
  ) );
#1073 = ORIENTED_EDGE('',*,*,#1074,.F.);
#1074 = EDGE_CURVE('',#1051,#1051,#1075,.T.);
#1075 = SURFACE_CURVE('',#1076,(#1081,#1088),.PCURVE_S1.);
#1076 = CIRCLE('',#1077,14.);
#1077 = AXIS2_PLACEMENT_3D('',#1078,#1079,#1080);
#1078 = CARTESIAN_POINT('',(0.,1.200153863164E-14,116.895));
#1079 = DIRECTION('',(0.,1.,-2.449293598295E-16));
#1080 = DIRECTION('',(0.,2.449293598295E-16,1.));
#1081 = PCURVE('',#387,#1082);
#1082 = DEFINITIONAL_REPRESENTATION('',(#1083),#1087);
#1083 = LINE('',#1084,#1085);
#1084 = CARTESIAN_POINT('',(0.,-0.));
#1085 = VECTOR('',#1086,1.);
#1086 = DIRECTION('',(0.,1.));
#1087 = ( GEOMETRIC_REPRESENTATION_CONTEXT(2) 
PARAMETRIC_REPRESENTATION_CONTEXT() REPRESENTATION_CONTEXT('2D SPACE',''
  ) );
#1088 = PCURVE('',#169,#1089);
#1089 = DEFINITIONAL_REPRESENTATION('',(#1090),#1094);
#1090 = LINE('',#1091,#1092);
#1091 = CARTESIAN_POINT('',(6.28318530718,-0.));
#1092 = VECTOR('',#1093,1.);
#1093 = DIRECTION('',(0.,1.));
#1094 = ( GEOMETRIC_REPRESENTATION_CONTEXT(2) 
PARAMETRIC_REPRESENTATION_CONTEXT() REPRESENTATION_CONTEXT('2D SPACE',''
  ) );
#1095 = ORIENTED_EDGE('',*,*,#1050,.T.);
#1096 = ORIENTED_EDGE('',*,*,#422,.T.);
#1097 = ORIENTED_EDGE('',*,*,#839,.T.);
#1098 = ORIENTED_EDGE('',*,*,#1099,.T.);
#1099 = EDGE_CURVE('',#816,#1100,#1102,.T.);
#1100 = VERTEX_POINT('',#1101);
#1101 = CARTESIAN_POINT('',(-13.17831088009,-14.31864945962,26.));
#1102 = SURFACE_CURVE('',#1103,(#1178,#1256),.PCURVE_S1.);
#1103 = B_SPLINE_CURVE_WITH_KNOTS('',7,(#1104,#1105,#1106,#1107,#1108,
    #1109,#1110,#1111,#1112,#1113,#1114,#1115,#1116,#1117,#1118,#1119,
    #1120,#1121,#1122,#1123,#1124,#1125,#1126,#1127,#1128,#1129,#1130,
    #1131,#1132,#1133,#1134,#1135,#1136,#1137,#1138,#1139,#1140,#1141,
    #1142,#1143,#1144,#1145,#1146,#1147,#1148,#1149,#1150,#1151,#1152,
    #1153,#1154,#1155,#1156,#1157,#1158,#1159,#1160,#1161,#1162,#1163,
    #1164,#1165,#1166,#1167,#1168,#1169,#1170,#1171,#1172,#1173,#1174,
    #1175,#1176,#1177),.UNSPECIFIED.,.F.,.F.,(8,6,6,6,6,6,6,6,6,6,6,6,8)
  ,(0.,0.144363180638,0.24365641324,0.338213076952,0.395010916265,
    0.457032364895,0.501074508467,0.543547062284,0.605614809354,
    0.662459144057,0.754323386955,0.85352325629,1.),.UNSPECIFIED.);
#1104 = CARTESIAN_POINT('',(13.178310880092,-14.31864945962,26.));
#1105 = CARTESIAN_POINT('',(12.965723780446,-14.30398131948,
    26.621487107291));
#1106 = CARTESIAN_POINT('',(12.723155189214,-14.31677183793,
    27.238206997462));
#1107 = CARTESIAN_POINT('',(12.451633076383,-14.35471714689,
    27.848837306995));
#1108 = CARTESIAN_POINT('',(12.151992496931,-14.41497654943,
    28.452212217771));
#1109 = CARTESIAN_POINT('',(11.82475477641,-14.49449666524,
    29.047276337033));
#1110 = CARTESIAN_POINT('',(11.470039421683,-14.5902865611,
    29.633051745174));
#1111 = CARTESIAN_POINT('',(10.82398038945,-14.7746227422,
    30.604388770927));
#1112 = CARTESIAN_POINT('',(10.547462233958,-14.85608345817,
    30.995306693806));
#1113 = CARTESIAN_POINT('',(10.25751444901,-14.94295927215,
    31.381001481218));
#1114 = CARTESIAN_POINT('',(9.95384402457,-15.03434130465,
    31.761068322267));
#1115 = CARTESIAN_POINT('',(9.636049465307,-15.12933878675,
    32.135004130658));
#1116 = CARTESIAN_POINT('',(9.303572875954,-15.22707337119,
    32.502188706052));
#1117 = CARTESIAN_POINT('',(8.624243478501,-15.42150960188,
    33.204352103865));
#1118 = CARTESIAN_POINT('',(8.278926706545,-15.51801080904,
    33.539933468691));
#1119 = CARTESIAN_POINT('',(7.918909128541,-15.6154310789,
    33.868004907524));
#1120 = CARTESIAN_POINT('',(7.543371469805,-15.71298360208,
    34.187667105926));
#1121 = CARTESIAN_POINT('',(7.151429509816,-15.80981730498,
    34.497715859296));
#1122 = CARTESIAN_POINT('',(6.74206255504,-15.90499464992,
    34.796601852484));
#1123 = CARTESIAN_POINT('',(6.056817992388,-16.05300830935,
    35.253981875086));
#1124 = CARTESIAN_POINT('',(5.792966055024,-16.10756354002,
    35.420841078166));
#1125 = CARTESIAN_POINT('',(5.52213861809,-16.16090154249,
    35.582491042132));
#1126 = CARTESIAN_POINT('',(5.244097700595,-16.21276228355,
    35.738396168737));
#1127 = CARTESIAN_POINT('',(4.958645169579,-16.26285571087,
    35.887921660274));
#1128 = CARTESIAN_POINT('',(4.665629649024,-16.31086345039,
    36.030339560993));
#1129 = CARTESIAN_POINT('',(4.036624482191,-16.40620920803,
    36.311699354747));
#1130 = CARTESIAN_POINT('',(3.69919083089,-16.45307542921,
    36.449104471575));
#1131 = CARTESIAN_POINT('',(3.352562899837,-16.49658593078,
    36.575975803475));
#1132 = CARTESIAN_POINT('',(2.996896238104,-16.53623221509,
    36.69106199867));
#1133 = CARTESIAN_POINT('',(2.632629282258,-16.57146930322,
    36.792988603702));
#1134 = CARTESIAN_POINT('',(2.26056518589,-16.60176072683,
    36.880380852549));
#1135 = CARTESIAN_POINT('',(1.613172603004,-16.64432370056,
    37.002952217858));
#1136 = CARTESIAN_POINT('',(1.341055743066,-16.65927431483,
    37.045925696638));
#1137 = CARTESIAN_POINT('',(1.06618612205,-16.67133289051,
    37.080537650169));
#1138 = CARTESIAN_POINT('',(0.789169978137,-16.68036011955,
    37.106424504319));
#1139 = CARTESIAN_POINT('',(0.51068590342,-16.68625571354,
    37.123323474425));
#1140 = CARTESIAN_POINT('',(0.231489946202,-16.68896804707,
    37.13109880245));
#1141 = CARTESIAN_POINT('',(-0.316702949893,-16.68805610015,
    37.128484613673));
#1142 = CARTESIAN_POINT('',(-0.58576576143,-16.68465409894,
    37.118732309897));
#1143 = CARTESIAN_POINT('',(-0.854021329378,-16.678301531,
    37.100520939162));
#1144 = CARTESIAN_POINT('',(-1.120798393338,-16.66905186939,
    37.073991026435));
#1145 = CARTESIAN_POINT('',(-1.385496426496,-16.65699984316,
    37.03939067483));
#1146 = CARTESIAN_POINT('',(-1.647581237662,-16.64227295366,
    36.99705247514));
#1147 = CARTESIAN_POINT('',(-2.285072182896,-16.59981456291,
    36.874766975161));
#1148 = CARTESIAN_POINT('',(-2.656987685432,-16.56921695877,
    36.786477489865));
#1149 = CARTESIAN_POINT('',(-3.0210504642,-16.53369104176,
    36.683695515088));
#1150 = CARTESIAN_POINT('',(-3.376472109558,-16.49377530588,
    36.567800174733));
#1151 = CARTESIAN_POINT('',(-3.722826657866,-16.45001525823,
    36.440166167196));
#1152 = CARTESIAN_POINT('',(-4.059968995258,-16.40291891511,
    36.302042282292));
#1153 = CARTESIAN_POINT('',(-4.688420090298,-16.30716409978,
    36.019371368822));
#1154 = CARTESIAN_POINT('',(-4.981172250825,-16.2589742952,
    35.876354131397));
#1155 = CARTESIAN_POINT('',(-5.266356736732,-16.20871345724,
    35.726259252313));
#1156 = CARTESIAN_POINT('',(-5.544128469542,-16.15669929302,
    35.569811774956));
#1157 = CARTESIAN_POINT('',(-5.814687845643,-16.103221169,
    35.407643491378));
#1158 = CARTESIAN_POINT('',(-6.078274118499,-16.04853852186,
    35.240287183285));
#1159 = CARTESIAN_POINT('',(-6.750301558825,-15.902930199,
    34.790019389635));
#1160 = CARTESIAN_POINT('',(-7.147808995518,-15.81046019317,
    34.499526957488));
#1161 = CARTESIAN_POINT('',(-7.528868498047,-15.71643099874,
    34.198500688731));
#1162 = CARTESIAN_POINT('',(-7.894418821232,-15.62170299283,
    33.888363511177));
#1163 = CARTESIAN_POINT('',(-8.245276978027,-15.5270589012,
    33.570228562535));
#1164 = CARTESIAN_POINT('',(-8.582200389381,-15.43322306173,
    33.244934158479));
#1165 = CARTESIAN_POINT('',(-9.255415255412,-15.24115524252,
    32.554641724774));
#1166 = CARTESIAN_POINT('',(-9.589409622795,-15.14319909222,
    32.188649610066));
#1167 = CARTESIAN_POINT('',(-9.908686151068,-15.04788492954,
    31.815851148414));
#1168 = CARTESIAN_POINT('',(-10.21381402081,-14.95608845451,
    31.436877466919));
#1169 = CARTESIAN_POINT('',(-10.50520540202,-14.86869650382,
    31.052239378965));
#1170 = CARTESIAN_POINT('',(-10.78316399775,-14.78661326934,
    30.662346567748));
#1171 = CARTESIAN_POINT('',(-11.43877853466,-14.59875680117,
    29.684499505771));
#1172 = CARTESIAN_POINT('',(-11.80073228185,-14.50036103794,
    29.090834951751));
#1173 = CARTESIAN_POINT('',(-12.13440383851,-14.41853495298,
    28.487548253741));
#1174 = CARTESIAN_POINT('',(-12.43968541964,-14.35640047641,
    27.87566043508));
#1175 = CARTESIAN_POINT('',(-12.71604318951,-14.31715262688,
    27.256270868153));
#1176 = CARTESIAN_POINT('',(-12.96260928914,-14.303766425,
    26.630592157378));
#1177 = CARTESIAN_POINT('',(-13.17831088009,-14.31864945962,26.));
#1178 = PCURVE('',#387,#1179);
#1179 = DEFINITIONAL_REPRESENTATION('',(#1180),#1255);
#1180 = B_SPLINE_CURVE_WITH_KNOTS('',7,(#1181,#1182,#1183,#1184,#1185,
    #1186,#1187,#1188,#1189,#1190,#1191,#1192,#1193,#1194,#1195,#1196,
    #1197,#1198,#1199,#1200,#1201,#1202,#1203,#1204,#1205,#1206,#1207,
    #1208,#1209,#1210,#1211,#1212,#1213,#1214,#1215,#1216,#1217,#1218,
    #1219,#1220,#1221,#1222,#1223,#1224,#1225,#1226,#1227,#1228,#1229,
    #1230,#1231,#1232,#1233,#1234,#1235,#1236,#1237,#1238,#1239,#1240,
    #1241,#1242,#1243,#1244,#1245,#1246,#1247,#1248,#1249,#1250,#1251,
    #1252,#1253,#1254),.UNSPECIFIED.,.F.,.F.,(8,6,6,6,6,6,6,6,6,6,6,6,8)
  ,(0.,0.144363180638,0.24365641324,0.338213076952,0.395010916265,
    0.457032364895,0.501074508467,0.543547062284,0.605614809354,
    0.662459144057,0.754323386955,0.85352325629,1.),.UNSPECIFIED.);
#1181 = CARTESIAN_POINT('',(2.812264239081,1.915108294709));
#1182 = CARTESIAN_POINT('',(2.808038000954,1.96009372797));
#1183 = CARTESIAN_POINT('',(2.803127678675,2.004839608186));
#1184 = CARTESIAN_POINT('',(2.797559321814,2.049403219106));
#1185 = CARTESIAN_POINT('',(2.791375001762,2.093857340771));
#1186 = CARTESIAN_POINT('',(2.784628687495,2.138292820048));
#1187 = CARTESIAN_POINT('',(2.777380544731,2.182822615664));
#1188 = CARTESIAN_POINT('',(2.764409461634,2.25840047703));
#1189 = CARTESIAN_POINT('',(2.75891756278,2.289312985267));
#1190 = CARTESIAN_POINT('',(2.753240706597,2.32038987483));
#1191 = CARTESIAN_POINT('',(2.747402207778,2.351684534324));
#1192 = CARTESIAN_POINT('',(2.741427814326,2.383254639761));
#1193 = CARTESIAN_POINT('',(2.735346271577,2.415166577403));
#1194 = CARTESIAN_POINT('',(2.723327945043,2.478295971267));
#1195 = CARTESIAN_POINT('',(2.71739977836,2.509465223049));
#1196 = CARTESIAN_POINT('',(2.711432838236,2.541087190923));
#1197 = CARTESIAN_POINT('',(2.705460381842,2.573238004854));
#1198 = CARTESIAN_POINT('',(2.699522989118,2.605995963205));
#1199 = CARTESIAN_POINT('',(2.693670260552,2.63944947257));
#1200 = CARTESIAN_POINT('',(2.684534931203,2.694289425767));
#1201 = CARTESIAN_POINT('',(2.681160029238,2.715155761909));
#1202 = CARTESIAN_POINT('',(2.677851592839,2.736332375992));
#1203 = CARTESIAN_POINT('',(2.674625363862,2.757840107207));
#1204 = CARTESIAN_POINT('',(2.671499530186,2.779697444932));
#1205 = CARTESIAN_POINT('',(2.668494640617,2.8019207211));
#1206 = CARTESIAN_POINT('',(2.662509266118,2.849206700437));
#1207 = CARTESIAN_POINT('',(2.659556695996,2.874340318325));
#1208 = CARTESIAN_POINT('',(2.656805759861,2.899941134565));
#1209 = CARTESIAN_POINT('',(2.654290669366,2.926009661902));
#1210 = CARTESIAN_POINT('',(2.65204868892,2.952530535503));
#1211 = CARTESIAN_POINT('',(2.650116903525,2.9794678208));
#1212 = CARTESIAN_POINT('',(2.647397927791,3.026133720127));
#1213 = CARTESIAN_POINT('',(2.646441211785,3.045689267086));
#1214 = CARTESIAN_POINT('',(2.645668493349,3.065393679589));
#1215 = CARTESIAN_POINT('',(2.645089463739,3.085214805237));
#1216 = CARTESIAN_POINT('',(2.644711125456,3.105116460389));
#1217 = CARTESIAN_POINT('',(2.644537090698,3.125057548858));
#1218 = CARTESIAN_POINT('',(2.644595607291,3.164214410424));
#1219 = CARTESIAN_POINT('',(2.644813897159,3.183434742384));
#1220 = CARTESIAN_POINT('',(2.645221500211,3.20261052822));
#1221 = CARTESIAN_POINT('',(2.645814677678,3.22170530601));
#1222 = CARTESIAN_POINT('',(2.646586817879,3.240687072333));
#1223 = CARTESIAN_POINT('',(2.647529052881,3.259527554423));
#1224 = CARTESIAN_POINT('',(2.650241035609,3.30549083813));
#1225 = CARTESIAN_POINT('',(2.652192074593,3.332425479729));
#1226 = CARTESIAN_POINT('',(2.654452062287,3.358941015536));
#1227 = CARTESIAN_POINT('',(2.656983784828,3.385002398215));
#1228 = CARTESIAN_POINT('',(2.659749959343,3.410595003221));
#1229 = CARTESIAN_POINT('',(2.662716429691,3.435719976241));
#1230 = CARTESIAN_POINT('',(2.66872626412,3.482991252841));
#1231 = CARTESIAN_POINT('',(2.67174192315,3.505208322177));
#1232 = CARTESIAN_POINT('',(2.674877551534,3.527059730952));
#1233 = CARTESIAN_POINT('',(2.678112667379,3.548562024465));
#1234 = CARTESIAN_POINT('',(2.681429152684,3.569733829887));
#1235 = CARTESIAN_POINT('',(2.684811330642,3.590596066219));
#1236 = CARTESIAN_POINT('',(2.693796767508,3.644424487334));
#1237 = CARTESIAN_POINT('',(2.699482859384,3.676918852169));
#1238 = CARTESIAN_POINT('',(2.705248742645,3.708756686614));
#1239 = CARTESIAN_POINT('',(2.711048881399,3.740019285706));
#1240 = CARTESIAN_POINT('',(2.716845821955,3.770778940304));
#1241 = CARTESIAN_POINT('',(2.722608717011,3.801105843514));
#1242 = CARTESIAN_POINT('',(2.734471396933,3.863428472199));
#1243 = CARTESIAN_POINT('',(2.740559578736,3.895354974442));
#1244 = CARTESIAN_POINT('',(2.74654385607,3.926933120894));
#1245 = CARTESIAN_POINT('',(2.752395263082,3.958229778319));
#1246 = CARTESIAN_POINT('',(2.75808790387,3.989303034353));
#1247 = CARTESIAN_POINT('',(2.763598363838,4.020206688521));
#1248 = CARTESIAN_POINT('',(2.77674196592,4.096449113938));
#1249 = CARTESIAN_POINT('',(2.784133456359,4.141638525346));
#1250 = CARTESIAN_POINT('',(2.791011941946,4.186724014629));
#1251 = CARTESIAN_POINT('',(2.797314259054,4.231824368714));
#1252 = CARTESIAN_POINT('',(2.802983692895,4.27703505894));
#1253 = CARTESIAN_POINT('',(2.80797608477,4.322432523505));
#1254 = CARTESIAN_POINT('',(2.812264239081,4.368077012471));
#1255 = ( GEOMETRIC_REPRESENTATION_CONTEXT(2) 
PARAMETRIC_REPRESENTATION_CONTEXT() REPRESENTATION_CONTEXT('2D SPACE',''
  ) );
#1256 = PCURVE('',#803,#1257);
#1257 = DEFINITIONAL_REPRESENTATION('',(#1258),#1333);
#1258 = B_SPLINE_CURVE_WITH_KNOTS('',7,(#1259,#1260,#1261,#1262,#1263,
    #1264,#1265,#1266,#1267,#1268,#1269,#1270,#1271,#1272,#1273,#1274,
    #1275,#1276,#1277,#1278,#1279,#1280,#1281,#1282,#1283,#1284,#1285,
    #1286,#1287,#1288,#1289,#1290,#1291,#1292,#1293,#1294,#1295,#1296,
    #1297,#1298,#1299,#1300,#1301,#1302,#1303,#1304,#1305,#1306,#1307,
    #1308,#1309,#1310,#1311,#1312,#1313,#1314,#1315,#1316,#1317,#1318,
    #1319,#1320,#1321,#1322,#1323,#1324,#1325,#1326,#1327,#1328,#1329,
    #1330,#1331,#1332),.UNSPECIFIED.,.F.,.F.,(8,6,6,6,6,6,6,6,6,6,6,6,8)
  ,(0.,0.144363180638,0.24365641324,0.338213076952,0.395010916265,
    0.457032364895,0.501074508467,0.543547062284,0.605614809354,
    0.662459144057,0.754323386955,0.85352325629,1.),.UNSPECIFIED.);
#1259 = CARTESIAN_POINT('',(-5.45633945318,0.));
#1260 = CARTESIAN_POINT('',(-5.448811800471,-0.621487107291));
#1261 = CARTESIAN_POINT('',(-5.439055292933,-1.238206997462));
#1262 = CARTESIAN_POINT('',(-5.427115733325,-1.848837306994));
#1263 = CARTESIAN_POINT('',(-5.413053766254,-2.452212217772));
#1264 = CARTESIAN_POINT('',(-5.396928541993,-3.047276337032));
#1265 = CARTESIAN_POINT('',(-5.378781164128,-3.633051745174));
#1266 = CARTESIAN_POINT('',(-5.344738573656,-4.604388770927));
#1267 = CARTESIAN_POINT('',(-5.329910954172,-4.995306693806));
#1268 = CARTESIAN_POINT('',(-5.3141286928,-5.381001481218));
#1269 = CARTESIAN_POINT('',(-5.297385448206,-5.761068322267));
#1270 = CARTESIAN_POINT('',(-5.279667601692,-6.135004130658));
#1271 = CARTESIAN_POINT('',(-5.26095110005,-6.502188706052));
#1272 = CARTESIAN_POINT('',(-5.222383095775,-7.204352103865));
#1273 = CARTESIAN_POINT('',(-5.202633643993,-7.539933468691));
#1274 = CARTESIAN_POINT('',(-5.181910073905,-7.868004907524));
#1275 = CARTESIAN_POINT('',(-5.160169142761,-8.187667105926));
#1276 = CARTESIAN_POINT('',(-5.137362510333,-8.497715859296));
#1277 = CARTESIAN_POINT('',(-5.113432851559,-8.796601852484));
#1278 = CARTESIAN_POINT('',(-5.073211989376,-9.253981875086));
#1279 = CARTESIAN_POINT('',(-5.057689531821,-9.420841078166));
#1280 = CARTESIAN_POINT('',(-5.041722575493,-9.582491042132));
#1281 = CARTESIAN_POINT('',(-5.025297495141,-9.738396168737));
#1282 = CARTESIAN_POINT('',(-5.008403040083,-9.887921660274));
#1283 = CARTESIAN_POINT('',(-4.991030866311,-10.03033956099));
#1284 = CARTESIAN_POINT('',(-4.953679192782,-10.31169935474));
#1285 = CARTESIAN_POINT('',(-4.933608612073,-10.44910447157));
#1286 = CARTESIAN_POINT('',(-4.912960197108,-10.57597580347));
#1287 = CARTESIAN_POINT('',(-4.891744738167,-10.69106199867));
#1288 = CARTESIAN_POINT('',(-4.869990604477,-10.7929886037));
#1289 = CARTESIAN_POINT('',(-4.847748866891,-10.88038085254));
#1290 = CARTESIAN_POINT('',(-4.809018290939,-11.00295221785));
#1291 = CARTESIAN_POINT('',(-4.792730108025,-11.04592569663));
#1292 = CARTESIAN_POINT('',(-4.776269979539,-11.08053765016));
#1293 = CARTESIAN_POINT('',(-4.759675846644,-11.10642450431));
#1294 = CARTESIAN_POINT('',(-4.742990170229,-11.12332347442));
#1295 = CARTESIAN_POINT('',(-4.726260153804,-11.13109880245));
#1296 = CARTESIAN_POINT('',(-4.693411730318,-11.12848461367));
#1297 = CARTESIAN_POINT('',(-4.677289353478,-11.11873230989));
#1298 = CARTESIAN_POINT('',(-4.661217280831,-11.10052093916));
#1299 = CARTESIAN_POINT('',(-4.645237424472,-11.07399102643));
#1300 = CARTESIAN_POINT('',(-4.629387361035,-11.03939067483));
#1301 = CARTESIAN_POINT('',(-4.613700529097,-10.99705247514));
#1302 = CARTESIAN_POINT('',(-4.575563944549,-10.87476697516));
#1303 = CARTESIAN_POINT('',(-4.55333226806,-10.78647748986));
#1304 = CARTESIAN_POINT('',(-4.531591704526,-10.68369551508));
#1305 = CARTESIAN_POINT('',(-4.510392414195,-10.56780017473));
#1306 = CARTESIAN_POINT('',(-4.489761995543,-10.44016616719));
#1307 = CARTESIAN_POINT('',(-4.469710597744,-10.30204228229));
#1308 = CARTESIAN_POINT('',(-4.432395644462,-10.01937136882));
#1309 = CARTESIAN_POINT('',(-4.415041030082,-9.876354131397));
#1310 = CARTESIAN_POINT('',(-4.398164498016,-9.726259252313));
#1311 = CARTESIAN_POINT('',(-4.381757488655,-9.569811774956));
#1312 = CARTESIAN_POINT('',(-4.365808615845,-9.407643491378));
#1313 = CARTESIAN_POINT('',(-4.350304180907,-9.240287183285));
#1314 = CARTESIAN_POINT('',(-4.310865680715,-8.790019389635));
#1315 = CARTESIAN_POINT('',(-4.287630727632,-8.499526957488));
#1316 = CARTESIAN_POINT('',(-4.265455858825,-8.198500688731));
#1317 = CARTESIAN_POINT('',(-4.244288346217,-7.888363511177));
#1318 = CARTESIAN_POINT('',(-4.224083475914,-7.570228562535));
#1319 = CARTESIAN_POINT('',(-4.204801172944,-7.244934158479));
#1320 = CARTESIAN_POINT('',(-4.166542911323,-6.554641724774));
#1321 = CARTESIAN_POINT('',(-4.147719950148,-6.188649610066));
#1322 = CARTESIAN_POINT('',(-4.129896638735,-5.815851148414));
#1323 = CARTESIAN_POINT('',(-4.113048123634,-5.436877466919));
#1324 = CARTESIAN_POINT('',(-4.097160034969,-5.052239378965));
#1325 = CARTESIAN_POINT('',(-4.082225309627,-4.662346567748));
#1326 = CARTESIAN_POINT('',(-4.047598100756,-3.684499505771));
#1327 = CARTESIAN_POINT('',(-4.029034674123,-3.090834951751));
#1328 = CARTESIAN_POINT('',(-4.0125506439,-2.487548253741));
#1329 = CARTESIAN_POINT('',(-3.998188188762,-1.875660435081));
#1330 = CARTESIAN_POINT('',(-3.986008952173,-1.256270868153));
#1331 = CARTESIAN_POINT('',(-3.976076443608,-0.630592157378));
#1332 = CARTESIAN_POINT('',(-3.968438507589,0.));
#1333 = ( GEOMETRIC_REPRESENTATION_CONTEXT(2) 
PARAMETRIC_REPRESENTATION_CONTEXT() REPRESENTATION_CONTEXT('2D SPACE',''
  ) );
#1334 = ORIENTED_EDGE('',*,*,#1335,.T.);
#1335 = EDGE_CURVE('',#1100,#297,#1336,.T.);
#1336 = SURFACE_CURVE('',#1337,(#1403,#1472),.PCURVE_S1.);
#1337 = B_SPLINE_CURVE_WITH_KNOTS('',8,(#1338,#1339,#1340,#1341,#1342,
    #1343,#1344,#1345,#1346,#1347,#1348,#1349,#1350,#1351,#1352,#1353,
    #1354,#1355,#1356,#1357,#1358,#1359,#1360,#1361,#1362,#1363,#1364,
    #1365,#1366,#1367,#1368,#1369,#1370,#1371,#1372,#1373,#1374,#1375,
    #1376,#1377,#1378,#1379,#1380,#1381,#1382,#1383,#1384,#1385,#1386,
    #1387,#1388,#1389,#1390,#1391,#1392,#1393,#1394,#1395,#1396,#1397,
    #1398,#1399,#1400,#1401,#1402),.UNSPECIFIED.,.F.,.F.,(9,7,7,7,7,7,7,
    7,7,9),(0.,0.125736766917,0.269231929063,0.344339913971,
    0.469129434232,0.623024374121,0.685434194172,0.751839689079,
    0.904962723188,1.),.UNSPECIFIED.);
#1338 = CARTESIAN_POINT('',(-9.457294656483,42.,26.));
#1339 = CARTESIAN_POINT('',(-10.28355070635,40.93080367448,26.));
#1340 = CARTESIAN_POINT('',(-11.00618932901,39.783814086586,26.));
#1341 = CARTESIAN_POINT('',(-11.62961340012,38.577171159622,26.));
#1342 = CARTESIAN_POINT('',(-12.1592422347,37.326128070325,26.));
#1343 = CARTESIAN_POINT('',(-12.60190134044,36.043311846943,26.));
#1344 = CARTESIAN_POINT('',(-12.96505640489,34.738408284653,26.));
#1345 = CARTESIAN_POINT('',(-13.25631532724,33.418007720163,26.));
#1346 = CARTESIAN_POINT('',(-13.74142992543,30.564516021979,26.));
#1347 = CARTESIAN_POINT('',(-13.91534497739,29.029930299273,26.));
#1348 = CARTESIAN_POINT('',(-14.01552459812,27.487832124687,26.));
#1349 = CARTESIAN_POINT('',(-14.05178858917,25.942938490361,26.));
#1350 = CARTESIAN_POINT('',(-14.03366443896,24.398506290811,26.));
#1351 = CARTESIAN_POINT('',(-13.97028373981,22.856329670663,26.));
#1352 = CARTESIAN_POINT('',(-13.87048090045,21.316749642908,26.));
#1353 = CARTESIAN_POINT('',(-13.67606751994,18.973579070692,26.));
#1354 = CARTESIAN_POINT('',(-13.60166916277,18.169136896694,26.));
#1355 = CARTESIAN_POINT('',(-13.5209210406,17.365277280519,26.));
#1356 = CARTESIAN_POINT('',(-13.43506861882,16.561930103531,26.));
#1357 = CARTESIAN_POINT('',(-13.34535878303,15.758999520172,26.));
#1358 = CARTESIAN_POINT('',(-13.25304181724,14.95636378499,26.));
#1359 = CARTESIAN_POINT('',(-13.15936764334,14.153875711685,26.));
#1360 = CARTESIAN_POINT('',(-12.90974503385,12.018015771156,26.));
#1361 = CARTESIAN_POINT('',(-12.75360460581,10.684724329658,26.));
#1362 = CARTESIAN_POINT('',(-12.60283707762,9.350662813613,26.));
#1363 = CARTESIAN_POINT('',(-12.46309001216,8.015222331775,26.));
#1364 = CARTESIAN_POINT('',(-12.33984396015,6.67802300236,26.));
#1365 = CARTESIAN_POINT('',(-12.23806756529,5.338945765336,26.));
#1366 = CARTESIAN_POINT('',(-12.16149958463,3.998201931519,26.));
#1367 = CARTESIAN_POINT('',(-12.0515857491,1.001581246472,26.));
#1368 = CARTESIAN_POINT('',(-12.03247095071,-0.655317171685,26.));
#1369 = CARTESIAN_POINT('',(-12.05902184561,-2.312157548946,26.));
#1370 = CARTESIAN_POINT('',(-12.13149248801,-3.967415618475,26.));
#1371 = CARTESIAN_POINT('',(-12.24524002809,-5.62023875407,26.));
#1372 = CARTESIAN_POINT('',(-12.39197628521,-7.270317434906,26.));
#1373 = CARTESIAN_POINT('',(-12.56198216503,-8.917781253821,26.));
#1374 = CARTESIAN_POINT('',(-12.81901304363,-11.23040392045,26.));
#1375 = CARTESIAN_POINT('',(-12.89529933039,-11.89740311964,26.));
#1376 = CARTESIAN_POINT('',(-12.97302418067,-12.56422512163,26.));
#1377 = CARTESIAN_POINT('',(-13.05148245436,-13.23095039516,26.));
#1378 = CARTESIAN_POINT('',(-13.12996033278,-13.89766049716,26.));
#1379 = CARTESIAN_POINT('',(-13.20774148913,-14.56443733401,26.));
#1380 = CARTESIAN_POINT('',(-13.28411027545,-15.23136277605,26.));
#1381 = CARTESIAN_POINT('',(-13.43734676313,-16.6083879106,26.));
#1382 = CARTESIAN_POINT('',(-13.51393136598,-17.31849990589,26.));
#1383 = CARTESIAN_POINT('',(-13.5872451774,-18.02895508934,26.));
#1384 = CARTESIAN_POINT('',(-13.65642627059,-18.73982835359,26.));
#1385 = CARTESIAN_POINT('',(-13.72061252679,-19.45116887759,26.));
#1386 = CARTESIAN_POINT('',(-13.77894088858,-20.16300017683,26.));
#1387 = CARTESIAN_POINT('',(-13.83054468894,-20.87532033195,26.));
#1388 = CARTESIAN_POINT('',(-13.97601780066,-23.23169156598,26.));
#1389 = CARTESIAN_POINT('',(-14.03699680306,-24.87640491702,26.));
#1390 = CARTESIAN_POINT('',(-14.0469729751,-26.52341622141,26.));
#1391 = CARTESIAN_POINT('',(-13.99493164255,-28.17146338,26.));
#1392 = CARTESIAN_POINT('',(-13.86931413709,-29.81686864729,26.));
#1393 = CARTESIAN_POINT('',(-13.65792520277,-31.45350310039,26.));
#1394 = CARTESIAN_POINT('',(-13.34839144296,-33.07282917978,26.));
#1395 = CARTESIAN_POINT('',(-12.6648262597,-35.6510976089,26.));
#1396 = CARTESIAN_POINT('',(-12.36002591865,-36.62668914942,26.));
#1397 = CARTESIAN_POINT('',(-12.00897682966,-37.58779298295,26.));
#1398 = CARTESIAN_POINT('',(-11.6084554548,-38.53048855996,26.));
#1399 = CARTESIAN_POINT('',(-11.15541493253,-39.44969640321,26.));
#1400 = CARTESIAN_POINT('',(-10.64718597928,-40.33927039322,26.));
#1401 = CARTESIAN_POINT('',(-10.08164627825,-41.19207313526,26.));
#1402 = CARTESIAN_POINT('',(-9.457294656483,-42.,26.));
#1403 = PCURVE('',#387,#1404);
#1404 = DEFINITIONAL_REPRESENTATION('',(#1405),#1471);
#1405 = B_SPLINE_CURVE_WITH_KNOTS('',8,(#1406,#1407,#1408,#1409,#1410,
    #1411,#1412,#1413,#1414,#1415,#1416,#1417,#1418,#1419,#1420,#1421,
    #1422,#1423,#1424,#1425,#1426,#1427,#1428,#1429,#1430,#1431,#1432,
    #1433,#1434,#1435,#1436,#1437,#1438,#1439,#1440,#1441,#1442,#1443,
    #1444,#1445,#1446,#1447,#1448,#1449,#1450,#1451,#1452,#1453,#1454,
    #1455,#1456,#1457,#1458,#1459,#1460,#1461,#1462,#1463,#1464,#1465,
    #1466,#1467,#1468,#1469,#1470),.UNSPECIFIED.,.F.,.F.,(9,7,7,7,7,7,7,
    7,7,9),(0.,0.125736766917,0.269231929063,0.344339913971,
    0.469129434232,0.623024374121,0.685434194172,0.751839689079,
    0.904962723188,1.),.UNSPECIFIED.);
#1406 = CARTESIAN_POINT('',(3.928242380789,5.541514176625));
#1407 = CARTESIAN_POINT('',(3.915513892981,5.461472089055));
#1408 = CARTESIAN_POINT('',(3.901488051094,5.384759671008));
#1409 = CARTESIAN_POINT('',(3.886273601106,5.31114555004));
#1410 = CARTESIAN_POINT('',(3.869962823571,5.240499608851));
#1411 = CARTESIAN_POINT('',(3.852639243609,5.172700091998));
#1412 = CARTESIAN_POINT('',(3.834373157977,5.107626267563));
#1413 = CARTESIAN_POINT('',(3.815211517118,5.045129260901));
#1414 = CARTESIAN_POINT('',(3.772280979407,4.916448106061));
#1415 = CARTESIAN_POINT('',(3.748276793373,4.851089259993));
#1416 = CARTESIAN_POINT('',(3.72318641346,4.788735866613));
#1417 = CARTESIAN_POINT('',(3.697047709185,4.729291601311));
#1418 = CARTESIAN_POINT('',(3.66989850072,4.672713516495));
#1419 = CARTESIAN_POINT('',(3.641772779791,4.619006461108));
#1420 = CARTESIAN_POINT('',(3.612694538757,4.568214575251));
#1421 = CARTESIAN_POINT('',(3.566958528561,4.495424971295));
#1422 = CARTESIAN_POINT('',(3.550990277086,4.471247746922));
#1423 = CARTESIAN_POINT('',(3.534771581784,4.447919051784));
#1424 = CARTESIAN_POINT('',(3.518306919209,4.425461196352));
#1425 = CARTESIAN_POINT('',(3.501601486431,4.403901892949));
#1426 = CARTESIAN_POINT('',(3.484661208284,4.383273843434));
#1427 = CARTESIAN_POINT('',(3.467492744674,4.363614226806));
#1428 = CARTESIAN_POINT('',(3.421211819377,4.313977474084));
#1429 = CARTESIAN_POINT('',(3.391713328214,4.285780328053));
#1430 = CARTESIAN_POINT('',(3.361641305462,4.260558931208));
#1431 = CARTESIAN_POINT('',(3.331043305514,4.238538224561));
#1432 = CARTESIAN_POINT('',(3.29998280055,4.219964532277));
#1433 = CARTESIAN_POINT('',(3.268540366112,4.20508080389));
#1434 = CARTESIAN_POINT('',(3.236813511239,4.194078148099));
#1435 = CARTESIAN_POINT('',(3.165572987532,4.178422847096));
#1436 = CARTESIAN_POINT('',(3.125958215351,4.175847506403));
#1437 = CARTESIAN_POINT('',(3.086302838478,4.179561615299));
#1438 = CARTESIAN_POINT('',(3.046837888615,4.189574902236));
#1439 = CARTESIAN_POINT('',(3.007774651398,4.205634362718));
#1440 = CARTESIAN_POINT('',(2.96929180922,4.227312808913));
#1441 = CARTESIAN_POINT('',(2.931532796737,4.254150651237));
#1442 = CARTESIAN_POINT('',(2.87963177674,4.298513337484));
#1443 = CARTESIAN_POINT('',(2.864791885783,4.312091978558));
#1444 = CARTESIAN_POINT('',(2.850093315528,4.326421694889));
#1445 = CARTESIAN_POINT('',(2.835541732148,4.341475657658));
#1446 = CARTESIAN_POINT('',(2.821142136835,4.357228551425));
#1447 = CARTESIAN_POINT('',(2.806898890247,4.373657069778));
#1448 = CARTESIAN_POINT('',(2.792815740081,4.390740285859));
#1449 = CARTESIAN_POINT('',(2.764084767994,4.427313975536));
#1450 = CARTESIAN_POINT('',(2.749458898961,4.446888067858));
#1451 = CARTESIAN_POINT('',(2.735021999508,4.467160114189));
#1452 = CARTESIAN_POINT('',(2.720777612018,4.488110809844));
#1453 = CARTESIAN_POINT('',(2.706729046009,4.509723715797));
#1454 = CARTESIAN_POINT('',(2.69287935858,4.531985396074));
#1455 = CARTESIAN_POINT('',(2.679231335723,4.554885582755));
#1456 = CARTESIAN_POINT('',(2.634787557593,4.632678818639));
#1457 = CARTESIAN_POINT('',(2.604898303229,4.690254630257));
#1458 = CARTESIAN_POINT('',(2.576118758528,4.751100166686));
#1459 = CARTESIAN_POINT('',(2.548478062483,4.815228912134));
#1460 = CARTESIAN_POINT('',(2.522024939775,4.882687370375));
#1461 = CARTESIAN_POINT('',(2.49681630652,4.953579608158));
#1462 = CARTESIAN_POINT('',(2.472910791108,5.028068963065));
#1463 = CARTESIAN_POINT('',(2.436378766655,5.155217157036));
#1464 = CARTESIAN_POINT('',(2.422925580873,5.205396751109));
#1465 = CARTESIAN_POINT('',(2.410023563609,5.257143352923));
#1466 = CARTESIAN_POINT('',(2.397698922212,5.310524420231));
#1467 = CARTESIAN_POINT('',(2.385986195717,5.365597676573));
#1468 = CARTESIAN_POINT('',(2.374925434259,5.422415303564));
#1469 = CARTESIAN_POINT('',(2.364561073219,5.481031221986));
#1470 = CARTESIAN_POINT('',(2.35494292639,5.541514176625));
#1471 = ( GEOMETRIC_REPRESENTATION_CONTEXT(2) 
PARAMETRIC_REPRESENTATION_CONTEXT() REPRESENTATION_CONTEXT('2D SPACE',''
  ) );
#1472 = PCURVE('',#313,#1473);
#1473 = DEFINITIONAL_REPRESENTATION('',(#1474),#1540);
#1474 = B_SPLINE_CURVE_WITH_KNOTS('',8,(#1475,#1476,#1477,#1478,#1479,
    #1480,#1481,#1482,#1483,#1484,#1485,#1486,#1487,#1488,#1489,#1490,
    #1491,#1492,#1493,#1494,#1495,#1496,#1497,#1498,#1499,#1500,#1501,
    #1502,#1503,#1504,#1505,#1506,#1507,#1508,#1509,#1510,#1511,#1512,
    #1513,#1514,#1515,#1516,#1517,#1518,#1519,#1520,#1521,#1522,#1523,
    #1524,#1525,#1526,#1527,#1528,#1529,#1530,#1531,#1532,#1533,#1534,
    #1535,#1536,#1537,#1538,#1539),.UNSPECIFIED.,.F.,.F.,(9,7,7,7,7,7,7,
    7,7,9),(0.,0.125736766917,0.269231929063,0.344339913971,
    0.469129434232,0.623024374121,0.685434194172,0.751839689079,
    0.904962723188,1.),.UNSPECIFIED.);
#1475 = CARTESIAN_POINT('',(-9.457294656483,42.));
#1476 = CARTESIAN_POINT('',(-10.28355070635,40.93080367448));
#1477 = CARTESIAN_POINT('',(-11.00618932901,39.783814086586));
#1478 = CARTESIAN_POINT('',(-11.62961340012,38.577171159622));
#1479 = CARTESIAN_POINT('',(-12.1592422347,37.326128070325));
#1480 = CARTESIAN_POINT('',(-12.60190134044,36.043311846943));
#1481 = CARTESIAN_POINT('',(-12.96505640489,34.738408284653));
#1482 = CARTESIAN_POINT('',(-13.25631532724,33.418007720163));
#1483 = CARTESIAN_POINT('',(-13.74142992543,30.564516021979));
#1484 = CARTESIAN_POINT('',(-13.91534497739,29.029930299273));
#1485 = CARTESIAN_POINT('',(-14.01552459812,27.487832124687));
#1486 = CARTESIAN_POINT('',(-14.05178858917,25.942938490361));
#1487 = CARTESIAN_POINT('',(-14.03366443896,24.398506290811));
#1488 = CARTESIAN_POINT('',(-13.97028373981,22.856329670663));
#1489 = CARTESIAN_POINT('',(-13.87048090045,21.316749642908));
#1490 = CARTESIAN_POINT('',(-13.67606751994,18.973579070692));
#1491 = CARTESIAN_POINT('',(-13.60166916277,18.169136896694));
#1492 = CARTESIAN_POINT('',(-13.5209210406,17.365277280519));
#1493 = CARTESIAN_POINT('',(-13.43506861882,16.561930103531));
#1494 = CARTESIAN_POINT('',(-13.34535878303,15.758999520172));
#1495 = CARTESIAN_POINT('',(-13.25304181724,14.95636378499));
#1496 = CARTESIAN_POINT('',(-13.15936764334,14.153875711685));
#1497 = CARTESIAN_POINT('',(-12.90974503385,12.018015771156));
#1498 = CARTESIAN_POINT('',(-12.75360460581,10.684724329658));
#1499 = CARTESIAN_POINT('',(-12.60283707762,9.350662813613));
#1500 = CARTESIAN_POINT('',(-12.46309001216,8.015222331775));
#1501 = CARTESIAN_POINT('',(-12.33984396015,6.67802300236));
#1502 = CARTESIAN_POINT('',(-12.23806756529,5.338945765336));
#1503 = CARTESIAN_POINT('',(-12.16149958463,3.998201931519));
#1504 = CARTESIAN_POINT('',(-12.0515857491,1.001581246472));
#1505 = CARTESIAN_POINT('',(-12.03247095071,-0.655317171685));
#1506 = CARTESIAN_POINT('',(-12.05902184561,-2.312157548946));
#1507 = CARTESIAN_POINT('',(-12.13149248801,-3.967415618475));
#1508 = CARTESIAN_POINT('',(-12.24524002809,-5.62023875407));
#1509 = CARTESIAN_POINT('',(-12.39197628521,-7.270317434906));
#1510 = CARTESIAN_POINT('',(-12.56198216503,-8.917781253821));
#1511 = CARTESIAN_POINT('',(-12.81901304363,-11.23040392045));
#1512 = CARTESIAN_POINT('',(-12.89529933039,-11.89740311964));
#1513 = CARTESIAN_POINT('',(-12.97302418067,-12.56422512163));
#1514 = CARTESIAN_POINT('',(-13.05148245436,-13.23095039516));
#1515 = CARTESIAN_POINT('',(-13.12996033278,-13.89766049716));
#1516 = CARTESIAN_POINT('',(-13.20774148913,-14.56443733401));
#1517 = CARTESIAN_POINT('',(-13.28411027545,-15.23136277605));
#1518 = CARTESIAN_POINT('',(-13.43734676313,-16.6083879106));
#1519 = CARTESIAN_POINT('',(-13.51393136598,-17.31849990589));
#1520 = CARTESIAN_POINT('',(-13.5872451774,-18.02895508934));
#1521 = CARTESIAN_POINT('',(-13.65642627059,-18.73982835359));
#1522 = CARTESIAN_POINT('',(-13.72061252679,-19.45116887759));
#1523 = CARTESIAN_POINT('',(-13.77894088858,-20.16300017683));
#1524 = CARTESIAN_POINT('',(-13.83054468894,-20.87532033195));
#1525 = CARTESIAN_POINT('',(-13.97601780066,-23.23169156598));
#1526 = CARTESIAN_POINT('',(-14.03699680306,-24.87640491702));
#1527 = CARTESIAN_POINT('',(-14.0469729751,-26.52341622141));
#1528 = CARTESIAN_POINT('',(-13.99493164255,-28.17146338));
#1529 = CARTESIAN_POINT('',(-13.86931413709,-29.81686864729));
#1530 = CARTESIAN_POINT('',(-13.65792520277,-31.45350310039));
#1531 = CARTESIAN_POINT('',(-13.34839144296,-33.07282917978));
#1532 = CARTESIAN_POINT('',(-12.6648262597,-35.6510976089));
#1533 = CARTESIAN_POINT('',(-12.36002591865,-36.62668914942));
#1534 = CARTESIAN_POINT('',(-12.00897682966,-37.58779298295));
#1535 = CARTESIAN_POINT('',(-11.6084554548,-38.53048855996));
#1536 = CARTESIAN_POINT('',(-11.15541493253,-39.44969640321));
#1537 = CARTESIAN_POINT('',(-10.64718597928,-40.33927039322));
#1538 = CARTESIAN_POINT('',(-10.08164627825,-41.19207313526));
#1539 = CARTESIAN_POINT('',(-9.457294656483,-42.));
#1540 = ( GEOMETRIC_REPRESENTATION_CONTEXT(2) 
PARAMETRIC_REPRESENTATION_CONTEXT() REPRESENTATION_CONTEXT('2D SPACE',''
  ) );
#1541 = ADVANCED_FACE('',(#1542),#313,.T.);
#1542 = FACE_BOUND('',#1543,.T.);
#1543 = EDGE_LOOP('',(#1544,#1753,#1754,#1755));
#1544 = ORIENTED_EDGE('',*,*,#1545,.F.);
#1545 = EDGE_CURVE('',#205,#1546,#1548,.T.);
#1546 = VERTEX_POINT('',#1547);
#1547 = CARTESIAN_POINT('',(-13.17831088009,14.318649459626,26.));
#1548 = SURFACE_CURVE('',#1549,(#1615,#1684),.PCURVE_S1.);
#1549 = B_SPLINE_CURVE_WITH_KNOTS('',8,(#1550,#1551,#1552,#1553,#1554,
    #1555,#1556,#1557,#1558,#1559,#1560,#1561,#1562,#1563,#1564,#1565,
    #1566,#1567,#1568,#1569,#1570,#1571,#1572,#1573,#1574,#1575,#1576,
    #1577,#1578,#1579,#1580,#1581,#1582,#1583,#1584,#1585,#1586,#1587,
    #1588,#1589,#1590,#1591,#1592,#1593,#1594,#1595,#1596,#1597,#1598,
    #1599,#1600,#1601,#1602,#1603,#1604,#1605,#1606,#1607,#1608,#1609,
    #1610,#1611,#1612,#1613,#1614),.UNSPECIFIED.,.F.,.F.,(9,7,7,7,7,7,7,
    7,7,9),(0.,0.125736766917,0.269231929063,0.344339913971,
    0.469129434232,0.623024374121,0.685434194172,0.751839689079,
    0.904962723188,1.),.UNSPECIFIED.);
#1550 = CARTESIAN_POINT('',(-9.457294656483,42.,26.));
#1551 = CARTESIAN_POINT('',(-10.28355070635,40.93080367448,26.));
#1552 = CARTESIAN_POINT('',(-11.00618932901,39.783814086586,26.));
#1553 = CARTESIAN_POINT('',(-11.62961340012,38.577171159622,26.));
#1554 = CARTESIAN_POINT('',(-12.1592422347,37.326128070325,26.));
#1555 = CARTESIAN_POINT('',(-12.60190134044,36.043311846943,26.));
#1556 = CARTESIAN_POINT('',(-12.96505640489,34.738408284653,26.));
#1557 = CARTESIAN_POINT('',(-13.25631532724,33.418007720163,26.));
#1558 = CARTESIAN_POINT('',(-13.74142992543,30.564516021979,26.));
#1559 = CARTESIAN_POINT('',(-13.91534497739,29.029930299273,26.));
#1560 = CARTESIAN_POINT('',(-14.01552459812,27.487832124687,26.));
#1561 = CARTESIAN_POINT('',(-14.05178858917,25.942938490361,26.));
#1562 = CARTESIAN_POINT('',(-14.03366443896,24.398506290811,26.));
#1563 = CARTESIAN_POINT('',(-13.97028373981,22.856329670663,26.));
#1564 = CARTESIAN_POINT('',(-13.87048090045,21.316749642908,26.));
#1565 = CARTESIAN_POINT('',(-13.67606751994,18.973579070692,26.));
#1566 = CARTESIAN_POINT('',(-13.60166916277,18.169136896694,26.));
#1567 = CARTESIAN_POINT('',(-13.5209210406,17.365277280519,26.));
#1568 = CARTESIAN_POINT('',(-13.43506861882,16.561930103531,26.));
#1569 = CARTESIAN_POINT('',(-13.34535878303,15.758999520172,26.));
#1570 = CARTESIAN_POINT('',(-13.25304181724,14.95636378499,26.));
#1571 = CARTESIAN_POINT('',(-13.15936764334,14.153875711685,26.));
#1572 = CARTESIAN_POINT('',(-12.90974503385,12.018015771156,26.));
#1573 = CARTESIAN_POINT('',(-12.75360460581,10.684724329658,26.));
#1574 = CARTESIAN_POINT('',(-12.60283707762,9.350662813613,26.));
#1575 = CARTESIAN_POINT('',(-12.46309001216,8.015222331775,26.));
#1576 = CARTESIAN_POINT('',(-12.33984396015,6.67802300236,26.));
#1577 = CARTESIAN_POINT('',(-12.23806756529,5.338945765336,26.));
#1578 = CARTESIAN_POINT('',(-12.16149958463,3.998201931519,26.));
#1579 = CARTESIAN_POINT('',(-12.0515857491,1.001581246472,26.));
#1580 = CARTESIAN_POINT('',(-12.03247095071,-0.655317171685,26.));
#1581 = CARTESIAN_POINT('',(-12.05902184561,-2.312157548946,26.));
#1582 = CARTESIAN_POINT('',(-12.13149248801,-3.967415618475,26.));
#1583 = CARTESIAN_POINT('',(-12.24524002809,-5.62023875407,26.));
#1584 = CARTESIAN_POINT('',(-12.39197628521,-7.270317434906,26.));
#1585 = CARTESIAN_POINT('',(-12.56198216503,-8.917781253821,26.));
#1586 = CARTESIAN_POINT('',(-12.81901304363,-11.23040392045,26.));
#1587 = CARTESIAN_POINT('',(-12.89529933039,-11.89740311964,26.));
#1588 = CARTESIAN_POINT('',(-12.97302418067,-12.56422512163,26.));
#1589 = CARTESIAN_POINT('',(-13.05148245436,-13.23095039516,26.));
#1590 = CARTESIAN_POINT('',(-13.12996033278,-13.89766049716,26.));
#1591 = CARTESIAN_POINT('',(-13.20774148913,-14.56443733401,26.));
#1592 = CARTESIAN_POINT('',(-13.28411027545,-15.23136277605,26.));
#1593 = CARTESIAN_POINT('',(-13.43734676313,-16.6083879106,26.));
#1594 = CARTESIAN_POINT('',(-13.51393136598,-17.31849990589,26.));
#1595 = CARTESIAN_POINT('',(-13.5872451774,-18.02895508934,26.));
#1596 = CARTESIAN_POINT('',(-13.65642627059,-18.73982835359,26.));
#1597 = CARTESIAN_POINT('',(-13.72061252679,-19.45116887759,26.));
#1598 = CARTESIAN_POINT('',(-13.77894088858,-20.16300017683,26.));
#1599 = CARTESIAN_POINT('',(-13.83054468894,-20.87532033195,26.));
#1600 = CARTESIAN_POINT('',(-13.97601780066,-23.23169156598,26.));
#1601 = CARTESIAN_POINT('',(-14.03699680306,-24.87640491702,26.));
#1602 = CARTESIAN_POINT('',(-14.0469729751,-26.52341622141,26.));
#1603 = CARTESIAN_POINT('',(-13.99493164255,-28.17146338,26.));
#1604 = CARTESIAN_POINT('',(-13.86931413709,-29.81686864729,26.));
#1605 = CARTESIAN_POINT('',(-13.65792520277,-31.45350310039,26.));
#1606 = CARTESIAN_POINT('',(-13.34839144296,-33.07282917978,26.));
#1607 = CARTESIAN_POINT('',(-12.6648262597,-35.6510976089,26.));
#1608 = CARTESIAN_POINT('',(-12.36002591865,-36.62668914942,26.));
#1609 = CARTESIAN_POINT('',(-12.00897682966,-37.58779298295,26.));
#1610 = CARTESIAN_POINT('',(-11.6084554548,-38.53048855996,26.));
#1611 = CARTESIAN_POINT('',(-11.15541493253,-39.44969640321,26.));
#1612 = CARTESIAN_POINT('',(-10.64718597928,-40.33927039322,26.));
#1613 = CARTESIAN_POINT('',(-10.08164627825,-41.19207313526,26.));
#1614 = CARTESIAN_POINT('',(-9.457294656483,-42.,26.));
#1615 = PCURVE('',#313,#1616);
#1616 = DEFINITIONAL_REPRESENTATION('',(#1617),#1683);
#1617 = B_SPLINE_CURVE_WITH_KNOTS('',8,(#1618,#1619,#1620,#1621,#1622,
    #1623,#1624,#1625,#1626,#1627,#1628,#1629,#1630,#1631,#1632,#1633,
    #1634,#1635,#1636,#1637,#1638,#1639,#1640,#1641,#1642,#1643,#1644,
    #1645,#1646,#1647,#1648,#1649,#1650,#1651,#1652,#1653,#1654,#1655,
    #1656,#1657,#1658,#1659,#1660,#1661,#1662,#1663,#1664,#1665,#1666,
    #1667,#1668,#1669,#1670,#1671,#1672,#1673,#1674,#1675,#1676,#1677,
    #1678,#1679,#1680,#1681,#1682),.UNSPECIFIED.,.F.,.F.,(9,7,7,7,7,7,7,
    7,7,9),(0.,0.125736766917,0.269231929063,0.344339913971,
    0.469129434232,0.623024374121,0.685434194172,0.751839689079,
    0.904962723188,1.),.UNSPECIFIED.);
#1618 = CARTESIAN_POINT('',(-9.457294656483,42.));
#1619 = CARTESIAN_POINT('',(-10.28355070635,40.93080367448));
#1620 = CARTESIAN_POINT('',(-11.00618932901,39.783814086586));
#1621 = CARTESIAN_POINT('',(-11.62961340012,38.577171159622));
#1622 = CARTESIAN_POINT('',(-12.1592422347,37.326128070325));
#1623 = CARTESIAN_POINT('',(-12.60190134044,36.043311846943));
#1624 = CARTESIAN_POINT('',(-12.96505640489,34.738408284653));
#1625 = CARTESIAN_POINT('',(-13.25631532724,33.418007720163));
#1626 = CARTESIAN_POINT('',(-13.74142992543,30.564516021979));
#1627 = CARTESIAN_POINT('',(-13.91534497739,29.029930299273));
#1628 = CARTESIAN_POINT('',(-14.01552459812,27.487832124687));
#1629 = CARTESIAN_POINT('',(-14.05178858917,25.942938490361));
#1630 = CARTESIAN_POINT('',(-14.03366443896,24.398506290811));
#1631 = CARTESIAN_POINT('',(-13.97028373981,22.856329670663));
#1632 = CARTESIAN_POINT('',(-13.87048090045,21.316749642908));
#1633 = CARTESIAN_POINT('',(-13.67606751994,18.973579070692));
#1634 = CARTESIAN_POINT('',(-13.60166916277,18.169136896694));
#1635 = CARTESIAN_POINT('',(-13.5209210406,17.365277280519));
#1636 = CARTESIAN_POINT('',(-13.43506861882,16.561930103531));
#1637 = CARTESIAN_POINT('',(-13.34535878303,15.758999520172));
#1638 = CARTESIAN_POINT('',(-13.25304181724,14.95636378499));
#1639 = CARTESIAN_POINT('',(-13.15936764334,14.153875711685));
#1640 = CARTESIAN_POINT('',(-12.90974503385,12.018015771156));
#1641 = CARTESIAN_POINT('',(-12.75360460581,10.684724329658));
#1642 = CARTESIAN_POINT('',(-12.60283707762,9.350662813613));
#1643 = CARTESIAN_POINT('',(-12.46309001216,8.015222331775));
#1644 = CARTESIAN_POINT('',(-12.33984396015,6.67802300236));
#1645 = CARTESIAN_POINT('',(-12.23806756529,5.338945765336));
#1646 = CARTESIAN_POINT('',(-12.16149958463,3.998201931519));
#1647 = CARTESIAN_POINT('',(-12.0515857491,1.001581246472));
#1648 = CARTESIAN_POINT('',(-12.03247095071,-0.655317171685));
#1649 = CARTESIAN_POINT('',(-12.05902184561,-2.312157548946));
#1650 = CARTESIAN_POINT('',(-12.13149248801,-3.967415618475));
#1651 = CARTESIAN_POINT('',(-12.24524002809,-5.62023875407));
#1652 = CARTESIAN_POINT('',(-12.39197628521,-7.270317434906));
#1653 = CARTESIAN_POINT('',(-12.56198216503,-8.917781253821));
#1654 = CARTESIAN_POINT('',(-12.81901304363,-11.23040392045));
#1655 = CARTESIAN_POINT('',(-12.89529933039,-11.89740311964));
#1656 = CARTESIAN_POINT('',(-12.97302418067,-12.56422512163));
#1657 = CARTESIAN_POINT('',(-13.05148245436,-13.23095039516));
#1658 = CARTESIAN_POINT('',(-13.12996033278,-13.89766049716));
#1659 = CARTESIAN_POINT('',(-13.20774148913,-14.56443733401));
#1660 = CARTESIAN_POINT('',(-13.28411027545,-15.23136277605));
#1661 = CARTESIAN_POINT('',(-13.43734676313,-16.6083879106));
#1662 = CARTESIAN_POINT('',(-13.51393136598,-17.31849990589));
#1663 = CARTESIAN_POINT('',(-13.5872451774,-18.02895508934));
#1664 = CARTESIAN_POINT('',(-13.65642627059,-18.73982835359));
#1665 = CARTESIAN_POINT('',(-13.72061252679,-19.45116887759));
#1666 = CARTESIAN_POINT('',(-13.77894088858,-20.16300017683));
#1667 = CARTESIAN_POINT('',(-13.83054468894,-20.87532033195));
#1668 = CARTESIAN_POINT('',(-13.97601780066,-23.23169156598));
#1669 = CARTESIAN_POINT('',(-14.03699680306,-24.87640491702));
#1670 = CARTESIAN_POINT('',(-14.0469729751,-26.52341622141));
#1671 = CARTESIAN_POINT('',(-13.99493164255,-28.17146338));
#1672 = CARTESIAN_POINT('',(-13.86931413709,-29.81686864729));
#1673 = CARTESIAN_POINT('',(-13.65792520277,-31.45350310039));
#1674 = CARTESIAN_POINT('',(-13.34839144296,-33.07282917978));
#1675 = CARTESIAN_POINT('',(-12.6648262597,-35.6510976089));
#1676 = CARTESIAN_POINT('',(-12.36002591865,-36.62668914942));
#1677 = CARTESIAN_POINT('',(-12.00897682966,-37.58779298295));
#1678 = CARTESIAN_POINT('',(-11.6084554548,-38.53048855996));
#1679 = CARTESIAN_POINT('',(-11.15541493253,-39.44969640321));
#1680 = CARTESIAN_POINT('',(-10.64718597928,-40.33927039322));
#1681 = CARTESIAN_POINT('',(-10.08164627825,-41.19207313526));
#1682 = CARTESIAN_POINT('',(-9.457294656483,-42.));
#1683 = ( GEOMETRIC_REPRESENTATION_CONTEXT(2) 
PARAMETRIC_REPRESENTATION_CONTEXT() REPRESENTATION_CONTEXT('2D SPACE',''
  ) );
#1684 = PCURVE('',#169,#1685);
#1685 = DEFINITIONAL_REPRESENTATION('',(#1686),#1752);
#1686 = B_SPLINE_CURVE_WITH_KNOTS('',8,(#1687,#1688,#1689,#1690,#1691,
    #1692,#1693,#1694,#1695,#1696,#1697,#1698,#1699,#1700,#1701,#1702,
    #1703,#1704,#1705,#1706,#1707,#1708,#1709,#1710,#1711,#1712,#1713,
    #1714,#1715,#1716,#1717,#1718,#1719,#1720,#1721,#1722,#1723,#1724,
    #1725,#1726,#1727,#1728,#1729,#1730,#1731,#1732,#1733,#1734,#1735,
    #1736,#1737,#1738,#1739,#1740,#1741,#1742,#1743,#1744,#1745,#1746,
    #1747,#1748,#1749,#1750,#1751),.UNSPECIFIED.,.F.,.F.,(9,7,7,7,7,7,7,
    7,7,9),(0.,0.125736766917,0.269231929063,0.344339913971,
    0.469129434232,0.623024374121,0.685434194172,0.751839689079,
    0.904962723188,1.),.UNSPECIFIED.);
#1687 = CARTESIAN_POINT('',(3.928242380789,5.541514176625));
#1688 = CARTESIAN_POINT('',(3.915513892981,5.461472089055));
#1689 = CARTESIAN_POINT('',(3.901488051094,5.384759671008));
#1690 = CARTESIAN_POINT('',(3.886273601106,5.31114555004));
#1691 = CARTESIAN_POINT('',(3.869962823571,5.240499608851));
#1692 = CARTESIAN_POINT('',(3.852639243609,5.172700091998));
#1693 = CARTESIAN_POINT('',(3.834373157977,5.107626267563));
#1694 = CARTESIAN_POINT('',(3.815211517118,5.045129260901));
#1695 = CARTESIAN_POINT('',(3.772280979407,4.916448106061));
#1696 = CARTESIAN_POINT('',(3.748276793373,4.851089259993));
#1697 = CARTESIAN_POINT('',(3.72318641346,4.788735866613));
#1698 = CARTESIAN_POINT('',(3.697047709185,4.729291601311));
#1699 = CARTESIAN_POINT('',(3.66989850072,4.672713516495));
#1700 = CARTESIAN_POINT('',(3.641772779791,4.619006461108));
#1701 = CARTESIAN_POINT('',(3.612694538757,4.568214575251));
#1702 = CARTESIAN_POINT('',(3.566958528561,4.495424971295));
#1703 = CARTESIAN_POINT('',(3.550990277086,4.471247746922));
#1704 = CARTESIAN_POINT('',(3.534771581784,4.447919051784));
#1705 = CARTESIAN_POINT('',(3.518306919209,4.425461196352));
#1706 = CARTESIAN_POINT('',(3.501601486431,4.403901892949));
#1707 = CARTESIAN_POINT('',(3.484661208284,4.383273843434));
#1708 = CARTESIAN_POINT('',(3.467492744674,4.363614226806));
#1709 = CARTESIAN_POINT('',(3.421211819377,4.313977474084));
#1710 = CARTESIAN_POINT('',(3.391713328214,4.285780328053));
#1711 = CARTESIAN_POINT('',(3.361641305462,4.260558931208));
#1712 = CARTESIAN_POINT('',(3.331043305514,4.238538224561));
#1713 = CARTESIAN_POINT('',(3.29998280055,4.219964532277));
#1714 = CARTESIAN_POINT('',(3.268540366112,4.20508080389));
#1715 = CARTESIAN_POINT('',(3.236813511239,4.194078148099));
#1716 = CARTESIAN_POINT('',(3.165572987532,4.178422847096));
#1717 = CARTESIAN_POINT('',(3.125958215351,4.175847506403));
#1718 = CARTESIAN_POINT('',(3.086302838478,4.179561615299));
#1719 = CARTESIAN_POINT('',(3.046837888615,4.189574902236));
#1720 = CARTESIAN_POINT('',(3.007774651398,4.205634362718));
#1721 = CARTESIAN_POINT('',(2.96929180922,4.227312808913));
#1722 = CARTESIAN_POINT('',(2.931532796737,4.254150651237));
#1723 = CARTESIAN_POINT('',(2.87963177674,4.298513337484));
#1724 = CARTESIAN_POINT('',(2.864791885783,4.312091978558));
#1725 = CARTESIAN_POINT('',(2.850093315528,4.326421694889));
#1726 = CARTESIAN_POINT('',(2.835541732148,4.341475657658));
#1727 = CARTESIAN_POINT('',(2.821142136835,4.357228551425));
#1728 = CARTESIAN_POINT('',(2.806898890247,4.373657069778));
#1729 = CARTESIAN_POINT('',(2.792815740081,4.390740285859));
#1730 = CARTESIAN_POINT('',(2.764084767994,4.427313975536));
#1731 = CARTESIAN_POINT('',(2.749458898961,4.446888067858));
#1732 = CARTESIAN_POINT('',(2.735021999508,4.467160114189));
#1733 = CARTESIAN_POINT('',(2.720777612018,4.488110809844));
#1734 = CARTESIAN_POINT('',(2.706729046009,4.509723715797));
#1735 = CARTESIAN_POINT('',(2.69287935858,4.531985396074));
#1736 = CARTESIAN_POINT('',(2.679231335723,4.554885582755));
#1737 = CARTESIAN_POINT('',(2.634787557593,4.632678818639));
#1738 = CARTESIAN_POINT('',(2.604898303229,4.690254630257));
#1739 = CARTESIAN_POINT('',(2.576118758528,4.751100166686));
#1740 = CARTESIAN_POINT('',(2.548478062483,4.815228912134));
#1741 = CARTESIAN_POINT('',(2.522024939775,4.882687370375));
#1742 = CARTESIAN_POINT('',(2.49681630652,4.953579608158));
#1743 = CARTESIAN_POINT('',(2.472910791108,5.028068963065));
#1744 = CARTESIAN_POINT('',(2.436378766655,5.155217157036));
#1745 = CARTESIAN_POINT('',(2.422925580873,5.205396751109));
#1746 = CARTESIAN_POINT('',(2.410023563609,5.257143352923));
#1747 = CARTESIAN_POINT('',(2.397698922212,5.310524420231));
#1748 = CARTESIAN_POINT('',(2.385986195717,5.365597676573));
#1749 = CARTESIAN_POINT('',(2.374925434259,5.422415303564));
#1750 = CARTESIAN_POINT('',(2.364561073219,5.481031221986));
#1751 = CARTESIAN_POINT('',(2.35494292639,5.541514176625));
#1752 = ( GEOMETRIC_REPRESENTATION_CONTEXT(2) 
PARAMETRIC_REPRESENTATION_CONTEXT() REPRESENTATION_CONTEXT('2D SPACE',''
  ) );
#1753 = ORIENTED_EDGE('',*,*,#296,.T.);
#1754 = ORIENTED_EDGE('',*,*,#1335,.F.);
#1755 = ORIENTED_EDGE('',*,*,#1756,.F.);
#1756 = EDGE_CURVE('',#1546,#1100,#1757,.T.);
#1757 = SURFACE_CURVE('',#1758,(#1763,#1770),.PCURVE_S1.);
#1758 = CIRCLE('',#1759,19.46);
#1759 = AXIS2_PLACEMENT_3D('',#1760,#1761,#1762);
#1760 = CARTESIAN_POINT('',(0.,0.,26.));
#1761 = DIRECTION('',(0.,0.,1.));
#1762 = DIRECTION('',(1.,0.,0.));
#1763 = PCURVE('',#313,#1764);
#1764 = DEFINITIONAL_REPRESENTATION('',(#1765),#1769);
#1765 = CIRCLE('',#1766,19.46);
#1766 = AXIS2_PLACEMENT_2D('',#1767,#1768);
#1767 = CARTESIAN_POINT('',(1.250230978322E-15,-2.32193833596E-15));
#1768 = DIRECTION('',(1.,0.));
#1769 = ( GEOMETRIC_REPRESENTATION_CONTEXT(2) 
PARAMETRIC_REPRESENTATION_CONTEXT() REPRESENTATION_CONTEXT('2D SPACE',''
  ) );
#1770 = PCURVE('',#803,#1771);
#1771 = DEFINITIONAL_REPRESENTATION('',(#1772),#1776);
#1772 = LINE('',#1773,#1774);
#1773 = CARTESIAN_POINT('',(-0.,-0.));
#1774 = VECTOR('',#1775,1.);
#1775 = DIRECTION('',(-1.,-0.));
#1776 = ( GEOMETRIC_REPRESENTATION_CONTEXT(2) 
PARAMETRIC_REPRESENTATION_CONTEXT() REPRESENTATION_CONTEXT('2D SPACE',''
  ) );
#1777 = ADVANCED_FACE('',(#1778),#169,.T.);
#1778 = FACE_BOUND('',#1779,.T.);
#1779 = EDGE_LOOP('',(#1780,#1781,#1803,#1804,#1805,#1806,#1807,#2041));
#1780 = ORIENTED_EDGE('',*,*,#107,.F.);
#1781 = ORIENTED_EDGE('',*,*,#1782,.T.);
#1782 = EDGE_CURVE('',#108,#1051,#1783,.T.);
#1783 = SEAM_CURVE('',#1784,(#1789,#1796),.PCURVE_S1.);
#1784 = CIRCLE('',#1785,63.);
#1785 = AXIS2_PLACEMENT_3D('',#1786,#1787,#1788);
#1786 = CARTESIAN_POINT('',(-3.429011037613E-15,0.,67.895));
#1787 = DIRECTION('',(1.,0.,0.));
#1788 = DIRECTION('',(-0.,0.,1.));
#1789 = PCURVE('',#169,#1790);
#1790 = DEFINITIONAL_REPRESENTATION('',(#1791),#1795);
#1791 = LINE('',#1792,#1793);
#1792 = CARTESIAN_POINT('',(0.,0.));
#1793 = VECTOR('',#1794,1.);
#1794 = DIRECTION('',(1.,0.));
#1795 = ( GEOMETRIC_REPRESENTATION_CONTEXT(2) 
PARAMETRIC_REPRESENTATION_CONTEXT() REPRESENTATION_CONTEXT('2D SPACE',''
  ) );
#1796 = PCURVE('',#169,#1797);
#1797 = DEFINITIONAL_REPRESENTATION('',(#1798),#1802);
#1798 = LINE('',#1799,#1800);
#1799 = CARTESIAN_POINT('',(0.,6.28318530718));
#1800 = VECTOR('',#1801,1.);
#1801 = DIRECTION('',(1.,0.));
#1802 = ( GEOMETRIC_REPRESENTATION_CONTEXT(2) 
PARAMETRIC_REPRESENTATION_CONTEXT() REPRESENTATION_CONTEXT('2D SPACE',''
  ) );
#1803 = ORIENTED_EDGE('',*,*,#1074,.T.);
#1804 = ORIENTED_EDGE('',*,*,#1782,.F.);
#1805 = ORIENTED_EDGE('',*,*,#204,.T.);
#1806 = ORIENTED_EDGE('',*,*,#1545,.T.);
#1807 = ORIENTED_EDGE('',*,*,#1808,.F.);
#1808 = EDGE_CURVE('',#578,#1546,#1809,.T.);
#1809 = SURFACE_CURVE('',#1810,(#1885,#1963),.PCURVE_S1.);
#1810 = B_SPLINE_CURVE_WITH_KNOTS('',7,(#1811,#1812,#1813,#1814,#1815,
    #1816,#1817,#1818,#1819,#1820,#1821,#1822,#1823,#1824,#1825,#1826,
    #1827,#1828,#1829,#1830,#1831,#1832,#1833,#1834,#1835,#1836,#1837,
    #1838,#1839,#1840,#1841,#1842,#1843,#1844,#1845,#1846,#1847,#1848,
    #1849,#1850,#1851,#1852,#1853,#1854,#1855,#1856,#1857,#1858,#1859,
    #1860,#1861,#1862,#1863,#1864,#1865,#1866,#1867,#1868,#1869,#1870,
    #1871,#1872,#1873,#1874,#1875,#1876,#1877,#1878,#1879,#1880,#1881,
    #1882,#1883,#1884),.UNSPECIFIED.,.F.,.F.,(8,6,6,6,6,6,6,6,6,6,6,6,8)
  ,(0.,0.144363180637,0.243656413239,0.338213076951,0.395010916264,
    0.457032364894,0.501074508466,0.543547062219,0.605614809283,
    0.662459143979,0.754323386868,0.853523256198,1.),.UNSPECIFIED.);
#1811 = CARTESIAN_POINT('',(13.178310880092,14.318649459626,26.));
#1812 = CARTESIAN_POINT('',(12.965723780449,14.303981319484,
    26.621487107284));
#1813 = CARTESIAN_POINT('',(12.723155189217,14.316771837938,
    27.238206997449));
#1814 = CARTESIAN_POINT('',(12.451633076396,14.354717146894,
    27.848837306974));
#1815 = CARTESIAN_POINT('',(12.151992496939,14.41497654943,
    28.452212217745));
#1816 = CARTESIAN_POINT('',(11.824754776429,14.494496665239,29.047276337
    ));
#1817 = CARTESIAN_POINT('',(11.470039421707,14.590286561103,
    29.633051745135));
#1818 = CARTESIAN_POINT('',(10.823980389481,14.774622742191,
    30.604388770883));
#1819 = CARTESIAN_POINT('',(10.547462233988,14.856083458166,
    30.995306693765));
#1820 = CARTESIAN_POINT('',(10.257514449043,14.94295927215,
    31.381001481176));
#1821 = CARTESIAN_POINT('',(9.953844024605,15.034341304647,
    31.761068322225));
#1822 = CARTESIAN_POINT('',(9.63604946534,15.129338786743,
    32.135004130619));
#1823 = CARTESIAN_POINT('',(9.30357287599,15.227073371184,
    32.502188706013));
#1824 = CARTESIAN_POINT('',(8.624243478538,15.421509601873,
    33.204352103829));
#1825 = CARTESIAN_POINT('',(8.278926706584,15.518010809035,
    33.539933468655));
#1826 = CARTESIAN_POINT('',(7.91890912858,15.615431078897,33.86800490749
    ));
#1827 = CARTESIAN_POINT('',(7.543371469845,15.712983602079,
    34.187667105893));
#1828 = CARTESIAN_POINT('',(7.151429509857,15.809817304978,
    34.497715859264));
#1829 = CARTESIAN_POINT('',(6.742062555081,15.904994649912,
    34.796601852454));
#1830 = CARTESIAN_POINT('',(6.056817992431,16.05300830935,
    35.253981875059));
#1831 = CARTESIAN_POINT('',(5.792966055067,16.10756354002,
    35.420841078139));
#1832 = CARTESIAN_POINT('',(5.522138618134,16.160901542483,
    35.582491042106));
#1833 = CARTESIAN_POINT('',(5.244097700639,16.212762283545,
    35.738396168713));
#1834 = CARTESIAN_POINT('',(4.958645169624,16.262855710869,
    35.887921660251));
#1835 = CARTESIAN_POINT('',(4.665629649069,16.310863450385,
    36.030339560972));
#1836 = CARTESIAN_POINT('',(4.036624482237,16.406209208028,
    36.311699354728));
#1837 = CARTESIAN_POINT('',(3.699190830936,16.453075429212,
    36.449104471557));
#1838 = CARTESIAN_POINT('',(3.352562899883,16.496585930779,
    36.575975803459));
#1839 = CARTESIAN_POINT('',(2.996896238151,16.536232215087,
    36.691061998655));
#1840 = CARTESIAN_POINT('',(2.632629282305,16.571469303221,
    36.79298860369));
#1841 = CARTESIAN_POINT('',(2.260565185938,16.601760726836,
    36.880380852539));
#1842 = CARTESIAN_POINT('',(1.613172603051,16.644323700559,
    37.00295221785));
#1843 = CARTESIAN_POINT('',(1.341055743114,16.659274314834,
    37.045925696631));
#1844 = CARTESIAN_POINT('',(1.066186122098,16.671332890509,
    37.080537650164));
#1845 = CARTESIAN_POINT('',(0.789169978185,16.68036011955,
    37.106424504315));
#1846 = CARTESIAN_POINT('',(0.510685903468,16.686255713541,
    37.123323474422));
#1847 = CARTESIAN_POINT('',(0.23148994625,16.688968047071,
    37.131098802449));
#1848 = CARTESIAN_POINT('',(-0.316702949445,16.688056100154,
    37.128484613676));
#1849 = CARTESIAN_POINT('',(-0.585765760582,16.684654098955,
    37.118732309929));
#1850 = CARTESIAN_POINT('',(-0.854021328132,16.678301531031,
    37.100520939248));
#1851 = CARTESIAN_POINT('',(-1.120798391703,16.669051869454,
    37.073991026598));
#1852 = CARTESIAN_POINT('',(-1.38549642448,16.656999843253,
    37.039390675094));
#1853 = CARTESIAN_POINT('',(-1.647581235276,16.6422729538,
    36.997052475526));
#1854 = CARTESIAN_POINT('',(-2.285072180151,16.599814563129,
    36.874766975793));
#1855 = CARTESIAN_POINT('',(-2.656987682695,16.569216959029,
    36.7864774906));
#1856 = CARTESIAN_POINT('',(-3.021050461477,16.533691042053,
    36.683695515921));
#1857 = CARTESIAN_POINT('',(-3.376472106854,16.493775306207,
    36.56780017566));
#1858 = CARTESIAN_POINT('',(-3.722826655185,16.450015258579,
    36.440166168212));
#1859 = CARTESIAN_POINT('',(-4.059968992601,16.402918915487,
    36.302042283394));
#1860 = CARTESIAN_POINT('',(-4.688420087688,16.307164100206,
    36.019371370081));
#1861 = CARTESIAN_POINT('',(-4.981172248238,16.258974295654,
    35.876354132728));
#1862 = CARTESIAN_POINT('',(-5.266356734168,16.208713457709,
    35.726259253714));
#1863 = CARTESIAN_POINT('',(-5.544128467001,16.156699293516,
    35.569811776424));
#1864 = CARTESIAN_POINT('',(-5.814687843126,16.103221169506,
    35.40764349291));
#1865 = CARTESIAN_POINT('',(-6.078274116005,16.048538522381,
    35.240287184879));
#1866 = CARTESIAN_POINT('',(-6.750301556407,15.902930199564,
    34.790019391379));
#1867 = CARTESIAN_POINT('',(-7.147808993149,15.810460193751,
    34.499526959315));
#1868 = CARTESIAN_POINT('',(-7.528868495726,15.716430999331,
    34.198500690637));
#1869 = CARTESIAN_POINT('',(-7.894418818959,15.62170299343,
    33.888363513158));
#1870 = CARTESIAN_POINT('',(-8.245276975799,15.527058901806,
    33.570228564589));
#1871 = CARTESIAN_POINT('',(-8.582200387199,15.433223062346,
    33.244934160603));
#1872 = CARTESIAN_POINT('',(-9.255415253341,15.241155243132,
    32.554641727021));
#1873 = CARTESIAN_POINT('',(-9.589409620787,15.143199092821,
    32.188649612367));
#1874 = CARTESIAN_POINT('',(-9.908686149123,15.047884930126,
    31.815851150764));
#1875 = CARTESIAN_POINT('',(-10.21381401893,14.956088455078,
    31.436877469318));
#1876 = CARTESIAN_POINT('',(-10.5052054002,14.868696504365,
    31.052239381412));
#1877 = CARTESIAN_POINT('',(-10.78316399599,14.786613269864,
    30.662346570241));
#1878 = CARTESIAN_POINT('',(-11.43877853331,14.598756801538,
    29.684499507986));
#1879 = CARTESIAN_POINT('',(-11.80073228081,14.500361038202,
    29.090834953627));
#1880 = CARTESIAN_POINT('',(-12.13440383775,14.418534953142,
    28.487548255261));
#1881 = CARTESIAN_POINT('',(-12.43968541912,14.356400476485,
    27.875660436237));
#1882 = CARTESIAN_POINT('',(-12.71604318921,14.317152626897,
    27.25627086893));
#1883 = CARTESIAN_POINT('',(-12.96260928901,14.303766424992,
    26.63059215777));
#1884 = CARTESIAN_POINT('',(-13.17831088009,14.318649459626,26.));
#1885 = PCURVE('',#169,#1886);
#1886 = DEFINITIONAL_REPRESENTATION('',(#1887),#1962);
#1887 = B_SPLINE_CURVE_WITH_KNOTS('',7,(#1888,#1889,#1890,#1891,#1892,
    #1893,#1894,#1895,#1896,#1897,#1898,#1899,#1900,#1901,#1902,#1903,
    #1904,#1905,#1906,#1907,#1908,#1909,#1910,#1911,#1912,#1913,#1914,
    #1915,#1916,#1917,#1918,#1919,#1920,#1921,#1922,#1923,#1924,#1925,
    #1926,#1927,#1928,#1929,#1930,#1931,#1932,#1933,#1934,#1935,#1936,
    #1937,#1938,#1939,#1940,#1941,#1942,#1943,#1944,#1945,#1946,#1947,
    #1948,#1949,#1950,#1951,#1952,#1953,#1954,#1955,#1956,#1957,#1958,
    #1959,#1960,#1961),.UNSPECIFIED.,.F.,.F.,(8,6,6,6,6,6,6,6,6,6,6,6,8)
  ,(0.,0.144363180637,0.243656413239,0.338213076951,0.395010916264,
    0.457032364894,0.501074508466,0.543547062219,0.605614809283,
    0.662459143979,0.754323386868,0.853523256198,1.),.UNSPECIFIED.);
#1888 = CARTESIAN_POINT('',(3.470921068099,1.915108294709));
#1889 = CARTESIAN_POINT('',(3.475147306226,1.96009372797));
#1890 = CARTESIAN_POINT('',(3.480057628504,2.004839608185));
#1891 = CARTESIAN_POINT('',(3.485625985365,2.049403219104));
#1892 = CARTESIAN_POINT('',(3.491810305418,2.093857340769));
#1893 = CARTESIAN_POINT('',(3.498556619685,2.138292820045));
#1894 = CARTESIAN_POINT('',(3.505804762448,2.182822615661));
#1895 = CARTESIAN_POINT('',(3.518775845545,2.258400477026));
#1896 = CARTESIAN_POINT('',(3.524267744399,2.289312985264));
#1897 = CARTESIAN_POINT('',(3.529944600582,2.320389874827));
#1898 = CARTESIAN_POINT('',(3.535783099401,2.35168453432));
#1899 = CARTESIAN_POINT('',(3.541757492853,2.383254639758));
#1900 = CARTESIAN_POINT('',(3.547839035602,2.4151665774));
#1901 = CARTESIAN_POINT('',(3.559857362136,2.478295971264));
#1902 = CARTESIAN_POINT('',(3.565785528819,2.509465223046));
#1903 = CARTESIAN_POINT('',(3.571752468943,2.54108719092));
#1904 = CARTESIAN_POINT('',(3.577724925337,2.573238004851));
#1905 = CARTESIAN_POINT('',(3.583662318061,2.605995963201));
#1906 = CARTESIAN_POINT('',(3.589515046627,2.639449472566));
#1907 = CARTESIAN_POINT('',(3.598650375976,2.694289425764));
#1908 = CARTESIAN_POINT('',(3.602025277941,2.715155761905));
#1909 = CARTESIAN_POINT('',(3.60533371434,2.736332375988));
#1910 = CARTESIAN_POINT('',(3.608559943317,2.757840107204));
#1911 = CARTESIAN_POINT('',(3.611685776994,2.779697444928));
#1912 = CARTESIAN_POINT('',(3.614690666562,2.801920721097));
#1913 = CARTESIAN_POINT('',(3.620676041061,2.849206700434));
#1914 = CARTESIAN_POINT('',(3.623628611184,2.874340318322));
#1915 = CARTESIAN_POINT('',(3.626379547318,2.899941134561));
#1916 = CARTESIAN_POINT('',(3.628894637813,2.926009661898));
#1917 = CARTESIAN_POINT('',(3.631136618259,2.952530535499));
#1918 = CARTESIAN_POINT('',(3.633068403654,2.979467820797));
#1919 = CARTESIAN_POINT('',(3.635787379389,3.026133720124));
#1920 = CARTESIAN_POINT('',(3.636744095394,3.045689267082));
#1921 = CARTESIAN_POINT('',(3.63751681383,3.065393679585));
#1922 = CARTESIAN_POINT('',(3.63809584344,3.085214805233));
#1923 = CARTESIAN_POINT('',(3.638474181723,3.105116460385));
#1924 = CARTESIAN_POINT('',(3.638648216482,3.125057548855));
#1925 = CARTESIAN_POINT('',(3.638589699888,3.164214410392));
#1926 = CARTESIAN_POINT('',(3.638371410022,3.183434742323));
#1927 = CARTESIAN_POINT('',(3.63796380697,3.202610528131));
#1928 = CARTESIAN_POINT('',(3.637370629505,3.221705305893));
#1929 = CARTESIAN_POINT('',(3.636598489306,3.240687072189));
#1930 = CARTESIAN_POINT('',(3.635656254307,3.259527554251));
#1931 = CARTESIAN_POINT('',(3.632944271585,3.305490837931));
#1932 = CARTESIAN_POINT('',(3.630993232603,3.33242547953));
#1933 = CARTESIAN_POINT('',(3.628733244911,3.358941015337));
#1934 = CARTESIAN_POINT('',(3.626201522372,3.385002398016));
#1935 = CARTESIAN_POINT('',(3.623435347859,3.410595003022));
#1936 = CARTESIAN_POINT('',(3.620468877512,3.435719976043));
#1937 = CARTESIAN_POINT('',(3.614459043086,3.482991252643));
#1938 = CARTESIAN_POINT('',(3.611443384058,3.50520832198));
#1939 = CARTESIAN_POINT('',(3.608307755675,3.527059730754));
#1940 = CARTESIAN_POINT('',(3.605072639831,3.548562024268));
#1941 = CARTESIAN_POINT('',(3.601756154527,3.569733829689));
#1942 = CARTESIAN_POINT('',(3.598373976569,3.590596066021));
#1943 = CARTESIAN_POINT('',(3.589388539706,3.644424487137));
#1944 = CARTESIAN_POINT('',(3.58370244783,3.676918851972));
#1945 = CARTESIAN_POINT('',(3.577936564571,3.708756686418));
#1946 = CARTESIAN_POINT('',(3.572136425817,3.740019285509));
#1947 = CARTESIAN_POINT('',(3.566339485261,3.770778940107));
#1948 = CARTESIAN_POINT('',(3.560576590206,3.801105843317));
#1949 = CARTESIAN_POINT('',(3.548713910284,3.863428472002));
#1950 = CARTESIAN_POINT('',(3.542625728481,3.895354974245));
#1951 = CARTESIAN_POINT('',(3.536641451146,3.926933120698));
#1952 = CARTESIAN_POINT('',(3.530790044134,3.958229778123));
#1953 = CARTESIAN_POINT('',(3.525097403346,3.989303034156));
#1954 = CARTESIAN_POINT('',(3.519586943377,4.020206688324));
#1955 = CARTESIAN_POINT('',(3.506443341287,4.096449113769));
#1956 = CARTESIAN_POINT('',(3.499051850842,4.141638525206));
#1957 = CARTESIAN_POINT('',(3.492173365249,4.186724014516));
#1958 = CARTESIAN_POINT('',(3.485871048137,4.23182436863));
#1959 = CARTESIAN_POINT('',(3.480201614291,4.277035058883));
#1960 = CARTESIAN_POINT('',(3.475209222412,4.322432523477));
#1961 = CARTESIAN_POINT('',(3.470921068099,4.368077012471));
#1962 = ( GEOMETRIC_REPRESENTATION_CONTEXT(2) 
PARAMETRIC_REPRESENTATION_CONTEXT() REPRESENTATION_CONTEXT('2D SPACE',''
  ) );
#1963 = PCURVE('',#803,#1964);
#1964 = DEFINITIONAL_REPRESENTATION('',(#1965),#2040);
#1965 = B_SPLINE_CURVE_WITH_KNOTS('',7,(#1966,#1967,#1968,#1969,#1970,
    #1971,#1972,#1973,#1974,#1975,#1976,#1977,#1978,#1979,#1980,#1981,
    #1982,#1983,#1984,#1985,#1986,#1987,#1988,#1989,#1990,#1991,#1992,
    #1993,#1994,#1995,#1996,#1997,#1998,#1999,#2000,#2001,#2002,#2003,
    #2004,#2005,#2006,#2007,#2008,#2009,#2010,#2011,#2012,#2013,#2014,
    #2015,#2016,#2017,#2018,#2019,#2020,#2021,#2022,#2023,#2024,#2025,
    #2026,#2027,#2028,#2029,#2030,#2031,#2032,#2033,#2034,#2035,#2036,
    #2037,#2038,#2039),.UNSPECIFIED.,.F.,.F.,(8,6,6,6,6,6,6,6,6,6,6,6,8)
  ,(0.,0.144363180637,0.243656413239,0.338213076951,0.395010916264,
    0.457032364894,0.501074508466,0.543547062219,0.605614809283,
    0.662459143979,0.754323386868,0.853523256198,1.),.UNSPECIFIED.);
#1966 = CARTESIAN_POINT('',(-0.826845853999,0.));
#1967 = CARTESIAN_POINT('',(-0.834373506708,-0.621487107284));
#1968 = CARTESIAN_POINT('',(-0.844130014247,-1.238206997449));
#1969 = CARTESIAN_POINT('',(-0.856069573855,-1.848837306974));
#1970 = CARTESIAN_POINT('',(-0.870131540925,-2.452212217746));
#1971 = CARTESIAN_POINT('',(-0.886256765185,-3.047276337));
#1972 = CARTESIAN_POINT('',(-0.90440414305,-3.633051745135));
#1973 = CARTESIAN_POINT('',(-0.938446733522,-4.604388770883));
#1974 = CARTESIAN_POINT('',(-0.953274353006,-4.995306693765));
#1975 = CARTESIAN_POINT('',(-0.969056614378,-5.381001481176));
#1976 = CARTESIAN_POINT('',(-0.985799858972,-5.761068322225));
#1977 = CARTESIAN_POINT('',(-1.003517705486,-6.135004130619));
#1978 = CARTESIAN_POINT('',(-1.022234207128,-6.502188706013));
#1979 = CARTESIAN_POINT('',(-1.060802211402,-7.204352103829));
#1980 = CARTESIAN_POINT('',(-1.080551663184,-7.539933468656));
#1981 = CARTESIAN_POINT('',(-1.101275233272,-7.86800490749));
#1982 = CARTESIAN_POINT('',(-1.123016164417,-8.187667105893));
#1983 = CARTESIAN_POINT('',(-1.145822796844,-8.497715859264));
#1984 = CARTESIAN_POINT('',(-1.169752455618,-8.796601852454));
#1985 = CARTESIAN_POINT('',(-1.209973317801,-9.253981875059));
#1986 = CARTESIAN_POINT('',(-1.225495775356,-9.420841078139));
#1987 = CARTESIAN_POINT('',(-1.241462731684,-9.582491042106));
#1988 = CARTESIAN_POINT('',(-1.257887812036,-9.738396168713));
#1989 = CARTESIAN_POINT('',(-1.274782267094,-9.887921660251));
#1990 = CARTESIAN_POINT('',(-1.292154440866,-10.03033956097));
#1991 = CARTESIAN_POINT('',(-1.329506114394,-10.31169935472));
#1992 = CARTESIAN_POINT('',(-1.349576695104,-10.44910447155));
#1993 = CARTESIAN_POINT('',(-1.370225110069,-10.57597580345));
#1994 = CARTESIAN_POINT('',(-1.391440569009,-10.69106199865));
#1995 = CARTESIAN_POINT('',(-1.4131947027,-10.79298860369));
#1996 = CARTESIAN_POINT('',(-1.435436440285,-10.88038085253));
#1997 = CARTESIAN_POINT('',(-1.474167016238,-11.00295221785));
#1998 = CARTESIAN_POINT('',(-1.490455199152,-11.04592569663));
#1999 = CARTESIAN_POINT('',(-1.506915327638,-11.08053765016));
#2000 = CARTESIAN_POINT('',(-1.523509460532,-11.10642450431));
#2001 = CARTESIAN_POINT('',(-1.540195136948,-11.12332347442));
#2002 = CARTESIAN_POINT('',(-1.556925153373,-11.13109880244));
#2003 = CARTESIAN_POINT('',(-1.589773576834,-11.12848461367));
#2004 = CARTESIAN_POINT('',(-1.605895953651,-11.11873230992));
#2005 = CARTESIAN_POINT('',(-1.621968026274,-11.10052093924));
#2006 = CARTESIAN_POINT('',(-1.63794788261,-11.07399102659));
#2007 = CARTESIAN_POINT('',(-1.653797946024,-11.03939067509));
#2008 = CARTESIAN_POINT('',(-1.66948477794,-10.99705247552));
#2009 = CARTESIAN_POINT('',(-1.707621362467,-10.87476697579));
#2010 = CARTESIAN_POINT('',(-1.729853038956,-10.7864774906));
#2011 = CARTESIAN_POINT('',(-1.751593602491,-10.68369551592));
#2012 = CARTESIAN_POINT('',(-1.772792892824,-10.56780017566));
#2013 = CARTESIAN_POINT('',(-1.793423311477,-10.44016616821));
#2014 = CARTESIAN_POINT('',(-1.813474709278,-10.30204228339));
#2015 = CARTESIAN_POINT('',(-1.850789662563,-10.01937137008));
#2016 = CARTESIAN_POINT('',(-1.868144276944,-9.876354132728));
#2017 = CARTESIAN_POINT('',(-1.885020809012,-9.726259253714));
#2018 = CARTESIAN_POINT('',(-1.901427818374,-9.569811776424));
#2019 = CARTESIAN_POINT('',(-1.917376691186,-9.40764349291));
#2020 = CARTESIAN_POINT('',(-1.932881126126,-9.240287184879));
#2021 = CARTESIAN_POINT('',(-1.972319626323,-8.790019391379));
#2022 = CARTESIAN_POINT('',(-1.99555457941,-8.499526959315));
#2023 = CARTESIAN_POINT('',(-2.01772944822,-8.198500690637));
#2024 = CARTESIAN_POINT('',(-2.038896960831,-7.888363513158));
#2025 = CARTESIAN_POINT('',(-2.059101831138,-7.570228564589));
#2026 = CARTESIAN_POINT('',(-2.078384134111,-7.244934160603));
#2027 = CARTESIAN_POINT('',(-2.116642395739,-6.554641727021));
#2028 = CARTESIAN_POINT('',(-2.135465356919,-6.188649612367));
#2029 = CARTESIAN_POINT('',(-2.153288668336,-5.815851150764));
#2030 = CARTESIAN_POINT('',(-2.170137183442,-5.436877469318));
#2031 = CARTESIAN_POINT('',(-2.186025272111,-5.052239381412));
#2032 = CARTESIAN_POINT('',(-2.200959997458,-4.662346570241));
#2033 = CARTESIAN_POINT('',(-2.235587206354,-3.684499507986));
#2034 = CARTESIAN_POINT('',(-2.254150633005,-3.090834953627));
#2035 = CARTESIAN_POINT('',(-2.270634663244,-2.487548255262));
#2036 = CARTESIAN_POINT('',(-2.284997118395,-1.875660436237));
#2037 = CARTESIAN_POINT('',(-2.297176354994,-1.25627086893));
#2038 = CARTESIAN_POINT('',(-2.307108863567,-0.63059215777));
#2039 = CARTESIAN_POINT('',(-2.314746799591,0.));
#2040 = ( GEOMETRIC_REPRESENTATION_CONTEXT(2) 
PARAMETRIC_REPRESENTATION_CONTEXT() REPRESENTATION_CONTEXT('2D SPACE',''
  ) );
#2041 = ORIENTED_EDGE('',*,*,#577,.T.);
#2042 = ADVANCED_FACE('',(#2043),#560,.T.);
#2043 = FACE_BOUND('',#2044,.F.);
#2044 = EDGE_LOOP('',(#2045,#2068,#2069,#2070));
#2045 = ORIENTED_EDGE('',*,*,#2046,.T.);
#2046 = EDGE_CURVE('',#2047,#544,#2049,.T.);
#2047 = VERTEX_POINT('',#2048);
#2048 = CARTESIAN_POINT('',(18.,0.,-54.));
#2049 = SEAM_CURVE('',#2050,(#2054,#2061),.PCURVE_S1.);
#2050 = LINE('',#2051,#2052);
#2051 = CARTESIAN_POINT('',(18.,0.,-54.));
#2052 = VECTOR('',#2053,1.);
#2053 = DIRECTION('',(0.,0.,1.));
#2054 = PCURVE('',#560,#2055);
#2055 = DEFINITIONAL_REPRESENTATION('',(#2056),#2060);
#2056 = LINE('',#2057,#2058);
#2057 = CARTESIAN_POINT('',(-0.,0.));
#2058 = VECTOR('',#2059,1.);
#2059 = DIRECTION('',(-0.,-1.));
#2060 = ( GEOMETRIC_REPRESENTATION_CONTEXT(2) 
PARAMETRIC_REPRESENTATION_CONTEXT() REPRESENTATION_CONTEXT('2D SPACE',''
  ) );
#2061 = PCURVE('',#560,#2062);
#2062 = DEFINITIONAL_REPRESENTATION('',(#2063),#2067);
#2063 = LINE('',#2064,#2065);
#2064 = CARTESIAN_POINT('',(-6.28318530718,0.));
#2065 = VECTOR('',#2066,1.);
#2066 = DIRECTION('',(-0.,-1.));
#2067 = ( GEOMETRIC_REPRESENTATION_CONTEXT(2) 
PARAMETRIC_REPRESENTATION_CONTEXT() REPRESENTATION_CONTEXT('2D SPACE',''
  ) );
#2068 = ORIENTED_EDGE('',*,*,#543,.T.);
#2069 = ORIENTED_EDGE('',*,*,#2046,.F.);
#2070 = ORIENTED_EDGE('',*,*,#2071,.F.);
#2071 = EDGE_CURVE('',#2047,#2047,#2072,.T.);
#2072 = SURFACE_CURVE('',#2073,(#2078,#2085),.PCURVE_S1.);
#2073 = CIRCLE('',#2074,18.);
#2074 = AXIS2_PLACEMENT_3D('',#2075,#2076,#2077);
#2075 = CARTESIAN_POINT('',(0.,0.,-54.));
#2076 = DIRECTION('',(0.,0.,1.));
#2077 = DIRECTION('',(1.,0.,0.));
#2078 = PCURVE('',#560,#2079);
#2079 = DEFINITIONAL_REPRESENTATION('',(#2080),#2084);
#2080 = LINE('',#2081,#2082);
#2081 = CARTESIAN_POINT('',(-0.,0.));
#2082 = VECTOR('',#2083,1.);
#2083 = DIRECTION('',(-1.,0.));
#2084 = ( GEOMETRIC_REPRESENTATION_CONTEXT(2) 
PARAMETRIC_REPRESENTATION_CONTEXT() REPRESENTATION_CONTEXT('2D SPACE',''
  ) );
#2085 = PCURVE('',#2086,#2091);
#2086 = PLANE('',#2087);
#2087 = AXIS2_PLACEMENT_3D('',#2088,#2089,#2090);
#2088 = CARTESIAN_POINT('',(-6.077511700175E-16,4.807142605466E-16,-54.)
  );
#2089 = DIRECTION('',(0.,0.,1.));
#2090 = DIRECTION('',(1.,0.,-0.));
#2091 = DEFINITIONAL_REPRESENTATION('',(#2092),#2096);
#2092 = CIRCLE('',#2093,18.);
#2093 = AXIS2_PLACEMENT_2D('',#2094,#2095);
#2094 = CARTESIAN_POINT('',(6.077511700175E-16,-4.807142605466E-16));
#2095 = DIRECTION('',(1.,0.));
#2096 = ( GEOMETRIC_REPRESENTATION_CONTEXT(2) 
PARAMETRIC_REPRESENTATION_CONTEXT() REPRESENTATION_CONTEXT('2D SPACE',''
  ) );
#2097 = ADVANCED_FACE('',(#2098),#803,.T.);
#2098 = FACE_BOUND('',#2099,.T.);
#2099 = EDGE_LOOP('',(#2100,#2120,#2121,#2122,#2123,#2124,#2125,#2126));
#2100 = ORIENTED_EDGE('',*,*,#2101,.F.);
#2101 = EDGE_CURVE('',#787,#2102,#2104,.T.);
#2102 = VERTEX_POINT('',#2103);
#2103 = CARTESIAN_POINT('',(16.,0.,39.895));
#2104 = SEAM_CURVE('',#2105,(#2108,#2114),.PCURVE_S1.);
#2105 = B_SPLINE_CURVE_WITH_KNOTS('',1,(#2106,#2107),.UNSPECIFIED.,.F.,
  .F.,(2,2),(0.,1.),.PIECEWISE_BEZIER_KNOTS.);
#2106 = CARTESIAN_POINT('',(19.46,0.,26.));
#2107 = CARTESIAN_POINT('',(16.,0.,39.895));
#2108 = PCURVE('',#803,#2109);
#2109 = DEFINITIONAL_REPRESENTATION('',(#2110),#2113);
#2110 = B_SPLINE_CURVE_WITH_KNOTS('',1,(#2111,#2112),.UNSPECIFIED.,.F.,
  .F.,(2,2),(0.,1.),.PIECEWISE_BEZIER_KNOTS.);
#2111 = CARTESIAN_POINT('',(0.,0.));
#2112 = CARTESIAN_POINT('',(0.,-13.895));
#2113 = ( GEOMETRIC_REPRESENTATION_CONTEXT(2) 
PARAMETRIC_REPRESENTATION_CONTEXT() REPRESENTATION_CONTEXT('2D SPACE',''
  ) );
#2114 = PCURVE('',#803,#2115);
#2115 = DEFINITIONAL_REPRESENTATION('',(#2116),#2119);
#2116 = B_SPLINE_CURVE_WITH_KNOTS('',1,(#2117,#2118),.UNSPECIFIED.,.F.,
  .F.,(2,2),(0.,1.),.PIECEWISE_BEZIER_KNOTS.);
#2117 = CARTESIAN_POINT('',(-6.28318530718,0.));
#2118 = CARTESIAN_POINT('',(-6.28318530718,-13.895));
#2119 = ( GEOMETRIC_REPRESENTATION_CONTEXT(2) 
PARAMETRIC_REPRESENTATION_CONTEXT() REPRESENTATION_CONTEXT('2D SPACE',''
  ) );
#2120 = ORIENTED_EDGE('',*,*,#786,.T.);
#2121 = ORIENTED_EDGE('',*,*,#1808,.T.);
#2122 = ORIENTED_EDGE('',*,*,#1756,.T.);
#2123 = ORIENTED_EDGE('',*,*,#1099,.F.);
#2124 = ORIENTED_EDGE('',*,*,#815,.T.);
#2125 = ORIENTED_EDGE('',*,*,#2101,.T.);
#2126 = ORIENTED_EDGE('',*,*,#2127,.F.);
#2127 = EDGE_CURVE('',#2102,#2102,#2128,.T.);
#2128 = SURFACE_CURVE('',#2129,(#2134,#2141),.PCURVE_S1.);
#2129 = CIRCLE('',#2130,16.);
#2130 = AXIS2_PLACEMENT_3D('',#2131,#2132,#2133);
#2131 = CARTESIAN_POINT('',(0.,0.,39.895));
#2132 = DIRECTION('',(0.,0.,1.));
#2133 = DIRECTION('',(1.,0.,0.));
#2134 = PCURVE('',#803,#2135);
#2135 = DEFINITIONAL_REPRESENTATION('',(#2136),#2140);
#2136 = LINE('',#2137,#2138);
#2137 = CARTESIAN_POINT('',(-0.,-13.895));
#2138 = VECTOR('',#2139,1.);
#2139 = DIRECTION('',(-1.,-0.));
#2140 = ( GEOMETRIC_REPRESENTATION_CONTEXT(2) 
PARAMETRIC_REPRESENTATION_CONTEXT() REPRESENTATION_CONTEXT('2D SPACE',''
  ) );
#2141 = PCURVE('',#2142,#2147);
#2142 = PLANE('',#2143);
#2143 = AXIS2_PLACEMENT_3D('',#2144,#2145,#2146);
#2144 = CARTESIAN_POINT('',(0.,0.,39.895));
#2145 = DIRECTION('',(0.,0.,1.));
#2146 = DIRECTION('',(1.,0.,0.));
#2147 = DEFINITIONAL_REPRESENTATION('',(#2148),#2152);
#2148 = CIRCLE('',#2149,16.);
#2149 = AXIS2_PLACEMENT_2D('',#2150,#2151);
#2150 = CARTESIAN_POINT('',(0.,0.));
#2151 = DIRECTION('',(1.,0.));
#2152 = ( GEOMETRIC_REPRESENTATION_CONTEXT(2) 
PARAMETRIC_REPRESENTATION_CONTEXT() REPRESENTATION_CONTEXT('2D SPACE',''
  ) );
#2153 = ADVANCED_FACE('',(#2154),#2086,.F.);
#2154 = FACE_BOUND('',#2155,.F.);
#2155 = EDGE_LOOP('',(#2156));
#2156 = ORIENTED_EDGE('',*,*,#2071,.T.);
#2157 = ADVANCED_FACE('',(#2158),#2142,.T.);
#2158 = FACE_BOUND('',#2159,.T.);
#2159 = EDGE_LOOP('',(#2160));
#2160 = ORIENTED_EDGE('',*,*,#2127,.T.);
#2161 = ( GEOMETRIC_REPRESENTATION_CONTEXT(3) 
GLOBAL_UNCERTAINTY_ASSIGNED_CONTEXT((#2165)) 
GLOBAL_UNIT_ASSIGNED_CONTEXT((#2162,#2163,#2164)) REPRESENTATION_CONTEXT
('Context #1','3D Context with UNIT and UNCERTAINTY') );
#2162 = ( LENGTH_UNIT() NAMED_UNIT(*) SI_UNIT(.MILLI.,.METRE.) );
#2163 = ( NAMED_UNIT(*) PLANE_ANGLE_UNIT() SI_UNIT($,.RADIAN.) );
#2164 = ( NAMED_UNIT(*) SI_UNIT($,.STERADIAN.) SOLID_ANGLE_UNIT() );
#2165 = UNCERTAINTY_MEASURE_WITH_UNIT(LENGTH_MEASURE(5.E-07),#2162,
  'distance_accuracy_value','confusion accuracy');
#2166 = PRODUCT_RELATED_PRODUCT_CATEGORY('part',$,(#7));
ENDSEC;
END-ISO-10303-21;
