$MeshFormat
4.1 0 8
$EndMeshFormat
$Entities
4 6 5 1
1 18.425 10.471568650398 9.875 0 
2 15.625 17.330139930191 1.475 0 
3 8.300000000000001 2.204540768505 6.5 0 
4 14.325 -12.55363493176 24.575 0 
1 -20.57918058972728 -21.3752114613493 -10.81463879029398 23.37918058972728 14.5166401815573 19.21463879029399 0 2 1 -1 
2 15.6249999 10.47156855039662 1.4749999 18.42500009999966 17.330140030191 9.875000099998989 0 2 2 -1 
3 -23.37918058972728 -14.5166401815573 -19.21463879029399 20.57918058972728 21.3752114613493 10.81463879029398 0 2 2 -2 
4 -7.507861796277133 -10.70252435828236 -1.885228115449544 10.30786179627713 3.843953078490358 10.28522811544954 0 2 3 -3 
5 8.299999900000001 -12.55363503176537 6.499999900000001 14.32500009999868 2.204540868505 24.57500009999605 0 2 3 -4 
6 -1.482861796277135 -25.46070005854636 16.18977188455045 16.33286179627714 -10.91422262177364 28.36022811544954 0 2 4 -4 
1 -23.37918058972728 -21.37521146135167 -19.21463879029398 23.37918058972694 21.3752114613493 19.21463879029297 0 4 -1 -2 3 2 
2 -20.57918058972728 -21.3752114613493 -10.81463879029398 23.37918058972728 14.5166401815573 19.21463879029399 0 2 1 -4 
3 -23.37918058972728 -14.5166401815573 -19.21463879029399 20.57918058972728 21.3752114613493 10.81463879029398 0 1 3 
4 -7.507861796277135 -25.46070005855273 -1.885228115449543 16.33286179627582 3.843953078490358 28.36022811544559 0 4 4 5 -6 -5 
5 -1.482861796277135 -25.46070005854636 16.18977188455045 16.33286179627714 -10.91422262177364 28.36022811544954 0 1 6 
1 -23.37918058972728 -25.46070005855273 -19.21463879029399 23.37918058972728 21.37521146134929 28.36022811544954 0 5 1 2 -3 4 5 
$EndEntities
$Nodes
16 768 1 768
0 1 0 1
1
18.425 10.471568650398 9.875
0 2 0 1
2
15.625 17.330139930191 1.475
0 3 0 1
3
8.300000000000001 2.204540768505 6.5
0 4 0 1
4
14.325 -12.55363493176 24.575
1 1 0 35
5
6
7
8
9
10
11
12
13
14
15
16
17
18
19
20
21
22
23
24
25
26
27
28
29
30
31
32
33
34
35
36
37
38
39
15.75249397950877 12.23129025519767 12.20264201387118
12.64389469216325 13.51517318605873 14.28712779967956
9.193655354281606 14.28420730980304 16.06512131162763
5.506609742240014 14.51502591373068 17.48259911656298
1.694786871225252 14.20061569136114 18.49649186866104
-2.125992949702326 13.35052983820189 19.07599294970377
-5.839637259091729 11.99059778273696 19.2034945125854
-9.333308853796849 10.16214037231283 18.87512248683668
-12.5008542902957 7.920714360101149 18.1008542902957
-15.24602930335558 5.334424341266685 16.90421567031578
-17.48542313933028 2.481853429305802 15.32156588583662
-19.15099294970162 -0.5503244520920672 13.4009929497002
-20.1921312386005 -3.669978112356713 11.20085249871422
-20.57720354596011 -6.782318453641901 8.787994687157116
-20.2945096445773 -9.792778589597905 6.235732978668062
-19.35263904559559 -12.60988721236 3.621616553752785
-17.78021001055553 -15.14804790195133 1.025074017175587
-15.62499999999929 -17.33013993018995 -1.475000000003569
-12.95249397950876 -19.08986153498967 -3.802642013871178
-9.843894692163266 -20.37374446585072 -5.887127799679548
-6.393655354281615 -21.14277858959504 -7.665121311627627
-2.706609742240028 -21.37359719352268 -9.082599116562982
1.10521312877475 -21.05918697115314 -10.09649186866104
4.925992949702309 -20.20910111799389 -10.67599294970377
8.639637259091691 -18.84916906252898 -10.8034945125854
12.13330885379681 -17.02071165210486 -10.47512248683668
15.30085429029566 -14.77928563989318 -9.70085429029572
18.04602930335553 -12.19299562105874 -8.504215670315805
20.28542313933023 -9.340424709097872 -6.921565885836658
21.95099294970159 -6.308246827700007 -5.000992949700248
22.99213123860048 -3.188593167435386 -2.800852498714296
23.3772035459601 -0.07625282615019868 -0.387994687157196
23.09450964457731 2.934207309805828 2.16426702133187
22.15263904559561 5.751315932567964 4.778383446247174
20.58021001055554 8.289476622159313 7.374925982824392
1 2 0 2
40
41
16.55833333333322 15.04394950359287 4.274999999999669
17.49166666666645 12.75775907699474 7.074999999999342
1 3 0 35
42
43
44
45
46
47
48
49
50
51
52
53
54
55
56
57
58
59
60
61
62
63
64
65
66
67
68
69
70
71
72
73
74
75
76
12.95249397950876 19.08986153498967 3.802642013871176
9.843894692163252 20.37374446585073 5.887127799679557
6.393655354281606 21.14277858959504 7.665121311627632
2.706609742240014 21.37359719352268 9.082599116562985
-1.105213128774748 21.05918697115314 10.09649186866103
-4.925992949702326 20.20910111799389 10.67599294970377
-8.63963725909173 18.84916906252896 10.8034945125854
-12.13330885379685 17.02071165210483 10.47512248683667
-15.3008542902957 14.77928563989315 9.700854290295705
-18.04602930335558 12.19299562105868 8.504215670315777
-20.28542313933027 9.340424709097801 6.921565885836617
-21.95099294970162 6.308246827699932 5.000992949700197
-22.9921312386005 3.188593167435287 2.800852498714222
-23.37720354596011 0.07625282615009921 0.3879946871571169
-23.0945096445773 -2.934207309805906 -2.164267021331939
-22.15263904559559 -5.751315932568003 -4.778383446247215
-20.58021001055553 -8.289476622159334 -7.374925982824413
-18.42499999999929 -10.47156865039795 -9.87500000000357
-15.75249397950876 -12.23129025519767 -12.20264201387118
-12.64389469216327 -13.51517318605872 -14.28712779967955
-9.193655354281615 -14.28420730980304 -16.06512131162763
-5.506609742240029 -14.51502591373068 -17.48259911656298
-1.69478687122525 -14.20061569136114 -18.49649186866104
2.125992949702308 -13.35052983820189 -19.07599294970376
5.83963725909169 -11.99059778273698 -19.2034945125854
9.333308853796806 -10.16214037231286 -18.87512248683668
12.50085429029565 -7.920714360101185 -18.10085429029572
15.24602930335553 -5.334424341266738 -16.90421567031581
17.48542313933023 -2.481853429305872 -15.32156588583666
19.1509929497016 0.5503244520919925 -13.40099294970025
20.19213123860048 3.669978112356614 -11.2008524987143
20.57720354596011 6.782318453641802 -8.787994687157196
20.29450964457732 9.792778589597829 -6.23573297866813
19.35263904559562 12.60988721235996 -3.621616553752826
17.78021001055554 15.14804790195131 -1.025074017175609
1 4 0 15
77
78
79
80
81
82
83
84
85
86
87
88
89
90
91
5.618796747011329 3.536035057426297 8.480894952093578
2.295319932778214 3.807122410969551 9.810062454138837
-1.164461225124984 2.976532236970854 10.28514880288424
-4.233826408401798 1.17071436010283 9.833826408401777
-6.445492591763003 -1.335411817661179 8.524805014003707
-7.462753647595727 -4.160311303846965 6.557371260678658
-7.130740801643888 -6.873918759460366 4.231049102538973
-5.499999999999705 -9.063112048297079 1.899999999998546
-2.818796747011315 -10.3946063372183 -0.0808949520935851
0.5046800672217997 -10.66569369076155 -1.41006245413884
3.964461225124989 -9.835103516762853 -1.885148802884241
7.033826408401794 -8.029285639894834 -1.433826408401779
9.245492591762998 -5.523159462130827 -0.1248050140037105
10.26275364759573 -2.698259975945044 1.842628739321334
9.930740801643891 0.01534747966835726 4.168950897461018
1 5 0 6
92
93
94
95
96
97
9.160714285714096 0.09622995418066393 9.082142857142289
10.02142857142819 -2.012080860143672 11.66428571428458
10.88214285714229 -4.120391674468006 14.24642857142686
11.74285714285639 -6.228702488792344 16.82857142856916
12.60357142857048 -8.337013303116683 19.41071428571145
13.46428571428458 -10.44532411744103 21.99285714285375
1 6 0 15
98
99
100
101
102
103
104
105
106
107
108
109
110
111
112
11.64379674701133 -11.2221406428377 26.55589495209358
8.320319932778213 -10.95105328929445 27.88506245413883
4.860538774875016 -11.78164346329315 28.36014880288424
1.791173591598201 -13.58746134016117 27.90882640840178
-0.4204925917630034 -16.09358751792518 26.59980501400371
-1.437753647595728 -18.91848700411096 24.63237126067866
-1.105740801643889 -21.63209445972436 22.30604910253897
0.5250000000002952 -23.82128774856108 19.97499999999854
3.206203252988685 -25.1527820374823 17.99410504790641
6.5296800672218 -25.42386939102555 16.66493754586116
9.989461225124989 -24.59327921702685 16.18985119711576
13.05882640840179 -22.78746134015883 16.64117359159822
15.270492591763 -20.28133516239483 17.95019498599629
16.28775364759573 -17.45643567620904 19.91762873932133
15.95574080164389 -14.74282822059564 22.24395089746102
2 1 0 107
113
114
115
116
117
118
119
120
121
122
123
124
125
126
127
128
129
130
131
132
133
134
135
136
137
138
139
140
141
142
143
144
145
146
147
148
149
150
151
152
153
154
155
156
157
158
159
160
161
162
163
164
165
166
167
168
169
170
171
172
173
174
175
176
177
178
179
180
181
182
183
184
185
186
187
188
189
190
191
192
193
194
195
196
197
198
199
200
201
202
203
204
205
206
207
208
209
210
211
212
213
214
215
216
217
218
219
14.27031853383214 15.70355746654974 8.065128135230513
19.2328657242457 11.65157718955284 3.10284145388554
21.69563662126452 -2.655678097324512 -6.501113183577735
-21.37318549539298 -6.201907898974826 4.981070305647498
-19.49910844296652 -11.82110286527259 -0.2530694812831138
20.76106036804477 9.133240079708061 -2.362211934826596
9.587240048987239 -15.89252376097171 -13.25142626088681
-15.20539937459806 -16.17774948091872 -5.213875823987054
-10.09871978055191 -16.06366489980233 -12.64880531769902
10.09871978055086 16.0636648998005 12.64880531769778
-1.665520033617417 -19.18655516012892 -12.21146556680458
1.665520033617178 19.18655516012689 12.21146556680311
-4.85979200049208 14.82984339902796 16.62756487452252
-12.90771540578874 13.84985396454464 12.71181243364448
14.78819928008815 -8.763765682132336 -14.98410225223251
-17.29000382621814 6.033947434146063 13.5891498349068
-21.69563662126437 2.655678097324394 6.501113183577623
19.24732020689286 -3.073904549553532 -11.83871954597534
18.37717299247791 -8.696957155564066 -10.32764233613337
4.859792000492584 -14.82984339902954 -16.62756487452409
-18.71533859863805 -11.52723480204243 -6.072619380563788
-21.84822953430293 -6.47023035829088 -0.8992955639479949
21.32429669952557 3.135231227196206 -7.447311099105383
22.46285060321089 3.545315795966128 -1.693760865332726
-2.75268919987537 -16.52354543870963 -15.47297306557767
-9.008963008744693 -18.73316372156054 -9.379296941130516
-20.60583393587406 -0.01390854335567271 9.770541779788402
-18.37717299247713 8.696957155563638 10.32764233613281
2.752689199875102 16.5235454387077 15.47297306557608
-11.82054623952961 11.18684424312645 15.97331993241787
9.01155061429372 18.72667462121959 9.387297818924463
-5.946961166750794 17.49285312044679 13.36605737574953
2.167981781462267 -18.60851132742722 -13.00333287995771
5.960520936276513 -17.4487830847885 -13.40863542941598
-5.425556862518441 -19.23576222551673 -10.98261443543306
-12.28408613758336 -17.72207930847986 -7.42966299407326
-14.56566175756477 -15.13594153535226 -8.647002388727554
12.90771540578935 -13.84985396454575 -12.71181243364578
10.42047802005558 -12.82515009373143 -15.61361498806345
15.87795981439398 -11.43332889468858 -11.71466493985049
-17.62672460091103 -14.19827764347281 -2.793763951911667
-20.78229582710472 -9.077818711003799 2.334360723911708
20.33711297902144 -5.743343366697513 -8.569340104990022
-21.32429669952583 -3.135231227196311 7.447311099105362
-22.29003437970238 -2.586756895267253 3.649502185931746
22.41146586578351 0.4722215057789101 -4.185803600330765
21.37568143695338 6.208325517383489 -4.955268364107368
-6.519071233803505 -16.55907282955023 -14.26051619293609
1.078189797263417 -15.93907330802649 -16.27271323494496
-20.33973780271785 5.749770245363331 8.56146675849909
-15.87536844634637 11.42677540354956 11.72259475345794
20.60575616757903 0.01517197658887071 -9.770949757103029
-2.167984575128993 18.60851070586214 13.00333330367394
5.429276504827454 19.22851062254906 10.99113656801864
-20.58627760922341 -9.158093143854622 -3.514576980057573
17.28659548356381 -6.027358323107157 -13.59829106201522
-9.564384506736662 15.89256882260996 13.26523849804827
-19.24665129334885 3.07377085590173 11.84007538102603
21.84822953430189 6.470230358290523 0.8992955639480913
-14.78557606890805 8.757336749418181 14.99197445910528
-8.477215340477683 13.22955910119143 16.52674599682143
-1.078189797253718 15.93907330802924 16.27271323493901
6.51644567108462 16.56550090112973 14.25264406679208
13.24414718584914 15.02639353243246 10.92708844962976
12.09184522259721 17.84894537200618 7.470182559877101
20.70810234086327 8.932099668166625 3.463133294619614
19.55580037761193 11.75465150774182 0.006227404858669239
-22.0022721138564 -5.266894922928257 2.009846370097177
7.811950994612866 -14.59874932376444 -15.54765521139538
-12.84164082629776 -14.99901540700271 -11.50980410713854
-16.97061622628692 -12.82521514115823 -8.358578489129908
12.36477993417811 -10.40554645711948 -16.1613926684524
-22.43541018619465 0.4869160478838044 4.33232909822378
15.7737627058456 13.52017763515737 9.581607439035697
19.44744436432257 10.51597066868076 5.873082499483419
18.03395635291169 13.97829475667911 1.63261943612267
14.34863163271854 17.01102158090624 5.30621421965169
20.55125378151674 -2.878974998524602 -9.200406036127735
16.64560017787915 -8.762658842700203 -12.70550304675279
-0.2953645764156589 -17.62970333267236 -14.29672411297399
-7.793226228803709 -17.71454408815801 -11.86383393519261
4.106749572998901 17.94364163051642 13.28346092596771
7.793226228802832 17.71454408815607 11.86383393519131
0.2945469839048822 17.62960362104835 14.29686393584438
-3.526138050249946 16.78022433748515 14.87549737210823
-7.240034662299356 15.42084078028491 15.00231882658212
-19.18063913603441 -11.71771112359803 -3.176213359261075
-10.7336913765485 13.59199537766739 14.67431539078154
-20.75306817107451 -9.179550434006634 -0.5796708226839593
-13.90121606281481 11.35002676702583 13.90047065816035
-16.64640435046003 8.76380155735883 12.70366107798476
21.59198326203784 0.2410944529879728 -7.001295069838469
-18.88534273030121 5.910891682855351 11.12183391403749
21.97711738423596 3.353442061692402 -4.588108318914558
21.69441191597682 6.363957987345914 -2.035320700823086
-20.55056382422229 2.877910049346354 9.20228032613694
18.88551527568955 -5.910559617263649 -11.12171740249267
3.52539170117265 -16.77999183112185 -14.87593652516845
-4.106563024920085 -17.94456496984688 -13.28227120396824
20.77398432660466 9.134891493743149 0.5341653512741589
11.2071383622886 16.9560319886949 10.10856216120668
-21.58419209905296 -0.2601393133474428 7.024669917356957
-17.01706086045312 -13.92030113118201 -5.651182581361188
13.90866785919022 -11.36800649192485 -13.87833847461664
-11.23604321694903 -16.96286893264751 -10.06495416951487
7.764543238934717 -12.77966241234021 -17.38995236935507
-22.69732390788209 -3.246097493104011 0.5501634061820253
2 2 0 86
220
221
222
223
224
225
226
227
228
229
230
231
232
233
234
235
236
237
238
239
240
241
242
243
244
245
246
247
248
249
250
251
252
253
254
255
256
257
258
259
260
261
262
263
264
265
266
267
268
269
270
271
272
273
274
275
276
277
278
279
280
281
282
283
284
285
286
287
288
289
290
291
292
293
294
295
296
297
298
299
300
301
302
303
304
305
13.13123848821894 -0.06756520947889921 3.034420408065055
-9.887450302381096 -2.508597887363277 8.714221836172285
2.527607603069642 -12.64545021918008 -3.700836069278405
4.854900835488015 6.164857545931648 10.8819514963326
10.50477871851228 -7.950748439222979 -2.526685155947717
-6.110311688294745 -11.93951674982292 -0.2451373747308443
-4.137638374666075 4.00473505387078 12.1157319372306
-15.54081617458085 -12.29547698999047 2.607723801654736
16.68483564886581 6.871017581817378 7.515217146762034
19.15725684159829 -4.710884756418967 -2.765506910627445
-3.874572937977599 -18.78392642687949 -6.578820724623763
-0.1446556029311048 11.36290003529351 16.79265422922141
-17.94952332918463 -7.788653199478155 7.09043240232094
-13.67360026831552 2.796263651675342 14.30767313373857
12.13545002182243 10.34407849815992 11.86742138599151
9.024709566451309 -15.73682872124379 -8.390636701028306
11.77351862303017 2.673828280062009 5.725332107649742
15.38347357784394 2.217109829476854 4.149104736028973
-9.032216035786705 -9.567938505600551 2.6652162689106
8.913011231854608 5.086020015425403 8.648380875841918
6.957252327616196 -10.88972013812164 -3.743836702577269
-7.737128890057241 1.108191884953219 10.95054451509611
14.35898369131398 -11.96217701713109 -7.086737865380456
-11.91135569060989 -15.97020787472503 -1.60250156288521
-9.050614952414049 7.151680236356842 16.32286077834764
12.49888849810698 -4.930803432110194 -0.72561364291444
-10.41708942697837 -6.266596907609191 5.822374859876481
-2.0741584493311 -13.07709668928465 -2.519351918821511
0.2661529712455519 5.838446019254155 12.1450202222391
2.899508654765769 -18.66403322820101 -8.738955535407392
-17.25867897572532 -2.204941950210976 11.4192320950837
6.739116509184276 12.36953161566691 15.31997476881197
16.80941851565696 -0.08547308479893312 1.793738679948554
14.26065511822378 -6.861649991002719 -2.889398796585714
-2.877628318289977 6.899140847422998 14.05900101935881
-5.547975768816316 -14.68356563551492 -2.673089214290464
-0.06765652368175834 -15.29159440244098 -4.996315705302979
-13.12830181979267 -4.627622173460274 8.064329590807883
2.867656523681779 8.433023122648992 13.39631570530298
-12.95464953174783 -9.385165695218571 4.121927475661128
8.643416234972625 8.239711518048964 11.3132242039964
-11.75693392605114 0.2575797565065505 11.59595763252148
5.915469485758152 -14.17187720600633 -6.076445779287769
-10.43860399598879 -13.09548872739146 0.2537795605005404
12.71109915959986 5.806188150451495 7.970366386535598
11.06846428386515 -11.32502003527861 -5.469661565700554
-8.270260206618257 4.464982390699054 13.86906292478283
19.4074640325357 3.16502591373348 3.581744826267244
16.03069454041099 -4.357376306141433 -1.43468103591758
20.29117429289188 0.7820069660971041 1.341447916450108
17.11447441745293 4.656147997600323 5.563570781185012
14.46384211401723 8.876178449483207 9.892755317704665
-14.0913659545349 -14.34861821952711 0.4481909342271169
-8.695011332389072 -15.13425480474244 -1.992063525501764
-7.092103254283948 -17.62317705423948 -4.558562725113434
-15.45977905781473 0.09350702537564315 12.69627451911744
5.714522249770901 -17.19523759579571 -8.478026788468195
9.215947859726391 11.32187610968655 13.63895718000791
-11.68147325878029 5.133526178304455 15.55199765895064
-5.977553817258128 6.834900355724338 15.03985737718578
-3.718723634365379 9.642037658119962 16.57893199248967
11.88725985903623 -14.11026382918439 -8.01673545886592
14.00617044853739 -9.442982349752409 -4.912219618514849
17.46101470173778 -7.750669353173521 -4.682066594014969
-16.68892332007565 -9.83470895836075 4.999634867768931
-0.414637337423184 -18.10712524125629 -7.179526737445882
-16.65432659882792 -4.918456319371169 9.002206098066269
3.217406660796184 11.24878447839358 15.57879184593949
18.8706319865417 -2.015845427291265 -0.4694748945759857
-12.41370457537418 -11.55651193112995 2.168715712570727
8.739217014094297 -13.28181680588787 -6.290963681883691
-10.66683701577761 2.563159958795857 13.11509034798814
2.850748693848242 -15.66331730693504 -6.272627925051668
5.935708218810237 9.295973366634252 13.07822773065178
-13.64849699216234 -2.255357783109289 10.1746737453766
-14.34279682555007 -7.136585505048448 6.420601277478216
-3.159729858197386 -16.15138686069077 -4.6676421962664
-0.07322149312302573 8.795215399119432 14.67233713294789
14.69831816267065 -2.33240173102919 0.662829240374474
11.37336375245335 7.6704353263138 9.938429634014021
14.60947773539056 4.363929775874652 6.159974496281931
16.81011188061748 -10.21771118865071 -6.479430210648329
-6.891009476802592 9.142853827141559 17.228778715387
-10.2049411355418 -17.64242503725803 -3.536666010351889
16.72740530049271 -5.92014510168416 -2.94291333428643
19.46303060155892 5.975523206992486 5.857984067246212
2 3 0 112
306
307
308
309
310
311
312
313
314
315
316
317
318
319
320
321
322
323
324
325
326
327
328
329
330
331
332
333
334
335
336
337
338
339
340
341
342
343
344
345
346
347
348
349
350
351
352
353
354
355
356
357
358
359
360
361
362
363
364
365
366
367
368
369
370
371
372
373
374
375
376
377
378
379
380
381
382
383
384
385
386
387
388
389
390
391
392
393
394
395
396
397
398
399
400
401
402
403
404
405
406
407
408
409
410
411
412
413
414
415
416
417
17.12696420807845 7.551352577386142 -7.010001175209099
-19.92696420807847 -0.6927812975942245 -1.389998824790965
-0.4942641460217412 -11.59968919516545 -16.77301851900672
-3.117449379540246 18.24436770287814 8.468946977106075
11.9113556906105 15.9702078747256 1.602501562885469
13.67360026831549 -2.7962636516754 -14.30767313373861
-12.25882238480366 -10.40283284477355 -11.87426998812246
-14.38797837602761 12.32849625444057 7.395501165076348
15.77763821546023 12.45788133609576 -2.554061888625049
6.676349255664407 18.13231845363905 5.112859603138591
16.36070776836186 2.250347531339987 -11.082834857549
8.860435730985859 -6.951870754779106 -16.09632394599302
-8.94336006264068 15.58282750415432 8.237778732545788
-19.27848692921111 4.548525222900217 2.673350935832594
-17.01840930424598 -7.629295431310181 -8.023157199806285
-6.376102320234686 -12.10599348784264 -15.22580151814916
14.59044061450708 14.59748072357783 -0.4113537705392485
11.8579991559098 12.08112657492649 -1.555134509784629
8.566941185143827 13.51308005010304 0.7110699303336494
8.212359624882033 10.31726243740237 -1.78011037028533
5.079703846932299 11.61924897892392 0.3271757819311967
4.715265773878578 8.501854340387192 -2.096686924152746
1.601252884099609 9.770665737143348 -0.02270246026587497
1.24411988287306 6.662485994524329 -2.441476259281792
-1.877061914676772 7.928637361137518 -0.3672740649881985
-2.236290553209735 4.818938738388713 -2.78658947866812
0.8870153822783169 3.55379641628027 -4.860675837552993
-2.595460851291714 1.709226292909725 -5.205935625376971
-5.718808427352212 2.974328172829697 -3.131868407209896
0.5275862392748238 0.4439596365198408 -7.280037221137027
-6.078794777653451 -0.1358158885088288 -5.551294949385913
4.010839566156312 2.288931270322197 -6.934708632522086
-9.201986307059325 1.129370020378416 -3.477211137405902
-8.841835519897801 4.239603071070089 -1.057766748014063
3.650854545280535 -0.8211897921732247 -9.354116839363163
0.1676015061892269 -2.666180880403636 -9.699461408382154
7.134176883737569 1.02384253574292 -9.008761698070348
-1.518847818956145 11.03625260691998 2.050678459459368
-9.562074763776238 -1.980829355925265 -5.896648808589951
-12.32514757469662 2.39457235294216 -1.403124002806377
-11.96502364485738 5.504790897729817 1.016317495005191
-6.43889276827961 -3.246020050422963 -7.970733350034786
-8.481729477335055 7.349797795035565 1.361661262603138
7.470848697781273 4.120064660669264 -6.592930857288929
3.290777317143743 -3.931377745194174 -11.77354892633596
-0.1373646877797552 -5.705284259989172 -12.07922352891081
11.11530708965603 8.875699453015942 -3.924790773153879
-9.90358488128774 -5.067052515673092 -8.302702760667694
-6.78653443779587 -6.25222402136181 -10.30940805737311
10.52541347466902 2.970312769290666 -8.549887604477636
2.93066315737582 -7.041588566168629 -14.1929873743709
-12.90561128082504 -3.67043178209067 -6.161691240332059
-11.68824250152067 8.52426981145766 3.389451323135932
-8.060302281000894 10.41351405054558 3.722699378049216
10.25740343679216 -0.2413213014732616 -11.08283916315597
-15.23016330129134 6.626396606052879 3.020484606478284
5.53932712118926 14.71811022866993 2.704177639033433
6.413971602142059 -5.196563169126177 -13.84763326088249
-15.48680253730262 3.632652944487866 0.6616495546393404
-15.85464892093266 0.6790104842761582 -1.62737395419727
6.769255131722511 -2.086781102482044 -11.42693467922983
-12.66967293458585 -0.6681628605647254 -3.788995046292794
-16.3558197147664 -2.609244809444513 -4.14516622746068
-2.955610689765538 -1.401006144202005 -7.625379830012117
-3.315703486832505 -4.511205975306167 -10.04481642575585
-3.483598535920045 -7.400548208922542 -12.34798946427198
-5.359033907165584 6.084339887399002 -0.7124793156802403
-4.989244701765553 9.186193174527903 1.696910219334108
4.350113533154389 5.393889427965222 -4.512612235214746
-4.631597691464648 12.22471294534732 4.058635553189991
-1.006747385461937 14.15448938160356 4.426007980014393
1.998092477836178 12.87085205845387 2.376309206745066
9.656623482283125 -3.773966313177011 -13.76697175200809
2.830971868063731 16.05000789557078 4.69445261457913
7.781540801118927 7.217680519618705 -4.167302133874245
10.8059920270047 5.928825623595573 -6.227798158418038
14.23498279041006 4.811778912056731 -8.282859900261485
-7.401166242739126 13.03648840473184 5.644636957350206
-4.434146248211066 15.28116914713244 6.488404443952526
-11.05328068528136 11.84531152415508 5.889416587926209
-13.30821110585689 -7.025055469302684 -8.766530069563466
13.8854803169809 0.1234184441786197 -11.99438936796558
3.781828940670794 18.87228695372006 6.681881458447022
-18.45761461062959 7.226248965896094 4.586079110464616
-20.07850244947441 -3.559850155124324 -3.680437997117456
-10.00312215226561 -7.993077736412131 -10.65861325878426
-6.579583810332657 -9.297807866530915 -12.86510039637097
-3.330807649424009 -10.26342936609458 -14.73645243620482
8.590853865874946 16.12320980619807 2.834261058386636
-18.35948843301804 1.991872566324554 0.2795199510537216
13.86741999008984 7.676683840353475 -5.821153888183346
-0.2008536777741798 -8.778246562437158 -14.56712374551542
16.95501485231393 10.12365698097316 -4.852406972652747
17.67202483868194 5.004634607165372 -9.271074567350082
11.98750861504714 -5.355447884199892 -15.83520775847025
6.564296584061907 -9.431643303024247 -17.35567003747298
3.177617629678049 -9.94099472496344 -16.64266074718252
-6.04015506991934 17.60023666440527 8.917251416649734
-9.509196785680249 -11.26651540523683 -13.49600571212234
-12.36375645360844 14.31132651494959 8.339734652536148
-15.35258735488292 -9.55200853019641 -10.14831985427339
-15.55593604811578 9.416630730034274 5.407292144305877
0.3015584831042077 17.66273263627271 6.85437464632676
-18.68075263679112 -5.474467578991407 -5.709633181717868
-15.65376080849709 -5.281699014227893 -6.561235583776071
13.29563829003307 2.303293925620234 -10.01791448153711
13.91467586068597 10.24300963707297 -3.741509606479929
16.37372829946736 -0.5323536059317306 -13.35924099891098
-3.480514145829142 -12.5369507308389 -16.54287269171694
10.1636100053373 18.15679889733227 3.970427551822735
-21.08155826541387 1.803084128970548 1.032731448234045
5.534762332095323 -7.556843478337575 -15.48172430670303
2 4 0 114
418
419
420
421
422
423
424
425
426
427
428
429
430
431
432
433
434
435
436
437
438
439
440
441
442
443
444
445
446
447
448
449
450
451
452
453
454
455
456
457
458
459
460
461
462
463
464
465
466
467
468
469
470
471
472
473
474
475
476
477
478
479
480
481
482
483
484
485
486
487
488
489
490
491
492
493
494
495
496
497
498
499
500
501
502
503
504
505
506
507
508
509
510
511
512
513
514
515
516
517
518
519
520
521
522
523
524
525
526
527
528
529
530
531
12.75576514276862 -6.949579598313516 13.61119220173851
9.148418391707288 -3.999316598735865 17.21843220718093
-5.690596376370966 -9.958069563136299 5.371080063096529
6.327108051042645 -10.95229062431738 0.5447563653230882
-4.697655140851184 -1.912854996776669 11.59903857855396
4.041918859009323 -23.52681448082133 14.90485244136402
-2.218053642006302 -18.41556833703668 21.16482494238377
13.4577672890249 -19.78013599200895 14.84049144073662
2.469622141597215 -10.67611865130423 25.92150055451346
10.60237297248608 -6.230545037906552 2.946631020526304
1.381364883775811 1.554039336528019 12.58051743733549
-0.4312270077704303 -12.56988956216609 1.485414841022489
14.47328607800751 -11.15813394420355 18.77927880663778
10.86984696324751 -8.215938227422505 22.38271792139717
7.426989820382893 0.2173050298776311 12.05414649283303
11.03042893515121 -2.724890686906375 8.450707378068444
11.89697658693535 -4.845376194639998 11.02846987641604
12.8871025462655 -8.089787114185787 10.34287589671828
13.75819576324918 -10.22524637886763 12.95436734751702
12.92287081678215 -11.56216636764754 9.824837284637454
13.79856208305898 -13.62708839726371 12.43518479479091
12.03851227404268 -14.96091594499369 9.704807284865531
11.13772918650531 -12.80648757237497 7.035024794973422
9.435196244947866 -15.89849863954833 7.449223757956732
10.34782619081598 -18.0052110664464 10.07499129149119
7.181635716433423 -18.42444274221516 8.518536288594465
6.262579724360654 -16.24725842622936 5.840600980288607
3.731603850147066 -18.04857711994168 7.602147475814111
8.338161078108159 -20.72948184560717 11.42692148353075
2.81996208574152 -15.89395835618786 4.967281358812194
0.3604584023137649 -16.83890490794779 7.327817320131665
1.262226137450575 -19.03273493357462 10.00987661064124
-1.69110413212031 -17.01477364630941 10.2595283503053
-0.7929287087611021 -19.21115391589661 12.94647314793233
-3.049845829610249 -16.48614079307881 13.53822850203987
-3.947095448793582 -14.28908095835207 10.84962583114044
-4.401960537527446 -13.24182499653826 14.25028283833986
-5.298901392528514 -11.04377746822071 11.56191657462463
-4.74612590568251 -9.718817077869724 14.85444986048605
-3.851340922403712 -11.92035984378707 17.53886649069414
-3.201317484916674 -8.406821414914326 17.80973848516104
-2.309889987900305 -10.60283736777115 20.49072077046513
-0.798948678359559 -7.371944358687648 20.24350919784364
-1.686301159029758 -5.184423997191621 17.57010436422562
1.345189538837518 -4.667576393616862 19.36340616093726
0.5135759444903378 -2.505611589404324 16.74125812944352
2.251021005121473 -6.789596281844409 21.98229020408685
-5.643402594731823 -7.524286374216469 12.1626431385388
4.501019378835423 -4.915582063580773 20.55310917481946
5.578629263196053 -6.936635571941043 23.03996875490533
-2.150628979084393 -18.6859991871264 16.22420953158727
0.4713982300585484 -21.61004504398131 15.34892723821451
-2.992559153564274 -14.97096102934589 20.00730067349056
-1.543306867683913 -12.84565349422737 22.9825655194034
5.491865814484353 -13.77777995714749 2.909463964439439
8.084089048244662 -5.803410759145009 20.93570604750124
-2.641569005866508 -2.773746164400855 14.64669336666894
-1.089944942589052 -14.35232901432449 4.657375330736401
5.797091251926187 -9.24885629324868 25.81206337240275
3.586156166201083 -2.689788577926678 17.82667105171242
2.92638478013452 -0.5819245888773561 15.2552972688379
6.335262969095115 -1.474537695903957 15.62366168006048
-6.232113699351252 -8.61511227199462 9.065254177690191
0.4675757200171922 -9.551298189329284 23.28051841225888
-3.485385873897366 -15.62007377243028 16.60824272201538
2.327061892745164 -21.23594714236176 12.58290417501792
-4.845024877327658 -12.09079967152516 8.16086528662583
-2.673997253911829 -14.7914780629831 7.692824178304117
4.660365981997474 -20.20587141085098 10.23862821723016
8.536735058277529 -13.71374299674639 4.76781725406201
10.47732407482899 -10.12667938302867 4.414323189469126
-4.083964334310426 -6.211585377136823 15.14392144058686
12.06663143566324 -9.354738500397815 7.233345613113507
13.61538134929166 -9.055889844702479 16.19718044965017
-1.233338850972093 -20.901257237859 18.84472174729958
12.02545791288693 -5.950734590983755 7.787997754101751
8.910951950203 -8.871820358279804 1.357195745517861
-2.057717516741107 0.2283035555609128 12.51303173501758
10.78101968990851 -21.9473819052727 13.98684294128809
15.07652917776099 -17.25778526473073 16.3868521966548
7.504113047017407 -23.24198955677525 13.98611579688114
-3.462340384347238 -11.75689466020984 3.130089154008779
3.0268479183477 -12.2846574978016 0.5656142043077543
-6.34186300079967 -4.635137064620126 9.934325123455082
14.6139944395705 -12.32169604702318 15.52157746516126
13.24851544098499 -16.89637243289568 12.71735967682438
11.06919703089351 -3.654485733840056 4.871054448775215
4.229204164327538 2.059217860989239 11.61342502412633
8.794710227102833 -9.139988698988848 25.33222287718118
15.56521700222575 -14.59159688757371 18.43984164979139
-1.859333582745039 -15.82765229037521 23.42217834947898
1.879679466496318 -14.03374061561865 2.714935743684719
0.06542392892310001 -0.5263088510358735 14.48806770416601
-5.001263921508105 -4.663094615806719 12.75442320288901
6.553114829225672 -3.591788056077651 18.5276454821936
10.52470275123139 -6.302906134738242 19.4692739644751
5.16774223088288 -22.07993665784893 12.56896060619421
8.814921897791384 -2.091194914180349 14.29709634611071
3.301620403246818 -8.463828744374604 24.20757770175222
0.08250615592752242 -12.82941558432202 25.39452248164494
8.1483185943558 -11.71401095174983 2.702493166193669
11.3704983839184 -19.57830856607677 12.34507385111236
-3.542334277293748 -12.97295026644491 5.743529637242361
5.186149144712925 0.2908923977364957 13.67853173143233
11.47174310589929 -7.526940013668844 5.384420252424586
-6.93323614594145 -6.865777158296799 7.019277430571616
8.372714282613252 -7.480286637714681 23.18985140618501
1.228347701326225 -23.313183115777 17.32912440704391
7.122562989128596 1.719669234977502 9.821200449797812
10.28967028244834 -0.9580153294098133 6.639917211857774
14.51622817722066 -15.09905614232843 14.53562739067991
11.90083146582036 -9.984650386945676 24.15600587987057
14.97788759933382 -12.49705619928011 21.07894974635551
-2.743970176862513 -17.48759635717523 18.62868506136854
2 5 0 25
532
533
534
535
536
537
538
539
540
541
542
543
544
545
546
547
548
549
550
551
552
553
554
555
556
12.46821329379834 -15.08792646272094 23.1246885319633
2.367777821387395 -21.16280694816694 21.53138121018739
10.25759742372851 -22.02162933026692 18.20021580413128
5.329862894518251 -14.59242986143601 25.90870994586725
1.949092230335077 -17.74080579583122 24.46499531468529
13.05956253610588 -18.72551609983645 19.95749261633684
8.943877256861288 -13.32014070521575 25.74285823775852
5.606649944790572 -23.26581514503203 18.73465816664909
14.14918507278279 -16.57318523577572 21.3516558956426
10.3704701319535 -17.48940763556493 21.86313508578817
10.20422230497658 -20.01946326709317 19.85276925541337
7.228098163412636 -19.50825213060277 21.26221278101141
6.557474505935561 -17.04411760259434 23.49771141723594
4.105407758330383 -19.00996341453845 22.70996061568701
9.031312898539749 -15.55376900514907 23.88996315390612
11.28244003924208 -13.54752234953648 24.77768097514459
12.63599632260181 -20.77525912662041 18.42507318102142
6.863649714758191 -12.66131682980984 26.97419486016221
3.126562596765974 -23.05819028685539 19.73087893614085
0.7008149272174178 -19.80173744454423 23.19834410435736
8.049434946974065 -23.38007531167752 17.82710346385229
2.477931196804733 -15.69046204715357 25.9628143197178
4.885074383931624 -21.06555122727329 20.77169131959134
4.083953717184801 -16.81555574431072 24.50883832263866
7.705179527968997 -21.54346440199095 19.44144179844146
3 1 0 212
557
558
559
560
561
562
563
564
565
566
567
568
569
570
571
572
573
574
575
576
577
578
579
580
581
582
583
584
585
586
587
588
589
590
591
592
593
594
595
596
597
598
599
600
601
602
603
604
605
606
607
608
609
610
611
612
613
614
615
616
617
618
619
620
621
622
623
624
625
626
627
628
629
630
631
632
633
634
635
636
637
638
639
640
641
642
643
644
645
646
647
648
649
650
651
652
653
654
655
656
657
658
659
660
661
662
663
664
665
666
667
668
669
670
671
672
673
674
675
676
677
678
679
680
681
682
683
684
685
686
687
688
689
690
691
692
693
694
695
696
697
698
699
700
701
702
703
704
705
706
707
708
709
710
711
712
713
714
715
716
717
718
719
720
721
722
723
724
725
726
727
728
729
730
731
732
733
734
735
736
737
738
739
740
741
742
743
744
745
746
747
748
749
750
751
752
753
754
755
756
757
758
759
760
761
762
763
764
765
766
767
768
5.099572385491969 -12.01265202623022 14.9119789151476
2.408133220690785 -4.97876932255947 6.766263888360998
1.519195236318076 -1.263842067781004 1.372262414248736
-1.638595284686207 1.753918413733638 3.666176194019113
7.119994965652231 -16.50508415095367 15.29086648100167
2.645126125551573 -14.14163020816216 20.09555570896698
-4.348493262275246 -1.540916452373351 -0.1233970992428866
5.095336179396296 2.580289691415092 2.085870818596123
8.042634054721201 -5.383055931527656 11.26153989103311
15.43292356735398 -3.898901406339807 -7.592228500705253
-1.451701228563335 -8.761101049969959 11.09858566974069
15.43438274046318 5.81015698099583 2.527127355877398
5.446188465091313 -12.75221421062807 6.831934270973657
6.220168299043872 -2.294244184037203 -5.669989809706573
-0.7479157271127886 -5.951673020396074 -2.788715132954371
10.09452559989243 -10.85378220312476 17.93672217423281
1.978607539123866 8.719005295001351 4.94042538482965
-8.096344417963385 -8.205782468514775 -2.12360871041375
2.477210644779508 -7.700150308461398 -6.657524232541802
-8.842451750524129 0.5571025546472894 3.492913040473663
8.09392990510471 6.427702159397782 3.018437981877258
-5.010226619647944 6.285055796334048 5.453314820141649
9.692366596228778 1.793529663034306 -1.319835368673223
6.628888307164844 -9.789532781282654 -9.085596842741611
-16.91454225160618 -7.867445848564506 -1.558757857011268
10.88359829583565 12.67015388601151 7.471586027974899
-16.76690978922668 -0.6169720365077048 5.113981971133247
-0.5881381703700344 -13.82703557820504 -11.40817078263073
-3.738619032508073 -2.743047994440898 4.740336324038344
3.332885293984187 0.4328818178241954 5.845772624853772
-5.725032024512828 12.90261866884304 11.68465640161478
-6.221613444466291 -10.11201896248675 -6.454922359701242
17.22897852821524 2.922294261384434 -3.205208266068162
2.536448692899941 13.53518313500949 11.85535835691424
-10.23971832715321 -3.997797596773197 0.5681810877491774
0.8166604159916645 -16.07946836717029 15.7189872337751
-12.07742161771076 8.222937646908797 10.3384778532839
10.25388815381107 -5.353673863971703 -7.722903735281879
-0.1984288658440273 -7.197390838563584 1.989478971887077
3.5264341424077 -5.54345153916351 15.6338405173372
-2.446188441684775 10.01923334366704 8.385343069380228
5.959932485893058 -5.747838771337815 1.902369903007426
-12.15999860045645 2.870811843284276 7.577051083191746
-11.49007528803255 -12.6794233500891 -6.088546496118408
9.493917301053152 -10.58468960856893 12.03524109942624
7.064703680666243 -14.70428275984114 10.35075711122311
3.175868582860512 -3.179842592082628 11.84635760563307
11.26663543603166 -2.19814907147717 -4.447812905575086
0.9872614145062411 -13.48633903495313 10.1790044993118
0.6633028657674195 -9.065842559715344 17.29496716086652
7.415558544416913 -2.737442288671313 7.969094697356904
-0.3164986947257843 -11.40860708753038 6.306474400988254
-18.04729147134692 -5.147094587349141 1.531521282706811
5.074638516853242 -9.037534202478101 19.41047625387576
14.5623989241653 10.57345748003035 5.577561873420427
7.866306539934362 -11.30522495874112 22.4411389050955
10.96907136264572 -9.55407510215622 -10.93049083281876
-2.514746099890715 -4.768012180175679 9.608490811188821
6.961183479795348 -1.289976985696216 -0.08553730760005449
2.094089953636859 -18.8431493048653 19.04021610216837
-1.605554386844882 14.0084333101121 12.03257859786331
11.89983058563559 -15.40743156452316 18.04349943851279
17.99395527252429 -0.676266207105667 -5.656557533672475
7.529374422552753 -7.114266939908555 5.612166691288472
-2.156792112501059 1.233283659586602 -1.764203874828902
8.061645366774981 -6.828068608883986 15.52705023327366
3.608911599173445 -14.06632670378374 -12.25355791313159
3.757757325020472 -9.84911307595427 3.377921313721865
-1.634225767172482 6.925770394856263 3.231365681802179
3.991338264551525 -4.611083092956014 -2.013851058401062
-4.708474302534054 -14.1505290071188 -11.03589885643552
-16.93517645006346 3.185448024094029 7.807173832338972
4.942449627193565 -20.51867007041269 16.65528592927629
-2.272942373616699 -7.00221018535419 -7.70002093653714
-0.5586936786879745 -0.4383311814373053 9.036639108035613
-12.41108090527997 -2.64464348158258 4.636589704821349
3.51657478960622 1.195236553366237 -2.480818101398346
-7.098446820225351 8.909005667003575 8.438048947178297
-7.97913431454802 -14.93332089666781 -7.830359881738678
1.67052609492356 3.995039969888815 4.579800612302923
10.85820812766001 -13.95130292993639 13.73110721751898
5.975059530541052 9.975726603040863 8.622121593855081
-3.45960166609708 -7.069636213347147 6.002399065533825
-15.10507093544023 -12.34381713358264 -3.205233742335607
-5.214925922083085 2.780026577370978 1.350274753466848
11.38334951921704 -12.95070225822433 20.88520272382556
-3.998975081051959 -8.954391701233755 -3.048625520860564
-4.919485155362876 1.697333872403395 5.777449588972722
-0.5672461566423654 -1.466377681040442 -3.60188196582917
-10.05009966293114 12.59824845373474 10.74643159671308
3.57692132076292 -17.35371666392771 11.96881580589778
1.153456478117576 -15.17933471917538 23.41387060819289
5.824169851979842 15.459114101649 9.251299151155012
6.938571648682903 -6.632976856515395 -4.958868487694814
7.74980611515072 -15.44396582302132 19.75994173797842
6.638422261893622 10.98905843096927 4.241704704673802
11.98561939239141 6.235719480716082 -1.149751202680572
3.35222092688436 -12.19990187979005 -7.831581977148993
10.55746883431427 -19.01410398017789 16.50662343165648
13.38331639579249 2.72940781617045 0.8788592202076742
0.187184263177991 4.277472884974554 0.4070185742196559
6.677317003351567 -1.586554581636054 4.236292186789863
-12.65715617472495 -7.775569337064153 -3.637186467289386
-14.95408918094687 4.961109707821235 11.92082978319387
12.67610724758932 2.311984482788341 -4.66643227991
15.77802878986463 10.81248910537467 1.284082884421961
9.004030508142296 -9.592411352635123 7.769356901302807
4.210419166460946 7.128749061325844 1.67175300489204
1.992862790003275 8.94180522581067 9.738729944793709
-5.416081464721844 -4.024684832277394 -3.956036898080091
2.305773006572537 -3.147826085318627 -6.177747883966369
-1.374743513358937 -11.72831717286653 14.09155479013395
-14.6614593210202 -2.460067558909634 -0.5595283200128578
11.93052152467781 5.903139903682563 4.253387290147875
-8.731918793337748 5.269161612695373 4.64268466432042
8.548944028360211 -13.17488209003105 -10.53172193836876
18.14108555615589 7.107337090354026 -1.858529127776073
7.519134961940634 -10.38408210319087 -14.20477142806056
-13.1425441350575 1.431723913902158 2.784257238969978
4.071975119284557 -9.213790440417572 10.69122058786682
-1.222235416305436 -4.395343472879558 13.05883021873663
6.064148060405463 -5.476588437450442 -9.49576560885802
3.556263866335022 -12.56862585859358 23.92313318962256
5.209194565608114 6.020797420651727 6.219474523476819
-4.535016515090263 -5.966926591906837 0.3928169223945224
6.271686641446796 5.013344220199617 -1.188553934971271
7.320223913132034 0.9830203357272383 -4.718469459965771
11.66110431104077 10.26627459887486 1.733657932926748
4.505248255136647 -0.07769485229088062 9.373267709521441
-1.021551990229044 -11.16938113810551 -6.030691541469238
1.73486241899631 -9.173204920859661 -10.44472448869853
-7.954088051479527 4.477630431185204 9.186083858506008
2.125011886063954 12.51848710398771 6.76848620555804
-8.63038414714554 10.24765893630151 14.39694547390869
9.625784501346246 8.574700614131432 6.40715116733541
-1.363911750592396 4.784993686198356 7.556911276927808
9.233381158773552 3.040045896953744 2.476029455427792
18.41125608211072 7.664088094745847 3.615735028374222
14.35161381807573 -6.312137353858464 -11.11577808698426
-19.86165158962864 -0.9874584675934018 2.846573118961136
-12.36531910077647 8.144039098245813 14.59120442220914
12.99017624959443 -13.05064257170209 -10.29436036688716
1.650582082578718 -13.20023266109861 -15.72273864743511
-18.70754270233555 6.928924009372436 7.141762524380499
-17.55421026946454 -8.905204093200235 -5.131453224125638
-5.102532379503198 -14.20190293094904 -14.73277421448686
18.69626743719858 2.499455467899245 -8.269608680288499
13.18196129754466 12.4317071224074 10.82911989049386
-12.94655806948274 -15.85365658279608 -4.604529017960195
12.03113713664581 -8.028950391986095 -14.71235074541313
-4.346310103062835 16.83146799922802 11.26906137712757
-5.931747080092751 -17.95985736967624 -9.096464735028679
20.60651517478712 -2.849682790630179 -4.404842977142719
7.469392038033583 -15.94194705756805 -11.36778593980601
-18.11352006448285 -9.529415934475324 2.145124268827159
-17.87717374962043 1.312284745063776 11.62870240981268
10.53890893110122 16.58130747661096 6.266605986117854
16.50191458284454 -1.9885516590824 -11.80416576102048
8.538640115336845 -21.87381641714196 15.91177178598443
4.942086235724464 -23.32434962016808 16.82629940742832
4.98170052281908 14.79571971800741 14.28721684962259
20.57245599462517 2.528167570496923 -1.10694643940215
1.063137872041406 -17.59423641312429 -10.84568537298358
-18.54365696762635 -4.633766946595872 6.32294527585674
5.464755331150569 -12.06901106809995 -16.3092261971834
-13.30723425434254 12.19580777499566 10.17714593849695
17.92512757529824 -7.546368973552332 -8.336290968129788
0.4825750162262913 -20.99425253774417 20.22417817383072
6.692933009423796 -11.4849499715185 25.55497951421125
-1.249582944201105 13.72384681694304 16.28619664030159
-20.58168792761973 -5.309747305219895 -1.945781345943417
13.6260839784866 -13.46410273443866 22.20454163165846
-10.90947574929466 -13.0020341403864 -10.66069775052087
12.15916146827305 -12.1999933538385 23.66249570917292
0.1109240297856535 -17.65148610594923 22.10729281952885
15.97268497393148 14.29972035833138 1.215471701602961
-10.14348155123308 -17.66555888117886 -6.225567138605882
-17.43316856346134 -11.8823308185781 0.6550578016250163
-15.80848612712652 8.687157493822495 9.03655123965579
-2.12515210159569 -13.92211501149337 -15.26983595619263
-20.05897475721737 3.916895546522025 5.257647567264936
-0.3459594418553181 17.81554186143526 10.65581556373725
-18.62455532945691 -1.465050237128763 8.710962883247248
8.082721837657054 18.43061609857627 7.18470325523584
9.500356294557527 14.3996044120669 11.96912384693808
-3.616040775285474 12.44072021537054 15.82561968114638
-18.94055288959765 -7.320850870206646 4.860194709491626
18.89178873777928 -4.808580337102299 -6.026800261822133
4.852617243841084 -17.54639500210943 -11.25255130963025
15.37665812919776 -10.54919439832891 -9.468999529594161
2.445789006165592 -22.59223501208117 18.44509295623178
-13.18291274848429 -11.48178786028672 -9.384404036399516
-8.110713475435805 15.95411141340332 11.05337644639172
16.04352949266906 -3.962858106378027 -13.6123295609711
14.0415380476819 -14.51114809404553 19.99576885767675
17.17978798109745 9.584905235543443 7.314041623424163
9.615208406535206 -11.26433579605314 25.14110910323713
17.29852850814353 12.52568767983568 -0.7041793835701396
15.4882037739086 11.03932440266733 9.005762607480051
-7.956354453515901 -13.94912898521565 -12.71025267520396
-20.98712198514921 -2.565694559540304 -0.4040147279972228
19.27850923038554 5.519438187754083 -5.935674532471571
1.493752665401204 13.77313261980475 15.01181140442585
-2.207478787479964 -17.5381622406909 -10.16140742668851
18.29497082888656 -0.5049237301717411 -10.01166617640185
20.40571485490332 -0.5379800588983615 -2.509172331883971
20.74893752470308 4.819375527104452 1.530810666266377
-19.74128441948684 -7.047904955537536 -4.255029058982738
13.89964939371298 14.13434253102116 3.61190541007557
14.12194461188228 -17.19643515479573 18.54502291405227
-7.638407321464628 -18.33188375360654 -7.235067819188606
-15.4665424233911 -10.35129612535078 -7.422125910898589
$EndNodes
$Elements
16 3935 1 3935
0 1 15 1
1 1 
0 2 15 1
2 2 
0 3 15 1
3 3 
0 4 15 1
4 4 
1 1 1 36
5 1 5 
6 5 6 
7 6 7 
8 7 8 
9 8 9 
10 9 10 
11 10 11 
12 11 12 
13 12 13 
14 13 14 
15 14 15 
16 15 16 
17 16 17 
18 17 18 
19 18 19 
20 19 20 
21 20 21 
22 21 22 
23 22 23 
24 23 24 
25 24 25 
26 25 26 
27 26 27 
28 27 28 
29 28 29 
30 29 30 
31 30 31 
32 31 32 
33 32 33 
34 33 34 
35 34 35 
36 35 36 
37 36 37 
38 37 38 
39 38 39 
40 39 1 
1 2 1 3
41 2 40 
42 40 41 
43 41 1 
1 3 1 36
44 2 42 
45 42 43 
46 43 44 
47 44 45 
48 45 46 
49 46 47 
50 47 48 
51 48 49 
52 49 50 
53 50 51 
54 51 52 
55 52 53 
56 53 54 
57 54 55 
58 55 56 
59 56 57 
60 57 58 
61 58 59 
62 59 60 
63 60 61 
64 61 62 
65 62 63 
66 63 64 
67 64 65 
68 65 66 
69 66 67 
70 67 68 
71 68 69 
72 69 70 
73 70 71 
74 71 72 
75 72 73 
76 73 74 
77 74 75 
78 75 76 
79 76 2 
1 4 1 16
80 3 77 
81 77 78 
82 78 79 
83 79 80 
84 80 81 
85 81 82 
86 82 83 
87 83 84 
88 84 85 
89 85 86 
90 86 87 
91 87 88 
92 88 89 
93 89 90 
94 90 91 
95 91 3 
1 5 1 7
96 3 92 
97 92 93 
98 93 94 
99 94 95 
100 95 96 
101 96 97 
102 97 4 
1 6 1 16
103 4 98 
104 98 99 
105 99 100 
106 100 101 
107 101 102 
108 102 103 
109 103 104 
110 104 105 
111 105 106 
112 106 107 
113 107 108 
114 108 109 
115 109 110 
116 110 111 
117 111 112 
118 112 4 
2 1 2 290
119 1 186 5 
120 39 187 1 
121 41 186 1 
122 1 187 41 
123 40 188 2 
124 2 189 40 
125 42 189 2 
126 2 188 76 
127 5 176 6 
128 5 186 176 
129 6 122 7 
130 6 176 122 
131 7 175 8 
132 122 175 7 
133 8 141 9 
134 8 175 141 
135 9 174 10 
136 141 174 9 
137 10 125 11 
138 10 174 125 
139 11 173 12 
140 125 173 11 
141 12 142 13 
142 12 173 142 
143 13 172 14 
144 142 172 13 
145 14 128 15 
146 14 172 128 
147 15 170 16 
148 128 170 15 
149 16 139 17 
150 16 170 139 
151 17 156 18 
152 139 156 17 
153 18 116 19 
154 18 156 116 
155 19 154 20 
156 116 154 19 
157 20 117 21 
158 20 154 117 
159 21 153 22 
160 117 153 21 
161 22 120 23 
162 22 153 120 
163 23 148 24 
164 120 148 23 
165 24 138 25 
166 24 148 138 
167 25 147 26 
168 138 147 25 
169 26 123 27 
170 26 147 123 
171 27 145 28 
172 123 145 27 
173 28 146 29 
174 145 146 28 
175 29 119 30 
176 29 146 119 
177 30 150 31 
178 119 150 30 
179 31 152 32 
180 150 152 31 
181 32 131 33 
182 32 152 131 
183 33 155 34 
184 131 155 33 
185 34 115 35 
186 34 155 115 
187 35 158 36 
188 115 158 35 
189 36 136 37 
190 36 158 136 
191 37 171 38 
192 136 171 37 
193 38 178 39 
194 171 178 38 
195 178 187 39 
196 40 113 41 
197 41 114 40 
198 40 189 113 
199 114 188 40 
200 113 186 41 
201 41 187 114 
202 43 177 42 
203 177 189 42 
204 44 143 43 
205 143 177 43 
206 45 166 44 
207 44 166 143 
208 46 124 45 
209 124 166 45 
210 47 165 46 
211 46 165 124 
212 48 144 47 
213 144 165 47 
214 49 169 48 
215 48 169 144 
216 50 126 49 
217 126 169 49 
218 51 163 50 
219 50 163 126 
220 52 140 51 
221 140 163 51 
222 53 162 52 
223 52 162 140 
224 54 129 53 
225 129 162 53 
226 55 185 54 
227 54 185 129 
228 56 219 55 
229 157 185 55 
230 55 219 157 
231 57 134 56 
232 134 219 56 
233 58 167 57 
234 57 167 134 
235 59 133 58 
236 133 167 58 
237 60 183 59 
238 59 183 133 
239 61 182 60 
240 60 182 149 
241 149 183 60 
242 62 121 61 
243 121 182 61 
244 63 160 62 
245 62 160 121 
246 64 137 63 
247 137 160 63 
248 65 161 64 
249 64 161 137 
250 66 132 65 
251 132 161 65 
252 67 218 66 
253 66 218 132 
254 68 184 67 
255 67 184 151 
256 151 218 67 
257 69 127 68 
258 127 184 68 
259 70 168 69 
260 69 168 127 
261 71 130 70 
262 130 168 70 
263 72 164 71 
264 71 164 130 
265 73 135 72 
266 135 164 72 
267 74 159 73 
268 73 159 135 
269 75 118 74 
270 118 159 74 
271 76 179 75 
272 75 179 118 
273 76 188 179 
274 176 186 113 
275 113 213 176 
276 113 189 177 
277 177 213 113 
278 114 187 178 
279 178 212 114 
280 179 188 114 
281 114 212 179 
282 155 190 115 
283 115 204 158 
284 190 204 115 
285 116 180 154 
286 156 157 116 
287 157 180 116 
288 117 199 153 
289 154 201 117 
290 117 201 199 
291 118 207 159 
292 179 212 118 
293 118 212 207 
294 146 181 119 
295 119 151 150 
296 119 181 151 
297 120 149 148 
298 120 215 149 
299 153 215 120 
300 160 193 121 
301 121 217 182 
302 193 217 121 
303 122 195 175 
304 176 213 122 
305 122 213 195 
306 123 192 145 
307 147 211 123 
308 123 211 192 
309 165 196 124 
310 124 194 166 
311 124 196 194 
312 125 198 173 
313 174 197 125 
314 197 198 125 
315 163 202 126 
316 126 200 169 
317 126 202 200 
318 168 191 127 
319 127 216 184 
320 191 216 127 
321 128 205 170 
322 172 203 128 
323 203 205 128 
324 129 208 162 
325 185 214 129 
326 129 214 208 
327 164 190 130 
328 130 209 168 
329 190 209 130 
330 152 191 131 
331 131 209 155 
332 191 209 131 
333 132 181 146 
334 146 210 132 
335 132 210 161 
336 132 218 181 
337 133 199 167 
338 183 215 133 
339 133 215 199 
340 154 180 134 
341 134 201 154 
342 167 201 134 
343 180 219 134 
344 159 206 135 
345 135 204 164 
346 135 206 204 
347 158 206 136 
348 136 207 171 
349 206 207 136 
350 137 211 160 
351 161 192 137 
352 192 211 137 
353 138 193 147 
354 148 217 138 
355 138 217 193 
356 139 214 156 
357 170 208 139 
358 208 214 139 
359 162 205 140 
360 140 203 163 
361 140 205 203 
362 141 196 174 
363 175 194 141 
364 194 196 141 
365 142 202 172 
366 173 200 142 
367 200 202 142 
368 166 195 143 
369 143 213 177 
370 195 213 143 
371 144 197 165 
372 169 198 144 
373 144 198 197 
374 145 210 146 
375 192 210 145 
376 193 211 147 
377 149 217 148 
378 182 217 149 
379 149 215 183 
380 151 216 150 
381 150 216 152 
382 181 218 151 
383 184 216 151 
384 152 216 191 
385 199 215 153 
386 155 209 190 
387 156 214 157 
388 157 219 180 
389 157 214 185 
390 204 206 158 
391 159 207 206 
392 160 211 193 
393 161 210 192 
394 162 208 205 
395 163 203 202 
396 164 204 190 
397 165 197 196 
398 194 195 166 
399 199 201 167 
400 168 209 191 
401 169 200 198 
402 205 208 170 
403 171 212 178 
404 207 212 171 
405 202 203 172 
406 198 200 173 
407 196 197 174 
408 175 195 194 
2 2 2 224
409 5 271 1 
410 1 228 39 
411 1 271 228 
412 3 239 77 
413 91 236 3 
414 236 239 3 
415 77 223 78 
416 77 239 223 
417 78 248 79 
418 223 248 78 
419 79 226 80 
420 79 248 226 
421 80 241 81 
422 226 241 80 
423 81 221 82 
424 81 241 221 
425 82 246 83 
426 221 246 82 
427 83 238 84 
428 83 246 238 
429 84 225 85 
430 84 238 225 
431 85 247 86 
432 225 247 85 
433 86 222 87 
434 86 247 222 
435 87 240 88 
436 222 240 87 
437 88 224 89 
438 88 240 224 
439 89 245 90 
440 224 245 89 
441 90 220 91 
442 90 298 220 
443 245 298 90 
444 220 236 91 
445 6 234 5 
446 234 271 5 
447 7 277 6 
448 6 277 234 
449 8 251 7 
450 251 277 7 
451 9 287 8 
452 8 287 251 
453 10 231 9 
454 231 287 9 
455 11 280 10 
456 10 280 231 
457 12 302 11 
458 11 302 280 
459 13 244 12 
460 244 302 12 
461 14 278 13 
462 13 278 244 
463 15 233 14 
464 233 278 14 
465 16 275 15 
466 15 275 233 
467 17 250 16 
468 250 275 16 
469 18 286 17 
470 17 286 250 
471 19 232 18 
472 232 286 18 
473 20 284 19 
474 19 284 232 
475 21 227 20 
476 227 284 20 
477 22 272 21 
478 21 272 227 
479 23 243 22 
480 243 272 22 
481 24 303 23 
482 23 303 243 
483 25 274 24 
484 274 303 24 
485 26 230 25 
486 230 274 25 
487 27 285 26 
488 26 285 230 
489 28 249 27 
490 249 285 27 
491 29 276 28 
492 28 276 249 
493 30 235 29 
494 235 276 29 
495 31 281 30 
496 30 281 235 
497 32 242 31 
498 242 281 31 
499 33 301 32 
500 32 301 242 
501 34 283 33 
502 283 301 33 
503 35 229 34 
504 229 283 34 
505 36 288 35 
506 35 288 229 
507 37 269 36 
508 269 288 36 
509 38 267 37 
510 267 269 37 
511 39 305 38 
512 38 305 267 
513 228 305 39 
514 220 237 236 
515 220 252 237 
516 220 298 252 
517 241 261 221 
518 221 257 246 
519 221 294 257 
520 261 294 221 
521 222 262 240 
522 247 256 222 
523 256 292 222 
524 222 292 262 
525 239 260 223 
526 223 258 248 
527 223 293 258 
528 260 293 223 
529 240 265 224 
530 224 253 245 
531 224 282 253 
532 265 282 224 
533 238 263 225 
534 225 255 247 
535 225 273 255 
536 263 273 225 
537 226 266 241 
538 248 254 226 
539 254 279 226 
540 226 279 266 
541 259 284 227 
542 227 289 259 
543 272 289 227 
544 228 271 264 
545 264 300 228 
546 228 300 270 
547 270 305 228 
548 229 288 268 
549 268 304 229 
550 229 304 283 
551 230 296 274 
552 285 296 230 
553 280 297 231 
554 231 297 287 
555 284 295 232 
556 232 295 286 
557 233 275 261 
558 261 291 233 
559 233 291 278 
560 234 277 260 
561 260 299 234 
562 234 299 271 
563 262 276 235 
564 235 290 262 
565 281 290 235 
566 237 300 236 
567 236 264 239 
568 236 300 264 
569 252 267 237 
570 267 270 237 
571 270 300 237 
572 246 259 238 
573 259 289 238 
574 238 289 263 
575 239 299 260 
576 264 299 239 
577 262 290 240 
578 240 290 265 
579 241 291 261 
580 266 291 241 
581 265 281 242 
582 242 282 265 
583 242 301 282 
584 263 272 243 
585 243 273 263 
586 243 303 273 
587 244 278 266 
588 266 279 244 
589 279 302 244 
590 253 268 245 
591 268 298 245 
592 257 295 246 
593 246 295 259 
594 255 296 247 
595 247 296 256 
596 248 297 254 
597 258 297 248 
598 276 292 249 
599 249 292 285 
600 250 294 275 
601 286 294 250 
602 251 293 277 
603 287 293 251 
604 252 269 267 
605 252 288 269 
606 252 298 288 
607 253 304 268 
608 282 283 253 
609 283 304 253 
610 254 280 279 
611 254 297 280 
612 273 274 255 
613 274 296 255 
614 285 292 256 
615 256 296 285 
616 257 294 286 
617 286 295 257 
618 258 293 287 
619 287 297 258 
620 259 295 284 
621 277 293 260 
622 275 294 261 
623 262 292 276 
624 263 289 272 
625 271 299 264 
626 265 290 281 
627 278 291 266 
628 267 305 270 
629 288 298 268 
630 273 303 274 
631 280 302 279 
632 282 301 283 
2 3 2 258
633 42 2 310 
634 2 76 322 
635 310 2 322 
636 43 42 415 
637 42 310 415 
638 44 43 315 
639 315 43 415 
640 45 44 388 
641 44 315 388 
642 46 45 408 
643 45 388 408 
644 47 46 309 
645 309 46 408 
646 48 47 403 
647 47 309 403 
648 49 48 318 
649 318 48 403 
650 50 49 405 
651 49 318 405 
652 51 50 313 
653 313 50 405 
654 52 51 407 
655 51 313 407 
656 53 52 389 
657 389 52 407 
658 54 53 319 
659 319 53 389 
660 55 54 416 
661 54 319 416 
662 56 55 307 
663 307 55 416 
664 57 56 390 
665 56 307 390 
666 58 57 409 
667 57 390 409 
668 59 58 320 
669 320 58 409 
670 60 59 406 
671 59 320 406 
672 61 60 312 
673 312 60 406 
674 62 61 404 
675 61 312 404 
676 63 62 321 
677 321 62 404 
678 64 63 414 
679 63 321 414 
680 65 64 308 
681 308 64 414 
682 66 65 402 
683 65 308 402 
684 67 66 401 
685 401 66 402 
686 68 67 317 
687 317 67 401 
688 69 68 400 
689 68 317 400 
690 70 69 311 
691 311 69 400 
692 71 70 413 
693 70 311 413 
694 72 71 316 
695 316 71 413 
696 73 72 399 
697 72 316 399 
698 74 73 306 
699 306 73 399 
700 75 74 398 
701 74 306 398 
702 76 75 314 
703 314 75 398 
704 76 314 322 
705 306 382 396 
706 382 306 399 
707 306 396 398 
708 307 365 368 
709 365 307 395 
710 307 368 390 
711 395 307 416 
712 308 393 397 
713 393 308 414 
714 308 397 402 
715 309 384 403 
716 384 309 408 
717 310 322 323 
718 310 323 324 
719 310 324 394 
720 310 394 415 
721 360 311 378 
722 311 360 387 
723 378 311 400 
724 311 387 413 
725 312 386 391 
726 386 312 406 
727 312 391 404 
728 385 313 405 
729 313 385 407 
730 322 314 323 
731 323 314 412 
732 314 398 412 
733 315 362 379 
734 362 315 394 
735 315 379 388 
736 394 315 415 
737 316 382 399 
738 382 316 411 
739 316 387 411 
740 387 316 413 
741 317 363 378 
742 363 317 417 
743 317 378 400 
744 317 401 417 
745 383 318 384 
746 318 383 385 
747 384 318 403 
748 318 385 405 
749 319 361 364 
750 361 319 389 
751 319 364 395 
752 319 395 416 
753 320 386 406 
754 386 320 410 
755 320 409 410 
756 321 392 393 
757 392 321 404 
758 321 393 414 
759 324 323 325 
760 325 323 352 
761 352 323 412 
762 324 325 326 
763 324 326 362 
764 324 362 394 
765 326 325 327 
766 327 325 380 
767 325 352 380 
768 326 327 328 
769 326 328 377 
770 362 326 377 
771 328 327 329 
772 329 327 374 
773 374 327 380 
774 328 329 330 
775 328 330 343 
776 328 343 377 
777 330 329 331 
778 331 329 332 
779 332 329 374 
780 330 331 372 
781 343 330 373 
782 330 372 373 
783 331 332 333 
784 331 333 334 
785 331 334 372 
786 333 332 335 
787 335 332 337 
788 337 332 374 
789 334 333 336 
790 333 335 369 
791 336 333 369 
792 334 336 338 
793 334 338 339 
794 334 339 372 
795 335 337 340 
796 335 340 341 
797 335 341 369 
798 338 336 344 
799 344 336 347 
800 347 336 369 
801 340 337 342 
802 342 337 349 
803 349 337 374 
804 339 338 345 
805 338 344 367 
806 345 338 367 
807 339 345 346 
808 339 346 348 
809 339 348 372 
810 341 340 350 
811 340 342 366 
812 350 340 366 
813 341 350 351 
814 341 351 370 
815 369 341 370 
816 342 349 355 
817 342 355 360 
818 342 360 366 
819 343 373 375 
820 343 375 376 
821 343 376 377 
822 344 347 353 
823 344 353 357 
824 344 357 367 
825 346 345 364 
826 364 345 365 
827 365 345 367 
828 348 346 358 
829 358 346 361 
830 361 346 364 
831 353 347 354 
832 354 347 370 
833 347 369 370 
834 348 358 359 
835 348 359 373 
836 372 348 373 
837 355 349 381 
838 349 374 380 
839 349 380 381 
840 351 350 356 
841 356 350 363 
842 363 350 366 
843 351 356 397 
844 370 351 371 
845 371 351 397 
846 380 352 381 
847 381 352 396 
848 396 352 412 
849 353 354 391 
850 357 353 386 
851 386 353 391 
852 354 370 371 
853 354 371 392 
854 391 354 392 
855 360 355 411 
856 355 381 382 
857 355 382 411 
858 356 363 417 
859 397 356 402 
860 402 356 417 
861 367 357 368 
862 368 357 410 
863 357 386 410 
864 359 358 385 
865 358 361 407 
866 385 358 407 
867 373 359 375 
868 375 359 383 
869 383 359 385 
870 366 360 378 
871 387 360 411 
872 361 389 407 
873 362 377 379 
874 363 366 378 
875 364 365 395 
876 365 367 368 
877 390 368 409 
878 409 368 410 
879 392 371 393 
880 393 371 397 
881 376 375 384 
882 375 383 384 
883 377 376 379 
884 379 376 408 
885 376 384 408 
886 388 379 408 
887 382 381 396 
888 391 392 404 
889 398 396 412 
890 401 402 417 
2 4 2 272
891 77 526 3 
892 3 527 91 
893 3 526 92 
894 92 527 3 
895 97 529 4 
896 4 530 97 
897 4 529 98 
898 112 530 4 
899 78 505 77 
900 505 526 77 
901 79 428 78 
902 428 505 78 
903 80 495 79 
904 79 495 428 
905 81 422 80 
906 422 495 80 
907 82 501 81 
908 81 501 422 
909 83 523 82 
910 82 523 501 
911 84 420 83 
912 420 523 83 
913 85 499 84 
914 84 499 420 
915 86 429 85 
916 429 499 85 
917 87 500 86 
918 86 500 429 
919 88 421 87 
920 421 500 87 
921 89 494 88 
922 88 494 421 
923 90 427 89 
924 427 494 89 
925 91 504 90 
926 90 504 427 
927 91 527 504 
928 92 432 93 
929 93 433 92 
930 92 526 432 
931 433 527 92 
932 94 434 93 
933 93 515 94 
934 432 515 93 
935 93 434 433 
936 95 418 94 
937 94 419 95 
938 418 434 94 
939 94 515 419 
940 96 491 95 
941 95 513 96 
942 95 491 418 
943 419 513 95 
944 97 430 96 
945 96 431 97 
946 430 491 96 
947 96 513 431 
948 97 530 430 
949 431 529 97 
950 98 506 99 
951 98 529 506 
952 99 476 100 
953 99 506 476 
954 100 426 101 
955 100 476 426 
956 101 517 102 
957 426 517 101 
958 102 508 103 
959 102 517 508 
960 103 424 104 
961 103 508 424 
962 104 492 105 
963 424 492 104 
964 105 525 106 
965 492 525 105 
966 106 423 107 
967 106 525 423 
968 107 498 108 
969 423 498 107 
970 108 496 109 
971 108 498 496 
972 109 425 110 
973 109 496 425 
974 110 497 111 
975 425 497 110 
976 111 507 112 
977 497 507 111 
978 507 530 112 
979 418 435 434 
980 418 436 435 
981 418 491 436 
982 419 512 473 
983 473 513 419 
984 479 512 419 
985 419 515 479 
986 420 484 480 
987 480 523 420 
988 420 520 484 
989 499 520 420 
990 472 500 421 
991 421 518 472 
992 494 518 421 
993 474 495 422 
994 422 511 474 
995 501 511 422 
996 469 483 423 
997 423 525 469 
998 483 514 423 
999 423 514 498 
1000 424 508 470 
1001 470 531 424 
1002 424 531 492 
1003 496 519 425 
1004 425 503 497 
1005 425 519 503 
1006 476 516 426 
1007 426 516 481 
1008 481 517 426 
1009 488 494 427 
1010 427 522 488 
1011 504 522 427 
1012 428 510 478 
1013 478 521 428 
1014 495 510 428 
1015 428 521 505 
1016 475 499 429 
1017 429 509 475 
1018 500 509 429 
1019 430 502 491 
1020 430 507 502 
1021 430 530 507 
1022 431 513 473 
1023 473 524 431 
1024 431 524 506 
1025 506 529 431 
1026 479 515 432 
1027 432 521 479 
1028 505 521 432 
1029 432 526 505 
1030 434 493 433 
1031 493 504 433 
1032 504 527 433 
1033 435 493 434 
1034 436 437 435 
1035 437 490 435 
1036 490 493 435 
1037 436 438 437 
1038 436 502 438 
1039 491 502 436 
1040 438 439 437 
1041 439 440 437 
1042 440 490 437 
1043 438 503 439 
1044 502 528 438 
1045 438 528 503 
1046 439 441 440 
1047 439 442 441 
1048 439 503 442 
1049 441 487 440 
1050 487 488 440 
1051 488 490 440 
1052 442 443 441 
1053 443 444 441 
1054 444 487 441 
1055 442 446 443 
1056 442 519 446 
1057 503 519 442 
1058 443 445 444 
1059 443 486 445 
1060 446 486 443 
1061 445 447 444 
1062 447 472 444 
1063 472 487 444 
1064 445 448 447 
1065 445 449 448 
1066 445 486 449 
1067 446 514 486 
1068 496 498 446 
1069 446 519 496 
1070 498 514 446 
1071 448 475 447 
1072 447 509 472 
1073 475 509 447 
1074 449 450 448 
1075 450 485 448 
1076 448 485 475 
1077 449 451 450 
1078 449 483 451 
1079 449 486 483 
1080 451 452 450 
1081 452 453 450 
1082 453 485 450 
1083 451 468 452 
1084 451 469 468 
1085 451 483 469 
1086 452 454 453 
1087 452 482 454 
1088 468 482 452 
1089 454 455 453 
1090 455 484 453 
1091 484 485 453 
1092 454 456 455 
1093 454 457 456 
1094 454 482 457 
1095 456 465 455 
1096 465 480 455 
1097 480 484 455 
1098 457 458 456 
1099 458 489 456 
1100 456 489 465 
1101 457 459 458 
1102 457 470 459 
1103 457 482 470 
1104 459 460 458 
1105 460 461 458 
1106 461 489 458 
1107 459 481 460 
1108 470 471 459 
1109 471 481 459 
1110 460 462 461 
1111 460 464 462 
1112 460 481 464 
1113 462 463 461 
1114 463 474 461 
1115 474 489 461 
1116 462 477 463 
1117 464 466 462 
1118 466 477 462 
1119 463 510 474 
1120 477 478 463 
1121 478 510 463 
1122 464 467 466 
1123 464 516 467 
1124 481 516 464 
1125 465 501 480 
1126 489 511 465 
1127 465 511 501 
1128 467 473 466 
1129 473 512 466 
1130 466 512 477 
1131 467 524 473 
1132 467 516 476 
1133 476 524 467 
1134 469 492 468 
1135 468 531 482 
1136 492 531 468 
1137 469 525 492 
1138 470 508 471 
1139 482 531 470 
1140 471 517 481 
1141 508 517 471 
1142 472 518 487 
1143 472 509 500 
1144 474 511 489 
1145 474 510 495 
1146 485 520 475 
1147 475 520 499 
1148 506 524 476 
1149 477 479 478 
1150 477 512 479 
1151 479 521 478 
1152 501 523 480 
1153 486 514 483 
1154 484 520 485 
1155 487 518 488 
1156 488 522 490 
1157 488 518 494 
1158 490 522 493 
1159 493 522 504 
1160 503 528 497 
1161 497 528 507 
1162 507 528 502 
2 5 2 64
1163 98 547 4 
1164 4 532 112 
1165 4 547 532 
1166 99 538 98 
1167 538 547 98 
1168 100 549 99 
1169 99 549 538 
1170 101 535 100 
1171 535 549 100 
1172 102 553 101 
1173 101 553 535 
1174 103 536 102 
1175 536 553 102 
1176 104 551 103 
1177 103 551 536 
1178 105 533 104 
1179 533 551 104 
1180 106 550 105 
1181 105 550 533 
1182 107 539 106 
1183 539 550 106 
1184 108 552 107 
1185 107 552 539 
1186 109 534 108 
1187 534 552 108 
1188 110 548 109 
1189 109 548 534 
1190 111 537 110 
1191 537 548 110 
1192 112 540 111 
1193 111 540 537 
1194 532 540 112 
1195 532 541 540 
1196 532 546 541 
1197 532 547 546 
1198 545 551 533 
1199 533 554 545 
1200 550 554 533 
1201 534 548 542 
1202 542 556 534 
1203 534 556 552 
1204 535 546 538 
1205 538 549 535 
1206 544 546 535 
1207 535 555 544 
1208 553 555 535 
1209 536 551 545 
1210 545 555 536 
1211 536 555 553 
1212 540 541 537 
1213 541 542 537 
1214 542 548 537 
1215 546 547 538 
1216 539 554 550 
1217 552 556 539 
1218 539 556 554 
1219 541 543 542 
1220 541 544 543 
1221 541 546 544 
1222 543 556 542 
1223 544 545 543 
1224 545 554 543 
1225 554 556 543 
1226 544 555 545 
3 1 4 2709
1227 453 567 668 605 
1228 453 567 605 484 
1229 434 418 94 565 
1230 587 297 597 617 
1231 605 445 602 647 
1232 484 567 605 608 
1233 293 649 590 251 
1234 276 29 28 745 
1235 293 649 251 277 
1236 259 591 581 609 
1237 418 565 435 601 
1238 411 604 566 619 
1239 761 190 566 130 
1240 581 609 591 669 
1241 411 604 619 661 
1242 493 435 434 565 
1243 297 254 587 597 
1244 609 632 591 669 
1245 761 190 130 164 
1246 559 585 595 558 
1247 259 659 581 591 
1248 605 602 445 569 
1249 659 701 768 640 
1250 597 617 297 665 
1251 249 276 28 745 
1252 445 602 647 443 
1253 254 634 587 597 
1254 739 294 583 628 
1255 457 562 592 606 
1256 559 585 563 595 
1257 338 563 576 591 
1258 81 576 599 688 
1259 561 519 637 655 
1260 513 610 572 612 
1261 479 596 565 622 
1262 89 626 598 615 
1263 418 435 565 434 
1264 135 589 703 619 
1265 37 718 763 136 
1266 479 565 515 622 
1267 446 629 561 647 
1268 338 576 563 641 
1269 447 605 569 608 
1270 94 565 418 622 
1271 710 623 745 276 
1272 277 582 638 649 
1273 130 761 714 566 
1274 183 600 768 640 
1275 714 387 566 316 
1276 761 190 164 619 
1277 214 739 583 628 
1278 435 601 565 663 
1279 578 226 597 634 
1280 489 606 567 677 
1281 761 190 619 566 
1282 194 717 590 649 
1283 289 640 581 659 
1284 293 649 277 638 
1285 565 601 418 622 
1286 562 606 481 610 
1287 595 598 87 626 
1288 493 435 565 663 
1289 453 567 484 455 
1290 705 148 600 733 
1291 442 561 519 637 
1292 89 626 615 570 
1293 250 275 294 628 
1294 254 634 597 226 
1295 113 713 189 582 
1296 705 148 733 23 
1297 748 406 60 768 
1298 563 571 559 595 
1299 561 602 446 647 
1300 87 598 595 624 
1301 588 225 247 643 
1302 516 610 679 481 
1303 293 649 638 590 
1304 304 253 268 566 
1305 440 569 602 663 
1306 489 606 677 461 
1307 448 605 447 608 
1308 470 592 562 616 
1309 562 610 481 679 
1310 568 653 589 656 
1311 626 89 650 570 
1312 703 164 135 619 
1313 457 562 606 459 
1314 81 644 576 688 
1315 456 489 458 668 
1316 659 701 640 581 
1317 589 656 653 661 
1318 453 567 455 668 
1319 279 587 634 690 
1320 484 605 485 608 
1321 259 659 591 238 
1322 634 688 279 690 
1323 263 574 600 659 
1324 485 484 453 605 
1325 643 666 630 588 
1326 673 653 589 568 
1327 338 576 345 591 
1328 87 571 626 575 
1329 432 515 479 565 
1330 565 596 479 603 
1331 171 136 763 673 
1332 763 718 37 267 
1333 174 759 726 617 
1334 253 566 594 604 
1335 196 759 617 590 
1336 567 639 480 614 
1337 89 626 88 598 
1338 442 602 561 637 
1339 347 630 666 588 
1340 589 653 396 661 
1341 213 741 649 582 
1342 357 591 669 659 
1343 196 759 590 141 
1344 703 382 619 589 
1345 574 238 591 659 
1346 207 136 171 673 
1347 662 653 673 568 
1348 259 632 591 609 
1349 445 569 447 605 
1350 567 484 639 608 
1351 134 581 727 609 
1352 571 630 643 666 
1353 493 434 433 565 
1354 659 768 320 386 
1355 441 569 444 602 
1356 592 629 483 647 
1357 765 684 611 582 
1358 674 613 363 580 
1359 206 718 589 158 
1360 489 567 606 668 
1361 603 432 607 685 
1362 342 570 604 683 
1363 739 286 250 17 
1364 410 701 659 581 
1365 199 701 581 640 
1366 565 607 493 620 
1367 304 566 268 619 
1368 736 308 584 699 
1369 765 113 582 611 
1370 462 606 596 610 
1371 196 759 141 174 
1372 372 625 578 641 
1373 432 565 479 603 
1374 125 174 726 617 
1375 275 599 628 660 
1376 148 600 733 635 
1377 267 589 568 673 
1378 493 565 433 607 
1379 456 567 489 668 
1380 296 627 588 686 
1381 192 719 623 584 
1382 252 568 589 656 
1383 342 570 366 594 
1384 410 701 581 409 
1385 298 619 604 661 
1386 289 263 640 659 
1387 344 574 591 659 
1388 296 584 627 686 
1389 591 659 581 669 
1390 470 531 592 616 
1391 469 592 616 629 
1392 87 421 598 624 
1393 93 565 432 607 
1394 338 563 591 666 
1395 590 297 617 665 
1396 211 760 584 627 
1397 357 591 659 344 
1398 513 572 431 612 
1399 259 659 238 289 
1400 491 572 601 637 
1401 455 484 480 567 
1402 765 113 611 40 
1403 512 596 479 622 
1404 298 589 619 661 
1405 457 592 470 482 
1406 676 602 663 601 
1407 338 591 344 666 
1408 366 594 570 678 
1409 357 591 344 367 
1410 713 394 310 582 
1411 515 432 93 565 
1412 199 701 640 133 
1413 294 599 583 628 
1414 563 571 595 681 
1415 768 133 640 701 
1416 433 434 93 565 
1417 275 599 660 261 
1418 491 601 436 637 
1419 316 703 619 761 
1420 758 135 589 703 
1421 719 292 623 584 
1422 469 483 592 629 
1423 603 607 432 565 
1424 88 87 598 626 
1425 565 620 493 663 
1426 87 571 575 86 
1427 760 296 584 627 
1428 681 591 666 574 
1429 342 604 570 594 
1430 83 574 681 84 
1431 649 652 638 689 
1432 87 421 88 598 
1433 89 604 570 615 
1434 156 739 720 583 
1435 85 86 571 595 
1436 736 137 584 627 
1437 593 671 634 688 
1438 760 296 627 230 
1439 561 629 592 647 
1440 744 304 619 566 
1441 125 742 587 617 
1442 259 632 609 295 
1443 674 363 613 317 
1444 96 431 513 572 
1445 194 717 649 175 
1446 265 594 580 650 
1447 410 701 409 320 
1448 742 231 617 726 
1449 590 649 638 689 
1450 268 566 604 619 
1451 263 238 574 659 
1452 571 86 643 686 
1453 576 345 591 675 
1454 366 570 340 678 
1455 209 723 566 695 
1456 604 650 570 594 
1457 254 634 226 279 
1458 211 760 627 147 
1459 464 606 462 610 
1460 676 602 601 557 
1461 593 599 671 688 
1462 386 748 600 768 
1463 411 387 316 566 
1464 654 672 262 276 
1465 755 582 186 611 
1466 696 720 609 583 
1467 263 289 238 659 
1468 519 442 446 561 
1469 696 720 583 156 
1470 578 625 560 641 
1471 741 195 649 175 
1472 759 297 617 590 
1473 342 340 366 570 
1474 196 759 174 617 
1475 268 566 253 604 
1476 216 706 184 613 
1477 760 192 584 719 
1478 93 433 565 607 
1479 219 134 727 609 
1480 753 547 538 612 
1481 94 515 565 622 
1482 273 588 635 600 
1483 279 634 226 688 
1484 659 768 386 600 
1485 525 616 747 629 
1486 758 399 703 589 
1487 703 382 589 399 
1488 567 639 484 480 
1489 753 547 98 538 
1490 411 566 316 619 
1491 604 650 594 224 
1492 85 595 571 681 
1493 574 273 600 588 
1494 744 229 34 709 
1495 392 588 391 635 
1496 448 447 475 608 
1497 378 706 613 317 
1498 630 667 369 571 
1499 81 599 241 688 
1500 731 562 470 648 
1501 373 578 372 625 
1502 744 304 566 283 
1503 440 569 663 487 
1504 630 369 667 341 
1505 81 576 221 599 
1506 572 610 513 622 
1507 292 623 584 654 
1508 249 292 276 623 
1509 736 393 627 584 
1510 282 253 566 594 
1511 386 748 768 406 
1512 593 599 358 671 
1513 673 653 412 396 
1514 446 561 442 602 
1515 197 707 617 587 
1516 736 393 584 308 
1517 259 632 295 246 
1518 344 591 574 666 
1519 559 595 571 626 
1520 371 630 584 687 
1521 267 673 568 694 
1522 559 571 563 645 
1523 604 650 224 89 
1524 759 297 590 287 
1525 743 295 609 720 
1526 491 601 572 622 
1527 296 627 230 635 
1528 673 653 396 589 
1529 713 394 582 649 
1530 593 358 634 671 
1531 579 298 661 656 
1532 298 268 604 619 
1533 513 473 610 612 
1534 582 310 684 324 
1535 362 689 652 649 
1536 655 629 543 561 
1537 581 659 368 669 
1538 357 591 367 669 
1539 149 705 600 640 
1540 465 567 480 614 
1541 589 298 656 661 
1542 444 447 445 569 
1543 383 597 587 634 
1544 654 672 276 623 
1545 706 184 613 674 
1546 704 271 234 582 
1547 746 282 695 613 
1548 87 571 86 595 
1549 202 697 593 690 
1550 372 578 348 641 
1551 375 578 625 597 
1552 725 538 612 753 
1553 742 297 587 617 
1554 375 578 597 634 
1555 676 602 557 605 
1556 266 279 688 690 
1557 214 739 628 139 
1558 653 412 396 352 
1559 654 672 623 580 
1560 96 431 572 642 
1561 317 378 363 613 
1562 585 681 563 595 
1563 226 634 578 688 
1564 390 581 368 609 
1565 345 669 591 675 
1566 676 663 602 569 
1567 226 578 597 692 
1568 658 620 504 607 
1569 446 519 561 655 
1570 550 616 554 629 
1571 571 643 630 686 
1572 659 768 600 640 
1573 201 711 581 609 
1574 655 543 629 556 
1575 392 627 588 635 
1576 704 176 186 582 
1577 441 487 444 569 
1578 411 619 382 661 
1579 736 161 699 584 
1580 432 479 521 603 
1581 131 746 723 695 
1582 324 310 394 582 
1583 263 600 640 659 
1584 518 620 569 663 
1585 483 629 514 647 
1586 464 606 610 481 
1587 741 176 704 582 
1588 282 695 613 594 
1589 216 706 613 695 
1590 588 627 296 635 
1591 574 273 588 225 
1592 696 720 156 116 
1593 604 650 89 570 
1594 391 600 635 588 
1595 735 599 593 660 
1596 763 171 673 694 
1597 348 641 578 671 
1598 287 717 590 759 
1599 252 568 656 237 
1600 735 203 593 163 
1601 445 447 448 605 
1602 503 637 519 655 
1603 282 695 566 301 
1604 297 590 258 665 
1605 440 601 663 602 
1606 559 615 598 626 
1607 543 616 561 629 
1608 742 297 617 231 
1609 125 197 174 617 
1610 99 538 725 753 
1611 253 594 224 604 
1612 580 594 265 613 
1613 694 228 39 752 
1614 130 566 714 695 
1615 710 623 276 672 
1616 217 600 635 729 
1617 259 632 246 591 
1618 369 370 341 630 
1619 329 633 374 682 
1620 569 620 518 624 
1621 559 598 595 626 
1622 658 620 607 558 
1623 482 470 531 592 
1624 193 708 627 635 
1625 259 659 289 581 
1626 357 368 659 669 
1627 589 382 619 661 
1628 574 273 225 263 
1629 741 582 277 649 
1630 285 719 760 584 
1631 131 746 695 152 
1632 711 117 581 734 
1633 369 645 571 667 
1634 489 606 461 458 
1635 735 599 660 628 
1636 93 434 94 565 
1637 39 1 752 228 
1638 714 387 316 413 
1639 741 234 582 704 
1640 762 269 718 589 
1641 431 612 572 642 
1642 711 117 734 20 
1643 410 701 320 659 
1644 681 591 574 83 
1645 565 558 620 676 
1646 579 661 298 604 
1647 375 625 578 373 
1648 465 455 480 567 
1649 375 597 383 634 
1650 90 604 89 615 
1651 561 602 647 557 
1652 729 392 391 635 
1653 276 623 292 654 
1654 338 339 345 576 
1655 406 60 768 59 
1656 134 219 180 609 
1657 186 582 113 611 
1658 166 124 45 649 
1659 542 556 543 655 
1660 139 208 170 628 
1661 219 180 609 696 
1662 574 666 643 588 
1663 41 1 755 752 
1664 198 587 125 690 
1665 375 359 578 634 
1666 95 572 622 491 
1667 161 699 584 623 
1668 254 634 279 587 
1669 336 334 338 563 
1670 324 582 652 684 
1671 187 611 694 752 
1672 563 336 621 666 
1673 452 592 450 605 
1674 499 429 595 608 
1675 334 563 336 621 
1676 199 701 133 167 
1677 499 608 595 639 
1678 457 592 482 668 
1679 198 169 144 587 
1680 235 276 262 672 
1681 558 603 567 676 
1682 768 320 406 59 
1683 421 494 598 624 
1684 712 628 170 660 
1685 296 256 584 686 
1686 339 576 338 641 
1687 206 718 158 136 
1688 163 735 722 593 
1689 151 613 674 672 
1690 543 561 616 651 
1691 373 375 359 578 
1692 593 688 634 690 
1693 518 569 487 663 
1694 93 94 515 565 
1695 338 563 334 641 
1696 197 707 587 144 
1697 478 479 596 603 
1698 757 390 609 727 
1699 149 748 183 600 
1700 491 418 601 622 
1701 378 706 317 400 
1702 336 563 338 666 
1703 83 574 84 238 
1704 83 574 238 591 
1705 440 601 602 439 
1706 583 599 294 632 
1707 113 713 582 213 
1708 768 386 406 320 
1709 225 588 574 643 
1710 197 587 617 125 
1711 192 161 137 584 
1712 419 479 515 622 
1713 134 201 581 609 
1714 443 446 602 647 
1715 173 198 125 690 
1716 512 610 596 622 
1717 457 592 668 606 
1718 378 706 400 695 
1719 87 571 595 626 
1720 472 569 518 624 
1721 494 620 598 624 
1722 450 605 592 647 
1723 713 213 649 582 
1724 338 345 367 591 
1725 735 203 163 140 
1726 295 583 632 609 
1727 113 713 213 177 
1728 354 630 347 588 
1729 275 599 261 294 
1730 735 203 140 660 
1731 252 568 237 267 
1732 491 418 436 601 
1733 376 617 597 689 
1734 676 622 565 596 
1735 429 595 608 624 
1736 194 717 175 141 
1737 357 367 368 669 
1738 393 584 371 627 
1739 338 367 344 591 
1740 457 562 459 470 
1741 90 579 298 604 
1742 407 358 593 599 
1743 439 601 602 637 
1744 756 392 635 627 
1745 676 622 596 557 
1746 190 744 619 566 
1747 86 624 87 595 
1748 735 203 660 593 
1749 297 248 254 597 
1750 446 561 629 655 
1751 512 479 419 622 
1752 461 596 606 677 
1753 206 589 135 619 
1754 516 610 481 464 
1755 654 672 580 262 
1756 411 316 382 619 
1757 604 615 579 683 
1758 373 348 372 578 
1759 696 720 116 609 
1760 713 315 415 394 
1761 731 562 648 545 
1762 713 310 765 582 
1763 570 667 340 678 
1764 90 579 604 615 
1765 729 391 600 635 
1766 155 723 744 566 
1767 573 692 78 665 
1768 470 731 648 508 
1769 217 600 729 149 
1770 561 647 592 557 
1771 303 600 273 635 
1772 81 614 585 631 
1773 561 616 592 629 
1774 450 592 451 647 
1775 513 431 473 612 
1776 447 509 475 608 
1777 592 605 452 668 
1778 689 649 408 590 
1779 539 550 554 629 
1780 199 701 167 581 
1781 570 615 604 683 
1782 192 719 123 145 
1783 287 258 297 590 
1784 624 676 569 620 
1785 746 695 152 613 
1786 558 565 603 676 
1787 751 112 540 111 
1788 573 78 692 636 
1789 713 310 42 765 
1790 192 719 145 623 
1791 599 576 671 688 
1792 210 192 145 623 
1793 491 502 572 637 
1794 202 722 646 593 
1795 86 624 595 429 
1796 557 601 572 637 
1797 597 573 665 692 
1798 737 583 129 696 
1799 219 609 757 696 
1800 201 711 609 154 
1801 134 201 167 581 
1802 728 751 112 540 
1803 194 590 124 649 
1804 512 466 596 610 
1805 411 355 604 661 
1806 710 276 235 672 
1807 471 470 562 648 
1808 95 572 491 96 
1809 248 597 297 665 
1810 269 252 267 589 
1811 481 562 459 606 
1812 558 567 603 614 
1813 564 3 680 586 
1814 758 206 589 135 
1815 164 204 135 619 
1816 559 563 621 645 
1817 84 639 499 595 
1818 267 237 270 568 
1819 367 591 345 669 
1820 617 665 597 689 
1821 285 296 256 584 
1822 738 196 617 590 
1823 209 723 695 131 
1824 450 452 451 592 
1825 766 540 111 751 
1826 267 568 270 694 
1827 430 618 642 572 
1828 644 671 576 688 
1829 190 744 566 155 
1830 201 711 154 117 
1831 273 588 225 255 
1832 213 741 582 176 
1833 332 633 329 657 
1834 214 739 139 156 
1835 213 741 176 122 
1836 360 566 411 604 
1837 265 580 240 650 
1838 448 647 445 605 
1839 212 673 171 694 
1840 176 113 186 582 
1841 542 543 651 655 
1842 430 618 572 502 
1843 716 550 539 629 
1844 499 85 84 595 
1845 81 221 241 599 
1846 631 81 644 585 
1847 421 518 494 624 
1848 612 562 544 679 
1849 590 665 617 689 
1850 676 622 557 601 
1851 518 620 494 624 
1852 299 582 611 691 
1853 504 598 427 620 
1854 645 336 666 621 
1855 299 582 271 611 
1856 561 651 543 655 
1857 494 88 421 598 
1858 95 572 96 513 
1859 600 303 243 705 
1860 161 584 192 623 
1861 391 748 729 600 
1862 422 614 81 631 
1863 149 705 640 120 
1864 566 594 360 695 
1865 381 396 653 661 
1866 295 720 232 286 
1867 744 229 709 619 
1868 567 639 614 558 
1869 482 592 452 668 
1870 125 587 742 690 
1871 440 601 439 437 
1872 372 330 625 657 
1873 585 586 560 631 
1874 310 765 2 42 
1875 762 589 158 619 
1876 728 751 540 642 
1877 626 650 89 88 
1878 3 607 92 685 
1879 639 681 585 595 
1880 77 3 586 680 
1881 356 580 678 687 
1882 645 336 621 333 
1883 711 259 581 609 
1884 455 465 456 567 
1885 489 456 465 567 
1886 245 268 253 604 
1887 365 583 696 669 
1888 594 613 378 695 
1889 597 625 573 692 
1890 470 424 531 616 
1891 558 567 608 676 
1892 394 649 652 582 
1893 631 644 81 80 
1894 765 684 582 310 
1895 266 279 226 688 
1896 744 115 619 709 
1897 652 684 582 691 
1898 329 332 374 633 
1899 158 589 206 619 
1900 518 472 487 569 
1901 493 607 504 620 
1902 558 603 565 607 
1903 557 605 602 647 
1904 738 196 590 124 
1905 567 614 465 677 
1906 491 436 502 637 
1907 585 681 83 591 
1908 585 631 560 644 
1909 381 396 352 653 
1910 766 540 751 618 
1911 45 738 46 408 
1912 273 588 255 635 
1913 354 370 347 630 
1914 737 129 583 628 
1915 45 408 649 738 
1916 738 408 590 617 
1917 166 194 124 649 
1918 557 592 606 668 
1919 735 140 628 660 
1920 356 623 580 687 
1921 540 751 618 642 
1922 700 140 162 628 
1923 462 596 466 610 
1924 477 478 479 596 
1925 266 688 593 690 
1926 440 569 487 441 
1927 567 596 676 603 
1928 181 710 672 623 
1929 456 455 567 668 
1930 3 77 586 685 
1931 565 558 607 620 
1932 581 368 609 669 
1933 526 3 92 685 
1934 625 636 573 692 
1935 443 486 446 647 
1936 3 586 607 685 
1937 437 601 439 637 
1938 560 631 586 636 
1939 161 192 210 623 
1940 181 623 672 674 
1941 360 594 566 604 
1942 86 87 222 575 
1943 275 599 294 628 
1944 360 342 594 604 
1945 558 586 631 685 
1946 543 554 616 629 
1947 558 631 603 685 
1948 194 196 124 590 
1949 181 710 623 146 
1950 624 676 620 558 
1951 214 739 156 583 
1952 363 674 580 356 
1953 562 555 648 545 
1954 516 610 464 467 
1955 217 600 149 148 
1956 194 141 196 590 
1957 738 590 408 649 
1958 45 408 388 649 
1959 429 608 509 624 
1960 282 224 253 594 
1961 679 555 553 648 
1962 564 3 586 658 
1963 631 636 560 692 
1964 209 723 131 155 
1965 86 575 222 686 
1966 609 669 307 696 
1967 82 591 576 585 
1968 765 113 40 189 
1969 362 689 649 379 
1970 612 544 562 651 
1971 3 607 586 658 
1972 585 681 591 563 
1973 478 596 463 603 
1974 280 297 254 587 
1975 311 70 750 69 
1976 149 600 183 640 
1977 611 582 684 691 
1978 557 605 592 668 
1979 442 519 503 637 
1980 372 641 331 657 
1981 750 311 69 695 
1982 172 593 697 660 
1983 477 479 512 596 
1984 238 225 263 574 
1985 729 392 635 756 
1986 605 608 567 676 
1987 371 584 397 687 
1988 299 234 271 582 
1989 451 469 483 592 
1990 151 613 216 184 
1991 469 616 525 629 
1992 277 582 260 638 
1993 676 622 601 565 
1994 575 580 240 654 
1995 81 688 80 644 
1996 676 602 605 569 
1997 714 311 750 695 
1998 699 397 584 623 
1999 729 121 756 635 
2000 562 561 651 616 
2001 502 430 491 572 
2002 562 555 545 544 
2003 638 680 652 691 
2004 240 265 290 580 
2005 733 274 767 635 
2006 441 439 440 602 
2007 575 240 580 650 
2008 560 644 631 692 
2009 181 710 146 119 
2010 733 274 24 767 
2011 525 724 747 616 
2012 543 616 545 651 
2013 578 641 560 644 
2014 491 430 96 572 
2015 638 649 582 652 
2016 750 130 714 695 
2017 483 514 486 647 
2018 579 633 682 683 
2019 117 581 734 640 
2020 557 602 601 637 
2021 605 668 557 676 
2022 468 592 531 616 
2023 477 512 466 596 
2024 511 465 614 677 
2025 230 767 708 25 
2026 749 403 318 48 
2027 679 471 562 648 
2028 432 603 521 685 
2029 677 422 631 614 
2030 483 451 592 647 
2031 83 591 82 585 
2032 501 585 81 614 
2033 274 25 24 767 
2034 124 590 738 649 
2035 489 567 465 677 
2036 341 630 575 667 
2037 580 623 356 674 
2038 569 608 605 676 
2039 502 618 572 637 
2040 206 135 204 619 
2041 453 452 605 668 
2042 440 601 437 663 
2043 560 586 585 559 
2044 615 626 633 570 
2045 679 471 648 517 
2046 681 591 563 666 
2047 95 572 513 622 
2048 334 336 333 621 
2049 332 621 633 657 
2050 230 767 25 274 
2051 579 633 564 682 
2052 11 125 742 690 
2053 576 221 599 632 
2054 110 537 766 655 
2055 575 630 571 667 
2056 561 637 618 655 
2057 453 452 450 605 
2058 765 113 189 582 
2059 334 563 621 641 
2060 254 248 226 597 
2061 749 403 587 318 
2062 739 294 286 583 
2063 459 471 470 562 
2064 324 582 394 652 
2065 82 585 501 639 
2066 749 48 318 49 
2067 384 587 597 617 
2068 652 680 577 691 
2069 463 603 596 677 
2070 194 717 141 590 
2071 252 568 267 589 
2072 525 724 616 492 
2073 325 652 577 684 
2074 326 573 664 652 
2075 585 614 501 639 
2076 378 360 594 695 
2077 328 573 343 625 
2078 40 611 765 662 
2079 658 620 558 598 
2080 111 537 766 110 
2081 394 652 649 362 
2082 469 592 468 616 
2083 489 606 458 668 
2084 86 624 429 500 
2085 371 588 392 627 
2086 86 624 500 87 
2087 573 652 638 680 
2088 49 318 749 646 
2089 460 481 459 606 
2090 563 645 571 666 
2091 495 510 474 677 
2092 560 641 563 585 
2093 567 596 603 677 
2094 570 342 337 683 
2095 766 540 618 537 
2096 586 631 78 636 
2097 570 337 342 340 
2098 265 594 282 613 
2099 149 183 215 640 
2100 557 572 601 622 
2101 731 562 545 616 
2102 567 596 677 606 
2103 78 631 692 636 
2104 96 572 430 642 
2105 509 569 472 624 
2106 766 540 537 111 
2107 351 575 341 630 
2108 322 684 662 765 
2109 253 224 245 604 
2110 562 561 616 592 
2111 558 585 614 631 
2112 221 294 599 632 
2113 567 668 605 676 
2114 567 639 558 608 
2115 215 183 133 640 
2116 738 196 124 165 
2117 328 377 343 573 
2118 265 290 580 672 
2119 595 608 558 639 
2120 504 493 433 607 
2121 607 558 586 658 
2122 255 588 296 635 
2123 375 343 597 625 
2124 190 744 155 115 
2125 730 612 529 642 
2126 409 368 390 581 
2127 81 501 82 585 
2128 565 663 601 676 
2129 117 21 153 640 
2130 516 612 679 610 
2131 766 537 618 655 
2132 209 723 155 566 
2133 14 172 697 660 
2134 387 566 360 695 
2135 579 633 683 615 
2136 131 191 152 695 
2137 711 259 609 284 
2138 200 587 690 646 
2139 193 708 635 138 
2140 662 653 568 684 
2141 265 580 613 672 
2142 596 603 565 676 
2143 262 580 290 672 
2144 217 729 635 121 
2145 585 639 595 558 
2146 33 34 744 283 
2147 214 583 129 628 
2148 193 756 635 627 
2149 749 587 169 646 
2150 137 702 627 736 
2151 599 593 291 688 
2152 390 368 307 609 
2153 208 139 214 628 
2154 558 614 603 631 
2155 570 633 337 667 
2156 633 657 621 559 
2157 462 466 464 610 
2158 326 573 652 377 
2159 399 306 382 589 
2160 499 429 85 595 
2161 744 229 283 34 
2162 503 618 637 655 
2163 557 610 572 622 
2164 592 606 562 557 
2165 149 705 120 148 
2166 722 735 51 313 
2167 562 561 592 557 
2168 509 569 624 608 
2169 3 527 92 607 
2170 563 621 645 666 
2171 202 722 593 163 
2172 596 606 557 610 
2173 361 599 407 628 
2174 89 245 224 604 
2175 739 294 628 250 
2176 82 576 591 632 
2177 340 570 337 667 
2178 375 373 343 625 
2179 407 700 628 735 
2180 557 596 610 622 
2181 331 641 621 657 
2182 641 644 578 671 
2183 595 598 558 624 
2184 86 85 571 643 
2185 181 710 119 672 
2186 462 477 466 596 
2187 563 560 621 641 
2188 386 410 320 659 
2189 51 313 50 722 
2190 248 665 78 692 
2191 477 463 478 596 
2192 666 353 574 344 
2193 78 692 631 79 
2194 298 589 288 619 
2195 145 146 210 623 
2196 731 545 648 536 
2197 362 689 379 377 
2198 666 353 344 347 
2199 326 573 377 328 
2200 561 637 602 557 
2201 315 362 394 649 
2202 567 596 606 676 
2203 200 587 646 169 
2204 205 628 140 660 
2205 664 325 652 577 
2206 564 3 658 693 
2207 355 360 411 604 
2208 79 248 78 692 
2209 662 673 212 694 
2210 78 631 586 685 
2211 318 587 749 646 
2212 300 270 237 568 
2213 21 227 272 640 
2214 217 729 121 182 
2215 758 206 135 159 
2216 251 293 287 590 
2217 154 743 711 609 
2218 725 476 612 679 
2219 624 676 558 608 
2220 597 665 248 692 
2221 116 157 156 696 
2222 93 432 92 607 
2223 363 674 356 417 
2224 593 646 202 690 
2225 80 631 644 692 
2226 240 575 87 650 
2227 564 657 633 559 
2228 3 526 77 685 
2229 346 576 675 345 
2230 325 324 652 684 
2231 575 678 580 687 
2232 90 245 89 604 
2233 471 459 481 562 
2234 715 446 629 655 
2235 653 412 352 684 
2236 265 224 594 650 
2237 355 342 604 683 
2238 450 451 449 647 
2239 90 298 245 604 
2240 298 268 245 604 
2241 363 674 417 317 
2242 723 283 744 566 
2243 664 652 325 326 
2244 156 214 583 696 
2245 378 594 366 678 
2246 698 152 150 613 
2247 429 475 509 608 
2248 576 591 632 675 
2249 282 283 301 566 
2250 343 573 377 689 
2251 354 588 371 630 
2252 698 242 613 281 
2253 209 190 130 566 
2254 666 353 347 588 
2255 94 419 515 622 
2256 204 158 206 619 
2257 99 725 538 549 
2258 319 395 583 696 
2259 165 707 738 617 
2260 3 564 577 693 
2261 624 676 608 569 
2262 364 628 583 675 
2263 209 566 130 695 
2264 387 411 360 566 
2265 531 468 482 592 
2266 504 90 598 658 
2267 719 292 584 285 
2268 386 748 406 312 
2269 384 597 376 617 
2270 746 282 613 242 
2271 308 397 393 584 
2272 91 579 615 693 
2273 723 283 566 301 
2274 656 670 653 693 
2275 748 312 60 406 
2276 585 639 82 83 
2277 328 573 625 664 
2278 353 574 344 659 
2279 209 155 190 566 
2280 385 722 593 646 
2281 511 489 465 677 
2282 132 699 623 721 
2283 493 490 435 663 
2284 282 695 594 566 
2285 350 356 678 687 
2286 154 743 609 116 
2287 307 609 368 669 
2288 14 278 660 697 
2289 457 562 470 592 
2290 325 326 327 664 
2291 200 587 169 198 
2292 350 678 575 687 
2293 117 199 581 640 
2294 586 558 607 685 
2295 524 473 431 612 
2296 374 682 633 683 
2297 137 702 736 63 
2298 407 361 358 599 
2299 722 735 313 593 
2300 557 592 605 647 
2301 339 641 348 671 
2302 491 95 418 622 
2303 239 680 638 691 
2304 151 613 184 674 
2305 378 366 363 678 
2306 381 380 579 653 
2307 349 381 380 579 
2308 368 581 410 659 
2309 160 756 627 702 
2310 326 573 328 664 
2311 574 273 263 600 
2312 591 669 632 675 
2313 560 625 578 692 
2314 715 446 655 496 
2315 81 80 422 631 
2316 212 662 179 673 
2317 543 556 554 629 
2318 573 343 597 689 
2319 158 115 709 619 
2320 666 353 588 574 
2321 365 583 669 675 
2322 351 350 341 575 
2323 228 568 694 270 
2324 315 43 44 740 
2325 295 720 286 583 
2326 748 768 60 183 
2327 707 384 617 587 
2328 586 558 585 559 
2329 364 319 395 583 
2330 662 653 684 412 
2331 356 580 363 678 
2332 562 606 610 557 
2333 577 670 3 693 
2334 290 262 240 580 
2335 451 468 469 592 
2336 626 633 570 667 
2337 658 620 598 504 
2338 200 587 198 690 
2339 657 664 564 682 
2340 89 224 88 650 
2341 385 593 358 634 
2342 576 591 563 585 
2343 613 672 580 674 
2344 350 575 351 687 
2345 580 575 650 678 
2346 193 708 138 147 
2347 558 608 595 624 
2348 527 607 3 658 
2349 529 753 612 730 
2350 725 476 506 612 
2351 217 600 148 635 
2352 568 673 662 694 
2353 522 493 504 620 
2354 421 87 500 624 
2355 626 645 633 667 
2356 584 623 397 687 
2357 216 706 695 127 
2358 585 558 614 639 
2359 359 578 634 671 
2360 579 381 653 661 
2361 330 372 331 657 
2362 342 366 360 594 
2363 578 644 80 688 
2364 329 664 657 682 
2365 271 752 755 1 
2366 615 633 626 559 
2367 598 620 558 624 
2368 101 100 679 426 
2369 448 647 605 450 
2370 197 707 144 165 
2371 364 319 583 628 
2372 590 617 408 689 
2373 559 633 626 645 
2374 203 593 172 660 
2375 437 436 601 637 
2376 621 641 560 657 
2377 262 240 580 654 
2378 748 768 183 600 
2379 346 576 345 339 
2380 81 82 576 585 
2381 599 291 593 660 
2382 444 472 447 569 
2383 580 654 575 687 
2384 725 535 679 612 
2385 443 446 442 602 
2386 714 311 695 387 
2387 461 460 458 606 
2388 562 561 557 651 
2389 488 620 518 663 
2390 561 572 618 637 
2391 349 381 579 661 
2392 679 100 101 535 
2393 424 724 616 731 
2394 132 699 721 65 
2395 665 680 573 638 
2396 744 304 283 229 
2397 140 205 162 628 
2398 291 278 593 660 
2399 576 599 346 675 
2400 428 603 510 631 
2401 571 626 575 667 
2402 444 487 472 569 
2403 252 589 298 656 
2404 325 653 577 682 
2405 341 575 350 667 
2406 391 748 600 386 
2407 84 420 499 639 
2408 222 87 240 575 
2409 80 226 578 688 
2410 550 533 554 616 
2411 738 408 617 309 
2412 680 586 78 636 
2413 740 44 315 649 
2414 544 543 545 651 
2415 696 129 737 54 
2416 603 614 567 677 
2417 304 283 253 566 
2418 134 154 201 609 
2419 243 600 705 640 
2420 328 625 657 664 
2421 11 125 690 173 
2422 80 578 226 692 
2423 348 373 359 578 
2424 160 756 702 62 
2425 573 636 625 664 
2426 576 346 599 671 
2427 427 598 494 620 
2428 473 610 512 622 
2429 422 677 495 474 
2430 424 724 731 104 
2431 224 282 265 594 
2432 603 607 558 685 
2433 473 513 610 622 
2434 412 314 662 673 
2435 238 84 225 574 
2436 277 234 260 582 
2437 78 586 77 685 
2438 362 689 377 652 
2439 636 657 625 664 
2440 339 372 348 641 
2441 428 510 495 631 
2442 586 631 585 558 
2443 371 354 392 588 
2444 562 555 544 679 
2445 443 441 444 602 
2446 393 371 392 627 
2447 542 651 618 655 
2448 90 427 504 598 
2449 570 594 650 678 
2450 227 581 289 640 
2451 277 260 293 638 
2452 564 636 586 680 
2453 754 179 662 673 
2454 579 633 615 564 
2455 639 681 595 84 
2456 484 608 420 639 
2457 573 597 343 625 
2458 437 438 436 637 
2459 559 595 598 558 
2460 422 501 81 614 
2461 88 494 89 598 
2462 484 485 520 608 
2463 651 610 612 572 
2464 331 621 332 657 
2465 359 348 578 671 
2466 448 647 450 449 
2467 214 129 208 628 
2468 259 246 238 591 
2469 294 257 583 632 
2470 325 324 326 652 
2471 448 647 449 445 
2472 420 608 499 639 
2473 349 579 380 682 
2474 584 630 686 687 
2475 680 78 586 77 
2476 300 568 237 670 
2477 236 670 656 693 
2478 599 291 660 261 
2479 82 221 81 576 
2480 322 765 732 2 
2481 335 337 633 667 
2482 623 654 580 687 
2483 662 653 412 673 
2484 346 576 339 671 
2485 576 644 641 671 
2486 716 423 525 629 
2487 575 626 87 650 
2488 322 765 2 310 
2489 457 458 606 668 
2490 457 456 458 668 
2491 522 493 620 663 
2492 572 637 561 557 
2493 373 372 330 625 
2494 446 496 519 655 
2495 765 684 662 611 
2496 580 650 594 678 
2497 599 628 361 675 
2498 93 92 433 607 
2499 383 634 587 646 
2500 91 579 90 615 
2501 571 645 369 666 
2502 639 681 84 83 
2503 120 149 215 640 
2504 482 452 454 668 
2505 293 665 590 638 
2506 235 262 290 672 
2507 351 575 630 687 
2508 83 246 82 591 
2509 561 618 572 651 
2510 113 713 177 189 
2511 346 599 671 358 
2512 360 355 342 604 
2513 336 338 344 666 
2514 339 576 641 671 
2515 520 420 484 608 
2516 439 602 442 637 
2517 288 298 252 589 
2518 357 368 410 659 
2519 293 665 638 223 
2520 350 351 356 687 
2521 86 85 429 595 
2522 743 295 720 232 
2523 377 573 652 689 
2524 3 577 239 670 
2525 697 172 13 142 
2526 715 556 629 552 
2527 240 222 575 654 
2528 720 232 18 743 
2529 371 397 584 393 
2530 114 611 662 694 
2531 150 698 613 672 
2532 698 152 31 150 
2533 390 764 727 57 
2534 428 631 78 685 
2535 390 764 57 409 
2536 698 242 281 31 
2537 18 19 743 232 
2538 307 669 365 696 
2539 420 520 499 608 
2540 134 180 154 609 
2541 450 485 453 605 
2542 579 349 661 683 
2543 359 634 358 671 
2544 385 722 646 405 
2545 715 446 496 498 
2546 510 478 463 603 
2547 677 631 422 495 
2548 356 397 623 687 
2549 521 479 478 603 
2550 337 633 570 683 
2551 435 437 601 663 
2552 376 408 617 689 
2553 176 213 113 582 
2554 346 599 358 361 
2555 332 633 621 645 
2556 499 475 429 608 
2557 510 603 463 677 
2558 246 82 591 632 
2559 561 651 572 557 
2560 349 579 682 683 
2561 577 684 652 691 
2562 737 162 628 700 
2563 41 186 113 611 
2564 289 227 259 581 
2565 228 568 270 300 
2566 643 84 681 574 
2567 578 671 644 688 
2568 370 351 341 630 
2569 13 278 690 244 
2570 284 743 711 19 
2571 261 221 294 599 
2572 738 196 165 617 
2573 212 171 178 694 
2574 576 632 599 675 
2575 350 667 575 678 
2576 80 79 631 692 
2577 568 656 237 670 
2578 523 82 501 639 
2579 89 494 427 598 
2580 92 607 432 685 
2581 247 643 86 686 
2582 651 610 572 557 
2583 463 462 461 596 
2584 284 743 19 232 
2585 202 722 163 126 
2586 220 236 656 693 
2587 40 41 113 611 
2588 201 199 167 581 
2589 522 490 493 663 
2590 228 670 611 568 
2591 468 452 482 592 
2592 14 278 233 660 
2593 85 571 643 681 
2594 559 626 571 645 
2595 725 538 549 535 
2596 203 172 128 660 
2597 440 569 441 602 
2598 14 172 660 128 
2599 529 753 730 98 
2600 328 625 330 657 
2601 599 632 583 675 
2602 504 607 527 658 
2603 201 117 199 581 
2604 583 632 609 669 
2605 117 153 199 640 
2606 132 699 65 161 
2607 364 361 628 675 
2608 701 409 764 581 
2609 337 374 633 683 
2610 431 529 612 642 
2611 483 449 451 647 
2612 221 576 82 632 
2613 588 247 225 255 
2614 358 385 407 593 
2615 368 409 410 581 
2616 294 257 286 583 
2617 535 612 544 679 
2618 470 731 508 424 
2619 579 656 653 693 
2620 349 682 374 683 
2621 516 612 610 467 
2622 385 313 407 593 
2623 737 162 700 53 
2624 100 476 725 679 
2625 220 91 236 693 
2626 163 202 203 593 
2627 570 650 667 678 
2628 243 600 640 263 
2629 80 644 578 692 
2630 741 195 175 122 
2631 193 756 627 160 
2632 501 465 480 614 
2633 564 633 615 559 
2634 167 133 58 701 
2635 288 252 269 589 
2636 319 416 395 696 
2637 488 518 487 663 
2638 230 767 274 635 
2639 480 501 614 639 
2640 293 258 287 590 
2641 564 615 579 693 
2642 482 454 457 668 
2643 101 517 426 679 
2644 714 311 387 413 
2645 396 382 589 661 
2646 83 82 523 639 
2647 298 288 268 619 
2648 299 260 234 582 
2649 376 597 343 689 
2650 578 644 560 692 
2651 332 621 333 645 
2652 137 702 63 160 
2653 762 229 619 709 
2654 355 604 661 683 
2655 758 135 703 73 
2656 563 666 571 681 
2657 665 680 638 223 
2658 580 672 623 674 
2659 193 708 147 627 
2660 376 375 343 597 
2661 291 233 278 660 
2662 701 409 320 58 
2663 41 755 186 611 
2664 13 12 244 690 
2665 203 202 172 593 
2666 228 670 568 300 
2667 716 550 747 106 
2668 583 628 599 675 
2669 435 436 418 601 
2670 101 648 517 679 
2671 256 292 285 584 
2672 209 130 168 695 
2673 428 603 631 685 
2674 346 599 361 675 
2675 217 729 182 149 
2676 531 424 492 616 
2677 525 469 492 616 
2678 733 274 635 303 
2679 335 340 337 667 
2680 396 382 306 589 
2681 741 195 122 213 
2682 236 3 670 693 
2683 375 383 359 634 
2684 198 173 200 690 
2685 383 587 318 646 
2686 255 247 296 588 
2687 564 658 586 559 
2688 233 15 14 660 
2689 742 297 280 587 
2690 396 589 306 673 
2691 437 439 438 637 
2692 564 657 636 664 
2693 468 451 452 592 
2694 742 231 10 280 
2695 318 384 403 587 
2696 243 600 263 273 
2697 554 545 543 616 
2698 132 699 161 623 
2699 75 314 398 673 
2700 339 338 334 641 
2701 699 397 623 402 
2702 715 556 552 534 
2703 375 376 384 597 
2704 243 22 272 640 
2705 21 734 640 117 
2706 463 596 461 677 
2707 703 164 72 135 
2708 701 409 58 764 
2709 118 179 75 673 
2710 296 588 247 686 
2711 241 221 261 599 
2712 357 353 344 659 
2713 187 611 752 41 
2714 702 393 321 627 
2715 423 469 525 629 
2716 365 307 368 669 
2717 705 120 22 640 
2718 311 387 360 695 
2719 574 353 600 659 
2720 763 718 673 136 
2721 492 469 468 616 
2722 654 256 686 584 
2723 69 706 127 695 
2724 690 202 200 646 
2725 450 448 485 605 
2726 749 144 707 48 
2727 516 612 467 476 
2728 760 147 26 708 
2729 91 615 658 693 
2730 81 80 688 241 
2731 643 84 574 225 
2732 89 598 90 615 
2733 764 58 57 409 
2734 153 21 22 640 
2735 741 234 704 6 
2736 758 135 73 159 
2737 165 738 46 124 
2738 634 646 593 690 
2739 153 22 120 640 
2740 435 490 437 663 
2741 295 259 284 609 
2742 562 612 610 679 
2743 227 289 272 640 
2744 564 586 636 559 
2745 101 535 553 679 
2746 550 105 747 106 
2747 564 615 658 559 
2748 81 576 644 585 
2749 578 625 597 692 
2750 274 303 273 635 
2751 137 702 160 627 
2752 3 577 564 680 
2753 711 117 20 154 
2754 639 681 83 585 
2755 618 651 561 655 
2756 752 611 694 228 
2757 709 158 35 115 
2758 118 74 159 673 
2759 114 611 41 40 
2760 651 610 557 562 
2761 110 537 655 548 
2762 402 356 397 623 
2763 439 442 503 637 
2764 730 529 97 642 
2765 239 577 3 680 
2766 279 280 254 587 
2767 560 644 641 585 
2768 747 724 105 550 
2769 392 354 391 588 
2770 564 664 636 680 
2771 542 541 618 651 
2772 468 531 492 616 
2773 94 418 95 622 
2774 737 389 700 628 
2775 274 255 296 635 
2776 710 119 29 146 
2777 463 477 462 596 
2778 165 707 144 47 
2779 138 733 635 148 
2780 271 752 1 228 
2781 575 654 222 686 
2782 380 579 653 682 
2783 260 582 299 691 
2784 194 195 175 649 
2785 599 291 261 241 
2786 239 670 577 691 
2787 274 296 230 635 
2788 325 577 653 684 
2789 291 278 266 593 
2790 201 711 117 581 
2791 467 464 466 610 
2792 324 394 362 652 
2793 574 600 353 588 
2794 576 563 641 585 
2795 564 658 615 693 
2796 193 756 160 121 
2797 253 283 282 566 
2798 579 682 564 693 
2799 546 612 547 642 
2800 89 427 90 598 
2801 118 75 74 673 
2802 654 256 584 292 
2803 512 473 466 610 
2804 304 268 229 619 
2805 437 436 435 601 
2806 391 748 386 312 
2807 96 97 431 642 
2808 15 712 170 660 
2809 322 684 765 310 
2810 475 520 485 608 
2811 378 360 366 594 
2812 638 652 573 689 
2813 736 308 699 64 
2814 43 177 143 713 
2815 114 179 212 662 
2816 238 246 83 591 
2817 316 703 761 72 
2818 228 670 300 264 
2819 504 427 522 620 
2820 710 623 146 745 
2821 551 545 533 616 
2822 422 677 474 511 
2823 423 483 469 629 
2824 716 550 629 747 
2825 578 634 671 688 
2826 279 280 587 690 
2827 571 645 626 667 
2828 750 130 695 168 
2829 747 724 550 616 
2830 67 317 401 674 
2831 498 716 715 629 
2832 737 162 53 129 
2833 532 730 728 642 
2834 90 615 598 658 
2835 643 666 574 681 
2836 247 588 643 686 
2837 422 677 511 614 
2838 331 332 329 657 
2839 498 715 108 496 
2840 571 666 643 681 
2841 83 420 84 639 
2842 181 721 674 218 
2843 579 653 656 661 
2844 453 454 452 668 
2845 274 273 255 635 
2846 170 128 15 660 
2847 430 751 642 618 
2848 428 79 78 631 
2849 473 512 419 622 
2850 165 707 47 738 
2851 743 295 232 284 
2852 706 67 184 674 
2853 651 610 562 612 
2854 212 114 662 694 
2855 335 633 645 667 
2856 330 328 343 625 
2857 84 595 85 681 
2858 178 38 694 171 
2859 712 139 739 16 
2860 593 634 385 646 
2861 760 230 708 26 
2862 197 707 165 617 
2863 689 408 649 379 
2864 383 384 318 587 
2865 498 716 629 423 
2866 323 412 662 684 
2867 480 484 420 639 
2868 265 240 224 650 
2869 431 529 506 612 
2870 355 661 349 683 
2871 653 656 568 670 
2872 116 154 180 609 
2873 151 184 67 674 
2874 69 127 168 695 
2875 236 3 239 670 
2876 586 658 558 559 
2877 741 175 717 7 
2878 556 539 554 629 
2879 156 739 139 17 
2880 350 340 667 678 
2881 205 170 628 660 
2882 425 110 497 655 
2883 156 157 214 696 
2884 653 670 577 693 
2885 502 436 438 637 
2886 521 603 428 685 
2887 540 618 541 642 
2888 291 593 266 688 
2889 265 613 281 672 
2890 370 354 371 630 
2891 334 621 331 641 
2892 158 718 36 136 
2893 528 618 502 637 
2894 694 267 763 38 
2895 38 37 267 763 
2896 501 511 465 614 
2897 560 636 586 559 
2898 87 626 88 650 
2899 353 600 659 386 
2900 712 139 16 170 
2901 747 616 550 629 
2902 573 636 664 680 
2903 725 535 100 679 
2904 518 488 494 620 
2905 276 292 262 654 
2906 433 527 504 607 
2907 260 638 582 691 
2908 335 633 332 645 
2909 187 611 41 114 
2910 228 670 264 611 
2911 516 612 476 679 
2912 239 577 680 691 
2913 233 275 15 660 
2914 181 721 218 132 
2915 716 747 629 525 
2916 204 164 190 619 
2917 236 237 656 670 
2918 80 226 79 692 
2919 267 763 673 694 
2920 431 97 529 642 
2921 141 175 8 717 
2922 270 305 267 694 
2923 713 43 315 740 
2924 138 733 148 24 
2925 337 349 374 683 
2926 429 509 500 624 
2927 472 518 421 624 
2928 27 123 719 145 
2929 717 741 7 251 
2930 154 743 116 19 
2931 690 200 202 142 
2932 712 739 628 250 
2933 744 115 709 34 
2934 725 100 535 549 
2935 428 78 505 685 
2936 762 269 589 288 
2937 473 419 513 622 
2938 360 378 311 695 
2939 75 754 673 179 
2940 359 358 348 671 
2941 52 700 140 162 
2942 156 739 17 720 
2943 497 766 618 655 
2944 504 527 91 658 
2945 520 475 499 608 
2946 67 721 218 674 
2947 353 600 386 391 
2948 408 379 388 649 
2949 280 11 10 742 
2950 299 611 264 691 
2951 390 764 409 581 
2952 49 126 722 646 
2953 322 684 310 323 
2954 715 446 498 629 
2955 542 618 537 655 
2956 327 664 329 682 
2957 679 555 544 535 
2958 14 15 128 660 
2959 380 653 325 682 
2960 665 680 223 78 
2961 733 274 303 24 
2962 698 242 746 613 
2963 745 145 28 719 
2964 480 523 501 639 
2965 478 510 428 603 
2966 478 428 521 603 
2967 570 633 615 683 
2968 154 743 19 711 
2969 621 633 559 645 
2970 467 524 476 612 
2971 169 126 49 646 
2972 636 657 564 559 
2973 213 195 143 649 
2974 335 332 333 645 
2975 356 363 350 678 
2976 131 746 152 32 
2977 323 352 412 684 
2978 705 148 23 120 
2979 114 611 40 662 
2980 507 766 751 618 
2981 216 150 152 613 
2982 525 724 492 105 
2983 442 439 441 602 
2984 208 205 170 628 
2985 612 572 642 651 
2986 197 196 174 617 
2987 760 192 719 123 
2988 365 669 345 675 
2989 287 717 759 8 
2990 694 267 38 305 
2991 155 723 131 33 
2992 155 723 33 744 
2993 749 403 48 707 
2994 503 618 528 637 
2995 719 745 249 28 
2996 329 328 657 664 
2997 630 643 588 686 
2998 364 361 319 628 
2999 299 271 264 611 
3000 100 476 679 426 
3001 498 716 423 107 
3002 374 349 380 682 
3003 762 229 709 35 
3004 530 751 728 642 
3005 587 646 634 690 
3006 532 730 642 547 
3007 736 161 584 137 
3008 333 332 331 621 
3009 125 174 10 726 
3010 149 705 148 600 
3011 583 669 609 696 
3012 138 708 25 147 
3013 134 167 57 727 
3014 92 432 526 685 
3015 265 281 290 672 
3016 746 282 242 301 
3017 507 766 618 497 
3018 673 718 763 267 
3019 564 577 693 682 
3020 541 537 542 618 
3021 381 352 380 653 
3022 498 716 107 715 
3023 564 577 682 664 
3024 161 210 132 623 
3025 564 577 664 680 
3026 540 541 532 642 
3027 372 334 331 641 
3028 505 521 428 685 
3029 158 204 115 619 
3030 535 546 544 612 
3031 193 147 211 627 
3032 618 642 572 651 
3033 150 613 151 672 
3034 553 536 102 648 
3035 446 514 498 629 
3036 505 78 77 685 
3037 412 398 314 673 
3038 575 667 650 678 
3039 173 11 12 690 
3040 322 684 323 662 
3041 748 312 729 60 
3042 548 109 534 655 
3043 132 721 218 66 
3044 525 724 105 747 
3045 454 453 455 668 
3046 555 545 536 648 
3047 738 408 309 46 
3048 328 330 329 657 
3049 294 221 257 632 
3050 380 325 327 682 
3051 190 115 204 619 
3052 467 466 473 610 
3053 560 657 636 559 
3054 12 302 244 690 
3055 541 642 618 651 
3056 425 503 519 655 
3057 350 366 340 678 
3058 187 611 114 694 
3059 211 137 160 627 
3060 547 546 538 612 
3061 546 544 612 651 
3062 96 430 97 642 
3063 718 762 589 158 
3064 203 205 140 660 
3065 612 642 546 651 
3066 739 16 17 250 
3067 556 542 534 655 
3068 194 166 195 649 
3069 422 80 495 631 
3070 257 246 295 632 
3071 118 212 179 673 
3072 632 669 583 675 
3073 739 286 17 720 
3074 3 91 658 693 
3075 215 133 199 640 
3076 150 151 613 216 
3077 540 537 541 618 
3078 679 471 517 481 
3079 542 543 541 651 
3080 570 650 626 667 
3081 91 615 90 658 
3082 44 166 45 649 
3083 535 538 546 612 
3084 80 241 226 688 
3085 698 242 31 746 
3086 530 728 97 642 
3087 374 327 329 682 
3088 265 242 281 613 
3089 756 392 627 321 
3090 443 442 441 602 
3091 212 207 171 673 
3092 626 650 575 667 
3093 91 527 3 658 
3094 86 247 85 643 
3095 379 362 315 649 
3096 142 173 12 690 
3097 324 323 310 684 
3098 165 196 197 617 
3099 333 331 334 621 
3100 325 653 352 684 
3101 577 682 653 693 
3102 351 630 371 687 
3103 575 686 630 687 
3104 430 751 618 507 
3105 744 115 34 155 
3106 142 12 13 690 
3107 92 527 433 607 
3108 579 661 604 683 
3109 430 751 507 530 
3110 349 355 381 661 
3111 643 84 225 85 
3112 332 337 374 633 
3113 260 239 638 691 
3114 371 351 370 630 
3115 151 67 218 674 
3116 220 236 237 656 
3117 49 405 318 646 
3118 456 454 455 668 
3119 459 458 460 606 
3120 707 384 587 403 
3121 384 376 408 617 
3122 506 476 524 612 
3123 44 143 166 649 
3124 400 69 311 695 
3125 643 84 85 681 
3126 577 670 684 691 
3127 488 427 494 620 
3128 560 625 636 657 
3129 110 425 109 655 
3130 407 700 735 52 
3131 411 382 355 661 
3132 149 748 60 183 
3133 742 231 726 10 
3134 762 229 35 288 
3135 486 443 445 647 
3136 379 408 376 689 
3137 497 528 503 618 
3138 49 749 169 646 
3139 708 767 635 138 
3140 181 132 146 623 
3141 385 722 405 313 
3142 575 654 686 687 
3143 341 350 340 667 
3144 396 381 382 661 
3145 653 682 579 693 
3146 597 665 573 689 
3147 584 654 623 687 
3148 576 641 644 585 
3149 330 343 373 625 
3150 599 291 241 688 
3151 162 205 208 628 
3152 621 657 560 559 
3153 502 528 507 618 
3154 423 514 483 629 
3155 486 449 483 647 
3156 45 738 649 124 
3157 70 714 311 750 
3158 148 138 217 635 
3159 200 202 126 646 
3160 439 503 438 637 
3161 393 392 321 627 
3162 568 662 611 694 
3163 361 407 389 628 
3164 504 91 90 658 
3165 385 634 383 646 
3166 590 638 665 689 
3167 546 547 532 642 
3168 365 345 364 675 
3169 611 684 670 691 
3170 459 457 458 606 
3171 517 101 102 648 
3172 355 349 342 683 
3173 457 454 456 668 
3174 679 555 535 553 
3175 348 346 339 671 
3176 335 337 332 633 
3177 471 508 470 648 
3178 524 431 506 612 
3179 472 421 500 624 
3180 240 262 222 654 
3181 211 160 193 627 
3182 97 4 728 530 
3183 44 388 315 649 
3184 271 752 228 611 
3185 679 471 481 562 
3186 182 149 729 60 
3187 143 44 740 649 
3188 206 718 136 673 
3189 369 336 347 666 
3190 242 265 282 613 
3191 353 600 391 588 
3192 40 732 188 662 
3193 500 509 472 624 
3194 365 367 345 669 
3195 181 721 132 623 
3196 384 408 309 617 
3197 424 724 104 492 
3198 522 620 488 663 
3199 715 109 496 655 
3200 762 229 288 619 
3201 353 354 347 588 
3202 210 146 132 623 
3203 271 228 264 611 
3204 4 97 730 529 
3205 289 263 272 640 
3206 525 716 106 423 
3207 638 652 582 691 
3208 236 300 237 670 
3209 288 36 35 762 
3210 768 133 701 59 
3211 30 698 150 672 
3212 239 264 670 691 
3213 293 665 223 258 
3214 157 185 214 696 
3215 168 750 69 695 
3216 611 670 264 691 
3217 424 724 492 616 
3218 94 95 419 622 
3219 573 665 638 689 
3220 762 269 288 36 
3221 541 546 642 651 
3222 347 336 344 666 
3223 293 665 258 590 
3224 128 205 203 660 
3225 412 396 398 673 
3226 296 247 256 686 
3227 510 463 474 677 
3228 501 422 511 614 
3229 181 672 151 674 
3230 129 162 208 628 
3231 215 199 153 640 
3232 507 766 497 111 
3233 568 611 662 684 
3234 438 528 502 637 
3235 556 552 539 629 
3236 428 495 79 631 
3237 223 260 239 638 
3238 533 545 554 616 
3239 522 488 490 663 
3240 402 401 417 674 
3241 746 31 32 242 
3242 359 385 358 634 
3243 437 490 440 663 
3244 102 731 508 648 
3245 188 754 662 732 
3246 768 133 59 183 
3247 729 121 182 61 
3248 529 753 98 506 
3249 696 129 54 185 
3250 30 119 710 672 
3251 727 134 219 56 
3252 30 150 119 672 
3253 233 261 275 660 
3254 611 568 670 684 
3255 217 193 121 635 
3256 507 766 111 751 
3257 323 412 314 662 
3258 706 317 400 68 
3259 248 297 258 665 
3260 496 109 425 655 
3261 488 522 427 620 
3262 361 389 319 628 
3263 181 721 623 674 
3264 511 474 489 677 
3265 440 488 487 663 
3266 419 95 513 622 
3267 542 537 548 655 
3268 367 365 368 669 
3269 5 704 176 186 
3270 239 3 77 680 
3271 187 1 41 752 
3272 362 377 326 652 
3273 364 346 361 675 
3274 229 268 288 619 
3275 560 636 625 692 
3276 417 401 317 674 
3277 288 589 762 619 
3278 181 119 151 672 
3279 261 233 291 660 
3280 316 703 72 399 
3281 207 118 159 673 
3282 118 207 212 673 
3283 226 241 266 688 
3284 212 178 114 694 
3285 372 339 334 641 
3286 80 79 495 631 
3287 329 327 328 664 
3288 532 541 546 642 
3289 311 378 400 695 
3290 333 369 335 645 
3291 219 55 157 696 
3292 703 382 399 316 
3293 272 263 243 640 
3294 30 235 281 672 
3295 577 670 653 684 
3296 264 236 239 670 
3297 517 481 426 679 
3298 529 753 506 612 
3299 731 424 103 508 
3300 396 306 398 673 
3301 363 366 350 678 
3302 188 754 732 76 
3303 228 568 611 694 
3304 327 326 328 664 
3305 343 377 376 689 
3306 654 256 292 222 
3307 209 191 131 695 
3308 704 755 582 186 
3309 505 77 526 685 
3310 330 331 329 657 
3311 224 240 88 650 
3312 127 706 68 184 
3313 325 352 323 684 
3314 486 445 449 647 
3315 153 120 215 640 
3316 470 731 424 616 
3317 247 86 222 686 
3318 523 420 83 639 
3319 653 670 568 684 
3320 138 193 217 635 
3321 337 342 349 683 
3322 240 87 88 650 
3323 517 102 508 648 
3324 40 188 114 662 
3325 353 357 386 659 
3326 279 302 280 690 
3327 352 325 380 653 
3328 186 41 1 755 
3329 385 383 318 646 
3330 205 128 170 660 
3331 381 355 382 661 
3332 725 753 612 506 
3333 507 528 497 618 
3334 753 98 99 538 
3335 732 765 662 40 
3336 152 31 32 746 
3337 200 126 169 646 
3338 395 307 365 696 
3339 376 377 379 689 
3340 705 23 22 120 
3341 584 686 654 687 
3342 252 298 220 656 
3343 315 388 379 649 
3344 55 157 696 185 
3345 474 463 461 677 
3346 219 157 180 696 
3347 246 221 82 632 
3348 757 390 727 56 
3349 654 256 222 686 
3350 397 351 371 687 
3351 31 30 698 150 
3352 356 351 397 687 
3353 340 335 341 667 
3354 247 225 85 643 
3355 13 14 172 697 
3356 503 528 438 637 
3357 410 386 357 659 
3358 324 362 326 652 
3359 489 474 461 677 
3360 714 761 71 316 
3361 480 420 523 639 
3362 729 121 61 756 
3363 279 266 244 690 
3364 219 757 55 696 
3365 74 159 758 73 
3366 6 7 122 741 
3367 200 173 142 690 
3368 17 18 156 720 
3369 15 16 170 712 
3370 188 754 76 179 
3371 141 8 9 759 
3372 760 27 26 123 
3373 492 104 105 724 
3374 11 742 280 690 
3375 496 425 519 655 
3376 734 21 20 117 
3377 119 150 151 672 
3378 29 30 119 710 
3379 71 761 164 72 
3380 756 62 121 61 
3381 191 209 168 695 
3382 740 43 44 143 
3383 530 97 430 642 
3384 188 754 179 662 
3385 133 58 701 59 
3386 99 506 725 476 
3387 71 316 761 72 
3388 291 266 241 688 
3389 33 34 155 744 
3390 589 718 673 267 
3391 742 11 10 125 
3392 416 55 307 696 
3393 154 19 20 711 
3394 767 25 24 138 
3395 541 543 544 651 
3396 762 36 35 158 
3397 346 348 358 671 
3398 108 496 715 109 
3399 745 29 28 146 
3400 38 37 763 171 
3401 440 490 488 663 
3402 318 405 385 646 
3403 325 323 324 684 
3404 316 566 761 619 
3405 476 426 516 679 
3406 65 66 721 132 
3407 737 54 129 53 
3408 257 221 246 632 
3409 167 58 57 764 
3410 62 160 63 702 
3411 6 5 704 176 
3412 364 345 346 675 
3413 252 220 237 656 
3414 735 52 140 51 
3415 281 235 290 672 
3416 127 191 168 695 
3417 714 761 316 566 
3418 374 380 327 682 
3419 505 526 432 685 
3420 108 107 715 498 
3421 135 72 703 73 
3422 102 103 508 731 
3423 247 222 256 686 
3424 2 40 189 765 
3425 426 481 516 679 
3426 131 32 33 723 
3427 694 228 305 39 
3428 169 48 749 49 
3429 45 124 46 738 
3430 188 40 2 732 
3431 385 359 383 634 
3432 76 179 754 75 
3433 137 64 63 736 
3434 293 260 223 638 
3435 706 68 69 127 
3436 292 222 262 654 
3437 706 68 184 67 
3438 505 432 521 685 
3439 260 299 239 691 
3440 719 292 285 249 
3441 195 166 143 649 
3442 223 78 248 665 
3443 107 106 716 423 
3444 111 766 497 110 
3445 760 230 26 285 
3446 148 23 24 733 
3447 236 91 3 693 
3448 322 323 314 662 
3449 65 699 64 161 
3450 144 48 47 707 
3451 713 310 415 42 
3452 49 50 722 126 
3453 542 548 534 655 
3454 728 4 112 530 
3455 39 1 187 752 
3456 354 353 391 588 
3457 713 177 189 42 
3458 423 498 514 629 
3459 37 36 718 136 
3460 530 751 507 112 
3461 536 553 555 648 
3462 506 98 99 753 
3463 248 258 223 665 
3464 750 70 168 69 
3465 51 722 50 163 
3466 725 100 99 476 
3467 1 5 186 755 
3468 760 296 230 285 
3469 188 179 114 662 
3470 46 738 165 47 
3471 700 52 53 162 
3472 546 541 544 651 
3473 727 57 134 56 
3474 70 71 714 130 
3475 508 471 517 648 
3476 694 187 39 178 
3477 709 35 34 115 
3478 18 19 116 743 
3479 139 16 17 739 
3480 174 9 10 726 
3481 424 103 104 731 
3482 713 43 177 42 
3483 26 25 708 147 
3484 175 7 8 717 
3485 730 98 4 529 
3486 239 299 264 691 
3487 530 751 112 728 
3488 264 300 236 670 
3489 719 28 27 145 
3490 39 38 694 178 
3491 416 307 395 696 
3492 765 189 2 42 
3493 60 729 182 61 
3494 76 188 2 732 
3495 270 228 305 694 
3496 244 302 279 690 
3497 218 181 151 674 
3498 768 60 183 59 
3499 757 56 219 55 
3500 285 27 26 760 
3501 178 187 114 694 
3502 55 696 54 185 
3503 507 112 751 111 
3504 747 105 525 106 
3505 67 218 721 66 
3506 559 563 560 621 
3507 559 560 563 585 
3508 686 571 575 630 
3509 686 575 571 86 
3510 627 686 630 588 
3511 630 686 627 584 
3512 630 371 627 588 
3513 627 371 630 584 
3514 136 763 37 171 
3515 742 587 280 690 
3516 647 514 446 629 
3517 647 446 514 486 
3518 464 606 481 460 
3519 464 606 460 462 
3520 608 448 485 475 
3521 608 485 448 605 
3522 369 347 630 666 
3523 369 630 347 370 
3524 159 673 206 207 
3525 758 206 159 673 
3526 136 206 673 207 
3527 206 718 673 589 
3528 445 602 443 444 
3529 445 602 444 569 
3530 174 759 141 9 
3531 174 759 9 726 
3532 760 147 708 627 
3533 211 760 147 123 
3534 597 383 384 375 
3535 597 384 383 587 
3536 720 116 18 156 
3537 720 232 286 18 
3538 641 625 657 372 
3539 641 657 625 560 
3540 202 697 690 142 
3541 202 697 142 172 
3542 606 462 461 460 
3543 606 461 462 596 
3544 696 129 214 583 
3545 696 214 129 185 
3546 197 587 125 198 
3547 197 587 198 144 
3548 295 583 286 257 
3549 295 583 257 632 
3550 630 369 666 571 
3551 242 32 746 301 
3552 509 569 608 447 
3553 509 569 447 472 
3554 690 278 266 244 
3555 690 266 278 593 
3556 163 735 140 51 
3557 163 735 51 722 
3558 211 584 137 627 
3559 760 192 123 211 
3560 760 192 211 584 
3561 211 584 192 137 
3562 727 167 581 134 
3563 390 764 581 727 
3564 749 144 48 169 
3565 749 403 707 587 
3566 13 278 697 690 
3567 202 697 172 593 
3568 545 651 562 544 
3569 562 651 545 616 
3570 562 555 679 648 
3571 731 562 616 470 
3572 130 761 164 71 
3573 130 761 71 714 
3574 746 282 301 695 
3575 596 606 676 557 
3576 668 606 676 567 
3577 668 676 606 557 
3578 692 248 226 79 
3579 692 226 248 597 
3580 620 676 663 565 
3581 663 676 620 569 
3582 713 213 177 143 
3583 713 315 394 649 
3584 713 315 649 740 
3585 430 618 502 507 
3586 430 751 530 642 
3587 580 678 613 363 
3588 580 613 678 594 
3589 378 613 678 363 
3590 378 678 613 594 
3591 356 674 402 417 
3592 402 674 356 623 
3593 657 682 633 329 
3594 633 682 657 564 
3595 614 631 677 603 
3596 314 754 662 673 
3597 510 677 631 603 
3598 510 631 677 495 
3599 712 139 170 628 
3600 712 139 628 739 
3601 710 276 745 29 
3602 636 78 680 573 
3603 223 78 680 77 
3604 665 680 78 573 
3605 658 559 598 558 
3606 658 598 559 615 
3607 664 325 682 327 
3608 664 682 325 577 
3609 741 175 7 122 
3610 717 741 251 649 
3611 645 336 333 369 
3612 645 336 369 666 
3613 680 223 239 638 
3614 680 239 223 77 
3615 160 756 62 121 
3616 193 756 121 635 
3617 693 220 579 656 
3618 693 579 220 91 
3619 90 220 579 91 
3620 612 473 467 524 
3621 612 467 473 610 
3622 745 145 719 623 
3623 745 145 623 146 
3624 285 719 249 27 
3625 760 296 285 584 
3626 163 722 50 126 
3627 202 722 126 646 
3628 713 213 143 649 
3629 713 315 43 415 
3630 127 695 216 191 
3631 216 706 127 184 
3632 152 216 695 191 
3633 152 695 216 613 
3634 667 369 335 341 
3635 667 335 369 645 
3636 680 652 664 573 
3637 680 664 652 577 
3638 696 116 180 609 
3639 696 180 116 157 
3640 497 655 503 425 
3641 503 655 497 618 
3642 74 673 758 159 
3643 306 673 74 398 
3644 364 583 365 675 
3645 364 365 583 395 
3646 249 745 623 276 
3647 365 583 395 696 
3648 220 579 298 90 
3649 220 298 579 656 
3650 697 278 593 690 
3651 697 593 278 660 
3652 742 297 231 280 
3653 697 13 690 142 
3654 741 234 6 277 
3655 13 14 697 278 
3656 741 234 277 582 
3657 698 746 31 152 
3658 698 281 613 672 
3659 698 746 152 613 
3660 30 281 698 672 
3661 31 30 281 698 
3662 736 161 137 64 
3663 699 397 402 308 
3664 699 397 308 584 
3665 65 402 308 699 
3666 736 161 64 699 
3667 65 308 64 699 
3668 287 717 8 251 
3669 287 717 251 590 
3670 21 272 22 640 
3671 231 759 726 9 
3672 700 735 52 140 
3673 737 162 129 628 
3674 737 389 628 319 
3675 700 735 140 628 
3676 389 52 53 700 
3677 659 701 320 768 
3678 701 764 58 167 
3679 768 133 183 640 
3680 701 764 167 581 
3681 768 320 59 701 
3682 701 58 320 59 
3683 702 393 627 736 
3684 756 321 627 702 
3685 414 63 702 321 
3686 62 702 63 321 
3687 756 321 702 62 
3688 703 382 316 619 
3689 703 761 72 164 
3690 758 206 673 589 
3691 758 399 589 306 
3692 703 761 164 619 
3693 703 72 399 73 
3694 704 755 186 5 
3695 741 176 122 6 
3696 741 176 6 704 
3697 704 271 5 234 
3698 6 5 234 704 
3699 600 243 303 273 
3700 712 739 250 16 
3701 243 705 22 640 
3702 705 243 23 303 
3703 243 23 22 705 
3704 759 8 9 287 
3705 378 706 695 613 
3706 69 400 706 695 
3707 759 297 287 231 
3708 400 68 69 706 
3709 707 384 403 309 
3710 707 384 309 617 
3711 749 144 169 587 
3712 47 309 707 403 
3713 707 48 47 403 
3714 749 144 587 707 
3715 230 627 708 635 
3716 708 767 138 25 
3717 760 147 123 26 
3718 230 767 635 708 
3719 26 25 230 708 
3720 760 230 627 708 
3721 190 744 115 619 
3722 709 762 35 158 
3723 709 762 158 619 
3724 744 304 229 619 
3725 229 35 34 709 
3726 710 745 146 29 
3727 710 276 29 235 
3728 30 710 235 672 
3729 29 30 710 235 
3730 711 259 284 227 
3731 711 259 227 581 
3732 743 295 284 609 
3733 20 227 711 284 
3734 284 743 609 711 
3735 711 19 20 284 
3736 231 759 9 287 
3737 75 398 74 673 
3738 758 399 306 73 
3739 74 673 306 758 
3740 275 628 712 660 
3741 15 275 712 660 
3742 275 16 712 250 
3743 15 16 712 275 
3744 712 250 628 275 
3745 713 765 42 189 
3746 713 740 649 143 
3747 713 765 189 582 
3748 415 43 713 42 
3749 713 394 415 310 
3750 713 740 143 43 
3751 70 311 714 413 
3752 714 387 695 566 
3753 750 130 168 70 
3754 750 130 70 714 
3755 70 71 413 714 
3756 714 316 71 413 
3757 715 556 534 655 
3758 715 556 655 629 
3759 715 534 552 108 
3760 534 109 715 655 
3761 108 715 534 109 
3762 74 758 306 73 
3763 694 752 39 187 
3764 758 399 73 703 
3765 39 38 305 694 
3766 694 763 171 38 
3767 716 747 525 106 
3768 552 716 539 629 
3769 539 552 107 716 
3770 716 550 106 539 
3771 107 106 539 716 
3772 717 251 590 649 
3773 717 759 8 141 
3774 741 195 213 649 
3775 717 759 141 590 
3776 717 7 8 251 
3777 741 175 649 717 
3778 267 718 269 589 
3779 718 762 158 36 
3780 762 269 36 718 
3781 37 36 269 718 
3782 718 37 267 269 
3783 280 302 11 690 
3784 758 306 589 673 
3785 11 302 12 690 
3786 757 390 56 307 
3787 757 390 307 609 
3788 307 56 757 55 
3789 44 45 388 649 
3790 757 307 55 696 
3791 719 292 249 623 
3792 719 760 123 27 
3793 285 719 27 760 
3794 745 145 146 28 
3795 249 28 27 719 
3796 719 745 623 249 
3797 295 720 583 609 
3798 739 286 720 583 
3799 720 743 18 116 
3800 739 294 250 286 
3801 17 18 720 286 
3802 720 743 116 609 
3803 721 401 402 674 
3804 67 401 721 674 
3805 402 401 721 66 
3806 67 721 401 66 
3807 385 722 313 593 
3808 49 722 405 646 
3809 49 50 405 722 
3810 722 313 50 405 
3811 301 566 723 695 
3812 746 695 301 723 
3813 131 746 32 723 
3814 723 283 301 33 
3815 723 746 32 301 
3816 723 283 33 744 
3817 723 32 33 301 
3818 533 550 724 616 
3819 724 551 533 616 
3820 105 550 724 533 
3821 551 104 724 533 
3822 724 104 105 533 
3823 725 538 535 612 
3824 725 753 506 99 
3825 251 649 741 277 
3826 6 7 741 277 
3827 75 314 673 754 
3828 549 100 99 725 
3829 759 297 231 617 
3830 726 742 10 125 
3831 726 742 125 617 
3832 726 9 10 231 
3833 231 759 617 726 
3834 727 581 390 609 
3835 727 757 56 219 
3836 727 764 581 167 
3837 727 757 219 609 
3838 390 57 727 56 
3839 727 764 167 57 
3840 757 609 307 696 
3841 548 110 109 655 
3842 110 766 497 655 
3843 756 321 62 404 
3844 277 7 741 251 
3845 553 648 101 679 
3846 101 553 102 648 
3847 404 62 756 61 
3848 729 756 61 404 
3849 532 730 547 4 
3850 532 728 540 642 
3851 728 730 4 97 
3852 532 4 112 728 
3853 112 540 532 728 
3854 729 391 404 312 
3855 729 748 60 149 
3856 391 748 312 729 
3857 729 748 149 600 
3858 312 404 729 61 
3859 60 312 729 61 
3860 547 612 730 642 
3861 753 547 612 730 
3862 728 730 97 642 
3863 532 730 4 728 
3864 753 547 730 98 
3865 547 98 4 730 
3866 731 545 536 551 
3867 102 536 731 648 
3868 536 103 731 551 
3869 102 103 731 536 
3870 756 392 321 404 
3871 319 54 416 696 
3872 729 392 756 404 
3873 76 732 2 322 
3874 55 416 54 696 
3875 732 765 40 2 
3876 754 322 662 732 
3877 754 322 732 76 
3878 322 765 662 732 
3879 705 733 600 303 
3880 705 733 303 23 
3881 733 600 303 635 
3882 733 767 24 138 
3883 733 767 138 635 
3884 733 23 24 303 
3885 711 734 581 227 
3886 711 734 227 20 
3887 734 581 227 640 
3888 21 227 640 734 
3889 227 21 20 734 
3890 729 392 404 391 
3891 735 313 593 407 
3892 735 599 628 407 
3893 735 313 407 51 
3894 735 599 407 593 
3895 407 52 735 51 
3896 407 700 52 389 
3897 407 700 389 628 
3898 704 271 755 5 
3899 1 5 755 271 
3900 715 716 552 629 
3901 715 716 107 552 
3902 108 107 552 715 
3903 736 393 308 414 
3904 702 393 736 414 
3905 736 702 414 63 
3906 736 64 63 414 
3907 736 308 64 414 
3908 702 393 414 321 
3909 721 699 623 402 
3910 721 699 402 65 
3911 271 752 611 755 
3912 402 623 721 674 
3913 704 271 582 755 
3914 65 66 402 721 
3915 319 583 737 696 
3916 752 611 755 41 
3917 319 737 583 628 
3918 696 737 319 54 
3919 737 389 319 53 
3920 319 54 737 53 
3921 737 389 53 700 
3922 731 545 551 616 
3923 731 724 616 551 
3924 731 724 551 104 
3925 271 582 755 611 
3926 76 754 314 75 
3927 731 103 104 551 
3928 754 322 76 314 
3929 738 707 309 617 
3930 754 322 314 662 
3931 738 707 47 309 
3932 46 309 738 47 
3933 317 706 613 674 
3934 317 67 706 674 
3935 317 68 706 67 
$EndElements
