$MeshFormat
4.1 0 8
$EndMeshFormat
$Entities
36 54 20 1
1 18.196029684325 4.726997326757 13.95 0 
2 -17.39700934203 7.126293984464 13.95 0 
3 18.8 -4.604671964794e-15 10.375 0 
4 18.8 -4.604671964794e-15 -13.95 0 
5 16.328969213402 -9.316907449779 3.32867823789 0 
6 12.712049074776 -13.85076923208 8.86431931341 0 
7 17.397009342039 -7.126293984464 13.95 0 
8 -18.19602968432 -4.726997326757 13.95 0 
9 -16.3289692134 9.316907449779 3.32867823789 0 
10 -12.71204907477 13.850769232085 8.86431931341 0 
11 16.246288692278 4.726997326757 13.95 0 
12 -15.34608530039 7.126293984464 13.95 0 
13 -5.64 -1.439356543202 20.42815061436 0 
14 -5.64 -5.656861997937 23.617824937916 0 
15 -52.152 -2.815868043461 21.469198085568 0 
16 -70.23999999999999 4.312937112379 16.0777250911 0 
17 -52.152 11.441742268219 10.686252096633 0 
18 -52.152 7.12880515584 4.983527005533 0 
19 -16.24628869227 -4.726997326757 13.95 0 
20 -5.64 -9.354759354815 17.449948933049 0 
21 -5.64 -9.969799110315 17.915099846816 0 
22 -52.152 -7.12880515584 15.766472994467 0 
23 -70.23999999999999 8.601919117211001e-15 10.375 0 
24 15.346085300395 -7.126293984464 13.95 0 
25 7.685863538058 0 19.339573810472 0 
26 5.64 1.439356543202 20.42815061436 0 
27 5.64 5.656861997937 23.617824937916 0 
28 52.152 2.815868043461 21.469198085568 0 
29 70.23999999999999 -4.312937112379 16.0777250911 0 
30 52.152 -11.44174226821 10.686252096633 0 
31 52.152 -7.12880515584 4.983527005533 0 
32 5.64 9.354759354815 17.449948933049 0 
33 5.64 9.969799110315 17.915099846816 0 
34 52.152 7.12880515584 15.766472994467 0 
35 70.23999999999999 0 10.375 0 
36 1.5 0 22.95 0 
1 -17.39700944203771 4.72699722675697 13.9499999 18.19602978432489 18.8000001 13.9500001 0 2 1 -2 
2 18.19602958432491 -9.999999894816369e-08 10.3749999 18.8000001 4.726997426757164 13.95000009999976 0 2 1 -3 
3 18.7999999 -1.00000004604672e-07 -13.9500001 18.8000001 9.999999539532803e-08 10.3750001 0 2 4 -3 
4 -18.8000001 -18.8000001 -13.9500001 18.8000001 18.8000001 -13.9499999 0 2 4 -4 
5 16.32896911340248 -9.316907549779899 3.328678137890826 18.8000001 1.000000011686097e-07 10.3750001 0 2 3 -5 
6 12.71204897478009 -13.85076933208038 3.328678137893689 16.32896931340396 -9.316907349775493 8.864319413413421 0 2 5 -6 
7 12.712048974778 -13.85076933208448 8.86431921341304 17.39700944203898 -7.126293884464456 13.9500001000006 0 2 7 -6 
8 -18.19602978432457 -18.8000001 13.9499999 17.397009442039 -4.726997226758183 13.9500001 0 2 8 -7 
9 -18.8000001 -4.726997426757956 3.328678137890371 -16.32896911340213 9.316907549780501 13.95000010000036 0 2 8 -9 
10 -16.32896931340374 9.316907349775883 3.328678137894177 -12.71204897477658 13.8507693320836 8.864319413417229 0 2 9 -10 
11 -17.39700944203812 7.126293884466572 8.864319213409878 -12.71204897477344 13.85076933208866 13.950000099999 0 2 2 -10 
12 16.246288592278 4.726997226757 13.9499999 18.196029784325 4.726997426757 13.9500001 0 2 1 -11 
13 -17.39700944203 7.126293884463999 13.9499999 -15.34608520039 7.126294084464 13.9500001 0 2 2 -12 
14 -15.34608540039392 4.726997226756936 13.9499999 16.24628879227778 16.9200001 13.9500001 0 2 11 -12 
15 -15.34608548412942 -1.43935672693663 13.94999981626627 -5.639999816260633 7.126294168204216 20.42815079810016 0 2 12 -13 
16 -5.640000100000002 -5.656862097938185 20.42815051435824 -5.639999900000001 -1.439356443203331 23.61782503791443 0 2 13 -14 
17 -52.15200010000005 -5.656862097937 21.46919798556755 -5.639999899999999 -2.815867943461882 23.617825037916 0 2 14 -15 
18 -70.24000010000213 -2.815868143461 16.07772499110742 -52.1519999 4.312937212379183 21.469198185568 0 2 15 -16 
19 -70.24000009999999 4.312937012379 10.6862519966395 -52.1519998999981 11.44174236821909 16.0777251911 0 2 16 -17 
20 -52.1520001 11.441742168219 8.864319213410306 -12.71204897477002 13.85076933208582 10.686252196633 0 2 17 -10 
21 -52.1520001 7.12880505584 3.328678137890377 -16.32896911339999 9.316907549779339 4.983527105533001 0 2 18 -9 
22 -52.1520001 7.12880505584 4.983526905533 -52.1519999 11.44174236821817 10.68625219663363 0 2 18 -17 
23 -16.24628879226921 -9.354759454804343 13.94999990000709 -5.639999899998063 -4.726997226750343 17.44994903305243 0 2 19 -20 
24 -5.640000100000002 -9.969799210316548 17.44994883304734 -5.639999900000001 -9.354759254816251 17.91509994681395 0 2 20 -21 
25 -52.15200010000003 -9.969799210314999 15.76647289446756 -5.639999899999999 -7.128805055839883 17.915099946816 0 2 21 -22 
26 -70.24000010000189 -7.128805255840001 10.37499990000649 -52.1519999 1.000000886541841e-07 15.766473094467 0 2 22 -23 
27 -70.24000009999999 -9.999999139864713e-08 4.983526905539496 -52.1519998999981 7.128805255840096 10.3750001 0 2 23 -18 
28 -18.19602978432 -4.726997426757 13.9499999 -16.24628859227 -4.726997226757 13.9500001 0 2 8 -19 
29 15.346085200395 -7.126294084464 13.9499999 17.397009442039 -7.126293884463999 13.9500001 0 2 7 -24 
30 -16.24628879227716 -16.9200001 13.9499999 15.34608540039481 -4.726997226759083 13.9500001 0 2 19 -24 
31 5.639999618287312 -3.817142469886292e-07 19.33957342876091 7.685863919770253 1.439356924913384 20.4281509960741 0 2 25 -26 
32 5.639999899999999 1.439356443204788 20.42815051435631 5.6400001 5.656862097939642 23.61782503791251 0 2 26 -27 
33 5.639999899999999 2.815867943461882 21.46919798556755 52.15200010000005 5.656862097937 23.617825037916 0 2 27 -28 
34 52.1519999 -4.312937212379183 16.07772499110742 70.24000010000213 2.815868143461 21.469198185568 0 2 28 -29 
35 52.15199990000094 -11.44174236821796 10.68625199664035 70.24000009999999 -4.312937012379 16.0777251911 0 2 29 -30 
36 12.71204897477575 -13.85076933207647 8.864319213410571 52.1520001 -11.44174216821 10.686252196633 0 2 30 -6 
37 7.685863199614682 -7.126294322909162 13.94999966155908 15.34608563883725 3.384413242990547e-07 19.33957414891648 0 2 24 -25 
38 16.32896911340198 -9.316907549779218 3.328678137890468 52.1520001 -7.12880505584 4.983527105533001 0 2 31 -5 
39 52.1519999 -11.44174236821489 4.983526905533 52.1520001 -7.12880505584 10.6862521966293 0 2 31 -30 
40 5.639999900000041 4.726997226754151 13.94999990000316 16.24628879227773 9.354759454812877 17.44994903305208 0 2 11 -32 
41 5.639999899999999 9.354759254816251 17.44994883304734 5.6400001 9.969799210316548 17.91509994681395 0 2 32 -33 
42 5.639999899999999 7.128805055839883 15.76647289446756 52.15200010000003 9.969799210314999 17.915099946816 0 2 33 -34 
43 52.1519999 -1.000000877660057e-07 10.37499990000649 70.24000010000189 7.128805255840001 15.766473094467 0 2 34 -35 
44 52.1519998999981 -7.128805255840089 4.983526905539495 70.24000009999999 9.999999983634211e-08 10.3750001 0 2 35 -31 
45 -5.640000100000001 -9.354759454815463 17.44994883304992 -5.639999899999999 -1.439356443202087 20.4281507143606 0 2 20 -13 
46 1.4999999 -1e-07 19.33957371047198 7.685863638057994 1e-07 22.9500001 0 2 25 -36 
47 -1.5000001 -1.5000001 22.9499999 1.5000001 1.5000001 22.9500001 0 2 36 -36 
48 5.639999899999999 1.439356443202088 17.44994883304992 5.6400001 9.354759454815463 20.4281507143606 0 2 32 -26 
49 -70.24000009999999 -9.999999139864713e-08 10.3749999 -70.2399999 4.312937212378175 16.07772519110062 0 2 23 -16 
50 -52.1520001 -7.128805255840001 15.766472894467 -52.1519999 -2.815867943461349 21.46919818556826 0 2 22 -15 
51 -5.6400001 -9.969799210314999 17.915099746816 -5.639999899999999 -5.656861897937191 23.61782503791615 0 2 21 -14 
52 70.2399999 -4.31293721237817 10.3749999 70.24000009999999 9.999999983634211e-08 16.07772519110063 0 2 35 -29 
53 52.1519999 2.815867943461349 15.766472894467 52.1520001 7.128805255840001 21.46919818556826 0 2 34 -28 
54 5.639999899999999 5.656861897937191 17.915099746816 5.6400001 9.969799210314999 23.61782503791615 0 2 33 -27 
1 -18.8000001 -18.8000001 -13.9500001 18.8000001 18.8000001 13.95000010000222 0 12 -1 2 -3 4 3 5 6 -7 -8 9 10 -11 
2 -17.39700944203771 4.726997226756936 13.9499999 18.196029784325 18.8000001 13.9500001 0 4 -12 1 13 -14 
3 -70.24000018374028 -5.656862181676317 8.864319129671745 -5.639999816260634 13.85076941582679 23.61782512165413 0 8 15 16 17 18 19 20 -11 13 
4 -52.1520001 7.12880505584 3.328678137890377 -12.71204897477002 13.85076933208582 10.68625219663363 0 4 -21 22 20 -10 
5 -70.24000010000189 -9.969799210316548 3.328678137890371 -5.639999899998067 9.316907549780499 17.915099946816 0 8 23 24 25 26 27 21 -9 28 
6 -18.19602978432457 -18.8000001 13.9499999 17.397009442039 -4.726997226757 13.9500001 0 4 -28 8 29 -30 
7 5.639999618287312 -13.85076961379709 8.864318931697953 70.24000038171475 5.656862379652257 23.61782531962862 0 9 31 32 33 34 35 36 -7 29 37 
8 12.71204897477575 -13.85076933208038 3.328678137890468 52.1520001 -7.12880505584 10.686252196633 0 4 -38 39 36 -6 
9 5.639999899999999 -9.316907549779899 3.328678137890469 70.24000010000189 9.969799210316548 17.915099946816 0 9 40 41 42 43 44 38 -5 -2 12 
10 -18.8000001 -18.8000001 -13.9500001 18.8000001 18.8000001 -13.9499999 0 1 4 
11 -16.9200001 -16.9200001 13.9499999 16.9200001 16.9200001 22.9500001 0 12 -40 14 15 -45 -23 30 37 46 -47 -46 31 -48 
12 -70.24000009999999 -9.999999139864713e-08 4.983526905533 -52.1519998999981 11.44174236821909 16.07772519110062 0 4 49 19 -22 -27 
13 -70.24000010000213 -7.128805255840001 10.3749999 -52.1519999 4.312937212379183 21.46919818556826 0 4 50 18 -49 -26 
14 -52.15200010000005 -9.969799210314999 15.766472894467 -5.639999899999999 -2.815867943461349 23.61782503791615 0 4 51 17 -50 -25 
15 -5.640000100000002 -9.969799210316548 17.44994883304734 -5.639999899999999 -1.439356443202087 23.61782503791615 0 4 -24 45 16 -51 
16 52.1519998999981 -11.44174236821796 4.983526905533 70.24000009999999 1.000000002804313e-07 16.07772519110063 0 4 52 35 -39 -44 
17 52.1519999 -4.312937212379183 10.3749999 70.24000010000213 7.128805255840001 21.46919818556826 0 4 53 34 -52 -43 
18 5.639999899999999 2.815867943461349 15.766472894467 52.15200010000005 9.969799210314999 23.61782503791615 0 4 54 33 -53 -42 
19 5.639999899999999 1.439356443202088 17.44994883304734 5.6400001 9.969799210316548 23.61782503791615 0 4 -41 48 32 -54 
20 -1.5000001 -1.5000001 22.9499999 1.5000001 1.5000001 22.9500001 0 1 47 
1 -70.24000038171475 -18.80000038171262 -13.95000038171261 70.24000038171475 18.80000038171262 23.61782531962876 0 20 1 2 -3 4 5 6 -7 8 9 -10 11 12 13 14 15 16 17 18 19 20 
$EndEntities
$Nodes
111 976 1 976
0 1 0 1
1
18.196029684325 4.726997326757 13.95
0 2 0 1
2
-17.39700934203 7.126293984464 13.95
0 3 0 1
3
18.8 -4.604671964794e-15 10.375
0 4 0 1
4
18.8 -4.604671964794e-15 -13.95
0 5 0 1
5
16.328969213402 -9.316907449779 3.32867823789
0 6 0 1
6
12.712049074776 -13.85076923208 8.86431931341
0 7 0 1
7
17.397009342039 -7.126293984464 13.95
0 8 0 1
8
-18.19602968432 -4.726997326757 13.95
0 9 0 1
9
-16.3289692134 9.316907449779 3.32867823789
0 10 0 1
10
-12.71204907477 13.850769232085 8.86431931341
0 11 0 1
11
16.246288692278 4.726997326757 13.95
0 12 0 1
12
-15.34608530039 7.126293984464 13.95
0 13 0 1
13
-5.64 -1.439356543202 20.42815061436
0 14 0 1
14
-5.64 -5.656861997937 23.617824937916
0 15 0 1
15
-52.152 -2.815868043461 21.469198085568
0 16 0 1
16
-70.23999999999999 4.312937112379 16.0777250911
0 17 0 1
17
-52.152 11.441742268219 10.686252096633
0 18 0 1
18
-52.152 7.12880515584 4.983527005533
0 19 0 1
19
-16.24628869227 -4.726997326757 13.95
0 20 0 1
20
-5.64 -9.354759354815 17.449948933049
0 21 0 1
21
-5.64 -9.969799110315 17.915099846816
0 22 0 1
22
-52.152 -7.12880515584 15.766472994467
0 23 0 1
23
-70.23999999999999 8.601919117211001e-15 10.375
0 24 0 1
24
15.346085300395 -7.126293984464 13.95
0 25 0 1
25
7.685863538058 0 19.339573810472
0 26 0 1
26
5.64 1.439356543202 20.42815061436
0 27 0 1
27
5.64 5.656861997937 23.617824937916
0 28 0 1
28
52.152 2.815868043461 21.469198085568
0 29 0 1
29
70.23999999999999 -4.312937112379 16.0777250911
0 30 0 1
30
52.152 -11.44174226821 10.686252096633
0 31 0 1
31
52.152 -7.12880515584 4.983527005533
0 32 0 1
32
5.64 9.354759354815 17.449948933049
0 33 0 1
33
5.64 9.969799110315 17.915099846816
0 34 0 1
34
52.152 7.12880515584 15.766472994467
0 35 0 1
35
70.23999999999999 0 10.375
0 36 0 1
36
1.5 0 22.95
1 1 0 9
37
38
39
40
41
42
43
44
45
16.46210662120759 9.079595012553883 13.95
13.7057483198089 12.86827350478904 13.95
10.0981478067278 15.85772401303158 13.95
5.863367407345192 17.86227652474572 13.95
1.264422591451181 18.7574314742245 13.95
-3.413053498922211 18.48759221244061 13.95
-7.878550269289134 17.0695180264202 13.95
-11.85472282330605 14.59128324660263 13.95
-15.09461741281313 11.20680709037141 13.95
1 2 0 1
46
18.64927665372878 2.375811501926751 12.17181212665596
1 3 0 4
47
48
49
50
18.8 -4.604671964794e-15 -9.085000000000008
18.8 -4.604671964794e-15 -4.220000000000015
18.8 -4.604671964794e-15 0.6449999999999871
18.8 -4.604671964794e-15 5.509999999999994
1 4 0 22
51
52
53
54
55
56
57
58
59
60
61
62
63
64
65
66
67
68
69
70
71
72
18.10284500213863 5.072179297752058 -13.95
16.06308480547398 9.768178260666154 -13.95
12.8319990925107 13.73971612842873 -13.95
8.649222709345658 16.69224210596466 -13.95
3.824973045389515 18.40678084842767 -13.95
-1.282957371255817 18.75617286078214 -13.95
-6.295736708814545 17.71450533583382 -13.95
-10.8415900557595 15.35903398859631 -13.95
-14.5833722652431 11.86445335332978 -13.95
-17.24357246830252 7.489940489109339 -13.95
-18.62489578548302 2.559933003009429 -13.95
-18.62489578548302 -2.559933003009441 -13.95
-17.24357246830252 -7.489940489109341 -13.95
-14.58337226524309 -11.8644533533298 -13.95
-10.8415900557595 -15.35903398859631 -13.95
-6.295736708814545 -17.71450533583382 -13.95
-1.282957371255822 -18.75617286078214 -13.95
3.824973045389506 -18.40678084842767 -13.95
8.649222709345651 -16.69224210596466 -13.95
12.83199909251069 -13.73971612842874 -13.95
16.06308480547398 -9.768178260666167 -13.95
18.10284500213863 -5.072179297752059 -13.95
1 5 0 2
73
74
18.52763886092496 -3.188510347975104 7.96354856348519
17.70710444854335 -6.316522148174657 5.597851819293415
1 6 0 1
75
14.76054547493003 -11.64329409069837 6.205588023631265
1 7 0 1
76
15.47478518484516 -10.67572121605421 11.26558926824383
1 8 0 9
77
78
79
80
81
82
83
84
85
-16.46210662120687 -9.079595012555174 13.95
-13.70574831980774 -12.86827350479027 13.95
-10.09814780672617 -15.85772401303262 13.95
-5.863367407343145 -17.8622765247464 13.95
-1.264422591448806 -18.75743147422466 13.95
3.413053498924751 -18.48759221244014 13.95
7.87855026929167 -17.06951802641903 13.95
11.85472282330838 -14.59128324660074 13.95
15.09461741281502 -11.20680709036885 13.95
1 9 0 3
86
87
88
-18.76352441153353 -1.170534774274285 11.26026849684112
-18.64444339540638 2.413447839810969 8.549723734560962
-17.83688492651589 5.940162970679708 5.882490029670273
1 10 0 1
89
-14.76054547492852 11.64329409070028 6.205588023633599
1 11 0 1
90
-15.47478518484281 10.67572121605761 11.26558926824126
1 12 0 0
1 13 0 0
1 14 0 7
91
92
93
94
95
96
97
14.09607405403772 9.35879780009615 13.95
10.66188887584645 13.13813250043939 13.95
6.256543134484096 15.72075278115969 13.95
1.281307008336869 16.87141524444191 13.95
-3.810639660407614 16.48530938073437 13.95
-8.555486204423989 14.59760445435863 13.95
-12.52103830097022 11.38024603713104 13.95
1 15 0 2
98
99
-12.28536459973216 4.051959502637171 16.27510090715417
-9.043316063234807 1.098931929936652 18.50845811948965
1 16 0 1
100
-5.640000000000001 -3.445452204975103 21.94534884720633
1 17 0 8
101
102
103
104
105
106
107
108
-10.808 -5.34119600299532 23.3790886209884
-15.976 -5.025530008053641 23.14035230406079
-21.144 -4.709864013111962 22.90161598713319
-26.312 -4.394198018170282 22.66287967020558
-31.48 -4.078532023228603 22.42414335327798
-36.648 -3.762866028286924 22.18540703635037
-41.81599999999999 -3.447200033345244 21.94667071942277
-46.98399999999999 -3.131534038403565 21.70793440249517
1 18 0 3
109
110
111
-56.67400000000055 -1.033666754500951 20.12132983695285
-61.19600000000109 0.7485345344590977 18.77346158833771
-65.71800000000161 2.530735823419138 17.42559333972257
1 19 0 3
112
113
114
-65.71799999999952 6.095138401339023 14.72985684248487
-61.19599999999905 7.877339690299045 13.38198859386975
-56.67399999999857 9.659540979259067 12.03412034525462
1 20 0 7
115
116
117
118
119
120
121
-47.22200613434625 11.74287063870235 10.45851049873016
-42.2920122686925 12.04399900918571 10.23076890082733
-37.36201840303873 12.34512737966906 10.00302730292449
-32.43202453738499 12.64625575015241 9.775285705021652
-27.50203067173125 12.94738412063576 9.547544107118815
-22.57203680607752 13.24851249111912 9.319802509215979
-17.64204294042377 13.54964086160247 9.092060911313144
1 21 0 6
122
123
124
125
126
127
-47.03442417334286 7.441391197831335 4.747120038726911
-41.91684834668571 7.753977239822669 4.510713071920822
-36.79927252002857 8.066563281814004 4.274306105114733
-31.68169669337142 8.379149323805336 4.037899138308644
-26.56412086671428 8.691735365796671 3.801492171502555
-21.44654504005713 9.004321407788005 3.565085204696466
1 22 0 1
128
-52.152 9.285273712029085 7.834889551083314
1 23 0 2
129
130
-12.93274162566537 -6.584854256833786 15.35508616061305
-9.404972387172304 -8.170300822646325 16.55414998083057
1 24 0 0
1 25 0 8
131
132
133
134
135
136
137
138
-10.808 -9.654133115373321 17.67636352988839
-15.976 -9.338467120431641 17.43762721296079
-21.14399999999999 -9.022801125489963 17.19889089603318
-26.31199999999999 -8.707135130548282 16.96015457910558
-31.48 -8.391469135606602 16.72141826217797
-36.64799999999999 -8.075803140664924 16.48268194525037
-41.81599999999998 -7.760137145723245 16.24394562832277
-46.98399999999998 -7.444471150781566 16.00520931139516
1 26 0 3
139
140
141
-56.67400000000048 -5.346603866879977 14.41860474585187
-61.19600000000095 -3.564402577919955 13.07073649723675
-65.71800000000142 -1.782201288959933 11.72286824862162
1 27 0 3
142
143
144
-65.71799999999952 1.782201288960032 9.027131751384873
-61.19599999999905 3.564402577920053 7.679263502769748
-56.67399999999857 5.346603866880074 6.331395254154622
1 28 0 0
1 29 0 0
1 30 0 7
145
146
147
148
149
150
151
-14.09607405403649 -9.35879780009801 13.95
-10.66188887584472 -13.1381325004408 13.95
-6.256543134482028 -15.72075278116051 13.95
-1.281307008334653 -16.87141524444208 13.95
3.810639660409756 -16.48530938073387 13.95
8.555486204425865 -14.59760445435753 13.95
12.52103830097166 -11.38024603712946 13.95
1 31 0 1
152
6.635731379266533 0.7755638801106883 19.92612816617557
1 32 0 1
153
5.64 3.44545220497656 21.9453488472044
1 33 0 8
154
155
156
157
158
159
160
161
10.808 5.34119600299532 23.3790886209884
15.976 5.025530008053641 23.14035230406079
21.144 4.709864013111962 22.90161598713319
26.312 4.394198018170282 22.66287967020558
31.48 4.078532023228603 22.42414335327798
36.648 3.762866028286924 22.18540703635037
41.81599999999999 3.447200033345244 21.94667071942277
46.98399999999999 3.131534038403565 21.70793440249517
1 34 0 3
162
163
164
56.67400000000055 1.033666754500951 20.12132983695285
61.19600000000109 -0.7485345344590977 18.77346158833771
65.71800000000161 -2.530735823419138 17.42559333972257
1 35 0 3
165
166
167
65.71800000000025 -6.095138401338738 14.72985684248509
61.19600000000048 -7.877339690298479 13.38198859387017
56.67400000000071 -9.659540979258223 12.03412034525526
1 36 0 7
168
169
170
171
172
173
174
47.22200613434696 -11.74287063869331 10.4585104987302
42.29201226869392 -12.04399900917662 10.23076890082739
37.36201840304086 -12.34512737965993 10.00302730292459
32.43202453738782 -12.64625575014324 9.775285705021783
27.5020306717348 -12.94738412062655 9.547544107118979
22.57203680608178 -13.24851249110985 9.319802509216176
17.64204294042876 -13.54964086159316 9.092060911313373
1 37 0 2
175
176
12.91584324802353 -4.666875608323197 15.81004350900535
10.38524125140874 -2.272903200735284 17.62059062073759
1 38 0 6
177
178
179
180
181
182
47.03442417334314 -7.441391197831317 4.747120038726925
41.91684834668628 -7.753977239822634 4.510713071920849
36.79927252002942 -8.06656328181395 4.274306105114772
31.68169669337257 -8.379149323805267 4.037899138308696
26.5641208667157 -8.691735365796584 3.801492171502621
21.44654504005884 -9.0043214077879 3.565085204696545
1 39 0 1
183
52.152 -9.285273712027443 7.834889551081144
1 40 0 2
184
185
12.93274162567197 6.584854256839428 15.35508616061051
9.404972387176747 8.170300822653608 16.55414998082927
1 41 0 0
1 42 0 8
186
187
188
189
190
191
192
193
10.808 9.654133115373321 17.67636352988839
15.976 9.338467120431641 17.43762721296079
21.14399999999999 9.022801125489963 17.19889089603318
26.31199999999999 8.707135130548282 16.96015457910558
31.48 8.391469135606602 16.72141826217797
36.64799999999999 8.075803140664924 16.48268194525037
41.81599999999998 7.760137145723245 16.24394562832277
46.98399999999998 7.444471150781566 16.00520931139516
1 43 0 3
194
195
196
56.67400000000048 5.346603866879978 14.41860474585187
61.19600000000095 3.564402577919956 13.07073649723675
65.71800000000142 1.782201288959934 11.72286824862162
1 44 0 3
197
198
199
65.71799999999952 -1.782201288960023 9.027131751384873
61.19599999999905 -3.564402577920045 7.679263502769747
56.67399999999857 -5.346603866880066 6.331395254154621
1 45 0 1
200
-5.640000000000001 -5.380698365957239 19.27589458331573
1 46 0 3
201
202
203
5.385452323233546 0 20.68222627048626
3.685267414785988 0 21.67455209253736
2.428699839232491 0 22.40795729227676
1 47 0 9
204
205
206
207
208
209
210
211
212
1.21352549156242 0.881677878438711 22.95
0.463525491562418 1.426584774442731 22.95
-0.4635254915624255 1.426584774442729 22.95
-1.213525491562425 0.881677878438705 22.95
-1.5 -7.14377494265393e-15 22.95
-1.213525491562418 -0.8816778784387144 22.95
-0.463525491562415 -1.426584774442732 22.95
0.463525491562426 -1.426584774442729 22.95
1.213525491562423 -0.8816778784387067 22.95
1 48 0 1
213
5.64 5.38069836595724 19.27589458331573
1 49 0 1
214
-70.23999999999999 2.156468556189092 13.22636254555031
1 50 0 1
215
-52.152 -4.972336599650673 18.61783554001763
1 51 0 1
216
-5.64 -7.813330554126096 20.76646239236607
1 52 0 1
217
70.23999999999999 -2.156468556189084 13.22636254555031
1 53 0 1
218
52.152 4.972336599650673 18.61783554001763
1 54 0 1
219
5.64 7.813330554126096 20.76646239236607
2 1 0 140
220
221
222
223
224
225
226
227
228
229
230
231
232
233
234
235
236
237
238
239
240
241
242
243
244
245
246
247
248
249
250
251
252
253
254
255
256
257
258
259
260
261
262
263
264
265
266
267
268
269
270
271
272
273
274
275
276
277
278
279
280
281
282
283
284
285
286
287
288
289
290
291
292
293
294
295
296
297
298
299
300
301
302
303
304
305
306
307
308
309
310
311
312
313
314
315
316
317
318
319
320
321
322
323
324
325
326
327
328
329
330
331
332
333
334
335
336
337
338
339
340
341
342
343
344
345
346
347
348
349
350
351
352
353
354
355
356
357
358
359
18.43778600639304 3.672607681533233 9.057439412759269
1.492584280869717 -18.74065612950893 9.811374195039285
-11.99543960369988 -14.4758222120192 9.89509839173515
11.99543960370128 14.47582221201804 9.895098391735345
-1.409649038312208 18.747076827836 9.798366001207032
-18.75813594218053 -1.253928217512878 6.797439847016133
12.11108211955344 -14.37921033622615 4.927604338879558
-12.13031568242427 14.36298859724994 4.764694925390678
6.333120386899865 17.70117471144312 -9.574568723799546
-3.824973045389529 -18.40678084842767 -9.519524917827763
18.33112204884047 4.172524946661767 -1.969151424910647
-16.16657889306773 -9.595922409764327 -9.602037868213113
-3.824973045389521 18.40678084842767 -9.519524917827468
-17.95137252819595 5.584641828616399 1.566981052004019
6.23272489245008 -17.73677367547529 -9.597431731609227
-12.78907873128894 13.77967580187912 -9.762806387063232
14.35965588541298 -12.13426070481941 -9.657930374539722
-18.8 -6.046541162784154e-15 -9.519524917827761
14.20666113310724 12.31303291025652 -9.586626234977828
-16.55343818988934 8.91199663899808 -1.030992916487321
18.11068471280346 -5.0441153073088 -6.391850278804256
-9.429098843053774 16.26444265900071 7.558134849075365
-8.750012970840778 16.63962959353718 3.401606004995507
-11.57527349590502 14.81394759998154 0.6748287477091974
-8.028351778984828 16.99957551566719 -0.9115670505991176
-4.766688628212868 18.18567236924899 1.986203821879899
9.437441316593935 -16.25960335911813 7.56775466752763
8.810047771340706 -16.60792155167812 3.449361320537545
11.51497094743143 -14.860869560016 0.6254209434417213
7.955980118664141 -17.03356628399998 -0.946046937843251
4.740261193709508 -18.19257881157621 1.981450617318929
3.931798792900137 -18.38425843628589 -2.476730909958507
0.3719196613926407 -18.7963208039624 0.54922871156678
-18.06760665392689 5.196305398932672 -2.886046733501203
-18.790687824532 0.5916511480467724 -0.03190624937544584
-16.69740209979405 8.639257092933008 -5.502244065125639
18.17996463904478 4.78841160752514 4.949691726887266
11.02778742010454 -15.22589585597458 -3.842873812736995
14.18474619343364 -12.33827278949002 -2.203855814995878
-3.909153454104499 18.38908696135463 -2.47746004090266
-0.397732585480687 18.79579231611285 0.6031224835580353
0.6161338926272641 18.78990098500671 -4.007207314769035
4.114395770242863 18.34425652474931 -0.8671437726807145
3.208393308726807 18.52420612000733 3.80989417751444
7.594466620772135 17.19779278704037 2.295674699796979
8.333239493813409 16.85221408417151 -2.366919891902977
11.83711856488385 14.60556825600709 1.258008870548503
-17.21009887478824 -7.566537961314448 9.933678090098979
5.917336248580831 17.84447062036953 6.940222118470508
17.75035404377729 -6.193943115702571 1.595523931207401
17.27465431912712 7.417972644507576 8.707083762902098
16.6168444102782 8.793206573520608 4.476246085349231
-13.87691818037484 12.68349880022001 -3.439450609271429
11.81865352215744 14.62051397602682 -4.469957685812938
15.06198701334473 11.25062430311469 -0.8942634989317035
-0.8428547497951445 -18.78109676964441 -4.669070781851032
-4.235229620604276 -18.31673633758908 -0.9865472760183565
-3.300240564539068 -18.5080634377606 3.754610874496272
-7.688404930864825 -17.15600272846369 2.207916194649954
-8.553345202356756 -16.74157357745444 -2.552192012645044
-11.63334913143166 -14.76838474533414 0.6461898505936325
-12.37995334064633 -14.14838348658319 -4.131652111452549
-14.90291633018592 -11.46050107349054 -0.8684527101355659
-14.3098398401175 -12.19296861925701 3.727923102356538
-16.78267531357287 -8.472414609731507 2.194574935747241
-17.20056178393914 -7.588193086426602 -2.296510665041367
-5.628690378432253 -17.93760978011687 6.871925374823686
-8.800417623933738 -16.61302650465461 -7.395418744974851
-18.34130939952297 -4.127513720264334 0.7867501521642417
-18.57959885716467 -2.87027983075611 -4.361577194535702
-6.482122715919746 17.64715515588156 -5.531752948611381
10.76644273507856 -15.41180426920463 -9.524059985876129
-17.97714132955723 5.501126213524386 -7.653810758826186
15.18603502686669 11.08261431986055 8.248130928504619
1.221627548911043 -18.7602672190921 -9.577900217309281
1.236761890746522 18.75927557304911 -9.403377248436897
-18.13717189122245 -4.94802948538611 -9.572895932394305
10.7334813539564 15.43477819809116 -9.558045156721182
12.7378223611243 13.82707060430523 5.260435924908485
18.32789444813986 4.186679483533957 -6.652500000000011
16.97258490850999 8.085255810635735 -4.249261107547433
-10.73747742177359 -15.43199852957816 5.462126880795154
1.302303465991784 -18.75483952697185 5.176180863323243
-1.378476944531654 18.74939469191991 5.200445835884718
-15.21986432942824 -11.03611026556902 9.911483996172116
5.701708233182866 -17.91453385448962 9.888201487244011
-5.701708233180298 17.91453385449044 9.888201487244192
-12.93466935866453 -13.64310553290653 -9.599526465933401
-11.50311643439229 14.87004748804838 -4.138309664767789
17.12788044491949 -7.750852305685137 -9.681614505728534
16.05820827145128 -9.776192874053466 -5.621998001378076
17.62017477023171 -6.55510801333508 -2.884074242664386
-3.018248661593835 -18.55613577814053 10.087128853045
-18.69347852968307 1.998464525649117 4.198725314163198
17.12788044491475 7.750852305695606 -9.681614505733982
3.028920477339067 18.55439680350607 10.02663824329563
-9.049639783880458 16.47859277311045 -9.777501753929805
-15.80558678836743 10.17955923777573 -9.795437213750439
-14.49414278957985 11.97329632120038 0.8198124572130716
-18.76263473143133 1.184710063638736 -4.809009205170508
7.32333631720838 -17.31498614452396 -5.351678198533422
14.37216373747386 -12.1194434485764 2.472075278896824
4.911623505598348 18.14706462597336 -5.341620288029095
-15.45758488453038 -10.7006107086249 -5.201142573952202
13.49925920670784 -13.08472395085635 11.83612052759966
-13.49931482102513 13.08466657438588 11.83613792750927
-5.294646469151205 -18.03903319933485 -5.315204645235195
-16.06608572315317 -9.76324175344921 6.432871599440386
-18.00351747268165 -5.41418125027658 5.149799471363718
17.17060734675402 7.6557327110863 0.6862859125173948
18.51619457952291 -3.254310724753634 3.645998520156585
-5.318996948214608 18.03186821893072 5.933891159201952
5.310736430909352 -18.0343028299242 5.921166225646246
18.11060571136249 5.044398950079614 11.00572430870046
-8.043447623705651 -16.99243803356964 10.71288235736118
7.827570541823536 17.09295584188927 10.50730814616906
16.32331388534081 -9.326812092062312 -0.3764497899854629
13.88861609061701 -12.67068834307964 -5.93169064488535
18.49418505467971 -3.377146600795086 -1.021100628743726
3.796548707314825 -18.4126646065415 -6.499125769492377
14.8871211540104 11.48101144263066 -5.50262607626715
8.398482909183274 16.81979443465813 -6.274069886939081
-17.35306602701021 -7.232641250761998 -6.317397922528359
-10.10068122280327 15.85611045733819 10.87736620331598
10.10101774240261 -15.85589608214142 10.87788813038915
9.368187286326897 16.29960327640839 6.887683584670878
14.74919652367417 11.65766708677332 2.9697491183205
-18.74234902996053 -1.471173966306438 3.197526644696509
18.37951941186169 -3.953892536349398 -10.32912436052786
-2.633409466633037 18.61464892446397 -5.980456603168587
18.45740672799737 3.572693224624453 -10.43560600627655
-8.649222709345656 -16.69224210596466 -11.11991661802785
-1.779175163234233 -18.71562277185909 6.976819056005496
-13.72213253905387 -12.85080069803587 7.283261745065271
-18.10246790721391 5.073524974639469 -11.24224416313053
18.49396078295354 3.378374543856324 1.654061337691578
1.662591247026062 18.72633948067033 6.956810453847574
-14.57666093351779 11.87269792546144 -6.761947092950471
-18.40130269941839 -3.851241223862438 9.318395099763524
15.08671005346196 11.21744978873406 11.37783239602567
2 2 0 0
2 3 0 45
360
361
362
363
364
365
366
367
368
369
370
371
372
373
374
375
376
377
378
379
380
381
382
383
384
385
386
387
388
389
390
391
392
393
394
395
396
397
398
399
400
401
402
403
404
-29.64005910730804 9.391535408575272 12.23681136641298
-39.50919578322389 8.884562341030193 12.62023208599204
-23.91323602737902 -1.556864820412068 20.51702142641707
-49.36003456991865 8.187021926640446 13.14777775802523
-33.87319046639533 -0.4808888179279016 19.70326716700446
-43.90787400720125 0.188289413651372 19.1971716453603
-52.77040561801952 1.184756985472688 18.44354913978024
-16.70447454678587 3.322418115114752 16.82684872507691
-57.2445189181871 5.770898763503683 14.97507735460422
-19.16567297162843 9.935536178975036 11.8253868151084
-13.80748662420724 0.3976423683325931 19.03883924928535
-23.85826742868623 9.389390524248537 12.23843352968874
-26.47756992790549 6.226469410442687 14.63053198040065
-31.96927477138451 5.694854855497487 15.0325889105307
-28.07200164559684 3.05189533227683 17.03144349883976
-22.30811627901306 5.98749929670388 14.81126365794578
-18.27716787189618 0.7590727739410901 18.76549158040975
-7.954238595904105 -2.668494323601921 21.35774021663262
-38.90654742378081 -0.06563867378809984 19.38921594956532
-40.60665013225703 3.397853802799876 16.76979716256644
-45.60552654558949 4.509058211190144 15.92939986902276
-35.91994922360328 3.186494722438765 16.92964677957675
-44.43004070426968 8.488150297129049 12.92003616011846
-34.61812356936005 9.235716583557444 12.35465621821467
-20.43352912412873 3.488649503792621 16.70112891322945
-28.56389708213129 -0.6670482863799467 19.84405846721291
-61.62798236754546 4.264661546370448 16.11423561491681
-24.22459574601728 3.541697226752049 16.66100923545716
-50.8012267197815 4.659451592413207 15.81565824813607
-48.54113167999124 0.4545117909453533 18.99582924276604
-57.36073296211278 2.367757850906235 17.54885261224359
-53.43150871360889 7.309809414239245 13.81120837053744
-16.2605778483721 -1.782006579087292 20.68729480116764
-10.954115512191 -1.227031122436616 20.26757015984081
-32.13244992250088 2.621734536504569 17.3567715535397
-19.06939011534467 5.537430490255408 15.15164802286714
-19.93669332543492 -1.780780670950765 20.68636765412584
-36.95265951124929 6.373870210820411 14.51905363063144
-19.97639662943109 7.52346848695024 13.64961928297479
-22.0739187479346 0.902866587109254 18.65674117364173
-25.58312365416865 0.9886147271337578 18.59189036468266
-13.30554142032218 -3.260437358705364 21.80542321795694
-54.27215881406494 3.871324502304692 16.41171408493313
-41.58737103192386 6.419634205962822 14.48444259294204
-16.16046478085816 5.432879215386953 15.23071953101861
2 4 0 7
405
406
407
408
409
410
411
-19.63119553563264 11.31050370415765 6.383930730887662
-44.64799270143109 9.774892516945238 7.529584072313449
-39.65252761834806 10.07134333278811 7.287345510315308
-34.64909456278831 10.38030921514218 7.060643230583585
-29.64433351181576 10.69086328324739 6.835872308519004
-24.56004373867143 10.98222006212406 6.575621171990113
-48.65581650395908 9.53518052482703 7.721455341809961
2 5 0 34
412
413
414
415
416
417
418
419
420
421
422
423
424
425
426
427
428
429
430
431
432
433
434
435
436
437
438
439
440
441
442
443
444
445
-22.33779283449407 0.5565464292860297 9.954087241400586
-33.38858448028031 5.143219870372249 6.485213362613962
-43.78280961978592 4.479652343673805 6.98706554148418
-52.10699510293419 -2.697235989743392 12.41490355753957
-39.18713657073907 -4.257243056155172 13.59472763547018
-28.55324639019113 -4.97962011841949 14.14105711676194
-21.53914346689996 -3.095088649657167 12.71579716099913
-52.73470217956528 3.180692122373585 7.969461441067589
-23.19675025859318 4.979532455090453 6.609009182493097
-26.71263625925096 2.268095291854511 8.659653003190524
-25.62267504204569 -1.737900624324098 11.68936391909714
-29.73663966886367 -0.6201827752700584 10.84404054906909
-33.73336293074104 -3.630730919658263 13.12090022810145
-38.15782555729297 -0.2105997603118167 10.53427534776738
-42.47806198175826 -1.181400010203121 11.26848581023491
-17.58799854739447 -6.68074010397309 15.42760405723287
-21.03293128210754 -5.684323467561401 14.67402007380056
-57.14800743092685 1.578915686044135 9.180875445358092
-38.42663516175115 4.081747291779499 7.287998768687403
-61.61977560842491 -0.03799035895744574 10.40373188281789
-44.16836258611505 -4.450489025663847 13.74087841433415
-46.99959308554878 -1.581147868574254 11.57081274103034
-24.43556635591871 -4.752360339983441 13.96918189624723
-28.71178856344564 5.479494111419378 6.230891151569234
-48.4175331337025 4.206592812356963 7.19357884305343
-57.01771870888261 -1.677886184576525 11.64397535480008
-33.68500785663174 1.376494264146372 9.333965564362009
-53.68542185722585 0.3228215141821957 10.13085200637442
-48.5558133460651 -4.472665243089482 13.75765015584708
-49.81597451487576 0.7667697977000161 9.795096556589785
-41.50179036851333 1.743082004273215 9.056717434024595
-30.41771942161428 2.877317188127257 8.198902101799797
-45.34281034010139 1.337964279604598 9.363105562803966
-23.61372443865096 -7.260988514300622 15.8664424833049
2 6 0 0
2 7 0 48
446
447
448
449
450
451
452
453
454
455
456
457
458
459
460
461
462
463
464
465
466
467
468
469
470
471
472
473
474
475
476
477
478
479
480
481
482
483
484
485
486
487
488
489
490
491
492
493
29.66673129184936 -9.968554671253507 11.80041512552707
39.50903884648379 -8.88292788919517 12.62146821220627
24.0993713480451 0.3771083390759573 19.62477860730176
49.36003456992565 -8.187021926637172 13.1477777580277
33.68111702860697 0.3888131264384986 19.63363086845796
43.77376734153748 -0.4009089963784747 19.03636871789793
14.22375745119183 -1.805396528826246 17.97416313972279
52.84834227589477 -1.268339069132731 18.3803365063833
6.989638442028625 2.10032605493019 20.92803792993919
16.17750266748346 -4.638488232978426 15.83151271235485
19.13239831882026 -4.888204982830007 15.64265341775233
20.38111803388432 -7.16948169789602 13.91733738886526
22.37428245309832 -5.188242335064551 15.41573695047049
11.3757240467298 0.2257782459501012 19.51032855676703
17.77833277956308 -2.166400303254397 17.7011381294747
23.61944661328081 -7.613623358613323 13.58143568905332
26.78007994037798 -4.930780880166747 15.61045351949614
57.32988578763762 -5.829354288407865 14.9308677883433
20.0824709430256 -11.01082283747693 11.0121539024549
29.00375864932128 0.7367570936419865 19.89677882407691
30.81131557582226 -2.889877565169596 17.15397657372214
35.4582143430579 -3.158903614740424 16.95051377043863
24.33492938421891 -2.547928177640462 17.412590864341
16.23237124686307 1.321083550569533 20.33870145256905
38.70631060923443 0.05370365311665282 19.38018956432517
40.4164582685327 -3.421773524800813 16.75170681889958
45.50868465301922 -4.684463659156412 15.79674177062913
34.58981432421686 -9.33183926143646 12.28195920790068
44.43004070427041 -8.488150297119839 12.92003616012543
61.63524145508428 -4.26963225427054 16.11047629805783
9.117946411790722 1.43865631134272 20.42762103316303
7.639116970763869 3.596498514436074 22.05958427384258
50.61453573656849 -4.56251369620972 15.88897180322648
12.8489023620848 2.704591295256924 21.38504014188034
31.56493538398421 -6.386737240620704 14.50932237242326
21.27199355328291 -2.324234252450951 17.58176925122642
48.19521225473837 -1.161471203481536 18.46116003838328
57.30554171661657 -2.480858988631825 17.4633148935992
53.40695211538755 -7.313311627843238 13.80855966719178
20.10521378555083 0.3834842694104896 19.62960068554093
24.50922487571467 -10.2616093915031 11.57877958133882
36.79152735466917 -6.403624280595463 14.49655080439888
18.92007528998568 -9.000221517268468 12.53275973801518
27.04626218603139 -7.925968521925971 13.34521089736115
54.25783131346675 -4.151471250039435 16.19984076368489
27.47401008321379 -1.908112902736929 17.89647935626641
41.64976595365269 -6.484740045042777 14.43520343357266
21.50246715117822 -9.01115176055157 12.5244932599455
2 8 0 7
494
495
496
497
498
499
500
19.63119553563567 -11.31050370415581 6.383930730885609
44.64799270143255 -9.774892516943588 7.529584072311454
39.65252761834982 -10.07134333278644 7.287345510313321
34.64909456279057 -10.38030921514049 7.060643230581629
29.64433351181855 -10.69086328324567 6.835872308517082
24.56004373867441 -10.98222006212225 6.575621171988101
48.65581650395981 -9.535180524824458 7.721455341806655
2 9 0 36
501
502
503
504
505
506
507
508
509
510
511
512
513
514
515
516
517
518
519
520
521
522
523
524
525
526
527
528
529
530
531
532
533
534
535
536
21.33998210960512 1.36180721538071 11.40492670789717
33.8642409133141 -4.690526095068238 6.82758297588852
44.13622689700054 -4.062831589750502 7.302304601773212
53.03816954755607 3.183873191785775 12.78294438283339
39.00006187487181 4.662328331334185 13.90109122289331
28.91077531301099 4.985945778694512 14.1458411760537
53.15579381231289 -2.667018850018213 8.357949485745653
20.6327318517704 3.859249508826292 13.29372747969545
23.18930470591328 2.876811210478403 12.55071523030987
24.54436259958444 0.8043027522377696 10.98328939398246
24.11114408590887 -5.33052100366278 6.343558628069617
21.93489731131708 -1.862533557228996 8.966376934062888
16.56619462609887 6.31817927272265 15.15340145415896
23.74339225042467 5.548751855752939 14.57148806908125
28.62022427202236 -5.134317479563083 6.49194618790299
30.87030699446709 -1.620765891302121 9.149224383710477
35.74989209314487 -0.9928367866202074 9.624123435700783
32.58425641879795 2.017553692872233 11.90086387370899
43.92753495434494 4.169385130951099 13.52828120851186
40.65444044445154 0.2731773698423975 10.58160242214617
45.98845039453332 0.2968194817098187 10.59948281091804
57.30609628713125 -1.44791730318059 9.279948744191204
38.85348686910446 -4.21559293720563 7.186772102090861
19.37639140210314 6.469074368330348 15.26752251865458
26.45143076678283 -1.952868900518656 8.898056850522231
61.63321853837426 0.04912967722815608 10.4121564830588
28.62764933739712 1.426621776407272 11.45394557540495
48.34358992255292 -2.968586959919943 8.129875315532779
50.57059325378442 0.3112347319041254 10.61038497901383
34.00201895126695 5.252051851479719 14.34709561823882
48.5785224333609 3.964813101157893 13.37356459753117
57.35264554057346 1.880467525722369 11.7971864197814
20.67948267389623 -5.143924594600118 6.484680383866464
36.54543413644102 1.967178065968337 11.86276508631134
54.28465968827162 0.2521278592426935 10.5656828023131
26.01221795920681 3.141987597197943 12.75126655644583
2 10 0 48
537
538
539
540
541
542
543
544
545
546
547
548
549
550
551
552
553
554
555
556
557
558
559
560
561
562
563
564
565
566
567
568
569
570
571
572
573
574
575
576
577
578
579
580
581
582
583
584
-2.887236501132683 13.8941448484164 -13.95
0.9684254784885116 -14.15787935302682 -13.95
14.00941094859938 2.010289040344519 -13.95
-14.27918962581138 0.04910484741268223 -13.95
11.6921526545826 -9.216948314097095 -13.95
7.952747173522013 11.48065400985181 -13.95
-10.02878251931622 -10.55267750686308 -13.95
-12.12503309717608 7.373395966217585 -13.95
-9.733885734099394 11.08467135757089 -13.95
-7.158432937639122 7.26972811839361 -13.95
-10.04348466980041 2.667674459958329 -13.95
-4.520315503388889 3.140617424825033 -13.95
-6.644663010188666 -1.436041838519058 -13.95
-1.669461984419358 -1.108638885472077 -13.95
0.6570452028563936 3.454945415538405 -13.95
3.43259808011986 -0.8459613267599901 -13.95
5.650902486908002 3.451963414060871 -13.95
1.078442807500625 -5.358859581015016 -13.95
3.225552042546009 8.116098600755194 -13.95
9.300673005799894 -0.5375954130069488 -13.95
-2.099717710702554 7.645050425315482 -13.95
-3.813768564492219 -5.479062857495584 -13.95
6.059628023180908 -5.039407007574682 -13.95
3.251989913204828 -9.457180784656744 -13.95
-1.286538634694247 -9.740971344313795 -13.95
-8.270440187087221 -6.084822072233667 -13.95
-3.55686481480565 -13.86926352431205 -13.95
10.60572470184534 -4.811448410822949 -13.95
5.519842252726667 -13.29645935866066 -13.95
10.0887407854489 3.612207773305423 -13.95
13.03914698209956 6.277140105901777 -13.95
8.622584278087942 7.142118120029465 -13.95
3.657517104219997 13.36260870833109 -13.95
-5.746155586199756 -9.871246742128449 -13.95
-12.62572207757876 -7.001805216689787 -13.95
-14.60827409137399 4.080598139749815 -13.95
-6.9171712051708 13.71024131761879 -13.95
14.17760081777747 -2.433209715480596 -13.95
-10.9393699033111 -2.363564342564924 -13.95
14.20370429058552 -6.214588274371225 -13.95
-14.88124791061835 -3.92425532190344 -13.95
9.170047693282761 -12.34904877639834 -13.95
11.72377067538579 9.748156608211628 -13.95
-0.2077879495136744 11.28538743274146 -13.95
-4.827407026047882 10.49885105767654 -13.95
-7.293825936979134 -13.47334541954674 -13.95
7.612336603493025 -8.914974056350452 -13.95
0.4716003142409173 15.3754021643372 -13.95
2 11 0 90
585
586
587
588
589
590
591
592
593
594
595
596
597
598
599
600
601
602
603
604
605
606
607
608
609
610
611
612
613
614
615
616
617
618
619
620
621
622
623
624
625
626
627
628
629
630
631
632
633
634
635
636
637
638
639
640
641
642
643
644
645
646
647
648
649
650
651
652
653
654
655
656
657
658
659
660
661
662
663
664
665
666
667
668
669
670
671
672
673
674
6.458777933020802 -1.999976612348794 19.87917897786296
0.01719594873835528 -2.26630706940073 22.50270098819142
4.474978756415072 -1.477582994535208 21.07493620859901
-8.571623841667293 5.251022498604248 17.95846541938711
5.045256692764428 -3.403558230627608 20.27337374466481
2.566369061283534 7.646033008326522 19.11814877661189
2.282713871394861 10.95746794764007 17.29277289338742
-0.011393277161841 2.200189719553477 22.54131174026198
1.058993791197065 2.134394767133866 22.4348238705459
3.080552243037621 -1.210681042782752 21.89362819578411
3.208755995170771 1.226542080393157 21.82051250777591
0.4464240018865937 3.076655656074138 22.01096783782689
-0.7737906049235388 3.0547981798179 21.98621991938592
-2.307153135196477 0.8104137504611193 22.39824056298452
4.789700235990959 -12.0391658113859 16.26305995715964
-2.213526650506477 -7.723094858772209 19.13635450013503
-1.524041703194971 -1.659499854351137 22.51042373335043
-1.007924438038882 -2.800724958752865 22.08818842158349
0.377515130249495 -3.290045774697449 21.89262614730212
1.685553551207148 2.960035505491421 21.83737171792124
-2.458161022236701 -0.6318309843125092 22.34412639935627
-2.539760453576 -2.310443684168121 21.82153112363964
-1.860339799276362 -4.114335901369209 21.19005268195502
0.1035012502753381 -5.035046650092861 20.88612237424036
3.31630755211798 -2.575748676065035 21.37465423855128
-5.768781400247103 2.794795542878888 20.08416744776387
-0.2028333717899946 4.225564513964314 21.35636389231886
-1.713222224288743 1.664208427438142 22.4314461568293
-1.319490517869567 9.323148487078461 18.32973253979422
-1.915425069982807 3.95599771399293 21.2601289482042
1.256619667565401 -1.729588591345504 22.57769120310521
6.725150055130261 -4.534430134905357 19.09142605570127
5.089378726148981 -5.695430258091426 19.36748460081098
7.247505572658553 -6.862534354780649 17.99998965556059
-1.146623936740701 5.64450468395673 20.46374130920746
-2.154615222852301 -11.1360646343292 17.2052988388397
1.680414812758892 -9.638724431969186 18.11491651760627
-11.07338723581227 8.341105991887808 15.73400579322299
-7.116119322540738 9.846285587906051 16.73486352181734
-3.240137072472553 0.5449534922727316 21.90779479227851
4.494807279479658 1.208374797461323 21.10890907811688
4.47646304864016 3.328914096413496 20.5695144330409
-4.68764044544062 7.898479034041926 18.46472745882926
1.503081908882157 -4.621169084009924 20.98921922899255
1.492482461919083 -6.468276354099286 19.95103283832733
-3.01028169751933 2.233540391806522 21.63770458999495
-1.051485606146471 12.90544466878307 16.2681657781569
-3.889727925489698 -0.9376361351559902 21.49018894333821
-3.769898941498144 -3.614637222216796 20.77715392104847
1.870959362038711 1.520135452280629 22.41848407008165
4.785632521372985 -8.67133282434275 18.04479208039667
1.682287464510263 -3.333669029333052 21.64605546815576
1.063770403764537 5.655063337351341 20.46697695187489
-3.860878680907363 5.106880099999395 20.08886471495789
2.070763595313526 -1.012287781963162 22.48018559485435
1.467168367719718 4.134447818561665 21.26494909477258
3.008380726057713 5.024277687359158 20.40753846869836
1.472540118713209 -12.30492562658121 16.59237990820377
8.144877553470899 -10.19085101507772 16.21121568504504
10.25880781815319 -7.681312536256276 16.34542537181817
9.762096868987717 -4.578321990425805 17.53227256764939
2.533466741815524 2.131117928889073 21.89322560535861
2.84836170749454 3.362320837508077 21.25352481158518
-4.111429284810517 10.57756961351356 17.20183854302392
-4.997546556591169 13.26528886580368 15.55187789354718
-0.1337556163037091 7.204747287990884 19.61965636416003
3.563944663089907 2.351278457872006 21.33345220143116
1.900259544754528 0.6482505182593609 22.65362532934802
2.41407059160041 0.9832524991221401 22.30410674175987
5.219334715600139 12.63245695918292 15.84792210452258
-5.264740863602307 -12.68205213729814 15.81103789978088
2.083312372120107 -2.207821484448245 22.05375475236668
3.073844257829242 -4.22244699265018 20.77716303721481
-5.848216926543802 5.023596100854139 19.32571125770255
-4.516328510259685 1.340338929048688 21.07586243698066
-0.9487725774892642 2.106645020372267 22.47698185178265
11.62342784834461 8.897891524397613 15.28179687515231
-11.62342784834123 -8.897891524396668 15.28179687515421
2.339106967386193 13.56674212724682 15.79032273198015
7.885402891799456 10.58033378416651 16.12379240102583
-3.925751325075132 3.289342936408872 20.83619640135193
-7.885043703140076 -10.57841994862211 16.12481330438929
-2.160470031354435 7.206456954410444 19.43443160263589
0.8728795910658326 -2.464915331396004 22.29927743685004
-1.390524235102619 -13.91793338425629 15.66173712957966
-1.744973470759346 -5.862334517832346 20.25552918533198
8.012859010405709 -2.894596469831793 18.85292246232631
-1.755902722290001 2.664061045047983 21.96322391552773
12.69292265565573 -7.289886898499662 15.28227160723309
-7.493908998386824 3.598359489037424 18.97350946905711
2 12 0 4
675
676
677
678
-58.93500000000046 6.611971778594607 9.856691924009318
-63.45700000000206 4.829770489631629 11.20456017262478
-67.04468561710532 3.419536491110498 12.27887973410709
-55.34731438289738 8.029680252955583 8.792255391146398
2 13 0 4
679
680
681
682
-58.93499999999794 -2.299034666208095 16.59603316709215
-63.45699999999761 -0.516833377246809 15.24816491847604
-67.04468561710182 0.893400621275827 14.17384535699493
-55.34731438289467 -3.716743140569568 17.66046969995457
2 14 0 11
683
684
685
686
687
688
689
690
691
692
693
-28.89599999999998 -6.392833576888229 19.69214896619161
-23.72799999999998 -6.70849957182995 19.93088528311925
-34.06399999999996 -6.077167581946505 19.45341264926398
-45.13828571428567 -5.400740449928518 18.94183482727621
-18.55999999999998 -7.024165566771666 20.16962160004689
-12.65371428571427 -7.384926703847917 20.44246310510704
-39.35504761904757 -5.75398572998236 19.20899213431426
-8.487673469387749 -8.409559490245996 19.61657004330127
-8.439243648479788 -6.752728416963558 21.81344199303356
-49.30432653061222 -5.916442346522574 17.73104035654632
-49.35275635152016 -4.25369500094844 19.92343786468687
2 15 0 1
694
-5.640000000000001 -5.574085780749156 21.40138269020064
2 16 0 4
695
696
697
698
58.93500000000223 -6.611971778593393 9.85669192400918
63.4570000000012 -4.829770489632537 11.20456017262529
55.34731438289832 -8.02968025295486 8.792255391146227
67.04468561710499 -3.41953649111022 12.27887973410647
2 17 0 4
699
700
701
702
58.93499999999793 2.299034666208097 16.59603316709215
63.45699999999762 0.516833377246809 15.24816491847603
67.04468561710182 -0.9008750971151027 14.18372838561342
55.34731438289467 3.71674314056957 17.66046969995457
2 18 0 11
703
704
705
706
707
708
709
710
711
712
713
45.13828571428567 5.400740449928518 18.94183482727621
39.26403030483326 5.759545147754881 19.21319668895284
23.72799999999997 6.708499571829947 19.93088528311925
28.89599999999997 6.392833576888227 19.69214896619161
34.06933838413885 6.076841508738188 19.45316604203339
12.65371428571427 7.384926703847916 20.44246310510705
18.55999999999997 7.024165566771662 20.1696216000469
8.487673469387749 8.409559490245996 19.61657004330127
8.439243648479787 6.752728416963557 21.81344199303356
49.30432653061222 5.916442346522574 17.73104035654632
49.35275635152016 4.253695000948438 19.92343786468687
2 19 0 1
714
5.64 5.574085780749886 21.40138269019968
2 20 0 5
715
716
717
718
719
0.5917447508230644 -0.1413321486379646 22.95
-0.479099418339562 0.2088014090763877 22.95
0.05829883923118121 -0.723415164820352 22.95
0.2442212210171859 0.7117474277983377 22.95
-0.6405764746872616 -0.4961884036872082 22.95
3 1 0 257
720
721
722
723
724
725
726
727
728
729
730
731
732
733
734
735
736
737
738
739
740
741
742
743
744
745
746
747
748
749
750
751
752
753
754
755
756
757
758
759
760
761
762
763
764
765
766
767
768
769
770
771
772
773
774
775
776
777
778
779
780
781
782
783
784
785
786
787
788
789
790
791
792
793
794
795
796
797
798
799
800
801
802
803
804
805
806
807
808
809
810
811
812
813
814
815
816
817
818
819
820
821
822
823
824
825
826
827
828
829
830
831
832
833
834
835
836
837
838
839
840
841
842
843
844
845
846
847
848
849
850
851
852
853
854
855
856
857
858
859
860
861
862
863
864
865
866
867
868
869
870
871
872
873
874
875
876
877
878
879
880
881
882
883
884
885
886
887
888
889
890
891
892
893
894
895
896
897
898
899
900
901
902
903
904
905
906
907
908
909
910
911
912
913
914
915
916
917
918
919
920
921
922
923
924
925
926
927
928
929
930
931
932
933
934
935
936
937
938
939
940
941
942
943
944
945
946
947
948
949
950
951
952
953
954
955
956
957
958
959
960
961
962
963
964
965
966
967
968
969
970
971
972
973
974
975
976
0.1858457486250351 0.06094751638678796 4.331437735633572
0.7612169811108243 1.447506493338339 16.20917090349481
0.4321170110571713 0.2694389861975358 19.41116755102756
-1.636174265153023 -8.985721977070241 -3.949078075643383
8.287525593163084 2.560232442340709 11.13463841237122
8.53716340292198 -2.641454532632082 -2.947255439414648
-4.015985709959554 8.627170508331044 -3.485313272059998
-0.09103785156734329 7.47659013773208 10.86415399670419
-6.194960933667919 -6.680369056110048 7.970136619441383
-9.727351210707909 0.07441335868230198 0.4008042515804523
6.749119686809922 -7.637480232781081 6.496765243384564
5.916047800074902 7.73594081551922 2.267897881992298
-7.192031248795078 -0.5250982662123121 11.67999601919582
-0.3345454094773994 -8.427120488677174 13.25810080273161
6.459990261151158 -3.335111462706147 14.41253635289088
-1.119051245477861 -14.24076791409255 6.032068361266791
-9.148870225607689 8.341230912024496 3.654666115606848
6.283990031029889 -10.54594864655571 -1.625823075912784
-0.8854964197499915 1.880642398930193 -5.901530069193615
6.132292864340635 5.898901379222536 -8.295080560205143
9.662236811225313 -2.913761097593497 4.525495721007922
0.3335924780888013 -3.258519650462036 17.45136431610099
1.421826558413614 0.2200624726436849 21.73795664649762
-2.445017736430153 3.055017386791942 18.34564455986374
-13.64151295333021 -1.783804128184395 7.271475236864522
-9.174336303881994 -10.48887190648427 -1.058963370094711
-11.01640633105849 -5.530702312644107 -8.185100464508915
-11.67514882441334 6.122656593042028 -8.711785280739317
-1.649681047714904 14.05474120284066 2.388495503749151
6.342875975003825 10.14860028659774 11.38466056458969
3.466264330737928 2.092677280035983 19.08126322909548
4.105150267597645 5.464812302076282 15.05151081927596
10.28488525519202 -4.276958411990702 11.43783056565141
4.501463251314378 -7.717809547945767 -8.583294931156466
11.85371660150135 4.620773802754519 -0.8987422996881754
-0.6792772772154205 -0.03265166799464644 21.75579838134228
-3.759935445331032 -1.227448142451989 17.45031959603265
2.124257988641754 0.8009094422084323 11.03971453202499
1.118553168533899 13.75178327021294 -9.10668361697957
1.272149084621052 -1.569630026549981 21.05340233749544
11.78739436694406 6.579290429510844 5.220689871455671
13.0681209800306 1.961932542796138 -7.733689841651068
-3.064087162480349 -6.7503868759585 2.470899587191382
3.039352928411281 2.255644644212574 -0.9050284317983924
4.123860356486481 -4.005433946702266 1.993398179451792
-6.192735772762214 -6.248396731727241 14.18283673008312
0.8562586348821111 -13.1695553232285 -8.981449639977228
14.78990120468022 -0.4231285947897102 12.8984292038084
4.900161276594624 -0.9726073772252741 17.97726837924107
7.477864415266669 2.695363054943837 17.81043906224145
11.2069826090613 -8.111468069564451 -9.188099356411167
-5.310372436163148 12.6645406686521 8.659464786784865
-6.458342850057151 4.004648800252352 15.6679269860833
0.6363132643292641 2.994879613755737 19.78693011967826
-1.532767894173886 6.133127196934473 16.92132180758637
11.42644529031223 -9.025807720428501 2.183555997271296
-6.874137476903861 0.100844994823921 5.17011920072007
-3.946986131721485 -13.71462756505552 1.13860252471977
1.705475280709115 13.68317739720596 10.45607462724377
4.338160335057743 -12.47262863683992 10.33334449174923
-4.811306796748341 3.84219867430711 0.07625112407879633
4.086097274039054 5.864997449949168 7.075279506520363
-6.984440481901476 -12.01526408606142 -9.364663546537587
-4.647465660344374 -5.006532563356995 -8.593808339458977
-12.71945032154952 0.8294521298724563 13.06179982794425
-12.21584385112655 5.980474646296821 8.228616938291378
-6.48005068211213 11.74670414619444 -8.989262478376649
5.155974233182365 -13.57316536703838 4.518026347470885
13.92569956530819 -4.777311927832737 -2.318982876233126
-9.574243328060648 10.21292622801 -2.786449879557992
-1.852094546926521 7.434790880742754 -9.956125545733491
-4.007579434100847 -12.04688454141951 10.90326371496324
4.961822055238298 -1.997591948762949 7.669320071825397
-3.395087543402727 -1.718267173009171 -1.056037520361878
3.516850654103794 14.00613425505057 -0.8789672494988026
-0.933744874359048 2.030770371362978 21.00980685793049
-2.091973648907798 -2.264640330277276 13.87718610376324
7.732606753295497 1.731776128155582 3.519132789337915
-12.17074382792694 -6.114479892317856 10.46589792225093
-14.51709169480637 2.417581892239967 3.65739188579813
2.139673678167219 -14.2809591395565 -2.49175239277973
-2.53805959316647 3.018210129297237 13.10771157110775
-1.757619011109087 -2.898872788524298 9.226585858969237
6.163037337651399 -0.8424749591553962 -9.18664827157501
13.99798290704622 1.289545673938792 7.170676972036889
-13.71776155824504 0.246121683071553 -3.985522871264013
2.823100175268118 0.1028919101060913 20.57899289561501
7.711018509364279 12.36237118407548 -6.894229502775143
-3.505660588316834 4.035079798538179 7.285636215958323
12.22546166484713 7.414076217054216 -9.022474912068139
-8.411947211244129 -11.88034535478177 5.638343665962449
7.823789339896496 -8.17797512246667 13.43675021180849
-3.488028966330617 14.35800374118359 -3.486460403212932
11.01189327285041 -10.06346016895141 9.630204413876383
-13.08744063690538 -6.991135981604522 4.026756091229374
-13.6201991168717 -4.438335906125523 -0.9792990668542439
-6.029919688960279 1.971837919357049 -9.685526333884727
1.782621887090988 9.608635016533889 14.59444474967337
6.91402275056449 -12.24489819142768 -8.562483843678923
11.9305002346096 8.50520690285459 11.08965786642431
1.691875996916503 -4.092123046929984 -3.420425409089034
-0.5460543250679274 8.478699610116987 3.751281598446497
4.367618616247884 13.60854517671875 5.408677052351341
-6.489290658760646 6.879694118078586 10.81751071592181
9.49329157650075 -0.9725543837222583 15.37278458847396
10.94254029516984 -9.555323966574363 -3.583625460556525
10.06152376486354 10.30792996157379 -1.092945787863067
3.676724749413396 -6.048425610699352 15.93554893159093
9.436165684166129 11.63799968311299 6.177140484812161
-14.32324465912822 -0.3637785409752092 -9.493511360570736
-9.58473442680217 -11.5175879590103 11.36047432665643
-6.967203374915734 13.29300764616787 2.984044404061907
1.594038631465117 -9.622863652598891 1.544760330759159
-9.729837616730558 -4.479377166070221 18.01835669208055
2.099188473993925 8.468626434951014 -3.085888953008113
-3.70954299668061 10.0812449164323 13.59137310890008
1.045417021428667 -7.748451221821289 6.9905432852331
-1.342876945449156 -2.215878237736378 19.99235608617737
1.740328907445373 1.694608231737002 21.00208372830632
-10.68750293752297 10.41566281443153 9.776584667447306
13.31031489368487 -5.957900866256072 6.715690708174575
0.1223883347050374 1.107274906240392 21.93522445707767
0.7743986179845712 -0.9054676932239594 22.16214127945263
-4.596254802258181 -14.21232243518142 -4.819108129768518
-1.919453960238013 -5.633978831872415 16.79592410424883
4.835359920204982 1.031615864065106 15.01563012520799
-7.972345917725405 1.499375832856457 -4.808555216880714
3.827130445043162 -5.701577750580054 10.88176895022
1.164596992222159 4.935120296523034 18.78329593500547
2.034808714944617 -3.11011431205228 19.44148671253184
-13.05158233494682 6.273886468477037 -1.94830230073039
-7.547483371778627 -4.969357122846183 -3.103770912203195
0.5286125203634322 -3.679297143268315 -9.657499557664575
-8.505673577184467 -4.914271007232603 2.361905959299352
-0.4390741110717957 -1.462096068665051 21.82667756515664
1.789778832018988 -3.132608954869164 14.06313746707234
13.43040083768276 -3.270618470720371 -9.114737582045445
14.59064313174688 -0.1285234397974407 1.275133482903
-2.793147832265699 0.9298953618640724 20.07125918562338
15.25629434325064 -8.226268989120911 11.16463943404978
7.708701527478901 7.233752434120509 18.55458438383877
-16.33237040182874 -1.641246998857733 13.03325315166744
-23.42876095713966 -5.706749605369944 17.68425183398858
-15.84560553122649 10.2683642628875 7.960120722945516
43.44420437273309 -8.214587373287658 8.852088904232762
-40.96197430469594 8.261203867823918 8.579313139260437
58.90509496454756 -4.76985431332858 10.90196053126539
-59.28854298989898 3.606620492041607 11.86217098218841
-36.57907104723478 -3.298863418568636 18.02177623444766
33.47486795416427 4.289273187247405 18.44877822129796
15.71806235197312 -5.661411306940769 -11.59546015023537
59.45343864321374 0.6386261141381098 14.58076272358695
-29.68901465055474 9.175719225409299 8.215402676655735
-14.6727900129015 -5.840330689531054 -10.94176378667724
-58.97228744854466 0.3714551165752896 14.85760009535861
35.34021718158509 -7.999382533020724 9.169690289849745
2.242745491649977 -16.23603101718573 -11.76285717555321
-14.62110578729751 -5.896952547078984 18.98334560285372
-14.37995836210194 -9.405577031920789 11.70795160182307
23.90164700362142 4.820065355719342 17.05859173500481
27.02885773691942 -8.052711833562478 7.204018260110719
-4.755837424934193 15.53085348829583 -11.56907112724458
-45.7717760197603 -2.918580198571029 16.17436821116181
-15.56884530520332 4.61737562438713 -10.80747442707209
50.19489071004191 4.627589464039009 16.32916012715704
10.44509952070024 12.52429384851658 -11.17300242973513
10.7056123748115 -12.15980294157725 -11.49981226170029
11.43986826014538 6.094695285834534 19.23581181680757
14.91475215754076 7.461671091972882 -11.8709418321584
-8.249397337222875 -4.735279738095183 20.84006987900451
-55.42432563311159 5.352799402797787 10.02033249921602
40.63910561033658 3.861246632044061 17.64776986207134
66.22104363580954 -1.181950648601859 12.01329494842608
-66.22007398935948 3.041489895647407 14.29663469125088
54.32462334302988 -6.344912689456341 9.703571266380527
19.31315388002244 -9.509274475018529 8.576283471583018
-47.17112172182582 6.922933678480259 8.518787265671671
17.51744100063803 4.943311311799897 19.12734417064969
7.410602912379132 15.17269608820146 12.23993242137287
5.451548194122534 -16.16053463002653 11.86154823708064
-11.45753163603166 10.39012267181066 -11.00671199050798
-19.76104351355436 -4.725954114644931 18.87366569555762
-0.2204744460080909 -16.47914988268766 11.12157960759584
-0.3439380732094388 17.21408647890598 11.71870074340201
-10.03751683260035 14.04040447201486 11.87399749789226
-11.74344331410023 -9.8236551931357 -10.72859049959482
-14.16661524344571 7.936043233769121 -11.82458775224377
-1.966447945029501 -16.09277669629776 -11.60883927021931
-8.713065907835938 14.11038053767604 -11.67610556771684
54.23222523482559 2.037022793597469 15.1375610713144
-44.85608153746272 8.925683996382217 9.66720442395906
16.16628997082513 -10.24258601182479 7.619499977206133
-26.73593621934564 -4.486773093511268 18.8657810601719
47.66703531465446 2.519658979549592 18.16018826864725
-35.82380124643968 8.478394276079632 8.409545760131898
-31.38917377923291 -4.635976877466025 17.4987841955544
39.68990823353744 -7.960831248499115 8.531310652710976
62.36591419765691 -2.062964176853007 14.92134847099839
-62.99660023868783 1.826943247082101 13.84806035527184
-23.77629480027568 9.188033383203713 7.974945689534978
24.55414610618467 -10.57705520802523 8.871190136800575
22.17812199221581 4.287561374168987 20.11357219072177
13.71230228477408 -9.558092945884965 -11.72156550549501
13.09796774676119 10.67620208529581 -11.93261399814719
-50.1240948570835 -3.949465366235833 16.17222310558387
6.75199570092573 -15.04249005237281 -11.4551823593224
47.17655983618879 -7.211733963340242 9.083667356752857
15.79434928748233 2.975387715888324 -11.72747266875694
6.584198281675219 14.94860878597078 -11.27151753059973
50.99059694307339 -7.138109793330928 9.870863540085852
-54.63075879440822 -2.431567845953117 15.72847058990112
-14.7962017280721 8.357735009680185 11.40533397492869
-51.75990029234737 7.604955539736832 9.464774617496502
16.21930435458755 -1.250186063994628 -11.56217073253494
15.82122780782866 4.658611400622793 10.78797915314954
20.53730286821958 5.998188838212431 17.9918680694683
9.78878538206353 -13.310365548234 11.95161230102456
10.08306256629306 13.13867093782653 11.0433264760322
-16.060720084374 -5.997754373537396 11.66709724053139
3.610174757343886 16.89207545905549 11.91429413025499
-5.10117135864355 15.82813380661081 11.36918676201168
7.018371933138077 4.038241965218887 20.35247377842838
-5.670637309242203 -15.72438563275292 12.01762280774912
-7.474851439916533 -7.505433019607583 18.48271072332985
-11.81103926258419 -5.320111534070024 20.84950673053144
30.72562001328857 -9.454475542250602 8.360570980495503
51.70862945952457 1.888339074773695 17.70076624083415
-48.35209654302033 9.166655031125249 10.26374081474688
-41.43983305474839 -3.617744481750492 16.38888161783773
56.5092145041384 0.673947366386731 17.49794102103707
26.32245085538984 3.32829365696056 18.93535062804126
-19.53346648780078 9.527599063185216 7.814295450269682
60.26084939892338 -3.210496500848437 13.30523712268624
22.5274599512537 -8.673543313691107 6.513115651069207
65.71251170456571 -2.898926633907311 14.23072774668793
19.31898161003982 -8.853922730344847 5.918603489621761
-47.6806901478685 -2.614201351166852 18.88524524911233
-7.225588663520825 -6.4646539088088 20.34528340474751
-13.00230695866451 11.63467013791389 12.31273754543156
13.04205111367233 -11.58989878100715 12.2638122309785
29.02387006649486 5.466573718423963 17.35493701251954
8.714605621238659 5.086989813126029 20.13643974317682
-42.8048247161443 -2.998131126529552 19.14605972805101
63.5782436640128 -1.855326556497435 11.69292412265255
-65.72792281298879 1.354244547492482 11.95032354180982
-44.25902284295365 7.418148681561783 6.870127082238073
21.35153439938117 -10.57967358226537 8.466833776162867
45.79874754676138 5.020660124196376 16.50350131104873
-51.95908045629824 -1.940175930854503 18.22262335956074
-23.61135212318936 -4.395064901070045 20.51979709545738
-62.64674430448039 2.460333776112418 10.7776555088499
29.21782155302893 3.873987554943536 20.17242782438953
62.13048928600119 0.1468998792474697 13.05117976782681
44.2541122286132 2.80509009104633 18.65460689654328
7.342112779014061 5.079212062713116 21.66712291912743
-62.36240483473161 4.789927176784704 13.53159013467467
7.040039708681256 6.312770416295229 20.72898892939734
$EndNodes
$Elements
111 5077 1 5077
0 1 15 1
1 1 
0 2 15 1
2 2 
0 3 15 1
3 3 
0 4 15 1
4 4 
0 5 15 1
5 5 
0 6 15 1
6 6 
0 7 15 1
7 7 
0 8 15 1
8 8 
0 9 15 1
9 9 
0 10 15 1
10 10 
0 11 15 1
11 11 
0 12 15 1
12 12 
0 13 15 1
13 13 
0 14 15 1
14 14 
0 15 15 1
15 15 
0 16 15 1
16 16 
0 17 15 1
17 17 
0 18 15 1
18 18 
0 19 15 1
19 19 
0 20 15 1
20 20 
0 21 15 1
21 21 
0 22 15 1
22 22 
0 23 15 1
23 23 
0 24 15 1
24 24 
0 25 15 1
25 25 
0 26 15 1
26 26 
0 27 15 1
27 27 
0 28 15 1
28 28 
0 29 15 1
29 29 
0 30 15 1
30 30 
0 31 15 1
31 31 
0 32 15 1
32 32 
0 33 15 1
33 33 
0 34 15 1
34 34 
0 35 15 1
35 35 
0 36 15 1
36 36 
1 1 1 10
37 1 37 
38 37 38 
39 38 39 
40 39 40 
41 40 41 
42 41 42 
43 42 43 
44 43 44 
45 44 45 
46 45 2 
1 2 1 2
47 1 46 
48 46 3 
1 3 1 5
49 4 47 
50 47 48 
51 48 49 
52 49 50 
53 50 3 
1 4 1 23
54 4 51 
55 51 52 
56 52 53 
57 53 54 
58 54 55 
59 55 56 
60 56 57 
61 57 58 
62 58 59 
63 59 60 
64 60 61 
65 61 62 
66 62 63 
67 63 64 
68 64 65 
69 65 66 
70 66 67 
71 67 68 
72 68 69 
73 69 70 
74 70 71 
75 71 72 
76 72 4 
1 5 1 3
77 3 73 
78 73 74 
79 74 5 
1 6 1 2
80 5 75 
81 75 6 
1 7 1 2
82 7 76 
83 76 6 
1 8 1 10
84 8 77 
85 77 78 
86 78 79 
87 79 80 
88 80 81 
89 81 82 
90 82 83 
91 83 84 
92 84 85 
93 85 7 
1 9 1 4
94 8 86 
95 86 87 
96 87 88 
97 88 9 
1 10 1 2
98 9 89 
99 89 10 
1 11 1 2
100 2 90 
101 90 10 
1 12 1 1
102 1 11 
1 13 1 1
103 2 12 
1 14 1 8
104 11 91 
105 91 92 
106 92 93 
107 93 94 
108 94 95 
109 95 96 
110 96 97 
111 97 12 
1 15 1 3
112 12 98 
113 98 99 
114 99 13 
1 16 1 2
115 13 100 
116 100 14 
1 17 1 9
117 14 101 
118 101 102 
119 102 103 
120 103 104 
121 104 105 
122 105 106 
123 106 107 
124 107 108 
125 108 15 
1 18 1 4
126 15 109 
127 109 110 
128 110 111 
129 111 16 
1 19 1 4
130 16 112 
131 112 113 
132 113 114 
133 114 17 
1 20 1 8
134 17 115 
135 115 116 
136 116 117 
137 117 118 
138 118 119 
139 119 120 
140 120 121 
141 121 10 
1 21 1 7
142 18 122 
143 122 123 
144 123 124 
145 124 125 
146 125 126 
147 126 127 
148 127 9 
1 22 1 2
149 18 128 
150 128 17 
1 23 1 3
151 19 129 
152 129 130 
153 130 20 
1 24 1 1
154 20 21 
1 25 1 9
155 21 131 
156 131 132 
157 132 133 
158 133 134 
159 134 135 
160 135 136 
161 136 137 
162 137 138 
163 138 22 
1 26 1 4
164 22 139 
165 139 140 
166 140 141 
167 141 23 
1 27 1 4
168 23 142 
169 142 143 
170 143 144 
171 144 18 
1 28 1 1
172 8 19 
1 29 1 1
173 7 24 
1 30 1 8
174 19 145 
175 145 146 
176 146 147 
177 147 148 
178 148 149 
179 149 150 
180 150 151 
181 151 24 
1 31 1 2
182 25 152 
183 152 26 
1 32 1 2
184 26 153 
185 153 27 
1 33 1 9
186 27 154 
187 154 155 
188 155 156 
189 156 157 
190 157 158 
191 158 159 
192 159 160 
193 160 161 
194 161 28 
1 34 1 4
195 28 162 
196 162 163 
197 163 164 
198 164 29 
1 35 1 4
199 29 165 
200 165 166 
201 166 167 
202 167 30 
1 36 1 8
203 30 168 
204 168 169 
205 169 170 
206 170 171 
207 171 172 
208 172 173 
209 173 174 
210 174 6 
1 37 1 3
211 24 175 
212 175 176 
213 176 25 
1 38 1 7
214 31 177 
215 177 178 
216 178 179 
217 179 180 
218 180 181 
219 181 182 
220 182 5 
1 39 1 2
221 31 183 
222 183 30 
1 40 1 3
223 11 184 
224 184 185 
225 185 32 
1 41 1 1
226 32 33 
1 42 1 9
227 33 186 
228 186 187 
229 187 188 
230 188 189 
231 189 190 
232 190 191 
233 191 192 
234 192 193 
235 193 34 
1 43 1 4
236 34 194 
237 194 195 
238 195 196 
239 196 35 
1 44 1 4
240 35 197 
241 197 198 
242 198 199 
243 199 31 
1 45 1 2
244 20 200 
245 200 13 
1 46 1 4
246 25 201 
247 201 202 
248 202 203 
249 203 36 
1 47 1 10
250 36 204 
251 204 205 
252 205 206 
253 206 207 
254 207 208 
255 208 209 
256 209 210 
257 210 211 
258 211 212 
259 212 36 
1 48 1 2
260 32 213 
261 213 26 
1 49 1 2
262 23 214 
263 214 16 
1 50 1 2
264 22 215 
265 215 15 
1 51 1 2
266 21 216 
267 216 14 
1 52 1 2
268 35 217 
269 217 29 
1 53 1 2
270 34 218 
271 218 28 
1 54 1 2
272 33 219 
273 219 27 
2 1 2 348
274 1 333 37 
275 46 333 1 
276 45 90 2 
277 3 220 46 
278 73 50 3 
279 50 220 3 
280 47 348 4 
281 4 350 47 
282 51 350 4 
283 4 348 72 
284 5 269 74 
285 75 321 5 
286 5 336 269 
287 321 336 5 
288 6 226 75 
289 76 324 6 
290 6 246 226 
291 6 344 246 
292 324 344 6 
293 85 76 7 
294 8 267 77 
295 86 358 8 
296 8 358 267 
297 9 233 88 
298 89 318 9 
299 9 239 233 
300 9 318 239 
301 10 227 89 
302 90 325 10 
303 10 241 227 
304 10 343 241 
305 325 343 10 
306 37 359 38 
307 37 333 270 
308 270 359 37 
309 38 223 39 
310 38 359 223 
311 39 335 40 
312 223 335 39 
313 40 315 41 
314 40 335 315 
315 41 224 42 
316 41 315 224 
317 42 306 43 
318 224 306 42 
319 43 343 44 
320 306 343 43 
321 44 325 45 
322 44 343 325 
323 45 325 90 
324 220 333 46 
325 48 240 47 
326 47 299 48 
327 240 348 47 
328 47 350 299 
329 48 230 49 
330 49 338 48 
331 48 299 230 
332 48 338 240 
333 50 330 49 
334 49 355 50 
335 230 355 49 
336 330 338 49 
337 73 330 50 
338 50 256 220 
339 50 355 256 
340 52 314 51 
341 314 350 51 
342 53 238 52 
343 238 314 52 
344 54 297 53 
345 53 297 238 
346 55 228 54 
347 228 297 54 
348 56 295 55 
349 55 295 228 
350 57 232 56 
351 232 295 56 
352 58 316 57 
353 57 316 232 
354 59 235 58 
355 235 316 58 
356 60 317 59 
357 59 317 235 
358 61 354 60 
359 60 354 317 
360 62 237 61 
361 237 354 61 
362 63 296 62 
363 62 296 237 
364 64 231 63 
365 231 296 63 
366 65 307 64 
367 64 307 231 
368 66 351 65 
369 65 351 307 
370 67 229 66 
371 229 351 66 
372 68 294 67 
373 67 294 229 
374 69 234 68 
375 234 294 68 
376 70 291 69 
377 69 291 234 
378 71 236 70 
379 236 291 70 
380 72 309 71 
381 71 309 236 
382 72 348 309 
383 74 330 73 
384 269 330 74 
385 226 321 75 
386 85 324 76 
387 77 304 78 
388 267 304 77 
389 78 222 79 
390 78 304 222 
391 79 334 80 
392 222 334 79 
393 80 312 81 
394 80 334 312 
395 81 221 82 
396 81 312 221 
397 82 305 83 
398 221 305 82 
399 83 344 84 
400 305 344 83 
401 84 324 85 
402 84 344 324 
403 87 225 86 
404 225 358 86 
405 88 313 87 
406 87 313 225 
407 233 313 88 
408 227 318 89 
409 256 270 220 
410 270 333 220 
411 302 332 221 
412 221 352 302 
413 221 332 305 
414 312 352 221 
415 301 334 222 
416 222 353 301 
417 304 353 222 
418 293 298 223 
419 223 359 293 
420 298 345 223 
421 223 345 335 
422 303 331 224 
423 224 356 303 
424 224 331 306 
425 315 356 224 
426 313 347 225 
427 225 347 328 
428 328 358 225 
429 246 247 226 
430 247 248 226 
431 248 321 226 
432 241 242 227 
433 242 243 227 
434 243 318 227 
435 295 322 228 
436 228 341 297 
437 322 341 228 
438 229 294 275 
439 275 326 229 
440 229 326 287 
441 287 351 229 
442 299 300 230 
443 300 329 230 
444 329 355 230 
445 231 342 296 
446 307 323 231 
447 323 342 231 
448 232 316 290 
449 290 349 232 
450 232 349 295 
451 239 253 233 
452 253 254 233 
453 254 313 233 
454 291 320 234 
455 234 339 294 
456 320 339 234 
457 308 316 235 
458 235 357 308 
459 317 357 235 
460 236 337 291 
461 309 310 236 
462 310 337 236 
463 237 296 289 
464 289 319 237 
465 237 319 292 
466 292 354 237 
467 238 297 273 
468 273 340 238 
469 238 340 314 
470 239 255 253 
471 239 272 255 
472 239 318 272 
473 240 310 309 
474 309 348 240 
475 240 311 310 
476 240 338 311 
477 241 331 242 
478 306 331 241 
479 241 343 306 
480 242 244 243 
481 242 245 244 
482 242 331 245 
483 244 308 243 
484 243 308 272 
485 272 318 243 
486 245 259 244 
487 259 290 244 
488 290 308 244 
489 245 260 259 
490 245 303 260 
491 245 331 303 
492 246 332 247 
493 305 332 246 
494 246 344 305 
495 247 249 248 
496 247 250 249 
497 247 332 250 
498 249 257 248 
499 257 258 248 
500 258 321 248 
501 250 251 249 
502 251 320 249 
503 249 320 257 
504 250 252 251 
505 250 302 252 
506 250 332 302 
507 252 275 251 
508 275 339 251 
509 251 339 320 
510 252 276 275 
511 252 277 276 
512 252 302 277 
513 253 319 254 
514 255 292 253 
515 292 319 253 
516 254 289 288 
517 288 347 254 
518 254 319 289 
519 254 347 313 
520 272 357 255 
521 255 317 292 
522 255 357 317 
523 256 271 270 
524 256 329 271 
525 256 355 329 
526 257 337 258 
527 257 320 291 
528 291 337 257 
529 310 336 258 
530 258 337 310 
531 258 336 321 
532 260 261 259 
533 261 349 259 
534 259 349 290 
535 260 262 261 
536 260 263 262 
537 260 303 263 
538 262 322 261 
539 261 322 295 
540 295 349 261 
541 263 264 262 
542 264 265 262 
543 265 322 262 
544 263 268 264 
545 263 356 268 
546 303 356 263 
547 264 266 265 
548 264 345 266 
549 268 345 264 
550 266 273 265 
551 273 341 265 
552 265 341 322 
553 266 274 273 
554 266 346 274 
555 266 345 298 
556 298 346 266 
557 267 327 304 
558 267 328 327 
559 267 358 328 
560 315 335 268 
561 268 356 315 
562 335 345 268 
563 269 336 311 
564 311 338 269 
565 269 338 330 
566 271 293 270 
567 293 359 270 
568 271 346 293 
569 329 346 271 
570 308 357 272 
571 274 340 273 
572 297 341 273 
573 274 329 300 
574 300 340 274 
575 274 346 329 
576 276 326 275 
577 294 339 275 
578 277 278 276 
579 278 279 276 
580 279 326 276 
581 277 286 278 
582 277 352 286 
583 302 352 277 
584 278 280 279 
585 278 301 280 
586 286 301 278 
587 280 281 279 
588 281 287 279 
589 287 326 279 
590 280 282 281 
591 280 283 282 
592 280 301 283 
593 282 323 281 
594 281 307 287 
595 281 323 307 
596 283 284 282 
597 284 285 282 
598 285 323 282 
599 283 327 284 
600 301 353 283 
601 283 353 327 
602 284 288 285 
603 284 328 288 
604 327 328 284 
605 288 289 285 
606 289 342 285 
607 285 342 323 
608 286 334 301 
609 312 334 286 
610 286 352 312 
611 307 351 287 
612 328 347 288 
613 296 342 289 
614 290 316 308 
615 317 354 292 
616 293 346 298 
617 299 314 300 
618 299 350 314 
619 314 340 300 
620 327 353 304 
621 311 336 310 
2 2 2 18
622 11 1 37 
623 45 2 12 
624 91 11 37 
625 12 97 45 
626 91 37 38 
627 92 38 39 
628 91 38 92 
629 40 93 39 
630 39 93 92 
631 41 94 40 
632 94 93 40 
633 42 94 41 
634 43 95 42 
635 95 94 42 
636 43 44 96 
637 96 95 43 
638 97 44 45 
639 96 44 97 
2 3 2 121
640 12 2 404 
641 2 90 369 
642 2 369 398 
643 395 2 398 
644 2 395 404 
645 121 90 10 
646 98 12 404 
647 13 99 377 
648 100 13 377 
649 14 100 377 
650 101 14 377 
651 15 108 389 
652 109 15 366 
653 366 15 389 
654 111 112 16 
655 17 114 391 
656 115 17 363 
657 363 17 391 
658 90 121 369 
659 99 98 370 
660 98 367 370 
661 367 98 404 
662 99 370 393 
663 377 99 393 
664 102 101 401 
665 101 377 393 
666 101 393 401 
667 103 102 396 
668 102 392 396 
669 392 102 401 
670 104 103 362 
671 362 103 396 
672 105 104 385 
673 104 362 385 
674 106 105 364 
675 364 105 385 
676 107 106 378 
677 106 364 378 
678 108 107 365 
679 365 107 378 
680 108 365 389 
681 110 109 390 
682 109 366 390 
683 111 110 386 
684 386 110 390 
685 112 111 386 
686 113 112 386 
687 114 113 368 
688 368 113 386 
689 114 368 391 
690 116 115 382 
691 115 363 382 
692 117 116 361 
693 361 116 382 
694 118 117 383 
695 117 361 383 
696 119 118 360 
697 360 118 383 
698 120 119 371 
699 119 360 371 
700 121 120 369 
701 369 120 371 
702 371 360 372 
703 372 360 373 
704 373 360 383 
705 361 382 403 
706 383 361 397 
707 397 361 403 
708 385 362 400 
709 362 396 399 
710 362 399 400 
711 363 380 382 
712 380 363 388 
713 388 363 391 
714 378 364 381 
715 381 364 394 
716 364 385 394 
717 365 378 379 
718 365 379 380 
719 365 380 389 
720 388 366 389 
721 366 388 402 
722 390 366 402 
723 370 367 376 
724 376 367 384 
725 384 367 395 
726 395 367 404 
727 368 386 390 
728 368 390 402 
729 391 368 402 
730 369 371 398 
731 370 376 392 
732 370 392 401 
733 393 370 401 
734 371 372 375 
735 371 375 398 
736 372 373 374 
737 372 374 387 
738 375 372 387 
739 374 373 394 
740 373 381 394 
741 381 373 397 
742 373 383 397 
743 385 374 394 
744 374 385 400 
745 387 374 400 
746 384 375 387 
747 375 384 395 
748 375 395 398 
749 376 384 399 
750 392 376 396 
751 396 376 399 
752 379 378 381 
753 380 379 403 
754 379 381 397 
755 379 397 403 
756 382 380 403 
757 380 388 389 
758 384 387 399 
759 399 387 400 
760 388 391 402 
2 4 2 31
761 9 405 89 
762 127 405 9 
763 89 121 10 
764 115 411 17 
765 17 411 128 
766 18 411 122 
767 128 411 18 
768 89 405 121 
769 116 406 115 
770 406 411 115 
771 117 407 116 
772 116 407 406 
773 118 408 117 
774 117 408 407 
775 119 409 118 
776 118 409 408 
777 120 410 119 
778 119 410 409 
779 121 405 120 
780 405 410 120 
781 122 406 123 
782 122 411 406 
783 123 407 124 
784 406 407 123 
785 124 408 125 
786 407 408 124 
787 125 409 126 
788 408 409 125 
789 126 410 127 
790 409 410 126 
791 127 410 405 
2 5 2 99
792 19 427 8 
793 8 418 86 
794 8 428 418 
795 427 428 8 
796 127 9 88 
797 122 436 18 
798 18 419 144 
799 18 436 419 
800 129 427 19 
801 21 130 20 
802 131 130 21 
803 139 415 22 
804 22 440 138 
805 415 440 22 
806 23 142 141 
807 86 412 87 
808 86 418 412 
809 87 420 88 
810 412 420 87 
811 88 420 127 
812 123 414 122 
813 414 436 122 
814 124 430 123 
815 123 430 414 
816 125 413 124 
817 413 430 124 
818 126 435 125 
819 125 435 413 
820 127 420 126 
821 420 435 126 
822 143 431 142 
823 142 431 141 
824 144 429 143 
825 429 431 143 
826 419 429 144 
827 140 437 139 
828 139 437 415 
829 141 431 140 
830 431 437 140 
831 132 129 131 
832 131 129 130 
833 133 427 132 
834 132 427 129 
835 134 445 133 
836 133 428 427 
837 133 445 428 
838 135 417 134 
839 417 434 134 
840 434 445 134 
841 136 424 135 
842 135 424 417 
843 137 416 136 
844 416 424 136 
845 138 432 137 
846 137 432 416 
847 138 440 432 
848 418 422 412 
849 412 421 420 
850 412 422 421 
851 413 438 430 
852 435 443 413 
853 413 443 438 
854 430 442 414 
855 414 444 436 
856 442 444 414 
857 433 440 415 
858 415 441 433 
859 437 439 415 
860 439 441 415 
861 416 425 424 
862 416 426 425 
863 416 432 426 
864 417 423 422 
865 422 434 417 
866 417 424 423 
867 418 434 422 
868 428 434 418 
869 419 439 429 
870 436 441 419 
871 419 441 439 
872 421 435 420 
873 422 423 421 
874 423 443 421 
875 421 443 435 
876 424 438 423 
877 438 443 423 
878 425 438 424 
879 426 442 425 
880 430 438 425 
881 425 442 430 
882 432 433 426 
883 433 444 426 
884 426 444 442 
885 428 445 434 
886 429 437 431 
887 429 439 437 
888 432 440 433 
889 441 444 433 
890 436 444 441 
2 6 2 18
891 7 24 85 
892 77 19 8 
893 145 19 77 
894 85 24 151 
895 145 78 146 
896 77 78 145 
897 146 79 147 
898 78 79 146 
899 80 148 147 
900 147 79 80 
901 149 148 82 
902 81 148 80 
903 82 148 81 
904 150 149 83 
905 83 149 82 
906 151 150 84 
907 84 150 83 
908 85 151 84 
2 7 2 129
909 174 76 6 
910 24 7 455 
911 7 76 488 
912 455 7 456 
913 456 7 457 
914 457 7 488 
915 175 24 455 
916 152 25 476 
917 25 176 459 
918 25 459 476 
919 26 152 454 
920 153 26 454 
921 27 153 477 
922 154 27 477 
923 28 161 482 
924 162 28 453 
925 453 28 482 
926 164 165 29 
927 30 167 484 
928 168 30 449 
929 449 30 484 
930 454 152 476 
931 153 454 477 
932 155 154 479 
933 476 154 477 
934 154 476 479 
935 156 155 469 
936 469 155 479 
937 157 156 448 
938 448 156 485 
939 156 469 485 
940 158 157 465 
941 157 448 465 
942 159 158 450 
943 450 158 465 
944 160 159 470 
945 159 450 470 
946 161 160 451 
947 451 160 470 
948 161 451 482 
949 163 162 483 
950 162 453 483 
951 164 163 475 
952 475 163 483 
953 165 164 475 
954 166 165 475 
955 167 166 463 
956 463 166 475 
957 167 463 484 
958 169 168 474 
959 168 449 474 
960 170 169 447 
961 447 169 474 
962 171 170 473 
963 170 447 473 
964 172 171 446 
965 446 171 473 
966 173 172 486 
967 172 446 486 
968 174 173 464 
969 464 173 486 
970 76 174 464 
971 176 175 452 
972 452 175 455 
973 176 452 459 
974 76 464 488 
975 446 473 480 
976 446 480 489 
977 486 446 489 
978 473 447 487 
979 447 474 492 
980 487 447 492 
981 465 448 491 
982 468 448 481 
983 448 468 491 
984 481 448 485 
985 449 472 474 
986 472 449 478 
987 478 449 484 
988 450 465 466 
989 450 466 467 
990 450 467 470 
991 451 470 471 
992 451 471 472 
993 451 472 482 
994 452 455 460 
995 459 452 469 
996 452 460 469 
997 478 453 482 
998 453 478 490 
999 483 453 490 
1000 454 476 477 
1001 455 456 460 
1002 456 457 458 
1003 456 458 481 
1004 460 456 481 
1005 458 457 461 
1006 461 457 493 
1007 457 488 493 
1008 458 461 462 
1009 458 462 468 
1010 458 468 481 
1011 459 469 479 
1012 476 459 479 
1013 469 460 485 
1014 460 481 485 
1015 462 461 489 
1016 461 486 489 
1017 486 461 493 
1018 466 462 480 
1019 462 466 491 
1020 468 462 491 
1021 480 462 489 
1022 463 475 483 
1023 463 483 490 
1024 484 463 490 
1025 464 486 493 
1026 488 464 493 
1027 466 465 491 
1028 467 466 480 
1029 470 467 471 
1030 471 467 487 
1031 467 480 487 
1032 472 471 492 
1033 471 487 492 
1034 474 472 492 
1035 472 478 482 
1036 480 473 487 
1037 478 484 490 
2 8 2 31
1038 5 494 75 
1039 182 494 5 
1040 174 6 75 
1041 168 500 30 
1042 30 500 183 
1043 31 500 177 
1044 183 500 31 
1045 169 495 168 
1046 495 500 168 
1047 170 496 169 
1048 169 496 495 
1049 171 497 170 
1050 170 497 496 
1051 172 498 171 
1052 171 498 497 
1053 173 499 172 
1054 172 499 498 
1055 174 494 173 
1056 494 499 173 
1057 75 494 174 
1058 177 495 178 
1059 177 500 495 
1060 178 496 179 
1061 495 496 178 
1062 179 497 180 
1063 496 497 179 
1064 180 498 181 
1065 497 498 180 
1066 181 499 182 
1067 498 499 181 
1068 182 499 494 
2 9 2 104
1069 11 513 1 
1070 1 508 46 
1071 1 524 508 
1072 513 524 1 
1073 46 501 3 
1074 3 512 73 
1075 501 512 3 
1076 182 5 74 
1077 184 513 11 
1078 177 528 31 
1079 31 507 199 
1080 31 528 507 
1081 33 185 32 
1082 186 185 33 
1083 34 531 193 
1084 194 504 34 
1085 504 531 34 
1086 196 35 197 
1087 46 508 501 
1088 73 533 74 
1089 512 533 73 
1090 74 533 182 
1091 178 503 177 
1092 503 528 177 
1093 179 523 178 
1094 178 523 503 
1095 180 502 179 
1096 502 523 179 
1097 181 515 180 
1098 180 515 502 
1099 182 511 181 
1100 511 515 181 
1101 182 533 511 
1102 184 185 186 
1103 184 186 187 
1104 187 513 184 
1105 188 524 187 
1106 187 524 513 
1107 189 514 188 
1108 514 524 188 
1109 190 506 189 
1110 506 514 189 
1111 191 530 190 
1112 190 530 506 
1113 192 505 191 
1114 505 530 191 
1115 193 519 192 
1116 192 519 505 
1117 193 531 519 
1118 195 532 194 
1119 194 532 504 
1120 196 526 195 
1121 526 532 195 
1122 197 526 196 
1123 198 526 197 
1124 199 522 198 
1125 522 526 198 
1126 507 522 199 
1127 508 509 501 
1128 509 510 501 
1129 510 512 501 
1130 515 516 502 
1131 516 517 502 
1132 517 523 502 
1133 520 521 503 
1134 503 523 520 
1135 521 528 503 
1136 529 531 504 
1137 504 535 529 
1138 532 535 504 
1139 519 520 505 
1140 520 534 505 
1141 505 534 530 
1142 506 536 514 
1143 518 527 506 
1144 506 530 518 
1145 527 536 506 
1146 507 535 522 
1147 528 529 507 
1148 529 535 507 
1149 508 514 509 
1150 508 524 514 
1151 509 536 510 
1152 514 536 509 
1153 510 525 512 
1154 510 527 525 
1155 510 536 527 
1156 512 525 511 
1157 511 533 512 
1158 511 525 515 
1159 515 525 516 
1160 516 518 517 
1161 516 527 518 
1162 525 527 516 
1163 518 534 517 
1164 520 523 517 
1165 517 534 520 
1166 530 534 518 
1167 519 521 520 
1168 519 531 521 
1169 521 529 528 
1170 521 531 529 
1171 522 532 526 
1172 522 535 532 
2 10 2 117
1173 51 4 539 
1174 4 72 574 
1175 539 4 574 
1176 52 51 567 
1177 51 539 567 
1178 53 52 579 
1179 52 567 579 
1180 54 53 542 
1181 542 53 579 
1182 55 54 569 
1183 54 542 569 
1184 56 55 584 
1185 55 569 584 
1186 57 56 537 
1187 537 56 584 
1188 58 57 573 
1189 57 537 573 
1190 59 58 545 
1191 545 58 573 
1192 60 59 544 
1193 544 59 545 
1194 61 60 572 
1195 60 544 572 
1196 62 61 540 
1197 540 61 572 
1198 63 62 577 
1199 62 540 577 
1200 64 63 571 
1201 571 63 577 
1202 65 64 543 
1203 543 64 571 
1204 66 65 582 
1205 65 543 582 
1206 67 66 563 
1207 563 66 582 
1208 68 67 538 
1209 538 67 563 
1210 69 68 565 
1211 68 538 565 
1212 70 69 578 
1213 69 565 578 
1214 71 70 541 
1215 541 70 578 
1216 72 71 576 
1217 71 541 576 
1218 574 72 576 
1219 573 537 581 
1220 537 580 581 
1221 580 537 584 
1222 560 538 561 
1223 538 560 565 
1224 561 538 563 
1225 539 556 566 
1226 556 539 574 
1227 539 566 567 
1228 547 540 572 
1229 540 547 575 
1230 540 575 577 
1231 541 564 576 
1232 564 541 583 
1233 541 578 583 
1234 555 542 568 
1235 542 555 569 
1236 568 542 579 
1237 543 562 570 
1238 562 543 571 
1239 543 570 582 
1240 544 545 546 
1241 544 546 547 
1242 544 547 572 
1243 546 545 581 
1244 545 573 581 
1245 547 546 548 
1246 548 546 557 
1247 557 546 581 
1248 547 548 549 
1249 547 549 575 
1250 549 548 550 
1251 550 548 551 
1252 551 548 557 
1253 549 550 558 
1254 549 558 562 
1255 549 562 575 
1256 550 551 552 
1257 550 552 554 
1258 550 554 558 
1259 552 551 553 
1260 553 551 555 
1261 555 551 557 
1262 552 553 556 
1263 554 552 559 
1264 552 556 559 
1265 553 555 568 
1266 556 553 566 
1267 566 553 568 
1268 558 554 561 
1269 554 559 560 
1270 554 560 561 
1271 555 557 580 
1272 569 555 580 
1273 559 556 564 
1274 564 556 574 
1275 580 557 581 
1276 558 561 570 
1277 562 558 570 
1278 560 559 583 
1279 559 564 583 
1280 565 560 583 
1281 561 563 570 
1282 562 571 575 
1283 570 563 582 
1284 564 574 576 
1285 578 565 583 
1286 567 566 568 
1287 567 568 579 
1288 569 580 584 
1289 575 571 577 
2 11 2 230
1290 91 184 11 
1291 12 96 97 
1292 12 622 96 
1293 98 622 12 
1294 200 633 13 
1295 13 610 99 
1296 13 659 610 
1297 13 633 632 
1298 632 659 13 
1299 145 129 19 
1300 20 600 200 
1301 130 666 20 
1302 20 620 600 
1303 20 655 620 
1304 20 666 655 
1305 24 673 151 
1306 175 673 24 
1307 152 201 25 
1308 25 671 176 
1309 201 585 25 
1310 585 671 25 
1311 26 201 152 
1312 26 625 201 
1313 213 626 26 
1314 26 626 625 
1315 185 664 32 
1316 32 590 213 
1317 32 591 590 
1318 32 654 591 
1319 32 664 654 
1320 36 639 203 
1321 203 652 36 
1322 36 652 204 
1323 212 639 36 
1324 146 662 145 
1325 145 662 129 
1326 147 655 146 
1327 655 666 146 
1328 146 666 662 
1329 148 669 147 
1330 147 669 655 
1331 149 669 148 
1332 150 599 149 
1333 599 642 149 
1334 642 669 149 
1335 151 643 150 
1336 150 643 599 
1337 151 644 643 
1338 151 673 644 
1339 176 645 175 
1340 645 673 175 
1341 176 671 645 
1342 184 661 185 
1343 91 661 184 
1344 661 664 185 
1345 600 670 200 
1346 200 670 633 
1347 202 587 201 
1348 201 625 202 
1349 201 587 585 
1350 203 594 202 
1351 202 595 203 
1352 202 594 587 
1353 202 625 595 
1354 203 639 594 
1355 595 653 203 
1356 203 653 652 
1357 92 661 91 
1358 93 654 92 
1359 654 664 92 
1360 92 664 661 
1361 94 663 93 
1362 93 663 654 
1363 95 631 94 
1364 631 663 94 
1365 96 649 95 
1366 95 649 631 
1367 622 623 96 
1368 623 649 96 
1369 204 593 205 
1370 204 634 593 
1371 204 652 634 
1372 205 592 206 
1373 205 593 592 
1374 206 660 207 
1375 592 660 206 
1376 207 598 208 
1377 207 612 598 
1378 207 660 612 
1379 208 605 209 
1380 598 605 208 
1381 209 601 210 
1382 209 605 601 
1383 210 586 211 
1384 210 602 586 
1385 601 602 210 
1386 211 615 212 
1387 586 668 211 
1388 211 668 615 
1389 615 639 212 
1390 99 588 98 
1391 588 622 98 
1392 99 674 588 
1393 610 674 99 
1394 590 641 213 
1395 213 641 626 
1396 129 662 130 
1397 662 666 130 
1398 587 589 585 
1399 589 616 585 
1400 616 671 585 
1401 602 603 586 
1402 603 668 586 
1403 587 609 589 
1404 594 609 587 
1405 588 623 622 
1406 588 627 623 
1407 588 658 627 
1408 588 674 658 
1409 609 657 589 
1410 589 617 616 
1411 589 657 617 
1412 591 613 590 
1413 613 650 590 
1414 637 641 590 
1415 590 650 637 
1416 591 631 613 
1417 591 663 631 
1418 654 663 591 
1419 593 596 592 
1420 596 597 592 
1421 597 660 592 
1422 593 604 596 
1423 593 646 604 
1424 634 646 593 
1425 594 656 609 
1426 639 656 594 
1427 625 651 595 
1428 595 651 646 
1429 646 653 595 
1430 596 611 597 
1431 604 640 596 
1432 596 640 611 
1433 611 614 597 
1434 614 672 597 
1435 597 672 660 
1436 598 624 605 
1437 612 630 598 
1438 598 630 624 
1439 599 635 621 
1440 621 642 599 
1441 599 643 635 
1442 620 621 600 
1443 621 629 600 
1444 629 670 600 
1445 601 606 602 
1446 605 606 601 
1447 602 607 603 
1448 606 607 602 
1449 607 608 603 
1450 608 628 603 
1451 628 636 603 
1452 636 668 603 
1453 604 647 640 
1454 646 647 604 
1455 605 632 606 
1456 624 632 605 
1457 606 633 607 
1458 632 633 606 
1459 607 670 608 
1460 633 670 607 
1461 608 629 628 
1462 608 670 629 
1463 609 656 636 
1464 636 657 609 
1465 638 658 610 
1466 610 665 638 
1467 658 674 610 
1468 659 665 610 
1469 611 619 614 
1470 611 637 619 
1471 611 640 637 
1472 612 672 630 
1473 660 672 612 
1474 613 648 627 
1475 627 667 613 
1476 631 648 613 
1477 613 667 650 
1478 619 638 614 
1479 614 665 630 
1480 630 672 614 
1481 638 665 614 
1482 615 656 639 
1483 615 668 656 
1484 617 618 616 
1485 618 645 616 
1486 645 671 616 
1487 617 635 618 
1488 629 635 617 
1489 617 657 629 
1490 635 643 618 
1491 643 644 618 
1492 644 645 618 
1493 637 650 619 
1494 619 667 638 
1495 650 667 619 
1496 620 642 621 
1497 620 669 642 
1498 655 669 620 
1499 621 635 629 
1500 627 648 623 
1501 648 649 623 
1502 630 659 624 
1503 624 659 632 
1504 626 651 625 
1505 641 647 626 
1506 647 651 626 
1507 627 658 638 
1508 638 667 627 
1509 629 657 628 
1510 628 657 636 
1511 630 665 659 
1512 631 649 648 
1513 634 653 646 
1514 652 653 634 
1515 656 668 636 
1516 640 641 637 
1517 640 647 641 
1518 644 673 645 
1519 646 651 647 
2 12 2 18
1520 16 677 214 
1521 112 677 16 
1522 17 678 114 
1523 128 678 17 
1524 18 678 128 
1525 144 678 18 
1526 214 677 23 
1527 23 677 142 
1528 113 676 112 
1529 676 677 112 
1530 114 675 113 
1531 675 676 113 
1532 114 678 675 
1533 142 676 143 
1534 142 677 676 
1535 143 675 144 
1536 143 676 675 
1537 675 678 144 
2 13 2 18
1538 109 682 15 
1539 15 682 215 
1540 214 681 16 
1541 16 681 111 
1542 215 682 22 
1543 22 682 139 
1544 23 681 214 
1545 141 681 23 
1546 110 679 109 
1547 679 682 109 
1548 111 680 110 
1549 110 680 679 
1550 111 681 680 
1551 139 679 140 
1552 139 682 679 
1553 140 680 141 
1554 679 680 140 
1555 680 681 141 
2 14 2 42
1556 101 691 14 
1557 14 691 216 
1558 15 693 108 
1559 215 693 15 
1560 216 690 21 
1561 21 690 131 
1562 22 692 215 
1563 138 692 22 
1564 102 688 101 
1565 688 691 101 
1566 103 687 102 
1567 687 688 102 
1568 104 684 103 
1569 684 687 103 
1570 105 683 104 
1571 683 684 104 
1572 106 685 105 
1573 105 685 683 
1574 107 689 106 
1575 106 689 685 
1576 108 686 107 
1577 686 689 107 
1578 108 693 686 
1579 692 693 215 
1580 216 691 690 
1581 131 688 132 
1582 131 690 688 
1583 132 687 133 
1584 132 688 687 
1585 133 684 134 
1586 133 687 684 
1587 134 683 135 
1588 134 684 683 
1589 135 685 136 
1590 683 685 135 
1591 136 689 137 
1592 685 689 136 
1593 137 686 138 
1594 137 689 686 
1595 686 692 138 
1596 686 693 692 
1597 690 691 688 
2 15 2 7
1598 200 13 100 
1599 14 694 100 
1600 216 694 14 
1601 21 20 216 
1602 216 20 200 
1603 100 694 200 
1604 200 694 216 
2 16 2 18
1605 165 698 29 
1606 29 698 217 
1607 30 697 167 
1608 183 697 30 
1609 31 697 183 
1610 199 697 31 
1611 35 698 197 
1612 217 698 35 
1613 166 696 165 
1614 696 698 165 
1615 167 695 166 
1616 695 696 166 
1617 167 697 695 
1618 197 696 198 
1619 197 698 696 
1620 198 695 199 
1621 198 696 695 
1622 695 697 199 
2 17 2 18
1623 162 702 28 
1624 28 702 218 
1625 29 701 164 
1626 217 701 29 
1627 34 702 194 
1628 218 702 34 
1629 196 701 35 
1630 35 701 217 
1631 163 699 162 
1632 699 702 162 
1633 164 700 163 
1634 163 700 699 
1635 164 701 700 
1636 194 699 195 
1637 194 702 699 
1638 195 700 196 
1639 699 700 195 
1640 700 701 196 
2 18 2 42
1641 154 711 27 
1642 27 711 219 
1643 28 713 161 
1644 218 713 28 
1645 33 710 186 
1646 219 710 33 
1647 193 712 34 
1648 34 712 218 
1649 155 708 154 
1650 708 711 154 
1651 156 709 155 
1652 155 709 708 
1653 157 705 156 
1654 705 709 156 
1655 158 706 157 
1656 157 706 705 
1657 159 707 158 
1658 158 707 706 
1659 160 704 159 
1660 704 707 159 
1661 161 703 160 
1662 703 704 160 
1663 161 713 703 
1664 186 708 187 
1665 186 710 708 
1666 187 709 188 
1667 708 709 187 
1668 188 705 189 
1669 188 709 705 
1670 189 706 190 
1671 705 706 189 
1672 190 707 191 
1673 706 707 190 
1674 191 704 192 
1675 191 707 704 
1676 192 703 193 
1677 192 704 703 
1678 703 712 193 
1679 712 713 218 
1680 219 711 710 
1681 703 713 712 
1682 710 711 708 
2 19 2 7
1683 213 26 153 
1684 27 714 153 
1685 219 714 27 
1686 33 32 219 
1687 219 32 213 
1688 153 714 213 
1689 213 714 219 
2 20 2 18
1690 204 715 36 
1691 36 715 212 
1692 205 718 204 
1693 204 718 715 
1694 206 718 205 
1695 207 716 206 
1696 716 718 206 
1697 208 716 207 
1698 209 719 208 
1699 208 719 716 
1700 210 719 209 
1701 211 717 210 
1702 717 719 210 
1703 212 717 211 
1704 715 717 212 
1705 716 717 715 
1706 715 718 716 
1707 716 719 717 
3 1 4 3370
1708 536 510 468 509 
1709 481 510 501 509 
1710 246 787 779 813 
1711 231 905 873 746 
1712 883 747 829 572 
1713 776 799 729 744 
1714 542 758 739 807 
1715 456 457 73 512 
1716 787 735 221 779 
1717 493 512 533 457 
1718 457 493 488 533 
1719 732 728 765 798 
1720 387 384 399 418 
1721 481 510 509 468 
1722 46 481 501 508 
1723 902 735 791 779 
1724 732 744 728 798 
1725 252 735 302 787 
1726 580 758 786 790 
1727 459 769 184 824 
1728 735 787 252 800 
1729 468 491 510 536 
1730 193 967 712 703 
1731 493 512 511 533 
1732 509 501 481 508 
1733 729 736 780 850 
1734 542 807 739 809 
1735 323 905 746 782 
1736 323 905 782 307 
1737 344 246 779 813 
1738 404 367 86 784 
1739 581 790 580 786 
1740 621 733 844 827 
1741 7 767 455 456 
1742 581 790 786 546 
1743 580 758 537 786 
1744 481 510 468 458 
1745 822 781 778 821 
1746 822 781 821 731 
1747 736 789 780 850 
1748 720 763 764 793 
1749 780 738 834 763 
1750 232 881 758 786 
1751 561 783 766 852 
1752 778 781 727 821 
1753 7 767 456 73 
1754 729 780 846 850 
1755 561 570 782 783 
1756 7 456 457 73 
1757 547 747 572 829 
1758 724 184 769 824 
1759 561 782 766 783 
1760 711 887 961 710 
1761 248 775 737 787 
1762 735 787 800 832 
1763 555 739 542 758 
1764 776 799 744 785 
1765 232 812 786 758 
1766 736 776 729 780 
1767 581 580 537 786 
1768 789 846 780 850 
1769 728 744 732 776 
1770 249 787 737 800 
1771 404 86 87 784 
1772 745 746 323 815 
1773 775 787 226 813 
1774 779 787 730 813 
1775 902 735 779 221 
1776 228 758 928 807 
1777 740 764 725 775 
1778 300 809 754 826 
1779 790 546 548 816 
1780 481 3 46 501 
1781 347 744 814 815 
1782 226 775 248 787 
1783 905 562 746 782 
1784 248 737 249 787 
1785 395 404 367 86 
1786 250 787 249 800 
1787 457 456 458 512 
1788 481 510 458 501 
1789 459 184 767 824 
1790 732 776 785 808 
1791 669 902 791 779 
1792 312 221 352 735 
1793 735 252 777 800 
1794 726 738 780 846 
1795 232 812 758 349 
1796 747 805 292 829 
1797 277 735 252 777 
1798 776 799 785 736 
1799 909 490 535 483 
1800 798 810 830 353 
1801 418 376 399 428 
1802 575 816 829 746 
1803 73 24 767 840 
1804 749 778 335 822 
1805 599 733 621 827 
1806 269 788 775 840 
1807 764 793 763 820 
1808 256 760 754 857 
1809 737 725 764 775 
1810 736 850 318 789 
1811 787 221 735 302 
1812 712 967 193 884 
1813 490 483 522 535 
1814 905 562 782 543 
1815 225 86 358 744 
1816 48 761 788 857 
1817 900 747 317 906 
1818 936 811 813 779 
1819 384 376 399 418 
1820 749 751 32 817 
1821 732 798 833 784 
1822 542 739 568 809 
1823 727 778 749 781 
1824 736 785 776 808 
1825 727 808 771 821 
1826 723 753 737 800 
1827 937 828 819 749 
1828 936 811 779 150 
1829 9 736 799 850 
1830 73 457 488 533 
1831 25 671 768 824 
1832 913 712 967 703 
1833 575 816 746 549 
1834 561 558 570 783 
1835 283 353 810 814 
1836 831 821 726 748 
1837 831 821 748 771 
1838 773 721 848 750 
1839 561 766 753 852 
1840 711 887 710 708 
1841 826 794 265 807 
1842 750 751 721 848 
1843 859 488 74 73 
1844 323 282 745 815 
1845 564 559 770 803 
1846 725 764 740 797 
1847 925 766 234 818 
1848 252 277 302 735 
1849 828 781 749 822 
1850 739 754 809 826 
1851 422 399 434 418 
1852 246 226 787 813 
1853 347 799 744 815 
1854 219 213 860 976 
1855 459 887 769 476 
1856 749 822 335 828 
1857 264 822 794 826 
1858 822 781 749 778 
1859 740 775 725 788 
1860 7 767 73 24 
1861 734 768 671 824 
1862 846 829 816 746 
1863 737 753 725 825 
1864 491 510 536 527 
1865 728 732 765 802 
1866 898 749 93 778 
1867 726 736 780 821 
1868 730 840 752 813 
1869 771 808 736 821 
1870 310 788 856 770 
1871 732 784 744 798 
1872 928 297 807 885 
1873 225 87 86 744 
1874 481 46 485 508 
1875 786 790 726 816 
1876 861 744 86 784 
1877 900 357 747 786 
1878 329 754 256 760 
1879 247 226 248 787 
1880 720 764 762 793 
1881 481 46 3 460 
1882 724 184 824 767 
1883 739 809 807 826 
1884 790 546 816 786 
1885 395 367 384 86 
1886 247 248 249 787 
1887 732 776 744 785 
1888 938 358 861 798 
1889 283 810 745 814 
1890 747 547 816 829 
1891 609 759 594 806 
1892 566 739 761 809 
1893 913 712 703 713 
1894 243 736 831 227 
1895 763 780 738 793 
1896 736 729 799 850 
1897 252 302 250 787 
1898 736 318 850 9 
1899 376 384 86 418 
1900 256 804 760 857 
1901 566 761 739 803 
1902 730 764 737 832 
1903 737 725 775 825 
1904 735 800 777 832 
1905 355 256 754 857 
1906 711 961 976 710 
1907 900 747 906 544 
1908 761 857 230 754 
1909 404 395 87 86 
1910 753 766 560 818 
1911 9 736 785 799 
1912 559 753 770 803 
1913 581 790 546 557 
1914 280 745 283 810 
1915 846 829 746 805 
1916 937 828 749 335 
1917 740 764 730 792 
1918 737 775 248 825 
1919 252 787 250 800 
1920 48 788 761 856 
1921 761 230 857 48 
1922 730 737 787 832 
1923 370 861 367 784 
1924 300 340 809 826 
1925 780 834 738 726 
1926 732 796 765 802 
1927 859 73 74 840 
1928 859 488 73 7 
1929 720 780 763 793 
1930 775 788 740 840 
1931 728 776 732 802 
1932 86 744 87 784 
1933 12 784 87 785 
1934 219 711 976 710 
1935 883 292 237 829 
1936 752 767 24 840 
1937 568 542 555 739 
1938 730 764 740 775 
1939 565 560 766 818 
1940 462 468 491 510 
1941 778 821 748 822 
1942 821 771 778 748 
1943 724 185 184 819 
1944 913 712 713 884 
1945 773 721 750 722 
1946 770 803 725 856 
1947 909 535 504 532 
1948 481 448 509 508 
1949 332 302 221 787 
1950 725 754 739 763 
1951 546 786 747 816 
1952 747 786 726 816 
1953 370 861 784 19 
1954 459 887 476 479 
1955 565 876 925 766 
1956 468 448 536 509 
1957 758 232 56 881 
1958 300 761 754 809 
1959 669 733 791 620 
1960 831 821 771 736 
1961 826 265 794 264 
1962 723 766 753 800 
1963 725 770 753 803 
1964 221 302 352 735 
1965 469 767 452 459 
1966 730 840 813 775 
1967 320 737 818 800 
1968 737 753 723 820 
1969 831 839 736 771 
1970 488 7 457 73 
1971 3 460 46 767 
1972 352 286 312 735 
1973 468 462 458 510 
1974 913 712 884 967 
1975 107 378 962 365 
1976 671 734 616 768 
1977 20 733 844 620 
1978 412 395 384 86 
1979 746 783 846 851 
1980 746 782 562 783 
1981 490 522 507 535 
1982 412 384 387 418 
1983 853 810 745 762 
1984 728 762 802 836 
1985 458 525 512 510 
1986 249 248 257 737 
1987 522 952 532 483 
1988 720 792 802 836 
1989 962 378 107 868 
1990 730 764 832 836 
1991 732 808 785 823 
1992 339 234 766 818 
1993 562 782 570 783 
1994 532 952 522 526 
1995 721 751 750 845 
1996 853 810 762 728 
1997 952 483 522 463 
1998 580 584 537 758 
1999 457 73 512 533 
2000 459 184 11 767 
2001 243 736 227 318 
2002 724 740 752 792 
2003 790 546 557 548 
2004 724 752 740 804 
2005 751 774 721 848 
2006 329 355 256 754 
2007 846 829 805 747 
2008 776 799 736 729 
2009 728 735 762 836 
2010 754 731 763 797 
2011 950 705 879 921 
2012 485 46 1 508 
2013 323 782 746 745 
2014 621 733 642 620 
2015 549 746 783 816 
2016 739 754 725 761 
2017 761 725 803 856 
2018 341 228 297 807 
2019 493 895 953 966 
2020 460 3 481 456 
2021 329 256 271 760 
2022 900 546 786 747 
2023 246 305 779 787 
2024 909 535 532 483 
2025 340 807 809 826 
2026 310 788 770 825 
2027 564 556 559 803 
2028 318 89 9 736 
2029 5 269 775 840 
2030 510 512 458 501 
2031 532 522 483 535 
2032 73 3 456 512 
2033 230 299 48 761 
2034 342 805 746 829 
2035 525 458 462 510 
2036 747 786 357 789 
2037 962 378 948 365 
2038 456 767 455 460 
2039 859 73 840 24 
2040 318 227 89 736 
2041 347 744 328 814 
2042 238 807 885 809 
2043 323 905 307 231 
2044 728 744 776 853 
2045 561 753 554 852 
2046 465 950 157 971 
2047 316 881 786 908 
2048 89 9 736 785 
2049 861 744 784 798 
2050 730 752 740 792 
2051 392 861 376 370 
2052 725 753 737 820 
2053 370 861 376 367 
2054 616 617 768 827 
2055 736 726 789 831 
2056 720 764 792 836 
2057 558 783 561 852 
2058 730 832 787 836 
2059 733 728 765 802 
2060 551 816 852 738 
2061 323 905 231 746 
2062 263 748 822 303 
2063 946 713 884 913 
2064 24 813 752 840 
2065 589 768 617 849 
2066 746 805 342 815 
2067 738 793 780 846 
2068 728 814 744 853 
2069 876 294 234 766 
2070 257 737 248 825 
2071 821 778 771 727 
2072 859 73 24 7 
2073 950 705 706 879 
2074 753 770 725 825 
2075 92 749 937 819 
2076 465 950 960 506 
2077 767 1 469 460 
2078 263 748 303 260 
2079 738 790 551 816 
2080 725 763 764 797 
2081 555 739 758 790 
2082 540 547 572 829 
2083 483 522 463 490 
2084 185 724 749 819 
2085 746 783 816 846 
2086 959 76 324 813 
2087 730 787 775 813 
2088 771 303 778 748 
2089 293 819 223 828 
2090 3 458 456 512 
2091 738 763 739 834 
2092 342 873 829 746 
2093 771 303 748 331 
2094 130 798 765 830 
2095 749 760 724 781 
2096 633 756 837 844 
2097 529 490 507 535 
2098 901 399 376 428 
2099 8 376 418 428 
2100 739 566 803 553 
2101 822 826 264 828 
2102 833 392 401 370 
2103 461 457 458 512 
2104 766 782 723 783 
2105 758 794 261 812 
2106 461 458 525 512 
2107 99 772 732 784 
2108 886 583 818 770 
2109 879 506 960 950 
2110 232 812 349 290 
2111 268 335 778 822 
2112 317 900 906 59 
2113 493 512 457 461 
2114 759 722 806 849 
2115 756 765 200 833 
2116 562 549 746 783 
2117 367 376 384 86 
2118 831 839 771 241 
2119 349 758 261 812 
2120 175 752 645 824 
2121 730 737 764 775 
2122 723 762 745 777 
2123 867 437 431 429 
2124 743 721 774 848 
2125 352 302 277 735 
2126 749 32 654 817 
2127 801 802 757 796 
2128 720 792 764 797 
2129 89 736 227 839 
2130 621 733 620 844 
2131 263 748 260 794 
2132 860 751 769 213 
2133 299 761 300 809 
2134 737 800 753 818 
2135 895 493 533 488 
2136 948 378 962 868 
2137 551 852 816 550 
2138 776 780 736 808 
2139 738 790 726 834 
2140 347 814 288 815 
2141 724 752 734 792 
2142 551 803 738 852 
2143 357 747 789 850 
2144 24 859 813 840 
2145 24 752 175 767 
2146 583 753 560 818 
2147 395 375 412 384 
2148 732 99 833 756 
2149 3 458 512 501 
2150 544 572 547 747 
2151 738 739 790 834 
2152 733 728 802 836 
2153 725 761 788 856 
2154 725 740 788 857 
2155 794 822 731 826 
2156 98 772 99 784 
2157 286 791 735 810 
2158 434 862 445 428 
2159 460 481 46 485 
2160 745 777 762 810 
2161 913 973 703 967 
2162 558 562 570 783 
2163 785 808 736 823 
2164 724 740 797 804 
2165 732 772 99 756 
2166 616 768 734 827 
2167 762 776 720 793 
2168 720 764 763 797 
2169 725 754 763 797 
2170 737 723 800 832 
2171 491 462 510 527 
2172 426 948 416 378 
2173 758 786 726 812 
2174 853 810 728 814 
2175 303 356 778 822 
2176 416 378 948 868 
2177 529 909 504 531 
2178 423 385 417 422 
2179 736 726 780 789 
2180 305 344 246 779 
2181 456 767 460 3 
2182 669 733 620 642 
2183 853 744 815 814 
2184 509 879 536 514 
2185 414 444 442 403 
2186 961 769 860 887 
2187 734 645 752 824 
2188 391 439 402 368 
2189 312 735 286 791 
2190 412 398 375 395 
2191 229 766 907 782 
2192 728 791 735 836 
2193 518 465 506 527 
2194 798 810 353 814 
2195 805 851 746 846 
2196 879 536 514 506 
2197 734 752 645 811 
2198 727 757 751 801 
2199 633 837 670 844 
2200 213 590 751 848 
2201 422 399 418 387 
2202 898 937 749 335 
2203 434 862 428 362 
2204 130 765 666 830 
2205 725 788 770 856 
2206 560 753 561 766 
2207 771 303 331 224 
2208 313 225 347 799 
2209 662 798 130 830 
2210 768 827 617 849 
2211 541 886 922 770 
2212 225 744 347 799 
2213 551 739 738 803 
2214 434 399 400 362 
2215 465 527 466 491 
2216 805 851 846 729 
2217 946 529 531 909 
2218 294 339 234 766 
2219 760 797 754 857 
2220 317 747 883 906 
2221 891 703 973 967 
2222 762 793 764 820 
2223 820 763 803 738 
2224 725 788 775 825 
2225 900 546 747 544 
2226 726 786 758 790 
2227 448 468 481 509 
2228 75 840 775 813 
2229 766 800 339 818 
2230 428 399 434 362 
2231 461 458 462 525 
2232 532 952 871 483 
2233 767 819 934 804 
2234 638 774 619 743 
2235 765 798 130 833 
2236 734 792 752 847 
2237 12 784 785 98 
2238 726 747 816 846 
2239 469 767 459 11 
2240 129 370 392 833 
2241 654 778 749 817 
2242 724 767 752 804 
2243 751 590 774 848 
2244 752 767 724 824 
2245 690 833 943 131 
2246 263 748 794 822 
2247 434 418 399 428 
2248 900 357 786 235 
2249 551 738 739 790 
2250 342 815 323 746 
2251 859 488 7 76 
2252 891 703 967 192 
2253 780 821 763 834 
2254 730 811 779 813 
2255 342 873 746 231 
2256 851 762 853 745 
2257 879 536 950 448 
2258 320 737 800 249 
2259 751 757 727 781 
2260 737 775 730 787 
2261 578 583 565 818 
2262 733 728 836 791 
2263 725 737 764 820 
2264 835 940 778 771 
2265 753 800 766 818 
2266 229 766 782 843 
2267 460 46 1 485 
2268 753 737 818 825 
2269 748 812 726 831 
2270 722 721 750 768 
2271 575 562 549 746 
2272 886 291 770 818 
2273 808 802 732 776 
2274 328 744 358 798 
2275 883 747 572 906 
2276 303 778 748 822 
2277 320 737 249 257 
2278 727 771 808 823 
2279 733 728 791 765 
2280 551 739 803 553 
2281 724 184 767 819 
2282 724 767 804 819 
2283 776 780 720 793 
2284 293 359 223 819 
2285 739 566 553 568 
2286 741 827 768 849 
2287 950 536 879 506 
2288 950 536 465 448 
2289 465 536 950 506 
2290 570 562 543 782 
2291 583 770 753 818 
2292 724 185 751 769 
2293 653 652 634 742 
2294 494 953 955 895 
2295 480 527 516 462 
2296 616 671 645 734 
2297 835 940 771 96 
2298 561 560 554 753 
2299 724 760 749 819 
2300 525 462 489 516 
2301 565 583 560 818 
2302 184 887 479 513 
2303 724 740 792 797 
2304 20 733 620 791 
2305 666 765 791 830 
2306 723 737 820 832 
2307 754 760 329 826 
2308 427 129 19 392 
2309 867 439 429 890 
2310 724 797 760 804 
2311 599 733 827 779 
2312 853 815 744 729 
2313 286 777 810 735 
2314 898 92 93 749 
2315 867 439 890 368 
2316 724 781 760 797 
2317 20 733 791 765 
2318 374 387 400 422 
2319 798 810 814 728 
2320 470 450 530 534 
2321 739 761 725 803 
2322 776 793 762 853 
2323 517 516 480 518 
2324 587 609 594 806 
2325 328 744 798 814 
2326 437 439 402 415 
2327 200 765 756 844 
2328 780 789 726 846 
2329 860 751 213 32 
2330 392 861 370 19 
2331 820 803 763 725 
2332 726 821 780 834 
2333 874 867 368 437 
2334 362 400 434 385 
2335 357 255 747 850 
2336 725 763 739 803 
2337 286 352 277 735 
2338 385 422 374 400 
2339 444 379 426 442 
2340 788 240 310 856 
2341 751 774 590 817 
2342 99 784 732 833 
2343 732 833 798 765 
2344 895 953 955 533 
2345 764 792 740 797 
2346 739 763 738 803 
2347 8 376 86 418 
2348 260 794 748 812 
2349 871 483 163 949 
2350 89 785 736 839 
2351 491 468 448 536 
2352 720 792 757 802 
2353 265 266 264 826 
2354 666 765 20 791 
2355 509 879 514 508 
2356 735 728 762 810 
2357 25 768 769 824 
2358 721 774 751 801 
2359 582 563 570 782 
2360 738 726 816 846 
2361 741 796 721 855 
2362 734 752 724 824 
2363 742 594 806 203 
2364 757 802 792 847 
2365 619 611 614 773 
2366 771 736 808 823 
2367 716 718 715 841 
2368 232 812 290 786 
2369 328 347 225 744 
2370 374 372 387 422 
2371 720 781 763 821 
2372 936 811 150 151 
2373 129 130 798 833 
2374 703 192 193 967 
2375 229 782 907 66 
2376 732 833 765 756 
2377 480 527 462 466 
2378 129 370 833 784 
2379 720 763 781 797 
2380 282 814 745 815 
2381 616 617 589 768 
2382 257 818 737 825 
2383 357 789 272 850 
2384 734 724 757 845 
2385 251 250 249 800 
2386 236 886 291 770 
2387 245 260 748 812 
2388 828 781 822 731 
2389 293 760 819 828 
2390 465 527 491 536 
2391 329 760 346 826 
2392 846 829 747 816 
2393 465 527 536 506 
2394 347 328 288 814 
2395 739 566 568 809 
2396 384 375 412 387 
2397 890 439 429 419 
2398 734 757 724 792 
2399 774 619 743 848 
2400 569 555 542 758 
2401 654 93 749 778 
2402 720 763 780 821 
2403 392 861 19 8 
2404 909 490 483 453 
2405 831 839 241 227 
2406 516 525 462 527 
2407 494 966 953 895 
2408 13 756 200 833 
2409 555 553 568 739 
2410 518 465 527 466 
2411 224 771 778 940 
2412 86 384 412 418 
2413 724 757 751 781 
2414 241 839 771 343 
2415 493 953 895 533 
2416 532 909 483 871 
2417 966 953 920 499 
2418 558 561 554 852 
2419 260 261 794 812 
2420 489 525 516 515 
2421 834 812 794 758 
2422 724 751 749 781 
2423 436 363 441 444 
2424 375 372 412 387 
2425 739 826 807 834 
2426 121 951 863 90 
2427 874 867 437 431 
2428 361 442 430 397 
2429 280 283 301 810 
2430 459 887 479 184 
2431 185 749 724 751 
2432 87 784 744 785 
2433 662 129 130 798 
2434 767 934 819 11 
2435 129 370 784 19 
2436 538 565 560 766 
2437 726 748 821 834 
2438 743 774 721 801 
2439 518 465 466 450 
2440 750 213 751 848 
2441 412 387 422 418 
2442 354 292 883 317 
2443 510 462 525 527 
2444 810 745 777 278 
2445 282 284 814 815 
2446 664 749 92 819 
2447 901 399 428 362 
2448 789 357 308 786 
2449 895 488 76 464 
2450 153 974 477 941 
2451 831 839 227 736 
2452 738 763 793 820 
2453 750 751 213 769 
2454 342 805 289 815 
2455 245 260 303 748 
2456 834 812 758 726 
2457 321 248 226 775 
2458 974 941 714 976 
2459 722 768 750 806 
2460 404 98 367 784 
2461 386 874 368 390 
2462 260 259 261 812 
2463 213 590 32 751 
2464 289 805 342 829 
2465 754 761 739 809 
2466 618 616 734 827 
2467 547 546 747 816 
2468 486 920 493 511 
2469 753 723 820 852 
2470 821 822 794 748 
2471 909 490 453 529 
2472 873 575 829 746 
2473 32 751 590 817 
2474 327 798 353 814 
2475 537 573 581 786 
2476 714 27 974 976 
2477 877 129 427 392 
2478 930 402 415 437 
2479 887 769 860 185 
2480 270 760 804 819 
2481 390 930 109 874 
2482 886 583 770 541 
2483 73 488 74 533 
2484 309 922 770 870 
2485 518 465 450 506 
2486 471 517 467 534 
2487 232 295 349 758 
2488 658 774 743 772 
2489 879 508 524 514 
2490 664 92 661 819 
2491 315 268 335 778 
2492 556 761 803 856 
2493 395 87 2 404 
2494 75 840 813 911 
2495 444 414 382 403 
2496 452 824 459 767 
2497 342 323 815 285 
2498 874 867 386 368 
2499 782 851 746 745 
2500 283 353 301 810 
2501 491 448 465 536 
2502 368 874 402 390 
2503 372 443 421 423 
2504 402 874 368 437 
2505 783 820 723 852 
2506 793 846 783 851 
2507 765 796 733 802 
2508 455 24 175 767 
2509 9 785 88 799 
2510 344 899 936 779 
2511 802 836 792 847 
2512 442 397 379 425 
2513 757 792 734 847 
2514 896 444 363 436 
2515 506 530 450 518 
2516 87 785 744 799 
2517 976 714 27 219 
2518 581 790 557 580 
2519 559 753 803 852 
2520 771 303 224 778 
2521 225 358 328 744 
2522 834 812 726 748 
2523 446 516 502 515 
2524 909 490 529 535 
2525 853 810 814 745 
2526 323 281 782 745 
2527 433 924 415 440 
2528 861 784 19 798 
2529 335 939 778 898 
2530 203 652 653 742 
2531 525 489 461 511 
2532 738 816 726 790 
2533 226 75 775 813 
2534 753 818 770 825 
2535 726 812 789 831 
2536 645 734 671 824 
2537 517 480 467 518 
2538 395 412 87 86 
2539 903 940 224 778 
2540 751 757 724 845 
2541 480 466 467 518 
2542 562 575 571 746 
2543 21 131 690 943 
2544 851 762 745 723 
2545 303 263 356 822 
2546 372 421 371 375 
2547 585 671 616 768 
2548 357 255 317 747 
2549 300 274 340 826 
2550 546 544 547 747 
2551 673 811 752 813 
2552 901 399 362 396 
2553 749 751 727 781 
2554 735 762 777 810 
2555 720 781 792 797 
2556 390 930 874 402 
2557 446 516 515 489 
2558 883 237 292 354 
2559 316 881 908 57 
2560 744 799 729 815 
2561 888 350 314 809 
2562 412 398 395 87 
2563 930 402 437 874 
2564 423 385 422 374 
2565 727 808 781 757 
2566 372 373 443 423 
2567 347 254 799 815 
2568 860 751 185 769 
2569 543 582 570 782 
2570 282 283 745 814 
2571 826 834 794 807 
2572 724 185 769 184 
2573 869 530 450 506 
2574 728 765 798 830 
2575 733 827 779 847 
2576 616 645 618 734 
2577 493 461 486 511 
2578 470 530 505 534 
2579 725 803 753 820 
2580 291 925 818 886 
2581 336 775 269 788 
2582 530 450 470 869 
2583 673 752 24 813 
2584 770 788 725 825 
2585 426 948 378 365 
2586 444 363 441 380 
2587 439 388 402 415 
2588 811 645 673 752 
2589 446 516 489 480 
2590 512 525 461 511 
2591 129 370 19 392 
2592 462 480 489 516 
2593 610 756 743 858 
2594 720 781 757 792 
2595 213 714 976 219 
2596 610 99 772 756 
2597 414 361 382 403 
2598 895 493 488 464 
2599 751 185 749 32 
2600 768 824 845 769 
2601 721 750 768 845 
2602 783 793 723 820 
2603 423 385 374 394 
2604 509 879 508 448 
2605 727 751 749 817 
2606 946 482 913 531 
2607 768 806 722 849 
2608 875 517 502 480 
2609 618 734 645 811 
2610 258 775 825 248 
2611 934 270 804 819 
2612 741 837 756 844 
2613 75 840 911 5 
2614 259 349 261 812 
2615 518 530 450 534 
2616 722 741 721 768 
2617 936 324 344 813 
2618 863 951 121 405 
2619 762 820 764 832 
2620 420 371 421 375 
2621 11 767 184 819 
2622 875 517 480 487 
2623 99 13 833 756 
2624 462 491 466 527 
2625 610 772 99 674 
2626 6 246 344 813 
2627 522 484 866 463 
2628 464 486 920 493 
2629 176 645 671 824 
2630 385 422 400 434 
2631 331 748 771 831 
2632 725 764 763 820 
2633 658 774 772 627 
2634 246 6 226 813 
2635 439 441 419 388 
2636 609 759 806 849 
2637 941 213 714 976 
2638 459 25 769 824 
2639 746 815 745 851 
2640 286 777 735 277 
2641 378 426 365 379 
2642 292 805 747 850 
2643 266 264 826 828 
2644 882 426 948 432 
2645 585 25 671 768 
2646 891 471 470 505 
2647 559 753 583 770 
2648 420 421 412 375 
2649 731 760 781 797 
2650 442 379 397 403 
2651 676 918 867 975 
2652 757 781 724 792 
2653 946 529 909 453 
2654 493 512 461 511 
2655 487 517 467 471 
2656 754 731 760 826 
2657 357 272 255 850 
2658 392 877 833 401 
2659 976 860 710 961 
2660 250 247 249 787 
2661 450 465 869 506 
2662 742 594 203 639 
2663 229 782 287 843 
2664 551 739 553 555 
2665 826 794 834 731 
2666 480 527 466 518 
2667 392 861 8 376 
2668 555 758 580 790 
2669 450 470 467 534 
2670 345 335 822 828 
2671 896 444 436 414 
2672 502 516 480 517 
2673 382 865 414 910 
2674 676 867 918 970 
2675 638 619 774 667 
2676 282 283 280 745 
2677 292 317 255 747 
2678 5 74 269 840 
2679 73 767 804 840 
2680 551 552 803 852 
2681 471 470 505 534 
2682 762 832 764 836 
2683 744 729 776 853 
2684 472 471 451 521 
2685 226 247 246 787 
2686 229 351 287 782 
2687 801 835 772 774 
2688 738 783 793 846 
2689 731 826 822 828 
2690 765 844 796 756 
2691 918 112 975 676 
2692 323 285 282 815 
2693 342 323 231 746 
2694 446 516 480 502 
2695 320 800 818 339 
2696 828 781 731 760 
2697 855 802 796 757 
2698 480 527 518 516 
2699 417 912 385 915 
2700 385 422 434 417 
2701 715 755 842 717 
2702 627 774 772 835 
2703 875 480 502 446 
2704 895 493 464 966 
2705 532 909 871 194 
2706 391 439 388 402 
2707 867 676 975 113 
2708 609 806 587 849 
2709 787 832 735 836 
2710 484 507 478 490 
2711 113 676 975 112 
2712 747 726 789 846 
2713 749 778 727 817 
2714 834 812 748 794 
2715 738 793 783 820 
2716 618 617 616 827 
2717 622 772 785 823 
2718 476 152 454 769 
2719 747 846 789 850 
2720 887 769 185 184 
2721 741 670 837 844 
2722 175 767 752 824 
2723 382 865 910 116 
2724 723 820 762 832 
2725 661 185 664 819 
2726 452 824 767 175 
2727 459 887 184 769 
2728 734 811 618 827 
2729 753 820 803 852 
2730 875 480 446 473 
2731 176 671 25 824 
2732 882 426 432 433 
2733 379 381 378 425 
2734 877 944 688 833 
2735 489 461 462 525 
2736 441 388 415 433 
2737 254 805 799 815 
2738 585 616 589 768 
2739 735 777 762 832 
2740 959 324 85 84 
2741 945 515 502 180 
2742 767 469 1 11 
2743 855 802 757 847 
2744 932 436 896 363 
2745 631 95 778 835 
2746 744 728 798 814 
2747 811 150 599 779 
2748 567 566 761 809 
2749 751 721 757 845 
2750 435 421 371 372 
2751 744 784 732 785 
2752 654 663 778 817 
2753 794 821 748 834 
2754 936 811 151 813 
2755 867 439 368 437 
2756 246 332 305 787 
2757 448 481 485 508 
2758 450 467 518 534 
2759 871 952 532 526 
2760 798 810 728 830 
2761 139 874 679 930 
2762 419 391 439 388 
2763 855 802 847 733 
2764 934 46 767 220 
2765 762 777 723 832 
2766 200 756 633 844 
2767 382 363 444 380 
2768 139 874 930 437 
2769 390 930 402 366 
2770 9 127 951 405 
2771 667 638 627 774 
2772 258 775 248 321 
2773 731 763 781 821 
2774 890 439 419 391 
2775 779 827 811 847 
2776 567 566 539 761 
2777 737 800 787 832 
2778 669 902 779 149 
2779 724 804 760 819 
2780 880 489 446 515 
2781 405 951 9 863 
2782 911 840 813 76 
2783 861 8 358 938 
2784 875 447 916 523 
2785 654 92 664 749 
2786 487 875 523 447 
2787 5 269 336 775 
2788 731 781 763 797 
2789 811 599 150 643 
2790 293 760 270 819 
2791 226 75 321 775 
2792 6 344 324 813 
2793 609 587 589 849 
2794 365 956 962 108 
2795 403 382 444 380 
2796 743 773 614 795 
2797 726 786 747 789 
2798 33 186 710 860 
2799 728 791 765 830 
2800 88 398 2 369 
2801 353 327 304 798 
2802 347 288 254 815 
2803 958 904 325 44 
2804 884 946 531 909 
2805 961 769 887 476 
2806 372 412 421 375 
2807 868 425 416 378 
2808 534 471 517 520 
2809 887 860 710 186 
2810 720 781 808 757 
2811 446 920 880 945 
2812 444 379 442 403 
2813 304 353 798 830 
2814 398 371 420 375 
2815 882 433 432 440 
2816 976 961 711 974 
2817 361 442 397 403 
2818 20 733 765 844 
2819 371 872 919 435 
2820 73 804 767 3 
2821 102 101 688 944 
2822 446 920 945 172 
2823 340 807 826 273 
2824 901 376 396 392 
2825 895 488 533 74 
2826 728 762 776 802 
2827 884 946 913 531 
2828 810 745 278 280 
2829 331 245 748 831 
2830 2 88 369 90 
2831 317 883 747 292 
2832 229 287 326 843 
2833 764 820 737 832 
2834 388 439 441 415 
2835 762 723 793 820 
2836 752 792 730 847 
2837 599 811 779 827 
2838 487 447 523 492 
2839 291 925 886 69 
2840 489 525 515 511 
2841 803 820 738 852 
2842 720 776 762 802 
2843 90 88 863 785 
2844 330 804 857 840 
2845 519 471 520 521 
2846 346 760 293 828 
2847 738 816 783 846 
2848 749 185 664 32 
2849 669 733 642 779 
2850 204 634 652 742 
2851 487 875 447 473 
2852 779 791 733 836 
2853 474 447 503 864 
2854 855 802 733 796 
2855 150 643 151 811 
2856 647 750 651 838 
2857 383 443 438 413 
2858 470 471 467 534 
2859 728 735 791 810 
2860 622 785 772 98 
2861 550 551 548 816 
2862 154 961 974 711 
2863 880 489 515 511 
2864 244 789 812 831 
2865 277 252 276 777 
2866 773 721 722 743 
2867 793 776 729 853 
2868 382 947 910 896 
2869 551 790 548 816 
2870 901 8 392 427 
2871 664 185 749 819 
2872 6 76 174 911 
2873 330 804 840 73 
2874 976 961 974 941 
2875 427 19 8 392 
2876 293 346 271 760 
2877 633 607 670 837 
2878 831 821 736 726 
2879 882 380 426 433 
2880 474 503 447 492 
2881 946 529 453 482 
2882 509 879 448 536 
2883 550 816 783 852 
2884 378 426 379 425 
2885 580 569 584 758 
2886 619 614 743 773 
2887 868 425 378 381 
2888 850 846 805 747 
2889 914 361 865 430 
2890 870 770 309 856 
2891 485 1 524 508 
2892 745 815 814 853 
2893 486 461 489 511 
2894 245 812 748 831 
2895 875 480 473 487 
2896 331 245 303 748 
2897 734 752 811 847 
2898 623 835 823 839 
2899 46 220 3 767 
2900 203 36 652 742 
2901 941 769 961 476 
2902 434 134 862 912 
2903 976 27 974 711 
2904 373 372 374 423 
2905 654 663 93 778 
2906 443 360 373 372 
2907 751 769 750 845 
2908 754 760 731 797 
2909 282 284 283 814 
2910 743 722 773 795 
2911 260 262 263 794 
2912 340 807 273 238 
2913 517 492 523 520 
2914 811 673 645 644 
2915 398 87 2 395 
2916 875 517 487 523 
2917 415 388 389 433 
2918 331 771 241 831 
2919 773 721 743 848 
2920 6 76 911 813 
2921 92 91 661 819 
2922 309 922 870 71 
2923 913 451 161 973 
2924 679 109 682 930 
2925 673 175 24 752 
2926 594 609 656 759 
2927 611 795 614 773 
2928 913 451 973 519 
2929 740 804 752 840 
2930 276 777 252 800 
2931 930 968 924 415 
2932 261 758 322 794 
2933 27 154 974 711 
2934 805 851 729 815 
2935 724 792 781 797 
2936 566 556 761 803 
2937 484 507 522 894 
2938 323 281 307 782 
2939 627 835 613 774 
2940 380 441 444 433 
2941 517 492 520 471 
2942 880 489 511 486 
2943 244 243 789 831 
2944 913 973 161 703 
2945 364 424 394 385 
2946 230 329 300 754 
2947 151 811 673 813 
2948 605 858 598 755 
2949 275 339 766 800 
2950 222 810 353 830 
2951 256 270 760 804 
2952 801 835 774 727 
2953 519 967 913 531 
2954 730 787 779 836 
2955 435 371 421 420 
2956 93 92 654 749 
2957 478 482 453 529 
2958 430 414 361 865 
2959 402 388 366 415 
2960 850 805 846 729 
2961 821 794 822 731 
2962 517 492 471 487 
2963 682 968 930 109 
2964 322 794 758 807 
2965 371 360 435 372 
2966 882 380 433 389 
2967 98 370 367 784 
2968 875 517 523 502 
2969 517 467 480 487 
2970 779 787 735 836 
2971 434 862 134 445 
2972 907 294 876 766 
2973 804 840 740 857 
2974 270 271 256 760 
2975 385 424 423 417 
2976 442 430 397 425 
2977 328 358 267 798 
2978 944 877 688 102 
2979 286 777 277 278 
2980 715 755 717 716 
2981 738 820 783 852 
2982 850 254 253 805 
2983 730 792 764 836 
2984 912 385 104 362 
2985 663 94 93 778 
2986 896 444 414 382 
2987 482 478 521 529 
2988 728 776 762 853 
2989 268 345 335 822 
2990 10 89 227 839 
2991 417 912 915 134 
2992 342 873 231 296 
2993 823 835 771 839 
2994 946 713 913 28 
2995 796 741 844 855 
2996 682 968 215 930 
2997 662 130 666 830 
2998 292 747 255 850 
2999 371 872 435 360 
3000 469 767 460 452 
3001 907 538 766 876 
3002 223 335 345 828 
3003 292 253 805 850 
3004 383 438 430 413 
3005 430 438 383 397 
3006 805 851 815 746 
3007 126 125 435 872 
3008 727 801 808 757 
3009 547 548 546 816 
3010 731 821 794 834 
3011 885 579 809 542 
3012 419 363 441 436 
3013 95 94 631 778 
3014 772 823 623 835 
3015 721 796 757 855 
3016 613 817 774 835 
3017 325 44 45 958 
3018 564 541 576 770 
3019 752 804 767 840 
3020 356 268 778 822 
3021 433 924 440 882 
3022 768 827 741 855 
3023 897 479 887 513 
3024 774 619 848 650 
3025 450 467 466 518 
3026 94 939 93 778 
3027 897 1 513 524 
3028 472 503 492 521 
3029 331 241 242 831 
3030 441 363 419 388 
3031 793 729 776 780 
3032 349 295 261 758 
3033 778 817 631 835 
3034 459 176 25 824 
3035 891 470 530 505 
3036 941 961 769 213 
3037 895 488 74 76 
3038 47 350 927 761 
3039 735 791 779 836 
3040 599 635 811 827 
3041 433 924 882 389 
3042 389 366 388 415 
3043 380 379 365 426 
3044 413 435 125 872 
3045 430 383 413 914 
3046 913 973 967 519 
3047 492 474 503 472 
3048 901 399 396 376 
3049 521 478 528 529 
3050 519 471 521 451 
3051 863 88 9 785 
3052 851 762 723 793 
3053 901 8 427 428 
3054 263 794 264 822 
3055 385 423 424 394 
3056 452 824 175 176 
3057 315 356 268 778 
3058 863 785 89 839 
3059 308 789 786 812 
3060 933 761 539 856 
3061 369 919 951 420 
3062 380 363 441 388 
3063 879 508 448 485 
3064 441 380 388 433 
3065 755 722 837 858 
3066 420 435 371 919 
3067 383 443 413 360 
3068 622 823 785 839 
3069 801 835 727 823 
3070 721 757 796 801 
3071 329 230 355 754 
3072 891 703 160 973 
3073 420 88 951 369 
3074 669 733 779 791 
3075 129 798 784 833 
3076 559 560 583 753 
3077 355 754 230 857 
3078 160 161 973 703 
3079 789 308 357 272 
3080 647 640 641 773 
3081 534 505 471 520 
3082 337 236 291 770 
3083 551 550 552 852 
3084 929 478 484 507 
3085 727 778 771 835 
3086 942 148 902 791 
3087 175 645 176 824 
3088 383 361 430 397 
3089 50 804 256 857 
3090 322 295 228 758 
3091 47 48 299 761 
3092 517 492 487 523 
3093 891 967 973 519 
3094 243 736 318 789 
3095 263 264 794 262 
3096 723 851 782 745 
3097 291 337 770 818 
3098 639 594 656 759 
3099 328 798 327 814 
3100 551 739 555 790 
3101 383 872 413 914 
3102 9 799 233 850 
3103 282 281 323 745 
3104 799 805 729 815 
3105 47 48 761 856 
3106 48 788 338 857 
3107 9 239 318 850 
3108 369 919 420 371 
3109 721 757 845 855 
3110 549 783 550 816 
3111 426 442 379 425 
3112 872 919 126 410 
3113 732 765 796 756 
3114 657 589 617 849 
3115 752 730 811 847 
3116 476 459 25 769 
3117 723 783 782 851 
3118 383 872 914 118 
3119 518 467 517 534 
3120 452 460 455 767 
3121 722 741 768 849 
3122 443 360 435 413 
3123 658 774 627 638 
3124 726 790 758 834 
3125 882 380 389 365 
3126 672 630 614 795 
3127 264 262 265 794 
3128 562 558 549 783 
3129 298 346 293 828 
3130 243 736 789 831 
3131 314 299 300 809 
3132 245 259 260 812 
3133 736 808 780 821 
3134 774 619 650 667 
3135 721 743 801 756 
3136 863 951 88 90 
3137 303 356 224 778 
3138 587 806 768 849 
3139 88 398 369 420 
3140 336 775 788 825 
3141 420 371 398 369 
3142 750 769 768 845 
3143 200 633 670 844 
3144 963 917 700 972 
3145 635 618 811 827 
3146 783 816 738 852 
3147 749 654 32 664 
3148 751 757 721 801 
3149 241 839 343 10 
3150 868 425 381 424 
3151 503 523 447 492 
3152 850 254 805 799 
3153 926 474 503 864 
3154 378 426 425 416 
3155 625 651 750 806 
3156 755 759 742 842 
3157 895 911 74 955 
3158 98 588 99 772 
3159 426 380 444 433 
3160 569 580 555 758 
3161 734 827 768 855 
3162 755 717 716 719 
3163 891 471 505 519 
3164 758 790 739 834 
3165 280 301 278 810 
3166 895 911 955 494 
3167 631 778 663 817 
3168 545 581 573 786 
3169 943 765 130 833 
3170 721 722 743 756 
3171 934 220 767 804 
3172 47 299 350 761 
3173 766 723 782 843 
3174 258 775 321 336 
3175 382 947 896 363 
3176 523 503 447 916 
3177 871 700 917 972 
3178 20 666 130 765 
3179 720 808 781 821 
3180 724 769 751 845 
3181 777 723 843 745 
3182 520 492 503 521 
3183 911 494 5 955 
3184 203 742 653 806 
3185 576 564 770 856 
3186 791 810 334 830 
3187 329 346 760 271 
3188 651 750 806 838 
3189 605 837 858 755 
3190 74 330 269 840 
3191 538 560 561 766 
3192 599 733 779 642 
3193 319 292 253 805 
3194 641 213 750 848 
3195 478 507 528 529 
3196 721 845 768 855 
3197 901 132 877 687 
3198 646 647 651 838 
3199 934 270 819 37 
3200 334 312 286 791 
3201 373 383 438 397 
3202 722 795 743 858 
3203 174 966 494 895 
3204 720 780 776 808 
3205 286 334 791 810 
3206 328 327 798 267 
3207 270 293 271 760 
3208 634 742 204 841 
3209 452 824 176 459 
3210 782 783 746 851 
3211 828 781 760 749 
3212 238 807 273 297 
3213 745 851 815 853 
3214 419 363 391 388 
3215 655 20 620 791 
3216 346 826 760 828 
3217 768 845 824 734 
3218 50 256 355 857 
3219 99 370 784 833 
3220 723 766 800 843 
3221 777 800 276 843 
3222 529 521 482 531 
3223 658 774 638 743 
3224 559 803 552 852 
3225 432 948 882 137 
3226 322 265 262 794 
3227 669 902 149 148 
3228 817 590 613 774 
3229 388 380 389 433 
3230 908 545 786 900 
3231 336 788 310 825 
3232 381 438 394 424 
3233 727 781 808 821 
3234 293 270 359 819 
3235 605 601 606 854 
3236 241 839 10 227 
3237 782 843 723 745 
3238 393 377 889 833 
3239 285 342 289 815 
3240 588 98 622 772 
3241 244 789 308 812 
3242 786 789 726 812 
3243 610 772 743 756 
3244 851 762 793 853 
3245 627 772 623 835 
3246 619 773 743 848 
3247 722 755 795 858 
3248 557 555 580 790 
3249 610 659 13 858 
3250 91 11 184 819 
3251 864 474 447 169 
3252 723 793 783 851 
3253 700 196 963 972 
3254 472 478 528 521 
3255 902 942 791 312 
3256 32 590 591 817 
3257 472 926 528 449 
3258 290 308 786 812 
3259 382 865 116 361 
3260 864 496 495 169 
3261 639 656 615 759 
3262 619 611 773 848 
3263 952 463 866 166 
3264 554 753 559 852 
3265 392 833 877 129 
3266 901 132 687 133 
3267 882 956 692 686 
3268 560 559 554 753 
3269 882 380 365 426 
3270 478 472 482 521 
3271 322 261 295 758 
3272 289 805 254 815 
3273 566 553 556 803 
3274 729 815 851 853 
3275 722 837 849 759 
3276 200 20 765 844 
3277 294 275 339 766 
3278 658 743 610 772 
3279 322 265 794 807 
3280 749 819 760 828 
3281 587 768 589 849 
3282 274 273 340 826 
3283 607 608 670 837 
3284 871 700 972 195 
3285 625 651 626 750 
3286 972 195 700 196 
3287 262 261 322 794 
3288 386 867 113 368 
3289 204 652 36 742 
3290 777 800 723 832 
3291 727 751 774 801 
3292 915 364 868 105 
3293 332 250 302 787 
3294 450 159 470 869 
3295 238 807 297 885 
3296 715 755 716 841 
3297 638 665 610 743 
3298 269 338 788 857 
3299 724 734 824 845 
3300 327 353 283 814 
3301 258 775 336 825 
3302 630 612 598 795 
3303 891 471 519 451 
3304 733 779 836 847 
3305 309 770 310 856 
3306 382 865 361 414 
3307 720 780 808 821 
3308 229 275 766 843 
3309 381 379 397 425 
3310 639 759 615 842 
3311 723 800 777 843 
3312 901 376 392 8 
3313 253 254 319 805 
3314 700 963 196 892 
3315 903 94 95 778 
3316 370 98 99 784 
3317 729 846 793 851 
3318 721 768 741 855 
3319 260 261 262 794 
3320 721 741 722 756 
3321 742 715 755 842 
3322 397 438 373 381 
3323 485 1 460 469 
3324 610 13 756 858 
3325 759 755 837 854 
3326 519 482 451 521 
3327 866 696 166 695 
3328 653 742 634 838 
3329 918 867 431 970 
3330 360 435 413 872 
3331 394 373 438 381 
3332 151 644 673 811 
3333 472 926 449 474 
3334 521 519 482 531 
3335 724 824 769 845 
3336 929 478 507 528 
3337 269 330 338 857 
3338 288 814 284 815 
3339 88 951 369 90 
3340 955 494 5 182 
3341 150 899 149 779 
3342 309 922 71 236 
3343 882 426 365 948 
3344 532 195 871 526 
3345 229 326 275 843 
3346 663 631 94 778 
3347 559 583 564 770 
3348 732 801 808 823 
3349 371 872 360 119 
3350 331 242 245 831 
3351 282 285 284 815 
3352 666 20 655 791 
3353 871 163 483 917 
3354 629 617 827 849 
3355 743 772 774 801 
3356 882 956 686 962 
3357 62 873 829 296 
3358 867 143 429 431 
3359 729 805 799 850 
3360 801 835 823 772 
3361 644 618 645 811 
3362 817 613 590 591 
3363 390 110 386 874 
3364 932 114 678 890 
3365 558 550 549 783 
3366 801 802 796 732 
3367 374 394 373 423 
3368 693 968 15 956 
3369 482 472 451 521 
3370 26 750 213 769 
3371 879 508 485 524 
3372 478 528 449 472 
3373 19 784 129 798 
3374 722 849 837 741 
3375 875 447 473 170 
3376 279 777 276 843 
3377 770 818 337 825 
3378 901 376 8 428 
3379 231 905 307 64 
3380 932 114 890 391 
3381 349 259 290 812 
3382 648 627 623 835 
3383 792 836 730 847 
3384 763 821 731 834 
3385 258 257 248 825 
3386 875 447 170 916 
3387 867 676 675 143 
3388 771 736 823 839 
3389 757 847 734 855 
3390 381 397 438 425 
3391 871 952 917 483 
3392 483 917 163 475 
3393 742 755 715 841 
3394 556 539 761 856 
3395 897 11 513 1 
3396 294 68 876 234 
3397 735 832 762 836 
3398 3 767 220 804 
3399 639 742 842 36 
3400 472 926 474 503 
3401 730 779 811 847 
3402 758 739 807 834 
3403 627 613 835 648 
3404 110 386 874 918 
3405 232 290 316 786 
3406 244 243 308 789 
3407 869 190 530 506 
3408 666 791 655 830 
3409 850 254 799 233 
3410 631 817 613 835 
3411 5 321 75 775 
3412 869 706 707 190 
3413 914 361 430 383 
3414 933 539 574 856 
3415 868 378 106 364 
3416 26 213 750 626 
3417 472 926 503 528 
3418 914 407 865 117 
3419 306 343 241 771 
3420 629 827 741 849 
3421 175 452 455 767 
3422 971 950 706 960 
3423 897 1 524 485 
3424 307 287 351 782 
3425 244 812 245 831 
3426 503 523 492 520 
3427 545 546 581 786 
3428 339 320 234 818 
3429 752 811 730 813 
3430 424 394 381 364 
3431 629 741 827 844 
3432 336 310 788 311 
3433 540 575 547 829 
3434 438 443 373 423 
3435 275 800 766 843 
3436 690 688 691 833 
3437 279 777 843 745 
3438 730 836 779 847 
3439 241 331 306 771 
3440 427 129 877 132 
3441 890 678 675 114 
3442 772 801 743 756 
3443 742 755 722 759 
3444 583 541 564 770 
3445 874 918 431 140 
3446 381 868 424 364 
3447 634 204 593 841 
3448 869 706 960 971 
3449 9 88 233 799 
3450 604 773 647 838 
3451 632 605 606 837 
3452 938 861 19 798 
3453 971 950 157 706 
3454 588 674 99 772 
3455 275 294 229 766 
3456 897 1 485 469 
3457 638 614 665 743 
3458 437 874 431 140 
3459 438 381 425 424 
3460 945 180 498 880 
3461 876 925 766 234 
3462 278 777 279 745 
3463 244 245 242 831 
3464 298 293 223 828 
3465 62 873 296 63 
3466 558 550 783 852 
3467 494 953 499 182 
3468 619 614 638 743 
3469 869 706 971 158 
3470 727 774 751 817 
3471 289 254 288 815 
3472 278 276 279 777 
3473 658 610 674 772 
3474 78 878 145 830 
3475 878 798 145 830 
3476 152 768 26 769 
3477 577 540 62 829 
3478 241 227 242 831 
3479 612 207 755 841 
3480 587 594 202 806 
3481 278 277 276 777 
3482 755 717 719 854 
3483 288 328 284 814 
3484 869 704 707 159 
3485 201 768 587 806 
3486 290 244 308 812 
3487 147 791 942 830 
3488 869 960 506 465 
3489 394 438 373 423 
3490 629 827 621 844 
3491 286 777 278 810 
3492 934 220 804 270 
3493 850 254 233 253 
3494 556 574 539 856 
3495 548 551 557 790 
3496 423 394 438 424 
3497 330 804 73 50 
3498 841 722 795 838 
3499 653 806 742 838 
3500 152 25 768 769 
3501 566 556 539 761 
3502 325 45 90 958 
3503 639 742 36 203 
3504 281 843 745 279 
3505 319 805 289 829 
3506 9 233 239 850 
3507 665 610 743 858 
3508 643 599 635 811 
3509 665 743 614 858 
3510 647 641 750 773 
3511 757 734 845 855 
3512 281 843 279 287 
3513 231 905 64 873 
3514 727 808 801 823 
3515 600 621 620 844 
3516 808 802 776 720 
3517 619 637 611 848 
3518 907 294 766 229 
3519 693 968 215 15 
3520 450 465 158 869 
3521 623 772 622 823 
3522 631 591 613 817 
3523 879 506 514 189 
3524 371 872 119 919 
3525 551 552 553 803 
3526 251 252 250 800 
3527 643 635 618 811 
3528 741 722 756 837 
3529 688 833 131 877 
3530 743 795 614 858 
3531 272 239 255 850 
3532 945 515 180 880 
3533 563 538 561 766 
3534 316 881 57 232 
3535 519 913 482 531 
3536 310 309 236 770 
3537 26 768 750 769 
3538 902 899 221 779 
3539 665 614 630 858 
3540 750 201 625 806 
3541 727 817 778 835 
3542 157 158 971 706 
3543 638 610 658 743 
3544 369 919 371 120 
3545 875 496 179 916 
3546 897 11 1 469 
3547 599 733 642 621 
3548 483 952 917 475 
3549 655 791 147 830 
3550 50 73 3 804 
3551 48 49 230 857 
3552 592 795 596 841 
3553 446 920 172 486 
3554 432 948 137 416 
3555 633 632 606 837 
3556 613 590 650 774 
3557 907 538 876 67 
3558 357 235 308 786 
3559 309 310 240 856 
3560 204 36 715 742 
3561 641 773 640 848 
3562 956 693 692 686 
3563 446 920 486 880 
3564 401 877 944 102 
3565 383 872 118 360 
3566 768 845 734 855 
3567 647 773 750 838 
3568 145 798 662 830 
3569 758 807 794 834 
3570 397 430 438 425 
3571 589 587 585 768 
3572 733 796 765 844 
3573 200 13 633 756 
3574 873 575 746 571 
3575 689 136 137 948 
3576 494 953 182 955 
3577 631 649 95 835 
3578 921 157 448 950 
3579 879 506 189 960 
3580 887 476 154 961 
3581 614 795 630 858 
3582 634 838 742 841 
3583 146 666 655 830 
3584 5 336 321 775 
3585 612 755 598 795 
3586 203 653 595 806 
3587 426 948 432 416 
3588 599 621 635 827 
3589 785 823 736 839 
3590 238 888 809 923 
3591 640 647 604 773 
3592 605 858 837 632 
3593 476 25 152 769 
3594 446 171 875 473 
3595 273 341 297 807 
3596 969 912 104 362 
3597 972 952 526 963 
3598 383 872 360 413 
3599 650 774 590 848 
3600 750 201 806 768 
3601 915 135 683 685 
3602 908 235 900 786 
3603 914 407 117 408 
3604 309 922 236 770 
3605 552 559 556 803 
3606 611 795 773 596 
3607 894 695 199 866 
3608 782 543 582 65 
3609 795 838 596 841 
3610 632 624 605 858 
3611 482 451 913 519 
3612 275 276 800 843 
3613 340 807 238 809 
3614 61 829 237 62 
3615 670 741 629 844 
3616 657 617 629 849 
3617 307 281 287 782 
3618 716 719 208 755 
3619 608 741 670 837 
3620 179 523 916 178 
3621 854 211 668 842 
3622 696 866 198 695 
3623 528 503 472 521 
3624 292 255 253 850 
3625 401 877 102 392 
3626 498 499 880 181 
3627 808 802 720 757 
3628 732 772 801 823 
3629 222 810 830 334 
3630 629 621 600 844 
3631 811 827 734 847 
3632 733 836 802 847 
3633 884 946 909 218 
3634 891 451 160 470 
3635 528 31 926 177 
3636 716 755 207 841 
3637 228 758 295 55 
3638 866 198 695 199 
3639 679 109 930 874 
3640 213 626 641 750 
3641 644 151 643 811 
3642 369 919 120 951 
3643 222 810 334 301 
3644 669 902 148 791 
3645 656 668 615 759 
3646 651 647 626 750 
3647 630 672 612 795 
3648 605 598 858 624 
3649 611 795 596 597 
3650 801 802 732 808 
3651 417 912 134 434 
3652 926 503 528 177 
3653 891 703 704 160 
3654 336 269 311 788 
3655 281 843 287 782 
3656 611 795 597 614 
3657 731 760 826 828 
3658 133 428 445 862 
3659 592 596 593 841 
3660 864 495 496 178 
3661 750 201 768 26 
3662 62 873 63 577 
3663 209 208 719 755 
3664 755 759 842 854 
3665 153 974 941 714 
3666 275 251 339 800 
3667 127 919 405 410 
3668 257 337 818 825 
3669 928 297 885 54 
3670 296 289 342 829 
3671 750 201 26 625 
3672 926 929 31 528 
3673 465 448 157 950 
3674 332 246 247 787 
3675 715 742 36 842 
3676 548 547 549 816 
3677 147 669 148 791 
3678 320 737 257 818 
3679 279 326 287 843 
3680 886 922 770 236 
3681 105 912 915 385 
3682 226 6 75 813 
3683 608 837 603 849 
3684 892 963 954 700 
3685 523 503 916 178 
3686 207 716 208 755 
3687 956 968 15 389 
3688 946 482 28 913 
3689 676 893 112 677 
3690 954 696 165 917 
3691 722 743 756 858 
3692 278 279 280 745 
3693 625 595 651 806 
3694 780 793 729 846 
3695 291 925 69 234 
3696 954 700 164 701 
3697 90 839 325 958 
3698 774 817 727 835 
3699 679 682 139 930 
3700 634 593 838 841 
3701 841 722 838 742 
3702 34 531 909 884 
3703 201 587 202 806 
3704 623 823 622 839 
3705 254 313 347 799 
3706 946 713 28 218 
3707 228 758 55 928 
3708 345 822 264 828 
3709 542 568 579 809 
3710 237 319 289 829 
3711 337 310 770 825 
3712 880 511 515 181 
3713 599 150 149 779 
3714 924 693 956 968 
3715 759 837 755 722 
3716 841 722 742 755 
3717 206 207 660 841 
3718 894 695 697 199 
3719 615 759 668 842 
3720 513 184 887 187 
3721 660 795 592 841 
3722 276 252 275 800 
3723 592 597 596 795 
3724 431 964 918 970 
3725 238 888 923 52 
3726 964 677 893 676 
3727 636 668 656 759 
3728 549 550 548 816 
3729 897 11 469 479 
3730 641 590 213 848 
3731 212 36 639 842 
3732 887 154 476 479 
3733 47 240 48 856 
3734 891 973 451 519 
3735 897 187 708 709 
3736 307 351 65 782 
3737 833 129 131 877 
3738 587 201 585 768 
3739 315 224 356 778 
3740 12 784 98 404 
3741 346 828 266 826 
3742 78 145 146 830 
3743 734 847 827 855 
3744 741 837 608 849 
3745 771 823 727 835 
3746 926 929 528 449 
3747 653 595 806 838 
3748 593 204 205 841 
3749 108 693 956 686 
3750 101 889 393 377 
3751 222 810 301 353 
3752 144 890 429 419 
3753 629 670 608 741 
3754 238 888 52 314 
3755 256 220 270 804 
3756 600 620 20 844 
3757 319 254 289 805 
3758 637 641 640 848 
3759 22 415 930 924 
3760 146 655 147 830 
3761 154 476 477 961 
3762 733 827 847 855 
3763 718 205 204 841 
3764 755 717 854 842 
3765 594 203 202 806 
3766 291 925 234 818 
3767 759 837 603 854 
3768 872 435 126 919 
3769 607 603 608 837 
3770 933 761 856 47 
3771 304 222 353 830 
3772 612 755 795 841 
3773 519 891 192 505 
3774 316 881 232 786 
3775 841 722 755 795 
3776 939 94 903 778 
3777 636 759 609 849 
3778 864 926 474 168 
3779 310 258 336 825 
3780 721 801 796 756 
3781 49 330 50 857 
3782 963 196 892 197 
3783 963 196 197 526 
3784 191 891 530 505 
3785 918 112 676 893 
3786 918 112 893 111 
3787 866 484 167 463 
3788 165 917 952 475 
3789 666 146 662 830 
3790 48 338 49 857 
3791 165 917 475 164 
3792 533 182 953 955 
3793 897 479 469 155 
3794 915 135 136 424 
3795 648 631 613 835 
3796 415 924 22 440 
3797 555 557 551 790 
3798 356 263 268 822 
3799 184 185 661 819 
3800 234 320 291 818 
3801 883 906 60 317 
3802 758 56 232 295 
3803 99 393 370 833 
3804 742 759 722 806 
3805 623 588 622 772 
3806 911 174 494 895 
3807 653 646 595 838 
3808 963 196 526 972 
3809 207 598 612 755 
3810 382 947 363 115 
3811 964 677 676 142 
3812 310 236 337 770 
3813 431 964 970 142 
3814 291 257 337 818 
3815 592 660 597 795 
3816 318 272 243 789 
3817 500 929 183 31 
3818 890 439 391 368 
3819 281 282 280 745 
3820 60 906 883 572 
3821 892 700 701 196 
3822 348 870 309 856 
3823 355 49 50 857 
3824 636 609 759 656 
3825 894 507 522 199 
3826 304 327 267 798 
3827 165 917 164 954 
3828 61 829 62 540 
3829 918 112 111 386 
3830 894 30 697 167 
3831 19 129 145 798 
3832 924 693 968 215 
3833 865 406 123 965 
3834 946 482 453 28 
3835 750 773 641 848 
3836 600 670 629 844 
3837 237 883 61 354 
3838 348 47 933 856 
3839 872 408 125 914 
3840 343 325 839 904 
3841 149 669 642 779 
3842 895 464 76 174 
3843 245 244 259 812 
3844 890 675 678 144 
3845 867 676 143 970 
3846 330 804 50 857 
3847 12 784 404 87 
3848 500 929 31 926 
3849 728 810 791 830 
3850 894 30 183 697 
3851 200 600 20 844 
3852 247 250 332 787 
3853 558 554 550 852 
3854 904 44 43 343 
3855 266 298 345 828 
3856 693 956 15 108 
3857 588 627 658 772 
3858 676 142 143 970 
3859 554 559 552 852 
3860 603 837 759 849 
3861 244 242 243 831 
3862 938 19 145 798 
3863 635 617 618 827 
3864 322 341 265 807 
3865 431 964 142 141 
3866 940 343 904 43 
3867 209 755 719 854 
3868 647 641 626 750 
3869 924 693 215 692 
3870 290 308 316 786 
3871 266 345 264 828 
3872 338 311 269 788 
3873 236 886 70 291 
3874 215 22 930 924 
3875 604 647 646 838 
3876 238 888 314 809 
3877 390 930 366 109 
3878 266 273 274 826 
3879 162 483 453 949 
3880 281 843 782 745 
3881 96 771 835 839 
3882 87 931 785 88 
3883 597 672 614 795 
3884 596 640 604 773 
3885 729 851 793 853 
3886 596 773 604 838 
3887 838 722 750 806 
3888 954 696 698 165 
3889 449 474 926 168 
3890 87 931 88 2 
3891 627 613 667 774 
3892 596 838 593 841 
3893 201 202 625 806 
3894 532 909 194 504 
3895 174 966 895 464 
3896 207 208 598 755 
3897 411 896 122 406 
3898 602 603 607 837 
3899 732 796 801 756 
3900 316 308 235 786 
3901 921 709 897 156 
3902 313 233 88 799 
3903 598 795 755 858 
3904 326 279 276 843 
3905 145 662 146 830 
3906 346 266 828 298 
3907 870 574 576 856 
3908 464 486 173 920 
3909 901 132 133 427 
3910 668 842 759 854 
3911 819 11 37 91 
3912 970 964 676 142 
3913 970 964 918 676 
3914 859 959 151 813 
3915 908 545 900 58 
3916 257 258 337 825 
3917 409 872 126 410 
3918 314 300 340 809 
3919 612 795 660 841 
3920 209 605 208 755 
3921 152 201 26 768 
3922 405 863 89 121 
3923 338 330 49 857 
3924 629 608 628 849 
3925 556 564 574 856 
3926 742 806 722 838 
3927 612 660 207 841 
3928 51 314 888 350 
3929 382 947 115 910 
3930 346 274 329 826 
3931 552 556 553 803 
3932 49 355 230 857 
3933 229 782 66 351 
3934 896 414 436 122 
3935 801 802 808 757 
3936 938 878 267 798 
3937 932 678 17 128 
3938 867 975 918 386 
3939 286 301 334 810 
3940 929 30 183 894 
3941 87 931 2 12 
3942 500 929 30 183 
3943 904 325 44 343 
3944 254 233 313 799 
3945 657 609 589 849 
3946 285 289 288 815 
3947 646 653 634 838 
3948 719 717 210 854 
3949 3 220 50 804 
3950 948 686 962 882 
3951 932 411 896 18 
3952 243 272 308 789 
3953 954 217 29 698 
3954 529 909 535 504 
3955 915 136 685 868 
3956 827 844 741 855 
3957 200 889 13 833 
3958 924 693 692 956 
3959 87 931 12 785 
3960 62 237 296 829 
3961 927 47 4 350 
3962 567 568 566 809 
3963 285 288 284 815 
3964 628 608 603 849 
3965 96 835 623 839 
3966 733 796 844 855 
3967 613 650 667 774 
3968 875 916 179 523 
3969 930 139 437 415 
3970 289 296 237 829 
3971 932 678 128 18 
3972 6 911 75 813 
3973 588 623 627 772 
3974 838 750 722 773 
3975 600 200 670 844 
3976 90 951 369 121 
3977 915 135 685 136 
3978 147 655 669 791 
3979 206 716 207 841 
3980 290 259 244 812 
3981 193 884 967 531 
3982 861 744 798 358 
3983 212 639 615 842 
3984 933 4 47 348 
3985 96 649 623 835 
3986 602 603 837 854 
3987 668 603 586 854 
3988 284 327 283 814 
3989 897 479 155 887 
3990 643 618 644 811 
3991 227 243 242 831 
3992 251 275 252 800 
3993 596 795 773 838 
3994 722 773 795 838 
3995 629 617 635 827 
3996 6 324 76 813 
3997 682 968 109 15 
3998 655 620 669 791 
3999 863 89 10 839 
4000 286 278 301 810 
4001 127 420 951 919 
4002 909 531 34 504 
4003 12 2 87 404 
4004 926 495 864 177 
4005 633 756 632 837 
4006 275 326 276 843 
4007 662 145 129 798 
4008 698 954 165 29 
4009 630 795 598 858 
4010 642 599 149 779 
4011 203 595 202 806 
4012 576 574 564 856 
4013 636 603 668 759 
4014 854 668 211 586 
4015 256 50 220 804 
4016 756 837 722 858 
4017 268 263 264 822 
4018 39 93 898 92 
4019 631 663 591 817 
4020 591 654 32 817 
4021 911 955 5 74 
4022 668 759 603 854 
4023 733 844 827 855 
4024 951 88 9 863 
4025 206 718 716 841 
4026 127 420 88 951 
4027 365 956 108 389 
4028 929 183 31 894 
4029 13 377 99 833 
4030 337 258 310 825 
4031 629 741 608 849 
4032 188 524 514 879 
4033 686 108 962 956 
4034 320 257 291 818 
4035 934 819 11 37 
4036 284 328 327 814 
4037 732 801 772 756 
4038 208 605 598 755 
4039 854 211 842 717 
4040 107 108 962 686 
4041 596 611 640 773 
4042 588 658 674 772 
4043 603 759 636 849 
4044 954 963 917 700 
4045 149 150 83 899 
4046 648 623 649 835 
4047 924 956 692 882 
4048 650 637 619 848 
4049 345 298 223 828 
4050 612 672 660 795 
4051 268 264 345 822 
4052 630 598 624 858 
4053 899 936 779 150 
4054 433 924 389 415 
4055 661 91 184 819 
4056 881 56 57 232 
4057 568 567 579 809 
4058 898 937 335 39 
4059 870 933 856 348 
4060 680 874 140 918 
4061 943 765 833 200 
4062 212 715 36 842 
4063 908 235 786 316 
4064 702 946 28 218 
4065 625 626 26 750 
4066 96 940 771 904 
4067 952 866 963 696 
4068 602 606 601 854 
4069 231 64 63 873 
4070 482 451 161 913 
4071 209 719 210 854 
4072 448 485 156 921 
4073 68 69 925 234 
4074 73 330 74 840 
4075 432 138 882 440 
4076 77 19 145 938 
4077 924 956 882 389 
4078 61 829 572 883 
4079 628 603 636 849 
4080 930 924 968 215 
4081 228 55 54 928 
4082 309 348 72 870 
4083 629 635 621 827 
4084 348 240 47 856 
4085 876 67 68 294 
4086 554 552 550 852 
4087 135 134 915 683 
4088 955 74 533 182 
4089 93 94 40 939 
4090 597 660 672 795 
4091 526 866 963 952 
4092 519 193 967 531 
4093 575 540 577 829 
4094 969 103 684 901 
4095 882 948 365 962 
4096 365 956 389 882 
4097 340 238 314 809 
4098 819 38 92 91 
4099 906 59 60 317 
4100 67 66 229 907 
4101 901 862 684 969 
4102 70 71 922 236 
4103 957 14 889 691 
4104 648 649 631 835 
4105 141 918 680 140 
4106 633 606 607 837 
4107 202 595 625 806 
4108 279 281 280 745 
4109 904 343 771 839 
4110 96 940 904 43 
4111 629 628 657 849 
4112 632 837 756 858 
4113 100 889 694 14 
4114 253 239 233 850 
4115 602 837 606 854 
4116 253 255 239 850 
4117 362 103 901 396 
4118 65 64 307 905 
4119 335 939 898 40 
4120 393 99 377 833 
4121 341 273 265 807 
4122 309 72 71 870 
4123 606 602 607 837 
4124 297 54 53 885 
4125 854 211 717 210 
4126 139 930 22 415 
4127 169 864 474 168 
4128 295 56 55 758 
4129 622 98 12 785 
4130 942 148 791 147 
4131 854 211 210 586 
4132 497 875 179 180 
4133 96 904 771 839 
4134 927 4 51 350 
4135 591 663 654 817 
4136 18 890 144 419 
4137 862 969 912 684 
4138 62 873 577 829 
4139 933 72 4 348 
4140 115 382 910 116 
4141 158 159 450 869 
4142 926 31 500 177 
4143 116 361 865 117 
4144 170 916 447 169 
4145 919 127 126 410 
4146 69 70 886 291 
4147 197 892 35 196 
4148 865 124 123 407 
4149 892 35 698 197 
4150 954 164 165 29 
4151 665 659 610 858 
4152 112 893 111 16 
4153 964 23 142 141 
4154 954 164 29 701 
4155 112 893 16 677 
4156 964 677 142 23 
4157 180 498 880 181 
4158 161 28 482 913 
4159 593 596 604 838 
4160 499 953 181 182 
4161 113 867 114 368 
4162 918 680 681 141 
4163 951 120 369 121 
4164 105 912 385 104 
4165 522 198 866 199 
4166 134 133 445 862 
4167 637 590 641 848 
4168 12 785 931 839 
4169 900 58 59 235 
4170 52 51 314 888 
4171 960 189 190 506 
4172 212 615 211 842 
4173 166 866 167 463 
4174 484 30 894 167 
4175 909 34 194 504 
4176 179 916 496 178 
4177 95 903 42 94 
4178 650 590 637 848 
4179 932 114 391 17 
4180 143 429 144 867 
4181 830 147 146 79 
4182 946 529 482 531 
4183 622 785 12 839 
4184 896 122 18 411 
4185 634 593 646 838 
4186 104 103 684 969 
4187 213 153 26 941 
4188 118 914 383 117 
4189 659 632 13 858 
4190 586 603 602 854 
4191 633 13 632 756 
4192 171 875 473 170 
4193 9 127 88 951 
4194 884 193 34 531 
4195 105 868 106 364 
4196 157 158 465 971 
4197 348 309 240 856 
4198 106 107 378 868 
4199 205 592 593 841 
4200 119 371 919 120 
4201 197 198 963 526 
4202 6 911 174 75 
4203 830 147 79 942 
4204 156 157 448 921 
4205 113 975 386 112 
4206 212 717 715 842 
4207 165 952 166 475 
4208 956 389 15 108 
4209 53 52 238 923 
4210 31 507 894 199 
4211 859 24 151 85 
4212 189 188 514 879 
4213 891 160 159 470 
4214 74 955 5 182 
4215 970 142 143 431 
4216 914 125 124 408 
4217 526 195 972 196 
4218 929 30 449 168 
4219 164 475 163 917 
4220 386 110 111 918 
4221 632 756 13 858 
4222 469 156 485 897 
4223 77 145 78 878 
4224 160 161 451 973 
4225 717 212 211 842 
4226 892 698 35 217 
4227 17 363 947 115 
4228 206 205 718 841 
4229 274 346 266 826 
4230 964 214 893 677 
4231 16 677 893 214 
4232 102 901 396 392 
4233 954 217 698 892 
4234 141 431 918 140 
4235 104 103 969 362 
4236 163 483 162 949 
4237 415 968 924 389 
4238 684 912 104 969 
4239 20 200 943 216 
4240 219 213 32 860 
4241 908 57 58 316 
4242 107 108 365 962 
4243 213 153 941 714 
4244 27 154 477 974 
4245 195 871 194 532 
4246 89 863 10 121 
4247 209 210 601 854 
4248 184 185 887 186 
4249 624 632 659 858 
4250 82 148 149 902 
4251 902 942 312 80 
4252 889 101 14 377 
4253 524 187 897 935 
4254 833 131 129 130 
4255 139 874 437 140 
4256 137 138 882 432 
4257 469 155 156 897 
4258 110 390 109 874 
4259 938 878 798 145 
4260 206 660 592 841 
4261 82 81 148 902 
4262 79 146 830 78 
4263 190 530 191 869 
4264 940 343 43 306 
4265 903 41 42 94 
4266 172 173 486 920 
4267 680 874 679 140 
4268 929 926 500 168 
4269 967 192 193 519 
4270 646 593 604 838 
4271 187 184 887 186 
4272 123 122 965 406 
4273 119 872 360 118 
4274 131 877 129 132 
4275 924 138 22 440 
4276 135 134 417 915 
4277 446 171 172 945 
4278 38 39 937 92 
4279 948 136 137 416 
4280 206 592 205 841 
4281 174 966 464 173 
4282 42 43 940 95 
4283 19 8 861 938 
4284 97 904 958 44 
4285 500 30 929 168 
4286 914 407 408 124 
4287 495 864 177 178 
4288 97 904 44 96 
4289 623 622 96 839 
4290 665 630 659 858 
4291 41 40 94 939 
4292 903 940 778 95 
4293 126 125 872 409 
4294 479 154 155 887 
4295 891 191 192 505 
4296 102 901 103 396 
4297 8 19 77 938 
4298 94 903 41 939 
4299 889 694 200 100 
4300 914 865 124 430 
4301 80 902 148 81 
4302 524 188 187 935 
4303 96 940 43 95 
4304 887 710 708 186 
4305 688 131 833 690 
4306 901 132 427 877 
4307 351 66 65 782 
4308 636 609 657 849 
4309 149 83 82 899 
4310 711 976 27 219 
4311 957 14 691 216 
4312 902 899 779 149 
4313 691 889 957 833 
4314 710 219 860 976 
4315 84 83 150 936 
4316 151 959 85 84 
4317 958 44 45 97 
4318 889 200 13 100 
4319 102 101 944 401 
4320 40 39 93 898 
4321 883 60 61 354 
4322 21 130 943 20 
4323 33 185 860 32 
4324 11 37 1 934 
4325 7 24 859 85 
4326 630 624 659 858 
4327 835 940 96 95 
4328 636 657 628 849 
4329 153 974 714 27 
4330 79 942 147 80 
4331 819 37 38 91 
4332 943 21 20 216 
4333 32 33 219 860 
4334 45 12 931 97 
4335 153 974 27 477 
4336 11 1 767 934 
4337 859 959 813 76 
4338 931 958 45 97 
4339 96 44 43 904 
4340 45 12 2 931 
4341 422 399 387 400 
4342 422 399 400 434 
4343 761 230 300 754 
4344 761 300 230 299 
4345 730 840 775 740 
4346 730 840 740 752 
4347 456 767 3 73 
4348 7 767 24 455 
4349 575 816 549 547 
4350 575 816 547 829 
4351 481 3 458 456 
4352 481 458 3 501 
4353 803 564 856 770 
4354 803 856 564 556 
4355 782 561 563 570 
4356 782 563 561 766 
4357 784 772 785 98 
4358 784 785 772 732 
4359 892 954 963 698 
4360 823 772 785 732 
4361 840 857 788 740 
4362 836 720 762 802 
4363 836 762 720 764 
4364 918 867 386 874 
4365 880 511 953 920 
4366 529 490 453 478 
4367 529 490 478 507 
4368 761 927 809 350 
4369 809 927 761 567 
4370 920 953 493 511 
4371 880 511 181 953 
4372 439 368 437 402 
4373 867 439 437 429 
4374 48 240 788 856 
4375 48 788 240 338 
4376 788 240 338 311 
4377 788 240 311 310 
4378 952 483 463 475 
4379 799 225 87 313 
4380 799 87 225 744 
4381 852 723 766 753 
4382 852 766 723 783 
4383 857 269 840 788 
4384 857 840 269 330 
4385 953 511 181 182 
4386 511 953 533 182 
4387 533 493 953 511 
4388 866 696 952 166 
4389 834 763 754 731 
4390 754 763 834 739 
4391 754 826 834 731 
4392 834 826 754 739 
4393 444 379 403 380 
4394 444 379 380 426 
4395 807 228 322 341 
4396 807 322 228 758 
4397 422 372 412 421 
4398 422 412 372 387 
4399 383 443 360 373 
4400 383 443 373 438 
4401 412 398 87 420 
4402 412 398 420 375 
4403 797 804 857 760 
4404 857 804 797 740 
4405 787 305 221 332 
4406 787 221 305 779 
4407 826 265 273 807 
4408 826 273 265 266 
4409 857 725 761 788 
4410 857 761 725 754 
4411 897 11 479 513 
4412 513 11 479 184 
4413 459 11 479 469 
4414 459 479 11 184 
4415 317 900 59 235 
4416 900 357 235 317 
4417 742 759 639 842 
4418 742 594 639 759 
4419 742 594 759 806 
4420 935 921 485 879 
4421 809 350 299 761 
4422 809 299 350 314 
4423 799 87 88 313 
4424 799 88 87 785 
4425 911 840 76 74 
4426 911 840 74 5 
4427 361 442 403 414 
4428 361 442 414 430 
4429 857 797 725 740 
4430 857 725 797 754 
4431 434 862 362 912 
4432 526 866 952 522 
4433 826 300 329 754 
4434 826 329 300 274 
4435 756 721 741 796 
4436 690 957 691 216 
4437 741 844 756 796 
4438 690 691 957 833 
4439 841 715 204 718 
4440 841 204 715 742 
4441 417 912 434 385 
4442 526 866 522 198 
4443 522 484 490 507 
4444 522 490 484 463 
4445 769 454 26 152 
4446 769 26 941 213 
4447 372 435 443 360 
4448 372 443 435 421 
4449 883 317 60 354 
4450 809 927 888 350 
4451 381 868 364 378 
4452 868 425 424 416 
4453 320 800 339 251 
4454 320 800 251 249 
4455 165 696 166 952 
4456 833 370 401 393 
4457 372 423 422 374 
4458 422 423 372 421 
4459 756 13 610 99 
4460 954 217 892 701 
4461 837 605 854 755 
4462 837 854 605 606 
4463 915 364 105 385 
4464 385 915 424 417 
4465 885 579 542 53 
4466 53 885 238 297 
4467 521 471 492 472 
4468 521 492 471 520 
4469 88 398 420 87 
4470 88 398 87 2 
4471 912 915 134 683 
4472 952 463 166 475 
4473 891 471 451 470 
4474 519 471 505 520 
4475 25 201 768 585 
4476 768 201 25 152 
4477 838 595 651 646 
4478 838 651 595 806 
4479 829 319 292 237 
4480 829 292 319 805 
4481 342 873 296 829 
4482 296 873 231 63 
4483 936 959 813 151 
4484 936 84 151 150 
4485 640 848 611 637 
4486 611 848 640 773 
4487 892 700 954 701 
4488 889 401 833 944 
4489 954 217 701 29 
4490 889 401 944 101 
4491 151 24 813 673 
4492 151 813 24 859 
4493 850 318 272 239 
4494 850 272 318 789 
4495 701 892 35 217 
4496 833 957 943 200 
4497 968 109 366 930 
4498 830 222 78 304 
4499 854 605 209 755 
4500 854 209 605 601 
4501 165 917 696 952 
4502 61 829 883 237 
4503 835 940 95 778 
4504 835 95 96 649 
4505 972 952 963 917 
4506 668 842 211 615 
4507 602 210 854 601 
4508 854 210 602 586 
4509 928 55 54 569 
4510 673 752 645 175 
4511 96 12 839 622 
4512 97 12 839 96 
4513 97 839 12 931 
4514 97 904 96 839 
4515 931 958 97 839 
4516 90 325 839 10 
4517 97 904 839 958 
4518 343 839 325 10 
4519 968 15 389 366 
4520 1 767 46 460 
4521 109 366 15 968 
4522 934 46 220 333 
4523 859 74 76 840 
4524 859 76 813 840 
4525 859 488 76 74 
4526 859 959 76 85 
4527 7 859 76 85 
4528 859 959 85 151 
4529 961 769 213 860 
4530 860 751 32 185 
4531 860 961 887 710 
4532 909 699 949 871 
4533 367 861 86 784 
4534 376 367 861 86 
4535 376 861 8 86 
4536 861 744 358 86 
4537 8 861 358 86 
4538 428 862 901 362 
4539 684 134 912 862 
4540 133 428 862 901 
4541 134 133 862 684 
4542 862 362 912 969 
4543 968 930 366 415 
4544 89 863 9 785 
4545 968 366 389 415 
4546 405 863 9 89 
4547 943 765 200 20 
4548 188 935 879 705 
4549 943 957 833 690 
4550 943 765 20 130 
4551 864 916 169 447 
4552 928 758 55 569 
4553 864 916 447 503 
4554 926 495 177 500 
4555 169 495 864 168 
4556 935 921 897 485 
4557 914 361 383 117 
4558 865 406 407 123 
4559 406 865 407 116 
4560 914 361 117 865 
4561 116 865 407 117 
4562 522 484 894 866 
4563 17 947 411 115 
4564 894 484 167 866 
4565 166 695 167 866 
4566 952 463 522 866 
4567 867 975 386 113 
4568 30 929 449 484 
4569 484 30 929 894 
4570 867 676 113 675 
4571 363 391 17 932 
4572 113 675 114 867 
4573 136 416 948 868 
4574 136 424 416 868 
4575 915 364 385 424 
4576 685 689 106 868 
4577 105 685 106 868 
4578 915 364 424 868 
4579 932 114 17 678 
4580 869 891 159 470 
4581 869 971 465 158 
4582 888 927 809 567 
4583 869 706 158 707 
4584 158 159 869 707 
4585 922 576 770 870 
4586 576 770 870 856 
4587 922 576 870 71 
4588 870 933 348 72 
4589 870 574 72 576 
4590 870 72 71 576 
4591 871 972 526 195 
4592 218 34 909 884 
4593 863 90 10 121 
4594 871 700 195 699 
4595 909 699 871 194 
4596 195 699 194 871 
4597 90 863 10 839 
4598 916 864 178 503 
4599 872 408 409 125 
4600 410 409 872 119 
4601 409 408 872 118 
4602 119 409 872 118 
4603 905 571 873 746 
4604 873 575 571 577 
4605 571 63 873 577 
4606 905 562 543 571 
4607 873 64 63 571 
4608 873 575 577 829 
4609 90 785 863 839 
4610 945 171 172 498 
4611 163 949 162 699 
4612 110 874 109 679 
4613 874 867 431 918 
4614 966 920 173 499 
4615 966 920 953 493 
4616 875 496 497 179 
4617 496 875 497 170 
4618 446 171 945 875 
4619 171 497 875 170 
4620 876 925 234 68 
4621 907 294 229 67 
4622 565 876 766 538 
4623 907 294 67 876 
4624 538 67 68 876 
4625 702 162 949 699 
4626 926 495 168 864 
4627 877 401 944 833 
4628 871 163 917 700 
4629 494 966 173 499 
4630 362 103 969 901 
4631 131 688 877 132 
4632 78 304 878 830 
4633 304 798 878 830 
4634 304 267 878 798 
4635 77 878 78 304 
4636 878 77 267 304 
4637 879 524 485 935 
4638 921 448 879 950 
4639 485 448 879 921 
4640 705 879 189 706 
4641 188 524 879 935 
4642 189 188 879 705 
4643 880 953 181 499 
4644 945 515 880 446 
4645 880 489 486 446 
4646 945 515 446 502 
4647 880 511 920 486 
4648 180 880 515 181 
4649 881 537 758 786 
4650 537 758 56 881 
4651 573 537 881 786 
4652 537 57 573 881 
4653 537 56 758 584 
4654 537 56 57 881 
4655 882 924 440 138 
4656 405 120 951 121 
4657 365 956 882 962 
4658 948 686 882 137 
4659 882 692 138 686 
4660 137 138 686 882 
4661 883 747 292 829 
4662 888 927 51 350 
4663 61 572 829 540 
4664 572 60 61 883 
4665 51 927 888 567 
4666 17 932 411 947 
4667 713 712 218 884 
4668 951 919 120 405 
4669 34 218 712 884 
4670 177 864 926 503 
4671 712 193 34 884 
4672 928 297 54 228 
4673 542 885 807 809 
4674 885 923 53 238 
4675 928 297 228 807 
4676 885 54 53 542 
4677 885 923 238 809 
4678 886 583 541 578 
4679 886 922 236 70 
4680 925 578 818 886 
4681 925 578 886 69 
4682 886 583 578 818 
4683 69 70 578 886 
4684 694 14 889 957 
4685 178 864 916 496 
4686 909 699 194 702 
4687 896 947 932 363 
4688 887 860 186 185 
4689 187 887 708 186 
4690 191 891 869 530 
4691 888 579 567 809 
4692 888 579 52 567 
4693 869 891 191 704 
4694 52 51 888 567 
4695 896 414 965 910 
4696 782 905 65 307 
4697 910 865 414 965 
4698 582 782 66 563 
4699 782 66 65 582 
4700 889 401 101 393 
4701 957 889 200 833 
4702 889 401 393 833 
4703 100 889 14 377 
4704 896 414 122 965 
4705 691 101 14 889 
4706 123 122 414 965 
4707 865 965 123 414 
4708 890 867 144 429 
4709 890 368 391 114 
4710 932 678 18 890 
4711 18 678 144 890 
4712 964 214 677 23 
4713 681 23 964 141 
4714 891 967 519 192 
4715 891 703 192 704 
4716 964 918 681 141 
4717 704 191 192 891 
4718 947 910 411 115 
4719 932 411 947 896 
4720 892 701 35 196 
4721 918 893 676 964 
4722 918 112 386 975 
4723 431 964 141 918 
4724 893 918 111 681 
4725 79 830 222 78 
4726 681 893 16 111 
4727 964 214 23 681 
4728 964 214 681 893 
4729 16 893 681 214 
4730 918 893 964 681 
4731 894 866 199 522 
4732 963 866 198 696 
4733 894 183 31 697 
4734 31 894 697 199 
4735 200 694 957 216 
4736 911 174 895 76 
4737 74 895 955 533 
4738 895 911 76 74 
4739 494 966 499 953 
4740 174 966 173 494 
4741 896 965 122 406 
4742 932 411 18 128 
4743 896 444 382 363 
4744 896 414 910 382 
4745 932 436 363 419 
4746 436 122 18 896 
4747 524 897 187 513 
4748 897 187 709 935 
4749 921 709 156 705 
4750 155 897 708 709 
4751 897 935 485 524 
4752 897 155 156 709 
4753 335 749 898 778 
4754 898 937 39 92 
4755 335 939 40 315 
4756 898 937 92 749 
4757 335 939 315 778 
4758 40 39 898 335 
4759 899 936 150 83 
4760 899 305 221 779 
4761 344 899 779 305 
4762 899 83 82 305 
4763 305 82 899 221 
4764 900 546 544 545 
4765 908 235 316 58 
4766 908 235 58 900 
4767 545 58 59 900 
4768 59 900 544 545 
4769 819 937 92 38 
4770 696 952 917 963 
4771 359 37 819 270 
4772 819 38 223 937 
4773 359 37 38 819 
4774 901 877 427 392 
4775 954 963 698 696 
4776 427 901 428 133 
4777 687 684 103 901 
4778 102 877 901 392 
4779 102 687 103 901 
4780 902 735 221 312 
4781 902 735 312 791 
4782 942 148 147 80 
4783 942 148 80 902 
4784 81 312 902 221 
4785 80 312 902 81 
4786 903 940 95 42 
4787 315 903 224 778 
4788 903 940 42 224 
4789 224 41 42 903 
4790 903 224 41 315 
4791 526 866 198 963 
4792 222 334 830 79 
4793 905 571 543 64 
4794 905 562 571 746 
4795 905 571 64 873 
4796 65 64 905 543 
4797 782 543 65 905 
4798 197 198 696 963 
4799 900 546 545 786 
4800 900 357 317 747 
4801 906 900 544 59 
4802 544 59 60 906 
4803 906 747 572 544 
4804 60 906 572 544 
4805 963 698 696 197 
4806 907 766 563 782 
4807 907 782 563 66 
4808 67 66 907 563 
4809 907 538 67 563 
4810 907 538 563 766 
4811 908 881 786 573 
4812 908 881 573 57 
4813 573 57 58 908 
4814 908 545 58 573 
4815 908 545 573 786 
4816 963 698 197 892 
4817 413 125 124 914 
4818 694 14 957 216 
4819 957 694 200 889 
4820 106 107 868 689 
4821 871 909 483 949 
4822 483 453 949 909 
4823 909 699 702 949 
4824 218 702 946 909 
4825 218 34 702 909 
4826 702 34 194 909 
4827 910 865 965 406 
4828 910 865 406 116 
4829 411 910 896 406 
4830 406 411 910 115 
4831 115 910 406 116 
4832 896 965 406 910 
4833 75 840 5 775 
4834 872 914 125 413 
4835 75 494 5 911 
4836 413 124 430 914 
4837 911 174 75 494 
4838 962 868 689 948 
4839 684 912 134 683 
4840 948 686 137 689 
4841 962 868 107 689 
4842 913 884 531 967 
4843 946 713 218 884 
4844 869 704 159 891 
4845 703 161 913 713 
4846 161 28 913 713 
4847 943 957 216 200 
4848 948 686 689 962 
4849 914 872 408 118 
4850 118 408 914 117 
4851 914 407 124 865 
4852 216 957 943 690 
4853 915 135 424 417 
4854 683 685 105 915 
4855 689 107 962 686 
4856 868 105 685 915 
4857 915 424 136 868 
4858 867 970 143 431 
4859 143 867 144 675 
4860 420 127 126 919 
4861 420 126 435 919 
4862 890 675 144 867 
4863 890 368 114 867 
4864 127 951 405 919 
4865 28 946 162 453 
4866 875 916 170 496 
4867 170 496 916 169 
4868 864 496 169 916 
4869 162 946 28 702 
4870 871 163 700 699 
4871 972 952 917 871 
4872 871 163 699 949 
4873 972 952 871 526 
4874 954 963 696 917 
4875 954 164 700 917 
4876 164 917 163 700 
4877 945 171 498 497 
4878 874 110 918 680 
4879 945 920 498 172 
4880 945 180 497 498 
4881 111 681 918 680 
4882 918 110 111 680 
4883 17 411 932 128 
4884 869 960 190 506 
4885 869 704 191 707 
4886 190 869 191 707 
4887 864 503 177 178 
4888 932 947 17 363 
4889 945 171 497 875 
4890 945 180 875 497 
4891 919 872 119 410 
4892 919 405 410 120 
4893 119 919 410 120 
4894 502 945 180 875 
4895 502 945 875 446 
4896 875 502 523 179 
4897 875 502 179 180 
4898 105 912 104 683 
4899 704 160 159 891 
4900 947 910 896 411 
4901 464 920 966 493 
4902 920 498 499 880 
4903 498 172 920 499 
4904 464 920 173 966 
4905 172 173 920 499 
4906 880 953 499 920 
4907 877 132 688 687 
4908 102 877 688 687 
4909 684 683 104 912 
4910 941 477 961 974 
4911 102 687 901 877 
4912 950 705 921 157 
4913 485 156 921 897 
4914 156 157 921 705 
4915 950 705 157 706 
4916 935 921 879 705 
4917 922 576 71 541 
4918 922 576 541 770 
4919 541 886 578 70 
4920 70 71 541 922 
4921 541 886 70 922 
4922 154 961 477 974 
4923 711 887 708 154 
4924 584 55 758 569 
4925 891 973 160 451 
4926 758 56 55 584 
4927 923 888 809 579 
4928 923 888 579 52 
4929 53 52 923 579 
4930 885 579 53 923 
4931 885 579 923 809 
4932 887 187 708 897 
4933 213 941 961 976 
4934 897 887 155 708 
4935 887 154 155 708 
4936 887 187 897 513 
4937 711 887 154 961 
4938 162 946 949 453 
4939 215 692 22 924 
4940 924 956 389 968 
4941 692 138 22 924 
4942 882 692 924 138 
4943 565 766 925 818 
4944 925 578 69 565 
4945 565 876 538 68 
4946 925 578 565 818 
4947 68 69 565 925 
4948 565 876 68 925 
4949 949 946 162 702 
4950 976 860 961 213 
4951 949 946 909 453 
4952 926 495 500 168 
4953 449 926 929 168 
4954 539 927 567 761 
4955 933 761 47 927 
4956 539 51 567 927 
4957 933 761 927 539 
4958 539 4 51 927 
4959 928 758 542 807 
4960 928 569 542 758 
4961 569 54 928 542 
4962 928 542 885 807 
4963 885 928 54 542 
4964 465 950 971 960 
4965 894 695 167 697 
4966 879 960 706 950 
4967 695 894 167 866 
4968 869 706 190 960 
4969 929 478 528 449 
4970 929 507 484 894 
4971 929 478 449 484 
4972 528 929 31 507 
4973 507 929 31 894 
4974 930 402 366 415 
4975 682 968 15 215 
4976 22 682 215 930 
4977 706 189 190 960 
4978 139 682 22 930 
4979 90 931 88 785 
4980 88 2 931 90 
4981 931 785 90 839 
4982 931 958 839 90 
4983 45 931 2 90 
4984 931 958 90 45 
4985 879 960 189 706 
4986 869 971 960 465 
4987 901 133 687 684 
4988 901 862 969 362 
4989 133 901 862 684 
4990 689 136 948 868 
4991 689 136 868 685 
4992 889 377 13 833 
4993 945 920 880 498 
4994 47 4 933 927 
4995 377 889 13 100 
4996 391 890 932 419 
4997 932 363 391 419 
4998 932 436 419 18 
4999 932 890 18 419 
5000 932 436 18 896 
5001 4 539 933 927 
5002 933 539 4 574 
5003 870 574 856 933 
5004 574 72 4 933 
5005 870 574 933 72 
5006 934 270 37 333 
5007 139 874 140 679 
5008 934 220 270 333 
5009 874 110 680 679 
5010 934 46 333 1 
5011 934 37 1 333 
5012 934 46 1 767 
5013 921 709 705 935 
5014 935 188 709 705 
5015 941 477 476 961 
5016 935 188 187 709 
5017 921 709 935 897 
5018 936 344 779 813 
5019 344 899 305 83 
5020 936 959 151 84 
5021 344 899 83 936 
5022 84 83 936 344 
5023 936 324 84 344 
5024 937 828 335 223 
5025 937 828 223 819 
5026 819 223 38 359 
5027 335 223 39 937 
5028 430 124 123 865 
5029 38 39 223 937 
5030 267 358 938 798 
5031 938 878 145 77 
5032 938 878 77 267 
5033 938 8 358 267 
5034 8 938 77 267 
5035 939 898 40 93 
5036 315 939 903 778 
5037 939 898 93 778 
5038 41 40 939 315 
5039 939 903 41 315 
5040 224 771 940 306 
5041 224 771 306 331 
5042 940 343 306 771 
5043 940 343 771 904 
5044 42 43 306 940 
5045 42 306 224 940 
5046 476 454 941 769 
5047 477 476 454 941 
5048 477 454 153 941 
5049 941 153 26 454 
5050 769 26 454 941 
5051 334 942 312 791 
5052 942 791 334 830 
5053 430 123 414 865 
5054 830 942 79 334 
5055 312 942 334 80 
5056 79 334 942 80 
5057 131 833 943 130 
5058 909 946 949 702 
5059 21 130 131 943 
5060 690 21 943 216 
5061 114 890 867 675 
5062 105 912 683 915 
5063 912 385 362 434 
5064 33 185 186 860 
5065 860 33 219 710 
5066 958 904 839 325 
5067 936 324 959 84 
5068 902 899 149 82 
5069 902 899 82 221 
5070 82 81 902 221 
5071 936 324 813 959 
5072 944 833 691 688 
5073 889 944 833 691 
5074 691 101 944 688 
5075 889 944 691 101 
5076 324 76 959 85 
5077 869 891 470 530 
$EndElements
