ISO-10303-21;
HEADER;
FILE_DESCRIPTION(('Open CASCADE Model'),'2;1');
FILE_NAME('Open CASCADE Shape Model','2026-10-02T01:34:07',('Author'),(
    'Open CASCADE'),'Open CASCADE STEP processor 7.9','Open CASCADE 7.9'
  ,'Unknown');
FILE_SCHEMA(('AUTOMOTIVE_DESIGN { 1 0 10303 214 1 1 1 1 }'));
ENDSEC;
DATA;
#1 = APPLICATION_PROTOCOL_DEFINITION('international standard',
  'automotive_design',2000,#2);
#2 = APPLICATION_CONTEXT(
  'core data for automotive mechanical design processes');
#3 = SHAPE_DEFINITION_REPRESENTATION(#4,#10);
#4 = PRODUCT_DEFINITION_SHAPE('','',#5);
#5 = PRODUCT_DEFINITION('design','',#6,#9);
#6 = PRODUCT_DEFINITION_FORMATION('','',#7);
#7 = PRODUCT('Open CASCADE STEP translator 7.9 3',
  'Open CASCADE STEP translator 7.9 3','',(#8));
#8 = PRODUCT_CONTEXT('',#2,'mechanical');
#9 = PRODUCT_DEFINITION_CONTEXT('part definition',#2,'design');
#10 = ADVANCED_BREP_SHAPE_REPRESENTATION('',(#11,#15),#2559);
#11 = AXIS2_PLACEMENT_3D('',#12,#13,#14);
#12 = CARTESIAN_POINT('',(0.,0.,0.));
#13 = DIRECTION('',(0.,0.,1.));
#14 = DIRECTION('',(1.,0.,-0.));
#15 = MANIFOLD_SOLID_BREP('',#16);
#16 = CLOSED_SHELL('',(#17,#545,#827,#1281,#1307,#1312,#1819,#2019,#2251
    ,#2304,#2337,#2479,#2486,#2555));
#17 = ADVANCED_FACE('',(#18),#34,.T.);
#18 = FACE_BOUND('',#19,.T.);
#19 = EDGE_LOOP('',(#20,#87,#275,#298,#325,#326,#514));
#20 = ORIENTED_EDGE('',*,*,#21,.T.);
#21 = EDGE_CURVE('',#22,#24,#26,.T.);
#22 = VERTEX_POINT('',#23);
#23 = CARTESIAN_POINT('',(19.874227541887,16.325853105222,14.145));
#24 = VERTEX_POINT('',#25);
#25 = CARTESIAN_POINT('',(19.870448321413,16.330452642412,
    13.997414813134));
#26 = SURFACE_CURVE('',#27,(#33,#47),.PCURVE_S1.);
#27 = B_SPLINE_CURVE_WITH_KNOTS('',4,(#28,#29,#30,#31,#32),
  .UNSPECIFIED.,.F.,.F.,(5,5),(0.,1.),.PIECEWISE_BEZIER_KNOTS.);
#28 = CARTESIAN_POINT('',(19.874227579288,16.325853059693,14.1450006));
#29 = CARTESIAN_POINT('',(19.871931886147,16.328647714757,
    14.108171518788));
#30 = CARTESIAN_POINT('',(19.870544727418,16.330335303262,
    14.071269831739));
#31 = CARTESIAN_POINT('',(19.870057064179,16.330928713518,
    14.034337559975));
#32 = CARTESIAN_POINT('',(19.870448321413,16.330452642412,
    13.997414813134));
#33 = PCURVE('',#34,#39);
#34 = CYLINDRICAL_SURFACE('',#35,25.72);
#35 = AXIS2_PLACEMENT_3D('',#36,#37,#38);
#36 = CARTESIAN_POINT('',(0.,0.,-14.145));
#37 = DIRECTION('',(0.,0.,1.));
#38 = DIRECTION('',(1.,0.,0.));
#39 = DEFINITIONAL_REPRESENTATION('',(#40),#46);
#40 = B_SPLINE_CURVE_WITH_KNOTS('',4,(#41,#42,#43,#44,#45),
  .UNSPECIFIED.,.F.,.F.,(5,5),(0.,1.),.PIECEWISE_BEZIER_KNOTS.);
#41 = CARTESIAN_POINT('',(0.687689122809,28.2900006));
#42 = CARTESIAN_POINT('',(0.68782973985,28.253171518788));
#43 = CARTESIAN_POINT('',(0.687914674855,28.216269831739));
#44 = CARTESIAN_POINT('',(0.687944538105,28.179337559975));
#45 = CARTESIAN_POINT('',(0.687920579355,28.142414813134));
#46 = ( GEOMETRIC_REPRESENTATION_CONTEXT(2) 
PARAMETRIC_REPRESENTATION_CONTEXT() REPRESENTATION_CONTEXT('2D SPACE',''
  ) );
#47 = PCURVE('',#48,#79);
#48 = B_SPLINE_SURFACE_WITH_KNOTS('',14,1,(
    (#49,#50)
    ,(#51,#52)
    ,(#53,#54)
    ,(#55,#56)
    ,(#57,#58)
    ,(#59,#60)
    ,(#61,#62)
    ,(#63,#64)
    ,(#65,#66)
    ,(#67,#68)
    ,(#69,#70)
    ,(#71,#72)
    ,(#73,#74)
    ,(#75,#76)
    ,(#77,#78
    )),.UNSPECIFIED.,.T.,.F.,.F.,(15,15),(2,2),(0.,6.28318530718),(0.,1.
    ),.PIECEWISE_BEZIER_KNOTS.);
#49 = CARTESIAN_POINT('',(3.394731914021E-16,17.65,18.004));
#50 = CARTESIAN_POINT('',(94.115835475432,11.4,-0.9730812498));
#51 = CARTESIAN_POINT('',(0.534468151713,17.650000000001,20.65466666319)
  );
#52 = CARTESIAN_POINT('',(94.230615069012,11.400000000001,0.176861981115
    ));
#53 = CARTESIAN_POINT('',(1.06893650071,13.821461524828,23.305334304803)
  );
#54 = CARTESIAN_POINT('',(94.345394704995,8.927176282325,1.326805636499)
  );
#55 = CARTESIAN_POINT('',(1.4681466541,6.164379680059,25.285196045478));
#56 = CARTESIAN_POINT('',(94.431126995946,3.981525685706,2.185732425924)
  );
#57 = CARTESIAN_POINT('',(1.596855471383,-4.17617735009,25.923520649426)
  );
#58 = CARTESIAN_POINT('',(94.458767830894,-2.697361007996,2.462657875501
    ));
#59 = CARTESIAN_POINT('',(1.36829985579,-14.9102904062,24.790011105267)
  );
#60 = CARTESIAN_POINT('',(94.409684417586,-9.630442528642,1.970905500352
    ));
#61 = CARTESIAN_POINT('',(0.792993067124,-23.10458603414,21.936807372169
    ));
#62 = CARTESIAN_POINT('',(94.286134532974,-14.92307539884,0.733095267517
    ));
#63 = CARTESIAN_POINT('',(1.553353767252E-11,-26.1895748263,
    18.003999999895));
#64 = CARTESIAN_POINT('',(94.115835474119,-16.91564606342,
    -0.973081249777));
#65 = CARTESIAN_POINT('',(-0.792993067153,-23.10458603414,
    14.071192628015));
#66 = CARTESIAN_POINT('',(93.945536420238,-14.92307539884,-2.67925776716
    ));
#67 = CARTESIAN_POINT('',(-1.368299855767,-14.91029040621,
    11.217988894609));
#68 = CARTESIAN_POINT('',(93.821986531597,-9.630442528637,
    -3.917067999919));
#69 = CARTESIAN_POINT('',(-1.596855471397,-4.176177350082,
    10.084479350638));
#70 = CARTESIAN_POINT('',(93.772903120923,-2.697361008,-4.408820375122)
  );
#71 = CARTESIAN_POINT('',(-1.468146654093,6.164379680055,10.722803954498
    ));
#72 = CARTESIAN_POINT('',(93.800543954496,3.981525685709,-4.131894925513
    ));
#73 = CARTESIAN_POINT('',(-1.068936500713,13.82146152483,12.702665695203
    ));
#74 = CARTESIAN_POINT('',(93.886276246006,8.927176282324,-3.272968136103
    ));
#75 = CARTESIAN_POINT('',(-0.534468151713,17.650000000001,
    15.353333336809));
#76 = CARTESIAN_POINT('',(94.001055881824,11.400000000001,
    -2.123024480714));
#77 = CARTESIAN_POINT('',(-5.487052392743E-16,17.65,18.004));
#78 = CARTESIAN_POINT('',(94.115835475432,11.4,-0.9730812498));
#79 = DEFINITIONAL_REPRESENTATION('',(#80),#86);
#80 = B_SPLINE_CURVE_WITH_KNOTS('',4,(#81,#82,#83,#84,#85),
  .UNSPECIFIED.,.F.,.F.,(5,5),(0.,1.),.PIECEWISE_BEZIER_KNOTS.);
#81 = CARTESIAN_POINT('',(2.746841027658E-02,0.21087775442));
#82 = CARTESIAN_POINT('',(2.056248032957E-02,0.21092626155));
#83 = CARTESIAN_POINT('',(1.367836547675E-02,0.210984203957));
#84 = CARTESIAN_POINT('',(6.822346627603E-03,0.211051405837));
#85 = CARTESIAN_POINT('',(0.,0.211127577214));
#86 = ( GEOMETRIC_REPRESENTATION_CONTEXT(2) 
PARAMETRIC_REPRESENTATION_CONTEXT() REPRESENTATION_CONTEXT('2D SPACE',''
  ) );
#87 = ORIENTED_EDGE('',*,*,#88,.T.);
#88 = EDGE_CURVE('',#24,#89,#91,.T.);
#89 = VERTEX_POINT('',#90);
#90 = CARTESIAN_POINT('',(25.72,-6.299583134814E-15,7.671781303485));
#91 = SURFACE_CURVE('',#92,(#151,#213),.PCURVE_S1.);
#92 = B_SPLINE_CURVE_WITH_KNOTS('',8,(#93,#94,#95,#96,#97,#98,#99,#100,
    #101,#102,#103,#104,#105,#106,#107,#108,#109,#110,#111,#112,#113,
    #114,#115,#116,#117,#118,#119,#120,#121,#122,#123,#124,#125,#126,
    #127,#128,#129,#130,#131,#132,#133,#134,#135,#136,#137,#138,#139,
    #140,#141,#142,#143,#144,#145,#146,#147,#148,#149,#150),
  .UNSPECIFIED.,.F.,.F.,(9,7,7,7,7,7,7,7,9),(0.,7.188284105002E-02,
    0.130628963212,0.190730784272,0.249457853229,0.362044052504,
    0.448189582731,0.564878875792,1.),.UNSPECIFIED.);
#93 = CARTESIAN_POINT('',(19.870448321413,16.330452642412,
    13.997414813134));
#94 = CARTESIAN_POINT('',(19.871862667175,16.328731705156,
    13.863943720614));
#95 = CARTESIAN_POINT('',(19.883120900592,16.315032518089,
    13.730664316797));
#96 = CARTESIAN_POINT('',(19.903651800777,16.290042496861,
    13.598558659761));
#97 = CARTESIAN_POINT('',(19.932518428806,16.254809148706,
    13.468327527626));
#98 = CARTESIAN_POINT('',(19.968678475492,16.210457771514,13.3404529583)
  );
#99 = CARTESIAN_POINT('',(20.011128039776,16.158054447008,
    13.215230605732));
#100 = CARTESIAN_POINT('',(20.058975607819,16.098540169267,
    13.092785553426));
#101 = CARTESIAN_POINT('',(20.154412749154,15.978823093825,
    12.875260349256));
#102 = CARTESIAN_POINT('',(20.200447684814,15.920738607193,
    12.779277119946));
#103 = CARTESIAN_POINT('',(20.249201058524,15.858815696576,
    12.685113142131));
#104 = CARTESIAN_POINT('',(20.300322126006,15.793409987171,
    12.59273783241));
#105 = CARTESIAN_POINT('',(20.353504379658,15.724829396851,
    12.502110668087));
#106 = CARTESIAN_POINT('',(20.408483891636,15.653336388941,
    12.413180009222));
#107 = CARTESIAN_POINT('',(20.465037770344,15.579148603623,
    12.325882494495));
#108 = CARTESIAN_POINT('',(20.582264900612,15.423956859555,
    12.152424895842));
#109 = CARTESIAN_POINT('',(20.642991231006,15.342850840452,
    12.06635503462));
#110 = CARTESIAN_POINT('',(20.704956976291,15.259315615752,
    11.981863060536));
#111 = CARTESIAN_POINT('',(20.76798418819,15.173519635462,
    11.898887220783));
#112 = CARTESIAN_POINT('',(20.831917918466,15.085608043392,
    11.817370952044));
#113 = CARTESIAN_POINT('',(20.896623298304,14.995705433641,
    11.737260417764));
#114 = CARTESIAN_POINT('',(20.961983494012,14.903917314679,
    11.658503007061));
#115 = CARTESIAN_POINT('',(21.092305861866,14.718883930778,
    11.505362295049));
#116 = CARTESIAN_POINT('',(21.157238853654,14.625725813875,
    11.430924741166));
#117 = CARTESIAN_POINT('',(21.222601749011,14.53094050433,
    11.357688626803));
#118 = CARTESIAN_POINT('',(21.288308843304,14.4346030463,11.285613479433
    ));
#119 = CARTESIAN_POINT('',(21.354283507303,14.33677972588,
    11.214662932455));
#120 = CARTESIAN_POINT('',(21.420457201849,14.237528842902,11.1448037968
    ));
#121 = CARTESIAN_POINT('',(21.486768492521,14.136901482735,
    11.076005132552));
#122 = CARTESIAN_POINT('',(21.680445786039,13.839475386519,
    10.878319030396));
#123 = CARTESIAN_POINT('',(21.808022598731,13.639127900249,
    10.752199193432));
#124 = CARTESIAN_POINT('',(21.935506209179,13.434210721943,
    10.629668818062));
#125 = CARTESIAN_POINT('',(22.06257018574,13.224982903642,
    10.510566698681));
#126 = CARTESIAN_POINT('',(22.188934795431,13.011663403836,10.3947627216
    ));
#127 = CARTESIAN_POINT('',(22.314357244129,12.794438662733,
    10.282146397235));
#128 = CARTESIAN_POINT('',(22.438625319883,12.573466005709,
    10.172620618562));
#129 = CARTESIAN_POINT('',(22.655613873271,12.177025042266,
    9.984596699652));
#130 = CARTESIAN_POINT('',(22.748885208767,12.003065182763,
    9.904855939367));
#131 = CARTESIAN_POINT('',(22.841282966242,11.827056000425,
    9.826842607261));
#132 = CARTESIAN_POINT('',(22.932727978249,11.649055965538,
    9.750526353472));
#133 = CARTESIAN_POINT('',(23.023146755539,11.469119715779,
    9.675881418721));
#134 = CARTESIAN_POINT('',(23.112470853143,11.287298457308,
    9.602885817023));
#135 = CARTESIAN_POINT('',(23.200636236446,11.103640365856,
    9.531520518393));
#136 = CARTESIAN_POINT('',(23.405356781189,10.666988670478,
    9.367285512774));
#137 = CARTESIAN_POINT('',(23.520893005529,10.412502391669,
    9.275763734944));
#138 = CARTESIAN_POINT('',(23.634041737065,10.154845792668,
    9.187162490097));
#139 = CARTESIAN_POINT('',(23.7446638203,9.894128781412,9.10145027114));
#140 = CARTESIAN_POINT('',(23.852629570346,9.630458198204,9.01860331346)
  );
#141 = CARTESIAN_POINT('',(23.957817815798,9.363938481432,8.93860403653)
  );
#142 = CARTESIAN_POINT('',(24.060114941606,9.094672333281,8.861439485515
    ));
#143 = CARTESIAN_POINT('',(24.529688591949,7.808836335395,8.509895425443
    ));
#144 = CARTESIAN_POINT('',(24.858352798885,6.757925797024,8.271913338794
    ));
#145 = CARTESIAN_POINT('',(25.139741387873,5.675527485872,8.072765191573
    ));
#146 = CARTESIAN_POINT('',(25.369450569059,4.567277000269,7.912800952577
    ));
#147 = CARTESIAN_POINT('',(25.544106961877,3.439130150681,7.792407463646
    ));
#148 = CARTESIAN_POINT('',(25.661375873937,2.29736110257,7.711986041835)
  );
#149 = CARTESIAN_POINT('',(25.72,1.148624125054,7.671781303657));
#150 = CARTESIAN_POINT('',(25.72,-4.788385871202E-15,7.671781303485));
#151 = PCURVE('',#34,#152);
#152 = DEFINITIONAL_REPRESENTATION('',(#153),#212);
#153 = B_SPLINE_CURVE_WITH_KNOTS('',8,(#154,#155,#156,#157,#158,#159,
    #160,#161,#162,#163,#164,#165,#166,#167,#168,#169,#170,#171,#172,
    #173,#174,#175,#176,#177,#178,#179,#180,#181,#182,#183,#184,#185,
    #186,#187,#188,#189,#190,#191,#192,#193,#194,#195,#196,#197,#198,
    #199,#200,#201,#202,#203,#204,#205,#206,#207,#208,#209,#210,#211),
  .UNSPECIFIED.,.F.,.F.,(9,7,7,7,7,7,7,7,9),(0.,7.188284105002E-02,
    0.130628963212,0.190730784272,0.249457853229,0.362044052504,
    0.448189582731,0.564878875792,1.),.UNSPECIFIED.);
#154 = CARTESIAN_POINT('',(0.687920579355,28.142414813134));
#155 = CARTESIAN_POINT('',(0.687833971483,28.008943720614));
#156 = CARTESIAN_POINT('',(0.687144556126,27.875664316797));
#157 = CARTESIAN_POINT('',(0.685887082099,27.743558659761));
#158 = CARTESIAN_POINT('',(0.684116145885,27.613327527626));
#159 = CARTESIAN_POINT('',(0.681891274334,27.4854529583));
#160 = CARTESIAN_POINT('',(0.679269240616,27.360230605732));
#161 = CARTESIAN_POINT('',(0.676300245371,27.237785553426));
#162 = CARTESIAN_POINT('',(0.67034757565,27.020260349256));
#163 = CARTESIAN_POINT('',(0.667465980295,26.924277119946));
#164 = CARTESIAN_POINT('',(0.664401775619,26.830113142131));
#165 = CARTESIAN_POINT('',(0.661174225548,26.73773783241));
#166 = CARTESIAN_POINT('',(0.657800052241,26.647110668087));
#167 = CARTESIAN_POINT('',(0.654293545463,26.558180009222));
#168 = CARTESIAN_POINT('',(0.650666620383,26.470882494495));
#169 = CARTESIAN_POINT('',(0.643104769062,26.297424895842));
#170 = CARTESIAN_POINT('',(0.639165432524,26.21135503462));
#171 = CARTESIAN_POINT('',(0.635121601798,26.126863060536));
#172 = CARTESIAN_POINT('',(0.630982566118,26.043887220783));
#173 = CARTESIAN_POINT('',(0.626756333505,25.962370952044));
#174 = CARTESIAN_POINT('',(0.622449786866,25.882260417764));
#175 = CARTESIAN_POINT('',(0.618068778948,25.803503007061));
#176 = CARTESIAN_POINT('',(0.609269355479,25.650362295049));
#177 = CARTESIAN_POINT('',(0.604854363496,25.575924741166));
#178 = CARTESIAN_POINT('',(0.600377897071,25.502688626803));
#179 = CARTESIAN_POINT('',(0.595844119283,25.430613479433));
#180 = CARTESIAN_POINT('',(0.591256697357,25.359662932455));
#181 = CARTESIAN_POINT('',(0.586618850564,25.2898037968));
#182 = CARTESIAN_POINT('',(0.581933398126,25.221005132552));
#183 = CARTESIAN_POINT('',(0.568133747971,25.023319030396));
#184 = CARTESIAN_POINT('',(0.558899454502,24.897199193432));
#185 = CARTESIAN_POINT('',(0.549517115048,24.774668818062));
#186 = CARTESIAN_POINT('',(0.540000785054,24.655566698681));
#187 = CARTESIAN_POINT('',(0.530362080355,24.5397627216));
#188 = CARTESIAN_POINT('',(0.520610653666,24.427146397235));
#189 = CARTESIAN_POINT('',(0.510754454265,24.317620618562));
#190 = CARTESIAN_POINT('',(0.493182927245,24.129596699652));
#191 = CARTESIAN_POINT('',(0.485508763385,24.049855939367));
#192 = CARTESIAN_POINT('',(0.477780339668,23.971842607261));
#193 = CARTESIAN_POINT('',(0.470000412603,23.895526353472));
#194 = CARTESIAN_POINT('',(0.462171463644,23.820881418721));
#195 = CARTESIAN_POINT('',(0.454295727967,23.747885817023));
#196 = CARTESIAN_POINT('',(0.446375223259,23.676520518393));
#197 = CARTESIAN_POINT('',(0.427624814425,23.512285512774));
#198 = CARTESIAN_POINT('',(0.41675918079,23.420763734944));
#199 = CARTESIAN_POINT('',(0.405819433176,23.332162490097));
#200 = CARTESIAN_POINT('',(0.394809708615,23.24645027114));
#201 = CARTESIAN_POINT('',(0.383733776096,23.16360331346));
#202 = CARTESIAN_POINT('',(0.372595087077,23.08360403653));
#203 = CARTESIAN_POINT('',(0.361396825991,23.006439485515));
#204 = CARTESIAN_POINT('',(0.308173846266,22.654895425443));
#205 = CARTESIAN_POINT('',(0.265409943921,22.416913338794));
#206 = CARTESIAN_POINT('',(0.222013950576,22.217765191573));
#207 = CARTESIAN_POINT('',(0.178119856054,22.057800952577));
#208 = CARTESIAN_POINT('',(0.133849963366,21.937407463646));
#209 = CARTESIAN_POINT('',(8.932197028125E-02,21.856986041835));
#210 = CARTESIAN_POINT('',(4.465879179835E-02,21.816781303657));
#211 = CARTESIAN_POINT('',(0.,21.816781303485));
#212 = ( GEOMETRIC_REPRESENTATION_CONTEXT(2) 
PARAMETRIC_REPRESENTATION_CONTEXT() REPRESENTATION_CONTEXT('2D SPACE',''
  ) );
#213 = PCURVE('',#48,#214);
#214 = DEFINITIONAL_REPRESENTATION('',(#215),#274);
#215 = B_SPLINE_CURVE_WITH_KNOTS('',8,(#216,#217,#218,#219,#220,#221,
    #222,#223,#224,#225,#226,#227,#228,#229,#230,#231,#232,#233,#234,
    #235,#236,#237,#238,#239,#240,#241,#242,#243,#244,#245,#246,#247,
    #248,#249,#250,#251,#252,#253,#254,#255,#256,#257,#258,#259,#260,
    #261,#262,#263,#264,#265,#266,#267,#268,#269,#270,#271,#272,#273),
  .UNSPECIFIED.,.F.,.F.,(9,7,7,7,7,7,7,7,9),(0.,7.188284105002E-02,
    0.130628963212,0.190730784272,0.249457853229,0.362044052504,
    0.448189582731,0.564878875792,1.),.UNSPECIFIED.);
#216 = CARTESIAN_POINT('',(6.28318530718,0.211127577214));
#217 = CARTESIAN_POINT('',(6.258523380973,0.211402927175));
#218 = CARTESIAN_POINT('',(6.234254341933,0.211778569141));
#219 = CARTESIAN_POINT('',(6.210509623029,0.212246710671));
#220 = CARTESIAN_POINT('',(6.187359406312,0.212796373437));
#221 = CARTESIAN_POINT('',(6.164836465412,0.213415937146));
#222 = CARTESIAN_POINT('',(6.14294666555,0.214094545924));
#223 = CARTESIAN_POINT('',(6.121672363761,0.214822831364));
#224 = CARTESIAN_POINT('',(6.084060029578,0.216223157504));
#225 = CARTESIAN_POINT('',(6.067531865255,0.216881098603));
#226 = CARTESIAN_POINT('',(6.051368546273,0.217563213918));
#227 = CARTESIAN_POINT('',(6.035549484829,0.218265975568));
#228 = CARTESIAN_POINT('',(6.020054683244,0.218986328486));
#229 = CARTESIAN_POINT('',(6.004864142971,0.219721675403));
#230 = CARTESIAN_POINT('',(5.989957417422,0.220469861932));
#231 = CARTESIAN_POINT('',(5.960331254068,0.222005984123));
#232 = CARTESIAN_POINT('',(5.945627060511,0.222794283279));
#233 = CARTESIAN_POINT('',(5.931179752045,0.22359210441));
#234 = CARTESIAN_POINT('',(5.916971184105,0.224397750244));
#235 = CARTESIAN_POINT('',(5.902985169084,0.225209748778));
#236 = CARTESIAN_POINT('',(5.889206821193,0.226026828118));
#237 = CARTESIAN_POINT('',(5.875622120559,0.226847898419));
#238 = CARTESIAN_POINT('',(5.849119881583,0.228477332233));
#239 = CARTESIAN_POINT('',(5.836194980297,0.229285506107));
#240 = CARTESIAN_POINT('',(5.823431044003,0.230095674145));
#241 = CARTESIAN_POINT('',(5.810817453745,0.230907041029));
#242 = CARTESIAN_POINT('',(5.798344690291,0.231718896248));
#243 = CARTESIAN_POINT('',(5.786004104121,0.232530605812));
#244 = CARTESIAN_POINT('',(5.773787685413,0.233341603965));
#245 = CARTESIAN_POINT('',(5.73849109861,0.23570382332));
#246 = CARTESIAN_POINT('',(5.715724530669,0.237251673984));
#247 = CARTESIAN_POINT('',(5.693334677589,0.238791408943));
#248 = CARTESIAN_POINT('',(5.671279080565,0.240320019069));
#249 = CARTESIAN_POINT('',(5.649522602972,0.241834911911));
#250 = CARTESIAN_POINT('',(5.628034828563,0.243333834167));
#251 = CARTESIAN_POINT('',(5.606788529509,0.244814818783));
#252 = CARTESIAN_POINT('',(5.569668578724,0.247394301945));
#253 = CARTESIAN_POINT('',(5.553705655169,0.248500895441));
#254 = CARTESIAN_POINT('',(5.537859922646,0.24959513878));
#255 = CARTESIAN_POINT('',(5.522122066689,0.250676287521));
#256 = CARTESIAN_POINT('',(5.506483788325,0.251743646264));
#257 = CARTESIAN_POINT('',(5.490937623086,0.252796563756));
#258 = CARTESIAN_POINT('',(5.475476760011,0.253834427995));
#259 = CARTESIAN_POINT('',(5.439259154424,0.256241337781));
#260 = CARTESIAN_POINT('',(5.418568555037,0.257597318953));
#261 = CARTESIAN_POINT('',(5.398007562856,0.258923168769));
#262 = CARTESIAN_POINT('',(5.37756273932,0.260217539422));
#263 = CARTESIAN_POINT('',(5.357222382537,0.261479164604));
#264 = CARTESIAN_POINT('',(5.336976202871,0.262706852721));
#265 = CARTESIAN_POINT('',(5.316814998524,0.26389948011));
#266 = CARTESIAN_POINT('',(5.221836886932,0.269368456877));
#267 = CARTESIAN_POINT('',(5.147992431496,0.27317954809));
#268 = CARTESIAN_POINT('',(5.074784316808,0.276432737545));
#269 = CARTESIAN_POINT('',(5.001991798705,0.279082899938));
#270 = CARTESIAN_POINT('',(4.929451625889,0.281095273218));
#271 = CARTESIAN_POINT('',(4.857054601599,0.282445548542));
#272 = CARTESIAN_POINT('',(4.784718213366,0.283120569299));
#273 = CARTESIAN_POINT('',(4.712388980455,0.283120569299));
#274 = ( GEOMETRIC_REPRESENTATION_CONTEXT(2) 
PARAMETRIC_REPRESENTATION_CONTEXT() REPRESENTATION_CONTEXT('2D SPACE',''
  ) );
#275 = ORIENTED_EDGE('',*,*,#276,.F.);
#276 = EDGE_CURVE('',#277,#89,#279,.T.);
#277 = VERTEX_POINT('',#278);
#278 = CARTESIAN_POINT('',(25.72,-6.299583134814E-15,-14.145));
#279 = SEAM_CURVE('',#280,(#284,#291),.PCURVE_S1.);
#280 = LINE('',#281,#282);
#281 = CARTESIAN_POINT('',(25.72,-6.299583134814E-15,-14.145));
#282 = VECTOR('',#283,1.);
#283 = DIRECTION('',(0.,0.,1.));
#284 = PCURVE('',#34,#285);
#285 = DEFINITIONAL_REPRESENTATION('',(#286),#290);
#286 = LINE('',#287,#288);
#287 = CARTESIAN_POINT('',(0.,-0.));
#288 = VECTOR('',#289,1.);
#289 = DIRECTION('',(0.,1.));
#290 = ( GEOMETRIC_REPRESENTATION_CONTEXT(2) 
PARAMETRIC_REPRESENTATION_CONTEXT() REPRESENTATION_CONTEXT('2D SPACE',''
  ) );
#291 = PCURVE('',#34,#292);
#292 = DEFINITIONAL_REPRESENTATION('',(#293),#297);
#293 = LINE('',#294,#295);
#294 = CARTESIAN_POINT('',(6.28318530718,-0.));
#295 = VECTOR('',#296,1.);
#296 = DIRECTION('',(0.,1.));
#297 = ( GEOMETRIC_REPRESENTATION_CONTEXT(2) 
PARAMETRIC_REPRESENTATION_CONTEXT() REPRESENTATION_CONTEXT('2D SPACE',''
  ) );
#298 = ORIENTED_EDGE('',*,*,#299,.T.);
#299 = EDGE_CURVE('',#277,#277,#300,.T.);
#300 = SURFACE_CURVE('',#301,(#306,#313),.PCURVE_S1.);
#301 = CIRCLE('',#302,25.72);
#302 = AXIS2_PLACEMENT_3D('',#303,#304,#305);
#303 = CARTESIAN_POINT('',(0.,0.,-14.145));
#304 = DIRECTION('',(0.,0.,1.));
#305 = DIRECTION('',(1.,0.,0.));
#306 = PCURVE('',#34,#307);
#307 = DEFINITIONAL_REPRESENTATION('',(#308),#312);
#308 = LINE('',#309,#310);
#309 = CARTESIAN_POINT('',(0.,0.));
#310 = VECTOR('',#311,1.);
#311 = DIRECTION('',(1.,0.));
#312 = ( GEOMETRIC_REPRESENTATION_CONTEXT(2) 
PARAMETRIC_REPRESENTATION_CONTEXT() REPRESENTATION_CONTEXT('2D SPACE',''
  ) );
#313 = PCURVE('',#314,#319);
#314 = PLANE('',#315);
#315 = AXIS2_PLACEMENT_3D('',#316,#317,#318);
#316 = CARTESIAN_POINT('',(0.,0.,-14.145));
#317 = DIRECTION('',(0.,0.,1.));
#318 = DIRECTION('',(1.,0.,0.));
#319 = DEFINITIONAL_REPRESENTATION('',(#320),#324);
#320 = CIRCLE('',#321,25.72);
#321 = AXIS2_PLACEMENT_2D('',#322,#323);
#322 = CARTESIAN_POINT('',(0.,0.));
#323 = DIRECTION('',(1.,0.));
#324 = ( GEOMETRIC_REPRESENTATION_CONTEXT(2) 
PARAMETRIC_REPRESENTATION_CONTEXT() REPRESENTATION_CONTEXT('2D SPACE',''
  ) );
#325 = ORIENTED_EDGE('',*,*,#276,.T.);
#326 = ORIENTED_EDGE('',*,*,#327,.T.);
#327 = EDGE_CURVE('',#89,#328,#330,.T.);
#328 = VERTEX_POINT('',#329);
#329 = CARTESIAN_POINT('',(19.874227544358,-16.32585310221,14.145));
#330 = SURFACE_CURVE('',#331,(#390,#452),.PCURVE_S1.);
#331 = B_SPLINE_CURVE_WITH_KNOTS('',8,(#332,#333,#334,#335,#336,#337,
    #338,#339,#340,#341,#342,#343,#344,#345,#346,#347,#348,#349,#350,
    #351,#352,#353,#354,#355,#356,#357,#358,#359,#360,#361,#362,#363,
    #364,#365,#366,#367,#368,#369,#370,#371,#372,#373,#374,#375,#376,
    #377,#378,#379,#380,#381,#382,#383,#384,#385,#386,#387,#388,#389),
  .UNSPECIFIED.,.F.,.F.,(9,7,7,7,7,7,7,7,9),(0.,0.429170230791,
    0.562133844822,0.654929176585,0.767802594494,0.827332311261,
    0.883995690122,0.946612139513,1.),.UNSPECIFIED.);
#332 = CARTESIAN_POINT('',(25.72,-3.552713678801E-15,7.671781303485));
#333 = CARTESIAN_POINT('',(25.72,-1.144193721423,7.671781303314));
#334 = CARTESIAN_POINT('',(25.661827241699,-2.288500283661,
    7.711676480208));
#335 = CARTESIAN_POINT('',(25.545461172062,-3.425920722418,
    7.791478804377));
#336 = CARTESIAN_POINT('',(25.37213944824,-4.549875463838,7.910947427291
    ));
#337 = CARTESIAN_POINT('',(25.144161789926,-5.654158727423,
    8.069687170952));
#338 = CARTESIAN_POINT('',(24.864850986743,-6.732878949065,
    8.267314897331));
#339 = CARTESIAN_POINT('',(24.538545194772,-7.780459495622,
    8.503483935189));
#340 = CARTESIAN_POINT('',(24.056893874071,-9.104688142957,
    8.863787469422));
#341 = CARTESIAN_POINT('',(23.938984769264,-9.414420550073,
    8.952751365927));
#342 = CARTESIAN_POINT('',(23.817254983051,-9.720507387596,
    9.045469413431));
#343 = CARTESIAN_POINT('',(23.691878503933,-10.02279224086,
    9.141962511457));
#344 = CARTESIAN_POINT('',(23.563042678594,-10.32111523349,
    9.242259345068));
#345 = CARTESIAN_POINT('',(23.430949947335,-10.61531199727,
    9.346398975599));
#346 = CARTESIAN_POINT('',(23.295820304416,-10.90521189684,
    9.454434943409));
#347 = CARTESIAN_POINT('',(23.061636026263,-11.3898327031,9.644609849153
    ));
#348 = CARTESIAN_POINT('',(22.96401698305,-11.586846839,9.724711201795)
  );
#349 = CARTESIAN_POINT('',(22.86511919618,-11.78161738492,9.806770575833
    ));
#350 = CARTESIAN_POINT('',(22.765030482113,-11.97407916065,
    9.890816705852));
#351 = CARTESIAN_POINT('',(22.663845846629,-12.16416156102,
    9.976882933655));
#352 = CARTESIAN_POINT('',(22.561668700206,-12.35178777926,
    10.065008716142));
#353 = CARTESIAN_POINT('',(22.458612073402,-12.53687403029,
    10.155241133196));
#354 = CARTESIAN_POINT('',(22.228525780941,-12.94126117237,
    10.360023181253));
#355 = CARTESIAN_POINT('',(22.101145038969,-13.15928044838,
    10.475600643824));
#356 = CARTESIAN_POINT('',(21.972870907041,-13.37324046312,
    10.594477700192));
#357 = CARTESIAN_POINT('',(21.843954809776,-13.58295180746,
    10.716778056288));
#358 = CARTESIAN_POINT('',(21.714689918851,-13.78818369753,
    10.842640772305));
#359 = CARTESIAN_POINT('',(21.585420241673,-13.98865905713,
    10.972228748345));
#360 = CARTESIAN_POINT('',(21.456555175553,-14.18404278705,
    11.105745130471));
#361 = CARTESIAN_POINT('',(21.261100131428,-14.47406662695,
    11.316087550126));
#362 = CARTESIAN_POINT('',(21.193865078326,-14.57267309322,
    11.389880028039));
#363 = CARTESIAN_POINT('',(21.126957518556,-14.66968173129,
    11.464874502909));
#364 = CARTESIAN_POINT('',(21.060460081033,-14.76502146197,
    11.541111479609));
#365 = CARTESIAN_POINT('',(20.994466475821,-14.85860971001,
    11.618633939945));
#366 = CARTESIAN_POINT('',(20.929083096863,-14.95035109838,
    11.697488746714));
#367 = CARTESIAN_POINT('',(20.864430624713,-15.04013614264,
    11.777728047776));
#368 = CARTESIAN_POINT('',(20.739931862107,-15.211320836,11.937160318343
    ));
#369 = CARTESIAN_POINT('',(20.680009694426,-15.29290831718,
    12.01621073306));
#370 = CARTESIAN_POINT('',(20.620993725764,-15.37249932351,
    12.096616719639));
#371 = CARTESIAN_POINT('',(20.563019207617,-15.44996740575,
    12.178431465722));
#372 = CARTESIAN_POINT('',(20.506243230875,-15.52516269798,
    12.261706978018));
#373 = CARTESIAN_POINT('',(20.450846746718,-15.59791047667,
    12.34649538878));
#374 = CARTESIAN_POINT('',(20.397037420975,-15.66800831145,
    12.432851141937));
#375 = CARTESIAN_POINT('',(20.287607758814,-15.80949677211,
    12.618060485881));
#376 = CARTESIAN_POINT('',(20.232411051356,-15.88022361872,
    12.717239913551));
#377 = CARTESIAN_POINT('',(20.179767646221,-15.9471088453,
    12.818476206381));
#378 = CARTESIAN_POINT('',(20.13005764419,-16.00977000902,
    12.921834173494));
#379 = CARTESIAN_POINT('',(20.08373838426,-16.06773920551,
    13.027338627984));
#380 = CARTESIAN_POINT('',(20.041339373011,-16.12046969486,
    13.134971401998));
#381 = CARTESIAN_POINT('',(20.003450559241,-16.16734567417,
    13.244666317595));
#382 = CARTESIAN_POINT('',(19.942783635547,-16.24209789268,
    13.451484710709));
#383 = CARTESIAN_POINT('',(19.918601483315,-16.27175626208,
    13.548077585206));
#384 = CARTESIAN_POINT('',(19.898565796802,-16.29623250459,
    13.64594774776));
#385 = CARTESIAN_POINT('',(19.883101575425,-16.31506796061,
    13.744896674287));
#386 = CARTESIAN_POINT('',(19.872624921703,-16.32780588633,
    13.844657309092));
#387 = CARTESIAN_POINT('',(19.867503772207,-16.33403133596,
    13.944889375282));
#388 = CARTESIAN_POINT('',(19.868004956174,-16.33342815102,
    14.045172992216));
#389 = CARTESIAN_POINT('',(19.874227581758,-16.32585305668,14.1450006));
#390 = PCURVE('',#34,#391);
#391 = DEFINITIONAL_REPRESENTATION('',(#392),#451);
#392 = B_SPLINE_CURVE_WITH_KNOTS('',8,(#393,#394,#395,#396,#397,#398,
    #399,#400,#401,#402,#403,#404,#405,#406,#407,#408,#409,#410,#411,
    #412,#413,#414,#415,#416,#417,#418,#419,#420,#421,#422,#423,#424,
    #425,#426,#427,#428,#429,#430,#431,#432,#433,#434,#435,#436,#437,
    #438,#439,#440,#441,#442,#443,#444,#445,#446,#447,#448,#449,#450),
  .UNSPECIFIED.,.F.,.F.,(9,7,7,7,7,7,7,7,9),(0.,0.429170230791,
    0.562133844822,0.654929176585,0.767802594494,0.827332311261,
    0.883995690122,0.946612139513,1.),.UNSPECIFIED.);
#393 = CARTESIAN_POINT('',(6.28318530718,21.816781303485));
#394 = CARTESIAN_POINT('',(6.238698770577,21.816781303314));
#395 = CARTESIAN_POINT('',(6.194207847688,21.856676480208));
#396 = CARTESIAN_POINT('',(6.149850494373,21.936478804377));
#397 = CARTESIAN_POINT('',(6.105748285273,22.055947427291));
#398 = CARTESIAN_POINT('',(6.062017641534,22.214687170952));
#399 = CARTESIAN_POINT('',(6.018779431081,22.412314897332));
#400 = CARTESIAN_POINT('',(5.976165972956,22.648483935189));
#401 = CARTESIAN_POINT('',(5.921379721957,23.008787469422));
#402 = CARTESIAN_POINT('',(5.908495605654,23.097751365927));
#403 = CARTESIAN_POINT('',(5.895690600132,23.190469413431));
#404 = CARTESIAN_POINT('',(5.882969577699,23.286962511457));
#405 = CARTESIAN_POINT('',(5.870337896162,23.387259345068));
#406 = CARTESIAN_POINT('',(5.857801485058,23.491398975599));
#407 = CARTESIAN_POINT('',(5.845366974033,23.599434943409));
#408 = CARTESIAN_POINT('',(5.82444016626,23.789609849153));
#409 = CARTESIAN_POINT('',(5.815891875006,23.869711201795));
#410 = CARTESIAN_POINT('',(5.807399524548,23.951770575833));
#411 = CARTESIAN_POINT('',(5.798965962109,24.035816705852));
#412 = CARTESIAN_POINT('',(5.790594402105,24.121882933655));
#413 = CARTESIAN_POINT('',(5.782288481074,24.210008716142));
#414 = CARTESIAN_POINT('',(5.774052312589,24.300241133196));
#415 = CARTESIAN_POINT('',(5.755962813013,24.505023181253));
#416 = CARTESIAN_POINT('',(5.746146041834,24.620600643824));
#417 = CARTESIAN_POINT('',(5.736447777061,24.739477700192));
#418 = CARTESIAN_POINT('',(5.726877903063,24.861778056288));
#419 = CARTESIAN_POINT('',(5.717448662222,24.987640772305));
#420 = CARTESIAN_POINT('',(5.708175027048,25.117228748345));
#421 = CARTESIAN_POINT('',(5.699075422327,25.250745130471));
#422 = CARTESIAN_POINT('',(5.685477531124,25.461087550126));
#423 = CARTESIAN_POINT('',(5.68083734513,25.534880028039));
#424 = CARTESIAN_POINT('',(5.676255634643,25.609874502909));
#425 = CARTESIAN_POINT('',(5.671736344303,25.686111479609));
#426 = CARTESIAN_POINT('',(5.667284047477,25.763633939945));
#427 = CARTESIAN_POINT('',(5.662904025638,25.842488746714));
#428 = CARTESIAN_POINT('',(5.658602347754,25.922728047776));
#429 = CARTESIAN_POINT('',(5.65037256987,26.082160318343));
#430 = CARTESIAN_POINT('',(5.64643682861,26.16121073306));
#431 = CARTESIAN_POINT('',(5.642584488948,26.241616719639));
#432 = CARTESIAN_POINT('',(5.63882253723,26.323431465722));
#433 = CARTESIAN_POINT('',(5.635159213436,26.406706978018));
#434 = CARTESIAN_POINT('',(5.631604104902,26.49149538878));
#435 = CARTESIAN_POINT('',(5.628168303453,26.577851141937));
#436 = CARTESIAN_POINT('',(5.621213863058,26.763060485881));
#437 = CARTESIAN_POINT('',(5.617725715155,26.862239913551));
#438 = CARTESIAN_POINT('',(5.614416377283,26.963476206381));
#439 = CARTESIAN_POINT('',(5.611306604956,27.066834173494));
#440 = CARTESIAN_POINT('',(5.608421650731,27.172338627984));
#441 = CARTESIAN_POINT('',(5.605790940309,27.279971401998));
#442 = CARTESIAN_POINT('',(5.603447488133,27.389666317595));
#443 = CARTESIAN_POINT('',(5.599704394315,27.596484710709));
#444 = CARTESIAN_POINT('',(5.598216551558,27.693077585206));
#445 = CARTESIAN_POINT('',(5.596986736169,27.79094774776));
#446 = CARTESIAN_POINT('',(5.596039209758,27.889896674287));
#447 = CARTESIAN_POINT('',(5.595397962509,27.989657309092));
#448 = CARTESIAN_POINT('',(5.59508454214,28.089889375282));
#449 = CARTESIAN_POINT('',(5.595115032887,28.190172992216));
#450 = CARTESIAN_POINT('',(5.595496184521,28.2900006));
#451 = ( GEOMETRIC_REPRESENTATION_CONTEXT(2) 
PARAMETRIC_REPRESENTATION_CONTEXT() REPRESENTATION_CONTEXT('2D SPACE',''
  ) );
#452 = PCURVE('',#48,#453);
#453 = DEFINITIONAL_REPRESENTATION('',(#454),#513);
#454 = B_SPLINE_CURVE_WITH_KNOTS('',8,(#455,#456,#457,#458,#459,#460,
    #461,#462,#463,#464,#465,#466,#467,#468,#469,#470,#471,#472,#473,
    #474,#475,#476,#477,#478,#479,#480,#481,#482,#483,#484,#485,#486,
    #487,#488,#489,#490,#491,#492,#493,#494,#495,#496,#497,#498,#499,
    #500,#501,#502,#503,#504,#505,#506,#507,#508,#509,#510,#511,#512),
  .UNSPECIFIED.,.F.,.F.,(9,7,7,7,7,7,7,7,9),(0.,0.429170230791,
    0.562133844822,0.654929176585,0.767802594494,0.827332311261,
    0.883995690122,0.946612139513,1.),.UNSPECIFIED.);
#455 = CARTESIAN_POINT('',(4.712388980455,0.283120569299));
#456 = CARTESIAN_POINT('',(4.640338731494,0.2831205693));
#457 = CARTESIAN_POINT('',(4.568281330087,0.282450745786));
#458 = CARTESIAN_POINT('',(4.496163887252,0.281110865989));
#459 = CARTESIAN_POINT('',(4.423905011155,0.279113881001));
#460 = CARTESIAN_POINT('',(4.351396954246,0.276483735352));
#461 = CARTESIAN_POINT('',(4.278479095006,0.273254673769));
#462 = CARTESIAN_POINT('',(4.20493412895,0.269471152265));
#463 = CARTESIAN_POINT('',(4.107252996352,0.26386209711));
#464 = CARTESIAN_POINT('',(4.08404774709,0.262487410084));
#465 = CARTESIAN_POINT('',(4.060729427763,0.261066372963));
#466 = CARTESIAN_POINT('',(4.037283764196,0.259600704493));
#467 = CARTESIAN_POINT('',(4.01369464783,0.258092244277));
#468 = CARTESIAN_POINT('',(3.989943579662,0.256542965545));
#469 = CARTESIAN_POINT('',(3.966008821571,0.254954992375));
#470 = CARTESIAN_POINT('',(3.925013757432,0.252196972547));
#471 = CARTESIAN_POINT('',(3.908061336276,0.251045611641));
#472 = CARTESIAN_POINT('',(3.890997975012,0.249877318279));
#473 = CARTESIAN_POINT('',(3.873813972851,0.248692926995));
#474 = CARTESIAN_POINT('',(3.856498607328,0.247493336731));
#475 = CARTESIAN_POINT('',(3.839039796856,0.246279520336));
#476 = CARTESIAN_POINT('',(3.821423763274,0.245052534066));
#477 = CARTESIAN_POINT('',(3.781996612324,0.242306436681));
#478 = CARTESIAN_POINT('',(3.760104313347,0.240781694328));
#479 = CARTESIAN_POINT('',(3.73792775181,0.239241254948));
#480 = CARTESIAN_POINT('',(3.715433527318,0.237687433907));
#481 = CARTESIAN_POINT('',(3.69258439889,0.236122943047));
#482 = CARTESIAN_POINT('',(3.669337155971,0.234550967202));
#483 = CARTESIAN_POINT('',(3.645638846302,0.232975281197));
#484 = CARTESIAN_POINT('',(3.608648999456,0.230569814973));
#485 = CARTESIAN_POINT('',(3.595733039757,0.229739500033));
#486 = CARTESIAN_POINT('',(3.582663424395,0.228910131369));
#487 = CARTESIAN_POINT('',(3.569429632148,0.228082472624));
#488 = CARTESIAN_POINT('',(3.556020317224,0.227257395903));
#489 = CARTESIAN_POINT('',(3.542422948758,0.226435895457));
#490 = CARTESIAN_POINT('',(3.528623450311,0.225619101379));
#491 = CARTESIAN_POINT('',(3.501263172165,0.224036525373));
#492 = CARTESIAN_POINT('',(3.48772406855,0.223270252055));
#493 = CARTESIAN_POINT('',(3.473974025101,0.222510536539));
#494 = CARTESIAN_POINT('',(3.459998149815,0.221758656344));
#495 = CARTESIAN_POINT('',(3.445780941116,0.221016114701));
#496 = CARTESIAN_POINT('',(3.431305859105,0.220284658798));
#497 = CARTESIAN_POINT('',(3.416554689048,0.219566304844));
#498 = CARTESIAN_POINT('',(3.384877758887,0.218086584564));
#499 = CARTESIAN_POINT('',(3.367892178503,0.217328898716));
#500 = CARTESIAN_POINT('',(3.350518006248,0.216593222404));
#501 = CARTESIAN_POINT('',(3.33272764318,0.215883315893));
#502 = CARTESIAN_POINT('',(3.314497299298,0.215203808501));
#503 = CARTESIAN_POINT('',(3.295807060391,0.214560153341));
#504 = CARTESIAN_POINT('',(3.276641563555,0.213958518041));
#505 = CARTESIAN_POINT('',(3.240237113207,0.212934193761));
#506 = CARTESIAN_POINT('',(3.22313066126,0.212498201044));
#507 = CARTESIAN_POINT('',(3.205676169989,0.21210207395));
#508 = CARTESIAN_POINT('',(3.187887943919,0.211750553756));
#509 = CARTESIAN_POINT('',(3.169791250568,0.211448427101));
#510 = CARTESIAN_POINT('',(3.151424573179,0.211200133575));
#511 = CARTESIAN_POINT('',(3.132843213238,0.211009236151));
#512 = CARTESIAN_POINT('',(3.114124242804,0.210877754446));
#513 = ( GEOMETRIC_REPRESENTATION_CONTEXT(2) 
PARAMETRIC_REPRESENTATION_CONTEXT() REPRESENTATION_CONTEXT('2D SPACE',''
  ) );
#514 = ORIENTED_EDGE('',*,*,#515,.T.);
#515 = EDGE_CURVE('',#328,#22,#516,.T.);
#516 = SURFACE_CURVE('',#517,(#522,#529),.PCURVE_S1.);
#517 = CIRCLE('',#518,25.72);
#518 = AXIS2_PLACEMENT_3D('',#519,#520,#521);
#519 = CARTESIAN_POINT('',(0.,0.,14.145));
#520 = DIRECTION('',(0.,0.,-1.));
#521 = DIRECTION('',(0.7727149123,-0.634753231035,0.));
#522 = PCURVE('',#34,#523);
#523 = DEFINITIONAL_REPRESENTATION('',(#524),#528);
#524 = LINE('',#525,#526);
#525 = CARTESIAN_POINT('',(5.595496182231,28.29));
#526 = VECTOR('',#527,1.);
#527 = DIRECTION('',(-1.,-0.));
#528 = ( GEOMETRIC_REPRESENTATION_CONTEXT(2) 
PARAMETRIC_REPRESENTATION_CONTEXT() REPRESENTATION_CONTEXT('2D SPACE',''
  ) );
#529 = PCURVE('',#530,#535);
#530 = PLANE('',#531);
#531 = AXIS2_PLACEMENT_3D('',#532,#533,#534);
#532 = CARTESIAN_POINT('',(0.,0.,14.145));
#533 = DIRECTION('',(0.,0.,1.));
#534 = DIRECTION('',(1.,0.,0.));
#535 = DEFINITIONAL_REPRESENTATION('',(#536),#544);
#536 = ( BOUNDED_CURVE() B_SPLINE_CURVE(2,(#537,#538,#539,#540,#541,#542
,#543),.UNSPECIFIED.,.T.,.F.) B_SPLINE_CURVE_WITH_KNOTS((1,2,2,2,2,1),(
    -2.094395102393,0.,2.094395102393,4.188790204786,6.28318530718,
8.377580409573),.UNSPECIFIED.) CURVE() GEOMETRIC_REPRESENTATION_ITEM() 
RATIONAL_B_SPLINE_CURVE((1.,0.5,1.,0.5,1.,0.5,1.)) REPRESENTATION_ITEM(
  '') );
#537 = CARTESIAN_POINT('',(19.874227544358,-16.32585310221));
#538 = CARTESIAN_POINT('',(-8.402979505585,-50.74902497022));
#539 = CARTESIAN_POINT('',(-24.07571729715,-9.048659382899));
#540 = CARTESIAN_POINT('',(-39.74845508871,32.65170620443));
#541 = CARTESIAN_POINT('',(4.201489752792,25.374512485114));
#542 = CARTESIAN_POINT('',(48.1514345943,18.097318765797));
#543 = CARTESIAN_POINT('',(19.874227544358,-16.32585310221));
#544 = ( GEOMETRIC_REPRESENTATION_CONTEXT(2) 
PARAMETRIC_REPRESENTATION_CONTEXT() REPRESENTATION_CONTEXT('2D SPACE',''
  ) );
#545 = ADVANCED_FACE('',(#546),#530,.T.);
#546 = FACE_BOUND('',#547,.T.);
#547 = EDGE_LOOP('',(#548,#583,#584,#646,#708,#741));
#548 = ORIENTED_EDGE('',*,*,#549,.F.);
#549 = EDGE_CURVE('',#22,#550,#552,.T.);
#550 = VERTEX_POINT('',#551);
#551 = CARTESIAN_POINT('',(19.138507356263,16.379059032708,14.145));
#552 = SURFACE_CURVE('',#553,(#561,#572),.PCURVE_S1.);
#553 = B_SPLINE_CURVE_WITH_KNOTS('',6,(#554,#555,#556,#557,#558,#559,
    #560),.UNSPECIFIED.,.F.,.F.,(7,7),(0.,1.),.PIECEWISE_BEZIER_KNOTS.);
#554 = CARTESIAN_POINT('',(25.72,15.427418821839,14.145));
#555 = CARTESIAN_POINT('',(24.639536438896,15.679620322521,14.145));
#556 = CARTESIAN_POINT('',(23.549723537034,15.891704009041,14.145));
#557 = CARTESIAN_POINT('',(22.452931638236,16.065976160187,14.145));
#558 = CARTESIAN_POINT('',(21.351131491821,16.204302882623,14.145));
#559 = CARTESIAN_POINT('',(20.245918411448,16.30825243901,14.145));
#560 = CARTESIAN_POINT('',(19.138507356263,16.379059032708,14.145));
#561 = PCURVE('',#530,#562);
#562 = DEFINITIONAL_REPRESENTATION('',(#563),#571);
#563 = B_SPLINE_CURVE_WITH_KNOTS('',6,(#564,#565,#566,#567,#568,#569,
    #570),.UNSPECIFIED.,.F.,.F.,(7,7),(0.,1.),.PIECEWISE_BEZIER_KNOTS.);
#564 = CARTESIAN_POINT('',(25.72,15.427418821839));
#565 = CARTESIAN_POINT('',(24.639536438896,15.679620322521));
#566 = CARTESIAN_POINT('',(23.549723537034,15.891704009041));
#567 = CARTESIAN_POINT('',(22.452931638236,16.065976160187));
#568 = CARTESIAN_POINT('',(21.351131491821,16.204302882623));
#569 = CARTESIAN_POINT('',(20.245918411448,16.30825243901));
#570 = CARTESIAN_POINT('',(19.138507356263,16.379059032708));
#571 = ( GEOMETRIC_REPRESENTATION_CONTEXT(2) 
PARAMETRIC_REPRESENTATION_CONTEXT() REPRESENTATION_CONTEXT('2D SPACE',''
  ) );
#572 = PCURVE('',#48,#573);
#573 = DEFINITIONAL_REPRESENTATION('',(#574),#582);
#574 = B_SPLINE_CURVE_WITH_KNOTS('',6,(#575,#576,#577,#578,#579,#580,
    #581),.UNSPECIFIED.,.F.,.F.,(7,7),(0.,1.),.PIECEWISE_BEZIER_KNOTS.);
#575 = CARTESIAN_POINT('',(0.258571714058,0.270732619611));
#576 = CARTESIAN_POINT('',(0.213157747347,0.259661781534));
#577 = CARTESIAN_POINT('',(0.168827334354,0.248498829525));
#578 = CARTESIAN_POINT('',(0.125451349025,0.237268043248));
#579 = CARTESIAN_POINT('',(8.292180857186E-02,0.225989552779));
#580 = CARTESIAN_POINT('',(4.113776187836E-02,0.214679609758));
#581 = CARTESIAN_POINT('',(0.,0.203350554767));
#582 = ( GEOMETRIC_REPRESENTATION_CONTEXT(2) 
PARAMETRIC_REPRESENTATION_CONTEXT() REPRESENTATION_CONTEXT('2D SPACE',''
  ) );
#583 = ORIENTED_EDGE('',*,*,#515,.F.);
#584 = ORIENTED_EDGE('',*,*,#585,.F.);
#585 = EDGE_CURVE('',#586,#328,#588,.T.);
#586 = VERTEX_POINT('',#587);
#587 = CARTESIAN_POINT('',(16.47093842019,-16.47093840083,14.145));
#588 = SURFACE_CURVE('',#589,(#606,#626),.PCURVE_S1.);
#589 = B_SPLINE_CURVE_WITH_KNOTS('',8,(#590,#591,#592,#593,#594,#595,
    #596,#597,#598,#599,#600,#601,#602,#603,#604,#605),.UNSPECIFIED.,.F.
  ,.F.,(9,7,9),(0.,0.442866229031,1.),.UNSPECIFIED.);
#590 = CARTESIAN_POINT('',(-0.778110890405,-13.36145162498,14.145));
#591 = CARTESIAN_POINT('',(0.610865412254,-13.90764105682,14.145));
#592 = CARTESIAN_POINT('',(2.023648924493,-14.39220533013,14.145));
#593 = CARTESIAN_POINT('',(3.455607612533,-14.81964774703,14.145));
#594 = CARTESIAN_POINT('',(4.902993590298,-15.19263713847,14.145));
#595 = CARTESIAN_POINT('',(6.362664958991,-15.51301052527,14.145));
#596 = CARTESIAN_POINT('',(7.832060721702,-15.78185678821,14.145));
#597 = CARTESIAN_POINT('',(9.309149478354,-15.99966458893,14.145));
#598 = CARTESIAN_POINT('',(12.658478153538,-16.37570395593,14.145));
#599 = CARTESIAN_POINT('',(14.532487074064,-16.50385554323,14.145));
#600 = CARTESIAN_POINT('',(16.411836441256,-16.55051383733,14.145));
#601 = CARTESIAN_POINT('',(18.292803218339,-16.51337662378,14.145));
#602 = CARTESIAN_POINT('',(20.170594421517,-16.38872392999,14.145));
#603 = CARTESIAN_POINT('',(22.039297312706,-16.17123727906,14.145));
#604 = CARTESIAN_POINT('',(23.891876769327,-15.85413881226,14.145));
#605 = CARTESIAN_POINT('',(25.72,-15.4274188042,14.145));
#606 = PCURVE('',#530,#607);
#607 = DEFINITIONAL_REPRESENTATION('',(#608),#625);
#608 = B_SPLINE_CURVE_WITH_KNOTS('',8,(#609,#610,#611,#612,#613,#614,
    #615,#616,#617,#618,#619,#620,#621,#622,#623,#624),.UNSPECIFIED.,.F.
  ,.F.,(9,7,9),(0.,0.442866229031,1.),.UNSPECIFIED.);
#609 = CARTESIAN_POINT('',(-0.778110890405,-13.36145162498));
#610 = CARTESIAN_POINT('',(0.610865412254,-13.90764105682));
#611 = CARTESIAN_POINT('',(2.023648924493,-14.39220533013));
#612 = CARTESIAN_POINT('',(3.455607612533,-14.81964774703));
#613 = CARTESIAN_POINT('',(4.902993590298,-15.19263713847));
#614 = CARTESIAN_POINT('',(6.362664958991,-15.51301052527));
#615 = CARTESIAN_POINT('',(7.832060721702,-15.78185678821));
#616 = CARTESIAN_POINT('',(9.309149478354,-15.99966458893));
#617 = CARTESIAN_POINT('',(12.658478153538,-16.37570395593));
#618 = CARTESIAN_POINT('',(14.532487074064,-16.50385554323));
#619 = CARTESIAN_POINT('',(16.411836441256,-16.55051383733));
#620 = CARTESIAN_POINT('',(18.292803218339,-16.51337662378));
#621 = CARTESIAN_POINT('',(20.170594421517,-16.38872392999));
#622 = CARTESIAN_POINT('',(22.039297312706,-16.17123727906));
#623 = CARTESIAN_POINT('',(23.891876769327,-15.85413881226));
#624 = CARTESIAN_POINT('',(25.72,-15.4274188042));
#625 = ( GEOMETRIC_REPRESENTATION_CONTEXT(2) 
PARAMETRIC_REPRESENTATION_CONTEXT() REPRESENTATION_CONTEXT('2D SPACE',''
  ) );
#626 = PCURVE('',#48,#627);
#627 = DEFINITIONAL_REPRESENTATION('',(#628),#645);
#628 = B_SPLINE_CURVE_WITH_KNOTS('',8,(#629,#630,#631,#632,#633,#634,
    #635,#636,#637,#638,#639,#640,#641,#642,#643,#644),.UNSPECIFIED.,.F.
  ,.F.,(9,7,9),(0.,0.442866229031,1.),.UNSPECIFIED.);
#629 = CARTESIAN_POINT('',(3.853644596308,0.));
#630 = CARTESIAN_POINT('',(3.800474710031,1.415693952846E-02));
#631 = CARTESIAN_POINT('',(3.748194956626,2.855999402644E-02));
#632 = CARTESIAN_POINT('',(3.696498675513,4.316227391941E-02));
#633 = CARTESIAN_POINT('',(3.645164331638,5.792586408397E-02));
#634 = CARTESIAN_POINT('',(3.593998341315,7.28189983688E-02));
#635 = CARTESIAN_POINT('',(3.542823381517,8.781581059014E-02));
#636 = CARTESIAN_POINT('',(3.491461402275,0.102895820935));
#637 = CARTESIAN_POINT('',(3.374626438489,0.137101137373));
#638 = CARTESIAN_POINT('',(3.308996442593,0.156247358354));
#639 = CARTESIAN_POINT('',(3.242435065384,0.175456342453));
#640 = CARTESIAN_POINT('',(3.174596707223,0.194690533592));
#641 = CARTESIAN_POINT('',(3.105142113274,0.213901384904));
#642 = CARTESIAN_POINT('',(3.033702270291,0.233028789985));
#643 = CARTESIAN_POINT('',(2.959860479306,0.252000977935));
#644 = CARTESIAN_POINT('',(2.883020935958,0.270732619611));
#645 = ( GEOMETRIC_REPRESENTATION_CONTEXT(2) 
PARAMETRIC_REPRESENTATION_CONTEXT() REPRESENTATION_CONTEXT('2D SPACE',''
  ) );
#646 = ORIENTED_EDGE('',*,*,#647,.F.);
#647 = EDGE_CURVE('',#648,#586,#650,.T.);
#648 = VERTEX_POINT('',#649);
#649 = CARTESIAN_POINT('',(16.263928388105,-16.47162825547,14.145));
#650 = SURFACE_CURVE('',#651,(#668,#688),.PCURVE_S1.);
#651 = B_SPLINE_CURVE_WITH_KNOTS('',8,(#652,#653,#654,#655,#656,#657,
    #658,#659,#660,#661,#662,#663,#664,#665,#666,#667),.UNSPECIFIED.,.F.
  ,.F.,(9,7,9),(0.,0.442866229031,1.),.UNSPECIFIED.);
#652 = CARTESIAN_POINT('',(-0.778110890405,-13.36145162498,14.145));
#653 = CARTESIAN_POINT('',(0.610865412254,-13.90764105682,14.145));
#654 = CARTESIAN_POINT('',(2.023648924493,-14.39220533013,14.145));
#655 = CARTESIAN_POINT('',(3.455607612533,-14.81964774703,14.145));
#656 = CARTESIAN_POINT('',(4.902993590298,-15.19263713847,14.145));
#657 = CARTESIAN_POINT('',(6.362664958991,-15.51301052527,14.145));
#658 = CARTESIAN_POINT('',(7.832060721702,-15.78185678821,14.145));
#659 = CARTESIAN_POINT('',(9.309149478354,-15.99966458893,14.145));
#660 = CARTESIAN_POINT('',(12.658478153538,-16.37570395593,14.145));
#661 = CARTESIAN_POINT('',(14.532487074064,-16.50385554323,14.145));
#662 = CARTESIAN_POINT('',(16.411836441256,-16.55051383733,14.145));
#663 = CARTESIAN_POINT('',(18.292803218339,-16.51337662378,14.145));
#664 = CARTESIAN_POINT('',(20.170594421517,-16.38872392999,14.145));
#665 = CARTESIAN_POINT('',(22.039297312706,-16.17123727906,14.145));
#666 = CARTESIAN_POINT('',(23.891876769327,-15.85413881226,14.145));
#667 = CARTESIAN_POINT('',(25.72,-15.4274188042,14.145));
#668 = PCURVE('',#530,#669);
#669 = DEFINITIONAL_REPRESENTATION('',(#670),#687);
#670 = B_SPLINE_CURVE_WITH_KNOTS('',8,(#671,#672,#673,#674,#675,#676,
    #677,#678,#679,#680,#681,#682,#683,#684,#685,#686),.UNSPECIFIED.,.F.
  ,.F.,(9,7,9),(0.,0.442866229031,1.),.UNSPECIFIED.);
#671 = CARTESIAN_POINT('',(-0.778110890405,-13.36145162498));
#672 = CARTESIAN_POINT('',(0.610865412254,-13.90764105682));
#673 = CARTESIAN_POINT('',(2.023648924493,-14.39220533013));
#674 = CARTESIAN_POINT('',(3.455607612533,-14.81964774703));
#675 = CARTESIAN_POINT('',(4.902993590298,-15.19263713847));
#676 = CARTESIAN_POINT('',(6.362664958991,-15.51301052527));
#677 = CARTESIAN_POINT('',(7.832060721702,-15.78185678821));
#678 = CARTESIAN_POINT('',(9.309149478354,-15.99966458893));
#679 = CARTESIAN_POINT('',(12.658478153538,-16.37570395593));
#680 = CARTESIAN_POINT('',(14.532487074064,-16.50385554323));
#681 = CARTESIAN_POINT('',(16.411836441256,-16.55051383733));
#682 = CARTESIAN_POINT('',(18.292803218339,-16.51337662378));
#683 = CARTESIAN_POINT('',(20.170594421517,-16.38872392999));
#684 = CARTESIAN_POINT('',(22.039297312706,-16.17123727906));
#685 = CARTESIAN_POINT('',(23.891876769327,-15.85413881226));
#686 = CARTESIAN_POINT('',(25.72,-15.4274188042));
#687 = ( GEOMETRIC_REPRESENTATION_CONTEXT(2) 
PARAMETRIC_REPRESENTATION_CONTEXT() REPRESENTATION_CONTEXT('2D SPACE',''
  ) );
#688 = PCURVE('',#48,#689);
#689 = DEFINITIONAL_REPRESENTATION('',(#690),#707);
#690 = B_SPLINE_CURVE_WITH_KNOTS('',8,(#691,#692,#693,#694,#695,#696,
    #697,#698,#699,#700,#701,#702,#703,#704,#705,#706),.UNSPECIFIED.,.F.
  ,.F.,(9,7,9),(0.,0.442866229031,1.),.UNSPECIFIED.);
#691 = CARTESIAN_POINT('',(3.853644596308,0.));
#692 = CARTESIAN_POINT('',(3.800474710031,1.415693952846E-02));
#693 = CARTESIAN_POINT('',(3.748194956626,2.855999402644E-02));
#694 = CARTESIAN_POINT('',(3.696498675513,4.316227391941E-02));
#695 = CARTESIAN_POINT('',(3.645164331638,5.792586408397E-02));
#696 = CARTESIAN_POINT('',(3.593998341315,7.28189983688E-02));
#697 = CARTESIAN_POINT('',(3.542823381517,8.781581059014E-02));
#698 = CARTESIAN_POINT('',(3.491461402275,0.102895820935));
#699 = CARTESIAN_POINT('',(3.374626438489,0.137101137373));
#700 = CARTESIAN_POINT('',(3.308996442593,0.156247358354));
#701 = CARTESIAN_POINT('',(3.242435065384,0.175456342453));
#702 = CARTESIAN_POINT('',(3.174596707223,0.194690533592));
#703 = CARTESIAN_POINT('',(3.105142113274,0.213901384904));
#704 = CARTESIAN_POINT('',(3.033702270291,0.233028789985));
#705 = CARTESIAN_POINT('',(2.959860479306,0.252000977935));
#706 = CARTESIAN_POINT('',(2.883020935958,0.270732619611));
#707 = ( GEOMETRIC_REPRESENTATION_CONTEXT(2) 
PARAMETRIC_REPRESENTATION_CONTEXT() REPRESENTATION_CONTEXT('2D SPACE',''
  ) );
#708 = ORIENTED_EDGE('',*,*,#709,.T.);
#709 = EDGE_CURVE('',#648,#710,#712,.T.);
#710 = VERTEX_POINT('',#711);
#711 = CARTESIAN_POINT('',(16.263928378297,16.47162826516,14.145));
#712 = SURFACE_CURVE('',#713,(#718,#729),.PCURVE_S1.);
#713 = CIRCLE('',#714,23.148);
#714 = AXIS2_PLACEMENT_3D('',#715,#716,#717);
#715 = CARTESIAN_POINT('',(0.,0.,14.145));
#716 = DIRECTION('',(0.,-0.,-1.));
#717 = DIRECTION('',(0.702606203046,-0.711578894741,0.));
#718 = PCURVE('',#530,#719);
#719 = DEFINITIONAL_REPRESENTATION('',(#720),#728);
#720 = ( BOUNDED_CURVE() B_SPLINE_CURVE(2,(#721,#722,#723,#724,#725,#726
,#727),.UNSPECIFIED.,.T.,.F.) B_SPLINE_CURVE_WITH_KNOTS((1,2,2,2,2,1),(
    -2.094395102393,0.,2.094395102393,4.188790204786,6.28318530718,
8.377580409573),.UNSPECIFIED.) CURVE() GEOMETRIC_REPRESENTATION_ITEM() 
RATIONAL_B_SPLINE_CURVE((1.,0.5,1.,0.5,1.,0.5,1.)) REPRESENTATION_ITEM(
  '') );
#721 = CARTESIAN_POINT('',(16.263928388105,-16.47162825547));
#722 = CARTESIAN_POINT('',(-12.26576863376,-44.64157855433));
#723 = CARTESIAN_POINT('',(-22.39681270498,-5.849161021692));
#724 = CARTESIAN_POINT('',(-32.52785677621,32.943256510951));
#725 = CARTESIAN_POINT('',(6.132884316883,22.320789277168));
#726 = CARTESIAN_POINT('',(44.793625409976,11.698322043385));
#727 = CARTESIAN_POINT('',(16.263928388105,-16.47162825547));
#728 = ( GEOMETRIC_REPRESENTATION_CONTEXT(2) 
PARAMETRIC_REPRESENTATION_CONTEXT() REPRESENTATION_CONTEXT('2D SPACE',''
  ) );
#729 = PCURVE('',#730,#735);
#730 = CONICAL_SURFACE('',#731,23.148,1.155713725651);
#731 = AXIS2_PLACEMENT_3D('',#732,#733,#734);
#732 = CARTESIAN_POINT('',(0.,0.,14.145));
#733 = DIRECTION('',(-0.,-0.,-1.));
#734 = DIRECTION('',(1.,0.,0.));
#735 = DEFINITIONAL_REPRESENTATION('',(#736),#740);
#736 = LINE('',#737,#738);
#737 = CARTESIAN_POINT('',(-5.491442450071,-0.));
#738 = VECTOR('',#739,1.);
#739 = DIRECTION('',(1.,-0.));
#740 = ( GEOMETRIC_REPRESENTATION_CONTEXT(2) 
PARAMETRIC_REPRESENTATION_CONTEXT() REPRESENTATION_CONTEXT('2D SPACE',''
  ) );
#741 = ORIENTED_EDGE('',*,*,#742,.T.);
#742 = EDGE_CURVE('',#710,#550,#743,.T.);
#743 = SURFACE_CURVE('',#744,(#754,#767),.PCURVE_S1.);
#744 = B_SPLINE_CURVE_WITH_KNOTS('',8,(#745,#746,#747,#748,#749,#750,
    #751,#752,#753),.UNSPECIFIED.,.F.,.F.,(9,9),(0.858292642008,1.),
  .PIECEWISE_BEZIER_KNOTS.);
#745 = CARTESIAN_POINT('',(16.26392837829,16.471628259116,14.145));
#746 = CARTESIAN_POINT('',(16.623503047131,16.47122072081,14.145));
#747 = CARTESIAN_POINT('',(16.983071523681,16.467677384546,14.145));
#748 = CARTESIAN_POINT('',(17.342601639576,16.460974177015,14.145));
#749 = CARTESIAN_POINT('',(17.702060605245,16.451084811537,14.145));
#750 = CARTESIAN_POINT('',(18.061415008882,16.437980737285,14.145));
#751 = CARTESIAN_POINT('',(18.42063077838,16.421631077578,14.145));
#752 = CARTESIAN_POINT('',(18.779673983184,16.40200238986,14.145));
#753 = CARTESIAN_POINT('',(19.138507356262,16.379059032708,14.145));
#754 = PCURVE('',#530,#755);
#755 = DEFINITIONAL_REPRESENTATION('',(#756),#766);
#756 = B_SPLINE_CURVE_WITH_KNOTS('',8,(#757,#758,#759,#760,#761,#762,
    #763,#764,#765),.UNSPECIFIED.,.F.,.F.,(9,9),(0.858292642008,1.),
  .PIECEWISE_BEZIER_KNOTS.);
#757 = CARTESIAN_POINT('',(16.26392837829,16.471628259116));
#758 = CARTESIAN_POINT('',(16.623503047131,16.47122072081));
#759 = CARTESIAN_POINT('',(16.983071523681,16.467677384546));
#760 = CARTESIAN_POINT('',(17.342601639576,16.460974177015));
#761 = CARTESIAN_POINT('',(17.702060605245,16.451084811537));
#762 = CARTESIAN_POINT('',(18.061415008882,16.437980737285));
#763 = CARTESIAN_POINT('',(18.42063077838,16.421631077578));
#764 = CARTESIAN_POINT('',(18.779673983184,16.40200238986));
#765 = CARTESIAN_POINT('',(19.138507356262,16.379059032708));
#766 = ( GEOMETRIC_REPRESENTATION_CONTEXT(2) 
PARAMETRIC_REPRESENTATION_CONTEXT() REPRESENTATION_CONTEXT('2D SPACE',''
  ) );
#767 = PCURVE('',#768,#799);
#768 = B_SPLINE_SURFACE_WITH_KNOTS('',14,1,(
    (#769,#770)
    ,(#771,#772)
    ,(#773,#774)
    ,(#775,#776)
    ,(#777,#778)
    ,(#779,#780)
    ,(#781,#782)
    ,(#783,#784)
    ,(#785,#786)
    ,(#787,#788)
    ,(#789,#790)
    ,(#791,#792)
    ,(#793,#794)
    ,(#795,#796)
    ,(#797,#798
    )),.UNSPECIFIED.,.T.,.F.,.F.,(15,15),(2,2),(0.,6.28318530718),(0.,1.
    ),.PIECEWISE_BEZIER_KNOTS.);
#769 = CARTESIAN_POINT('',(3.394731914021E-16,17.65,18.004));
#770 = CARTESIAN_POINT('',(94.115835475432,11.4,-0.9730812498));
#771 = CARTESIAN_POINT('',(0.534468151713,17.650000000001,20.65466666319
    ));
#772 = CARTESIAN_POINT('',(94.230615069012,11.400000000001,
    0.176861981115));
#773 = CARTESIAN_POINT('',(1.06893650071,13.821461524828,23.305334304803
    ));
#774 = CARTESIAN_POINT('',(94.345394704995,8.927176282325,1.326805636499
    ));
#775 = CARTESIAN_POINT('',(1.4681466541,6.164379680059,25.285196045478)
  );
#776 = CARTESIAN_POINT('',(94.431126995946,3.981525685706,2.185732425924
    ));
#777 = CARTESIAN_POINT('',(1.596855471383,-4.17617735009,25.923520649426
    ));
#778 = CARTESIAN_POINT('',(94.458767830894,-2.697361007996,
    2.462657875501));
#779 = CARTESIAN_POINT('',(1.36829985579,-14.9102904062,24.790011105267)
  );
#780 = CARTESIAN_POINT('',(94.409684417586,-9.630442528642,
    1.970905500352));
#781 = CARTESIAN_POINT('',(0.792993067124,-23.10458603414,
    21.936807372169));
#782 = CARTESIAN_POINT('',(94.286134532974,-14.92307539884,
    0.733095267517));
#783 = CARTESIAN_POINT('',(1.553353767252E-11,-26.1895748263,
    18.003999999895));
#784 = CARTESIAN_POINT('',(94.115835474119,-16.91564606342,
    -0.973081249777));
#785 = CARTESIAN_POINT('',(-0.792993067153,-23.10458603414,
    14.071192628015));
#786 = CARTESIAN_POINT('',(93.945536420238,-14.92307539884,
    -2.67925776716));
#787 = CARTESIAN_POINT('',(-1.368299855767,-14.91029040621,
    11.217988894609));
#788 = CARTESIAN_POINT('',(93.821986531597,-9.630442528637,
    -3.917067999919));
#789 = CARTESIAN_POINT('',(-1.596855471397,-4.176177350082,
    10.084479350638));
#790 = CARTESIAN_POINT('',(93.772903120923,-2.697361008,-4.408820375122)
  );
#791 = CARTESIAN_POINT('',(-1.468146654093,6.164379680055,
    10.722803954498));
#792 = CARTESIAN_POINT('',(93.800543954496,3.981525685709,
    -4.131894925513));
#793 = CARTESIAN_POINT('',(-1.068936500713,13.82146152483,
    12.702665695203));
#794 = CARTESIAN_POINT('',(93.886276246006,8.927176282324,
    -3.272968136103));
#795 = CARTESIAN_POINT('',(-0.534468151713,17.650000000001,
    15.353333336809));
#796 = CARTESIAN_POINT('',(94.001055881824,11.400000000001,
    -2.123024480714));
#797 = CARTESIAN_POINT('',(-5.487052392743E-16,17.65,18.004));
#798 = CARTESIAN_POINT('',(94.115835475432,11.4,-0.9730812498));
#799 = DEFINITIONAL_REPRESENTATION('',(#800),#826);
#800 = B_SPLINE_CURVE_WITH_KNOTS('',3,(#801,#802,#803,#804,#805,#806,
    #807,#808,#809,#810,#811,#812,#813,#814,#815,#816,#817,#818,#819,
    #820,#821,#822,#823,#824,#825),.UNSPECIFIED.,.F.,.F.,(4,1,1,1,1,1,1,
    1,1,1,1,1,1,1,1,1,1,1,1,1,1,1,4),(0.858292642008,0.864733885553,
    0.871175129098,0.877616372643,0.884057616188,0.890498859733,
    0.896940103278,0.903381346823,0.909822590369,0.916263833914,
    0.922705077459,0.929146321004,0.935587564549,0.942028808094,
    0.948470051639,0.954911295184,0.961352538729,0.967793782274,
    0.97423502582,0.980676269365,0.98711751291,0.993558756455,1.),
  .QUASI_UNIFORM_KNOTS.);
#801 = CARTESIAN_POINT('',(6.178213299184,0.173952280265));
#802 = CARTESIAN_POINT('',(6.17978079307,0.174397883232));
#803 = CARTESIAN_POINT('',(6.182917670875,0.17528909907));
#804 = CARTESIAN_POINT('',(6.18762873798,0.176625942184));
#805 = CARTESIAN_POINT('',(6.192345635652,0.177962794316));
#806 = CARTESIAN_POINT('',(6.197068444508,0.179299645065));
#807 = CARTESIAN_POINT('',(6.201797245476,0.180636483987));
#808 = CARTESIAN_POINT('',(6.20653211985,0.181973300592));
#809 = CARTESIAN_POINT('',(6.211273149299,0.183310084343));
#810 = CARTESIAN_POINT('',(6.216020415886,0.184646824659));
#811 = CARTESIAN_POINT('',(6.220774002082,0.185983510916));
#812 = CARTESIAN_POINT('',(6.225533990789,0.187320132443));
#813 = CARTESIAN_POINT('',(6.230300465352,0.188656678529));
#814 = CARTESIAN_POINT('',(6.235073509576,0.189993138414));
#815 = CARTESIAN_POINT('',(6.239853207737,0.191329501295));
#816 = CARTESIAN_POINT('',(6.24463964459,0.192665756319));
#817 = CARTESIAN_POINT('',(6.249432905371,0.194001892581));
#818 = CARTESIAN_POINT('',(6.25423307579,0.195337899115));
#819 = CARTESIAN_POINT('',(6.259040242019,0.196673764889));
#820 = CARTESIAN_POINT('',(6.263854490662,0.19800947879));
#821 = CARTESIAN_POINT('',(6.268675908716,0.199345029612));
#822 = CARTESIAN_POINT('',(6.273504583516,0.200680406028));
#823 = CARTESIAN_POINT('',(6.278340602646,0.202015596595));
#824 = CARTESIAN_POINT('',(6.281569570133,0.202905591949));
#825 = CARTESIAN_POINT('',(6.28318530718,0.203350554767));
#826 = ( GEOMETRIC_REPRESENTATION_CONTEXT(2) 
PARAMETRIC_REPRESENTATION_CONTEXT() REPRESENTATION_CONTEXT('2D SPACE',''
  ) );
#827 = ADVANCED_FACE('',(#828),#768,.T.);
#828 = FACE_BOUND('',#829,.T.);
#829 = EDGE_LOOP('',(#830,#831,#965,#994,#1018,#1186,#1239,#1261));
#830 = ORIENTED_EDGE('',*,*,#742,.F.);
#831 = ORIENTED_EDGE('',*,*,#832,.F.);
#832 = EDGE_CURVE('',#833,#710,#835,.T.);
#833 = VERTEX_POINT('',#834);
#834 = CARTESIAN_POINT('',(-0.253725322389,17.244755727188,
    16.745662620106));
#835 = SURFACE_CURVE('',#836,(#863,#914),.PCURVE_S1.);
#836 = B_SPLINE_CURVE_WITH_KNOTS('',7,(#837,#838,#839,#840,#841,#842,
    #843,#844,#845,#846,#847,#848,#849,#850,#851,#852,#853,#854,#855,
    #856,#857,#858,#859,#860,#861,#862),.UNSPECIFIED.,.F.,.F.,(8,6,6,6,8
    ),(0.986055877896,1.154831960877,1.416284308577,1.692055899442,
    1.986055877896),.UNSPECIFIED.);
#837 = CARTESIAN_POINT('',(-0.253725323358,17.244755738083,
    16.745662615299));
#838 = CARTESIAN_POINT('',(0.185017832787,17.266417689006,
    16.738961966194));
#839 = CARTESIAN_POINT('',(0.623704104081,17.282495237397,
    16.728976321704));
#840 = CARTESIAN_POINT('',(1.061992137332,17.293394933395,
    16.715551395266));
#841 = CARTESIAN_POINT('',(1.499536261664,17.299554411338,
    16.698550847571));
#842 = CARTESIAN_POINT('',(1.935988746081,17.30142843561,16.677864822799
    ));
#843 = CARTESIAN_POINT('',(2.371002057028,17.299474969538,
    16.653418479663));
#844 = CARTESIAN_POINT('',(3.475349633107,17.285878479013,
    16.581436943816));
#845 = CARTESIAN_POINT('',(4.142275447018,17.269502311676,
    16.528588383458));
#846 = CARTESIAN_POINT('',(4.803614545628,17.246668065962,
    16.466519901346));
#847 = CARTESIAN_POINT('',(5.458281738975,17.21896909611,16.39534787076)
  );
#848 = CARTESIAN_POINT('',(6.105505196946,17.187735930797,16.31544245423
    ));
#849 = CARTESIAN_POINT('',(6.74476351171,17.153958203221,16.227356890687
    ));
#850 = CARTESIAN_POINT('',(8.041243754723,17.080768360091,
    16.030898221587));
#851 = CARTESIAN_POINT('',(8.697596100385,17.04114442322,15.921668589694
    ));
#852 = CARTESIAN_POINT('',(9.344610044809,17.000282066835,
    15.804788899251));
#853 = CARTESIAN_POINT('',(9.982465502379,16.958609110784,
    15.681083194971));
#854 = CARTESIAN_POINT('',(10.611551021593,16.916268323535,
    15.551356009365));
#855 = CARTESIAN_POINT('',(11.232383257162,16.873213017222,
    15.41632709393));
#856 = CARTESIAN_POINT('',(12.499328494254,16.782475919703,
    15.127662660594));
#857 = CARTESIAN_POINT('',(13.144340990964,16.734680138116,
    14.973400387916));
#858 = CARTESIAN_POINT('',(13.781406082936,16.685724049035,
    14.814570599867));
#859 = CARTESIAN_POINT('',(14.411249364173,16.635297196125,
    14.651820747236));
#860 = CARTESIAN_POINT('',(15.034538928096,16.583045556108,
    14.485694099958));
#861 = CARTESIAN_POINT('',(15.651897162708,16.528611059044,
    14.316634142977));
#862 = CARTESIAN_POINT('',(16.263928378297,16.47162826516,14.145));
#863 = PCURVE('',#768,#864);
#864 = DEFINITIONAL_REPRESENTATION('',(#865),#913);
#865 = B_SPLINE_CURVE_WITH_KNOTS('',3,(#866,#867,#868,#869,#870,#871,
    #872,#873,#874,#875,#876,#877,#878,#879,#880,#881,#882,#883,#884,
    #885,#886,#887,#888,#889,#890,#891,#892,#893,#894,#895,#896,#897,
    #898,#899,#900,#901,#902,#903,#904,#905,#906,#907,#908,#909,#910,
    #911,#912),.UNSPECIFIED.,.F.,.F.,(4,1,1,1,1,1,1,1,1,1,1,1,1,1,1,1,1,
    1,1,1,1,1,1,1,1,1,1,1,1,1,1,1,1,1,1,1,1,1,1,1,1,1,1,1,4),(
    0.986055877896,1.008783150623,1.03151042335,1.054237696078,
    1.076964968805,1.099692241532,1.122419514259,1.145146786987,
    1.167874059714,1.190601332441,1.213328605169,1.236055877896,
    1.258783150623,1.28151042335,1.304237696078,1.326964968805,
    1.349692241532,1.372419514259,1.395146786987,1.417874059714,
    1.440601332441,1.463328605169,1.486055877896,1.508783150623,
    1.53151042335,1.554237696078,1.576964968805,1.599692241532,
    1.622419514259,1.645146786987,1.667874059714,1.690601332441,
    1.713328605169,1.736055877896,1.758783150623,1.78151042335,
    1.804237696078,1.826964968805,1.849692241532,1.872419514259,
    1.895146786987,1.917874059714,1.940601332441,1.963328605169,
    1.986055877896),.QUASI_UNIFORM_KNOTS.);
#866 = CARTESIAN_POINT('',(6.068483572695,0.));
#867 = CARTESIAN_POINT('',(6.072584959888,1.41104759627E-03));
#868 = CARTESIAN_POINT('',(6.080656983356,4.234808852943E-03));
#869 = CARTESIAN_POINT('',(6.092357059387,8.473777493772E-03));
#870 = CARTESIAN_POINT('',(6.103633252785,1.271441024839E-02));
#871 = CARTESIAN_POINT('',(6.114470399761,1.695501369383E-02));
#872 = CARTESIAN_POINT('',(6.124854038132,2.119387521322E-02));
#873 = CARTESIAN_POINT('',(6.134770649906,2.542926073803E-02));
#874 = CARTESIAN_POINT('',(6.144207830778,2.965941642224E-02));
#875 = CARTESIAN_POINT('',(6.15315452281,3.388256820346E-02));
#876 = CARTESIAN_POINT('',(6.161601620665,3.809718907881E-02));
#877 = CARTESIAN_POINT('',(6.169540920407,4.230140467712E-02));
#878 = CARTESIAN_POINT('',(6.176966409141,4.64935484661E-02));
#879 = CARTESIAN_POINT('',(6.183874054802,5.067205720265E-02));
#880 = CARTESIAN_POINT('',(6.190261865822,5.483549576127E-02));
#881 = CARTESIAN_POINT('',(6.196129844199,5.89825464519E-02));
#882 = CARTESIAN_POINT('',(6.201479933375,6.311200663008E-02));
#883 = CARTESIAN_POINT('',(6.206315937359,6.722278494466E-02));
#884 = CARTESIAN_POINT('',(6.210643414638,7.131389167241E-02));
#885 = CARTESIAN_POINT('',(6.214469570361,7.538445159382E-02));
#886 = CARTESIAN_POINT('',(6.217803065618,7.943363070801E-02));
#887 = CARTESIAN_POINT('',(6.22065406489,8.346088659301E-02));
#888 = CARTESIAN_POINT('',(6.223033976316,8.746599722683E-02));
#889 = CARTESIAN_POINT('',(6.224955016198,9.144873256618E-02));
#890 = CARTESIAN_POINT('',(6.226430162658,9.540900734988E-02));
#891 = CARTESIAN_POINT('',(6.227472950771,9.934682761705E-02));
#892 = CARTESIAN_POINT('',(6.228097320661,0.103262293666));
#893 = CARTESIAN_POINT('',(6.228317464378,0.107155588966));
#894 = CARTESIAN_POINT('',(6.228147687737,0.111026974136));
#895 = CARTESIAN_POINT('',(6.227602284509,0.114876779915));
#896 = CARTESIAN_POINT('',(6.226695423464,0.118705404254));
#897 = CARTESIAN_POINT('',(6.225441054297,0.122513298998));
#898 = CARTESIAN_POINT('',(6.22385281334,0.126300999124));
#899 = CARTESIAN_POINT('',(6.221944005288,0.130068997171));
#900 = CARTESIAN_POINT('',(6.219727551221,0.133817788127));
#901 = CARTESIAN_POINT('',(6.217215857533,0.137548006755));
#902 = CARTESIAN_POINT('',(6.21442087284,0.141260238134));
#903 = CARTESIAN_POINT('',(6.211354057337,0.14495506806));
#904 = CARTESIAN_POINT('',(6.208026379311,0.148633069875));
#905 = CARTESIAN_POINT('',(6.20444830817,0.152294808513));
#906 = CARTESIAN_POINT('',(6.200629812688,0.155940840114));
#907 = CARTESIAN_POINT('',(6.196580360402,0.159571713018));
#908 = CARTESIAN_POINT('',(6.192308925401,0.163187968593));
#909 = CARTESIAN_POINT('',(6.187823978932,0.166790142227));
#910 = CARTESIAN_POINT('',(6.183133556607,0.170378764798));
#911 = CARTESIAN_POINT('',(6.1798745527,0.172762496937));
#912 = CARTESIAN_POINT('',(6.17821329951,0.173952280262));
#913 = ( GEOMETRIC_REPRESENTATION_CONTEXT(2) 
PARAMETRIC_REPRESENTATION_CONTEXT() REPRESENTATION_CONTEXT('2D SPACE',''
  ) );
#914 = PCURVE('',#730,#915);
#915 = DEFINITIONAL_REPRESENTATION('',(#916),#964);
#916 = B_SPLINE_CURVE_WITH_KNOTS('',3,(#917,#918,#919,#920,#921,#922,
    #923,#924,#925,#926,#927,#928,#929,#930,#931,#932,#933,#934,#935,
    #936,#937,#938,#939,#940,#941,#942,#943,#944,#945,#946,#947,#948,
    #949,#950,#951,#952,#953,#954,#955,#956,#957,#958,#959,#960,#961,
    #962,#963),.UNSPECIFIED.,.F.,.F.,(4,1,1,1,1,1,1,1,1,1,1,1,1,1,1,1,1,
    1,1,1,1,1,1,1,1,1,1,1,1,1,1,1,1,1,1,1,1,1,1,1,1,1,1,1,4),(
    0.986055877896,1.008783150623,1.03151042335,1.054237696078,
    1.076964968805,1.099692241532,1.122419514259,1.145146786987,
    1.167874059714,1.190601332441,1.213328605169,1.236055877896,
    1.258783150623,1.28151042335,1.304237696078,1.326964968805,
    1.349692241532,1.372419514259,1.395146786987,1.417874059714,
    1.440601332441,1.463328605169,1.486055877896,1.508783150623,
    1.53151042335,1.554237696078,1.576964968805,1.599692241532,
    1.622419514259,1.645146786987,1.667874059714,1.690601332441,
    1.713328605169,1.736055877896,1.758783150623,1.78151042335,
    1.804237696078,1.826964968805,1.849692241532,1.872419514259,
    1.895146786987,1.917874059714,1.940601332441,1.963328605169,
    1.986055877896),.QUASI_UNIFORM_KNOTS.);
#917 = CARTESIAN_POINT('',(-1.58550845267,-2.600662615299));
#918 = CARTESIAN_POINT('',(-1.577510407776,-2.598557732658));
#919 = CARTESIAN_POINT('',(-1.561529372462,-2.593512131653));
#920 = CARTESIAN_POINT('',(-1.537624198333,-2.583366380031));
#921 = CARTESIAN_POINT('',(-1.513806295257,-2.570570850078));
#922 = CARTESIAN_POINT('',(-1.49009768671,-2.555062162025));
#923 = CARTESIAN_POINT('',(-1.466520965005,-2.536784199187));
#924 = CARTESIAN_POINT('',(-1.443099243603,-2.515689843422));
#925 = CARTESIAN_POINT('',(-1.419855949297,-2.49174165666));
#926 = CARTESIAN_POINT('',(-1.39681463886,-2.464912809812));
#927 = CARTESIAN_POINT('',(-1.373997364606,-2.43518588512));
#928 = CARTESIAN_POINT('',(-1.351427705493,-2.402557416533));
#929 = CARTESIAN_POINT('',(-1.329127539693,-2.367034779145));
#930 = CARTESIAN_POINT('',(-1.307117453636,-2.328636661191));
#931 = CARTESIAN_POINT('',(-1.285416453325,-2.287392642402));
#932 = CARTESIAN_POINT('',(-1.264041889227,-2.243342818864));
#933 = CARTESIAN_POINT('',(-1.243009356107,-2.196537249789));
#934 = CARTESIAN_POINT('',(-1.222332624449,-2.147035279569));
#935 = CARTESIAN_POINT('',(-1.202023624554,-2.094904842292));
#936 = CARTESIAN_POINT('',(-1.182092347053,-2.040221361186));
#937 = CARTESIAN_POINT('',(-1.162547184503,-1.983067776927));
#938 = CARTESIAN_POINT('',(-1.143393734665,-1.923530001362));
#939 = CARTESIAN_POINT('',(-1.124634792391,-1.861694492908));
#940 = CARTESIAN_POINT('',(-1.106271981245,-1.79765205153));
#941 = CARTESIAN_POINT('',(-1.088305100884,-1.731494526333));
#942 = CARTESIAN_POINT('',(-1.070732479497,-1.663314516128));
#943 = CARTESIAN_POINT('',(-1.05355105901,-1.593204388486));
#944 = CARTESIAN_POINT('',(-1.036756551304,-1.521255595259));
#945 = CARTESIAN_POINT('',(-1.020343571332,-1.447558008401));
#946 = CARTESIAN_POINT('',(-1.004305773992,-1.372199361104));
#947 = CARTESIAN_POINT('',(-0.988635972113,-1.295264686917));
#948 = CARTESIAN_POINT('',(-0.973326291865,-1.216836056887));
#949 = CARTESIAN_POINT('',(-0.958368157328,-1.136991477804));
#950 = CARTESIAN_POINT('',(-0.943752876927,-1.055807155911));
#951 = CARTESIAN_POINT('',(-0.929471507261,-0.97335659458));
#952 = CARTESIAN_POINT('',(-0.915514422896,-0.889707152635));
#953 = CARTESIAN_POINT('',(-0.901872106303,-0.804924055118));
#954 = CARTESIAN_POINT('',(-0.888534996425,-0.719069287438));
#955 = CARTESIAN_POINT('',(-0.875493580866,-0.632201874378));
#956 = CARTESIAN_POINT('',(-0.862738416383,-0.544377809401));
#957 = CARTESIAN_POINT('',(-0.850260162181,-0.455650098824));
#958 = CARTESIAN_POINT('',(-0.838049604284,-0.366068784036));
#959 = CARTESIAN_POINT('',(-0.826097674527,-0.275681012327));
#960 = CARTESIAN_POINT('',(-0.814395473009,-0.184530999631));
#961 = CARTESIAN_POINT('',(-0.802934256489,-9.266043106726E-02));
#962 = CARTESIAN_POINT('',(-0.795448442467,-3.095831900338E-02));
#963 = CARTESIAN_POINT('',(-0.791742857704,1.599904085842E-15));
#964 = ( GEOMETRIC_REPRESENTATION_CONTEXT(2) 
PARAMETRIC_REPRESENTATION_CONTEXT() REPRESENTATION_CONTEXT('2D SPACE',''
  ) );
#965 = ORIENTED_EDGE('',*,*,#966,.T.);
#966 = EDGE_CURVE('',#833,#967,#969,.T.);
#967 = VERTEX_POINT('',#968);
#968 = CARTESIAN_POINT('',(-0.137438062665,17.53206515431,
    17.322383163164));
#969 = SURFACE_CURVE('',#970,(#975,#982),.PCURVE_S1.);
#970 = ELLIPSE('',#971,17.65,6.025);
#971 = AXIS2_PLACEMENT_3D('',#972,#973,#974);
#972 = CARTESIAN_POINT('',(2.427506173835E-16,0.,18.004));
#973 = DIRECTION('',(0.980271174622,-5.974741904509E-34,-0.197657340379)
  );
#974 = DIRECTION('',(-2.194437302751E-17,1.,-1.088319628441E-16));
#975 = PCURVE('',#768,#976);
#976 = DEFINITIONAL_REPRESENTATION('',(#977),#981);
#977 = LINE('',#978,#979);
#978 = CARTESIAN_POINT('',(0.,0.));
#979 = VECTOR('',#980,1.);
#980 = DIRECTION('',(1.,0.));
#981 = ( GEOMETRIC_REPRESENTATION_CONTEXT(2) 
PARAMETRIC_REPRESENTATION_CONTEXT() REPRESENTATION_CONTEXT('2D SPACE',''
  ) );
#982 = PCURVE('',#983,#988);
#983 = PLANE('',#984);
#984 = AXIS2_PLACEMENT_3D('',#985,#986,#987);
#985 = CARTESIAN_POINT('',(2.427506173835E-16,0.,18.004));
#986 = DIRECTION('',(0.980271174622,-5.974741904509E-34,-0.197657340379)
  );
#987 = DIRECTION('',(-2.194437302751E-17,1.,-1.088319628441E-16));
#988 = DEFINITIONAL_REPRESENTATION('',(#989),#993);
#989 = ELLIPSE('',#990,17.65,6.025);
#990 = AXIS2_PLACEMENT_2D('',#991,#992);
#991 = CARTESIAN_POINT('',(0.,0.));
#992 = DIRECTION('',(1.,-6.623878286709E-33));
#993 = ( GEOMETRIC_REPRESENTATION_CONTEXT(2) 
PARAMETRIC_REPRESENTATION_CONTEXT() REPRESENTATION_CONTEXT('2D SPACE',''
  ) );
#994 = ORIENTED_EDGE('',*,*,#995,.T.);
#995 = EDGE_CURVE('',#967,#996,#998,.T.);
#996 = VERTEX_POINT('',#997);
#997 = CARTESIAN_POINT('',(-1.44567566552E-16,17.65,18.004));
#998 = SURFACE_CURVE('',#999,(#1004,#1011),.PCURVE_S1.);
#999 = ELLIPSE('',#1000,17.65,6.025);
#1000 = AXIS2_PLACEMENT_3D('',#1001,#1002,#1003);
#1001 = CARTESIAN_POINT('',(2.427506173835E-16,0.,18.004));
#1002 = DIRECTION('',(0.980271174622,-5.974741904509E-34,-0.197657340379
    ));
#1003 = DIRECTION('',(-2.194437302751E-17,1.,-1.088319628441E-16));
#1004 = PCURVE('',#768,#1005);
#1005 = DEFINITIONAL_REPRESENTATION('',(#1006),#1010);
#1006 = LINE('',#1007,#1008);
#1007 = CARTESIAN_POINT('',(0.,0.));
#1008 = VECTOR('',#1009,1.);
#1009 = DIRECTION('',(1.,0.));
#1010 = ( GEOMETRIC_REPRESENTATION_CONTEXT(2) 
PARAMETRIC_REPRESENTATION_CONTEXT() REPRESENTATION_CONTEXT('2D SPACE',''
  ) );
#1011 = PCURVE('',#983,#1012);
#1012 = DEFINITIONAL_REPRESENTATION('',(#1013),#1017);
#1013 = ELLIPSE('',#1014,17.65,6.025);
#1014 = AXIS2_PLACEMENT_2D('',#1015,#1016);
#1015 = CARTESIAN_POINT('',(0.,0.));
#1016 = DIRECTION('',(1.,-6.623878286709E-33));
#1017 = ( GEOMETRIC_REPRESENTATION_CONTEXT(2) 
PARAMETRIC_REPRESENTATION_CONTEXT() REPRESENTATION_CONTEXT('2D SPACE',''
  ) );
#1018 = ORIENTED_EDGE('',*,*,#1019,.T.);
#1019 = EDGE_CURVE('',#996,#1020,#1022,.T.);
#1020 = VERTEX_POINT('',#1021);
#1021 = CARTESIAN_POINT('',(0.137437980294,17.53206529615,
    17.322383571678));
#1022 = SURFACE_CURVE('',#1023,(#1065,#1110),.PCURVE_S1.);
#1023 = B_SPLINE_CURVE_WITH_KNOTS('',6,(#1024,#1025,#1026,#1027,#1028,
    #1029,#1030,#1031,#1032,#1033,#1034,#1035,#1036,#1037,#1038,#1039,
    #1040,#1041,#1042,#1043,#1044,#1045,#1046,#1047,#1048,#1049,#1050,
    #1051,#1052,#1053,#1054,#1055,#1056,#1057,#1058,#1059,#1060,#1061,
    #1062,#1063,#1064),.UNSPECIFIED.,.F.,.F.,(7,5,5,6,6,6,6,7),(0.,
    0.165835387854,0.250072583399,0.336658448585,0.502493836439,
    0.668329224293,0.834164612146,1.),.UNSPECIFIED.);
#1024 = CARTESIAN_POINT('',(7.432008585232E-11,17.649999998835,
    18.004000000015));
#1025 = CARTESIAN_POINT('',(3.642252454847E-08,17.649287992755,
    17.948656164149));
#1026 = CARTESIAN_POINT('',(2.812313810032E-08,17.646858641064,
    17.893332998517));
#1027 = CARTESIAN_POINT('',(1.95980819089E-08,17.642715278989,
    17.838095781523));
#1028 = CARTESIAN_POINT('',(3.107211288599E-08,17.636872245919,
    17.783006744998));
#1029 = CARTESIAN_POINT('',(5.857282368768E-08,17.629354885402,
    17.728125074197));
#1030 = CARTESIAN_POINT('',(8.548827234717E-08,17.615548984283,
    17.645763251965));
#1031 = CARTESIAN_POINT('',(1.0051032535E-07,17.610475639461,
    17.618087389268));
#1032 = CARTESIAN_POINT('',(1.183132764646E-07,17.604984181672,
    17.590486512803));
#1033 = CARTESIAN_POINT('',(1.405714017334E-07,17.599079802255,
    17.562967420596));
#1034 = CARTESIAN_POINT('',(1.713167784996E-07,17.592768212894,
    17.53553651561));
#1035 = CARTESIAN_POINT('',(1.011098043928E-07,17.579155914599,
    17.480100905653));
#1036 = CARTESIAN_POINT('',(1.02092740448E-06,17.571832502643,
    17.45210150143));
#1037 = CARTESIAN_POINT('',(-1.001124660533E-06,17.564092120006,
    17.424208118471));
#1038 = CARTESIAN_POINT('',(2.364035144175E-06,17.555941947693,
    17.396426754956));
#1039 = CARTESIAN_POINT('',(-7.559632648744E-07,17.547389535369,
    17.36876290776));
#1040 = CARTESIAN_POINT('',(3.02902361276E-06,17.538442713854,
    17.34122159821));
#1041 = CARTESIAN_POINT('',(-1.63809443771E-04,17.537415697631,
    17.338060602282));
#1042 = CARTESIAN_POINT('',(1.60421115166E-04,17.536401505583,
    17.334955012117));
#1043 = CARTESIAN_POINT('',(1.892987077979E-04,17.535371425994,
    17.331818773861));
#1044 = CARTESIAN_POINT('',(-1.889617072518E-04,17.534321302586,
    17.328639406815));
#1045 = CARTESIAN_POINT('',(-4.115082201098E-04,17.533271534517,
    17.325478003428));
#1046 = CARTESIAN_POINT('',(7.591480303465E-04,17.532267076387,
    17.322469229306));
#1047 = CARTESIAN_POINT('',(7.710300892736E-04,17.532266692793,
    17.322468080653));
#1048 = CARTESIAN_POINT('',(7.776095988841E-04,17.532266429058,
    17.322467290799));
#1049 = CARTESIAN_POINT('',(7.943563746875E-04,17.532265889903,
    17.322465676325));
#1050 = CARTESIAN_POINT('',(8.227855010322E-04,17.532265054115,
    17.322463173778));
#1051 = CARTESIAN_POINT('',(8.504573311048E-04,17.532264274559,
    17.322460839682));
#1052 = CARTESIAN_POINT('',(8.509774869305E-04,17.532264278165,
    17.322460850526));
#1053 = CARTESIAN_POINT('',(4.973959459968E-03,17.532214044622,
    17.322310379355));
#1054 = CARTESIAN_POINT('',(1.048530450019E-02,17.532278349769,
    17.322505362907));
#1055 = CARTESIAN_POINT('',(1.43523672073E-02,17.532211009752,
    17.322304957382));
#1056 = CARTESIAN_POINT('',(1.71419568859E-02,17.532254111079,
    17.322440808698));
#1057 = CARTESIAN_POINT('',(2.285744045541E-02,17.532235388502,
    17.32238196707));
#1058 = CARTESIAN_POINT('',(3.879461592174E-02,17.532227646482,
    17.322392433904));
#1059 = CARTESIAN_POINT('',(5.687500495327E-02,17.53221427061,
    17.32239114378));
#1060 = CARTESIAN_POINT('',(7.384172556463E-02,17.532194943815,
    17.322390139217));
#1061 = CARTESIAN_POINT('',(9.257417319957E-02,17.532168183858,
    17.3223887459));
#1062 = CARTESIAN_POINT('',(0.112824646631,17.532128513075,
    17.322386725353));
#1063 = CARTESIAN_POINT('',(0.130582452056,17.532082589653,
    17.322384554482));
#1064 = CARTESIAN_POINT('',(0.137438007186,17.532065338916,
    17.322383705127));
#1065 = PCURVE('',#768,#1066);
#1066 = DEFINITIONAL_REPRESENTATION('',(#1067),#1109);
#1067 = B_SPLINE_CURVE_WITH_KNOTS('',6,(#1068,#1069,#1070,#1071,#1072,
    #1073,#1074,#1075,#1076,#1077,#1078,#1079,#1080,#1081,#1082,#1083,
    #1084,#1085,#1086,#1087,#1088,#1089,#1090,#1091,#1092,#1093,#1094,
    #1095,#1096,#1097,#1098,#1099,#1100,#1101,#1102,#1103,#1104,#1105,
    #1106,#1107,#1108),.UNSPECIFIED.,.F.,.F.,(7,5,5,6,6,6,6,7),(0.,
    0.165835387854,0.250072583399,0.336658448585,0.502493836439,
    0.668329224293,0.834164612146,1.),.UNSPECIFIED.);
#1068 = CARTESIAN_POINT('',(6.28318530718,0.));
#1069 = CARTESIAN_POINT('',(6.274180829232,1.139376232659E-04));
#1070 = CARTESIAN_POINT('',(6.265178309791,2.278256742065E-04));
#1071 = CARTESIAN_POINT('',(6.256187032362,3.415302297147E-04));
#1072 = CARTESIAN_POINT('',(6.247215839588,4.549234372483E-04));
#1073 = CARTESIAN_POINT('',(6.238273133254,5.678835148306E-04));
#1074 = CARTESIAN_POINT('',(6.224842883305,7.37394814058E-04));
#1075 = CARTESIAN_POINT('',(6.220328267838,7.943537360235E-04));
#1076 = CARTESIAN_POINT('',(6.215824047148,8.511567208579E-04));
#1077 = CARTESIAN_POINT('',(6.211331183048,9.077898120893E-04));
#1078 = CARTESIAN_POINT('',(6.2068505799,9.642398928622E-04));
#1079 = CARTESIAN_POINT('',(6.197791023363,1.078316289628E-03));
#1080 = CARTESIAN_POINT('',(6.193212840238,1.135942026099E-03));
#1081 = CARTESIAN_POINT('',(6.188649326553,1.193317890194E-03));
#1082 = CARTESIAN_POINT('',(6.184101594509,1.250516580063E-03));
#1083 = CARTESIAN_POINT('',(6.179570029267,1.30740562729E-03));
#1084 = CARTESIAN_POINT('',(6.175055765392,1.364111403157E-03));
#1085 = CARTESIAN_POINT('',(6.174532232588,1.368912301423E-03));
#1086 = CARTESIAN_POINT('',(6.174033647158,1.378611619821E-03));
#1087 = CARTESIAN_POINT('',(6.17352043284,1.385359249304E-03));
#1088 = CARTESIAN_POINT('',(6.172986923181,1.388039856916E-03));
#1089 = CARTESIAN_POINT('',(6.172461361535,1.392272885792E-03));
#1090 = CARTESIAN_POINT('',(6.172005901068,1.410412555153E-03));
#1091 = CARTESIAN_POINT('',(6.172006097473,1.410536201039E-03));
#1092 = CARTESIAN_POINT('',(6.172006181009,1.410604984521E-03));
#1093 = CARTESIAN_POINT('',(6.172006458556,1.410779243964E-03));
#1094 = CARTESIAN_POINT('',(6.172006968771,1.411074574686E-03));
#1095 = CARTESIAN_POINT('',(6.172007482086,1.411361828951E-03));
#1096 = CARTESIAN_POINT('',(6.172007500708,1.411367115973E-03));
#1097 = CARTESIAN_POINT('',(6.172116333792,1.453760800097E-03));
#1098 = CARTESIAN_POINT('',(6.172326781158,1.50961508131E-03));
#1099 = CARTESIAN_POINT('',(6.172419145476,1.549499328758E-03));
#1100 = CARTESIAN_POINT('',(6.17253178425,1.577693921059E-03));
#1101 = CARTESIAN_POINT('',(6.17270719594,1.636153966862E-03));
#1102 = CARTESIAN_POINT('',(6.173225137224,1.798807395006E-03));
#1103 = CARTESIAN_POINT('',(6.173810574837,1.983361379511E-03));
#1104 = CARTESIAN_POINT('',(6.17436008488,2.156547921117E-03));
#1105 = CARTESIAN_POINT('',(6.174966812528,2.34775908382E-03));
#1106 = CARTESIAN_POINT('',(6.175622777167,2.554467539471E-03));
#1107 = CARTESIAN_POINT('',(6.176198093051,2.735733744275E-03));
#1108 = CARTESIAN_POINT('',(6.176420189955,2.805713115292E-03));
#1109 = ( GEOMETRIC_REPRESENTATION_CONTEXT(2) 
PARAMETRIC_REPRESENTATION_CONTEXT() REPRESENTATION_CONTEXT('2D SPACE',''
  ) );
#1110 = PCURVE('',#1111,#1142);
#1111 = B_SPLINE_SURFACE_WITH_KNOTS('',14,1,(
    (#1112,#1113)
    ,(#1114,#1115)
    ,(#1116,#1117)
    ,(#1118,#1119)
    ,(#1120,#1121)
    ,(#1122,#1123)
    ,(#1124,#1125)
    ,(#1126,#1127)
    ,(#1128,#1129)
    ,(#1130,#1131)
    ,(#1132,#1133)
    ,(#1134,#1135)
    ,(#1136,#1137)
    ,(#1138,#1139)
    ,(#1140,#1141
    )),.UNSPECIFIED.,.T.,.F.,.F.,(15,15),(2,2),(0.,6.28318530718),(0.,1.
    ),.PIECEWISE_BEZIER_KNOTS.);
#1112 = CARTESIAN_POINT('',(-2.646952419054E-15,-17.65,18.004));
#1113 = CARTESIAN_POINT('',(-94.11583547543,-11.4,-0.9730812498));
#1114 = CARTESIAN_POINT('',(-0.534468151713,-17.65,20.65466666319));
#1115 = CARTESIAN_POINT('',(-94.23061506903,-11.4,0.176861981115));
#1116 = CARTESIAN_POINT('',(-1.06893650071,-13.82146152482,
    23.305334304803));
#1117 = CARTESIAN_POINT('',(-94.34539470487,-8.927176282316,
    1.326805636499));
#1118 = CARTESIAN_POINT('',(-1.468146654099,-6.164379680073,
    25.285196045478));
#1119 = CARTESIAN_POINT('',(-94.43112699629,-3.98152568573,
    2.185732425924));
#1120 = CARTESIAN_POINT('',(-1.596855471384,4.176177350117,
    25.923520649426));
#1121 = CARTESIAN_POINT('',(-94.45876783016,2.697361008046,
    2.462657875501));
#1122 = CARTESIAN_POINT('',(-1.368299855787,14.91029040616,
    24.790011105267));
#1123 = CARTESIAN_POINT('',(-94.40968441879,9.630442528561,
    1.970905500352));
#1124 = CARTESIAN_POINT('',(-0.792993067127,23.104586034209,
    21.936807372169));
#1125 = CARTESIAN_POINT('',(-94.28613453135,14.923075398954,
    0.733095267517));
#1126 = CARTESIAN_POINT('',(-1.239666306113E-11,26.189574826233,
    18.003999999895));
#1127 = CARTESIAN_POINT('',(-94.1158354759,16.915646063303,
    -0.973081249777));
#1128 = CARTESIAN_POINT('',(0.79299306715,23.104586034206,
    14.071192628015));
#1129 = CARTESIAN_POINT('',(-93.94553641861,14.923075398956,
    -2.67925776716));
#1130 = CARTESIAN_POINT('',(1.36829985577,14.910290406165,
    11.217988894609));
#1131 = CARTESIAN_POINT('',(-93.8219865328,9.630442528558,
    -3.917067999919));
#1132 = CARTESIAN_POINT('',(1.596855471395,4.176177350113,
    10.084479350638));
#1133 = CARTESIAN_POINT('',(-93.77290312019,2.697361008048,
    -4.408820375122));
#1134 = CARTESIAN_POINT('',(1.468146654094,-6.16437968007,
    10.722803954498));
#1135 = CARTESIAN_POINT('',(-93.80054395483,-3.981525685731,
    -4.131894925513));
#1136 = CARTESIAN_POINT('',(1.068936500712,-13.82146152482,
    12.702665695203));
#1137 = CARTESIAN_POINT('',(-93.88627624588,-8.927176282316,
    -3.272968136103));
#1138 = CARTESIAN_POINT('',(0.534468151713,-17.65,15.353333336809));
#1139 = CARTESIAN_POINT('',(-94.00105588184,-11.4,-2.123024480714));
#1140 = CARTESIAN_POINT('',(-1.758773988377E-15,-17.65,18.004));
#1141 = CARTESIAN_POINT('',(-94.11583547543,-11.4,-0.9730812498));
#1142 = DEFINITIONAL_REPRESENTATION('',(#1143),#1185);
#1143 = B_SPLINE_CURVE_WITH_KNOTS('',6,(#1144,#1145,#1146,#1147,#1148,
    #1149,#1150,#1151,#1152,#1153,#1154,#1155,#1156,#1157,#1158,#1159,
    #1160,#1161,#1162,#1163,#1164,#1165,#1166,#1167,#1168,#1169,#1170,
    #1171,#1172,#1173,#1174,#1175,#1176,#1177,#1178,#1179,#1180,#1181,
    #1182,#1183,#1184),.UNSPECIFIED.,.F.,.F.,(7,5,5,6,6,6,6,7),(0.,
    0.165835387854,0.250072583399,0.336658448585,0.502493836439,
    0.668329224293,0.834164612146,1.),.UNSPECIFIED.);
#1144 = CARTESIAN_POINT('',(3.141592668979,0.));
#1145 = CARTESIAN_POINT('',(3.150597119863,1.139368781256E-04));
#1146 = CARTESIAN_POINT('',(3.159599648916,2.278250995428E-04));
#1147 = CARTESIAN_POINT('',(3.168590937778,3.415298303145E-04));
#1148 = CARTESIAN_POINT('',(3.177562128939,4.549228033164E-04));
#1149 = CARTESIAN_POINT('',(3.186504825744,5.678823182376E-04));
#1150 = CARTESIAN_POINT('',(3.199935084242,7.373930686285E-04));
#1151 = CARTESIAN_POINT('',(3.204449700813,7.943516839088E-04));
#1152 = CARTESIAN_POINT('',(3.208953922788,8.511543052866E-04));
#1153 = CARTESIAN_POINT('',(3.21344678846,9.077869421109E-04));
#1154 = CARTESIAN_POINT('',(3.217927393729,9.642363952139E-04));
#1155 = CARTESIAN_POINT('',(3.226986945979,1.078314225168E-03));
#1156 = CARTESIAN_POINT('',(3.231565188802,1.135921184095E-03));
#1157 = CARTESIAN_POINT('',(3.236128571661,1.193338327135E-03));
#1158 = CARTESIAN_POINT('',(3.240676521762,1.25046831928E-03));
#1159 = CARTESIAN_POINT('',(3.245207885062,1.307421059361E-03));
#1160 = CARTESIAN_POINT('',(3.249722394173,1.36404956699E-03));
#1161 = CARTESIAN_POINT('',(3.250235122162,1.372256371482E-03));
#1162 = CARTESIAN_POINT('',(3.250754705494,1.375336719459E-03));
#1163 = CARTESIAN_POINT('',(3.251269790001,1.381494830382E-03));
#1164 = CARTESIAN_POINT('',(3.251778802691,1.391897395187E-03));
#1165 = CARTESIAN_POINT('',(3.252289951743,1.400673576285E-03));
#1166 = CARTESIAN_POINT('',(3.252821226515,1.394915007561E-03));
#1167 = CARTESIAN_POINT('',(3.252821799618,1.394796088413E-03));
#1168 = CARTESIAN_POINT('',(3.252822142186,1.394730555192E-03));
#1169 = CARTESIAN_POINT('',(3.252822949197,1.394562939354E-03));
#1170 = CARTESIAN_POINT('',(3.252824280115,1.394277906686E-03));
#1171 = CARTESIAN_POINT('',(3.252825558889,1.394000257306E-03));
#1172 = CARTESIAN_POINT('',(3.252825573954,1.393994925661E-03));
#1173 = CARTESIAN_POINT('',(3.252983754306,1.35222043082E-03));
#1174 = CARTESIAN_POINT('',(3.253130233916,1.295563942184E-03));
#1175 = CARTESIAN_POINT('',(3.253288309004,1.256504447499E-03));
#1176 = CARTESIAN_POINT('',(3.253356330563,1.227751256474E-03));
#1177 = CARTESIAN_POINT('',(3.253551065879,1.169533168271E-03));
#1178 = CARTESIAN_POINT('',(3.254065252244,1.006838814727E-03));
#1179 = CARTESIAN_POINT('',(3.25465074163,8.222926110786E-04));
#1180 = CARTESIAN_POINT('',(3.255200036354,6.491138298278E-04));
#1181 = CARTESIAN_POINT('',(3.255806466673,4.579134218575E-04));
#1182 = CARTESIAN_POINT('',(3.256461975341,2.512207274188E-04));
#1183 = CARTESIAN_POINT('',(3.257036706632,6.997208677941E-05));
#1184 = CARTESIAN_POINT('',(3.257258595376,-5.491292584164E-10));
#1185 = ( GEOMETRIC_REPRESENTATION_CONTEXT(2) 
PARAMETRIC_REPRESENTATION_CONTEXT() REPRESENTATION_CONTEXT('2D SPACE',''
  ) );
#1186 = ORIENTED_EDGE('',*,*,#1187,.F.);
#1187 = EDGE_CURVE('',#996,#1020,#1188,.T.);
#1188 = SURFACE_CURVE('',#1189,(#1202,#1218),.PCURVE_S1.);
#1189 = B_SPLINE_CURVE_WITH_KNOTS('',6,(#1190,#1191,#1192,#1193,#1194,
    #1195,#1196,#1197,#1198,#1199,#1200,#1201),.UNSPECIFIED.,.F.,.F.,(7,
    5,7),(0.,0.485335593276,1.),.UNSPECIFIED.);
#1190 = CARTESIAN_POINT('',(1.13625119155E-14,17.65,18.004));
#1191 = CARTESIAN_POINT('',(2.352186482292E-02,17.646997994212,
    17.887344549638));
#1192 = CARTESIAN_POINT('',(4.701210378111E-02,17.636978135743,
    17.770845946088));
#1193 = CARTESIAN_POINT('',(7.036299715512E-02,17.619978513623,
    17.655038419626));
#1194 = CARTESIAN_POINT('',(9.348320084716E-02,17.596225726254,
    17.540374986499));
#1195 = CARTESIAN_POINT('',(0.116296069557,17.566080522631,
    17.427235765038));
#1196 = CARTESIAN_POINT('',(0.162536054241,17.491705019252,
    17.197910995143));
#1197 = CARTESIAN_POINT('',(0.185920245512,17.446728605882,
    17.081938329513));
#1198 = CARTESIAN_POINT('',(0.208823537412,17.395563181557,
    16.968350658997));
#1199 = CARTESIAN_POINT('',(0.231206276337,17.338785764642,
    16.857344643563));
#1200 = CARTESIAN_POINT('',(0.253048418925,17.276952968374,
    16.749019687204));
#1201 = CARTESIAN_POINT('',(0.274346095229,17.210563055252,
    16.643394982714));
#1202 = PCURVE('',#768,#1203);
#1203 = DEFINITIONAL_REPRESENTATION('',(#1204),#1217);
#1204 = B_SPLINE_CURVE_WITH_KNOTS('',6,(#1205,#1206,#1207,#1208,#1209,
    #1210,#1211,#1212,#1213,#1214,#1215,#1216),.UNSPECIFIED.,.F.,.F.,(7,
    5,7),(0.,0.485335593276,1.),.UNSPECIFIED.);
#1205 = CARTESIAN_POINT('',(6.28318530718,0.));
#1206 = CARTESIAN_POINT('',(6.264977057203,4.803209261375E-04));
#1207 = CARTESIAN_POINT('',(6.246781241986,9.599401332689E-04));
#1208 = CARTESIAN_POINT('',(6.22867035012,1.436658191356E-03));
#1209 = CARTESIAN_POINT('',(6.210704872998,1.908611766002E-03));
#1210 = CARTESIAN_POINT('',(6.192935403327,2.374238885229E-03));
#1211 = CARTESIAN_POINT('',(6.156814686187,3.317926773277E-03));
#1212 = CARTESIAN_POINT('',(6.138490605622,3.795105152002E-03));
#1213 = CARTESIAN_POINT('',(6.120476478321,4.262415330654E-03));
#1214 = CARTESIAN_POINT('',(6.102797515527,4.719052700396E-03));
#1215 = CARTESIAN_POINT('',(6.085466000014,5.164612936925E-03));
#1216 = CARTESIAN_POINT('',(6.068482970882,5.599021494094E-03));
#1217 = ( GEOMETRIC_REPRESENTATION_CONTEXT(2) 
PARAMETRIC_REPRESENTATION_CONTEXT() REPRESENTATION_CONTEXT('2D SPACE',''
  ) );
#1218 = PCURVE('',#1219,#1224);
#1219 = PLANE('',#1220);
#1220 = AXIS2_PLACEMENT_3D('',#1221,#1222,#1223);
#1221 = CARTESIAN_POINT('',(-2.427506173835E-16,5.610821370668E-32,
    18.004));
#1222 = DIRECTION('',(-0.980271174622,1.200485956297E-16,-0.197657340379
    ));
#1223 = DIRECTION('',(-1.005203068872E-16,-1.,-1.088319628441E-16));
#1224 = DEFINITIONAL_REPRESENTATION('',(#1225),#1238);
#1225 = B_SPLINE_CURVE_WITH_KNOTS('',6,(#1226,#1227,#1228,#1229,#1230,
    #1231,#1232,#1233,#1234,#1235,#1236,#1237),.UNSPECIFIED.,.F.,.F.,(7,
    5,7),(0.,0.485335593276,1.),.UNSPECIFIED.);
#1226 = CARTESIAN_POINT('',(-17.65,-4.973799150321E-14));
#1227 = CARTESIAN_POINT('',(-17.64699799421,-0.119003244594));
#1228 = CARTESIAN_POINT('',(-17.63697813574,-0.237846485696));
#1229 = CARTESIAN_POINT('',(-17.61997851362,-0.35598474117));
#1230 = CARTESIAN_POINT('',(-17.59622572625,-0.472955877418));
#1231 = CARTESIAN_POINT('',(-17.56608052263,-0.588372125891));
#1232 = CARTESIAN_POINT('',(-17.49170501925,-0.822312259838));
#1233 = CARTESIAN_POINT('',(-17.44672860588,-0.940618978053));
#1234 = CARTESIAN_POINT('',(-17.39556318155,-1.056492701014));
#1235 = CARTESIAN_POINT('',(-17.33878576464,-1.1697328108));
#1236 = CARTESIAN_POINT('',(-17.27695296837,-1.280237902823));
#1237 = CARTESIAN_POINT('',(-17.21056305525,-1.387988398018));
#1238 = ( GEOMETRIC_REPRESENTATION_CONTEXT(2) 
PARAMETRIC_REPRESENTATION_CONTEXT() REPRESENTATION_CONTEXT('2D SPACE',''
  ) );
#1239 = ORIENTED_EDGE('',*,*,#1240,.T.);
#1240 = EDGE_CURVE('',#996,#1241,#1243,.T.);
#1241 = VERTEX_POINT('',#1242);
#1242 = CARTESIAN_POINT('',(16.550895910466,16.550895912809,
    14.666753989663));
#1243 = SURFACE_CURVE('',#1244,(#1247,#1254),.PCURVE_S1.);
#1244 = B_SPLINE_CURVE_WITH_KNOTS('',1,(#1245,#1246),.UNSPECIFIED.,.F.,
  .F.,(2,2),(0.,1.),.PIECEWISE_BEZIER_KNOTS.);
#1245 = CARTESIAN_POINT('',(3.394731914021E-16,17.65,18.004));
#1246 = CARTESIAN_POINT('',(94.115835475432,11.4,-0.9730812498));
#1247 = PCURVE('',#768,#1248);
#1248 = DEFINITIONAL_REPRESENTATION('',(#1249),#1253);
#1249 = LINE('',#1250,#1251);
#1250 = CARTESIAN_POINT('',(6.28318530718,0.));
#1251 = VECTOR('',#1252,1.);
#1252 = DIRECTION('',(0.,1.));
#1253 = ( GEOMETRIC_REPRESENTATION_CONTEXT(2) 
PARAMETRIC_REPRESENTATION_CONTEXT() REPRESENTATION_CONTEXT('2D SPACE',''
  ) );
#1254 = PCURVE('',#48,#1255);
#1255 = DEFINITIONAL_REPRESENTATION('',(#1256),#1260);
#1256 = LINE('',#1257,#1258);
#1257 = CARTESIAN_POINT('',(0.,0.));
#1258 = VECTOR('',#1259,1.);
#1259 = DIRECTION('',(0.,1.));
#1260 = ( GEOMETRIC_REPRESENTATION_CONTEXT(2) 
PARAMETRIC_REPRESENTATION_CONTEXT() REPRESENTATION_CONTEXT('2D SPACE',''
  ) );
#1261 = ORIENTED_EDGE('',*,*,#1262,.T.);
#1262 = EDGE_CURVE('',#1241,#550,#1263,.T.);
#1263 = SURFACE_CURVE('',#1264,(#1267,#1274),.PCURVE_S1.);
#1264 = B_SPLINE_CURVE_WITH_KNOTS('',1,(#1265,#1266),.UNSPECIFIED.,.F.,
  .F.,(2,2),(0.,1.),.PIECEWISE_BEZIER_KNOTS.);
#1265 = CARTESIAN_POINT('',(3.394731914021E-16,17.65,18.004));
#1266 = CARTESIAN_POINT('',(94.115835475432,11.4,-0.9730812498));
#1267 = PCURVE('',#768,#1268);
#1268 = DEFINITIONAL_REPRESENTATION('',(#1269),#1273);
#1269 = LINE('',#1270,#1271);
#1270 = CARTESIAN_POINT('',(6.28318530718,0.));
#1271 = VECTOR('',#1272,1.);
#1272 = DIRECTION('',(0.,1.));
#1273 = ( GEOMETRIC_REPRESENTATION_CONTEXT(2) 
PARAMETRIC_REPRESENTATION_CONTEXT() REPRESENTATION_CONTEXT('2D SPACE',''
  ) );
#1274 = PCURVE('',#48,#1275);
#1275 = DEFINITIONAL_REPRESENTATION('',(#1276),#1280);
#1276 = LINE('',#1277,#1278);
#1277 = CARTESIAN_POINT('',(0.,0.));
#1278 = VECTOR('',#1279,1.);
#1279 = DIRECTION('',(0.,1.));
#1280 = ( GEOMETRIC_REPRESENTATION_CONTEXT(2) 
PARAMETRIC_REPRESENTATION_CONTEXT() REPRESENTATION_CONTEXT('2D SPACE',''
  ) );
#1281 = ADVANCED_FACE('',(#1282),#1219,.F.);
#1282 = FACE_BOUND('',#1283,.F.);
#1283 = EDGE_LOOP('',(#1284,#1306));
#1284 = ORIENTED_EDGE('',*,*,#1285,.T.);
#1285 = EDGE_CURVE('',#996,#1020,#1286,.T.);
#1286 = SURFACE_CURVE('',#1287,(#1292,#1299),.PCURVE_S1.);
#1287 = ELLIPSE('',#1288,17.65,6.025);
#1288 = AXIS2_PLACEMENT_3D('',#1289,#1290,#1291);
#1289 = CARTESIAN_POINT('',(-2.427506173835E-16,5.610821370668E-32,
    18.004));
#1290 = DIRECTION('',(-0.980271174622,1.200485956297E-16,-0.197657340379
    ));
#1291 = DIRECTION('',(-1.005203068872E-16,-1.,-1.088319628441E-16));
#1292 = PCURVE('',#1219,#1293);
#1293 = DEFINITIONAL_REPRESENTATION('',(#1294),#1298);
#1294 = ELLIPSE('',#1295,17.65,6.025);
#1295 = AXIS2_PLACEMENT_2D('',#1296,#1297);
#1296 = CARTESIAN_POINT('',(0.,0.));
#1297 = DIRECTION('',(1.,-6.137525191495E-33));
#1298 = ( GEOMETRIC_REPRESENTATION_CONTEXT(2) 
PARAMETRIC_REPRESENTATION_CONTEXT() REPRESENTATION_CONTEXT('2D SPACE',''
  ) );
#1299 = PCURVE('',#1111,#1300);
#1300 = DEFINITIONAL_REPRESENTATION('',(#1301),#1305);
#1301 = LINE('',#1302,#1303);
#1302 = CARTESIAN_POINT('',(0.,0.));
#1303 = VECTOR('',#1304,1.);
#1304 = DIRECTION('',(1.,0.));
#1305 = ( GEOMETRIC_REPRESENTATION_CONTEXT(2) 
PARAMETRIC_REPRESENTATION_CONTEXT() REPRESENTATION_CONTEXT('2D SPACE',''
  ) );
#1306 = ORIENTED_EDGE('',*,*,#1187,.F.);
#1307 = ADVANCED_FACE('',(#1308),#1111,.T.);
#1308 = FACE_BOUND('',#1309,.T.);
#1309 = EDGE_LOOP('',(#1310,#1311));
#1310 = ORIENTED_EDGE('',*,*,#1285,.T.);
#1311 = ORIENTED_EDGE('',*,*,#1019,.F.);
#1312 = ADVANCED_FACE('',(#1313),#983,.F.);
#1313 = FACE_BOUND('',#1314,.F.);
#1314 = EDGE_LOOP('',(#1315,#1347,#1379,#1406,#1461,#1485,#1509,#1536,
    #1563,#1593,#1621,#1622,#1623,#1647,#1671,#1695,#1719,#1743,#1767,
    #1791));
#1315 = ORIENTED_EDGE('',*,*,#1316,.T.);
#1316 = EDGE_CURVE('',#1317,#1319,#1321,.T.);
#1317 = VERTEX_POINT('',#1318);
#1318 = CARTESIAN_POINT('',(-2.22044604925E-16,-14.39122515723,18.004));
#1319 = VERTEX_POINT('',#1320);
#1320 = CARTESIAN_POINT('',(0.82966642214,-4.985689189117,
    22.118686945676));
#1321 = SURFACE_CURVE('',#1322,(#1327,#1334),.PCURVE_S1.);
#1322 = HYPERBOLA('',#1323,0.579458238121,1.283856335117);
#1323 = AXIS2_PLACEMENT_3D('',#1324,#1325,#1326);
#1324 = CARTESIAN_POINT('',(1.288955067596,-7.856166798303E-34,
    24.396504805153));
#1325 = DIRECTION('',(0.980271174622,-5.974741904509E-34,-0.197657340379
    ));
#1326 = DIRECTION('',(-0.197657340379,1.204719290815E-34,-0.980271174622
    ));
#1327 = PCURVE('',#983,#1328);
#1328 = DEFINITIONAL_REPRESENTATION('',(#1329),#1333);
#1329 = ( BOUNDED_CURVE() B_SPLINE_CURVE(2,(#1330,#1331,#1332),
.UNSPECIFIED.,.F.,.F.) B_SPLINE_CURVE_WITH_KNOTS((3,3),(-3.497253535528,
-2.066030475874),.PIECEWISE_BEZIER_KNOTS.) CURVE() 
GEOMETRIC_REPRESENTATION_ITEM() RATIONAL_B_SPLINE_CURVE((1.,
1.267165096688,1.)) REPRESENTATION_ITEM('') );
#1330 = CARTESIAN_POINT('',(-21.18,-3.055809392022));
#1331 = CARTESIAN_POINT('',(-8.147714047437,2.81543151101));
#1332 = CARTESIAN_POINT('',(-4.985689189117,4.197498663841));
#1333 = ( GEOMETRIC_REPRESENTATION_CONTEXT(2) 
PARAMETRIC_REPRESENTATION_CONTEXT() REPRESENTATION_CONTEXT('2D SPACE',''
  ) );
#1334 = PCURVE('',#730,#1335);
#1335 = DEFINITIONAL_REPRESENTATION('',(#1336),#1346);
#1336 = B_SPLINE_CURVE_WITH_KNOTS('',8,(#1337,#1338,#1339,#1340,#1341,
    #1342,#1343,#1344,#1345),.UNSPECIFIED.,.F.,.F.,(9,9),(
    -3.497253535528,-2.066030475874),.PIECEWISE_BEZIER_KNOTS.);
#1337 = CARTESIAN_POINT('',(-4.683879088936,-0.863478137863));
#1338 = CARTESIAN_POINT('',(-4.69471913896,-2.53994602537));
#1339 = CARTESIAN_POINT('',(-4.707783380309,-3.873013536389));
#1340 = CARTESIAN_POINT('',(-4.723605781875,-4.944443143713));
#1341 = CARTESIAN_POINT('',(-4.742870760616,-5.812556651657));
#1342 = CARTESIAN_POINT('',(-4.766479367827,-6.520580955659));
#1343 = CARTESIAN_POINT('',(-4.795601360547,-7.101099550377));
#1344 = CARTESIAN_POINT('',(-4.831843452897,-7.579052959716));
#1345 = CARTESIAN_POINT('',(-4.877287504737,-7.973686945676));
#1346 = ( GEOMETRIC_REPRESENTATION_CONTEXT(2) 
PARAMETRIC_REPRESENTATION_CONTEXT() REPRESENTATION_CONTEXT('2D SPACE',''
  ) );
#1347 = ORIENTED_EDGE('',*,*,#1348,.T.);
#1348 = EDGE_CURVE('',#1319,#1349,#1351,.T.);
#1349 = VERTEX_POINT('',#1350);
#1350 = CARTESIAN_POINT('',(9.284506626886E-16,-5.05425,18.004));
#1351 = SURFACE_CURVE('',#1352,(#1357,#1364),.PCURVE_S1.);
#1352 = ELLIPSE('',#1353,25.570768028678,5.05425);
#1353 = AXIS2_PLACEMENT_3D('',#1354,#1355,#1356);
#1354 = CARTESIAN_POINT('',(0.,0.,18.004));
#1355 = DIRECTION('',(0.980271174622,-5.974741904509E-34,-0.197657340379
    ));
#1356 = DIRECTION('',(-0.197657340379,1.204719290815E-34,-0.980271174622
    ));
#1357 = PCURVE('',#983,#1358);
#1358 = DEFINITIONAL_REPRESENTATION('',(#1359),#1363);
#1359 = ELLIPSE('',#1360,25.570768028678,5.05425);
#1360 = AXIS2_PLACEMENT_2D('',#1361,#1362);
#1361 = CARTESIAN_POINT('',(3.919758131876E-31,-3.53060425242E-15));
#1362 = DIRECTION('',(1.110223024625E-16,-1.));
#1363 = ( GEOMETRIC_REPRESENTATION_CONTEXT(2) 
PARAMETRIC_REPRESENTATION_CONTEXT() REPRESENTATION_CONTEXT('2D SPACE',''
  ) );
#1364 = PCURVE('',#1365,#1370);
#1365 = CYLINDRICAL_SURFACE('',#1366,5.05425);
#1366 = AXIS2_PLACEMENT_3D('',#1367,#1368,#1369);
#1367 = CARTESIAN_POINT('',(0.,0.,23.685));
#1368 = DIRECTION('',(0.,0.,-1.));
#1369 = DIRECTION('',(-1.,0.,0.));
#1370 = DEFINITIONAL_REPRESENTATION('',(#1371),#1378);
#1371 = B_SPLINE_CURVE_WITH_KNOTS('',5,(#1372,#1373,#1374,#1375,#1376,
    #1377),.UNSPECIFIED.,.F.,.F.,(6,6),(4.547490431767,4.999043384332),
  .PIECEWISE_BEZIER_KNOTS.);
#1372 = CARTESIAN_POINT('',(4.547490431767,1.566312454324));
#1373 = CARTESIAN_POINT('',(4.63780102228,3.799355865154));
#1374 = CARTESIAN_POINT('',(4.728111612793,6.074348758343));
#1375 = CARTESIAN_POINT('',(4.818422203306,8.353347019531));
#1376 = CARTESIAN_POINT('',(4.908732793819,10.596981361225));
#1377 = CARTESIAN_POINT('',(4.999043384332,12.768360592515));
#1378 = ( GEOMETRIC_REPRESENTATION_CONTEXT(2) 
PARAMETRIC_REPRESENTATION_CONTEXT() REPRESENTATION_CONTEXT('2D SPACE',''
  ) );
#1379 = ORIENTED_EDGE('',*,*,#1380,.T.);
#1380 = EDGE_CURVE('',#1349,#1381,#1383,.T.);
#1381 = VERTEX_POINT('',#1382);
#1382 = CARTESIAN_POINT('',(-1.143619906589,-4.923167331277,
    12.332277275196));
#1383 = SURFACE_CURVE('',#1384,(#1389,#1396),.PCURVE_S1.);
#1384 = ELLIPSE('',#1385,25.570768028678,5.05425);
#1385 = AXIS2_PLACEMENT_3D('',#1386,#1387,#1388);
#1386 = CARTESIAN_POINT('',(0.,0.,18.004));
#1387 = DIRECTION('',(0.980271174622,-5.974741904509E-34,-0.197657340379
    ));
#1388 = DIRECTION('',(-0.197657340379,1.204719290815E-34,-0.980271174622
    ));
#1389 = PCURVE('',#983,#1390);
#1390 = DEFINITIONAL_REPRESENTATION('',(#1391),#1395);
#1391 = ELLIPSE('',#1392,25.570768028678,5.05425);
#1392 = AXIS2_PLACEMENT_2D('',#1393,#1394);
#1393 = CARTESIAN_POINT('',(3.919758131876E-31,-3.53060425242E-15));
#1394 = DIRECTION('',(1.110223024625E-16,-1.));
#1395 = ( GEOMETRIC_REPRESENTATION_CONTEXT(2) 
PARAMETRIC_REPRESENTATION_CONTEXT() REPRESENTATION_CONTEXT('2D SPACE',''
  ) );
#1396 = PCURVE('',#1365,#1397);
#1397 = DEFINITIONAL_REPRESENTATION('',(#1398),#1405);
#1398 = B_SPLINE_CURVE_WITH_KNOTS('',5,(#1399,#1400,#1401,#1402,#1403,
    #1404),.UNSPECIFIED.,.F.,.F.,(6,6),(4.547490431767,4.999043384332),
  .PIECEWISE_BEZIER_KNOTS.);
#1399 = CARTESIAN_POINT('',(4.547490431767,1.566312454324));
#1400 = CARTESIAN_POINT('',(4.63780102228,3.799355865154));
#1401 = CARTESIAN_POINT('',(4.728111612793,6.074348758343));
#1402 = CARTESIAN_POINT('',(4.818422203306,8.353347019531));
#1403 = CARTESIAN_POINT('',(4.908732793819,10.596981361225));
#1404 = CARTESIAN_POINT('',(4.999043384332,12.768360592515));
#1405 = ( GEOMETRIC_REPRESENTATION_CONTEXT(2) 
PARAMETRIC_REPRESENTATION_CONTEXT() REPRESENTATION_CONTEXT('2D SPACE',''
  ) );
#1406 = ORIENTED_EDGE('',*,*,#1407,.T.);
#1407 = EDGE_CURVE('',#1381,#1408,#1410,.T.);
#1408 = VERTEX_POINT('',#1409);
#1409 = CARTESIAN_POINT('',(-1.18818393941,-1.18818393941,
    12.111264300339));
#1410 = SURFACE_CURVE('',#1411,(#1416,#1423),.PCURVE_S1.);
#1411 = ELLIPSE('',#1412,17.65,6.025);
#1412 = AXIS2_PLACEMENT_3D('',#1413,#1414,#1415);
#1413 = CARTESIAN_POINT('',(2.427506173835E-16,0.,18.004));
#1414 = DIRECTION('',(0.980271174622,-5.974741904509E-34,-0.197657340379
    ));
#1415 = DIRECTION('',(-2.194437302751E-17,1.,-1.088319628441E-16));
#1416 = PCURVE('',#983,#1417);
#1417 = DEFINITIONAL_REPRESENTATION('',(#1418),#1422);
#1418 = ELLIPSE('',#1419,17.65,6.025);
#1419 = AXIS2_PLACEMENT_2D('',#1420,#1421);
#1420 = CARTESIAN_POINT('',(0.,0.));
#1421 = DIRECTION('',(1.,-6.623878286709E-33));
#1422 = ( GEOMETRIC_REPRESENTATION_CONTEXT(2) 
PARAMETRIC_REPRESENTATION_CONTEXT() REPRESENTATION_CONTEXT('2D SPACE',''
  ) );
#1423 = PCURVE('',#1424,#1455);
#1424 = B_SPLINE_SURFACE_WITH_KNOTS('',14,1,(
    (#1425,#1426)
    ,(#1427,#1428)
    ,(#1429,#1430)
    ,(#1431,#1432)
    ,(#1433,#1434)
    ,(#1435,#1436)
    ,(#1437,#1438)
    ,(#1439,#1440)
    ,(#1441,#1442)
    ,(#1443,#1444)
    ,(#1445,#1446)
    ,(#1447,#1448)
    ,(#1449,#1450)
    ,(#1451,#1452)
    ,(#1453,#1454
    )),.UNSPECIFIED.,.T.,.F.,.F.,(15,15),(2,2),(0.,6.28318530718),(0.,1.
    ),.PIECEWISE_BEZIER_KNOTS.);
#1425 = CARTESIAN_POINT('',(3.394731914021E-16,17.65,18.004));
#1426 = CARTESIAN_POINT('',(94.115835475432,11.4,-0.9730812498));
#1427 = CARTESIAN_POINT('',(0.534468151713,17.650000000001,
    20.65466666319));
#1428 = CARTESIAN_POINT('',(94.230615069012,11.400000000001,
    0.176861981115));
#1429 = CARTESIAN_POINT('',(1.06893650071,13.821461524828,
    23.305334304803));
#1430 = CARTESIAN_POINT('',(94.345394704995,8.927176282325,
    1.326805636499));
#1431 = CARTESIAN_POINT('',(1.4681466541,6.164379680059,25.285196045478)
  );
#1432 = CARTESIAN_POINT('',(94.431126995946,3.981525685706,
    2.185732425924));
#1433 = CARTESIAN_POINT('',(1.596855471383,-4.17617735009,
    25.923520649426));
#1434 = CARTESIAN_POINT('',(94.458767830894,-2.697361007996,
    2.462657875501));
#1435 = CARTESIAN_POINT('',(1.36829985579,-14.9102904062,24.790011105267
    ));
#1436 = CARTESIAN_POINT('',(94.409684417586,-9.630442528642,
    1.970905500352));
#1437 = CARTESIAN_POINT('',(0.792993067124,-23.10458603414,
    21.936807372169));
#1438 = CARTESIAN_POINT('',(94.286134532974,-14.92307539884,
    0.733095267517));
#1439 = CARTESIAN_POINT('',(1.553353767252E-11,-26.1895748263,
    18.003999999895));
#1440 = CARTESIAN_POINT('',(94.115835474119,-16.91564606342,
    -0.973081249777));
#1441 = CARTESIAN_POINT('',(-0.792993067153,-23.10458603414,
    14.071192628015));
#1442 = CARTESIAN_POINT('',(93.945536420238,-14.92307539884,
    -2.67925776716));
#1443 = CARTESIAN_POINT('',(-1.368299855767,-14.91029040621,
    11.217988894609));
#1444 = CARTESIAN_POINT('',(93.821986531597,-9.630442528637,
    -3.917067999919));
#1445 = CARTESIAN_POINT('',(-1.596855471397,-4.176177350082,
    10.084479350638));
#1446 = CARTESIAN_POINT('',(93.772903120923,-2.697361008,-4.408820375122
    ));
#1447 = CARTESIAN_POINT('',(-1.468146654093,6.164379680055,
    10.722803954498));
#1448 = CARTESIAN_POINT('',(93.800543954496,3.981525685709,
    -4.131894925513));
#1449 = CARTESIAN_POINT('',(-1.068936500713,13.82146152483,
    12.702665695203));
#1450 = CARTESIAN_POINT('',(93.886276246006,8.927176282324,
    -3.272968136103));
#1451 = CARTESIAN_POINT('',(-0.534468151713,17.650000000001,
    15.353333336809));
#1452 = CARTESIAN_POINT('',(94.001055881824,11.400000000001,
    -2.123024480714));
#1453 = CARTESIAN_POINT('',(-5.487052392743E-16,17.65,18.004));
#1454 = CARTESIAN_POINT('',(94.115835475432,11.4,-0.9730812498));
#1455 = DEFINITIONAL_REPRESENTATION('',(#1456),#1460);
#1456 = LINE('',#1457,#1458);
#1457 = CARTESIAN_POINT('',(0.,0.));
#1458 = VECTOR('',#1459,1.);
#1459 = DIRECTION('',(1.,0.));
#1460 = ( GEOMETRIC_REPRESENTATION_CONTEXT(2) 
PARAMETRIC_REPRESENTATION_CONTEXT() REPRESENTATION_CONTEXT('2D SPACE',''
  ) );
#1461 = ORIENTED_EDGE('',*,*,#1462,.T.);
#1462 = EDGE_CURVE('',#1408,#1463,#1465,.T.);
#1463 = VERTEX_POINT('',#1464);
#1464 = CARTESIAN_POINT('',(-1.18818393941,1.18818393941,12.111264300339
    ));
#1465 = SURFACE_CURVE('',#1466,(#1471,#1478),.PCURVE_S1.);
#1466 = ELLIPSE('',#1467,17.65,6.025);
#1467 = AXIS2_PLACEMENT_3D('',#1468,#1469,#1470);
#1468 = CARTESIAN_POINT('',(2.427506173835E-16,0.,18.004));
#1469 = DIRECTION('',(0.980271174622,-5.974741904509E-34,-0.197657340379
    ));
#1470 = DIRECTION('',(-2.194437302751E-17,1.,-1.088319628441E-16));
#1471 = PCURVE('',#983,#1472);
#1472 = DEFINITIONAL_REPRESENTATION('',(#1473),#1477);
#1473 = ELLIPSE('',#1474,17.65,6.025);
#1474 = AXIS2_PLACEMENT_2D('',#1475,#1476);
#1475 = CARTESIAN_POINT('',(0.,0.));
#1476 = DIRECTION('',(1.,-6.623878286709E-33));
#1477 = ( GEOMETRIC_REPRESENTATION_CONTEXT(2) 
PARAMETRIC_REPRESENTATION_CONTEXT() REPRESENTATION_CONTEXT('2D SPACE',''
  ) );
#1478 = PCURVE('',#1424,#1479);
#1479 = DEFINITIONAL_REPRESENTATION('',(#1480),#1484);
#1480 = LINE('',#1481,#1482);
#1481 = CARTESIAN_POINT('',(0.,0.));
#1482 = VECTOR('',#1483,1.);
#1483 = DIRECTION('',(1.,0.));
#1484 = ( GEOMETRIC_REPRESENTATION_CONTEXT(2) 
PARAMETRIC_REPRESENTATION_CONTEXT() REPRESENTATION_CONTEXT('2D SPACE',''
  ) );
#1485 = ORIENTED_EDGE('',*,*,#1486,.T.);
#1486 = EDGE_CURVE('',#1463,#1487,#1489,.T.);
#1487 = VERTEX_POINT('',#1488);
#1488 = CARTESIAN_POINT('',(-1.143619906589,4.923167331277,
    12.332277275196));
#1489 = SURFACE_CURVE('',#1490,(#1495,#1502),.PCURVE_S1.);
#1490 = ELLIPSE('',#1491,17.65,6.025);
#1491 = AXIS2_PLACEMENT_3D('',#1492,#1493,#1494);
#1492 = CARTESIAN_POINT('',(2.427506173835E-16,0.,18.004));
#1493 = DIRECTION('',(0.980271174622,-5.974741904509E-34,-0.197657340379
    ));
#1494 = DIRECTION('',(-2.194437302751E-17,1.,-1.088319628441E-16));
#1495 = PCURVE('',#983,#1496);
#1496 = DEFINITIONAL_REPRESENTATION('',(#1497),#1501);
#1497 = ELLIPSE('',#1498,17.65,6.025);
#1498 = AXIS2_PLACEMENT_2D('',#1499,#1500);
#1499 = CARTESIAN_POINT('',(0.,0.));
#1500 = DIRECTION('',(1.,-6.623878286709E-33));
#1501 = ( GEOMETRIC_REPRESENTATION_CONTEXT(2) 
PARAMETRIC_REPRESENTATION_CONTEXT() REPRESENTATION_CONTEXT('2D SPACE',''
  ) );
#1502 = PCURVE('',#1424,#1503);
#1503 = DEFINITIONAL_REPRESENTATION('',(#1504),#1508);
#1504 = LINE('',#1505,#1506);
#1505 = CARTESIAN_POINT('',(0.,0.));
#1506 = VECTOR('',#1507,1.);
#1507 = DIRECTION('',(1.,0.));
#1508 = ( GEOMETRIC_REPRESENTATION_CONTEXT(2) 
PARAMETRIC_REPRESENTATION_CONTEXT() REPRESENTATION_CONTEXT('2D SPACE',''
  ) );
#1509 = ORIENTED_EDGE('',*,*,#1510,.T.);
#1510 = EDGE_CURVE('',#1487,#1511,#1513,.T.);
#1511 = VERTEX_POINT('',#1512);
#1512 = CARTESIAN_POINT('',(-3.094835542295E-16,5.05425,18.004));
#1513 = SURFACE_CURVE('',#1514,(#1519,#1526),.PCURVE_S1.);
#1514 = ELLIPSE('',#1515,25.570768028678,5.05425);
#1515 = AXIS2_PLACEMENT_3D('',#1516,#1517,#1518);
#1516 = CARTESIAN_POINT('',(0.,0.,18.004));
#1517 = DIRECTION('',(0.980271174622,-5.974741904509E-34,-0.197657340379
    ));
#1518 = DIRECTION('',(-0.197657340379,1.204719290815E-34,-0.980271174622
    ));
#1519 = PCURVE('',#983,#1520);
#1520 = DEFINITIONAL_REPRESENTATION('',(#1521),#1525);
#1521 = ELLIPSE('',#1522,25.570768028678,5.05425);
#1522 = AXIS2_PLACEMENT_2D('',#1523,#1524);
#1523 = CARTESIAN_POINT('',(3.919758131876E-31,-3.53060425242E-15));
#1524 = DIRECTION('',(1.110223024625E-16,-1.));
#1525 = ( GEOMETRIC_REPRESENTATION_CONTEXT(2) 
PARAMETRIC_REPRESENTATION_CONTEXT() REPRESENTATION_CONTEXT('2D SPACE',''
  ) );
#1526 = PCURVE('',#1365,#1527);
#1527 = DEFINITIONAL_REPRESENTATION('',(#1528),#1535);
#1528 = B_SPLINE_CURVE_WITH_KNOTS('',5,(#1529,#1530,#1531,#1532,#1533,
    #1534),.UNSPECIFIED.,.F.,.F.,(6,6),(1.342550737237,1.735694851147),
  .PIECEWISE_BEZIER_KNOTS.);
#1529 = CARTESIAN_POINT('',(1.342550737237,11.352722754272));
#1530 = CARTESIAN_POINT('',(1.421179560019,9.432906563606));
#1531 = CARTESIAN_POINT('',(1.499808382801,7.469258495389));
#1532 = CARTESIAN_POINT('',(1.578437205583,5.486505915773));
#1533 = CARTESIAN_POINT('',(1.657066028365,3.510510012024));
#1534 = CARTESIAN_POINT('',(1.735694851147,1.566313054324));
#1535 = ( GEOMETRIC_REPRESENTATION_CONTEXT(2) 
PARAMETRIC_REPRESENTATION_CONTEXT() REPRESENTATION_CONTEXT('2D SPACE',''
  ) );
#1536 = ORIENTED_EDGE('',*,*,#1537,.T.);
#1537 = EDGE_CURVE('',#1511,#1538,#1540,.T.);
#1538 = VERTEX_POINT('',#1539);
#1539 = CARTESIAN_POINT('',(0.82966642214,4.985689189117,22.118686945676
    ));
#1540 = SURFACE_CURVE('',#1541,(#1546,#1553),.PCURVE_S1.);
#1541 = ELLIPSE('',#1542,25.570768028678,5.05425);
#1542 = AXIS2_PLACEMENT_3D('',#1543,#1544,#1545);
#1543 = CARTESIAN_POINT('',(0.,0.,18.004));
#1544 = DIRECTION('',(0.980271174622,-5.974741904509E-34,-0.197657340379
    ));
#1545 = DIRECTION('',(-0.197657340379,1.204719290815E-34,-0.980271174622
    ));
#1546 = PCURVE('',#983,#1547);
#1547 = DEFINITIONAL_REPRESENTATION('',(#1548),#1552);
#1548 = ELLIPSE('',#1549,25.570768028678,5.05425);
#1549 = AXIS2_PLACEMENT_2D('',#1550,#1551);
#1550 = CARTESIAN_POINT('',(3.919758131876E-31,-3.53060425242E-15));
#1551 = DIRECTION('',(1.110223024625E-16,-1.));
#1552 = ( GEOMETRIC_REPRESENTATION_CONTEXT(2) 
PARAMETRIC_REPRESENTATION_CONTEXT() REPRESENTATION_CONTEXT('2D SPACE',''
  ) );
#1553 = PCURVE('',#1365,#1554);
#1554 = DEFINITIONAL_REPRESENTATION('',(#1555),#1562);
#1555 = B_SPLINE_CURVE_WITH_KNOTS('',5,(#1556,#1557,#1558,#1559,#1560,
    #1561),.UNSPECIFIED.,.F.,.F.,(6,6),(1.342550737237,1.735694851147),
  .PIECEWISE_BEZIER_KNOTS.);
#1556 = CARTESIAN_POINT('',(1.342550737237,11.352722754272));
#1557 = CARTESIAN_POINT('',(1.421179560019,9.432906563606));
#1558 = CARTESIAN_POINT('',(1.499808382801,7.469258495389));
#1559 = CARTESIAN_POINT('',(1.578437205583,5.486505915773));
#1560 = CARTESIAN_POINT('',(1.657066028365,3.510510012024));
#1561 = CARTESIAN_POINT('',(1.735694851147,1.566313054324));
#1562 = ( GEOMETRIC_REPRESENTATION_CONTEXT(2) 
PARAMETRIC_REPRESENTATION_CONTEXT() REPRESENTATION_CONTEXT('2D SPACE',''
  ) );
#1563 = ORIENTED_EDGE('',*,*,#1564,.T.);
#1564 = EDGE_CURVE('',#1538,#1565,#1567,.T.);
#1565 = VERTEX_POINT('',#1566);
#1566 = CARTESIAN_POINT('',(1.33226762955E-15,14.391225157233,18.004));
#1567 = SURFACE_CURVE('',#1568,(#1573,#1580),.PCURVE_S1.);
#1568 = HYPERBOLA('',#1569,0.579458238121,1.283856335117);
#1569 = AXIS2_PLACEMENT_3D('',#1570,#1571,#1572);
#1570 = CARTESIAN_POINT('',(1.288955067596,-7.856166798303E-34,
    24.396504805153));
#1571 = DIRECTION('',(0.980271174622,-5.974741904509E-34,-0.197657340379
    ));
#1572 = DIRECTION('',(-0.197657340379,1.204719290815E-34,-0.980271174622
    ));
#1573 = PCURVE('',#983,#1574);
#1574 = DEFINITIONAL_REPRESENTATION('',(#1575),#1579);
#1575 = ( BOUNDED_CURVE() B_SPLINE_CURVE(2,(#1576,#1577,#1578),
.UNSPECIFIED.,.F.,.F.) B_SPLINE_CURVE_WITH_KNOTS((3,3),(2.066030475874,
3.497253535528),.PIECEWISE_BEZIER_KNOTS.) CURVE() 
GEOMETRIC_REPRESENTATION_ITEM() RATIONAL_B_SPLINE_CURVE((1.,
1.267165096688,1.)) REPRESENTATION_ITEM('') );
#1576 = CARTESIAN_POINT('',(4.985689189117,4.197498663841));
#1577 = CARTESIAN_POINT('',(8.147714047437,2.81543151101));
#1578 = CARTESIAN_POINT('',(21.18,-3.055809392022));
#1579 = ( GEOMETRIC_REPRESENTATION_CONTEXT(2) 
PARAMETRIC_REPRESENTATION_CONTEXT() REPRESENTATION_CONTEXT('2D SPACE',''
  ) );
#1580 = PCURVE('',#730,#1581);
#1581 = DEFINITIONAL_REPRESENTATION('',(#1582),#1592);
#1582 = B_SPLINE_CURVE_WITH_KNOTS('',8,(#1583,#1584,#1585,#1586,#1587,
    #1588,#1589,#1590,#1591),.UNSPECIFIED.,.F.,.F.,(9,9),(2.066030475874
    ,3.497253535528),.PIECEWISE_BEZIER_KNOTS.);
#1583 = CARTESIAN_POINT('',(-1.405897802443,-7.973686945676));
#1584 = CARTESIAN_POINT('',(-1.451341854283,-7.579052959716));
#1585 = CARTESIAN_POINT('',(-1.48758394663,-7.101099550366));
#1586 = CARTESIAN_POINT('',(-1.51670593935,-6.520580955695));
#1587 = CARTESIAN_POINT('',(-1.540314546538,-5.812556651605));
#1588 = CARTESIAN_POINT('',(-1.559579525302,-4.944443143755));
#1589 = CARTESIAN_POINT('',(-1.575401926867,-3.873013536375));
#1590 = CARTESIAN_POINT('',(-1.588466168219,-2.53994602537));
#1591 = CARTESIAN_POINT('',(-1.599306218243,-0.863478137863));
#1592 = ( GEOMETRIC_REPRESENTATION_CONTEXT(2) 
PARAMETRIC_REPRESENTATION_CONTEXT() REPRESENTATION_CONTEXT('2D SPACE',''
  ) );
#1593 = ORIENTED_EDGE('',*,*,#1594,.T.);
#1594 = EDGE_CURVE('',#1565,#833,#1595,.T.);
#1595 = SURFACE_CURVE('',#1596,(#1601,#1608),.PCURVE_S1.);
#1596 = HYPERBOLA('',#1597,0.579458238121,1.283856335117);
#1597 = AXIS2_PLACEMENT_3D('',#1598,#1599,#1600);
#1598 = CARTESIAN_POINT('',(1.288955067596,-7.856166798303E-34,
    24.396504805153));
#1599 = DIRECTION('',(0.980271174622,-5.974741904509E-34,-0.197657340379
    ));
#1600 = DIRECTION('',(-0.197657340379,1.204719290815E-34,-0.980271174622
    ));
#1601 = PCURVE('',#983,#1602);
#1602 = DEFINITIONAL_REPRESENTATION('',(#1603),#1607);
#1603 = ( BOUNDED_CURVE() B_SPLINE_CURVE(2,(#1604,#1605,#1606),
.UNSPECIFIED.,.F.,.F.) B_SPLINE_CURVE_WITH_KNOTS((3,3),(2.066030475874,
3.497253535528),.PIECEWISE_BEZIER_KNOTS.) CURVE() 
GEOMETRIC_REPRESENTATION_ITEM() RATIONAL_B_SPLINE_CURVE((1.,
1.267165096688,1.)) REPRESENTATION_ITEM('') );
#1604 = CARTESIAN_POINT('',(4.985689189117,4.197498663841));
#1605 = CARTESIAN_POINT('',(8.147714047437,2.81543151101));
#1606 = CARTESIAN_POINT('',(21.18,-3.055809392022));
#1607 = ( GEOMETRIC_REPRESENTATION_CONTEXT(2) 
PARAMETRIC_REPRESENTATION_CONTEXT() REPRESENTATION_CONTEXT('2D SPACE',''
  ) );
#1608 = PCURVE('',#730,#1609);
#1609 = DEFINITIONAL_REPRESENTATION('',(#1610),#1620);
#1610 = B_SPLINE_CURVE_WITH_KNOTS('',8,(#1611,#1612,#1613,#1614,#1615,
    #1616,#1617,#1618,#1619),.UNSPECIFIED.,.F.,.F.,(9,9),(2.066030475874
    ,3.497253535528),.PIECEWISE_BEZIER_KNOTS.);
#1611 = CARTESIAN_POINT('',(-1.405897802443,-7.973686945676));
#1612 = CARTESIAN_POINT('',(-1.451341854283,-7.579052959716));
#1613 = CARTESIAN_POINT('',(-1.48758394663,-7.101099550366));
#1614 = CARTESIAN_POINT('',(-1.51670593935,-6.520580955695));
#1615 = CARTESIAN_POINT('',(-1.540314546538,-5.812556651605));
#1616 = CARTESIAN_POINT('',(-1.559579525302,-4.944443143755));
#1617 = CARTESIAN_POINT('',(-1.575401926867,-3.873013536375));
#1618 = CARTESIAN_POINT('',(-1.588466168219,-2.53994602537));
#1619 = CARTESIAN_POINT('',(-1.599306218243,-0.863478137863));
#1620 = ( GEOMETRIC_REPRESENTATION_CONTEXT(2) 
PARAMETRIC_REPRESENTATION_CONTEXT() REPRESENTATION_CONTEXT('2D SPACE',''
  ) );
#1621 = ORIENTED_EDGE('',*,*,#966,.T.);
#1622 = ORIENTED_EDGE('',*,*,#995,.T.);
#1623 = ORIENTED_EDGE('',*,*,#1624,.T.);
#1624 = EDGE_CURVE('',#996,#1625,#1627,.T.);
#1625 = VERTEX_POINT('',#1626);
#1626 = CARTESIAN_POINT('',(0.462327159982,16.26564273157,
    20.296887212314));
#1627 = SURFACE_CURVE('',#1628,(#1633,#1640),.PCURVE_S1.);
#1628 = ELLIPSE('',#1629,17.65,6.025);
#1629 = AXIS2_PLACEMENT_3D('',#1630,#1631,#1632);
#1630 = CARTESIAN_POINT('',(2.427506173835E-16,0.,18.004));
#1631 = DIRECTION('',(0.980271174622,-5.974741904509E-34,-0.197657340379
    ));
#1632 = DIRECTION('',(-2.194437302751E-17,1.,-1.088319628441E-16));
#1633 = PCURVE('',#983,#1634);
#1634 = DEFINITIONAL_REPRESENTATION('',(#1635),#1639);
#1635 = ELLIPSE('',#1636,17.65,6.025);
#1636 = AXIS2_PLACEMENT_2D('',#1637,#1638);
#1637 = CARTESIAN_POINT('',(0.,0.));
#1638 = DIRECTION('',(1.,-6.623878286709E-33));
#1639 = ( GEOMETRIC_REPRESENTATION_CONTEXT(2) 
PARAMETRIC_REPRESENTATION_CONTEXT() REPRESENTATION_CONTEXT('2D SPACE',''
  ) );
#1640 = PCURVE('',#48,#1641);
#1641 = DEFINITIONAL_REPRESENTATION('',(#1642),#1646);
#1642 = LINE('',#1643,#1644);
#1643 = CARTESIAN_POINT('',(0.,0.));
#1644 = VECTOR('',#1645,1.);
#1645 = DIRECTION('',(1.,0.));
#1646 = ( GEOMETRIC_REPRESENTATION_CONTEXT(2) 
PARAMETRIC_REPRESENTATION_CONTEXT() REPRESENTATION_CONTEXT('2D SPACE',''
  ) );
#1647 = ORIENTED_EDGE('',*,*,#1648,.T.);
#1648 = EDGE_CURVE('',#1625,#1649,#1651,.T.);
#1649 = VERTEX_POINT('',#1650);
#1650 = CARTESIAN_POINT('',(1.18818393941,1.18818393941,23.896735699661)
  );
#1651 = SURFACE_CURVE('',#1652,(#1657,#1664),.PCURVE_S1.);
#1652 = ELLIPSE('',#1653,17.65,6.025);
#1653 = AXIS2_PLACEMENT_3D('',#1654,#1655,#1656);
#1654 = CARTESIAN_POINT('',(2.427506173835E-16,0.,18.004));
#1655 = DIRECTION('',(0.980271174622,-5.974741904509E-34,-0.197657340379
    ));
#1656 = DIRECTION('',(-2.194437302751E-17,1.,-1.088319628441E-16));
#1657 = PCURVE('',#983,#1658);
#1658 = DEFINITIONAL_REPRESENTATION('',(#1659),#1663);
#1659 = ELLIPSE('',#1660,17.65,6.025);
#1660 = AXIS2_PLACEMENT_2D('',#1661,#1662);
#1661 = CARTESIAN_POINT('',(0.,0.));
#1662 = DIRECTION('',(1.,-6.623878286709E-33));
#1663 = ( GEOMETRIC_REPRESENTATION_CONTEXT(2) 
PARAMETRIC_REPRESENTATION_CONTEXT() REPRESENTATION_CONTEXT('2D SPACE',''
  ) );
#1664 = PCURVE('',#48,#1665);
#1665 = DEFINITIONAL_REPRESENTATION('',(#1666),#1670);
#1666 = LINE('',#1667,#1668);
#1667 = CARTESIAN_POINT('',(0.,0.));
#1668 = VECTOR('',#1669,1.);
#1669 = DIRECTION('',(1.,0.));
#1670 = ( GEOMETRIC_REPRESENTATION_CONTEXT(2) 
PARAMETRIC_REPRESENTATION_CONTEXT() REPRESENTATION_CONTEXT('2D SPACE',''
  ) );
#1671 = ORIENTED_EDGE('',*,*,#1672,.T.);
#1672 = EDGE_CURVE('',#1649,#1673,#1675,.T.);
#1673 = VERTEX_POINT('',#1674);
#1674 = CARTESIAN_POINT('',(1.18818393941,-1.18818393941,23.896735699661
    ));
#1675 = SURFACE_CURVE('',#1676,(#1681,#1688),.PCURVE_S1.);
#1676 = ELLIPSE('',#1677,17.65,6.025);
#1677 = AXIS2_PLACEMENT_3D('',#1678,#1679,#1680);
#1678 = CARTESIAN_POINT('',(2.427506173835E-16,0.,18.004));
#1679 = DIRECTION('',(0.980271174622,-5.974741904509E-34,-0.197657340379
    ));
#1680 = DIRECTION('',(-2.194437302751E-17,1.,-1.088319628441E-16));
#1681 = PCURVE('',#983,#1682);
#1682 = DEFINITIONAL_REPRESENTATION('',(#1683),#1687);
#1683 = ELLIPSE('',#1684,17.65,6.025);
#1684 = AXIS2_PLACEMENT_2D('',#1685,#1686);
#1685 = CARTESIAN_POINT('',(0.,0.));
#1686 = DIRECTION('',(1.,-6.623878286709E-33));
#1687 = ( GEOMETRIC_REPRESENTATION_CONTEXT(2) 
PARAMETRIC_REPRESENTATION_CONTEXT() REPRESENTATION_CONTEXT('2D SPACE',''
  ) );
#1688 = PCURVE('',#48,#1689);
#1689 = DEFINITIONAL_REPRESENTATION('',(#1690),#1694);
#1690 = LINE('',#1691,#1692);
#1691 = CARTESIAN_POINT('',(0.,0.));
#1692 = VECTOR('',#1693,1.);
#1693 = DIRECTION('',(1.,0.));
#1694 = ( GEOMETRIC_REPRESENTATION_CONTEXT(2) 
PARAMETRIC_REPRESENTATION_CONTEXT() REPRESENTATION_CONTEXT('2D SPACE',''
  ) );
#1695 = ORIENTED_EDGE('',*,*,#1696,.T.);
#1696 = EDGE_CURVE('',#1673,#1697,#1699,.T.);
#1697 = VERTEX_POINT('',#1698);
#1698 = CARTESIAN_POINT('',(0.462327159941,-16.26564273182,
    20.29688721211));
#1699 = SURFACE_CURVE('',#1700,(#1705,#1712),.PCURVE_S1.);
#1700 = ELLIPSE('',#1701,17.65,6.025);
#1701 = AXIS2_PLACEMENT_3D('',#1702,#1703,#1704);
#1702 = CARTESIAN_POINT('',(2.427506173835E-16,0.,18.004));
#1703 = DIRECTION('',(0.980271174622,-5.974741904509E-34,-0.197657340379
    ));
#1704 = DIRECTION('',(-2.194437302751E-17,1.,-1.088319628441E-16));
#1705 = PCURVE('',#983,#1706);
#1706 = DEFINITIONAL_REPRESENTATION('',(#1707),#1711);
#1707 = ELLIPSE('',#1708,17.65,6.025);
#1708 = AXIS2_PLACEMENT_2D('',#1709,#1710);
#1709 = CARTESIAN_POINT('',(0.,0.));
#1710 = DIRECTION('',(1.,-6.623878286709E-33));
#1711 = ( GEOMETRIC_REPRESENTATION_CONTEXT(2) 
PARAMETRIC_REPRESENTATION_CONTEXT() REPRESENTATION_CONTEXT('2D SPACE',''
  ) );
#1712 = PCURVE('',#48,#1713);
#1713 = DEFINITIONAL_REPRESENTATION('',(#1714),#1718);
#1714 = LINE('',#1715,#1716);
#1715 = CARTESIAN_POINT('',(0.,0.));
#1716 = VECTOR('',#1717,1.);
#1717 = DIRECTION('',(1.,0.));
#1718 = ( GEOMETRIC_REPRESENTATION_CONTEXT(2) 
PARAMETRIC_REPRESENTATION_CONTEXT() REPRESENTATION_CONTEXT('2D SPACE',''
  ) );
#1719 = ORIENTED_EDGE('',*,*,#1720,.T.);
#1720 = EDGE_CURVE('',#1697,#1721,#1723,.T.);
#1721 = VERTEX_POINT('',#1722);
#1722 = CARTESIAN_POINT('',(-2.016934033943E-15,-17.65,18.004));
#1723 = SURFACE_CURVE('',#1724,(#1729,#1736),.PCURVE_S1.);
#1724 = ELLIPSE('',#1725,17.65,6.025);
#1725 = AXIS2_PLACEMENT_3D('',#1726,#1727,#1728);
#1726 = CARTESIAN_POINT('',(2.427506173835E-16,0.,18.004));
#1727 = DIRECTION('',(0.980271174622,-5.974741904509E-34,-0.197657340379
    ));
#1728 = DIRECTION('',(-2.194437302751E-17,1.,-1.088319628441E-16));
#1729 = PCURVE('',#983,#1730);
#1730 = DEFINITIONAL_REPRESENTATION('',(#1731),#1735);
#1731 = ELLIPSE('',#1732,17.65,6.025);
#1732 = AXIS2_PLACEMENT_2D('',#1733,#1734);
#1733 = CARTESIAN_POINT('',(0.,0.));
#1734 = DIRECTION('',(1.,-6.623878286709E-33));
#1735 = ( GEOMETRIC_REPRESENTATION_CONTEXT(2) 
PARAMETRIC_REPRESENTATION_CONTEXT() REPRESENTATION_CONTEXT('2D SPACE',''
  ) );
#1736 = PCURVE('',#48,#1737);
#1737 = DEFINITIONAL_REPRESENTATION('',(#1738),#1742);
#1738 = LINE('',#1739,#1740);
#1739 = CARTESIAN_POINT('',(0.,0.));
#1740 = VECTOR('',#1741,1.);
#1741 = DIRECTION('',(1.,0.));
#1742 = ( GEOMETRIC_REPRESENTATION_CONTEXT(2) 
PARAMETRIC_REPRESENTATION_CONTEXT() REPRESENTATION_CONTEXT('2D SPACE',''
  ) );
#1743 = ORIENTED_EDGE('',*,*,#1744,.T.);
#1744 = EDGE_CURVE('',#1721,#1745,#1747,.T.);
#1745 = VERTEX_POINT('',#1746);
#1746 = CARTESIAN_POINT('',(-0.137437980295,-17.53206529614,
    17.322383571678));
#1747 = SURFACE_CURVE('',#1748,(#1753,#1760),.PCURVE_S1.);
#1748 = ELLIPSE('',#1749,17.65,6.025);
#1749 = AXIS2_PLACEMENT_3D('',#1750,#1751,#1752);
#1750 = CARTESIAN_POINT('',(2.427506173835E-16,0.,18.004));
#1751 = DIRECTION('',(0.980271174622,-5.974741904509E-34,-0.197657340379
    ));
#1752 = DIRECTION('',(-2.194437302751E-17,1.,-1.088319628441E-16));
#1753 = PCURVE('',#983,#1754);
#1754 = DEFINITIONAL_REPRESENTATION('',(#1755),#1759);
#1755 = ELLIPSE('',#1756,17.65,6.025);
#1756 = AXIS2_PLACEMENT_2D('',#1757,#1758);
#1757 = CARTESIAN_POINT('',(0.,0.));
#1758 = DIRECTION('',(1.,-6.623878286709E-33));
#1759 = ( GEOMETRIC_REPRESENTATION_CONTEXT(2) 
PARAMETRIC_REPRESENTATION_CONTEXT() REPRESENTATION_CONTEXT('2D SPACE',''
  ) );
#1760 = PCURVE('',#48,#1761);
#1761 = DEFINITIONAL_REPRESENTATION('',(#1762),#1766);
#1762 = LINE('',#1763,#1764);
#1763 = CARTESIAN_POINT('',(0.,0.));
#1764 = VECTOR('',#1765,1.);
#1765 = DIRECTION('',(1.,0.));
#1766 = ( GEOMETRIC_REPRESENTATION_CONTEXT(2) 
PARAMETRIC_REPRESENTATION_CONTEXT() REPRESENTATION_CONTEXT('2D SPACE',''
  ) );
#1767 = ORIENTED_EDGE('',*,*,#1768,.T.);
#1768 = EDGE_CURVE('',#1745,#1769,#1771,.T.);
#1769 = VERTEX_POINT('',#1770);
#1770 = CARTESIAN_POINT('',(-0.253725322389,-17.24475572718,
    16.745662620106));
#1771 = SURFACE_CURVE('',#1772,(#1777,#1784),.PCURVE_S1.);
#1772 = ELLIPSE('',#1773,17.65,6.025);
#1773 = AXIS2_PLACEMENT_3D('',#1774,#1775,#1776);
#1774 = CARTESIAN_POINT('',(2.427506173835E-16,0.,18.004));
#1775 = DIRECTION('',(0.980271174622,-5.974741904509E-34,-0.197657340379
    ));
#1776 = DIRECTION('',(-2.194437302751E-17,1.,-1.088319628441E-16));
#1777 = PCURVE('',#983,#1778);
#1778 = DEFINITIONAL_REPRESENTATION('',(#1779),#1783);
#1779 = ELLIPSE('',#1780,17.65,6.025);
#1780 = AXIS2_PLACEMENT_2D('',#1781,#1782);
#1781 = CARTESIAN_POINT('',(0.,0.));
#1782 = DIRECTION('',(1.,-6.623878286709E-33));
#1783 = ( GEOMETRIC_REPRESENTATION_CONTEXT(2) 
PARAMETRIC_REPRESENTATION_CONTEXT() REPRESENTATION_CONTEXT('2D SPACE',''
  ) );
#1784 = PCURVE('',#48,#1785);
#1785 = DEFINITIONAL_REPRESENTATION('',(#1786),#1790);
#1786 = LINE('',#1787,#1788);
#1787 = CARTESIAN_POINT('',(0.,0.));
#1788 = VECTOR('',#1789,1.);
#1789 = DIRECTION('',(1.,0.));
#1790 = ( GEOMETRIC_REPRESENTATION_CONTEXT(2) 
PARAMETRIC_REPRESENTATION_CONTEXT() REPRESENTATION_CONTEXT('2D SPACE',''
  ) );
#1791 = ORIENTED_EDGE('',*,*,#1792,.T.);
#1792 = EDGE_CURVE('',#1769,#1317,#1793,.T.);
#1793 = SURFACE_CURVE('',#1794,(#1799,#1806),.PCURVE_S1.);
#1794 = HYPERBOLA('',#1795,0.579458238121,1.283856335117);
#1795 = AXIS2_PLACEMENT_3D('',#1796,#1797,#1798);
#1796 = CARTESIAN_POINT('',(1.288955067596,-7.856166798303E-34,
    24.396504805153));
#1797 = DIRECTION('',(0.980271174622,-5.974741904509E-34,-0.197657340379
    ));
#1798 = DIRECTION('',(-0.197657340379,1.204719290815E-34,-0.980271174622
    ));
#1799 = PCURVE('',#983,#1800);
#1800 = DEFINITIONAL_REPRESENTATION('',(#1801),#1805);
#1801 = ( BOUNDED_CURVE() B_SPLINE_CURVE(2,(#1802,#1803,#1804),
.UNSPECIFIED.,.F.,.F.) B_SPLINE_CURVE_WITH_KNOTS((3,3),(-3.497253535528,
-2.066030475874),.PIECEWISE_BEZIER_KNOTS.) CURVE() 
GEOMETRIC_REPRESENTATION_ITEM() RATIONAL_B_SPLINE_CURVE((1.,
1.267165096688,1.)) REPRESENTATION_ITEM('') );
#1802 = CARTESIAN_POINT('',(-21.18,-3.055809392022));
#1803 = CARTESIAN_POINT('',(-8.147714047437,2.81543151101));
#1804 = CARTESIAN_POINT('',(-4.985689189117,4.197498663841));
#1805 = ( GEOMETRIC_REPRESENTATION_CONTEXT(2) 
PARAMETRIC_REPRESENTATION_CONTEXT() REPRESENTATION_CONTEXT('2D SPACE',''
  ) );
#1806 = PCURVE('',#730,#1807);
#1807 = DEFINITIONAL_REPRESENTATION('',(#1808),#1818);
#1808 = B_SPLINE_CURVE_WITH_KNOTS('',8,(#1809,#1810,#1811,#1812,#1813,
    #1814,#1815,#1816,#1817),.UNSPECIFIED.,.F.,.F.,(9,9),(
    -3.497253535528,-2.066030475874),.PIECEWISE_BEZIER_KNOTS.);
#1809 = CARTESIAN_POINT('',(-4.683879088936,-0.863478137863));
#1810 = CARTESIAN_POINT('',(-4.69471913896,-2.53994602537));
#1811 = CARTESIAN_POINT('',(-4.707783380309,-3.873013536389));
#1812 = CARTESIAN_POINT('',(-4.723605781875,-4.944443143713));
#1813 = CARTESIAN_POINT('',(-4.742870760616,-5.812556651657));
#1814 = CARTESIAN_POINT('',(-4.766479367827,-6.520580955659));
#1815 = CARTESIAN_POINT('',(-4.795601360547,-7.101099550377));
#1816 = CARTESIAN_POINT('',(-4.831843452897,-7.579052959716));
#1817 = CARTESIAN_POINT('',(-4.877287504737,-7.973686945676));
#1818 = ( GEOMETRIC_REPRESENTATION_CONTEXT(2) 
PARAMETRIC_REPRESENTATION_CONTEXT() REPRESENTATION_CONTEXT('2D SPACE',''
  ) );
#1819 = ADVANCED_FACE('',(#1820),#1424,.T.);
#1820 = FACE_BOUND('',#1821,.T.);
#1821 = EDGE_LOOP('',(#1822,#2016,#2017,#2018));
#1822 = ORIENTED_EDGE('',*,*,#1823,.F.);
#1823 = EDGE_CURVE('',#1381,#1487,#1824,.T.);
#1824 = SURFACE_CURVE('',#1825,(#1870,#1943),.PCURVE_S1.);
#1825 = B_SPLINE_CURVE_WITH_KNOTS('',7,(#1826,#1827,#1828,#1829,#1830,
    #1831,#1832,#1833,#1834,#1835,#1836,#1837,#1838,#1839,#1840,#1841,
    #1842,#1843,#1844,#1845,#1846,#1847,#1848,#1849,#1850,#1851,#1852,
    #1853,#1854,#1855,#1856,#1857,#1858,#1859,#1860,#1861,#1862,#1863,
    #1864,#1865,#1866,#1867,#1868,#1869),.UNSPECIFIED.,.F.,.F.,(8,6,6,6,
    6,6,6,8),(0.,0.110878519648,0.265759770105,0.405153720048,
    0.564344938815,0.736169426968,0.886853045133,1.),.UNSPECIFIED.);
#1826 = CARTESIAN_POINT('',(-1.143619906477,-4.923167331303,
    12.332277275752));
#1827 = CARTESIAN_POINT('',(-0.862058797473,-4.988572154556,
    12.29264313944));
#1828 = CARTESIAN_POINT('',(-0.576728128587,-5.035052226728,
    12.250607944471));
#1829 = CARTESIAN_POINT('',(-0.289207367118,-5.062391692282,
    12.206291238787));
#1830 = CARTESIAN_POINT('',(-1.028229410975E-03,-5.070559725287,
    12.159869187756));
#1831 = CARTESIAN_POINT('',(0.286329647367,-5.05966995534,
    12.111577503751));
#1832 = CARTESIAN_POINT('',(0.571439687317,-5.029955952099,
    12.061708586508));
#1833 = CARTESIAN_POINT('',(1.246121682595,-4.91444386327,
    11.939215588003));
#1834 = CARTESIAN_POINT('',(1.632240505253,-4.811069033361,
    11.865416369982));
#1835 = CARTESIAN_POINT('',(2.007650198405,-4.672560944492,
    11.790111292489));
#1836 = CARTESIAN_POINT('',(2.36893112174,-4.500187866534,11.71438300589
    ));
#1837 = CARTESIAN_POINT('',(2.712832575606,-4.295498046929,
    11.639445399006));
#1838 = CARTESIAN_POINT('',(3.036246997598,-4.060306654757,
    11.566586813106));
#1839 = CARTESIAN_POINT('',(3.6061632056,-3.559519668833,11.434564936313
    ));
#1840 = CARTESIAN_POINT('',(3.857142039878,-3.299299233011,
    11.374756202764));
#1841 = CARTESIAN_POINT('',(4.086884001359,-3.01768260368,
    11.318639713891));
#1842 = CARTESIAN_POINT('',(4.293230754566,-2.716557280669,
    11.267187210421));
#1843 = CARTESIAN_POINT('',(4.474133558826,-2.398118171399,
    11.221335187654));
#1844 = CARTESIAN_POINT('',(4.627739811136,-2.064938477133,
    11.181925300951));
#1845 = CARTESIAN_POINT('',(4.89509212681,-1.326249688279,
    11.112743832211));
#1846 = CARTESIAN_POINT('',(5.00019518067,-0.916869495083,
    11.085105918679));
#1847 = CARTESIAN_POINT('',(5.065347887645,-0.496973587778,
    11.067786058309));
#1848 = CARTESIAN_POINT('',(5.089229270443,-7.176493845816E-02,
    11.061418511442));
#1849 = CARTESIAN_POINT('',(5.071415501553,0.353423557149,
    11.066196163558));
#1850 = CARTESIAN_POINT('',(5.012426419497,0.773157295451,
    11.081845346841));
#1851 = CARTESIAN_POINT('',(4.808000569964,1.623110454199,
    11.135355634161));
#1852 = CARTESIAN_POINT('',(4.655987041772,2.051886003656,
    11.174903996493));
#1853 = CARTESIAN_POINT('',(4.460149305193,2.46179575149,11.225302042523
    ));
#1854 = CARTESIAN_POINT('',(4.22371257015,2.847615073369,11.285102330608
    ));
#1855 = CARTESIAN_POINT('',(3.950360121323,3.204939948381,
    11.352592943742));
#1856 = CARTESIAN_POINT('',(3.64416661539,3.530098289485,11.425930105344
    ));
#1857 = CARTESIAN_POINT('',(3.015950273224,4.074346720397,
    11.571127453366));
#1858 = CARTESIAN_POINT('',(2.700413348544,4.30164934593,11.642081444737
    ));
#1859 = CARTESIAN_POINT('',(2.365599410685,4.500030942849,
    11.714958560257));
#1860 = CARTESIAN_POINT('',(2.014371601072,4.66782646917,11.788575563815
    ));
#1861 = CARTESIAN_POINT('',(1.649721646436,4.803610338251,
    11.861816233371));
#1862 = CARTESIAN_POINT('',(1.274792503932,4.906207776636,
    11.933680840062));
#1863 = CARTESIAN_POINT('',(0.606168809168,5.02621880667,12.055621910056
    ));
#1864 = CARTESIAN_POINT('',(0.315506585683,5.058485517681,
    12.106665919968));
#1865 = CARTESIAN_POINT('',(2.238480557243E-02,5.071175760516,
    12.156092680674));
#1866 = CARTESIAN_POINT('',(-0.27168570424,5.064033794445,
    12.203588141743));
#1867 = CARTESIAN_POINT('',(-0.56513599428,5.036932508015,
    12.248899420123));
#1868 = CARTESIAN_POINT('',(-0.856340114721,4.989900567548,
    12.291838144984));
#1869 = CARTESIAN_POINT('',(-1.143619906524,4.923167331292,
    12.332277275517));
#1870 = PCURVE('',#1424,#1871);
#1871 = DEFINITIONAL_REPRESENTATION('',(#1872),#1942);
#1872 = B_SPLINE_CURVE_WITH_KNOTS('',3,(#1873,#1874,#1875,#1876,#1877,
    #1878,#1879,#1880,#1881,#1882,#1883,#1884,#1885,#1886,#1887,#1888,
    #1889,#1890,#1891,#1892,#1893,#1894,#1895,#1896,#1897,#1898,#1899,
    #1900,#1901,#1902,#1903,#1904,#1905,#1906,#1907,#1908,#1909,#1910,
    #1911,#1912,#1913,#1914,#1915,#1916,#1917,#1918,#1919,#1920,#1921,
    #1922,#1923,#1924,#1925,#1926,#1927,#1928,#1929,#1930,#1931,#1932,
    #1933,#1934,#1935,#1936,#1937,#1938,#1939,#1940,#1941),
  .UNSPECIFIED.,.F.,.F.,(4,1,1,1,1,1,1,1,1,1,1,1,1,1,1,1,1,1,1,1,1,1,1,1
    ,1,1,1,1,1,1,1,1,1,1,1,1,1,1,1,1,1,1,1,1,1,1,1,1,1,1,1,1,1,1,1,1,1,1
    ,1,1,1,1,1,1,1,1,4),(0.,1.515151515152E-02,3.030303030303E-02,
    4.545454545455E-02,6.060606060606E-02,7.575757575758E-02,
    9.090909090909E-02,0.106060606061,0.121212121212,0.136363636364,
    0.151515151515,0.166666666667,0.181818181818,0.19696969697,
    0.212121212121,0.227272727273,0.242424242424,0.257575757576,
    0.272727272727,0.287878787879,0.30303030303,0.318181818182,
    0.333333333333,0.348484848485,0.363636363636,0.378787878788,
    0.393939393939,0.409090909091,0.424242424242,0.439393939394,
    0.454545454545,0.469696969697,0.484848484848,0.5,0.515151515152,
    0.530303030303,0.545454545455,0.560606060606,0.575757575758,
    0.590909090909,0.606060606061,0.621212121212,0.636363636364,
    0.651515151515,0.666666666667,0.681818181818,0.69696969697,
    0.712121212121,0.727272727273,0.742424242424,0.757575757576,
    0.772727272727,0.787878787879,0.80303030303,0.818181818182,
    0.833333333333,0.848484848485,0.863636363636,0.878787878788,
    0.893939393939,0.909090909091,0.924242424242,0.939393939394,
    0.954545454545,0.969696969697,0.984848484848,1.),
  .QUASI_UNIFORM_KNOTS.);
#1873 = CARTESIAN_POINT('',(4.429706156518,0.));
#1874 = CARTESIAN_POINT('',(4.428378788957,9.402378026366E-04));
#1875 = CARTESIAN_POINT('',(4.426011667855,2.832008208185E-03));
#1876 = CARTESIAN_POINT('',(4.423331437688,5.694970802913E-03));
#1877 = CARTESIAN_POINT('',(4.421530565023,8.574617910783E-03));
#1878 = CARTESIAN_POINT('',(4.420613417844,1.146248476448E-02));
#1879 = CARTESIAN_POINT('',(4.420581555953,1.435021468437E-02));
#1880 = CARTESIAN_POINT('',(4.421433420356,1.722957232237E-02));
#1881 = CARTESIAN_POINT('',(4.423164576159,2.009245350801E-02));
#1882 = CARTESIAN_POINT('',(4.425767737415,2.293084142178E-02));
#1883 = CARTESIAN_POINT('',(4.42923311858,2.57370177055E-02));
#1884 = CARTESIAN_POINT('',(4.43354878557,2.850352148418E-02));
#1885 = CARTESIAN_POINT('',(4.438700666156,3.122299053167E-02));
#1886 = CARTESIAN_POINT('',(4.444672699077,3.388819187847E-02));
#1887 = CARTESIAN_POINT('',(4.451446946245,3.649200703963E-02));
#1888 = CARTESIAN_POINT('',(4.459003709665,3.902743062267E-02));
#1889 = CARTESIAN_POINT('',(4.467321637501,4.148756616623E-02));
#1890 = CARTESIAN_POINT('',(4.476377824762,4.386562500263E-02));
#1891 = CARTESIAN_POINT('',(4.48614788731,4.61549210841E-02));
#1892 = CARTESIAN_POINT('',(4.496606074391,4.83488841917E-02));
#1893 = CARTESIAN_POINT('',(4.507725372478,5.044105148835E-02));
#1894 = CARTESIAN_POINT('',(4.519475728793,5.242478035463E-02));
#1895 = CARTESIAN_POINT('',(4.531825403984,5.429360589308E-02));
#1896 = CARTESIAN_POINT('',(4.544740733779,5.604120583532E-02));
#1897 = CARTESIAN_POINT('',(4.558186114707,5.766144263612E-02));
#1898 = CARTESIAN_POINT('',(4.5721239376,5.914839581472E-02));
#1899 = CARTESIAN_POINT('',(4.586514314461,6.049639485758E-02));
#1900 = CARTESIAN_POINT('',(4.601315485796,6.170009840057E-02));
#1901 = CARTESIAN_POINT('',(4.61648150851,6.275442654489E-02));
#1902 = CARTESIAN_POINT('',(4.631971277217,6.365516015247E-02));
#1903 = CARTESIAN_POINT('',(4.647732126406,6.439794519207E-02));
#1904 = CARTESIAN_POINT('',(4.663710467309,6.49792570157E-02));
#1905 = CARTESIAN_POINT('',(4.679852618442,6.53963707902E-02));
#1906 = CARTESIAN_POINT('',(4.696104552132,6.564733699173E-02));
#1907 = CARTESIAN_POINT('',(4.712411913198,6.573097236182E-02));
#1908 = CARTESIAN_POINT('',(4.728719958411,6.564686351159E-02));
#1909 = CARTESIAN_POINT('',(4.744973483395,6.5395384052E-02));
#1910 = CARTESIAN_POINT('',(4.76111683957,6.497772456678E-02));
#1911 = CARTESIAN_POINT('',(4.77709358254,6.43959372879E-02));
#1912 = CARTESIAN_POINT('',(4.792847502385,6.365298871257E-02));
#1913 = CARTESIAN_POINT('',(4.808332463093,6.275212321505E-02));
#1914 = CARTESIAN_POINT('',(4.823497734596,6.169744107291E-02));
#1915 = CARTESIAN_POINT('',(4.838297011514,6.049347421091E-02));
#1916 = CARTESIAN_POINT('',(4.852685997213,5.914519382295E-02));
#1917 = CARTESIAN_POINT('',(4.866622787926,5.76579309144E-02));
#1918 = CARTESIAN_POINT('',(4.880067564514,5.603733293458E-02));
#1919 = CARTESIAN_POINT('',(4.892982516464,5.428932295713E-02));
#1920 = CARTESIAN_POINT('',(4.905331766806,5.24200632145E-02));
#1921 = CARTESIAN_POINT('',(4.917081271715,5.043594012042E-02));
#1922 = CARTESIAN_POINT('',(4.928199002505,4.834349126469E-02));
#1923 = CARTESIAN_POINT('',(4.938654175156,4.614956614631E-02));
#1924 = CARTESIAN_POINT('',(4.948421279869,4.386037038605E-02));
#1925 = CARTESIAN_POINT('',(4.957474642351,4.148245086876E-02));
#1926 = CARTESIAN_POINT('',(4.965789886478,3.90224952943E-02));
#1927 = CARTESIAN_POINT('',(4.973344130028,3.648728710366E-02));
#1928 = CARTESIAN_POINT('',(4.980116036577,3.388371925793E-02));
#1929 = CARTESIAN_POINT('',(4.986085922239,3.121879311349E-02));
#1930 = CARTESIAN_POINT('',(4.991235860184,2.849962333007E-02));
#1931 = CARTESIAN_POINT('',(4.995549798014,2.573343885042E-02));
#1932 = CARTESIAN_POINT('',(4.999013669794,2.292759889704E-02));
#1933 = CARTESIAN_POINT('',(5.001615545295,2.008955820898E-02));
#1934 = CARTESIAN_POINT('',(5.003345627338,1.72270616155E-02));
#1935 = CARTESIAN_POINT('',(5.004196661092,1.434810992014E-02));
#1936 = CARTESIAN_POINT('',(5.004164222788,1.146079959992E-02));
#1937 = CARTESIAN_POINT('',(5.003246758855,8.573358264152E-03));
#1938 = CARTESIAN_POINT('',(5.001445828929,5.694136880391E-03));
#1939 = CARTESIAN_POINT('',(4.998765798361,2.831595657895E-03));
#1940 = CARTESIAN_POINT('',(4.996398979181,9.401014367381E-04));
#1941 = CARTESIAN_POINT('',(4.995071804246,0.));
#1942 = ( GEOMETRIC_REPRESENTATION_CONTEXT(2) 
PARAMETRIC_REPRESENTATION_CONTEXT() REPRESENTATION_CONTEXT('2D SPACE',''
  ) );
#1943 = PCURVE('',#1365,#1944);
#1944 = DEFINITIONAL_REPRESENTATION('',(#1945),#2015);
#1945 = B_SPLINE_CURVE_WITH_KNOTS('',3,(#1946,#1947,#1948,#1949,#1950,
    #1951,#1952,#1953,#1954,#1955,#1956,#1957,#1958,#1959,#1960,#1961,
    #1962,#1963,#1964,#1965,#1966,#1967,#1968,#1969,#1970,#1971,#1972,
    #1973,#1974,#1975,#1976,#1977,#1978,#1979,#1980,#1981,#1982,#1983,
    #1984,#1985,#1986,#1987,#1988,#1989,#1990,#1991,#1992,#1993,#1994,
    #1995,#1996,#1997,#1998,#1999,#2000,#2001,#2002,#2003,#2004,#2005,
    #2006,#2007,#2008,#2009,#2010,#2011,#2012,#2013,#2014),
  .UNSPECIFIED.,.F.,.F.,(4,1,1,1,1,1,1,1,1,1,1,1,1,1,1,1,1,1,1,1,1,1,1,1
    ,1,1,1,1,1,1,1,1,1,1,1,1,1,1,1,1,1,1,1,1,1,1,1,1,1,1,1,1,1,1,1,1,1,1
    ,1,1,1,1,1,1,1,1,4),(0.,1.515151515152E-02,3.030303030303E-02,
    4.545454545455E-02,6.060606060606E-02,7.575757575758E-02,
    9.090909090909E-02,0.106060606061,0.121212121212,0.136363636364,
    0.151515151515,0.166666666667,0.181818181818,0.19696969697,
    0.212121212121,0.227272727273,0.242424242424,0.257575757576,
    0.272727272727,0.287878787879,0.30303030303,0.318181818182,
    0.333333333333,0.348484848485,0.363636363636,0.378787878788,
    0.393939393939,0.409090909091,0.424242424242,0.439393939394,
    0.454545454545,0.469696969697,0.484848484848,0.5,0.515151515152,
    0.530303030303,0.545454545455,0.560606060606,0.575757575758,
    0.590909090909,0.606060606061,0.621212121212,0.636363636364,
    0.651515151515,0.666666666667,0.681818181818,0.69696969697,
    0.712121212121,0.727272727273,0.742424242424,0.757575757576,
    0.772727272727,0.787878787879,0.80303030303,0.818181818182,
    0.833333333333,0.848484848485,0.863636363636,0.878787878788,
    0.893939393939,0.909090909091,0.924242424242,0.939393939394,
    0.954545454545,0.969696969697,0.984848484848,1.),
  .QUASI_UNIFORM_KNOTS.);
#1946 = CARTESIAN_POINT('',(4.94063456992,11.352722724248));
#1947 = CARTESIAN_POINT('',(4.922399023419,11.365358635884));
#1948 = CARTESIAN_POINT('',(4.885960355051,11.39126347969));
#1949 = CARTESIAN_POINT('',(4.83139964302,11.431928918179));
#1950 = CARTESIAN_POINT('',(4.776937157416,11.474318268587));
#1951 = CARTESIAN_POINT('',(4.722570616667,11.518324072199));
#1952 = CARTESIAN_POINT('',(4.66829618655,11.563823784123));
#1953 = CARTESIAN_POINT('',(4.614108557627,11.610677891487));
#1954 = CARTESIAN_POINT('',(4.560001094797,11.658731207927));
#1955 = CARTESIAN_POINT('',(4.505966945108,11.707812596283));
#1956 = CARTESIAN_POINT('',(4.45199524352,11.757739594333));
#1957 = CARTESIAN_POINT('',(4.398071884018,11.808319102056));
#1958 = CARTESIAN_POINT('',(4.344182559959,11.859345708251));
#1959 = CARTESIAN_POINT('',(4.290312210962,11.910603483992));
#1960 = CARTESIAN_POINT('',(4.236445315128,11.961866990093));
#1961 = CARTESIAN_POINT('',(4.182565922932,12.012902561255));
#1962 = CARTESIAN_POINT('',(4.128657745602,12.06346957286));
#1963 = CARTESIAN_POINT('',(4.074704193407,12.113321803859));
#1964 = CARTESIAN_POINT('',(4.020688514916,12.162208736064));
#1965 = CARTESIAN_POINT('',(3.966593582932,12.209877315078));
#1966 = CARTESIAN_POINT('',(3.912401977174,12.256073108178));
#1967 = CARTESIAN_POINT('',(3.858104198224,12.300535205321));
#1968 = CARTESIAN_POINT('',(3.803691050581,12.343005291173));
#1969 = CARTESIAN_POINT('',(3.749155131645,12.383228357298));
#1970 = CARTESIAN_POINT('',(3.694490804761,12.420955060285));
#1971 = CARTESIAN_POINT('',(3.639694495334,12.45594388156));
#1972 = CARTESIAN_POINT('',(3.584765669137,12.487963268066));
#1973 = CARTESIAN_POINT('',(3.529705415952,12.516794881349));
#1974 = CARTESIAN_POINT('',(3.474524760138,12.542233265734));
#1975 = CARTESIAN_POINT('',(3.419212570481,12.564101666665));
#1976 = CARTESIAN_POINT('',(3.363794902685,12.582229088799));
#1977 = CARTESIAN_POINT('',(3.308295964336,12.596474700607));
#1978 = CARTESIAN_POINT('',(3.252736677687,12.606728245292));
#1979 = CARTESIAN_POINT('',(3.197136540887,12.612910285513));
#1980 = CARTESIAN_POINT('',(3.141514471729,12.614972593927));
#1981 = CARTESIAN_POINT('',(3.085889837476,12.612898605136));
#1982 = CARTESIAN_POINT('',(3.03028353056,12.606703954723));
#1983 = CARTESIAN_POINT('',(2.974718819553,12.596437087034));
#1984 = CARTESIAN_POINT('',(2.919223564983,12.58217997939));
#1985 = CARTESIAN_POINT('',(2.863828054914,12.564048810351));
#1986 = CARTESIAN_POINT('',(2.808530777772,12.542177510351));
#1987 = CARTESIAN_POINT('',(2.753350242932,12.516730981804));
#1988 = CARTESIAN_POINT('',(2.698293957815,12.487893587946));
#1989 = CARTESIAN_POINT('',(2.643367009461,12.455868165744));
#1990 = CARTESIAN_POINT('',(2.588570873578,12.420872839977));
#1991 = CARTESIAN_POINT('',(2.533904597971,12.383138668595));
#1992 = CARTESIAN_POINT('',(2.479365193541,12.342907298976));
#1993 = CARTESIAN_POINT('',(2.424948004315,12.300428704858));
#1994 = CARTESIAN_POINT('',(2.370647342244,12.255959363636));
#1995 = CARTESIAN_POINT('',(2.316455621662,12.209759183867));
#1996 = CARTESIAN_POINT('',(2.26236785617,12.162093402311));
#1997 = CARTESIAN_POINT('',(2.208359722839,12.113210639619));
#1998 = CARTESIAN_POINT('',(2.154413671708,12.063363412086));
#1999 = CARTESIAN_POINT('',(2.100513029536,12.012802202431));
#2000 = CARTESIAN_POINT('',(2.046641155357,11.961773062955));
#2001 = CARTESIAN_POINT('',(1.992781748092,11.910516489161));
#2002 = CARTESIAN_POINT('',(1.938918839064,11.859266012172));
#2003 = CARTESIAN_POINT('',(1.88503689409,11.808246946492));
#2004 = CARTESIAN_POINT('',(1.831120838748,11.757675098627));
#2005 = CARTESIAN_POINT('',(1.777156372868,11.707755777889));
#2006 = CARTESIAN_POINT('',(1.723129339082,11.658681938636));
#2007 = CARTESIAN_POINT('',(1.669029433475,11.610636461838));
#2008 = CARTESIAN_POINT('',(1.614849559022,11.563790149128));
#2009 = CARTESIAN_POINT('',(1.560583003204,11.5182980305));
#2010 = CARTESIAN_POINT('',(1.506224380597,11.47429947407));
#2011 = CARTESIAN_POINT('',(1.451769819872,11.431916930851));
#2012 = CARTESIAN_POINT('',(1.397217023746,11.39125779627));
#2013 = CARTESIAN_POINT('',(1.360783638947,11.365356803953));
#2014 = CARTESIAN_POINT('',(1.34255073725,11.352722724483));
#2015 = ( GEOMETRIC_REPRESENTATION_CONTEXT(2) 
PARAMETRIC_REPRESENTATION_CONTEXT() REPRESENTATION_CONTEXT('2D SPACE',''
  ) );
#2016 = ORIENTED_EDGE('',*,*,#1407,.T.);
#2017 = ORIENTED_EDGE('',*,*,#1462,.T.);
#2018 = ORIENTED_EDGE('',*,*,#1486,.T.);
#2019 = ADVANCED_FACE('',(#2020),#1365,.F.);
#2020 = FACE_BOUND('',#2021,.F.);
#2021 = EDGE_LOOP('',(#2022,#2023,#2024,#2025,#2049,#2081,#2111,#2143,
    #2166,#2192,#2193,#2194,#2195,#2227,#2249,#2250));
#2022 = ORIENTED_EDGE('',*,*,#1823,.F.);
#2023 = ORIENTED_EDGE('',*,*,#1380,.F.);
#2024 = ORIENTED_EDGE('',*,*,#1348,.F.);
#2025 = ORIENTED_EDGE('',*,*,#2026,.T.);
#2026 = EDGE_CURVE('',#1319,#2027,#2029,.T.);
#2027 = VERTEX_POINT('',#2028);
#2028 = CARTESIAN_POINT('',(-4.985689189117,-0.82966642214,
    22.118686945676));
#2029 = SURFACE_CURVE('',#2030,(#2035,#2042),.PCURVE_S1.);
#2030 = CIRCLE('',#2031,5.05425);
#2031 = AXIS2_PLACEMENT_3D('',#2032,#2033,#2034);
#2032 = CARTESIAN_POINT('',(0.,0.,22.118686945676));
#2033 = DIRECTION('',(0.,-0.,-1.));
#2034 = DIRECTION('',(0.164152232703,-0.986435017879,0.));
#2035 = PCURVE('',#1365,#2036);
#2036 = DEFINITIONAL_REPRESENTATION('',(#2037),#2041);
#2037 = LINE('',#2038,#2039);
#2038 = CARTESIAN_POINT('',(4.547490456033,1.566313054324));
#2039 = VECTOR('',#2040,1.);
#2040 = DIRECTION('',(1.,0.));
#2041 = ( GEOMETRIC_REPRESENTATION_CONTEXT(2) 
PARAMETRIC_REPRESENTATION_CONTEXT() REPRESENTATION_CONTEXT('2D SPACE',''
  ) );
#2042 = PCURVE('',#730,#2043);
#2043 = DEFINITIONAL_REPRESENTATION('',(#2044),#2048);
#2044 = LINE('',#2045,#2046);
#2045 = CARTESIAN_POINT('',(-4.877287504737,-7.973686945676));
#2046 = VECTOR('',#2047,1.);
#2047 = DIRECTION('',(1.,-0.));
#2048 = ( GEOMETRIC_REPRESENTATION_CONTEXT(2) 
PARAMETRIC_REPRESENTATION_CONTEXT() REPRESENTATION_CONTEXT('2D SPACE',''
  ) );
#2049 = ORIENTED_EDGE('',*,*,#2050,.T.);
#2050 = EDGE_CURVE('',#2027,#2051,#2053,.T.);
#2051 = VERTEX_POINT('',#2052);
#2052 = CARTESIAN_POINT('',(-5.05425,-1.237934216918E-15,18.004));
#2053 = SURFACE_CURVE('',#2054,(#2059,#2069),.PCURVE_S1.);
#2054 = ELLIPSE('',#2055,25.570768028678,5.05425);
#2055 = AXIS2_PLACEMENT_3D('',#2056,#2057,#2058);
#2056 = CARTESIAN_POINT('',(0.,0.,18.004));
#2057 = DIRECTION('',(-2.176639256883E-16,-0.980271174622,
    -0.197657340379));
#2058 = DIRECTION('',(4.388874605502E-17,0.197657340379,-0.980271174622)
  );
#2059 = PCURVE('',#1365,#2060);
#2060 = DEFINITIONAL_REPRESENTATION('',(#2061),#2068);
#2061 = B_SPLINE_CURVE_WITH_KNOTS('',5,(#2062,#2063,#2064,#2065,#2066,
    #2067),.UNSPECIFIED.,.F.,.F.,(6,6),(4.547490431767,4.712388980385),
  .PIECEWISE_BEZIER_KNOTS.);
#2062 = CARTESIAN_POINT('',(6.118286758562,1.566312454324));
#2063 = CARTESIAN_POINT('',(6.151266468285,2.381777429925));
#2064 = CARTESIAN_POINT('',(6.184246178009,3.202836636889));
#2065 = CARTESIAN_POINT('',(6.217225887733,4.027642273103));
#2066 = CARTESIAN_POINT('',(6.250205597456,4.854321137112));
#2067 = CARTESIAN_POINT('',(6.28318530718,5.681));
#2068 = ( GEOMETRIC_REPRESENTATION_CONTEXT(2) 
PARAMETRIC_REPRESENTATION_CONTEXT() REPRESENTATION_CONTEXT('2D SPACE',''
  ) );
#2069 = PCURVE('',#2070,#2075);
#2070 = PLANE('',#2071);
#2071 = AXIS2_PLACEMENT_3D('',#2072,#2073,#2074);
#2072 = CARTESIAN_POINT('',(-5.390146493224E-32,-2.427506173835E-16,
    18.004));
#2073 = DIRECTION('',(-2.176639256883E-16,-0.980271174622,
    -0.197657340379));
#2074 = DIRECTION('',(1.,-2.001002318975E-16,-1.088319628441E-16));
#2075 = DEFINITIONAL_REPRESENTATION('',(#2076),#2080);
#2076 = ELLIPSE('',#2077,25.570768028678,5.05425);
#2077 = AXIS2_PLACEMENT_2D('',#2078,#2079);
#2078 = CARTESIAN_POINT('',(3.919758131876E-31,-3.53060425242E-15));
#2079 = DIRECTION('',(1.110223024625E-16,-1.));
#2080 = ( GEOMETRIC_REPRESENTATION_CONTEXT(2) 
PARAMETRIC_REPRESENTATION_CONTEXT() REPRESENTATION_CONTEXT('2D SPACE',''
  ) );
#2081 = ORIENTED_EDGE('',*,*,#2082,.F.);
#2082 = EDGE_CURVE('',#2083,#2051,#2085,.T.);
#2083 = VERTEX_POINT('',#2084);
#2084 = CARTESIAN_POINT('',(-4.923167331277,-1.143619906589,
    12.332277275196));
#2085 = SEAM_CURVE('',#2086,(#2091,#2101),.PCURVE_S1.);
#2086 = ELLIPSE('',#2087,25.570768028678,5.05425);
#2087 = AXIS2_PLACEMENT_3D('',#2088,#2089,#2090);
#2088 = CARTESIAN_POINT('',(0.,0.,18.004));
#2089 = DIRECTION('',(1.088319628441E-16,0.980271174622,-0.197657340379)
  );
#2090 = DIRECTION('',(-2.194437302751E-17,-0.197657340379,
    -0.980271174622));
#2091 = PCURVE('',#1365,#2092);
#2092 = DEFINITIONAL_REPRESENTATION('',(#2093),#2100);
#2093 = B_SPLINE_CURVE_WITH_KNOTS('',5,(#2094,#2095,#2096,#2097,#2098,
    #2099),.UNSPECIFIED.,.F.,.F.,(6,6),(1.284141922847,1.570796326795),
  .PIECEWISE_BEZIER_KNOTS.);
#2094 = CARTESIAN_POINT('',(5.996530903232,12.768360592515));
#2095 = CARTESIAN_POINT('',(6.053861784022,11.389927751464));
#2096 = CARTESIAN_POINT('',(6.111192664811,9.982376291664));
#2097 = CARTESIAN_POINT('',(6.168523545601,8.555144655636));
#2098 = CARTESIAN_POINT('',(6.22585442639,7.118072301023));
#2099 = CARTESIAN_POINT('',(6.28318530718,5.681));
#2100 = ( GEOMETRIC_REPRESENTATION_CONTEXT(2) 
PARAMETRIC_REPRESENTATION_CONTEXT() REPRESENTATION_CONTEXT('2D SPACE',''
  ) );
#2101 = PCURVE('',#1365,#2102);
#2102 = DEFINITIONAL_REPRESENTATION('',(#2103),#2110);
#2103 = B_SPLINE_CURVE_WITH_KNOTS('',5,(#2104,#2105,#2106,#2107,#2108,
    #2109),.UNSPECIFIED.,.F.,.F.,(6,6),(1.342550737237,1.570796326795),
  .PIECEWISE_BEZIER_KNOTS.);
#2104 = CARTESIAN_POINT('',(-0.228245589558,11.352722728977));
#2105 = CARTESIAN_POINT('',(-0.182596471646,10.238145225891));
#2106 = CARTESIAN_POINT('',(-0.136947353735,9.108793989863));
#2107 = CARTESIAN_POINT('',(-9.129823582308E-02,7.969507798497));
#2108 = CARTESIAN_POINT('',(-4.564911791154E-02,6.82525388226));
#2109 = CARTESIAN_POINT('',(0.,5.681));
#2110 = ( GEOMETRIC_REPRESENTATION_CONTEXT(2) 
PARAMETRIC_REPRESENTATION_CONTEXT() REPRESENTATION_CONTEXT('2D SPACE',''
  ) );
#2111 = ORIENTED_EDGE('',*,*,#2112,.F.);
#2112 = EDGE_CURVE('',#2113,#2083,#2115,.T.);
#2113 = VERTEX_POINT('',#2114);
#2114 = CARTESIAN_POINT('',(-5.05425,-1.237934216918E-15,12.15799850327)
  );
#2115 = SEAM_CURVE('',#2116,(#2123,#2133),.PCURVE_S1.);
#2116 = B_SPLINE_CURVE_WITH_KNOTS('',5,(#2117,#2118,#2119,#2120,#2121,
    #2122),.UNSPECIFIED.,.F.,.F.,(6,6),(0.,1.),
  .PIECEWISE_BEZIER_KNOTS.);
#2117 = CARTESIAN_POINT('',(-5.05425,1.110223024625E-15,12.15799850327)
  );
#2118 = CARTESIAN_POINT('',(-5.05425,-0.229873191559,12.195713470442));
#2119 = CARTESIAN_POINT('',(-5.041181278876,-0.460157719841,
    12.232142936899));
#2120 = CARTESIAN_POINT('',(-5.014950892048,-0.689882068888,
    12.267120298973));
#2121 = CARTESIAN_POINT('',(-4.975566947974,-0.918044888507,
    12.300524058414));
#2122 = CARTESIAN_POINT('',(-4.923167331292,-1.143619906524,
    12.332277275517));
#2123 = PCURVE('',#1365,#2124);
#2124 = DEFINITIONAL_REPRESENTATION('',(#2125),#2132);
#2125 = B_SPLINE_CURVE_WITH_KNOTS('',5,(#2126,#2127,#2128,#2129,#2130,
    #2131),.UNSPECIFIED.,.F.,.F.,(6,6),(0.,1.),
  .PIECEWISE_BEZIER_KNOTS.);
#2126 = CARTESIAN_POINT('',(6.28318530718,11.52700149673));
#2127 = CARTESIAN_POINT('',(6.237704139537,11.489286529558));
#2128 = CARTESIAN_POINT('',(6.192141573848,11.452857063101));
#2129 = CARTESIAN_POINT('',(6.146493913951,11.417879701027));
#2130 = CARTESIAN_POINT('',(6.10075880174,11.384475941586));
#2131 = CARTESIAN_POINT('',(6.054939717635,11.352722724483));
#2132 = ( GEOMETRIC_REPRESENTATION_CONTEXT(2) 
PARAMETRIC_REPRESENTATION_CONTEXT() REPRESENTATION_CONTEXT('2D SPACE',''
  ) );
#2133 = PCURVE('',#1365,#2134);
#2134 = DEFINITIONAL_REPRESENTATION('',(#2135),#2142);
#2135 = B_SPLINE_CURVE_WITH_KNOTS('',5,(#2136,#2137,#2138,#2139,#2140,
    #2141),.UNSPECIFIED.,.F.,.F.,(6,6),(0.,1.),
  .PIECEWISE_BEZIER_KNOTS.);
#2136 = CARTESIAN_POINT('',(0.,11.52700149673));
#2137 = CARTESIAN_POINT('',(-4.548116764288E-02,11.489286529558));
#2138 = CARTESIAN_POINT('',(-9.104373333148E-02,11.452857063101));
#2139 = CARTESIAN_POINT('',(-0.136691393229,11.417879701027));
#2140 = CARTESIAN_POINT('',(-0.182426505439,11.384475941586));
#2141 = CARTESIAN_POINT('',(-0.228245589545,11.352722724483));
#2142 = ( GEOMETRIC_REPRESENTATION_CONTEXT(2) 
PARAMETRIC_REPRESENTATION_CONTEXT() REPRESENTATION_CONTEXT('2D SPACE',''
  ) );
#2143 = ORIENTED_EDGE('',*,*,#2144,.F.);
#2144 = EDGE_CURVE('',#2145,#2113,#2147,.T.);
#2145 = VERTEX_POINT('',#2146);
#2146 = CARTESIAN_POINT('',(-5.05425,-1.237934216918E-15,-14.145));
#2147 = SEAM_CURVE('',#2148,(#2152,#2159),.PCURVE_S1.);
#2148 = LINE('',#2149,#2150);
#2149 = CARTESIAN_POINT('',(-5.05425,-1.237934216918E-15,-14.145));
#2150 = VECTOR('',#2151,1.);
#2151 = DIRECTION('',(0.,0.,1.));
#2152 = PCURVE('',#1365,#2153);
#2153 = DEFINITIONAL_REPRESENTATION('',(#2154),#2158);
#2154 = LINE('',#2155,#2156);
#2155 = CARTESIAN_POINT('',(6.28318530718,37.83));
#2156 = VECTOR('',#2157,1.);
#2157 = DIRECTION('',(-0.,-1.));
#2158 = ( GEOMETRIC_REPRESENTATION_CONTEXT(2) 
PARAMETRIC_REPRESENTATION_CONTEXT() REPRESENTATION_CONTEXT('2D SPACE',''
  ) );
#2159 = PCURVE('',#1365,#2160);
#2160 = DEFINITIONAL_REPRESENTATION('',(#2161),#2165);
#2161 = LINE('',#2162,#2163);
#2162 = CARTESIAN_POINT('',(0.,37.83));
#2163 = VECTOR('',#2164,1.);
#2164 = DIRECTION('',(-0.,-1.));
#2165 = ( GEOMETRIC_REPRESENTATION_CONTEXT(2) 
PARAMETRIC_REPRESENTATION_CONTEXT() REPRESENTATION_CONTEXT('2D SPACE',''
  ) );
#2166 = ORIENTED_EDGE('',*,*,#2167,.F.);
#2167 = EDGE_CURVE('',#2145,#2145,#2168,.T.);
#2168 = SURFACE_CURVE('',#2169,(#2174,#2181),.PCURVE_S1.);
#2169 = CIRCLE('',#2170,5.05425);
#2170 = AXIS2_PLACEMENT_3D('',#2171,#2172,#2173);
#2171 = CARTESIAN_POINT('',(0.,0.,-14.145));
#2172 = DIRECTION('',(0.,0.,-1.));
#2173 = DIRECTION('',(-1.,0.,0.));
#2174 = PCURVE('',#1365,#2175);
#2175 = DEFINITIONAL_REPRESENTATION('',(#2176),#2180);
#2176 = LINE('',#2177,#2178);
#2177 = CARTESIAN_POINT('',(0.,37.83));
#2178 = VECTOR('',#2179,1.);
#2179 = DIRECTION('',(1.,0.));
#2180 = ( GEOMETRIC_REPRESENTATION_CONTEXT(2) 
PARAMETRIC_REPRESENTATION_CONTEXT() REPRESENTATION_CONTEXT('2D SPACE',''
  ) );
#2181 = PCURVE('',#314,#2182);
#2182 = DEFINITIONAL_REPRESENTATION('',(#2183),#2191);
#2183 = ( BOUNDED_CURVE() B_SPLINE_CURVE(2,(#2184,#2185,#2186,#2187,
#2188,#2189,#2190),.UNSPECIFIED.,.T.,.F.) B_SPLINE_CURVE_WITH_KNOTS((1,2
    ,2,2,2,1),(-2.094395102393,0.,2.094395102393,4.188790204786,
6.28318530718,8.377580409573),.UNSPECIFIED.) CURVE() 
GEOMETRIC_REPRESENTATION_ITEM() RATIONAL_B_SPLINE_CURVE((1.,0.5,1.,0.5,
1.,0.5,1.)) REPRESENTATION_ITEM('') );
#2184 = CARTESIAN_POINT('',(-5.05425,0.));
#2185 = CARTESIAN_POINT('',(-5.05425,8.754217794155));
#2186 = CARTESIAN_POINT('',(2.527125,4.377108897077));
#2187 = CARTESIAN_POINT('',(10.1085,1.237934216918E-15));
#2188 = CARTESIAN_POINT('',(2.527125,-4.377108897077));
#2189 = CARTESIAN_POINT('',(-5.05425,-8.754217794155));
#2190 = CARTESIAN_POINT('',(-5.05425,0.));
#2191 = ( GEOMETRIC_REPRESENTATION_CONTEXT(2) 
PARAMETRIC_REPRESENTATION_CONTEXT() REPRESENTATION_CONTEXT('2D SPACE',''
  ) );
#2192 = ORIENTED_EDGE('',*,*,#2144,.T.);
#2193 = ORIENTED_EDGE('',*,*,#2112,.T.);
#2194 = ORIENTED_EDGE('',*,*,#2082,.T.);
#2195 = ORIENTED_EDGE('',*,*,#2196,.T.);
#2196 = EDGE_CURVE('',#2051,#2197,#2199,.T.);
#2197 = VERTEX_POINT('',#2198);
#2198 = CARTESIAN_POINT('',(-4.985689189117,0.82966642214,
    22.118686945676));
#2199 = SURFACE_CURVE('',#2200,(#2205,#2215),.PCURVE_S1.);
#2200 = ELLIPSE('',#2201,25.570768028678,5.05425);
#2201 = AXIS2_PLACEMENT_3D('',#2202,#2203,#2204);
#2202 = CARTESIAN_POINT('',(0.,0.,18.004));
#2203 = DIRECTION('',(1.088319628441E-16,0.980271174622,-0.197657340379)
  );
#2204 = DIRECTION('',(-2.194437302751E-17,-0.197657340379,
    -0.980271174622));
#2205 = PCURVE('',#1365,#2206);
#2206 = DEFINITIONAL_REPRESENTATION('',(#2207),#2214);
#2207 = B_SPLINE_CURVE_WITH_KNOTS('',5,(#2208,#2209,#2210,#2211,#2212,
    #2213),.UNSPECIFIED.,.F.,.F.,(6,6),(1.570796326795,1.735694875413),
  .PIECEWISE_BEZIER_KNOTS.);
#2208 = CARTESIAN_POINT('',(0.,5.681));
#2209 = CARTESIAN_POINT('',(3.297970972353E-02,4.854321137112));
#2210 = CARTESIAN_POINT('',(6.595941944706E-02,4.027642273103));
#2211 = CARTESIAN_POINT('',(9.893912917058E-02,3.202836636889));
#2212 = CARTESIAN_POINT('',(0.131918838894,2.381777429925));
#2213 = CARTESIAN_POINT('',(0.164898548618,1.566312454324));
#2214 = ( GEOMETRIC_REPRESENTATION_CONTEXT(2) 
PARAMETRIC_REPRESENTATION_CONTEXT() REPRESENTATION_CONTEXT('2D SPACE',''
  ) );
#2215 = PCURVE('',#2216,#2221);
#2216 = PLANE('',#2217);
#2217 = AXIS2_PLACEMENT_3D('',#2218,#2219,#2220);
#2218 = CARTESIAN_POINT('',(2.695073246612E-32,2.427506173835E-16,18.004
    ));
#2219 = DIRECTION('',(1.088319628441E-16,0.980271174622,-0.197657340379)
  );
#2220 = DIRECTION('',(-1.,8.907792943501E-17,-1.088319628441E-16));
#2221 = DEFINITIONAL_REPRESENTATION('',(#2222),#2226);
#2222 = ELLIPSE('',#2223,25.570768028678,5.05425);
#2223 = AXIS2_PLACEMENT_2D('',#2224,#2225);
#2224 = CARTESIAN_POINT('',(3.919758131876E-31,-3.53060425242E-15));
#2225 = DIRECTION('',(1.110223024625E-16,-1.));
#2226 = ( GEOMETRIC_REPRESENTATION_CONTEXT(2) 
PARAMETRIC_REPRESENTATION_CONTEXT() REPRESENTATION_CONTEXT('2D SPACE',''
  ) );
#2227 = ORIENTED_EDGE('',*,*,#2228,.T.);
#2228 = EDGE_CURVE('',#2197,#1538,#2229,.T.);
#2229 = SURFACE_CURVE('',#2230,(#2235,#2242),.PCURVE_S1.);
#2230 = CIRCLE('',#2231,5.05425);
#2231 = AXIS2_PLACEMENT_3D('',#2232,#2233,#2234);
#2232 = CARTESIAN_POINT('',(0.,0.,22.118686945676));
#2233 = DIRECTION('',(0.,0.,-1.));
#2234 = DIRECTION('',(-0.986435017879,0.164152232703,0.));
#2235 = PCURVE('',#1365,#2236);
#2236 = DEFINITIONAL_REPRESENTATION('',(#2237),#2241);
#2237 = LINE('',#2238,#2239);
#2238 = CARTESIAN_POINT('',(0.164898524352,1.566313054324));
#2239 = VECTOR('',#2240,1.);
#2240 = DIRECTION('',(1.,0.));
#2241 = ( GEOMETRIC_REPRESENTATION_CONTEXT(2) 
PARAMETRIC_REPRESENTATION_CONTEXT() REPRESENTATION_CONTEXT('2D SPACE',''
  ) );
#2242 = PCURVE('',#730,#2243);
#2243 = DEFINITIONAL_REPRESENTATION('',(#2244),#2248);
#2244 = LINE('',#2245,#2246);
#2245 = CARTESIAN_POINT('',(-2.976694129238,-7.973686945676));
#2246 = VECTOR('',#2247,1.);
#2247 = DIRECTION('',(1.,-0.));
#2248 = ( GEOMETRIC_REPRESENTATION_CONTEXT(2) 
PARAMETRIC_REPRESENTATION_CONTEXT() REPRESENTATION_CONTEXT('2D SPACE',''
  ) );
#2249 = ORIENTED_EDGE('',*,*,#1537,.F.);
#2250 = ORIENTED_EDGE('',*,*,#1510,.F.);
#2251 = ADVANCED_FACE('',(#2252),#2216,.F.);
#2252 = FACE_BOUND('',#2253,.F.);
#2253 = EDGE_LOOP('',(#2254,#2255,#2276));
#2254 = ORIENTED_EDGE('',*,*,#2196,.F.);
#2255 = ORIENTED_EDGE('',*,*,#2256,.T.);
#2256 = EDGE_CURVE('',#2051,#2257,#2259,.T.);
#2257 = VERTEX_POINT('',#2258);
#2258 = CARTESIAN_POINT('',(-14.39122515723,2.886579864025E-15,18.004));
#2259 = SURFACE_CURVE('',#2260,(#2264,#2270),.PCURVE_S1.);
#2260 = LINE('',#2261,#2262);
#2261 = CARTESIAN_POINT('',(-3.227475045931E-31,0.,18.004));
#2262 = VECTOR('',#2263,1.);
#2263 = DIRECTION('',(-1.,1.665334536938E-16,2.753046323384E-16));
#2264 = PCURVE('',#2216,#2265);
#2265 = DEFINITIONAL_REPRESENTATION('',(#2266),#2269);
#2266 = B_SPLINE_CURVE_WITH_KNOTS('',1,(#2267,#2268),.UNSPECIFIED.,.F.,
  .F.,(2,2),(4.923167331277,17.244755727188),.PIECEWISE_BEZIER_KNOTS.);
#2267 = CARTESIAN_POINT('',(4.923167331277,1.881248740109E-15));
#2268 = CARTESIAN_POINT('',(17.244755727188,6.709681051681E-15));
#2269 = ( GEOMETRIC_REPRESENTATION_CONTEXT(2) 
PARAMETRIC_REPRESENTATION_CONTEXT() REPRESENTATION_CONTEXT('2D SPACE',''
  ) );
#2270 = PCURVE('',#2070,#2271);
#2271 = DEFINITIONAL_REPRESENTATION('',(#2272),#2275);
#2272 = B_SPLINE_CURVE_WITH_KNOTS('',1,(#2273,#2274),.UNSPECIFIED.,.F.,
  .F.,(2,2),(4.923167331277,17.244755727188),.PIECEWISE_BEZIER_KNOTS.);
#2273 = CARTESIAN_POINT('',(-4.923167331277,7.880859950559E-16));
#2274 = CARTESIAN_POINT('',(-17.24475572718,2.880576079209E-15));
#2275 = ( GEOMETRIC_REPRESENTATION_CONTEXT(2) 
PARAMETRIC_REPRESENTATION_CONTEXT() REPRESENTATION_CONTEXT('2D SPACE',''
  ) );
#2276 = ORIENTED_EDGE('',*,*,#2277,.F.);
#2277 = EDGE_CURVE('',#2197,#2257,#2278,.T.);
#2278 = SURFACE_CURVE('',#2279,(#2284,#2291),.PCURVE_S1.);
#2279 = HYPERBOLA('',#2280,0.579458238121,1.283856335117);
#2280 = AXIS2_PLACEMENT_3D('',#2281,#2282,#2283);
#2281 = CARTESIAN_POINT('',(1.431027593753E-16,1.288955067596,
    24.396504805153));
#2282 = DIRECTION('',(1.088319628441E-16,0.980271174622,-0.197657340379)
  );
#2283 = DIRECTION('',(-2.194437302751E-17,-0.197657340379,
    -0.980271174622));
#2284 = PCURVE('',#2216,#2285);
#2285 = DEFINITIONAL_REPRESENTATION('',(#2286),#2290);
#2286 = ( BOUNDED_CURVE() B_SPLINE_CURVE(2,(#2287,#2288,#2289),
.UNSPECIFIED.,.F.,.F.) B_SPLINE_CURVE_WITH_KNOTS((3,3),(2.066030475874,
3.497253535528),.PIECEWISE_BEZIER_KNOTS.) CURVE() 
GEOMETRIC_REPRESENTATION_ITEM() RATIONAL_B_SPLINE_CURVE((1.,
1.267165096688,1.)) REPRESENTATION_ITEM('') );
#2287 = CARTESIAN_POINT('',(4.985689189117,4.197498663841));
#2288 = CARTESIAN_POINT('',(8.147714047437,2.81543151101));
#2289 = CARTESIAN_POINT('',(21.18,-3.055809392022));
#2290 = ( GEOMETRIC_REPRESENTATION_CONTEXT(2) 
PARAMETRIC_REPRESENTATION_CONTEXT() REPRESENTATION_CONTEXT('2D SPACE',''
  ) );
#2291 = PCURVE('',#730,#2292);
#2292 = DEFINITIONAL_REPRESENTATION('',(#2293),#2303);
#2293 = B_SPLINE_CURVE_WITH_KNOTS('',8,(#2294,#2295,#2296,#2297,#2298,
    #2299,#2300,#2301,#2302),.UNSPECIFIED.,.F.,.F.,(9,9),(2.066030475874
    ,3.497253535528),.PIECEWISE_BEZIER_KNOTS.);
#2294 = CARTESIAN_POINT('',(-2.976694129238,-7.973686945676));
#2295 = CARTESIAN_POINT('',(-3.022138181078,-7.579052959716));
#2296 = CARTESIAN_POINT('',(-3.058380273427,-7.101099550371));
#2297 = CARTESIAN_POINT('',(-3.087502266137,-6.520580955671));
#2298 = CARTESIAN_POINT('',(-3.111110873331,-5.812556651636));
#2299 = CARTESIAN_POINT('',(-3.13037585209,-4.944443143718));
#2300 = CARTESIAN_POINT('',(-3.146198253661,-3.873013536384));
#2301 = CARTESIAN_POINT('',(-3.159262495014,-2.53994602537));
#2302 = CARTESIAN_POINT('',(-3.170102545038,-0.863478137863));
#2303 = ( GEOMETRIC_REPRESENTATION_CONTEXT(2) 
PARAMETRIC_REPRESENTATION_CONTEXT() REPRESENTATION_CONTEXT('2D SPACE',''
  ) );
#2304 = ADVANCED_FACE('',(#2305),#2070,.F.);
#2305 = FACE_BOUND('',#2306,.F.);
#2306 = EDGE_LOOP('',(#2307,#2308,#2309));
#2307 = ORIENTED_EDGE('',*,*,#2256,.F.);
#2308 = ORIENTED_EDGE('',*,*,#2050,.F.);
#2309 = ORIENTED_EDGE('',*,*,#2310,.F.);
#2310 = EDGE_CURVE('',#2257,#2027,#2311,.T.);
#2311 = SURFACE_CURVE('',#2312,(#2317,#2324),.PCURVE_S1.);
#2312 = HYPERBOLA('',#2313,0.579458238121,1.283856335117);
#2313 = AXIS2_PLACEMENT_3D('',#2314,#2315,#2316);
#2314 = CARTESIAN_POINT('',(-2.862055187505E-16,-1.288955067596,
    24.396504805153));
#2315 = DIRECTION('',(-2.176639256883E-16,-0.980271174622,
    -0.197657340379));
#2316 = DIRECTION('',(4.388874605502E-17,0.197657340379,-0.980271174622)
  );
#2317 = PCURVE('',#2070,#2318);
#2318 = DEFINITIONAL_REPRESENTATION('',(#2319),#2323);
#2319 = ( BOUNDED_CURVE() B_SPLINE_CURVE(2,(#2320,#2321,#2322),
.UNSPECIFIED.,.F.,.F.) B_SPLINE_CURVE_WITH_KNOTS((3,3),(-3.497253535528,
-2.066030475874),.PIECEWISE_BEZIER_KNOTS.) CURVE() 
GEOMETRIC_REPRESENTATION_ITEM() RATIONAL_B_SPLINE_CURVE((1.,
1.267165096688,1.)) REPRESENTATION_ITEM('') );
#2320 = CARTESIAN_POINT('',(-21.18,-3.055809392022));
#2321 = CARTESIAN_POINT('',(-8.147714047437,2.81543151101));
#2322 = CARTESIAN_POINT('',(-4.985689189117,4.197498663841));
#2323 = ( GEOMETRIC_REPRESENTATION_CONTEXT(2) 
PARAMETRIC_REPRESENTATION_CONTEXT() REPRESENTATION_CONTEXT('2D SPACE',''
  ) );
#2324 = PCURVE('',#730,#2325);
#2325 = DEFINITIONAL_REPRESENTATION('',(#2326),#2336);
#2326 = B_SPLINE_CURVE_WITH_KNOTS('',8,(#2327,#2328,#2329,#2330,#2331,
    #2332,#2333,#2334,#2335),.UNSPECIFIED.,.F.,.F.,(9,9),(
    -3.497253535528,-2.066030475874),.PIECEWISE_BEZIER_KNOTS.);
#2327 = CARTESIAN_POINT('',(-3.113082762142,-0.863478137863));
#2328 = CARTESIAN_POINT('',(-3.123922812166,-2.53994602537));
#2329 = CARTESIAN_POINT('',(-3.136987053516,-3.873013536383));
#2330 = CARTESIAN_POINT('',(-3.152809455078,-4.94444314372));
#2331 = CARTESIAN_POINT('',(-3.17207443383,-5.812556651647));
#2332 = CARTESIAN_POINT('',(-3.195683041033,-6.520580955668));
#2333 = CARTESIAN_POINT('',(-3.224805033752,-7.101099550374));
#2334 = CARTESIAN_POINT('',(-3.261047126102,-7.579052959716));
#2335 = CARTESIAN_POINT('',(-3.306491177942,-7.973686945676));
#2336 = ( GEOMETRIC_REPRESENTATION_CONTEXT(2) 
PARAMETRIC_REPRESENTATION_CONTEXT() REPRESENTATION_CONTEXT('2D SPACE',''
  ) );
#2337 = ADVANCED_FACE('',(#2338),#730,.T.);
#2338 = FACE_BOUND('',#2339,.T.);
#2339 = EDGE_LOOP('',(#2340,#2341,#2470,#2471,#2472,#2473,#2474,#2475,
    #2476,#2477,#2478));
#2340 = ORIENTED_EDGE('',*,*,#709,.F.);
#2341 = ORIENTED_EDGE('',*,*,#2342,.F.);
#2342 = EDGE_CURVE('',#1769,#648,#2343,.T.);
#2343 = SURFACE_CURVE('',#2344,(#2368,#2419),.PCURVE_S1.);
#2344 = B_SPLINE_CURVE_WITH_KNOTS('',8,(#2345,#2346,#2347,#2348,#2349,
    #2350,#2351,#2352,#2353,#2354,#2355,#2356,#2357,#2358,#2359,#2360,
    #2361,#2362,#2363,#2364,#2365,#2366,#2367),.UNSPECIFIED.,.F.,.F.,(9,
    7,7,9),(0.,0.16699310517,0.575643842061,1.),.UNSPECIFIED.);
#2345 = CARTESIAN_POINT('',(-0.253725322,-17.24475572281,16.745662622035
    ));
#2346 = CARTESIAN_POINT('',(0.126179961238,-17.26351268692,
    16.739860566825));
#2347 = CARTESIAN_POINT('',(0.506043219025,-17.27816804564,
    16.731645775383));
#2348 = CARTESIAN_POINT('',(0.885657903591,-17.28896807893,
    16.720924808673));
#2349 = CARTESIAN_POINT('',(1.264815309562,-17.29617393523,
    16.707612817542));
#2350 = CARTESIAN_POINT('',(1.643305378564,-17.30005668527,
    16.691636590295));
#2351 = CARTESIAN_POINT('',(2.020917504148,-17.30089237712,
    16.67293761213));
#2352 = CARTESIAN_POINT('',(2.397441332894,-17.29895707374,
    16.65147497964));
#2353 = CARTESIAN_POINT('',(3.69088802313,-17.2836687595,16.567896107272
    ));
#2354 = CARTESIAN_POINT('',(4.601585504038,-17.25784204983,
    16.49187762389));
#2355 = CARTESIAN_POINT('',(5.501185362433,-17.22099629527,
    16.398894796165));
#2356 = CARTESIAN_POINT('',(6.387246597776,-17.17693311646,
    16.289364171113));
#2357 = CARTESIAN_POINT('',(7.258458718483,-17.12855420676,
    16.164462113383));
#2358 = CARTESIAN_POINT('',(8.114302929098,-17.07754879039,
    16.025822676923));
#2359 = CARTESIAN_POINT('',(8.95475716075,-17.02484153621,15.87517463531
    ));
#2360 = CARTESIAN_POINT('',(10.637292843037,-16.91467076039,
    15.547013189529));
#2361 = CARTESIAN_POINT('',(11.478495133147,-16.85708276561,
    15.36863092485));
#2362 = CARTESIAN_POINT('',(12.305011839347,-16.79838312078,
    15.180724323458));
#2363 = CARTESIAN_POINT('',(13.118228529379,-16.73828425279,
    14.984872854828));
#2364 = CARTESIAN_POINT('',(13.919472263487,-16.67622407066,
    14.782412601527));
#2365 = CARTESIAN_POINT('',(14.709999919006,-16.61155052059,
    14.574418620411));
#2366 = CARTESIAN_POINT('',(15.491062278974,-16.54358548536,
    14.361737657787));
#2367 = CARTESIAN_POINT('',(16.263928388105,-16.47162825547,14.145));
#2368 = PCURVE('',#730,#2369);
#2369 = DEFINITIONAL_REPRESENTATION('',(#2370),#2418);
#2370 = B_SPLINE_CURVE_WITH_KNOTS('',3,(#2371,#2372,#2373,#2374,#2375,
    #2376,#2377,#2378,#2379,#2380,#2381,#2382,#2383,#2384,#2385,#2386,
    #2387,#2388,#2389,#2390,#2391,#2392,#2393,#2394,#2395,#2396,#2397,
    #2398,#2399,#2400,#2401,#2402,#2403,#2404,#2405,#2406,#2407,#2408,
    #2409,#2410,#2411,#2412,#2413,#2414,#2415,#2416,#2417),
  .UNSPECIFIED.,.F.,.F.,(4,1,1,1,1,1,1,1,1,1,1,1,1,1,1,1,1,1,1,1,1,1,1,1
    ,1,1,1,1,1,1,1,1,1,1,1,1,1,1,1,1,1,1,1,1,4),(0.,2.272727272727E-02,
    4.545454545455E-02,6.818181818182E-02,9.090909090909E-02,
    0.113636363636,0.136363636364,0.159090909091,0.181818181818,
    0.204545454545,0.227272727273,0.25,0.272727272727,0.295454545455,
    0.318181818182,0.340909090909,0.363636363636,0.386363636364,
    0.409090909091,0.431818181818,0.454545454545,0.477272727273,0.5,
    0.522727272727,0.545454545455,0.568181818182,0.590909090909,
    0.613636363636,0.636363636364,0.659090909091,0.681818181818,
    0.704545454545,0.727272727273,0.75,0.772727272727,0.795454545455,
    0.818181818182,0.840909090909,0.863636363636,0.886363636364,
    0.909090909091,0.931818181818,0.954545454545,0.977272727273,1.),
  .QUASI_UNIFORM_KNOTS.);
#2371 = CARTESIAN_POINT('',(-4.697676854576,-2.600662622035));
#2372 = CARTESIAN_POINT('',(-4.705676175322,-2.598557403824));
#2373 = CARTESIAN_POINT('',(-4.721659753626,-2.593510866192));
#2374 = CARTESIAN_POINT('',(-4.745568711364,-2.583362879528));
#2375 = CARTESIAN_POINT('',(-4.769390363323,-2.570564249244));
#2376 = CARTESIAN_POINT('',(-4.793102679131,-2.555051565809));
#2377 = CARTESIAN_POINT('',(-4.816683050751,-2.536768695121));
#2378 = CARTESIAN_POINT('',(-4.840108368308,-2.515668485803));
#2379 = CARTESIAN_POINT('',(-4.863355122242,-2.491713564221));
#2380 = CARTESIAN_POINT('',(-4.886399982187,-2.464876852143));
#2381 = CARTESIAN_POINT('',(-4.909221192173,-2.435140405396));
#2382 = CARTESIAN_POINT('',(-4.931794372269,-2.402501746967));
#2383 = CARTESIAN_POINT('',(-4.954097382577,-2.366968843868));
#2384 = CARTESIAN_POINT('',(-4.976109461756,-2.328560964602));
#2385 = CARTESIAN_POINT('',(-4.997811617664,-2.28730803743));
#2386 = CARTESIAN_POINT('',(-5.019186652774,-2.24325022484));
#2387 = CARTESIAN_POINT('',(-5.040219255463,-2.196437275996));
#2388 = CARTESIAN_POINT('',(-5.060896040402,-2.146927797732));
#2389 = CARTESIAN_POINT('',(-5.081205569028,-2.094788430729));
#2390 = CARTESIAN_POINT('',(-5.101138342472,-2.040092959489));
#2391 = CARTESIAN_POINT('',(-5.120686770592,-1.982921373569));
#2392 = CARTESIAN_POINT('',(-5.139845118497,-1.923358900881));
#2393 = CARTESIAN_POINT('',(-5.158609433497,-1.861495030585));
#2394 = CARTESIAN_POINT('',(-5.176977454756,-1.797422550235));
#2395 = CARTESIAN_POINT('',(-5.194948511765,-1.731236593071));
#2396 = CARTESIAN_POINT('',(-5.212523405051,-1.663033794864));
#2397 = CARTESIAN_POINT('',(-5.229704311101,-1.592911269752));
#2398 = CARTESIAN_POINT('',(-5.246494572874,-1.520966566035));
#2399 = CARTESIAN_POINT('',(-5.262902467253,-1.447278672774));
#2400 = CARTESIAN_POINT('',(-5.278934732331,-1.371933855685));
#2401 = CARTESIAN_POINT('',(-5.29459911763,-1.295014682396));
#2402 = CARTESIAN_POINT('',(-5.309903746396,-1.216601824679));
#2403 = CARTESIAN_POINT('',(-5.324857168855,-1.136773236275));
#2404 = CARTESIAN_POINT('',(-5.33946824039,-1.055604100336));
#2405 = CARTESIAN_POINT('',(-5.353746056742,-0.97316662884));
#2406 = CARTESIAN_POINT('',(-5.367699883869,-0.889529952302));
#2407 = CARTESIAN_POINT('',(-5.381339098885,-0.80476002912));
#2408 = CARTESIAN_POINT('',(-5.394673137229,-0.718919587327));
#2409 = CARTESIAN_POINT('',(-5.407711446864,-0.632068090126));
#2410 = CARTESIAN_POINT('',(-5.420463448643,-0.54426172199));
#2411 = CARTESIAN_POINT('',(-5.432938502625,-0.455553395024));
#2412 = CARTESIAN_POINT('',(-5.445145879124,-0.365992761207));
#2413 = CARTESIAN_POINT('',(-5.457094736454,-0.275626272287));
#2414 = CARTESIAN_POINT('',(-5.468794095631,-0.184497121202));
#2415 = CARTESIAN_POINT('',(-5.480252845942,-9.264567673902E-02));
#2416 = CARTESIAN_POINT('',(-5.487737383648,-3.095397351616E-02));
#2417 = CARTESIAN_POINT('',(-5.491442450071,-1.311027468026E-15));
#2418 = ( GEOMETRIC_REPRESENTATION_CONTEXT(2) 
PARAMETRIC_REPRESENTATION_CONTEXT() REPRESENTATION_CONTEXT('2D SPACE',''
  ) );
#2419 = PCURVE('',#48,#2420);
#2420 = DEFINITIONAL_REPRESENTATION('',(#2421),#2469);
#2421 = B_SPLINE_CURVE_WITH_KNOTS('',3,(#2422,#2423,#2424,#2425,#2426,
    #2427,#2428,#2429,#2430,#2431,#2432,#2433,#2434,#2435,#2436,#2437,
    #2438,#2439,#2440,#2441,#2442,#2443,#2444,#2445,#2446,#2447,#2448,
    #2449,#2450,#2451,#2452,#2453,#2454,#2455,#2456,#2457,#2458,#2459,
    #2460,#2461,#2462,#2463,#2464,#2465,#2466,#2467,#2468),
  .UNSPECIFIED.,.F.,.F.,(4,1,1,1,1,1,1,1,1,1,1,1,1,1,1,1,1,1,1,1,1,1,1,1
    ,1,1,1,1,1,1,1,1,1,1,1,1,1,1,1,1,1,1,1,1,4),(0.,2.272727272727E-02,
    4.545454545455E-02,6.818181818182E-02,9.090909090909E-02,
    0.113636363636,0.136363636364,0.159090909091,0.181818181818,
    0.204545454545,0.227272727273,0.25,0.272727272727,0.295454545455,
    0.318181818182,0.340909090909,0.363636363636,0.386363636364,
    0.409090909091,0.431818181818,0.454545454545,0.477272727273,0.5,
    0.522727272727,0.545454545455,0.568181818182,0.590909090909,
    0.613636363636,0.636363636364,0.659090909091,0.681818181818,
    0.704545454545,0.727272727273,0.75,0.772727272727,0.795454545455,
    0.818181818182,0.840909090909,0.863636363636,0.886363636364,
    0.909090909091,0.931818181818,0.954545454545,0.977272727273,1.),
  .QUASI_UNIFORM_KNOTS.);
#2422 = CARTESIAN_POINT('',(3.356294390766,0.));
#2423 = CARTESIAN_POINT('',(3.35219234941,1.411272693512E-03));
#2424 = CARTESIAN_POINT('',(3.344119061311,4.235483968502E-03));
#2425 = CARTESIAN_POINT('',(3.332417223835,8.475127296961E-03));
#2426 = CARTESIAN_POINT('',(3.321139408216,1.271643470355E-02));
#2427 = CARTESIAN_POINT('',(3.310300784416,1.695771266513E-02));
#2428 = CARTESIAN_POINT('',(3.29991582456,2.119724691315E-02));
#2429 = CARTESIAN_POINT('',(3.289998047851,2.543330527431E-02));
#2430 = CARTESIAN_POINT('',(3.28055989058,2.966412003106E-02));
#2431 = CARTESIAN_POINT('',(3.271612304526,3.388795941894E-02));
#2432 = CARTESIAN_POINT('',(3.263164318181,3.810335384861E-02));
#2433 = CARTESIAN_POINT('',(3.255224432222,4.230828278202E-02));
#2434 = CARTESIAN_POINT('',(3.24779872315,4.650102968139E-02));
#2435 = CARTESIAN_POINT('',(3.240891240567,5.067999573919E-02));
#2436 = CARTESIAN_POINT('',(3.234503923251,5.484374448009E-02));
#2437 = CARTESIAN_POINT('',(3.228636678905,5.899098331464E-02));
#2438 = CARTESIAN_POINT('',(3.223287452683,6.312056103501E-02));
#2439 = CARTESIAN_POINT('',(3.218452328387,6.723146030553E-02));
#2440 = CARTESIAN_POINT('',(3.214125646952,7.132279096366E-02));
#2441 = CARTESIAN_POINT('',(3.210300142311,7.53937827597E-02));
#2442 = CARTESIAN_POINT('',(3.206967090372,7.944377808045E-02));
#2443 = CARTESIAN_POINT('',(3.204116467806,8.347222465722E-02));
#2444 = CARTESIAN_POINT('',(3.201737117117,8.747866846377E-02));
#2445 = CARTESIAN_POINT('',(3.199816914125,9.146274668305E-02));
#2446 = CARTESIAN_POINT('',(3.19834293529,9.542418167904E-02));
#2447 = CARTESIAN_POINT('',(3.197301617345,9.936277296839E-02));
#2448 = CARTESIAN_POINT('',(3.196678920385,0.103278398864));
#2449 = CARTESIAN_POINT('',(3.196460436402,0.107170984666));
#2450 = CARTESIAN_POINT('',(3.196631655936,0.111041431098));
#2451 = CARTESIAN_POINT('',(3.197178252231,0.114890154357));
#2452 = CARTESIAN_POINT('',(3.19808605597,0.118717682535));
#2453 = CARTESIAN_POINT('',(3.199341148515,0.122524530676));
#2454 = CARTESIAN_POINT('',(3.200929915137,0.126311230225));
#2455 = CARTESIAN_POINT('',(3.202839097748,0.130078317909));
#2456 = CARTESIAN_POINT('',(3.205055837071,0.133826336227));
#2457 = CARTESIAN_POINT('',(3.207567707555,0.13755583149));
#2458 = CARTESIAN_POINT('',(3.210362744878,0.141267353121));
#2459 = CARTESIAN_POINT('',(3.213429466868,0.144961453137));
#2460 = CARTESIAN_POINT('',(3.216756888439,0.148638686053));
#2461 = CARTESIAN_POINT('',(3.220334531432,0.152299609067));
#2462 = CARTESIAN_POINT('',(3.224152429596,0.155944782502));
#2463 = CARTESIAN_POINT('',(3.228201131494,0.159574770454));
#2464 = CARTESIAN_POINT('',(3.232471694876,0.163190141515));
#2465 = CARTESIAN_POINT('',(3.236955700655,0.166791469908));
#2466 = CARTESIAN_POINT('',(3.241645185674,0.170379335413));
#2467 = CARTESIAN_POINT('',(3.244903645032,0.172762663807));
#2468 = CARTESIAN_POINT('',(3.246564663419,0.173952280362));
#2469 = ( GEOMETRIC_REPRESENTATION_CONTEXT(2) 
PARAMETRIC_REPRESENTATION_CONTEXT() REPRESENTATION_CONTEXT('2D SPACE',''
  ) );
#2470 = ORIENTED_EDGE('',*,*,#1792,.T.);
#2471 = ORIENTED_EDGE('',*,*,#1316,.T.);
#2472 = ORIENTED_EDGE('',*,*,#2026,.T.);
#2473 = ORIENTED_EDGE('',*,*,#2310,.F.);
#2474 = ORIENTED_EDGE('',*,*,#2277,.F.);
#2475 = ORIENTED_EDGE('',*,*,#2228,.T.);
#2476 = ORIENTED_EDGE('',*,*,#1564,.T.);
#2477 = ORIENTED_EDGE('',*,*,#1594,.T.);
#2478 = ORIENTED_EDGE('',*,*,#832,.T.);
#2479 = ADVANCED_FACE('',(#2480,#2483),#314,.F.);
#2480 = FACE_BOUND('',#2481,.F.);
#2481 = EDGE_LOOP('',(#2482));
#2482 = ORIENTED_EDGE('',*,*,#299,.T.);
#2483 = FACE_BOUND('',#2484,.F.);
#2484 = EDGE_LOOP('',(#2485));
#2485 = ORIENTED_EDGE('',*,*,#2167,.T.);
#2486 = ADVANCED_FACE('',(#2487),#48,.T.);
#2487 = FACE_BOUND('',#2488,.T.);
#2488 = EDGE_LOOP('',(#2489,#2490,#2491,#2492,#2493,#2494,#2495,#2496,
    #2497,#2498,#2499,#2500,#2501,#2502,#2503,#2504,#2505,#2527,#2554));
#2489 = ORIENTED_EDGE('',*,*,#21,.F.);
#2490 = ORIENTED_EDGE('',*,*,#549,.T.);
#2491 = ORIENTED_EDGE('',*,*,#1262,.F.);
#2492 = ORIENTED_EDGE('',*,*,#1240,.F.);
#2493 = ORIENTED_EDGE('',*,*,#1624,.T.);
#2494 = ORIENTED_EDGE('',*,*,#1648,.T.);
#2495 = ORIENTED_EDGE('',*,*,#1672,.T.);
#2496 = ORIENTED_EDGE('',*,*,#1696,.T.);
#2497 = ORIENTED_EDGE('',*,*,#1720,.T.);
#2498 = ORIENTED_EDGE('',*,*,#1744,.T.);
#2499 = ORIENTED_EDGE('',*,*,#1768,.T.);
#2500 = ORIENTED_EDGE('',*,*,#2342,.T.);
#2501 = ORIENTED_EDGE('',*,*,#647,.T.);
#2502 = ORIENTED_EDGE('',*,*,#585,.T.);
#2503 = ORIENTED_EDGE('',*,*,#327,.F.);
#2504 = ORIENTED_EDGE('',*,*,#88,.F.);
#2505 = ORIENTED_EDGE('',*,*,#2506,.T.);
#2506 = EDGE_CURVE('',#24,#2507,#2509,.T.);
#2507 = VERTEX_POINT('',#2508);
#2508 = CARTESIAN_POINT('',(94.115835475432,11.4,-0.9730812498));
#2509 = SEAM_CURVE('',#2510,(#2513,#2520),.PCURVE_S1.);
#2510 = B_SPLINE_CURVE_WITH_KNOTS('',1,(#2511,#2512),.UNSPECIFIED.,.F.,
  .F.,(2,2),(0.,1.),.PIECEWISE_BEZIER_KNOTS.);
#2511 = CARTESIAN_POINT('',(3.394731914021E-16,17.65,18.004));
#2512 = CARTESIAN_POINT('',(94.115835475432,11.4,-0.9730812498));
#2513 = PCURVE('',#48,#2514);
#2514 = DEFINITIONAL_REPRESENTATION('',(#2515),#2519);
#2515 = LINE('',#2516,#2517);
#2516 = CARTESIAN_POINT('',(6.28318530718,0.));
#2517 = VECTOR('',#2518,1.);
#2518 = DIRECTION('',(0.,1.));
#2519 = ( GEOMETRIC_REPRESENTATION_CONTEXT(2) 
PARAMETRIC_REPRESENTATION_CONTEXT() REPRESENTATION_CONTEXT('2D SPACE',''
  ) );
#2520 = PCURVE('',#48,#2521);
#2521 = DEFINITIONAL_REPRESENTATION('',(#2522),#2526);
#2522 = LINE('',#2523,#2524);
#2523 = CARTESIAN_POINT('',(0.,0.));
#2524 = VECTOR('',#2525,1.);
#2525 = DIRECTION('',(0.,1.));
#2526 = ( GEOMETRIC_REPRESENTATION_CONTEXT(2) 
PARAMETRIC_REPRESENTATION_CONTEXT() REPRESENTATION_CONTEXT('2D SPACE',''
  ) );
#2527 = ORIENTED_EDGE('',*,*,#2528,.F.);
#2528 = EDGE_CURVE('',#2507,#2507,#2529,.T.);
#2529 = SURFACE_CURVE('',#2530,(#2535,#2542),.PCURVE_S1.);
#2530 = ELLIPSE('',#2531,11.4,2.575);
#2531 = AXIS2_PLACEMENT_3D('',#2532,#2533,#2534);
#2532 = CARTESIAN_POINT('',(94.115835475432,0.,-0.9730812498));
#2533 = DIRECTION('',(0.995055569961,3.636197787194E-34,
    -9.931974974364E-02));
#2534 = DIRECTION('',(-1.102670729654E-17,1.,-1.104733604552E-16));
#2535 = PCURVE('',#48,#2536);
#2536 = DEFINITIONAL_REPRESENTATION('',(#2537),#2541);
#2537 = LINE('',#2538,#2539);
#2538 = CARTESIAN_POINT('',(0.,1.));
#2539 = VECTOR('',#2540,1.);
#2540 = DIRECTION('',(1.,0.));
#2541 = ( GEOMETRIC_REPRESENTATION_CONTEXT(2) 
PARAMETRIC_REPRESENTATION_CONTEXT() REPRESENTATION_CONTEXT('2D SPACE',''
  ) );
#2542 = PCURVE('',#2543,#2548);
#2543 = PLANE('',#2544);
#2544 = AXIS2_PLACEMENT_3D('',#2545,#2546,#2547);
#2545 = CARTESIAN_POINT('',(94.115835475432,0.,-0.9730812498));
#2546 = DIRECTION('',(0.995055569961,3.636197787194E-34,
    -9.931974974364E-02));
#2547 = DIRECTION('',(-1.102670729654E-17,1.,-1.104733604552E-16));
#2548 = DEFINITIONAL_REPRESENTATION('',(#2549),#2553);
#2549 = ELLIPSE('',#2550,11.4,2.575);
#2550 = AXIS2_PLACEMENT_2D('',#2551,#2552);
#2551 = CARTESIAN_POINT('',(0.,0.));
#2552 = DIRECTION('',(1.,-3.49868534463E-32));
#2553 = ( GEOMETRIC_REPRESENTATION_CONTEXT(2) 
PARAMETRIC_REPRESENTATION_CONTEXT() REPRESENTATION_CONTEXT('2D SPACE',''
  ) );
#2554 = ORIENTED_EDGE('',*,*,#2506,.F.);
#2555 = ADVANCED_FACE('',(#2556),#2543,.T.);
#2556 = FACE_BOUND('',#2557,.T.);
#2557 = EDGE_LOOP('',(#2558));
#2558 = ORIENTED_EDGE('',*,*,#2528,.T.);
#2559 = ( GEOMETRIC_REPRESENTATION_CONTEXT(3) 
GLOBAL_UNCERTAINTY_ASSIGNED_CONTEXT((#2563)) 
GLOBAL_UNIT_ASSIGNED_CONTEXT((#2560,#2561,#2562)) REPRESENTATION_CONTEXT
('Context #1','3D Context with UNIT and UNCERTAINTY') );
#2560 = ( LENGTH_UNIT() NAMED_UNIT(*) SI_UNIT(.MILLI.,.METRE.) );
#2561 = ( NAMED_UNIT(*) PLANE_ANGLE_UNIT() SI_UNIT($,.RADIAN.) );
#2562 = ( NAMED_UNIT(*) SI_UNIT($,.STERADIAN.) SOLID_ANGLE_UNIT() );
#2563 = UNCERTAINTY_MEASURE_WITH_UNIT(LENGTH_MEASURE(5.E-06),#2560,
  'distance_accuracy_value','confusion accuracy');
#2564 = PRODUCT_RELATED_PRODUCT_CATEGORY('part',$,(#7));
ENDSEC;
END-ISO-10303-21;
