ISO-10303-21;
HEADER;
FILE_DESCRIPTION(('Open CASCADE Model'),'2;1');
FILE_NAME('Open CASCADE Shape Model','2026-10-02T01:30:28',('Author'),(
    'Open CASCADE'),'Open CASCADE STEP processor 7.9','Open CASCADE 7.9'
  ,'Unknown');
FILE_SCHEMA(('AUTOMOTIVE_DESIGN { 1 0 10303 214 1 1 1 1 }'));
ENDSEC;
DATA;
#1 = APPLICATION_PROTOCOL_DEFINITION('international standard',
  'automotive_design',2000,#2);
#2 = APPLICATION_CONTEXT(
  'core data for automotive mechanical design processes');
#3 = SHAPE_DEFINITION_REPRESENTATION(#4,#10);
#4 = PRODUCT_DEFINITION_SHAPE('','',#5);
#5 = PRODUCT_DEFINITION('design','',#6,#9);
#6 = PRODUCT_DEFINITION_FORMATION('','',#7);
#7 = PRODUCT('Open CASCADE STEP translator 7.9 3',
  'Open CASCADE STEP translator 7.9 3','',(#8));
#8 = PRODUCT_CONTEXT('',#2,'mechanical');
#9 = PRODUCT_DEFINITION_CONTEXT('part definition',#2,'design');
#10 = ADVANCED_BREP_SHAPE_REPRESENTATION('',(#11,#15),#5501);
#11 = AXIS2_PLACEMENT_3D('',#12,#13,#14);
#12 = CARTESIAN_POINT('',(0.,0.,0.));
#13 = DIRECTION('',(0.,0.,1.));
#14 = DIRECTION('',(1.,0.,-0.));
#15 = MANIFOLD_SOLID_BREP('',#16);
#16 = CLOSED_SHELL('',(#17,#137,#213,#289,#2131,#3595,#3622,#3649,#3676,
    #3703,#3730,#3757,#3784,#3811,#3838,#3865,#3892,#3919,#3946,#3973,
    #4000,#4027,#4054,#4081,#4108,#4135,#4162,#4189,#4216,#4243,#4270,
    #4297,#4324,#4351,#4378,#4405,#4432,#4459,#4486,#4513,#4540,#4567,
    #4594,#4621,#4648,#4675,#4702,#4729,#4756,#4783,#4810,#4837,#4864,
    #4891,#4918,#4945,#4972,#4999,#5026,#5053,#5080,#5107,#5134,#5161,
    #5188,#5215,#5222,#5294,#5341,#5389,#5414,#5441,#5491));
#17 = ADVANCED_FACE('',(#18),#32,.F.);
#18 = FACE_BOUND('',#19,.F.);
#19 = EDGE_LOOP('',(#20,#55,#83,#111));
#20 = ORIENTED_EDGE('',*,*,#21,.T.);
#21 = EDGE_CURVE('',#22,#24,#26,.T.);
#22 = VERTEX_POINT('',#23);
#23 = CARTESIAN_POINT('',(28.958,0.,0.));
#24 = VERTEX_POINT('',#25);
#25 = CARTESIAN_POINT('',(28.958,-10.81,0.));
#26 = SURFACE_CURVE('',#27,(#31,#43),.PCURVE_S1.);
#27 = LINE('',#28,#29);
#28 = CARTESIAN_POINT('',(28.958,0.,0.));
#29 = VECTOR('',#30,1.);
#30 = DIRECTION('',(0.,-1.,0.));
#31 = PCURVE('',#32,#37);
#32 = PLANE('',#33);
#33 = AXIS2_PLACEMENT_3D('',#34,#35,#36);
#34 = CARTESIAN_POINT('',(28.958,0.,0.));
#35 = DIRECTION('',(-0.942312981611,-0.,-0.334733094701));
#36 = DIRECTION('',(-0.334733094701,0.,0.942312981611));
#37 = DEFINITIONAL_REPRESENTATION('',(#38),#42);
#38 = LINE('',#39,#40);
#39 = CARTESIAN_POINT('',(0.,0.));
#40 = VECTOR('',#41,1.);
#41 = DIRECTION('',(0.,-1.));
#42 = ( GEOMETRIC_REPRESENTATION_CONTEXT(2) 
PARAMETRIC_REPRESENTATION_CONTEXT() REPRESENTATION_CONTEXT('2D SPACE',''
  ) );
#43 = PCURVE('',#44,#49);
#44 = PLANE('',#45);
#45 = AXIS2_PLACEMENT_3D('',#46,#47,#48);
#46 = CARTESIAN_POINT('',(30.095,0.,-2.964));
#47 = DIRECTION('',(-0.933661867501,-0.,-0.358155716379));
#48 = DIRECTION('',(-0.358155716379,0.,0.933661867501));
#49 = DEFINITIONAL_REPRESENTATION('',(#50),#54);
#50 = LINE('',#51,#52);
#51 = CARTESIAN_POINT('',(3.174596824795,0.));
#52 = VECTOR('',#53,1.);
#53 = DIRECTION('',(0.,-1.));
#54 = ( GEOMETRIC_REPRESENTATION_CONTEXT(2) 
PARAMETRIC_REPRESENTATION_CONTEXT() REPRESENTATION_CONTEXT('2D SPACE',''
  ) );
#55 = ORIENTED_EDGE('',*,*,#56,.T.);
#56 = EDGE_CURVE('',#24,#57,#59,.T.);
#57 = VERTEX_POINT('',#58);
#58 = CARTESIAN_POINT('',(27.979,-10.81,2.756));
#59 = SURFACE_CURVE('',#60,(#64,#71),.PCURVE_S1.);
#60 = LINE('',#61,#62);
#61 = CARTESIAN_POINT('',(28.958,-10.81,0.));
#62 = VECTOR('',#63,1.);
#63 = DIRECTION('',(-0.334733094701,0.,0.942312981611));
#64 = PCURVE('',#32,#65);
#65 = DEFINITIONAL_REPRESENTATION('',(#66),#70);
#66 = LINE('',#67,#68);
#67 = CARTESIAN_POINT('',(0.,-10.81));
#68 = VECTOR('',#69,1.);
#69 = DIRECTION('',(1.,0.));
#70 = ( GEOMETRIC_REPRESENTATION_CONTEXT(2) 
PARAMETRIC_REPRESENTATION_CONTEXT() REPRESENTATION_CONTEXT('2D SPACE',''
  ) );
#71 = PCURVE('',#72,#77);
#72 = PLANE('',#73);
#73 = AXIS2_PLACEMENT_3D('',#74,#75,#76);
#74 = CARTESIAN_POINT('',(1.493806359261,-10.81,-0.951658506443));
#75 = DIRECTION('',(-0.,-1.,-0.));
#76 = DIRECTION('',(0.,0.,-1.));
#77 = DEFINITIONAL_REPRESENTATION('',(#78),#82);
#78 = LINE('',#79,#80);
#79 = CARTESIAN_POINT('',(-0.951658506443,27.464193640739));
#80 = VECTOR('',#81,1.);
#81 = DIRECTION('',(-0.942312981611,-0.334733094701));
#82 = ( GEOMETRIC_REPRESENTATION_CONTEXT(2) 
PARAMETRIC_REPRESENTATION_CONTEXT() REPRESENTATION_CONTEXT('2D SPACE',''
  ) );
#83 = ORIENTED_EDGE('',*,*,#84,.F.);
#84 = EDGE_CURVE('',#85,#57,#87,.T.);
#85 = VERTEX_POINT('',#86);
#86 = CARTESIAN_POINT('',(27.979,0.,2.756));
#87 = SURFACE_CURVE('',#88,(#92,#99),.PCURVE_S1.);
#88 = LINE('',#89,#90);
#89 = CARTESIAN_POINT('',(27.979,0.,2.756));
#90 = VECTOR('',#91,1.);
#91 = DIRECTION('',(0.,-1.,0.));
#92 = PCURVE('',#32,#93);
#93 = DEFINITIONAL_REPRESENTATION('',(#94),#98);
#94 = LINE('',#95,#96);
#95 = CARTESIAN_POINT('',(2.924718277031,0.));
#96 = VECTOR('',#97,1.);
#97 = DIRECTION('',(0.,-1.));
#98 = ( GEOMETRIC_REPRESENTATION_CONTEXT(2) 
PARAMETRIC_REPRESENTATION_CONTEXT() REPRESENTATION_CONTEXT('2D SPACE',''
  ) );
#99 = PCURVE('',#100,#105);
#100 = PLANE('',#101);
#101 = AXIS2_PLACEMENT_3D('',#102,#103,#104);
#102 = CARTESIAN_POINT('',(27.979,0.,2.756));
#103 = DIRECTION('',(-0.948033448288,-0.,-0.318170678924));
#104 = DIRECTION('',(-0.318170678924,0.,0.948033448288));
#105 = DEFINITIONAL_REPRESENTATION('',(#106),#110);
#106 = LINE('',#107,#108);
#107 = CARTESIAN_POINT('',(0.,0.));
#108 = VECTOR('',#109,1.);
#109 = DIRECTION('',(0.,-1.));
#110 = ( GEOMETRIC_REPRESENTATION_CONTEXT(2) 
PARAMETRIC_REPRESENTATION_CONTEXT() REPRESENTATION_CONTEXT('2D SPACE',''
  ) );
#111 = ORIENTED_EDGE('',*,*,#112,.F.);
#112 = EDGE_CURVE('',#22,#85,#113,.T.);
#113 = SURFACE_CURVE('',#114,(#118,#125),.PCURVE_S1.);
#114 = LINE('',#115,#116);
#115 = CARTESIAN_POINT('',(28.958,0.,0.));
#116 = VECTOR('',#117,1.);
#117 = DIRECTION('',(-0.334733094701,0.,0.942312981611));
#118 = PCURVE('',#32,#119);
#119 = DEFINITIONAL_REPRESENTATION('',(#120),#124);
#120 = LINE('',#121,#122);
#121 = CARTESIAN_POINT('',(0.,0.));
#122 = VECTOR('',#123,1.);
#123 = DIRECTION('',(1.,0.));
#124 = ( GEOMETRIC_REPRESENTATION_CONTEXT(2) 
PARAMETRIC_REPRESENTATION_CONTEXT() REPRESENTATION_CONTEXT('2D SPACE',''
  ) );
#125 = PCURVE('',#126,#131);
#126 = PLANE('',#127);
#127 = AXIS2_PLACEMENT_3D('',#128,#129,#130);
#128 = CARTESIAN_POINT('',(1.493806359261,0.,-0.951658506443));
#129 = DIRECTION('',(-0.,-1.,-0.));
#130 = DIRECTION('',(0.,0.,-1.));
#131 = DEFINITIONAL_REPRESENTATION('',(#132),#136);
#132 = LINE('',#133,#134);
#133 = CARTESIAN_POINT('',(-0.951658506443,27.464193640739));
#134 = VECTOR('',#135,1.);
#135 = DIRECTION('',(-0.942312981611,-0.334733094701));
#136 = ( GEOMETRIC_REPRESENTATION_CONTEXT(2) 
PARAMETRIC_REPRESENTATION_CONTEXT() REPRESENTATION_CONTEXT('2D SPACE',''
  ) );
#137 = ADVANCED_FACE('',(#138),#44,.F.);
#138 = FACE_BOUND('',#139,.F.);
#139 = EDGE_LOOP('',(#140,#170,#191,#192));
#140 = ORIENTED_EDGE('',*,*,#141,.T.);
#141 = EDGE_CURVE('',#142,#144,#146,.T.);
#142 = VERTEX_POINT('',#143);
#143 = CARTESIAN_POINT('',(30.095,0.,-2.964));
#144 = VERTEX_POINT('',#145);
#145 = CARTESIAN_POINT('',(30.095,-10.81,-2.964));
#146 = SURFACE_CURVE('',#147,(#151,#158),.PCURVE_S1.);
#147 = LINE('',#148,#149);
#148 = CARTESIAN_POINT('',(30.095,0.,-2.964));
#149 = VECTOR('',#150,1.);
#150 = DIRECTION('',(0.,-1.,0.));
#151 = PCURVE('',#44,#152);
#152 = DEFINITIONAL_REPRESENTATION('',(#153),#157);
#153 = LINE('',#154,#155);
#154 = CARTESIAN_POINT('',(0.,0.));
#155 = VECTOR('',#156,1.);
#156 = DIRECTION('',(0.,-1.));
#157 = ( GEOMETRIC_REPRESENTATION_CONTEXT(2) 
PARAMETRIC_REPRESENTATION_CONTEXT() REPRESENTATION_CONTEXT('2D SPACE',''
  ) );
#158 = PCURVE('',#159,#164);
#159 = PLANE('',#160);
#160 = AXIS2_PLACEMENT_3D('',#161,#162,#163);
#161 = CARTESIAN_POINT('',(31.322,0.,-6.23));
#162 = DIRECTION('',(-0.936116982951,-0.,-0.351688774673));
#163 = DIRECTION('',(-0.351688774673,0.,0.936116982951));
#164 = DEFINITIONAL_REPRESENTATION('',(#165),#169);
#165 = LINE('',#166,#167);
#166 = CARTESIAN_POINT('',(3.488880192841,0.));
#167 = VECTOR('',#168,1.);
#168 = DIRECTION('',(0.,-1.));
#169 = ( GEOMETRIC_REPRESENTATION_CONTEXT(2) 
PARAMETRIC_REPRESENTATION_CONTEXT() REPRESENTATION_CONTEXT('2D SPACE',''
  ) );
#170 = ORIENTED_EDGE('',*,*,#171,.T.);
#171 = EDGE_CURVE('',#144,#24,#172,.T.);
#172 = SURFACE_CURVE('',#173,(#177,#184),.PCURVE_S1.);
#173 = LINE('',#174,#175);
#174 = CARTESIAN_POINT('',(30.095,-10.81,-2.964));
#175 = VECTOR('',#176,1.);
#176 = DIRECTION('',(-0.358155716379,0.,0.933661867501));
#177 = PCURVE('',#44,#178);
#178 = DEFINITIONAL_REPRESENTATION('',(#179),#183);
#179 = LINE('',#180,#181);
#180 = CARTESIAN_POINT('',(0.,-10.81));
#181 = VECTOR('',#182,1.);
#182 = DIRECTION('',(1.,0.));
#183 = ( GEOMETRIC_REPRESENTATION_CONTEXT(2) 
PARAMETRIC_REPRESENTATION_CONTEXT() REPRESENTATION_CONTEXT('2D SPACE',''
  ) );
#184 = PCURVE('',#72,#185);
#185 = DEFINITIONAL_REPRESENTATION('',(#186),#190);
#186 = LINE('',#187,#188);
#187 = CARTESIAN_POINT('',(2.012341493557,28.601193640739));
#188 = VECTOR('',#189,1.);
#189 = DIRECTION('',(-0.933661867501,-0.358155716379));
#190 = ( GEOMETRIC_REPRESENTATION_CONTEXT(2) 
PARAMETRIC_REPRESENTATION_CONTEXT() REPRESENTATION_CONTEXT('2D SPACE',''
  ) );
#191 = ORIENTED_EDGE('',*,*,#21,.F.);
#192 = ORIENTED_EDGE('',*,*,#193,.F.);
#193 = EDGE_CURVE('',#142,#22,#194,.T.);
#194 = SURFACE_CURVE('',#195,(#199,#206),.PCURVE_S1.);
#195 = LINE('',#196,#197);
#196 = CARTESIAN_POINT('',(30.095,0.,-2.964));
#197 = VECTOR('',#198,1.);
#198 = DIRECTION('',(-0.358155716379,0.,0.933661867501));
#199 = PCURVE('',#44,#200);
#200 = DEFINITIONAL_REPRESENTATION('',(#201),#205);
#201 = LINE('',#202,#203);
#202 = CARTESIAN_POINT('',(0.,0.));
#203 = VECTOR('',#204,1.);
#204 = DIRECTION('',(1.,0.));
#205 = ( GEOMETRIC_REPRESENTATION_CONTEXT(2) 
PARAMETRIC_REPRESENTATION_CONTEXT() REPRESENTATION_CONTEXT('2D SPACE',''
  ) );
#206 = PCURVE('',#126,#207);
#207 = DEFINITIONAL_REPRESENTATION('',(#208),#212);
#208 = LINE('',#209,#210);
#209 = CARTESIAN_POINT('',(2.012341493557,28.601193640739));
#210 = VECTOR('',#211,1.);
#211 = DIRECTION('',(-0.933661867501,-0.358155716379));
#212 = ( GEOMETRIC_REPRESENTATION_CONTEXT(2) 
PARAMETRIC_REPRESENTATION_CONTEXT() REPRESENTATION_CONTEXT('2D SPACE',''
  ) );
#213 = ADVANCED_FACE('',(#214),#100,.F.);
#214 = FACE_BOUND('',#215,.F.);
#215 = EDGE_LOOP('',(#216,#217,#240,#268));
#216 = ORIENTED_EDGE('',*,*,#84,.T.);
#217 = ORIENTED_EDGE('',*,*,#218,.T.);
#218 = EDGE_CURVE('',#57,#219,#221,.T.);
#219 = VERTEX_POINT('',#220);
#220 = CARTESIAN_POINT('',(27.095,-10.81,5.39));
#221 = SURFACE_CURVE('',#222,(#226,#233),.PCURVE_S1.);
#222 = LINE('',#223,#224);
#223 = CARTESIAN_POINT('',(27.979,-10.81,2.756));
#224 = VECTOR('',#225,1.);
#225 = DIRECTION('',(-0.318170678924,0.,0.948033448288));
#226 = PCURVE('',#100,#227);
#227 = DEFINITIONAL_REPRESENTATION('',(#228),#232);
#228 = LINE('',#229,#230);
#229 = CARTESIAN_POINT('',(0.,-10.81));
#230 = VECTOR('',#231,1.);
#231 = DIRECTION('',(1.,0.));
#232 = ( GEOMETRIC_REPRESENTATION_CONTEXT(2) 
PARAMETRIC_REPRESENTATION_CONTEXT() REPRESENTATION_CONTEXT('2D SPACE',''
  ) );
#233 = PCURVE('',#72,#234);
#234 = DEFINITIONAL_REPRESENTATION('',(#235),#239);
#235 = LINE('',#236,#237);
#236 = CARTESIAN_POINT('',(-3.707658506443,26.485193640739));
#237 = VECTOR('',#238,1.);
#238 = DIRECTION('',(-0.948033448288,-0.318170678924));
#239 = ( GEOMETRIC_REPRESENTATION_CONTEXT(2) 
PARAMETRIC_REPRESENTATION_CONTEXT() REPRESENTATION_CONTEXT('2D SPACE',''
  ) );
#240 = ORIENTED_EDGE('',*,*,#241,.F.);
#241 = EDGE_CURVE('',#242,#219,#244,.T.);
#242 = VERTEX_POINT('',#243);
#243 = CARTESIAN_POINT('',(27.095,0.,5.39));
#244 = SURFACE_CURVE('',#245,(#249,#256),.PCURVE_S1.);
#245 = LINE('',#246,#247);
#246 = CARTESIAN_POINT('',(27.095,0.,5.39));
#247 = VECTOR('',#248,1.);
#248 = DIRECTION('',(0.,-1.,0.));
#249 = PCURVE('',#100,#250);
#250 = DEFINITIONAL_REPRESENTATION('',(#251),#255);
#251 = LINE('',#252,#253);
#252 = CARTESIAN_POINT('',(2.77838298296,0.));
#253 = VECTOR('',#254,1.);
#254 = DIRECTION('',(0.,-1.));
#255 = ( GEOMETRIC_REPRESENTATION_CONTEXT(2) 
PARAMETRIC_REPRESENTATION_CONTEXT() REPRESENTATION_CONTEXT('2D SPACE',''
  ) );
#256 = PCURVE('',#257,#262);
#257 = PLANE('',#258);
#258 = AXIS2_PLACEMENT_3D('',#259,#260,#261);
#259 = CARTESIAN_POINT('',(27.095,0.,5.39));
#260 = DIRECTION('',(-0.943506913747,-0.,-0.331352838696));
#261 = DIRECTION('',(-0.331352838696,0.,0.943506913747));
#262 = DEFINITIONAL_REPRESENTATION('',(#263),#267);
#263 = LINE('',#264,#265);
#264 = CARTESIAN_POINT('',(0.,0.));
#265 = VECTOR('',#266,1.);
#266 = DIRECTION('',(0.,-1.));
#267 = ( GEOMETRIC_REPRESENTATION_CONTEXT(2) 
PARAMETRIC_REPRESENTATION_CONTEXT() REPRESENTATION_CONTEXT('2D SPACE',''
  ) );
#268 = ORIENTED_EDGE('',*,*,#269,.F.);
#269 = EDGE_CURVE('',#85,#242,#270,.T.);
#270 = SURFACE_CURVE('',#271,(#275,#282),.PCURVE_S1.);
#271 = LINE('',#272,#273);
#272 = CARTESIAN_POINT('',(27.979,0.,2.756));
#273 = VECTOR('',#274,1.);
#274 = DIRECTION('',(-0.318170678924,0.,0.948033448288));
#275 = PCURVE('',#100,#276);
#276 = DEFINITIONAL_REPRESENTATION('',(#277),#281);
#277 = LINE('',#278,#279);
#278 = CARTESIAN_POINT('',(0.,0.));
#279 = VECTOR('',#280,1.);
#280 = DIRECTION('',(1.,0.));
#281 = ( GEOMETRIC_REPRESENTATION_CONTEXT(2) 
PARAMETRIC_REPRESENTATION_CONTEXT() REPRESENTATION_CONTEXT('2D SPACE',''
  ) );
#282 = PCURVE('',#126,#283);
#283 = DEFINITIONAL_REPRESENTATION('',(#284),#288);
#284 = LINE('',#285,#286);
#285 = CARTESIAN_POINT('',(-3.707658506443,26.485193640739));
#286 = VECTOR('',#287,1.);
#287 = DIRECTION('',(-0.948033448288,-0.318170678924));
#288 = ( GEOMETRIC_REPRESENTATION_CONTEXT(2) 
PARAMETRIC_REPRESENTATION_CONTEXT() REPRESENTATION_CONTEXT('2D SPACE',''
  ) );
#289 = ADVANCED_FACE('',(#290,#1991,#2100),#126,.F.);
#290 = FACE_BOUND('',#291,.F.);
#291 = EDGE_LOOP('',(#292,#293,#294,#317,#345,#373,#401,#429,#457,#485,
    #513,#541,#569,#597,#625,#653,#681,#709,#737,#765,#793,#821,#849,
    #877,#905,#933,#961,#989,#1017,#1045,#1073,#1101,#1129,#1157,#1185,
    #1213,#1241,#1269,#1297,#1325,#1353,#1381,#1409,#1437,#1465,#1493,
    #1521,#1549,#1577,#1605,#1633,#1661,#1689,#1717,#1745,#1773,#1801,
    #1829,#1857,#1885,#1913,#1941,#1969,#1990));
#292 = ORIENTED_EDGE('',*,*,#112,.T.);
#293 = ORIENTED_EDGE('',*,*,#269,.T.);
#294 = ORIENTED_EDGE('',*,*,#295,.T.);
#295 = EDGE_CURVE('',#242,#296,#298,.T.);
#296 = VERTEX_POINT('',#297);
#297 = CARTESIAN_POINT('',(26.197,0.,7.947));
#298 = SURFACE_CURVE('',#299,(#303,#310),.PCURVE_S1.);
#299 = LINE('',#300,#301);
#300 = CARTESIAN_POINT('',(27.095,0.,5.39));
#301 = VECTOR('',#302,1.);
#302 = DIRECTION('',(-0.331352838696,0.,0.943506913747));
#303 = PCURVE('',#126,#304);
#304 = DEFINITIONAL_REPRESENTATION('',(#305),#309);
#305 = LINE('',#306,#307);
#306 = CARTESIAN_POINT('',(-6.341658506443,25.601193640739));
#307 = VECTOR('',#308,1.);
#308 = DIRECTION('',(-0.943506913747,-0.331352838696));
#309 = ( GEOMETRIC_REPRESENTATION_CONTEXT(2) 
PARAMETRIC_REPRESENTATION_CONTEXT() REPRESENTATION_CONTEXT('2D SPACE',''
  ) );
#310 = PCURVE('',#257,#311);
#311 = DEFINITIONAL_REPRESENTATION('',(#312),#316);
#312 = LINE('',#313,#314);
#313 = CARTESIAN_POINT('',(0.,0.));
#314 = VECTOR('',#315,1.);
#315 = DIRECTION('',(1.,0.));
#316 = ( GEOMETRIC_REPRESENTATION_CONTEXT(2) 
PARAMETRIC_REPRESENTATION_CONTEXT() REPRESENTATION_CONTEXT('2D SPACE',''
  ) );
#317 = ORIENTED_EDGE('',*,*,#318,.T.);
#318 = EDGE_CURVE('',#296,#319,#321,.T.);
#319 = VERTEX_POINT('',#320);
#320 = CARTESIAN_POINT('',(25.186,0.,10.432));
#321 = SURFACE_CURVE('',#322,(#326,#333),.PCURVE_S1.);
#322 = LINE('',#323,#324);
#323 = CARTESIAN_POINT('',(26.197,0.,7.947));
#324 = VECTOR('',#325,1.);
#325 = DIRECTION('',(-0.376846915591,0.,0.926275554147));
#326 = PCURVE('',#126,#327);
#327 = DEFINITIONAL_REPRESENTATION('',(#328),#332);
#328 = LINE('',#329,#330);
#329 = CARTESIAN_POINT('',(-8.898658506443,24.703193640739));
#330 = VECTOR('',#331,1.);
#331 = DIRECTION('',(-0.926275554147,-0.376846915591));
#332 = ( GEOMETRIC_REPRESENTATION_CONTEXT(2) 
PARAMETRIC_REPRESENTATION_CONTEXT() REPRESENTATION_CONTEXT('2D SPACE',''
  ) );
#333 = PCURVE('',#334,#339);
#334 = PLANE('',#335);
#335 = AXIS2_PLACEMENT_3D('',#336,#337,#338);
#336 = CARTESIAN_POINT('',(26.197,0.,7.947));
#337 = DIRECTION('',(-0.926275554147,-0.,-0.376846915591));
#338 = DIRECTION('',(-0.376846915591,0.,0.926275554147));
#339 = DEFINITIONAL_REPRESENTATION('',(#340),#344);
#340 = LINE('',#341,#342);
#341 = CARTESIAN_POINT('',(0.,0.));
#342 = VECTOR('',#343,1.);
#343 = DIRECTION('',(1.,0.));
#344 = ( GEOMETRIC_REPRESENTATION_CONTEXT(2) 
PARAMETRIC_REPRESENTATION_CONTEXT() REPRESENTATION_CONTEXT('2D SPACE',''
  ) );
#345 = ORIENTED_EDGE('',*,*,#346,.T.);
#346 = EDGE_CURVE('',#319,#347,#349,.T.);
#347 = VERTEX_POINT('',#348);
#348 = CARTESIAN_POINT('',(24.001,0.,12.829));
#349 = SURFACE_CURVE('',#350,(#354,#361),.PCURVE_S1.);
#350 = LINE('',#351,#352);
#351 = CARTESIAN_POINT('',(25.186,0.,10.432));
#352 = VECTOR('',#353,1.);
#353 = DIRECTION('',(-0.443170017785,0.,0.896437580279));
#354 = PCURVE('',#126,#355);
#355 = DEFINITIONAL_REPRESENTATION('',(#356),#360);
#356 = LINE('',#357,#358);
#357 = CARTESIAN_POINT('',(-11.38365850644,23.692193640739));
#358 = VECTOR('',#359,1.);
#359 = DIRECTION('',(-0.896437580279,-0.443170017785));
#360 = ( GEOMETRIC_REPRESENTATION_CONTEXT(2) 
PARAMETRIC_REPRESENTATION_CONTEXT() REPRESENTATION_CONTEXT('2D SPACE',''
  ) );
#361 = PCURVE('',#362,#367);
#362 = PLANE('',#363);
#363 = AXIS2_PLACEMENT_3D('',#364,#365,#366);
#364 = CARTESIAN_POINT('',(25.186,0.,10.432));
#365 = DIRECTION('',(-0.896437580279,-0.,-0.443170017785));
#366 = DIRECTION('',(-0.443170017785,0.,0.896437580279));
#367 = DEFINITIONAL_REPRESENTATION('',(#368),#372);
#368 = LINE('',#369,#370);
#369 = CARTESIAN_POINT('',(0.,0.));
#370 = VECTOR('',#371,1.);
#371 = DIRECTION('',(1.,0.));
#372 = ( GEOMETRIC_REPRESENTATION_CONTEXT(2) 
PARAMETRIC_REPRESENTATION_CONTEXT() REPRESENTATION_CONTEXT('2D SPACE',''
  ) );
#373 = ORIENTED_EDGE('',*,*,#374,.T.);
#374 = EDGE_CURVE('',#347,#375,#377,.T.);
#375 = VERTEX_POINT('',#376);
#376 = CARTESIAN_POINT('',(22.614,0.,15.11));
#377 = SURFACE_CURVE('',#378,(#382,#389),.PCURVE_S1.);
#378 = LINE('',#379,#380);
#379 = CARTESIAN_POINT('',(24.001,0.,12.829));
#380 = VECTOR('',#381,1.);
#381 = DIRECTION('',(-0.519554736326,0.,0.854437169113));
#382 = PCURVE('',#126,#383);
#383 = DEFINITIONAL_REPRESENTATION('',(#384),#388);
#384 = LINE('',#385,#386);
#385 = CARTESIAN_POINT('',(-13.78065850644,22.507193640739));
#386 = VECTOR('',#387,1.);
#387 = DIRECTION('',(-0.854437169113,-0.519554736326));
#388 = ( GEOMETRIC_REPRESENTATION_CONTEXT(2) 
PARAMETRIC_REPRESENTATION_CONTEXT() REPRESENTATION_CONTEXT('2D SPACE',''
  ) );
#389 = PCURVE('',#390,#395);
#390 = PLANE('',#391);
#391 = AXIS2_PLACEMENT_3D('',#392,#393,#394);
#392 = CARTESIAN_POINT('',(24.001,0.,12.829));
#393 = DIRECTION('',(-0.854437169113,-0.,-0.519554736326));
#394 = DIRECTION('',(-0.519554736326,0.,0.854437169113));
#395 = DEFINITIONAL_REPRESENTATION('',(#396),#400);
#396 = LINE('',#397,#398);
#397 = CARTESIAN_POINT('',(0.,0.));
#398 = VECTOR('',#399,1.);
#399 = DIRECTION('',(1.,0.));
#400 = ( GEOMETRIC_REPRESENTATION_CONTEXT(2) 
PARAMETRIC_REPRESENTATION_CONTEXT() REPRESENTATION_CONTEXT('2D SPACE',''
  ) );
#401 = ORIENTED_EDGE('',*,*,#402,.T.);
#402 = EDGE_CURVE('',#375,#403,#405,.T.);
#403 = VERTEX_POINT('',#404);
#404 = CARTESIAN_POINT('',(21.02,0.,17.251));
#405 = SURFACE_CURVE('',#406,(#410,#417),.PCURVE_S1.);
#406 = LINE('',#407,#408);
#407 = CARTESIAN_POINT('',(22.614,0.,15.11));
#408 = VECTOR('',#409,1.);
#409 = DIRECTION('',(-0.597178973347,0.,0.802108018781));
#410 = PCURVE('',#126,#411);
#411 = DEFINITIONAL_REPRESENTATION('',(#412),#416);
#412 = LINE('',#413,#414);
#413 = CARTESIAN_POINT('',(-16.06165850644,21.120193640739));
#414 = VECTOR('',#415,1.);
#415 = DIRECTION('',(-0.802108018781,-0.597178973347));
#416 = ( GEOMETRIC_REPRESENTATION_CONTEXT(2) 
PARAMETRIC_REPRESENTATION_CONTEXT() REPRESENTATION_CONTEXT('2D SPACE',''
  ) );
#417 = PCURVE('',#418,#423);
#418 = PLANE('',#419);
#419 = AXIS2_PLACEMENT_3D('',#420,#421,#422);
#420 = CARTESIAN_POINT('',(22.614,0.,15.11));
#421 = DIRECTION('',(-0.802108018781,-0.,-0.597178973347));
#422 = DIRECTION('',(-0.597178973347,0.,0.802108018781));
#423 = DEFINITIONAL_REPRESENTATION('',(#424),#428);
#424 = LINE('',#425,#426);
#425 = CARTESIAN_POINT('',(0.,0.));
#426 = VECTOR('',#427,1.);
#427 = DIRECTION('',(1.,0.));
#428 = ( GEOMETRIC_REPRESENTATION_CONTEXT(2) 
PARAMETRIC_REPRESENTATION_CONTEXT() REPRESENTATION_CONTEXT('2D SPACE',''
  ) );
#429 = ORIENTED_EDGE('',*,*,#430,.T.);
#430 = EDGE_CURVE('',#403,#431,#433,.T.);
#431 = VERTEX_POINT('',#432);
#432 = CARTESIAN_POINT('',(19.227,0.,19.227));
#433 = SURFACE_CURVE('',#434,(#438,#445),.PCURVE_S1.);
#434 = LINE('',#435,#436);
#435 = CARTESIAN_POINT('',(21.02,0.,17.251));
#436 = VECTOR('',#437,1.);
#437 = DIRECTION('',(-0.671982293849,0.,0.740567212853));
#438 = PCURVE('',#126,#439);
#439 = DEFINITIONAL_REPRESENTATION('',(#440),#444);
#440 = LINE('',#441,#442);
#441 = CARTESIAN_POINT('',(-18.20265850644,19.526193640739));
#442 = VECTOR('',#443,1.);
#443 = DIRECTION('',(-0.740567212853,-0.671982293849));
#444 = ( GEOMETRIC_REPRESENTATION_CONTEXT(2) 
PARAMETRIC_REPRESENTATION_CONTEXT() REPRESENTATION_CONTEXT('2D SPACE',''
  ) );
#445 = PCURVE('',#446,#451);
#446 = PLANE('',#447);
#447 = AXIS2_PLACEMENT_3D('',#448,#449,#450);
#448 = CARTESIAN_POINT('',(21.02,0.,17.251));
#449 = DIRECTION('',(-0.740567212853,-0.,-0.671982293849));
#450 = DIRECTION('',(-0.671982293849,0.,0.740567212853));
#451 = DEFINITIONAL_REPRESENTATION('',(#452),#456);
#452 = LINE('',#453,#454);
#453 = CARTESIAN_POINT('',(0.,0.));
#454 = VECTOR('',#455,1.);
#455 = DIRECTION('',(1.,0.));
#456 = ( GEOMETRIC_REPRESENTATION_CONTEXT(2) 
PARAMETRIC_REPRESENTATION_CONTEXT() REPRESENTATION_CONTEXT('2D SPACE',''
  ) );
#457 = ORIENTED_EDGE('',*,*,#458,.T.);
#458 = EDGE_CURVE('',#431,#459,#461,.T.);
#459 = VERTEX_POINT('',#460);
#460 = CARTESIAN_POINT('',(17.249,0.,21.018));
#461 = SURFACE_CURVE('',#462,(#466,#473),.PCURVE_S1.);
#462 = LINE('',#463,#464);
#463 = CARTESIAN_POINT('',(19.227,0.,19.227));
#464 = VECTOR('',#465,1.);
#465 = DIRECTION('',(-0.741278251217,0.,0.671197850319));
#466 = PCURVE('',#126,#467);
#467 = DEFINITIONAL_REPRESENTATION('',(#468),#472);
#468 = LINE('',#469,#470);
#469 = CARTESIAN_POINT('',(-20.17865850644,17.733193640739));
#470 = VECTOR('',#471,1.);
#471 = DIRECTION('',(-0.671197850319,-0.741278251217));
#472 = ( GEOMETRIC_REPRESENTATION_CONTEXT(2) 
PARAMETRIC_REPRESENTATION_CONTEXT() REPRESENTATION_CONTEXT('2D SPACE',''
  ) );
#473 = PCURVE('',#474,#479);
#474 = PLANE('',#475);
#475 = AXIS2_PLACEMENT_3D('',#476,#477,#478);
#476 = CARTESIAN_POINT('',(19.227,0.,19.227));
#477 = DIRECTION('',(-0.671197850319,-0.,-0.741278251217));
#478 = DIRECTION('',(-0.741278251217,0.,0.671197850319));
#479 = DEFINITIONAL_REPRESENTATION('',(#480),#484);
#480 = LINE('',#481,#482);
#481 = CARTESIAN_POINT('',(0.,0.));
#482 = VECTOR('',#483,1.);
#483 = DIRECTION('',(1.,0.));
#484 = ( GEOMETRIC_REPRESENTATION_CONTEXT(2) 
PARAMETRIC_REPRESENTATION_CONTEXT() REPRESENTATION_CONTEXT('2D SPACE',''
  ) );
#485 = ORIENTED_EDGE('',*,*,#486,.T.);
#486 = EDGE_CURVE('',#459,#487,#489,.T.);
#487 = VERTEX_POINT('',#488);
#488 = CARTESIAN_POINT('',(15.106,0.,22.608));
#489 = SURFACE_CURVE('',#490,(#494,#501),.PCURVE_S1.);
#490 = LINE('',#491,#492);
#491 = CARTESIAN_POINT('',(17.249,0.,21.018));
#492 = VECTOR('',#493,1.);
#493 = DIRECTION('',(-0.803092243443,0.,0.595854720987));
#494 = PCURVE('',#126,#495);
#495 = DEFINITIONAL_REPRESENTATION('',(#496),#500);
#496 = LINE('',#497,#498);
#497 = CARTESIAN_POINT('',(-21.96965850644,15.755193640739));
#498 = VECTOR('',#499,1.);
#499 = DIRECTION('',(-0.595854720987,-0.803092243443));
#500 = ( GEOMETRIC_REPRESENTATION_CONTEXT(2) 
PARAMETRIC_REPRESENTATION_CONTEXT() REPRESENTATION_CONTEXT('2D SPACE',''
  ) );
#501 = PCURVE('',#502,#507);
#502 = PLANE('',#503);
#503 = AXIS2_PLACEMENT_3D('',#504,#505,#506);
#504 = CARTESIAN_POINT('',(17.249,0.,21.018));
#505 = DIRECTION('',(-0.595854720987,-0.,-0.803092243443));
#506 = DIRECTION('',(-0.803092243443,0.,0.595854720987));
#507 = DEFINITIONAL_REPRESENTATION('',(#508),#512);
#508 = LINE('',#509,#510);
#509 = CARTESIAN_POINT('',(0.,0.));
#510 = VECTOR('',#511,1.);
#511 = DIRECTION('',(1.,0.));
#512 = ( GEOMETRIC_REPRESENTATION_CONTEXT(2) 
PARAMETRIC_REPRESENTATION_CONTEXT() REPRESENTATION_CONTEXT('2D SPACE',''
  ) );
#513 = ORIENTED_EDGE('',*,*,#514,.T.);
#514 = EDGE_CURVE('',#487,#515,#517,.T.);
#515 = VERTEX_POINT('',#516);
#516 = CARTESIAN_POINT('',(12.817,0.,23.979));
#517 = SURFACE_CURVE('',#518,(#522,#529),.PCURVE_S1.);
#518 = LINE('',#519,#520);
#519 = CARTESIAN_POINT('',(15.106,0.,22.608));
#520 = VECTOR('',#521,1.);
#521 = DIRECTION('',(-0.857889504893,0.,0.513834211974));
#522 = PCURVE('',#126,#523);
#523 = DEFINITIONAL_REPRESENTATION('',(#524),#528);
#524 = LINE('',#525,#526);
#525 = CARTESIAN_POINT('',(-23.55965850644,13.612193640739));
#526 = VECTOR('',#527,1.);
#527 = DIRECTION('',(-0.513834211974,-0.857889504893));
#528 = ( GEOMETRIC_REPRESENTATION_CONTEXT(2) 
PARAMETRIC_REPRESENTATION_CONTEXT() REPRESENTATION_CONTEXT('2D SPACE',''
  ) );
#529 = PCURVE('',#530,#535);
#530 = PLANE('',#531);
#531 = AXIS2_PLACEMENT_3D('',#532,#533,#534);
#532 = CARTESIAN_POINT('',(15.106,0.,22.608));
#533 = DIRECTION('',(-0.513834211974,-0.,-0.857889504893));
#534 = DIRECTION('',(-0.857889504893,0.,0.513834211974));
#535 = DEFINITIONAL_REPRESENTATION('',(#536),#540);
#536 = LINE('',#537,#538);
#537 = CARTESIAN_POINT('',(0.,0.));
#538 = VECTOR('',#539,1.);
#539 = DIRECTION('',(1.,0.));
#540 = ( GEOMETRIC_REPRESENTATION_CONTEXT(2) 
PARAMETRIC_REPRESENTATION_CONTEXT() REPRESENTATION_CONTEXT('2D SPACE',''
  ) );
#541 = ORIENTED_EDGE('',*,*,#542,.T.);
#542 = EDGE_CURVE('',#515,#543,#545,.T.);
#543 = VERTEX_POINT('',#544);
#544 = CARTESIAN_POINT('',(10.405,0.,25.12));
#545 = SURFACE_CURVE('',#546,(#550,#557),.PCURVE_S1.);
#546 = LINE('',#547,#548);
#547 = CARTESIAN_POINT('',(12.817,0.,23.979));
#548 = VECTOR('',#549,1.);
#549 = DIRECTION('',(-0.903959022343,0.,0.427619089757));
#550 = PCURVE('',#126,#551);
#551 = DEFINITIONAL_REPRESENTATION('',(#552),#556);
#552 = LINE('',#553,#554);
#553 = CARTESIAN_POINT('',(-24.93065850644,11.323193640739));
#554 = VECTOR('',#555,1.);
#555 = DIRECTION('',(-0.427619089757,-0.903959022343));
#556 = ( GEOMETRIC_REPRESENTATION_CONTEXT(2) 
PARAMETRIC_REPRESENTATION_CONTEXT() REPRESENTATION_CONTEXT('2D SPACE',''
  ) );
#557 = PCURVE('',#558,#563);
#558 = PLANE('',#559);
#559 = AXIS2_PLACEMENT_3D('',#560,#561,#562);
#560 = CARTESIAN_POINT('',(12.817,0.,23.979));
#561 = DIRECTION('',(-0.427619089757,-0.,-0.903959022343));
#562 = DIRECTION('',(-0.903959022343,0.,0.427619089757));
#563 = DEFINITIONAL_REPRESENTATION('',(#564),#568);
#564 = LINE('',#565,#566);
#565 = CARTESIAN_POINT('',(0.,0.));
#566 = VECTOR('',#567,1.);
#567 = DIRECTION('',(1.,0.));
#568 = ( GEOMETRIC_REPRESENTATION_CONTEXT(2) 
PARAMETRIC_REPRESENTATION_CONTEXT() REPRESENTATION_CONTEXT('2D SPACE',''
  ) );
#569 = ORIENTED_EDGE('',*,*,#570,.T.);
#570 = EDGE_CURVE('',#543,#571,#573,.T.);
#571 = VERTEX_POINT('',#572);
#572 = CARTESIAN_POINT('',(7.893,0.,26.02));
#573 = SURFACE_CURVE('',#574,(#578,#585),.PCURVE_S1.);
#574 = LINE('',#575,#576);
#575 = CARTESIAN_POINT('',(10.405,0.,25.12));
#576 = VECTOR('',#577,1.);
#577 = DIRECTION('',(-0.941402281629,0.,0.33728584931));
#578 = PCURVE('',#126,#579);
#579 = DEFINITIONAL_REPRESENTATION('',(#580),#584);
#580 = LINE('',#581,#582);
#581 = CARTESIAN_POINT('',(-26.07165850644,8.911193640739));
#582 = VECTOR('',#583,1.);
#583 = DIRECTION('',(-0.33728584931,-0.941402281629));
#584 = ( GEOMETRIC_REPRESENTATION_CONTEXT(2) 
PARAMETRIC_REPRESENTATION_CONTEXT() REPRESENTATION_CONTEXT('2D SPACE',''
  ) );
#585 = PCURVE('',#586,#591);
#586 = PLANE('',#587);
#587 = AXIS2_PLACEMENT_3D('',#588,#589,#590);
#588 = CARTESIAN_POINT('',(10.405,0.,25.12));
#589 = DIRECTION('',(-0.33728584931,-0.,-0.941402281629));
#590 = DIRECTION('',(-0.941402281629,0.,0.33728584931));
#591 = DEFINITIONAL_REPRESENTATION('',(#592),#596);
#592 = LINE('',#593,#594);
#593 = CARTESIAN_POINT('',(0.,0.));
#594 = VECTOR('',#595,1.);
#595 = DIRECTION('',(1.,0.));
#596 = ( GEOMETRIC_REPRESENTATION_CONTEXT(2) 
PARAMETRIC_REPRESENTATION_CONTEXT() REPRESENTATION_CONTEXT('2D SPACE',''
  ) );
#597 = ORIENTED_EDGE('',*,*,#598,.T.);
#598 = EDGE_CURVE('',#571,#599,#601,.T.);
#599 = VERTEX_POINT('',#600);
#600 = CARTESIAN_POINT('',(5.305,0.,26.67));
#601 = SURFACE_CURVE('',#602,(#606,#613),.PCURVE_S1.);
#602 = LINE('',#603,#604);
#603 = CARTESIAN_POINT('',(7.893,0.,26.02));
#604 = VECTOR('',#605,1.);
#605 = DIRECTION('',(-0.969877387017,0.,0.243593625024));
#606 = PCURVE('',#126,#607);
#607 = DEFINITIONAL_REPRESENTATION('',(#608),#612);
#608 = LINE('',#609,#610);
#609 = CARTESIAN_POINT('',(-26.97165850644,6.399193640739));
#610 = VECTOR('',#611,1.);
#611 = DIRECTION('',(-0.243593625024,-0.969877387017));
#612 = ( GEOMETRIC_REPRESENTATION_CONTEXT(2) 
PARAMETRIC_REPRESENTATION_CONTEXT() REPRESENTATION_CONTEXT('2D SPACE',''
  ) );
#613 = PCURVE('',#614,#619);
#614 = PLANE('',#615);
#615 = AXIS2_PLACEMENT_3D('',#616,#617,#618);
#616 = CARTESIAN_POINT('',(7.893,0.,26.02));
#617 = DIRECTION('',(-0.243593625024,-0.,-0.969877387017));
#618 = DIRECTION('',(-0.969877387017,0.,0.243593625024));
#619 = DEFINITIONAL_REPRESENTATION('',(#620),#624);
#620 = LINE('',#621,#622);
#621 = CARTESIAN_POINT('',(0.,0.));
#622 = VECTOR('',#623,1.);
#623 = DIRECTION('',(1.,0.));
#624 = ( GEOMETRIC_REPRESENTATION_CONTEXT(2) 
PARAMETRIC_REPRESENTATION_CONTEXT() REPRESENTATION_CONTEXT('2D SPACE',''
  ) );
#625 = ORIENTED_EDGE('',*,*,#626,.T.);
#626 = EDGE_CURVE('',#599,#627,#629,.T.);
#627 = VERTEX_POINT('',#628);
#628 = CARTESIAN_POINT('',(2.666,0.,27.066));
#629 = SURFACE_CURVE('',#630,(#634,#641),.PCURVE_S1.);
#630 = LINE('',#631,#632);
#631 = CARTESIAN_POINT('',(5.305,0.,26.67));
#632 = VECTOR('',#633,1.);
#633 = DIRECTION('',(-0.988928105318,0.,0.148395426186));
#634 = PCURVE('',#126,#635);
#635 = DEFINITIONAL_REPRESENTATION('',(#636),#640);
#636 = LINE('',#637,#638);
#637 = CARTESIAN_POINT('',(-27.62165850644,3.811193640739));
#638 = VECTOR('',#639,1.);
#639 = DIRECTION('',(-0.148395426186,-0.988928105318));
#640 = ( GEOMETRIC_REPRESENTATION_CONTEXT(2) 
PARAMETRIC_REPRESENTATION_CONTEXT() REPRESENTATION_CONTEXT('2D SPACE',''
  ) );
#641 = PCURVE('',#642,#647);
#642 = PLANE('',#643);
#643 = AXIS2_PLACEMENT_3D('',#644,#645,#646);
#644 = CARTESIAN_POINT('',(5.305,0.,26.67));
#645 = DIRECTION('',(-0.148395426186,-0.,-0.988928105318));
#646 = DIRECTION('',(-0.988928105318,0.,0.148395426186));
#647 = DEFINITIONAL_REPRESENTATION('',(#648),#652);
#648 = LINE('',#649,#650);
#649 = CARTESIAN_POINT('',(0.,0.));
#650 = VECTOR('',#651,1.);
#651 = DIRECTION('',(1.,0.));
#652 = ( GEOMETRIC_REPRESENTATION_CONTEXT(2) 
PARAMETRIC_REPRESENTATION_CONTEXT() REPRESENTATION_CONTEXT('2D SPACE',''
  ) );
#653 = ORIENTED_EDGE('',*,*,#654,.T.);
#654 = EDGE_CURVE('',#627,#655,#657,.T.);
#655 = VERTEX_POINT('',#656);
#656 = CARTESIAN_POINT('',(0.,0.,27.212));
#657 = SURFACE_CURVE('',#658,(#662,#669),.PCURVE_S1.);
#658 = LINE('',#659,#660);
#659 = CARTESIAN_POINT('',(2.666,0.,27.066));
#660 = VECTOR('',#661,1.);
#661 = DIRECTION('',(-0.99850383356,0.,5.468175532625E-02));
#662 = PCURVE('',#126,#663);
#663 = DEFINITIONAL_REPRESENTATION('',(#664),#668);
#664 = LINE('',#665,#666);
#665 = CARTESIAN_POINT('',(-28.01765850644,1.172193640739));
#666 = VECTOR('',#667,1.);
#667 = DIRECTION('',(-5.468175532625E-02,-0.99850383356));
#668 = ( GEOMETRIC_REPRESENTATION_CONTEXT(2) 
PARAMETRIC_REPRESENTATION_CONTEXT() REPRESENTATION_CONTEXT('2D SPACE',''
  ) );
#669 = PCURVE('',#670,#675);
#670 = PLANE('',#671);
#671 = AXIS2_PLACEMENT_3D('',#672,#673,#674);
#672 = CARTESIAN_POINT('',(2.666,0.,27.066));
#673 = DIRECTION('',(-5.468175532625E-02,-0.,-0.99850383356));
#674 = DIRECTION('',(-0.99850383356,0.,5.468175532625E-02));
#675 = DEFINITIONAL_REPRESENTATION('',(#676),#680);
#676 = LINE('',#677,#678);
#677 = CARTESIAN_POINT('',(0.,0.));
#678 = VECTOR('',#679,1.);
#679 = DIRECTION('',(1.,0.));
#680 = ( GEOMETRIC_REPRESENTATION_CONTEXT(2) 
PARAMETRIC_REPRESENTATION_CONTEXT() REPRESENTATION_CONTEXT('2D SPACE',''
  ) );
#681 = ORIENTED_EDGE('',*,*,#682,.T.);
#682 = EDGE_CURVE('',#655,#683,#685,.T.);
#683 = VERTEX_POINT('',#684);
#684 = CARTESIAN_POINT('',(-2.671,0.,27.119));
#685 = SURFACE_CURVE('',#686,(#690,#697),.PCURVE_S1.);
#686 = LINE('',#687,#688);
#687 = CARTESIAN_POINT('',(0.,0.,27.212));
#688 = VECTOR('',#689,1.);
#689 = DIRECTION('',(-0.999394389403,0.,-3.479733366322E-02));
#690 = PCURVE('',#126,#691);
#691 = DEFINITIONAL_REPRESENTATION('',(#692),#696);
#692 = LINE('',#693,#694);
#693 = CARTESIAN_POINT('',(-28.16365850644,-1.493806359261));
#694 = VECTOR('',#695,1.);
#695 = DIRECTION('',(3.479733366322E-02,-0.999394389403));
#696 = ( GEOMETRIC_REPRESENTATION_CONTEXT(2) 
PARAMETRIC_REPRESENTATION_CONTEXT() REPRESENTATION_CONTEXT('2D SPACE',''
  ) );
#697 = PCURVE('',#698,#703);
#698 = PLANE('',#699);
#699 = AXIS2_PLACEMENT_3D('',#700,#701,#702);
#700 = CARTESIAN_POINT('',(0.,0.,27.212));
#701 = DIRECTION('',(3.479733366322E-02,0.,-0.999394389403));
#702 = DIRECTION('',(-0.999394389403,0.,-3.479733366322E-02));
#703 = DEFINITIONAL_REPRESENTATION('',(#704),#708);
#704 = LINE('',#705,#706);
#705 = CARTESIAN_POINT('',(0.,0.));
#706 = VECTOR('',#707,1.);
#707 = DIRECTION('',(1.,0.));
#708 = ( GEOMETRIC_REPRESENTATION_CONTEXT(2) 
PARAMETRIC_REPRESENTATION_CONTEXT() REPRESENTATION_CONTEXT('2D SPACE',''
  ) );
#709 = ORIENTED_EDGE('',*,*,#710,.T.);
#710 = EDGE_CURVE('',#683,#711,#713,.T.);
#711 = VERTEX_POINT('',#712);
#712 = CARTESIAN_POINT('',(-5.333,0.,26.813));
#713 = SURFACE_CURVE('',#714,(#718,#725),.PCURVE_S1.);
#714 = LINE('',#715,#716);
#715 = CARTESIAN_POINT('',(-2.671,0.,27.119));
#716 = VECTOR('',#717,1.);
#717 = DIRECTION('',(-0.993457878529,0.,-0.114199140056));
#718 = PCURVE('',#126,#719);
#719 = DEFINITIONAL_REPRESENTATION('',(#720),#724);
#720 = LINE('',#721,#722);
#721 = CARTESIAN_POINT('',(-28.07065850644,-4.164806359261));
#722 = VECTOR('',#723,1.);
#723 = DIRECTION('',(0.114199140056,-0.993457878529));
#724 = ( GEOMETRIC_REPRESENTATION_CONTEXT(2) 
PARAMETRIC_REPRESENTATION_CONTEXT() REPRESENTATION_CONTEXT('2D SPACE',''
  ) );
#725 = PCURVE('',#726,#731);
#726 = PLANE('',#727);
#727 = AXIS2_PLACEMENT_3D('',#728,#729,#730);
#728 = CARTESIAN_POINT('',(-2.671,0.,27.119));
#729 = DIRECTION('',(0.114199140056,0.,-0.993457878529));
#730 = DIRECTION('',(-0.993457878529,0.,-0.114199140056));
#731 = DEFINITIONAL_REPRESENTATION('',(#732),#736);
#732 = LINE('',#733,#734);
#733 = CARTESIAN_POINT('',(0.,0.));
#734 = VECTOR('',#735,1.);
#735 = DIRECTION('',(1.,0.));
#736 = ( GEOMETRIC_REPRESENTATION_CONTEXT(2) 
PARAMETRIC_REPRESENTATION_CONTEXT() REPRESENTATION_CONTEXT('2D SPACE',''
  ) );
#737 = ORIENTED_EDGE('',*,*,#738,.T.);
#738 = EDGE_CURVE('',#711,#739,#741,.T.);
#739 = VERTEX_POINT('',#740);
#740 = CARTESIAN_POINT('',(-7.988,0.,26.334));
#741 = SURFACE_CURVE('',#742,(#746,#753),.PCURVE_S1.);
#742 = LINE('',#743,#744);
#743 = CARTESIAN_POINT('',(-5.333,0.,26.813));
#744 = VECTOR('',#745,1.);
#745 = DIRECTION('',(-0.984112156575,0.,-0.177547918267));
#746 = PCURVE('',#126,#747);
#747 = DEFINITIONAL_REPRESENTATION('',(#748),#752);
#748 = LINE('',#749,#750);
#749 = CARTESIAN_POINT('',(-27.76465850644,-6.826806359261));
#750 = VECTOR('',#751,1.);
#751 = DIRECTION('',(0.177547918267,-0.984112156575));
#752 = ( GEOMETRIC_REPRESENTATION_CONTEXT(2) 
PARAMETRIC_REPRESENTATION_CONTEXT() REPRESENTATION_CONTEXT('2D SPACE',''
  ) );
#753 = PCURVE('',#754,#759);
#754 = PLANE('',#755);
#755 = AXIS2_PLACEMENT_3D('',#756,#757,#758);
#756 = CARTESIAN_POINT('',(-5.333,0.,26.813));
#757 = DIRECTION('',(0.177547918267,0.,-0.984112156575));
#758 = DIRECTION('',(-0.984112156575,0.,-0.177547918267));
#759 = DEFINITIONAL_REPRESENTATION('',(#760),#764);
#760 = LINE('',#761,#762);
#761 = CARTESIAN_POINT('',(0.,0.));
#762 = VECTOR('',#763,1.);
#763 = DIRECTION('',(1.,0.));
#764 = ( GEOMETRIC_REPRESENTATION_CONTEXT(2) 
PARAMETRIC_REPRESENTATION_CONTEXT() REPRESENTATION_CONTEXT('2D SPACE',''
  ) );
#765 = ORIENTED_EDGE('',*,*,#766,.T.);
#766 = EDGE_CURVE('',#739,#767,#769,.T.);
#767 = VERTEX_POINT('',#768);
#768 = CARTESIAN_POINT('',(-10.657,0.,25.729));
#769 = SURFACE_CURVE('',#770,(#774,#781),.PCURVE_S1.);
#770 = LINE('',#771,#772);
#771 = CARTESIAN_POINT('',(-7.988,0.,26.334));
#772 = VECTOR('',#773,1.);
#773 = DIRECTION('',(-0.97525832854,0.,-0.221068298526));
#774 = PCURVE('',#126,#775);
#775 = DEFINITIONAL_REPRESENTATION('',(#776),#780);
#776 = LINE('',#777,#778);
#777 = CARTESIAN_POINT('',(-27.28565850644,-9.481806359261));
#778 = VECTOR('',#779,1.);
#779 = DIRECTION('',(0.221068298526,-0.97525832854));
#780 = ( GEOMETRIC_REPRESENTATION_CONTEXT(2) 
PARAMETRIC_REPRESENTATION_CONTEXT() REPRESENTATION_CONTEXT('2D SPACE',''
  ) );
#781 = PCURVE('',#782,#787);
#782 = PLANE('',#783);
#783 = AXIS2_PLACEMENT_3D('',#784,#785,#786);
#784 = CARTESIAN_POINT('',(-7.988,0.,26.334));
#785 = DIRECTION('',(0.221068298526,0.,-0.97525832854));
#786 = DIRECTION('',(-0.97525832854,0.,-0.221068298526));
#787 = DEFINITIONAL_REPRESENTATION('',(#788),#792);
#788 = LINE('',#789,#790);
#789 = CARTESIAN_POINT('',(0.,0.));
#790 = VECTOR('',#791,1.);
#791 = DIRECTION('',(1.,0.));
#792 = ( GEOMETRIC_REPRESENTATION_CONTEXT(2) 
PARAMETRIC_REPRESENTATION_CONTEXT() REPRESENTATION_CONTEXT('2D SPACE',''
  ) );
#793 = ORIENTED_EDGE('',*,*,#794,.T.);
#794 = EDGE_CURVE('',#767,#795,#797,.T.);
#795 = VERTEX_POINT('',#796);
#796 = CARTESIAN_POINT('',(-13.378,0.,25.029));
#797 = SURFACE_CURVE('',#798,(#802,#809),.PCURVE_S1.);
#798 = LINE('',#799,#800);
#799 = CARTESIAN_POINT('',(-10.657,0.,25.729));
#800 = VECTOR('',#801,1.);
#801 = DIRECTION('',(-0.968465946548,0.,-0.249145961993));
#802 = PCURVE('',#126,#803);
#803 = DEFINITIONAL_REPRESENTATION('',(#804),#808);
#804 = LINE('',#805,#806);
#805 = CARTESIAN_POINT('',(-26.68065850644,-12.15080635926));
#806 = VECTOR('',#807,1.);
#807 = DIRECTION('',(0.249145961993,-0.968465946548));
#808 = ( GEOMETRIC_REPRESENTATION_CONTEXT(2) 
PARAMETRIC_REPRESENTATION_CONTEXT() REPRESENTATION_CONTEXT('2D SPACE',''
  ) );
#809 = PCURVE('',#810,#815);
#810 = PLANE('',#811);
#811 = AXIS2_PLACEMENT_3D('',#812,#813,#814);
#812 = CARTESIAN_POINT('',(-10.657,0.,25.729));
#813 = DIRECTION('',(0.249145961993,0.,-0.968465946548));
#814 = DIRECTION('',(-0.968465946548,0.,-0.249145961993));
#815 = DEFINITIONAL_REPRESENTATION('',(#816),#820);
#816 = LINE('',#817,#818);
#817 = CARTESIAN_POINT('',(0.,0.));
#818 = VECTOR('',#819,1.);
#819 = DIRECTION('',(1.,0.));
#820 = ( GEOMETRIC_REPRESENTATION_CONTEXT(2) 
PARAMETRIC_REPRESENTATION_CONTEXT() REPRESENTATION_CONTEXT('2D SPACE',''
  ) );
#821 = ORIENTED_EDGE('',*,*,#822,.T.);
#822 = EDGE_CURVE('',#795,#823,#825,.T.);
#823 = VERTEX_POINT('',#824);
#824 = CARTESIAN_POINT('',(-16.183,0.,24.22));
#825 = SURFACE_CURVE('',#826,(#830,#837),.PCURVE_S1.);
#826 = LINE('',#827,#828);
#827 = CARTESIAN_POINT('',(-13.378,0.,25.029));
#828 = VECTOR('',#829,1.);
#829 = DIRECTION('',(-0.960835869896,0.,-0.277118081549));
#830 = PCURVE('',#126,#831);
#831 = DEFINITIONAL_REPRESENTATION('',(#832),#836);
#832 = LINE('',#833,#834);
#833 = CARTESIAN_POINT('',(-25.98065850644,-14.87180635926));
#834 = VECTOR('',#835,1.);
#835 = DIRECTION('',(0.277118081549,-0.960835869896));
#836 = ( GEOMETRIC_REPRESENTATION_CONTEXT(2) 
PARAMETRIC_REPRESENTATION_CONTEXT() REPRESENTATION_CONTEXT('2D SPACE',''
  ) );
#837 = PCURVE('',#838,#843);
#838 = PLANE('',#839);
#839 = AXIS2_PLACEMENT_3D('',#840,#841,#842);
#840 = CARTESIAN_POINT('',(-13.378,0.,25.029));
#841 = DIRECTION('',(0.277118081549,0.,-0.960835869896));
#842 = DIRECTION('',(-0.960835869896,0.,-0.277118081549));
#843 = DEFINITIONAL_REPRESENTATION('',(#844),#848);
#844 = LINE('',#845,#846);
#845 = CARTESIAN_POINT('',(0.,0.));
#846 = VECTOR('',#847,1.);
#847 = DIRECTION('',(1.,0.));
#848 = ( GEOMETRIC_REPRESENTATION_CONTEXT(2) 
PARAMETRIC_REPRESENTATION_CONTEXT() REPRESENTATION_CONTEXT('2D SPACE',''
  ) );
#849 = ORIENTED_EDGE('',*,*,#850,.T.);
#850 = EDGE_CURVE('',#823,#851,#853,.T.);
#851 = VERTEX_POINT('',#852);
#852 = CARTESIAN_POINT('',(-19.056,0.,23.22));
#853 = SURFACE_CURVE('',#854,(#858,#865),.PCURVE_S1.);
#854 = LINE('',#855,#856);
#855 = CARTESIAN_POINT('',(-16.183,0.,24.22));
#856 = VECTOR('',#857,1.);
#857 = DIRECTION('',(-0.944425818941,0.,-0.328724615016));
#858 = PCURVE('',#126,#859);
#859 = DEFINITIONAL_REPRESENTATION('',(#860),#864);
#860 = LINE('',#861,#862);
#861 = CARTESIAN_POINT('',(-25.17165850644,-17.67680635926));
#862 = VECTOR('',#863,1.);
#863 = DIRECTION('',(0.328724615016,-0.944425818941));
#864 = ( GEOMETRIC_REPRESENTATION_CONTEXT(2) 
PARAMETRIC_REPRESENTATION_CONTEXT() REPRESENTATION_CONTEXT('2D SPACE',''
  ) );
#865 = PCURVE('',#866,#871);
#866 = PLANE('',#867);
#867 = AXIS2_PLACEMENT_3D('',#868,#869,#870);
#868 = CARTESIAN_POINT('',(-16.183,0.,24.22));
#869 = DIRECTION('',(0.328724615016,0.,-0.944425818941));
#870 = DIRECTION('',(-0.944425818941,0.,-0.328724615016));
#871 = DEFINITIONAL_REPRESENTATION('',(#872),#876);
#872 = LINE('',#873,#874);
#873 = CARTESIAN_POINT('',(0.,0.));
#874 = VECTOR('',#875,1.);
#875 = DIRECTION('',(1.,0.));
#876 = ( GEOMETRIC_REPRESENTATION_CONTEXT(2) 
PARAMETRIC_REPRESENTATION_CONTEXT() REPRESENTATION_CONTEXT('2D SPACE',''
  ) );
#877 = ORIENTED_EDGE('',*,*,#878,.T.);
#878 = EDGE_CURVE('',#851,#879,#881,.T.);
#879 = VERTEX_POINT('',#880);
#880 = CARTESIAN_POINT('',(-21.894,0.,21.894));
#881 = SURFACE_CURVE('',#882,(#886,#893),.PCURVE_S1.);
#882 = LINE('',#883,#884);
#883 = CARTESIAN_POINT('',(-19.056,0.,23.22));
#884 = VECTOR('',#885,1.);
#885 = DIRECTION('',(-0.905987307949,0.,-0.423304852128));
#886 = PCURVE('',#126,#887);
#887 = DEFINITIONAL_REPRESENTATION('',(#888),#892);
#888 = LINE('',#889,#890);
#889 = CARTESIAN_POINT('',(-24.17165850644,-20.54980635926));
#890 = VECTOR('',#891,1.);
#891 = DIRECTION('',(0.423304852128,-0.905987307949));
#892 = ( GEOMETRIC_REPRESENTATION_CONTEXT(2) 
PARAMETRIC_REPRESENTATION_CONTEXT() REPRESENTATION_CONTEXT('2D SPACE',''
  ) );
#893 = PCURVE('',#894,#899);
#894 = PLANE('',#895);
#895 = AXIS2_PLACEMENT_3D('',#896,#897,#898);
#896 = CARTESIAN_POINT('',(-19.056,0.,23.22));
#897 = DIRECTION('',(0.423304852128,0.,-0.905987307949));
#898 = DIRECTION('',(-0.905987307949,0.,-0.423304852128));
#899 = DEFINITIONAL_REPRESENTATION('',(#900),#904);
#900 = LINE('',#901,#902);
#901 = CARTESIAN_POINT('',(0.,0.));
#902 = VECTOR('',#903,1.);
#903 = DIRECTION('',(1.,0.));
#904 = ( GEOMETRIC_REPRESENTATION_CONTEXT(2) 
PARAMETRIC_REPRESENTATION_CONTEXT() REPRESENTATION_CONTEXT('2D SPACE',''
  ) );
#905 = ORIENTED_EDGE('',*,*,#906,.T.);
#906 = EDGE_CURVE('',#879,#907,#909,.T.);
#907 = VERTEX_POINT('',#908);
#908 = CARTESIAN_POINT('',(-24.503,0.,20.109));
#909 = SURFACE_CURVE('',#910,(#914,#921),.PCURVE_S1.);
#910 = LINE('',#911,#912);
#911 = CARTESIAN_POINT('',(-21.894,0.,21.894));
#912 = VECTOR('',#913,1.);
#913 = DIRECTION('',(-0.825322779349,0.,-0.564661234625));
#914 = PCURVE('',#126,#915);
#915 = DEFINITIONAL_REPRESENTATION('',(#916),#920);
#916 = LINE('',#917,#918);
#917 = CARTESIAN_POINT('',(-22.84565850644,-23.38780635926));
#918 = VECTOR('',#919,1.);
#919 = DIRECTION('',(0.564661234625,-0.825322779349));
#920 = ( GEOMETRIC_REPRESENTATION_CONTEXT(2) 
PARAMETRIC_REPRESENTATION_CONTEXT() REPRESENTATION_CONTEXT('2D SPACE',''
  ) );
#921 = PCURVE('',#922,#927);
#922 = PLANE('',#923);
#923 = AXIS2_PLACEMENT_3D('',#924,#925,#926);
#924 = CARTESIAN_POINT('',(-21.894,0.,21.894));
#925 = DIRECTION('',(0.564661234625,0.,-0.825322779349));
#926 = DIRECTION('',(-0.825322779349,0.,-0.564661234625));
#927 = DEFINITIONAL_REPRESENTATION('',(#928),#932);
#928 = LINE('',#929,#930);
#929 = CARTESIAN_POINT('',(0.,0.));
#930 = VECTOR('',#931,1.);
#931 = DIRECTION('',(1.,0.));
#932 = ( GEOMETRIC_REPRESENTATION_CONTEXT(2) 
PARAMETRIC_REPRESENTATION_CONTEXT() REPRESENTATION_CONTEXT('2D SPACE',''
  ) );
#933 = ORIENTED_EDGE('',*,*,#934,.T.);
#934 = EDGE_CURVE('',#907,#935,#937,.T.);
#935 = VERTEX_POINT('',#936);
#936 = CARTESIAN_POINT('',(-26.647,0.,17.805));
#937 = SURFACE_CURVE('',#938,(#942,#949),.PCURVE_S1.);
#938 = LINE('',#939,#940);
#939 = CARTESIAN_POINT('',(-24.503,0.,20.109));
#940 = VECTOR('',#941,1.);
#941 = DIRECTION('',(-0.6812306959,0.,-0.732068807534));
#942 = PCURVE('',#126,#943);
#943 = DEFINITIONAL_REPRESENTATION('',(#944),#948);
#944 = LINE('',#945,#946);
#945 = CARTESIAN_POINT('',(-21.06065850644,-25.99680635926));
#946 = VECTOR('',#947,1.);
#947 = DIRECTION('',(0.732068807534,-0.6812306959));
#948 = ( GEOMETRIC_REPRESENTATION_CONTEXT(2) 
PARAMETRIC_REPRESENTATION_CONTEXT() REPRESENTATION_CONTEXT('2D SPACE',''
  ) );
#949 = PCURVE('',#950,#955);
#950 = PLANE('',#951);
#951 = AXIS2_PLACEMENT_3D('',#952,#953,#954);
#952 = CARTESIAN_POINT('',(-24.503,0.,20.109));
#953 = DIRECTION('',(0.732068807534,0.,-0.6812306959));
#954 = DIRECTION('',(-0.6812306959,0.,-0.732068807534));
#955 = DEFINITIONAL_REPRESENTATION('',(#956),#960);
#956 = LINE('',#957,#958);
#957 = CARTESIAN_POINT('',(0.,0.));
#958 = VECTOR('',#959,1.);
#959 = DIRECTION('',(1.,0.));
#960 = ( GEOMETRIC_REPRESENTATION_CONTEXT(2) 
PARAMETRIC_REPRESENTATION_CONTEXT() REPRESENTATION_CONTEXT('2D SPACE',''
  ) );
#961 = ORIENTED_EDGE('',*,*,#962,.T.);
#962 = EDGE_CURVE('',#935,#963,#965,.T.);
#963 = VERTEX_POINT('',#964);
#964 = CARTESIAN_POINT('',(-28.142,0.,15.042));
#965 = SURFACE_CURVE('',#966,(#970,#977),.PCURVE_S1.);
#966 = LINE('',#967,#968);
#967 = CARTESIAN_POINT('',(-26.647,0.,17.805));
#968 = VECTOR('',#969,1.);
#969 = DIRECTION('',(-0.475883174112,0.,-0.87950850172));
#970 = PCURVE('',#126,#971);
#971 = DEFINITIONAL_REPRESENTATION('',(#972),#976);
#972 = LINE('',#973,#974);
#973 = CARTESIAN_POINT('',(-18.75665850644,-28.14080635926));
#974 = VECTOR('',#975,1.);
#975 = DIRECTION('',(0.87950850172,-0.475883174112));
#976 = ( GEOMETRIC_REPRESENTATION_CONTEXT(2) 
PARAMETRIC_REPRESENTATION_CONTEXT() REPRESENTATION_CONTEXT('2D SPACE',''
  ) );
#977 = PCURVE('',#978,#983);
#978 = PLANE('',#979);
#979 = AXIS2_PLACEMENT_3D('',#980,#981,#982);
#980 = CARTESIAN_POINT('',(-26.647,0.,17.805));
#981 = DIRECTION('',(0.87950850172,0.,-0.475883174112));
#982 = DIRECTION('',(-0.475883174112,0.,-0.87950850172));
#983 = DEFINITIONAL_REPRESENTATION('',(#984),#988);
#984 = LINE('',#985,#986);
#985 = CARTESIAN_POINT('',(0.,0.));
#986 = VECTOR('',#987,1.);
#987 = DIRECTION('',(1.,0.));
#988 = ( GEOMETRIC_REPRESENTATION_CONTEXT(2) 
PARAMETRIC_REPRESENTATION_CONTEXT() REPRESENTATION_CONTEXT('2D SPACE',''
  ) );
#989 = ORIENTED_EDGE('',*,*,#990,.T.);
#990 = EDGE_CURVE('',#963,#991,#993,.T.);
#991 = VERTEX_POINT('',#992);
#992 = CARTESIAN_POINT('',(-28.942,0.,11.988));
#993 = SURFACE_CURVE('',#994,(#998,#1005),.PCURVE_S1.);
#994 = LINE('',#995,#996);
#995 = CARTESIAN_POINT('',(-28.142,0.,15.042));
#996 = VECTOR('',#997,1.);
#997 = DIRECTION('',(-0.253401737243,0.,-0.967361131926));
#998 = PCURVE('',#126,#999);
#999 = DEFINITIONAL_REPRESENTATION('',(#1000),#1004);
#1000 = LINE('',#1001,#1002);
#1001 = CARTESIAN_POINT('',(-15.99365850644,-29.63580635926));
#1002 = VECTOR('',#1003,1.);
#1003 = DIRECTION('',(0.967361131926,-0.253401737243));
#1004 = ( GEOMETRIC_REPRESENTATION_CONTEXT(2) 
PARAMETRIC_REPRESENTATION_CONTEXT() REPRESENTATION_CONTEXT('2D SPACE',''
  ) );
#1005 = PCURVE('',#1006,#1011);
#1006 = PLANE('',#1007);
#1007 = AXIS2_PLACEMENT_3D('',#1008,#1009,#1010);
#1008 = CARTESIAN_POINT('',(-28.142,0.,15.042));
#1009 = DIRECTION('',(0.967361131926,0.,-0.253401737243));
#1010 = DIRECTION('',(-0.253401737243,0.,-0.967361131926));
#1011 = DEFINITIONAL_REPRESENTATION('',(#1012),#1016);
#1012 = LINE('',#1013,#1014);
#1013 = CARTESIAN_POINT('',(0.,0.));
#1014 = VECTOR('',#1015,1.);
#1015 = DIRECTION('',(1.,0.));
#1016 = ( GEOMETRIC_REPRESENTATION_CONTEXT(2) 
PARAMETRIC_REPRESENTATION_CONTEXT() REPRESENTATION_CONTEXT('2D SPACE',''
  ) );
#1017 = ORIENTED_EDGE('',*,*,#1018,.T.);
#1018 = EDGE_CURVE('',#991,#1019,#1021,.T.);
#1019 = VERTEX_POINT('',#1020);
#1020 = CARTESIAN_POINT('',(-29.147,0.,8.842));
#1021 = SURFACE_CURVE('',#1022,(#1026,#1033),.PCURVE_S1.);
#1022 = LINE('',#1023,#1024);
#1023 = CARTESIAN_POINT('',(-28.942,0.,11.988));
#1024 = VECTOR('',#1025,1.);
#1025 = DIRECTION('',(-6.502420718503E-02,0.,-0.997883686849));
#1026 = PCURVE('',#126,#1027);
#1027 = DEFINITIONAL_REPRESENTATION('',(#1028),#1032);
#1028 = LINE('',#1029,#1030);
#1029 = CARTESIAN_POINT('',(-12.93965850644,-30.43580635926));
#1030 = VECTOR('',#1031,1.);
#1031 = DIRECTION('',(0.997883686849,-6.502420718503E-02));
#1032 = ( GEOMETRIC_REPRESENTATION_CONTEXT(2) 
PARAMETRIC_REPRESENTATION_CONTEXT() REPRESENTATION_CONTEXT('2D SPACE',''
  ) );
#1033 = PCURVE('',#1034,#1039);
#1034 = PLANE('',#1035);
#1035 = AXIS2_PLACEMENT_3D('',#1036,#1037,#1038);
#1036 = CARTESIAN_POINT('',(-28.942,0.,11.988));
#1037 = DIRECTION('',(0.997883686849,0.,-6.502420718503E-02));
#1038 = DIRECTION('',(-6.502420718503E-02,0.,-0.997883686849));
#1039 = DEFINITIONAL_REPRESENTATION('',(#1040),#1044);
#1040 = LINE('',#1041,#1042);
#1041 = CARTESIAN_POINT('',(0.,0.));
#1042 = VECTOR('',#1043,1.);
#1043 = DIRECTION('',(1.,0.));
#1044 = ( GEOMETRIC_REPRESENTATION_CONTEXT(2) 
PARAMETRIC_REPRESENTATION_CONTEXT() REPRESENTATION_CONTEXT('2D SPACE',''
  ) );
#1045 = ORIENTED_EDGE('',*,*,#1046,.T.);
#1046 = EDGE_CURVE('',#1019,#1047,#1049,.T.);
#1047 = VERTEX_POINT('',#1048);
#1048 = CARTESIAN_POINT('',(-28.953,0.,5.759));
#1049 = SURFACE_CURVE('',#1050,(#1054,#1061),.PCURVE_S1.);
#1050 = LINE('',#1051,#1052);
#1051 = CARTESIAN_POINT('',(-29.147,0.,8.842));
#1052 = VECTOR('',#1053,1.);
#1053 = DIRECTION('',(6.280150865266E-02,0.,-0.99802603699));
#1054 = PCURVE('',#126,#1055);
#1055 = DEFINITIONAL_REPRESENTATION('',(#1056),#1060);
#1056 = LINE('',#1057,#1058);
#1057 = CARTESIAN_POINT('',(-9.793658506443,-30.64080635926));
#1058 = VECTOR('',#1059,1.);
#1059 = DIRECTION('',(0.99802603699,6.280150865266E-02));
#1060 = ( GEOMETRIC_REPRESENTATION_CONTEXT(2) 
PARAMETRIC_REPRESENTATION_CONTEXT() REPRESENTATION_CONTEXT('2D SPACE',''
  ) );
#1061 = PCURVE('',#1062,#1067);
#1062 = PLANE('',#1063);
#1063 = AXIS2_PLACEMENT_3D('',#1064,#1065,#1066);
#1064 = CARTESIAN_POINT('',(-29.147,0.,8.842));
#1065 = DIRECTION('',(0.99802603699,0.,6.280150865266E-02));
#1066 = DIRECTION('',(6.280150865266E-02,0.,-0.99802603699));
#1067 = DEFINITIONAL_REPRESENTATION('',(#1068),#1072);
#1068 = LINE('',#1069,#1070);
#1069 = CARTESIAN_POINT('',(0.,0.));
#1070 = VECTOR('',#1071,1.);
#1071 = DIRECTION('',(1.,0.));
#1072 = ( GEOMETRIC_REPRESENTATION_CONTEXT(2) 
PARAMETRIC_REPRESENTATION_CONTEXT() REPRESENTATION_CONTEXT('2D SPACE',''
  ) );
#1073 = ORIENTED_EDGE('',*,*,#1074,.T.);
#1074 = EDGE_CURVE('',#1047,#1075,#1077,.T.);
#1075 = VERTEX_POINT('',#1076);
#1076 = CARTESIAN_POINT('',(-28.549,0.,2.812));
#1077 = SURFACE_CURVE('',#1078,(#1082,#1089),.PCURVE_S1.);
#1078 = LINE('',#1079,#1080);
#1079 = CARTESIAN_POINT('',(-28.953,0.,5.759));
#1080 = VECTOR('',#1081,1.);
#1081 = DIRECTION('',(0.135818270091,0.,-0.99073376722));
#1082 = PCURVE('',#126,#1083);
#1083 = DEFINITIONAL_REPRESENTATION('',(#1084),#1088);
#1084 = LINE('',#1085,#1086);
#1085 = CARTESIAN_POINT('',(-6.710658506443,-30.44680635926));
#1086 = VECTOR('',#1087,1.);
#1087 = DIRECTION('',(0.99073376722,0.135818270091));
#1088 = ( GEOMETRIC_REPRESENTATION_CONTEXT(2) 
PARAMETRIC_REPRESENTATION_CONTEXT() REPRESENTATION_CONTEXT('2D SPACE',''
  ) );
#1089 = PCURVE('',#1090,#1095);
#1090 = PLANE('',#1091);
#1091 = AXIS2_PLACEMENT_3D('',#1092,#1093,#1094);
#1092 = CARTESIAN_POINT('',(-28.953,0.,5.759));
#1093 = DIRECTION('',(0.99073376722,0.,0.135818270091));
#1094 = DIRECTION('',(0.135818270091,0.,-0.99073376722));
#1095 = DEFINITIONAL_REPRESENTATION('',(#1096),#1100);
#1096 = LINE('',#1097,#1098);
#1097 = CARTESIAN_POINT('',(0.,0.));
#1098 = VECTOR('',#1099,1.);
#1099 = DIRECTION('',(1.,0.));
#1100 = ( GEOMETRIC_REPRESENTATION_CONTEXT(2) 
PARAMETRIC_REPRESENTATION_CONTEXT() REPRESENTATION_CONTEXT('2D SPACE',''
  ) );
#1101 = ORIENTED_EDGE('',*,*,#1102,.T.);
#1102 = EDGE_CURVE('',#1075,#1103,#1105,.T.);
#1103 = VERTEX_POINT('',#1104);
#1104 = CARTESIAN_POINT('',(-28.058,0.,0.));
#1105 = SURFACE_CURVE('',#1106,(#1110,#1117),.PCURVE_S1.);
#1106 = LINE('',#1107,#1108);
#1107 = CARTESIAN_POINT('',(-28.549,0.,2.812));
#1108 = VECTOR('',#1109,1.);
#1109 = DIRECTION('',(0.172006419583,0.,-0.985095828649));
#1110 = PCURVE('',#126,#1111);
#1111 = DEFINITIONAL_REPRESENTATION('',(#1112),#1116);
#1112 = LINE('',#1113,#1114);
#1113 = CARTESIAN_POINT('',(-3.763658506443,-30.04280635926));
#1114 = VECTOR('',#1115,1.);
#1115 = DIRECTION('',(0.985095828649,0.172006419583));
#1116 = ( GEOMETRIC_REPRESENTATION_CONTEXT(2) 
PARAMETRIC_REPRESENTATION_CONTEXT() REPRESENTATION_CONTEXT('2D SPACE',''
  ) );
#1117 = PCURVE('',#1118,#1123);
#1118 = PLANE('',#1119);
#1119 = AXIS2_PLACEMENT_3D('',#1120,#1121,#1122);
#1120 = CARTESIAN_POINT('',(-28.549,0.,2.812));
#1121 = DIRECTION('',(0.985095828649,0.,0.172006419583));
#1122 = DIRECTION('',(0.172006419583,0.,-0.985095828649));
#1123 = DEFINITIONAL_REPRESENTATION('',(#1124),#1128);
#1124 = LINE('',#1125,#1126);
#1125 = CARTESIAN_POINT('',(0.,0.));
#1126 = VECTOR('',#1127,1.);
#1127 = DIRECTION('',(1.,0.));
#1128 = ( GEOMETRIC_REPRESENTATION_CONTEXT(2) 
PARAMETRIC_REPRESENTATION_CONTEXT() REPRESENTATION_CONTEXT('2D SPACE',''
  ) );
#1129 = ORIENTED_EDGE('',*,*,#1130,.T.);
#1130 = EDGE_CURVE('',#1103,#1131,#1133,.T.);
#1131 = VERTEX_POINT('',#1132);
#1132 = CARTESIAN_POINT('',(-27.511,0.,-2.71));
#1133 = SURFACE_CURVE('',#1134,(#1138,#1145),.PCURVE_S1.);
#1134 = LINE('',#1135,#1136);
#1135 = CARTESIAN_POINT('',(-28.058,0.,0.));
#1136 = VECTOR('',#1137,1.);
#1137 = DIRECTION('',(0.197854812224,0.,-0.980231336614));
#1138 = PCURVE('',#126,#1139);
#1139 = DEFINITIONAL_REPRESENTATION('',(#1140),#1144);
#1140 = LINE('',#1141,#1142);
#1141 = CARTESIAN_POINT('',(-0.951658506443,-29.55180635926));
#1142 = VECTOR('',#1143,1.);
#1143 = DIRECTION('',(0.980231336614,0.197854812224));
#1144 = ( GEOMETRIC_REPRESENTATION_CONTEXT(2) 
PARAMETRIC_REPRESENTATION_CONTEXT() REPRESENTATION_CONTEXT('2D SPACE',''
  ) );
#1145 = PCURVE('',#1146,#1151);
#1146 = PLANE('',#1147);
#1147 = AXIS2_PLACEMENT_3D('',#1148,#1149,#1150);
#1148 = CARTESIAN_POINT('',(-28.058,0.,0.));
#1149 = DIRECTION('',(0.980231336614,0.,0.197854812224));
#1150 = DIRECTION('',(0.197854812224,0.,-0.980231336614));
#1151 = DEFINITIONAL_REPRESENTATION('',(#1152),#1156);
#1152 = LINE('',#1153,#1154);
#1153 = CARTESIAN_POINT('',(0.,0.));
#1154 = VECTOR('',#1155,1.);
#1155 = DIRECTION('',(1.,0.));
#1156 = ( GEOMETRIC_REPRESENTATION_CONTEXT(2) 
PARAMETRIC_REPRESENTATION_CONTEXT() REPRESENTATION_CONTEXT('2D SPACE',''
  ) );
#1157 = ORIENTED_EDGE('',*,*,#1158,.T.);
#1158 = EDGE_CURVE('',#1131,#1159,#1161,.T.);
#1159 = VERTEX_POINT('',#1160);
#1160 = CARTESIAN_POINT('',(-26.877,0.,-5.346));
#1161 = SURFACE_CURVE('',#1162,(#1166,#1173),.PCURVE_S1.);
#1162 = LINE('',#1163,#1164);
#1163 = CARTESIAN_POINT('',(-27.511,0.,-2.71));
#1164 = VECTOR('',#1165,1.);
#1165 = DIRECTION('',(0.233847232705,0.,-0.972273352384));
#1166 = PCURVE('',#126,#1167);
#1167 = DEFINITIONAL_REPRESENTATION('',(#1168),#1172);
#1168 = LINE('',#1169,#1170);
#1169 = CARTESIAN_POINT('',(1.758341493557,-29.00480635926));
#1170 = VECTOR('',#1171,1.);
#1171 = DIRECTION('',(0.972273352384,0.233847232705));
#1172 = ( GEOMETRIC_REPRESENTATION_CONTEXT(2) 
PARAMETRIC_REPRESENTATION_CONTEXT() REPRESENTATION_CONTEXT('2D SPACE',''
  ) );
#1173 = PCURVE('',#1174,#1179);
#1174 = PLANE('',#1175);
#1175 = AXIS2_PLACEMENT_3D('',#1176,#1177,#1178);
#1176 = CARTESIAN_POINT('',(-27.511,0.,-2.71));
#1177 = DIRECTION('',(0.972273352384,0.,0.233847232705));
#1178 = DIRECTION('',(0.233847232705,0.,-0.972273352384));
#1179 = DEFINITIONAL_REPRESENTATION('',(#1180),#1184);
#1180 = LINE('',#1181,#1182);
#1181 = CARTESIAN_POINT('',(0.,0.));
#1182 = VECTOR('',#1183,1.);
#1183 = DIRECTION('',(1.,0.));
#1184 = ( GEOMETRIC_REPRESENTATION_CONTEXT(2) 
PARAMETRIC_REPRESENTATION_CONTEXT() REPRESENTATION_CONTEXT('2D SPACE',''
  ) );
#1185 = ORIENTED_EDGE('',*,*,#1186,.T.);
#1186 = EDGE_CURVE('',#1159,#1187,#1189,.T.);
#1187 = VERTEX_POINT('',#1188);
#1188 = CARTESIAN_POINT('',(-26.106,0.,-7.919));
#1189 = SURFACE_CURVE('',#1190,(#1194,#1201),.PCURVE_S1.);
#1190 = LINE('',#1191,#1192);
#1191 = CARTESIAN_POINT('',(-26.877,0.,-5.346));
#1192 = VECTOR('',#1193,1.);
#1193 = DIRECTION('',(0.287040470129,0.,-0.957918456085));
#1194 = PCURVE('',#126,#1195);
#1195 = DEFINITIONAL_REPRESENTATION('',(#1196),#1200);
#1196 = LINE('',#1197,#1198);
#1197 = CARTESIAN_POINT('',(4.394341493557,-28.37080635926));
#1198 = VECTOR('',#1199,1.);
#1199 = DIRECTION('',(0.957918456085,0.287040470129));
#1200 = ( GEOMETRIC_REPRESENTATION_CONTEXT(2) 
PARAMETRIC_REPRESENTATION_CONTEXT() REPRESENTATION_CONTEXT('2D SPACE',''
  ) );
#1201 = PCURVE('',#1202,#1207);
#1202 = PLANE('',#1203);
#1203 = AXIS2_PLACEMENT_3D('',#1204,#1205,#1206);
#1204 = CARTESIAN_POINT('',(-26.877,0.,-5.346));
#1205 = DIRECTION('',(0.957918456085,0.,0.287040470129));
#1206 = DIRECTION('',(0.287040470129,0.,-0.957918456085));
#1207 = DEFINITIONAL_REPRESENTATION('',(#1208),#1212);
#1208 = LINE('',#1209,#1210);
#1209 = CARTESIAN_POINT('',(0.,0.));
#1210 = VECTOR('',#1211,1.);
#1211 = DIRECTION('',(1.,0.));
#1212 = ( GEOMETRIC_REPRESENTATION_CONTEXT(2) 
PARAMETRIC_REPRESENTATION_CONTEXT() REPRESENTATION_CONTEXT('2D SPACE',''
  ) );
#1213 = ORIENTED_EDGE('',*,*,#1214,.T.);
#1214 = EDGE_CURVE('',#1187,#1215,#1217,.T.);
#1215 = VERTEX_POINT('',#1216);
#1216 = CARTESIAN_POINT('',(-25.153,0.,-10.419));
#1217 = SURFACE_CURVE('',#1218,(#1222,#1229),.PCURVE_S1.);
#1218 = LINE('',#1219,#1220);
#1219 = CARTESIAN_POINT('',(-26.106,0.,-7.919));
#1220 = VECTOR('',#1221,1.);
#1221 = DIRECTION('',(0.356197374028,0.,-0.934410739844));
#1222 = PCURVE('',#126,#1223);
#1223 = DEFINITIONAL_REPRESENTATION('',(#1224),#1228);
#1224 = LINE('',#1225,#1226);
#1225 = CARTESIAN_POINT('',(6.967341493557,-27.59980635926));
#1226 = VECTOR('',#1227,1.);
#1227 = DIRECTION('',(0.934410739844,0.356197374028));
#1228 = ( GEOMETRIC_REPRESENTATION_CONTEXT(2) 
PARAMETRIC_REPRESENTATION_CONTEXT() REPRESENTATION_CONTEXT('2D SPACE',''
  ) );
#1229 = PCURVE('',#1230,#1235);
#1230 = PLANE('',#1231);
#1231 = AXIS2_PLACEMENT_3D('',#1232,#1233,#1234);
#1232 = CARTESIAN_POINT('',(-26.106,0.,-7.919));
#1233 = DIRECTION('',(0.934410739844,0.,0.356197374028));
#1234 = DIRECTION('',(0.356197374028,0.,-0.934410739844));
#1235 = DEFINITIONAL_REPRESENTATION('',(#1236),#1240);
#1236 = LINE('',#1237,#1238);
#1237 = CARTESIAN_POINT('',(0.,0.));
#1238 = VECTOR('',#1239,1.);
#1239 = DIRECTION('',(1.,0.));
#1240 = ( GEOMETRIC_REPRESENTATION_CONTEXT(2) 
PARAMETRIC_REPRESENTATION_CONTEXT() REPRESENTATION_CONTEXT('2D SPACE',''
  ) );
#1241 = ORIENTED_EDGE('',*,*,#1242,.T.);
#1242 = EDGE_CURVE('',#1215,#1243,#1245,.T.);
#1243 = VERTEX_POINT('',#1244);
#1244 = CARTESIAN_POINT('',(-23.99,0.,-12.823));
#1245 = SURFACE_CURVE('',#1246,(#1250,#1257),.PCURVE_S1.);
#1246 = LINE('',#1247,#1248);
#1247 = CARTESIAN_POINT('',(-25.153,0.,-10.419));
#1248 = VECTOR('',#1249,1.);
#1249 = DIRECTION('',(0.435492413379,0.,-0.900192400484));
#1250 = PCURVE('',#126,#1251);
#1251 = DEFINITIONAL_REPRESENTATION('',(#1252),#1256);
#1252 = LINE('',#1253,#1254);
#1253 = CARTESIAN_POINT('',(9.467341493557,-26.64680635926));
#1254 = VECTOR('',#1255,1.);
#1255 = DIRECTION('',(0.900192400484,0.435492413379));
#1256 = ( GEOMETRIC_REPRESENTATION_CONTEXT(2) 
PARAMETRIC_REPRESENTATION_CONTEXT() REPRESENTATION_CONTEXT('2D SPACE',''
  ) );
#1257 = PCURVE('',#1258,#1263);
#1258 = PLANE('',#1259);
#1259 = AXIS2_PLACEMENT_3D('',#1260,#1261,#1262);
#1260 = CARTESIAN_POINT('',(-25.153,0.,-10.419));
#1261 = DIRECTION('',(0.900192400484,0.,0.435492413379));
#1262 = DIRECTION('',(0.435492413379,0.,-0.900192400484));
#1263 = DEFINITIONAL_REPRESENTATION('',(#1264),#1268);
#1264 = LINE('',#1265,#1266);
#1265 = CARTESIAN_POINT('',(0.,0.));
#1266 = VECTOR('',#1267,1.);
#1267 = DIRECTION('',(1.,0.));
#1268 = ( GEOMETRIC_REPRESENTATION_CONTEXT(2) 
PARAMETRIC_REPRESENTATION_CONTEXT() REPRESENTATION_CONTEXT('2D SPACE',''
  ) );
#1269 = ORIENTED_EDGE('',*,*,#1270,.T.);
#1270 = EDGE_CURVE('',#1243,#1271,#1273,.T.);
#1271 = VERTEX_POINT('',#1272);
#1272 = CARTESIAN_POINT('',(-22.611,0.,-15.108));
#1273 = SURFACE_CURVE('',#1274,(#1278,#1285),.PCURVE_S1.);
#1274 = LINE('',#1275,#1276);
#1275 = CARTESIAN_POINT('',(-23.99,0.,-12.823));
#1276 = VECTOR('',#1277,1.);
#1277 = DIRECTION('',(0.516698117272,0.,-0.856167656249));
#1278 = PCURVE('',#126,#1279);
#1279 = DEFINITIONAL_REPRESENTATION('',(#1280),#1284);
#1280 = LINE('',#1281,#1282);
#1281 = CARTESIAN_POINT('',(11.871341493557,-25.48380635926));
#1282 = VECTOR('',#1283,1.);
#1283 = DIRECTION('',(0.856167656249,0.516698117272));
#1284 = ( GEOMETRIC_REPRESENTATION_CONTEXT(2) 
PARAMETRIC_REPRESENTATION_CONTEXT() REPRESENTATION_CONTEXT('2D SPACE',''
  ) );
#1285 = PCURVE('',#1286,#1291);
#1286 = PLANE('',#1287);
#1287 = AXIS2_PLACEMENT_3D('',#1288,#1289,#1290);
#1288 = CARTESIAN_POINT('',(-23.99,0.,-12.823));
#1289 = DIRECTION('',(0.856167656249,0.,0.516698117272));
#1290 = DIRECTION('',(0.516698117272,0.,-0.856167656249));
#1291 = DEFINITIONAL_REPRESENTATION('',(#1292),#1296);
#1292 = LINE('',#1293,#1294);
#1293 = CARTESIAN_POINT('',(0.,0.));
#1294 = VECTOR('',#1295,1.);
#1295 = DIRECTION('',(1.,0.));
#1296 = ( GEOMETRIC_REPRESENTATION_CONTEXT(2) 
PARAMETRIC_REPRESENTATION_CONTEXT() REPRESENTATION_CONTEXT('2D SPACE',''
  ) );
#1297 = ORIENTED_EDGE('',*,*,#1298,.T.);
#1298 = EDGE_CURVE('',#1271,#1299,#1301,.T.);
#1299 = VERTEX_POINT('',#1300);
#1300 = CARTESIAN_POINT('',(-21.019,0.,-17.25));
#1301 = SURFACE_CURVE('',#1302,(#1306,#1313),.PCURVE_S1.);
#1302 = LINE('',#1303,#1304);
#1303 = CARTESIAN_POINT('',(-22.611,0.,-15.108));
#1304 = VECTOR('',#1305,1.);
#1305 = DIRECTION('',(0.596517147023,0.,-0.802600332238));
#1306 = PCURVE('',#126,#1307);
#1307 = DEFINITIONAL_REPRESENTATION('',(#1308),#1312);
#1308 = LINE('',#1309,#1310);
#1309 = CARTESIAN_POINT('',(14.156341493557,-24.10480635926));
#1310 = VECTOR('',#1311,1.);
#1311 = DIRECTION('',(0.802600332238,0.596517147023));
#1312 = ( GEOMETRIC_REPRESENTATION_CONTEXT(2) 
PARAMETRIC_REPRESENTATION_CONTEXT() REPRESENTATION_CONTEXT('2D SPACE',''
  ) );
#1313 = PCURVE('',#1314,#1319);
#1314 = PLANE('',#1315);
#1315 = AXIS2_PLACEMENT_3D('',#1316,#1317,#1318);
#1316 = CARTESIAN_POINT('',(-22.611,0.,-15.108));
#1317 = DIRECTION('',(0.802600332238,0.,0.596517147023));
#1318 = DIRECTION('',(0.596517147023,0.,-0.802600332238));
#1319 = DEFINITIONAL_REPRESENTATION('',(#1320),#1324);
#1320 = LINE('',#1321,#1322);
#1321 = CARTESIAN_POINT('',(0.,0.));
#1322 = VECTOR('',#1323,1.);
#1323 = DIRECTION('',(1.,0.));
#1324 = ( GEOMETRIC_REPRESENTATION_CONTEXT(2) 
PARAMETRIC_REPRESENTATION_CONTEXT() REPRESENTATION_CONTEXT('2D SPACE',''
  ) );
#1325 = ORIENTED_EDGE('',*,*,#1326,.T.);
#1326 = EDGE_CURVE('',#1299,#1327,#1329,.T.);
#1327 = VERTEX_POINT('',#1328);
#1328 = CARTESIAN_POINT('',(-19.226,0.,-19.226));
#1329 = SURFACE_CURVE('',#1330,(#1334,#1341),.PCURVE_S1.);
#1330 = LINE('',#1331,#1332);
#1331 = CARTESIAN_POINT('',(-21.019,0.,-17.25));
#1332 = VECTOR('',#1333,1.);
#1333 = DIRECTION('',(0.671982293849,0.,-0.740567212853));
#1334 = PCURVE('',#126,#1335);
#1335 = DEFINITIONAL_REPRESENTATION('',(#1336),#1340);
#1336 = LINE('',#1337,#1338);
#1337 = CARTESIAN_POINT('',(16.298341493557,-22.51280635926));
#1338 = VECTOR('',#1339,1.);
#1339 = DIRECTION('',(0.740567212853,0.671982293849));
#1340 = ( GEOMETRIC_REPRESENTATION_CONTEXT(2) 
PARAMETRIC_REPRESENTATION_CONTEXT() REPRESENTATION_CONTEXT('2D SPACE',''
  ) );
#1341 = PCURVE('',#1342,#1347);
#1342 = PLANE('',#1343);
#1343 = AXIS2_PLACEMENT_3D('',#1344,#1345,#1346);
#1344 = CARTESIAN_POINT('',(-21.019,0.,-17.25));
#1345 = DIRECTION('',(0.740567212853,0.,0.671982293849));
#1346 = DIRECTION('',(0.671982293849,0.,-0.740567212853));
#1347 = DEFINITIONAL_REPRESENTATION('',(#1348),#1352);
#1348 = LINE('',#1349,#1350);
#1349 = CARTESIAN_POINT('',(0.,0.));
#1350 = VECTOR('',#1351,1.);
#1351 = DIRECTION('',(1.,0.));
#1352 = ( GEOMETRIC_REPRESENTATION_CONTEXT(2) 
PARAMETRIC_REPRESENTATION_CONTEXT() REPRESENTATION_CONTEXT('2D SPACE',''
  ) );
#1353 = ORIENTED_EDGE('',*,*,#1354,.T.);
#1354 = EDGE_CURVE('',#1327,#1355,#1357,.T.);
#1355 = VERTEX_POINT('',#1356);
#1356 = CARTESIAN_POINT('',(-17.249,0.,-21.018));
#1357 = SURFACE_CURVE('',#1358,(#1362,#1369),.PCURVE_S1.);
#1358 = LINE('',#1359,#1360);
#1359 = CARTESIAN_POINT('',(-19.226,0.,-19.226));
#1360 = VECTOR('',#1361,1.);
#1361 = DIRECTION('',(0.740922845088,0.,-0.671590155993));
#1362 = PCURVE('',#126,#1363);
#1363 = DEFINITIONAL_REPRESENTATION('',(#1364),#1368);
#1364 = LINE('',#1365,#1366);
#1365 = CARTESIAN_POINT('',(18.274341493557,-20.71980635926));
#1366 = VECTOR('',#1367,1.);
#1367 = DIRECTION('',(0.671590155993,0.740922845088));
#1368 = ( GEOMETRIC_REPRESENTATION_CONTEXT(2) 
PARAMETRIC_REPRESENTATION_CONTEXT() REPRESENTATION_CONTEXT('2D SPACE',''
  ) );
#1369 = PCURVE('',#1370,#1375);
#1370 = PLANE('',#1371);
#1371 = AXIS2_PLACEMENT_3D('',#1372,#1373,#1374);
#1372 = CARTESIAN_POINT('',(-19.226,0.,-19.226));
#1373 = DIRECTION('',(0.671590155993,0.,0.740922845088));
#1374 = DIRECTION('',(0.740922845088,0.,-0.671590155993));
#1375 = DEFINITIONAL_REPRESENTATION('',(#1376),#1380);
#1376 = LINE('',#1377,#1378);
#1377 = CARTESIAN_POINT('',(0.,0.));
#1378 = VECTOR('',#1379,1.);
#1379 = DIRECTION('',(1.,0.));
#1380 = ( GEOMETRIC_REPRESENTATION_CONTEXT(2) 
PARAMETRIC_REPRESENTATION_CONTEXT() REPRESENTATION_CONTEXT('2D SPACE',''
  ) );
#1381 = ORIENTED_EDGE('',*,*,#1382,.T.);
#1382 = EDGE_CURVE('',#1355,#1383,#1385,.T.);
#1383 = VERTEX_POINT('',#1384);
#1384 = CARTESIAN_POINT('',(-15.106,0.,-22.608));
#1385 = SURFACE_CURVE('',#1386,(#1390,#1397),.PCURVE_S1.);
#1386 = LINE('',#1387,#1388);
#1387 = CARTESIAN_POINT('',(-17.249,0.,-21.018));
#1388 = VECTOR('',#1389,1.);
#1389 = DIRECTION('',(0.803092243443,0.,-0.595854720987));
#1390 = PCURVE('',#126,#1391);
#1391 = DEFINITIONAL_REPRESENTATION('',(#1392),#1396);
#1392 = LINE('',#1393,#1394);
#1393 = CARTESIAN_POINT('',(20.066341493557,-18.74280635926));
#1394 = VECTOR('',#1395,1.);
#1395 = DIRECTION('',(0.595854720987,0.803092243443));
#1396 = ( GEOMETRIC_REPRESENTATION_CONTEXT(2) 
PARAMETRIC_REPRESENTATION_CONTEXT() REPRESENTATION_CONTEXT('2D SPACE',''
  ) );
#1397 = PCURVE('',#1398,#1403);
#1398 = PLANE('',#1399);
#1399 = AXIS2_PLACEMENT_3D('',#1400,#1401,#1402);
#1400 = CARTESIAN_POINT('',(-17.249,0.,-21.018));
#1401 = DIRECTION('',(0.595854720987,0.,0.803092243443));
#1402 = DIRECTION('',(0.803092243443,0.,-0.595854720987));
#1403 = DEFINITIONAL_REPRESENTATION('',(#1404),#1408);
#1404 = LINE('',#1405,#1406);
#1405 = CARTESIAN_POINT('',(0.,0.));
#1406 = VECTOR('',#1407,1.);
#1407 = DIRECTION('',(1.,0.));
#1408 = ( GEOMETRIC_REPRESENTATION_CONTEXT(2) 
PARAMETRIC_REPRESENTATION_CONTEXT() REPRESENTATION_CONTEXT('2D SPACE',''
  ) );
#1409 = ORIENTED_EDGE('',*,*,#1410,.T.);
#1410 = EDGE_CURVE('',#1383,#1411,#1413,.T.);
#1411 = VERTEX_POINT('',#1412);
#1412 = CARTESIAN_POINT('',(-12.817,0.,-23.979));
#1413 = SURFACE_CURVE('',#1414,(#1418,#1425),.PCURVE_S1.);
#1414 = LINE('',#1415,#1416);
#1415 = CARTESIAN_POINT('',(-15.106,0.,-22.608));
#1416 = VECTOR('',#1417,1.);
#1417 = DIRECTION('',(0.857889504893,0.,-0.513834211974));
#1418 = PCURVE('',#126,#1419);
#1419 = DEFINITIONAL_REPRESENTATION('',(#1420),#1424);
#1420 = LINE('',#1421,#1422);
#1421 = CARTESIAN_POINT('',(21.656341493557,-16.59980635926));
#1422 = VECTOR('',#1423,1.);
#1423 = DIRECTION('',(0.513834211974,0.857889504893));
#1424 = ( GEOMETRIC_REPRESENTATION_CONTEXT(2) 
PARAMETRIC_REPRESENTATION_CONTEXT() REPRESENTATION_CONTEXT('2D SPACE',''
  ) );
#1425 = PCURVE('',#1426,#1431);
#1426 = PLANE('',#1427);
#1427 = AXIS2_PLACEMENT_3D('',#1428,#1429,#1430);
#1428 = CARTESIAN_POINT('',(-15.106,0.,-22.608));
#1429 = DIRECTION('',(0.513834211974,0.,0.857889504893));
#1430 = DIRECTION('',(0.857889504893,0.,-0.513834211974));
#1431 = DEFINITIONAL_REPRESENTATION('',(#1432),#1436);
#1432 = LINE('',#1433,#1434);
#1433 = CARTESIAN_POINT('',(0.,0.));
#1434 = VECTOR('',#1435,1.);
#1435 = DIRECTION('',(1.,0.));
#1436 = ( GEOMETRIC_REPRESENTATION_CONTEXT(2) 
PARAMETRIC_REPRESENTATION_CONTEXT() REPRESENTATION_CONTEXT('2D SPACE',''
  ) );
#1437 = ORIENTED_EDGE('',*,*,#1438,.T.);
#1438 = EDGE_CURVE('',#1411,#1439,#1441,.T.);
#1439 = VERTEX_POINT('',#1440);
#1440 = CARTESIAN_POINT('',(-10.405,0.,-25.121));
#1441 = SURFACE_CURVE('',#1442,(#1446,#1453),.PCURVE_S1.);
#1442 = LINE('',#1443,#1444);
#1443 = CARTESIAN_POINT('',(-12.817,0.,-23.979));
#1444 = VECTOR('',#1445,1.);
#1445 = DIRECTION('',(0.903814124104,0.,-0.427925261081));
#1446 = PCURVE('',#126,#1447);
#1447 = DEFINITIONAL_REPRESENTATION('',(#1448),#1452);
#1448 = LINE('',#1449,#1450);
#1449 = CARTESIAN_POINT('',(23.027341493557,-14.31080635926));
#1450 = VECTOR('',#1451,1.);
#1451 = DIRECTION('',(0.427925261081,0.903814124104));
#1452 = ( GEOMETRIC_REPRESENTATION_CONTEXT(2) 
PARAMETRIC_REPRESENTATION_CONTEXT() REPRESENTATION_CONTEXT('2D SPACE',''
  ) );
#1453 = PCURVE('',#1454,#1459);
#1454 = PLANE('',#1455);
#1455 = AXIS2_PLACEMENT_3D('',#1456,#1457,#1458);
#1456 = CARTESIAN_POINT('',(-12.817,0.,-23.979));
#1457 = DIRECTION('',(0.427925261081,0.,0.903814124104));
#1458 = DIRECTION('',(0.903814124104,0.,-0.427925261081));
#1459 = DEFINITIONAL_REPRESENTATION('',(#1460),#1464);
#1460 = LINE('',#1461,#1462);
#1461 = CARTESIAN_POINT('',(0.,0.));
#1462 = VECTOR('',#1463,1.);
#1463 = DIRECTION('',(1.,0.));
#1464 = ( GEOMETRIC_REPRESENTATION_CONTEXT(2) 
PARAMETRIC_REPRESENTATION_CONTEXT() REPRESENTATION_CONTEXT('2D SPACE',''
  ) );
#1465 = ORIENTED_EDGE('',*,*,#1466,.T.);
#1466 = EDGE_CURVE('',#1439,#1467,#1469,.T.);
#1467 = VERTEX_POINT('',#1468);
#1468 = CARTESIAN_POINT('',(-7.893,0.,-26.02));
#1469 = SURFACE_CURVE('',#1470,(#1474,#1481),.PCURVE_S1.);
#1470 = LINE('',#1471,#1472);
#1471 = CARTESIAN_POINT('',(-10.405,0.,-25.121));
#1472 = VECTOR('',#1473,1.);
#1473 = DIRECTION('',(0.941521233134,0.,-0.336953657877));
#1474 = PCURVE('',#126,#1475);
#1475 = DEFINITIONAL_REPRESENTATION('',(#1476),#1480);
#1476 = LINE('',#1477,#1478);
#1477 = CARTESIAN_POINT('',(24.169341493557,-11.89880635926));
#1478 = VECTOR('',#1479,1.);
#1479 = DIRECTION('',(0.336953657877,0.941521233134));
#1480 = ( GEOMETRIC_REPRESENTATION_CONTEXT(2) 
PARAMETRIC_REPRESENTATION_CONTEXT() REPRESENTATION_CONTEXT('2D SPACE',''
  ) );
#1481 = PCURVE('',#1482,#1487);
#1482 = PLANE('',#1483);
#1483 = AXIS2_PLACEMENT_3D('',#1484,#1485,#1486);
#1484 = CARTESIAN_POINT('',(-10.405,0.,-25.121));
#1485 = DIRECTION('',(0.336953657877,0.,0.941521233134));
#1486 = DIRECTION('',(0.941521233134,0.,-0.336953657877));
#1487 = DEFINITIONAL_REPRESENTATION('',(#1488),#1492);
#1488 = LINE('',#1489,#1490);
#1489 = CARTESIAN_POINT('',(0.,0.));
#1490 = VECTOR('',#1491,1.);
#1491 = DIRECTION('',(1.,0.));
#1492 = ( GEOMETRIC_REPRESENTATION_CONTEXT(2) 
PARAMETRIC_REPRESENTATION_CONTEXT() REPRESENTATION_CONTEXT('2D SPACE',''
  ) );
#1493 = ORIENTED_EDGE('',*,*,#1494,.T.);
#1494 = EDGE_CURVE('',#1467,#1495,#1497,.T.);
#1495 = VERTEX_POINT('',#1496);
#1496 = CARTESIAN_POINT('',(-5.305,0.,-26.672));
#1497 = SURFACE_CURVE('',#1498,(#1502,#1509),.PCURVE_S1.);
#1498 = LINE('',#1499,#1500);
#1499 = CARTESIAN_POINT('',(-7.893,0.,-26.02));
#1500 = VECTOR('',#1501,1.);
#1501 = DIRECTION('',(0.969700084934,0.,-0.244298475802));
#1502 = PCURVE('',#126,#1503);
#1503 = DEFINITIONAL_REPRESENTATION('',(#1504),#1508);
#1504 = LINE('',#1505,#1506);
#1505 = CARTESIAN_POINT('',(25.068341493557,-9.386806359261));
#1506 = VECTOR('',#1507,1.);
#1507 = DIRECTION('',(0.244298475802,0.969700084934));
#1508 = ( GEOMETRIC_REPRESENTATION_CONTEXT(2) 
PARAMETRIC_REPRESENTATION_CONTEXT() REPRESENTATION_CONTEXT('2D SPACE',''
  ) );
#1509 = PCURVE('',#1510,#1515);
#1510 = PLANE('',#1511);
#1511 = AXIS2_PLACEMENT_3D('',#1512,#1513,#1514);
#1512 = CARTESIAN_POINT('',(-7.893,0.,-26.02));
#1513 = DIRECTION('',(0.244298475802,0.,0.969700084934));
#1514 = DIRECTION('',(0.969700084934,0.,-0.244298475802));
#1515 = DEFINITIONAL_REPRESENTATION('',(#1516),#1520);
#1516 = LINE('',#1517,#1518);
#1517 = CARTESIAN_POINT('',(0.,0.));
#1518 = VECTOR('',#1519,1.);
#1519 = DIRECTION('',(1.,0.));
#1520 = ( GEOMETRIC_REPRESENTATION_CONTEXT(2) 
PARAMETRIC_REPRESENTATION_CONTEXT() REPRESENTATION_CONTEXT('2D SPACE',''
  ) );
#1521 = ORIENTED_EDGE('',*,*,#1522,.T.);
#1522 = EDGE_CURVE('',#1495,#1523,#1525,.T.);
#1523 = VERTEX_POINT('',#1524);
#1524 = CARTESIAN_POINT('',(-2.667,0.,-27.074));
#1525 = SURFACE_CURVE('',#1526,(#1530,#1537),.PCURVE_S1.);
#1526 = LINE('',#1527,#1528);
#1527 = CARTESIAN_POINT('',(-5.305,0.,-26.672));
#1528 = VECTOR('',#1529,1.);
#1529 = DIRECTION('',(0.988587312532,0.,-0.150649014268));
#1530 = PCURVE('',#126,#1531);
#1531 = DEFINITIONAL_REPRESENTATION('',(#1532),#1536);
#1532 = LINE('',#1533,#1534);
#1533 = CARTESIAN_POINT('',(25.720341493557,-6.798806359261));
#1534 = VECTOR('',#1535,1.);
#1535 = DIRECTION('',(0.150649014268,0.988587312532));
#1536 = ( GEOMETRIC_REPRESENTATION_CONTEXT(2) 
PARAMETRIC_REPRESENTATION_CONTEXT() REPRESENTATION_CONTEXT('2D SPACE',''
  ) );
#1537 = PCURVE('',#1538,#1543);
#1538 = PLANE('',#1539);
#1539 = AXIS2_PLACEMENT_3D('',#1540,#1541,#1542);
#1540 = CARTESIAN_POINT('',(-5.305,0.,-26.672));
#1541 = DIRECTION('',(0.150649014268,0.,0.988587312532));
#1542 = DIRECTION('',(0.988587312532,0.,-0.150649014268));
#1543 = DEFINITIONAL_REPRESENTATION('',(#1544),#1548);
#1544 = LINE('',#1545,#1546);
#1545 = CARTESIAN_POINT('',(0.,0.));
#1546 = VECTOR('',#1547,1.);
#1547 = DIRECTION('',(1.,0.));
#1548 = ( GEOMETRIC_REPRESENTATION_CONTEXT(2) 
PARAMETRIC_REPRESENTATION_CONTEXT() REPRESENTATION_CONTEXT('2D SPACE',''
  ) );
#1549 = ORIENTED_EDGE('',*,*,#1550,.T.);
#1550 = EDGE_CURVE('',#1523,#1551,#1553,.T.);
#1551 = VERTEX_POINT('',#1552);
#1552 = CARTESIAN_POINT('',(0.,0.,-27.235));
#1553 = SURFACE_CURVE('',#1554,(#1558,#1565),.PCURVE_S1.);
#1554 = LINE('',#1555,#1556);
#1555 = CARTESIAN_POINT('',(-2.667,0.,-27.074));
#1556 = VECTOR('',#1557,1.);
#1557 = DIRECTION('',(0.998182850322,0.,-6.025775736852E-02));
#1558 = PCURVE('',#126,#1559);
#1559 = DEFINITIONAL_REPRESENTATION('',(#1560),#1564);
#1560 = LINE('',#1561,#1562);
#1561 = CARTESIAN_POINT('',(26.122341493557,-4.160806359261));
#1562 = VECTOR('',#1563,1.);
#1563 = DIRECTION('',(6.025775736852E-02,0.998182850322));
#1564 = ( GEOMETRIC_REPRESENTATION_CONTEXT(2) 
PARAMETRIC_REPRESENTATION_CONTEXT() REPRESENTATION_CONTEXT('2D SPACE',''
  ) );
#1565 = PCURVE('',#1566,#1571);
#1566 = PLANE('',#1567);
#1567 = AXIS2_PLACEMENT_3D('',#1568,#1569,#1570);
#1568 = CARTESIAN_POINT('',(-2.667,0.,-27.074));
#1569 = DIRECTION('',(6.025775736852E-02,0.,0.998182850322));
#1570 = DIRECTION('',(0.998182850322,0.,-6.025775736852E-02));
#1571 = DEFINITIONAL_REPRESENTATION('',(#1572),#1576);
#1572 = LINE('',#1573,#1574);
#1573 = CARTESIAN_POINT('',(0.,0.));
#1574 = VECTOR('',#1575,1.);
#1575 = DIRECTION('',(1.,0.));
#1576 = ( GEOMETRIC_REPRESENTATION_CONTEXT(2) 
PARAMETRIC_REPRESENTATION_CONTEXT() REPRESENTATION_CONTEXT('2D SPACE',''
  ) );
#1577 = ORIENTED_EDGE('',*,*,#1578,.T.);
#1578 = EDGE_CURVE('',#1551,#1579,#1581,.T.);
#1579 = VERTEX_POINT('',#1580);
#1580 = CARTESIAN_POINT('',(2.677,0.,-27.181));
#1581 = SURFACE_CURVE('',#1582,(#1586,#1593),.PCURVE_S1.);
#1582 = LINE('',#1583,#1584);
#1583 = CARTESIAN_POINT('',(0.,0.,-27.235));
#1584 = VECTOR('',#1585,1.);
#1585 = DIRECTION('',(0.999796610621,0.,2.016773140588E-02));
#1586 = PCURVE('',#126,#1587);
#1587 = DEFINITIONAL_REPRESENTATION('',(#1588),#1592);
#1588 = LINE('',#1589,#1590);
#1589 = CARTESIAN_POINT('',(26.283341493557,-1.493806359261));
#1590 = VECTOR('',#1591,1.);
#1591 = DIRECTION('',(-2.016773140588E-02,0.999796610621));
#1592 = ( GEOMETRIC_REPRESENTATION_CONTEXT(2) 
PARAMETRIC_REPRESENTATION_CONTEXT() REPRESENTATION_CONTEXT('2D SPACE',''
  ) );
#1593 = PCURVE('',#1594,#1599);
#1594 = PLANE('',#1595);
#1595 = AXIS2_PLACEMENT_3D('',#1596,#1597,#1598);
#1596 = CARTESIAN_POINT('',(0.,0.,-27.235));
#1597 = DIRECTION('',(-2.016773140588E-02,0.,0.999796610621));
#1598 = DIRECTION('',(0.999796610621,0.,2.016773140588E-02));
#1599 = DEFINITIONAL_REPRESENTATION('',(#1600),#1604);
#1600 = LINE('',#1601,#1602);
#1601 = CARTESIAN_POINT('',(0.,0.));
#1602 = VECTOR('',#1603,1.);
#1603 = DIRECTION('',(1.,0.));
#1604 = ( GEOMETRIC_REPRESENTATION_CONTEXT(2) 
PARAMETRIC_REPRESENTATION_CONTEXT() REPRESENTATION_CONTEXT('2D SPACE',''
  ) );
#1605 = ORIENTED_EDGE('',*,*,#1606,.T.);
#1606 = EDGE_CURVE('',#1579,#1607,#1609,.T.);
#1607 = VERTEX_POINT('',#1608);
#1608 = CARTESIAN_POINT('',(5.363,0.,-26.964));
#1609 = SURFACE_CURVE('',#1610,(#1614,#1621),.PCURVE_S1.);
#1610 = LINE('',#1611,#1612);
#1611 = CARTESIAN_POINT('',(2.677,0.,-27.181));
#1612 = VECTOR('',#1613,1.);
#1613 = DIRECTION('',(0.996752435099,0.,8.052690931368E-02));
#1614 = PCURVE('',#126,#1615);
#1615 = DEFINITIONAL_REPRESENTATION('',(#1616),#1620);
#1616 = LINE('',#1617,#1618);
#1617 = CARTESIAN_POINT('',(26.229341493557,1.183193640739));
#1618 = VECTOR('',#1619,1.);
#1619 = DIRECTION('',(-8.052690931368E-02,0.996752435099));
#1620 = ( GEOMETRIC_REPRESENTATION_CONTEXT(2) 
PARAMETRIC_REPRESENTATION_CONTEXT() REPRESENTATION_CONTEXT('2D SPACE',''
  ) );
#1621 = PCURVE('',#1622,#1627);
#1622 = PLANE('',#1623);
#1623 = AXIS2_PLACEMENT_3D('',#1624,#1625,#1626);
#1624 = CARTESIAN_POINT('',(2.677,0.,-27.181));
#1625 = DIRECTION('',(-8.052690931368E-02,0.,0.996752435099));
#1626 = DIRECTION('',(0.996752435099,0.,8.052690931368E-02));
#1627 = DEFINITIONAL_REPRESENTATION('',(#1628),#1632);
#1628 = LINE('',#1629,#1630);
#1629 = CARTESIAN_POINT('',(0.,0.));
#1630 = VECTOR('',#1631,1.);
#1631 = DIRECTION('',(1.,0.));
#1632 = ( GEOMETRIC_REPRESENTATION_CONTEXT(2) 
PARAMETRIC_REPRESENTATION_CONTEXT() REPRESENTATION_CONTEXT('2D SPACE',''
  ) );
#1633 = ORIENTED_EDGE('',*,*,#1634,.T.);
#1634 = EDGE_CURVE('',#1607,#1635,#1637,.T.);
#1635 = VERTEX_POINT('',#1636);
#1636 = CARTESIAN_POINT('',(8.087,0.,-26.661));
#1637 = SURFACE_CURVE('',#1638,(#1642,#1649),.PCURVE_S1.);
#1638 = LINE('',#1639,#1640);
#1639 = CARTESIAN_POINT('',(5.363,0.,-26.964));
#1640 = VECTOR('',#1641,1.);
#1641 = DIRECTION('',(0.993870378987,0.,0.110551661099));
#1642 = PCURVE('',#126,#1643);
#1643 = DEFINITIONAL_REPRESENTATION('',(#1644),#1648);
#1644 = LINE('',#1645,#1646);
#1645 = CARTESIAN_POINT('',(26.012341493557,3.869193640739));
#1646 = VECTOR('',#1647,1.);
#1647 = DIRECTION('',(-0.110551661099,0.993870378987));
#1648 = ( GEOMETRIC_REPRESENTATION_CONTEXT(2) 
PARAMETRIC_REPRESENTATION_CONTEXT() REPRESENTATION_CONTEXT('2D SPACE',''
  ) );
#1649 = PCURVE('',#1650,#1655);
#1650 = PLANE('',#1651);
#1651 = AXIS2_PLACEMENT_3D('',#1652,#1653,#1654);
#1652 = CARTESIAN_POINT('',(5.363,0.,-26.964));
#1653 = DIRECTION('',(-0.110551661099,0.,0.993870378987));
#1654 = DIRECTION('',(0.993870378987,0.,0.110551661099));
#1655 = DEFINITIONAL_REPRESENTATION('',(#1656),#1660);
#1656 = LINE('',#1657,#1658);
#1657 = CARTESIAN_POINT('',(0.,0.));
#1658 = VECTOR('',#1659,1.);
#1659 = DIRECTION('',(1.,0.));
#1660 = ( GEOMETRIC_REPRESENTATION_CONTEXT(2) 
PARAMETRIC_REPRESENTATION_CONTEXT() REPRESENTATION_CONTEXT('2D SPACE',''
  ) );
#1661 = ORIENTED_EDGE('',*,*,#1662,.T.);
#1662 = EDGE_CURVE('',#1635,#1663,#1665,.T.);
#1663 = VERTEX_POINT('',#1664);
#1664 = CARTESIAN_POINT('',(10.919,0.,-26.361));
#1665 = SURFACE_CURVE('',#1666,(#1670,#1677),.PCURVE_S1.);
#1666 = LINE('',#1667,#1668);
#1667 = CARTESIAN_POINT('',(8.087,0.,-26.661));
#1668 = VECTOR('',#1669,1.);
#1669 = DIRECTION('',(0.994435968728,0.,0.105342793297));
#1670 = PCURVE('',#126,#1671);
#1671 = DEFINITIONAL_REPRESENTATION('',(#1672),#1676);
#1672 = LINE('',#1673,#1674);
#1673 = CARTESIAN_POINT('',(25.709341493557,6.593193640739));
#1674 = VECTOR('',#1675,1.);
#1675 = DIRECTION('',(-0.105342793297,0.994435968728));
#1676 = ( GEOMETRIC_REPRESENTATION_CONTEXT(2) 
PARAMETRIC_REPRESENTATION_CONTEXT() REPRESENTATION_CONTEXT('2D SPACE',''
  ) );
#1677 = PCURVE('',#1678,#1683);
#1678 = PLANE('',#1679);
#1679 = AXIS2_PLACEMENT_3D('',#1680,#1681,#1682);
#1680 = CARTESIAN_POINT('',(8.087,0.,-26.661));
#1681 = DIRECTION('',(-0.105342793297,0.,0.994435968728));
#1682 = DIRECTION('',(0.994435968728,0.,0.105342793297));
#1683 = DEFINITIONAL_REPRESENTATION('',(#1684),#1688);
#1684 = LINE('',#1685,#1686);
#1685 = CARTESIAN_POINT('',(0.,0.));
#1686 = VECTOR('',#1687,1.);
#1687 = DIRECTION('',(1.,0.));
#1688 = ( GEOMETRIC_REPRESENTATION_CONTEXT(2) 
PARAMETRIC_REPRESENTATION_CONTEXT() REPRESENTATION_CONTEXT('2D SPACE',''
  ) );
#1689 = ORIENTED_EDGE('',*,*,#1690,.T.);
#1690 = EDGE_CURVE('',#1663,#1691,#1693,.T.);
#1691 = VERTEX_POINT('',#1692);
#1692 = CARTESIAN_POINT('',(13.96,0.,-26.118));
#1693 = SURFACE_CURVE('',#1694,(#1698,#1705),.PCURVE_S1.);
#1694 = LINE('',#1695,#1696);
#1695 = CARTESIAN_POINT('',(10.919,0.,-26.361));
#1696 = VECTOR('',#1697,1.);
#1697 = DIRECTION('',(0.996822570264,0.,7.965402320751E-02));
#1698 = PCURVE('',#126,#1699);
#1699 = DEFINITIONAL_REPRESENTATION('',(#1700),#1704);
#1700 = LINE('',#1701,#1702);
#1701 = CARTESIAN_POINT('',(25.409341493557,9.425193640739));
#1702 = VECTOR('',#1703,1.);
#1703 = DIRECTION('',(-7.965402320751E-02,0.996822570264));
#1704 = ( GEOMETRIC_REPRESENTATION_CONTEXT(2) 
PARAMETRIC_REPRESENTATION_CONTEXT() REPRESENTATION_CONTEXT('2D SPACE',''
  ) );
#1705 = PCURVE('',#1706,#1711);
#1706 = PLANE('',#1707);
#1707 = AXIS2_PLACEMENT_3D('',#1708,#1709,#1710);
#1708 = CARTESIAN_POINT('',(10.919,0.,-26.361));
#1709 = DIRECTION('',(-7.965402320751E-02,0.,0.996822570264));
#1710 = DIRECTION('',(0.996822570264,0.,7.965402320751E-02));
#1711 = DEFINITIONAL_REPRESENTATION('',(#1712),#1716);
#1712 = LINE('',#1713,#1714);
#1713 = CARTESIAN_POINT('',(0.,0.));
#1714 = VECTOR('',#1715,1.);
#1715 = DIRECTION('',(1.,0.));
#1716 = ( GEOMETRIC_REPRESENTATION_CONTEXT(2) 
PARAMETRIC_REPRESENTATION_CONTEXT() REPRESENTATION_CONTEXT('2D SPACE',''
  ) );
#1717 = ORIENTED_EDGE('',*,*,#1718,.T.);
#1718 = EDGE_CURVE('',#1691,#1719,#1721,.T.);
#1719 = VERTEX_POINT('',#1720);
#1720 = CARTESIAN_POINT('',(17.3,0.,-25.892));
#1721 = SURFACE_CURVE('',#1722,(#1726,#1733),.PCURVE_S1.);
#1722 = LINE('',#1723,#1724);
#1723 = CARTESIAN_POINT('',(13.96,0.,-26.118));
#1724 = VECTOR('',#1725,1.);
#1725 = DIRECTION('',(0.997718577323,0.,6.751029894464E-02));
#1726 = PCURVE('',#126,#1727);
#1727 = DEFINITIONAL_REPRESENTATION('',(#1728),#1732);
#1728 = LINE('',#1729,#1730);
#1729 = CARTESIAN_POINT('',(25.166341493557,12.466193640739));
#1730 = VECTOR('',#1731,1.);
#1731 = DIRECTION('',(-6.751029894464E-02,0.997718577323));
#1732 = ( GEOMETRIC_REPRESENTATION_CONTEXT(2) 
PARAMETRIC_REPRESENTATION_CONTEXT() REPRESENTATION_CONTEXT('2D SPACE',''
  ) );
#1733 = PCURVE('',#1734,#1739);
#1734 = PLANE('',#1735);
#1735 = AXIS2_PLACEMENT_3D('',#1736,#1737,#1738);
#1736 = CARTESIAN_POINT('',(13.96,0.,-26.118));
#1737 = DIRECTION('',(-6.751029894464E-02,0.,0.997718577323));
#1738 = DIRECTION('',(0.997718577323,0.,6.751029894464E-02));
#1739 = DEFINITIONAL_REPRESENTATION('',(#1740),#1744);
#1740 = LINE('',#1741,#1742);
#1741 = CARTESIAN_POINT('',(0.,0.));
#1742 = VECTOR('',#1743,1.);
#1743 = DIRECTION('',(1.,0.));
#1744 = ( GEOMETRIC_REPRESENTATION_CONTEXT(2) 
PARAMETRIC_REPRESENTATION_CONTEXT() REPRESENTATION_CONTEXT('2D SPACE',''
  ) );
#1745 = ORIENTED_EDGE('',*,*,#1746,.T.);
#1746 = EDGE_CURVE('',#1719,#1747,#1749,.T.);
#1747 = VERTEX_POINT('',#1748);
#1748 = CARTESIAN_POINT('',(20.93,0.,-25.503));
#1749 = SURFACE_CURVE('',#1750,(#1754,#1761),.PCURVE_S1.);
#1750 = LINE('',#1751,#1752);
#1751 = CARTESIAN_POINT('',(17.3,0.,-25.892));
#1752 = VECTOR('',#1753,1.);
#1753 = DIRECTION('',(0.994307081244,0.,0.106552466833));
#1754 = PCURVE('',#126,#1755);
#1755 = DEFINITIONAL_REPRESENTATION('',(#1756),#1760);
#1756 = LINE('',#1757,#1758);
#1757 = CARTESIAN_POINT('',(24.940341493557,15.806193640739));
#1758 = VECTOR('',#1759,1.);
#1759 = DIRECTION('',(-0.106552466833,0.994307081244));
#1760 = ( GEOMETRIC_REPRESENTATION_CONTEXT(2) 
PARAMETRIC_REPRESENTATION_CONTEXT() REPRESENTATION_CONTEXT('2D SPACE',''
  ) );
#1761 = PCURVE('',#1762,#1767);
#1762 = PLANE('',#1763);
#1763 = AXIS2_PLACEMENT_3D('',#1764,#1765,#1766);
#1764 = CARTESIAN_POINT('',(17.3,0.,-25.892));
#1765 = DIRECTION('',(-0.106552466833,0.,0.994307081244));
#1766 = DIRECTION('',(0.994307081244,0.,0.106552466833));
#1767 = DEFINITIONAL_REPRESENTATION('',(#1768),#1772);
#1768 = LINE('',#1769,#1770);
#1769 = CARTESIAN_POINT('',(0.,0.));
#1770 = VECTOR('',#1771,1.);
#1771 = DIRECTION('',(1.,0.));
#1772 = ( GEOMETRIC_REPRESENTATION_CONTEXT(2) 
PARAMETRIC_REPRESENTATION_CONTEXT() REPRESENTATION_CONTEXT('2D SPACE',''
  ) );
#1773 = ORIENTED_EDGE('',*,*,#1774,.T.);
#1774 = EDGE_CURVE('',#1747,#1775,#1777,.T.);
#1775 = VERTEX_POINT('',#1776);
#1776 = CARTESIAN_POINT('',(24.661,0.,-24.661));
#1777 = SURFACE_CURVE('',#1778,(#1782,#1789),.PCURVE_S1.);
#1778 = LINE('',#1779,#1780);
#1779 = CARTESIAN_POINT('',(20.93,0.,-25.503));
#1780 = VECTOR('',#1781,1.);
#1781 = DIRECTION('',(0.975468175037,0.,0.220140499432));
#1782 = PCURVE('',#126,#1783);
#1783 = DEFINITIONAL_REPRESENTATION('',(#1784),#1788);
#1784 = LINE('',#1785,#1786);
#1785 = CARTESIAN_POINT('',(24.551341493557,19.436193640739));
#1786 = VECTOR('',#1787,1.);
#1787 = DIRECTION('',(-0.220140499432,0.975468175037));
#1788 = ( GEOMETRIC_REPRESENTATION_CONTEXT(2) 
PARAMETRIC_REPRESENTATION_CONTEXT() REPRESENTATION_CONTEXT('2D SPACE',''
  ) );
#1789 = PCURVE('',#1790,#1795);
#1790 = PLANE('',#1791);
#1791 = AXIS2_PLACEMENT_3D('',#1792,#1793,#1794);
#1792 = CARTESIAN_POINT('',(20.93,0.,-25.503));
#1793 = DIRECTION('',(-0.220140499432,0.,0.975468175037));
#1794 = DIRECTION('',(0.975468175037,0.,0.220140499432));
#1795 = DEFINITIONAL_REPRESENTATION('',(#1796),#1800);
#1796 = LINE('',#1797,#1798);
#1797 = CARTESIAN_POINT('',(0.,0.));
#1798 = VECTOR('',#1799,1.);
#1799 = DIRECTION('',(1.,0.));
#1800 = ( GEOMETRIC_REPRESENTATION_CONTEXT(2) 
PARAMETRIC_REPRESENTATION_CONTEXT() REPRESENTATION_CONTEXT('2D SPACE',''
  ) );
#1801 = ORIENTED_EDGE('',*,*,#1802,.T.);
#1802 = EDGE_CURVE('',#1775,#1803,#1805,.T.);
#1803 = VERTEX_POINT('',#1804);
#1804 = CARTESIAN_POINT('',(28.117,0.,-23.075));
#1805 = SURFACE_CURVE('',#1806,(#1810,#1817),.PCURVE_S1.);
#1806 = LINE('',#1807,#1808);
#1807 = CARTESIAN_POINT('',(24.661,0.,-24.661));
#1808 = VECTOR('',#1809,1.);
#1809 = DIRECTION('',(0.908865501691,0.,0.417089318774));
#1810 = PCURVE('',#126,#1811);
#1811 = DEFINITIONAL_REPRESENTATION('',(#1812),#1816);
#1812 = LINE('',#1813,#1814);
#1813 = CARTESIAN_POINT('',(23.709341493557,23.167193640739));
#1814 = VECTOR('',#1815,1.);
#1815 = DIRECTION('',(-0.417089318774,0.908865501691));
#1816 = ( GEOMETRIC_REPRESENTATION_CONTEXT(2) 
PARAMETRIC_REPRESENTATION_CONTEXT() REPRESENTATION_CONTEXT('2D SPACE',''
  ) );
#1817 = PCURVE('',#1818,#1823);
#1818 = PLANE('',#1819);
#1819 = AXIS2_PLACEMENT_3D('',#1820,#1821,#1822);
#1820 = CARTESIAN_POINT('',(24.661,0.,-24.661));
#1821 = DIRECTION('',(-0.417089318774,0.,0.908865501691));
#1822 = DIRECTION('',(0.908865501691,0.,0.417089318774));
#1823 = DEFINITIONAL_REPRESENTATION('',(#1824),#1828);
#1824 = LINE('',#1825,#1826);
#1825 = CARTESIAN_POINT('',(0.,0.));
#1826 = VECTOR('',#1827,1.);
#1827 = DIRECTION('',(1.,0.));
#1828 = ( GEOMETRIC_REPRESENTATION_CONTEXT(2) 
PARAMETRIC_REPRESENTATION_CONTEXT() REPRESENTATION_CONTEXT('2D SPACE',''
  ) );
#1829 = ORIENTED_EDGE('',*,*,#1830,.T.);
#1830 = EDGE_CURVE('',#1803,#1831,#1833,.T.);
#1831 = VERTEX_POINT('',#1832);
#1832 = CARTESIAN_POINT('',(30.835,0.,-20.603));
#1833 = SURFACE_CURVE('',#1834,(#1838,#1845),.PCURVE_S1.);
#1834 = LINE('',#1835,#1836);
#1835 = CARTESIAN_POINT('',(28.117,0.,-23.075));
#1836 = VECTOR('',#1837,1.);
#1837 = DIRECTION('',(0.739792264088,0.,0.672835348354));
#1838 = PCURVE('',#126,#1839);
#1839 = DEFINITIONAL_REPRESENTATION('',(#1840),#1844);
#1840 = LINE('',#1841,#1842);
#1841 = CARTESIAN_POINT('',(22.123341493557,26.623193640739));
#1842 = VECTOR('',#1843,1.);
#1843 = DIRECTION('',(-0.672835348354,0.739792264088));
#1844 = ( GEOMETRIC_REPRESENTATION_CONTEXT(2) 
PARAMETRIC_REPRESENTATION_CONTEXT() REPRESENTATION_CONTEXT('2D SPACE',''
  ) );
#1845 = PCURVE('',#1846,#1851);
#1846 = PLANE('',#1847);
#1847 = AXIS2_PLACEMENT_3D('',#1848,#1849,#1850);
#1848 = CARTESIAN_POINT('',(28.117,0.,-23.075));
#1849 = DIRECTION('',(-0.672835348354,0.,0.739792264088));
#1850 = DIRECTION('',(0.739792264088,0.,0.672835348354));
#1851 = DEFINITIONAL_REPRESENTATION('',(#1852),#1856);
#1852 = LINE('',#1853,#1854);
#1853 = CARTESIAN_POINT('',(0.,0.));
#1854 = VECTOR('',#1855,1.);
#1855 = DIRECTION('',(1.,0.));
#1856 = ( GEOMETRIC_REPRESENTATION_CONTEXT(2) 
PARAMETRIC_REPRESENTATION_CONTEXT() REPRESENTATION_CONTEXT('2D SPACE',''
  ) );
#1857 = ORIENTED_EDGE('',*,*,#1858,.T.);
#1858 = EDGE_CURVE('',#1831,#1859,#1861,.T.);
#1859 = VERTEX_POINT('',#1860);
#1860 = CARTESIAN_POINT('',(32.459,0.,-17.35));
#1861 = SURFACE_CURVE('',#1862,(#1866,#1873),.PCURVE_S1.);
#1862 = LINE('',#1863,#1864);
#1863 = CARTESIAN_POINT('',(30.835,0.,-20.603));
#1864 = VECTOR('',#1865,1.);
#1865 = DIRECTION('',(0.446663432805,0.,0.894702060909));
#1866 = PCURVE('',#126,#1867);
#1867 = DEFINITIONAL_REPRESENTATION('',(#1868),#1872);
#1868 = LINE('',#1869,#1870);
#1869 = CARTESIAN_POINT('',(19.651341493557,29.341193640739));
#1870 = VECTOR('',#1871,1.);
#1871 = DIRECTION('',(-0.894702060909,0.446663432805));
#1872 = ( GEOMETRIC_REPRESENTATION_CONTEXT(2) 
PARAMETRIC_REPRESENTATION_CONTEXT() REPRESENTATION_CONTEXT('2D SPACE',''
  ) );
#1873 = PCURVE('',#1874,#1879);
#1874 = PLANE('',#1875);
#1875 = AXIS2_PLACEMENT_3D('',#1876,#1877,#1878);
#1876 = CARTESIAN_POINT('',(30.835,0.,-20.603));
#1877 = DIRECTION('',(-0.894702060909,0.,0.446663432805));
#1878 = DIRECTION('',(0.446663432805,0.,0.894702060909));
#1879 = DEFINITIONAL_REPRESENTATION('',(#1880),#1884);
#1880 = LINE('',#1881,#1882);
#1881 = CARTESIAN_POINT('',(0.,0.));
#1882 = VECTOR('',#1883,1.);
#1883 = DIRECTION('',(1.,0.));
#1884 = ( GEOMETRIC_REPRESENTATION_CONTEXT(2) 
PARAMETRIC_REPRESENTATION_CONTEXT() REPRESENTATION_CONTEXT('2D SPACE',''
  ) );
#1885 = ORIENTED_EDGE('',*,*,#1886,.T.);
#1886 = EDGE_CURVE('',#1859,#1887,#1889,.T.);
#1887 = VERTEX_POINT('',#1888);
#1888 = CARTESIAN_POINT('',(32.905,0.,-13.63));
#1889 = SURFACE_CURVE('',#1890,(#1894,#1901),.PCURVE_S1.);
#1890 = LINE('',#1891,#1892);
#1891 = CARTESIAN_POINT('',(32.459,0.,-17.35));
#1892 = VECTOR('',#1893,1.);
#1893 = DIRECTION('',(0.119039973195,0.,0.992889462519));
#1894 = PCURVE('',#126,#1895);
#1895 = DEFINITIONAL_REPRESENTATION('',(#1896),#1900);
#1896 = LINE('',#1897,#1898);
#1897 = CARTESIAN_POINT('',(16.398341493557,30.965193640739));
#1898 = VECTOR('',#1899,1.);
#1899 = DIRECTION('',(-0.992889462519,0.119039973195));
#1900 = ( GEOMETRIC_REPRESENTATION_CONTEXT(2) 
PARAMETRIC_REPRESENTATION_CONTEXT() REPRESENTATION_CONTEXT('2D SPACE',''
  ) );
#1901 = PCURVE('',#1902,#1907);
#1902 = PLANE('',#1903);
#1903 = AXIS2_PLACEMENT_3D('',#1904,#1905,#1906);
#1904 = CARTESIAN_POINT('',(32.459,0.,-17.35));
#1905 = DIRECTION('',(-0.992889462519,0.,0.119039973195));
#1906 = DIRECTION('',(0.119039973195,0.,0.992889462519));
#1907 = DEFINITIONAL_REPRESENTATION('',(#1908),#1912);
#1908 = LINE('',#1909,#1910);
#1909 = CARTESIAN_POINT('',(0.,0.));
#1910 = VECTOR('',#1911,1.);
#1911 = DIRECTION('',(1.,0.));
#1912 = ( GEOMETRIC_REPRESENTATION_CONTEXT(2) 
PARAMETRIC_REPRESENTATION_CONTEXT() REPRESENTATION_CONTEXT('2D SPACE',''
  ) );
#1913 = ORIENTED_EDGE('',*,*,#1914,.T.);
#1914 = EDGE_CURVE('',#1887,#1915,#1917,.T.);
#1915 = VERTEX_POINT('',#1916);
#1916 = CARTESIAN_POINT('',(32.391,0.,-9.826));
#1917 = SURFACE_CURVE('',#1918,(#1922,#1929),.PCURVE_S1.);
#1918 = LINE('',#1919,#1920);
#1919 = CARTESIAN_POINT('',(32.905,0.,-13.63));
#1920 = VECTOR('',#1921,1.);
#1921 = DIRECTION('',(-0.133904066708,0.,0.990994299136));
#1922 = PCURVE('',#126,#1923);
#1923 = DEFINITIONAL_REPRESENTATION('',(#1924),#1928);
#1924 = LINE('',#1925,#1926);
#1925 = CARTESIAN_POINT('',(12.678341493557,31.411193640739));
#1926 = VECTOR('',#1927,1.);
#1927 = DIRECTION('',(-0.990994299136,-0.133904066708));
#1928 = ( GEOMETRIC_REPRESENTATION_CONTEXT(2) 
PARAMETRIC_REPRESENTATION_CONTEXT() REPRESENTATION_CONTEXT('2D SPACE',''
  ) );
#1929 = PCURVE('',#1930,#1935);
#1930 = PLANE('',#1931);
#1931 = AXIS2_PLACEMENT_3D('',#1932,#1933,#1934);
#1932 = CARTESIAN_POINT('',(32.905,0.,-13.63));
#1933 = DIRECTION('',(-0.990994299136,-0.,-0.133904066708));
#1934 = DIRECTION('',(-0.133904066708,0.,0.990994299136));
#1935 = DEFINITIONAL_REPRESENTATION('',(#1936),#1940);
#1936 = LINE('',#1937,#1938);
#1937 = CARTESIAN_POINT('',(0.,0.));
#1938 = VECTOR('',#1939,1.);
#1939 = DIRECTION('',(1.,0.));
#1940 = ( GEOMETRIC_REPRESENTATION_CONTEXT(2) 
PARAMETRIC_REPRESENTATION_CONTEXT() REPRESENTATION_CONTEXT('2D SPACE',''
  ) );
#1941 = ORIENTED_EDGE('',*,*,#1942,.T.);
#1942 = EDGE_CURVE('',#1915,#1943,#1945,.T.);
#1943 = VERTEX_POINT('',#1944);
#1944 = CARTESIAN_POINT('',(31.322,0.,-6.23));
#1945 = SURFACE_CURVE('',#1946,(#1950,#1957),.PCURVE_S1.);
#1946 = LINE('',#1947,#1948);
#1947 = CARTESIAN_POINT('',(32.391,0.,-9.826));
#1948 = VECTOR('',#1949,1.);
#1949 = DIRECTION('',(-0.284950410352,0.,0.958542259705));
#1950 = PCURVE('',#126,#1951);
#1951 = DEFINITIONAL_REPRESENTATION('',(#1952),#1956);
#1952 = LINE('',#1953,#1954);
#1953 = CARTESIAN_POINT('',(8.874341493557,30.897193640739));
#1954 = VECTOR('',#1955,1.);
#1955 = DIRECTION('',(-0.958542259705,-0.284950410352));
#1956 = ( GEOMETRIC_REPRESENTATION_CONTEXT(2) 
PARAMETRIC_REPRESENTATION_CONTEXT() REPRESENTATION_CONTEXT('2D SPACE',''
  ) );
#1957 = PCURVE('',#1958,#1963);
#1958 = PLANE('',#1959);
#1959 = AXIS2_PLACEMENT_3D('',#1960,#1961,#1962);
#1960 = CARTESIAN_POINT('',(32.391,0.,-9.826));
#1961 = DIRECTION('',(-0.958542259705,-0.,-0.284950410352));
#1962 = DIRECTION('',(-0.284950410352,0.,0.958542259705));
#1963 = DEFINITIONAL_REPRESENTATION('',(#1964),#1968);
#1964 = LINE('',#1965,#1966);
#1965 = CARTESIAN_POINT('',(0.,0.));
#1966 = VECTOR('',#1967,1.);
#1967 = DIRECTION('',(1.,0.));
#1968 = ( GEOMETRIC_REPRESENTATION_CONTEXT(2) 
PARAMETRIC_REPRESENTATION_CONTEXT() REPRESENTATION_CONTEXT('2D SPACE',''
  ) );
#1969 = ORIENTED_EDGE('',*,*,#1970,.T.);
#1970 = EDGE_CURVE('',#1943,#142,#1971,.T.);
#1971 = SURFACE_CURVE('',#1972,(#1976,#1983),.PCURVE_S1.);
#1972 = LINE('',#1973,#1974);
#1973 = CARTESIAN_POINT('',(31.322,0.,-6.23));
#1974 = VECTOR('',#1975,1.);
#1975 = DIRECTION('',(-0.351688774673,0.,0.936116982951));
#1976 = PCURVE('',#126,#1977);
#1977 = DEFINITIONAL_REPRESENTATION('',(#1978),#1982);
#1978 = LINE('',#1979,#1980);
#1979 = CARTESIAN_POINT('',(5.278341493557,29.828193640739));
#1980 = VECTOR('',#1981,1.);
#1981 = DIRECTION('',(-0.936116982951,-0.351688774673));
#1982 = ( GEOMETRIC_REPRESENTATION_CONTEXT(2) 
PARAMETRIC_REPRESENTATION_CONTEXT() REPRESENTATION_CONTEXT('2D SPACE',''
  ) );
#1983 = PCURVE('',#159,#1984);
#1984 = DEFINITIONAL_REPRESENTATION('',(#1985),#1989);
#1985 = LINE('',#1986,#1987);
#1986 = CARTESIAN_POINT('',(0.,0.));
#1987 = VECTOR('',#1988,1.);
#1988 = DIRECTION('',(1.,0.));
#1989 = ( GEOMETRIC_REPRESENTATION_CONTEXT(2) 
PARAMETRIC_REPRESENTATION_CONTEXT() REPRESENTATION_CONTEXT('2D SPACE',''
  ) );
#1990 = ORIENTED_EDGE('',*,*,#193,.T.);
#1991 = FACE_BOUND('',#1992,.F.);
#1992 = EDGE_LOOP('',(#1993,#2021,#2050,#2076));
#1993 = ORIENTED_EDGE('',*,*,#1994,.T.);
#1994 = EDGE_CURVE('',#1995,#1997,#1999,.T.);
#1995 = VERTEX_POINT('',#1996);
#1996 = CARTESIAN_POINT('',(1.37,0.,4.625));
#1997 = VERTEX_POINT('',#1998);
#1998 = CARTESIAN_POINT('',(1.37,0.,3.549806332745));
#1999 = SURFACE_CURVE('',#2000,(#2004,#2010),.PCURVE_S1.);
#2000 = LINE('',#2001,#2002);
#2001 = CARTESIAN_POINT('',(1.37,0.,1.836670746779));
#2002 = VECTOR('',#2003,1.);
#2003 = DIRECTION('',(0.,0.,-1.));
#2004 = PCURVE('',#126,#2005);
#2005 = DEFINITIONAL_REPRESENTATION('',(#2006),#2009);
#2006 = B_SPLINE_CURVE_WITH_KNOTS('',1,(#2007,#2008),.UNSPECIFIED.,.F.,
  .F.,(2,2),(-2.788329253221,-1.148329253221),.PIECEWISE_BEZIER_KNOTS.);
#2007 = CARTESIAN_POINT('',(-5.576658506443,-0.123806359261));
#2008 = CARTESIAN_POINT('',(-3.936658506443,-0.123806359261));
#2009 = ( GEOMETRIC_REPRESENTATION_CONTEXT(2) 
PARAMETRIC_REPRESENTATION_CONTEXT() REPRESENTATION_CONTEXT('2D SPACE',''
  ) );
#2010 = PCURVE('',#2011,#2016);
#2011 = PLANE('',#2012);
#2012 = AXIS2_PLACEMENT_3D('',#2013,#2014,#2015);
#2013 = CARTESIAN_POINT('',(1.37,-62.0520002,4.625));
#2014 = DIRECTION('',(-1.,0.,0.));
#2015 = DIRECTION('',(0.,0.,-1.));
#2016 = DEFINITIONAL_REPRESENTATION('',(#2017),#2020);
#2017 = B_SPLINE_CURVE_WITH_KNOTS('',1,(#2018,#2019),.UNSPECIFIED.,.F.,
  .F.,(2,2),(-2.788329253221,-1.148329253221),.PIECEWISE_BEZIER_KNOTS.);
#2018 = CARTESIAN_POINT('',(0.,-62.0520002));
#2019 = CARTESIAN_POINT('',(1.64,-62.0520002));
#2020 = ( GEOMETRIC_REPRESENTATION_CONTEXT(2) 
PARAMETRIC_REPRESENTATION_CONTEXT() REPRESENTATION_CONTEXT('2D SPACE',''
  ) );
#2021 = ORIENTED_EDGE('',*,*,#2022,.F.);
#2022 = EDGE_CURVE('',#2023,#1997,#2025,.T.);
#2023 = VERTEX_POINT('',#2024);
#2024 = CARTESIAN_POINT('',(-1.37,0.,3.549806332745));
#2025 = SURFACE_CURVE('',#2026,(#2031,#2038),.PCURVE_S1.);
#2026 = CIRCLE('',#2027,3.805);
#2027 = AXIS2_PLACEMENT_3D('',#2028,#2029,#2030);
#2028 = CARTESIAN_POINT('',(0.,0.,0.));
#2029 = DIRECTION('',(0.,-1.,0.));
#2030 = DIRECTION('',(-0.360052562418,0.,0.932932019118));
#2031 = PCURVE('',#126,#2032);
#2032 = DEFINITIONAL_REPRESENTATION('',(#2033),#2037);
#2033 = CIRCLE('',#2034,3.805);
#2034 = AXIS2_PLACEMENT_2D('',#2035,#2036);
#2035 = CARTESIAN_POINT('',(-0.951658506443,-1.493806359261));
#2036 = DIRECTION('',(-0.932932019118,-0.360052562418));
#2037 = ( GEOMETRIC_REPRESENTATION_CONTEXT(2) 
PARAMETRIC_REPRESENTATION_CONTEXT() REPRESENTATION_CONTEXT('2D SPACE',''
  ) );
#2038 = PCURVE('',#2039,#2044);
#2039 = CYLINDRICAL_SURFACE('',#2040,3.805);
#2040 = AXIS2_PLACEMENT_3D('',#2041,#2042,#2043);
#2041 = CARTESIAN_POINT('',(0.,-62.0520002,0.));
#2042 = DIRECTION('',(0.,-1.,0.));
#2043 = DIRECTION('',(-1.,0.,0.));
#2044 = DEFINITIONAL_REPRESENTATION('',(#2045),#2049);
#2045 = LINE('',#2046,#2047);
#2046 = CARTESIAN_POINT('',(-7.485657400049,-62.0520002));
#2047 = VECTOR('',#2048,1.);
#2048 = DIRECTION('',(1.,-0.));
#2049 = ( GEOMETRIC_REPRESENTATION_CONTEXT(2) 
PARAMETRIC_REPRESENTATION_CONTEXT() REPRESENTATION_CONTEXT('2D SPACE',''
  ) );
#2050 = ORIENTED_EDGE('',*,*,#2051,.T.);
#2051 = EDGE_CURVE('',#2023,#2052,#2054,.T.);
#2052 = VERTEX_POINT('',#2053);
#2053 = CARTESIAN_POINT('',(-1.37,0.,4.625));
#2054 = SURFACE_CURVE('',#2055,(#2059,#2065),.PCURVE_S1.);
#2055 = LINE('',#2056,#2057);
#2056 = CARTESIAN_POINT('',(-1.37,0.,1.016670746779));
#2057 = VECTOR('',#2058,1.);
#2058 = DIRECTION('',(0.,0.,1.));
#2059 = PCURVE('',#126,#2060);
#2060 = DEFINITIONAL_REPRESENTATION('',(#2061),#2064);
#2061 = B_SPLINE_CURVE_WITH_KNOTS('',1,(#2062,#2063),.UNSPECIFIED.,.F.,
  .F.,(2,2),(1.968329253221,3.608329253221),.PIECEWISE_BEZIER_KNOTS.);
#2062 = CARTESIAN_POINT('',(-3.936658506443,-2.863806359261));
#2063 = CARTESIAN_POINT('',(-5.576658506443,-2.863806359261));
#2064 = ( GEOMETRIC_REPRESENTATION_CONTEXT(2) 
PARAMETRIC_REPRESENTATION_CONTEXT() REPRESENTATION_CONTEXT('2D SPACE',''
  ) );
#2065 = PCURVE('',#2066,#2071);
#2066 = PLANE('',#2067);
#2067 = AXIS2_PLACEMENT_3D('',#2068,#2069,#2070);
#2068 = CARTESIAN_POINT('',(-1.37,-62.0520002,2.985));
#2069 = DIRECTION('',(1.,0.,0.));
#2070 = DIRECTION('',(0.,0.,1.));
#2071 = DEFINITIONAL_REPRESENTATION('',(#2072),#2075);
#2072 = B_SPLINE_CURVE_WITH_KNOTS('',1,(#2073,#2074),.UNSPECIFIED.,.F.,
  .F.,(2,2),(1.968329253221,3.608329253221),.PIECEWISE_BEZIER_KNOTS.);
#2073 = CARTESIAN_POINT('',(0.,-62.0520002));
#2074 = CARTESIAN_POINT('',(1.64,-62.0520002));
#2075 = ( GEOMETRIC_REPRESENTATION_CONTEXT(2) 
PARAMETRIC_REPRESENTATION_CONTEXT() REPRESENTATION_CONTEXT('2D SPACE',''
  ) );
#2076 = ORIENTED_EDGE('',*,*,#2077,.T.);
#2077 = EDGE_CURVE('',#2052,#1995,#2078,.T.);
#2078 = SURFACE_CURVE('',#2079,(#2083,#2089),.PCURVE_S1.);
#2079 = LINE('',#2080,#2081);
#2080 = CARTESIAN_POINT('',(6.19031796306E-02,0.,4.625));
#2081 = VECTOR('',#2082,1.);
#2082 = DIRECTION('',(1.,-0.,0.));
#2083 = PCURVE('',#126,#2084);
#2084 = DEFINITIONAL_REPRESENTATION('',(#2085),#2088);
#2085 = B_SPLINE_CURVE_WITH_KNOTS('',1,(#2086,#2087),.UNSPECIFIED.,.F.,
  .F.,(2,2),(-1.431903179631,1.308096820369),.PIECEWISE_BEZIER_KNOTS.);
#2086 = CARTESIAN_POINT('',(-5.576658506443,-2.863806359261));
#2087 = CARTESIAN_POINT('',(-5.576658506443,-0.123806359261));
#2088 = ( GEOMETRIC_REPRESENTATION_CONTEXT(2) 
PARAMETRIC_REPRESENTATION_CONTEXT() REPRESENTATION_CONTEXT('2D SPACE',''
  ) );
#2089 = PCURVE('',#2090,#2095);
#2090 = PLANE('',#2091);
#2091 = AXIS2_PLACEMENT_3D('',#2092,#2093,#2094);
#2092 = CARTESIAN_POINT('',(-1.37,-62.0520002,4.625));
#2093 = DIRECTION('',(0.,0.,-1.));
#2094 = DIRECTION('',(1.,0.,0.));
#2095 = DEFINITIONAL_REPRESENTATION('',(#2096),#2099);
#2096 = B_SPLINE_CURVE_WITH_KNOTS('',1,(#2097,#2098),.UNSPECIFIED.,.F.,
  .F.,(2,2),(-1.431903179631,1.308096820369),.PIECEWISE_BEZIER_KNOTS.);
#2097 = CARTESIAN_POINT('',(0.,-62.0520002));
#2098 = CARTESIAN_POINT('',(2.74,-62.0520002));
#2099 = ( GEOMETRIC_REPRESENTATION_CONTEXT(2) 
PARAMETRIC_REPRESENTATION_CONTEXT() REPRESENTATION_CONTEXT('2D SPACE',''
  ) );
#2100 = FACE_BOUND('',#2101,.F.);
#2101 = EDGE_LOOP('',(#2102));
#2102 = ORIENTED_EDGE('',*,*,#2103,.F.);
#2103 = EDGE_CURVE('',#2104,#2104,#2106,.T.);
#2104 = VERTEX_POINT('',#2105);
#2105 = CARTESIAN_POINT('',(14.495,0.,-2.204364238465E-16));
#2106 = SURFACE_CURVE('',#2107,(#2112,#2119),.PCURVE_S1.);
#2107 = CIRCLE('',#2108,0.9);
#2108 = AXIS2_PLACEMENT_3D('',#2109,#2110,#2111);
#2109 = CARTESIAN_POINT('',(13.595,0.,0.));
#2110 = DIRECTION('',(0.,-1.,0.));
#2111 = DIRECTION('',(1.,0.,0.));
#2112 = PCURVE('',#126,#2113);
#2113 = DEFINITIONAL_REPRESENTATION('',(#2114),#2118);
#2114 = CIRCLE('',#2115,0.9);
#2115 = AXIS2_PLACEMENT_2D('',#2116,#2117);
#2116 = CARTESIAN_POINT('',(-0.951658506443,12.101193640739));
#2117 = DIRECTION('',(0.,1.));
#2118 = ( GEOMETRIC_REPRESENTATION_CONTEXT(2) 
PARAMETRIC_REPRESENTATION_CONTEXT() REPRESENTATION_CONTEXT('2D SPACE',''
  ) );
#2119 = PCURVE('',#2120,#2125);
#2120 = CYLINDRICAL_SURFACE('',#2121,0.9);
#2121 = AXIS2_PLACEMENT_3D('',#2122,#2123,#2124);
#2122 = CARTESIAN_POINT('',(13.595,4.7,0.));
#2123 = DIRECTION('',(0.,-1.,0.));
#2124 = DIRECTION('',(1.,0.,0.));
#2125 = DEFINITIONAL_REPRESENTATION('',(#2126),#2130);
#2126 = LINE('',#2127,#2128);
#2127 = CARTESIAN_POINT('',(0.,4.7));
#2128 = VECTOR('',#2129,1.);
#2129 = DIRECTION('',(1.,0.));
#2130 = ( GEOMETRIC_REPRESENTATION_CONTEXT(2) 
PARAMETRIC_REPRESENTATION_CONTEXT() REPRESENTATION_CONTEXT('2D SPACE',''
  ) );
#2131 = ADVANCED_FACE('',(#2132,#3538,#3569),#72,.T.);
#2132 = FACE_BOUND('',#2133,.T.);
#2133 = EDGE_LOOP('',(#2134,#2135,#2136,#2159,#2182,#2205,#2228,#2251,
    #2274,#2297,#2320,#2343,#2366,#2389,#2412,#2435,#2458,#2481,#2504,
    #2527,#2550,#2573,#2596,#2619,#2642,#2665,#2688,#2711,#2734,#2757,
    #2780,#2803,#2826,#2849,#2872,#2895,#2918,#2941,#2964,#2987,#3010,
    #3033,#3056,#3079,#3102,#3125,#3148,#3171,#3194,#3217,#3240,#3263,
    #3286,#3309,#3332,#3355,#3378,#3401,#3424,#3447,#3470,#3493,#3516,
    #3537));
#2134 = ORIENTED_EDGE('',*,*,#56,.T.);
#2135 = ORIENTED_EDGE('',*,*,#218,.T.);
#2136 = ORIENTED_EDGE('',*,*,#2137,.T.);
#2137 = EDGE_CURVE('',#219,#2138,#2140,.T.);
#2138 = VERTEX_POINT('',#2139);
#2139 = CARTESIAN_POINT('',(26.197,-10.81,7.947));
#2140 = SURFACE_CURVE('',#2141,(#2145,#2152),.PCURVE_S1.);
#2141 = LINE('',#2142,#2143);
#2142 = CARTESIAN_POINT('',(27.095,-10.81,5.39));
#2143 = VECTOR('',#2144,1.);
#2144 = DIRECTION('',(-0.331352838696,0.,0.943506913747));
#2145 = PCURVE('',#72,#2146);
#2146 = DEFINITIONAL_REPRESENTATION('',(#2147),#2151);
#2147 = LINE('',#2148,#2149);
#2148 = CARTESIAN_POINT('',(-6.341658506443,25.601193640739));
#2149 = VECTOR('',#2150,1.);
#2150 = DIRECTION('',(-0.943506913747,-0.331352838696));
#2151 = ( GEOMETRIC_REPRESENTATION_CONTEXT(2) 
PARAMETRIC_REPRESENTATION_CONTEXT() REPRESENTATION_CONTEXT('2D SPACE',''
  ) );
#2152 = PCURVE('',#257,#2153);
#2153 = DEFINITIONAL_REPRESENTATION('',(#2154),#2158);
#2154 = LINE('',#2155,#2156);
#2155 = CARTESIAN_POINT('',(0.,-10.81));
#2156 = VECTOR('',#2157,1.);
#2157 = DIRECTION('',(1.,0.));
#2158 = ( GEOMETRIC_REPRESENTATION_CONTEXT(2) 
PARAMETRIC_REPRESENTATION_CONTEXT() REPRESENTATION_CONTEXT('2D SPACE',''
  ) );
#2159 = ORIENTED_EDGE('',*,*,#2160,.T.);
#2160 = EDGE_CURVE('',#2138,#2161,#2163,.T.);
#2161 = VERTEX_POINT('',#2162);
#2162 = CARTESIAN_POINT('',(25.186,-10.81,10.432));
#2163 = SURFACE_CURVE('',#2164,(#2168,#2175),.PCURVE_S1.);
#2164 = LINE('',#2165,#2166);
#2165 = CARTESIAN_POINT('',(26.197,-10.81,7.947));
#2166 = VECTOR('',#2167,1.);
#2167 = DIRECTION('',(-0.376846915591,0.,0.926275554147));
#2168 = PCURVE('',#72,#2169);
#2169 = DEFINITIONAL_REPRESENTATION('',(#2170),#2174);
#2170 = LINE('',#2171,#2172);
#2171 = CARTESIAN_POINT('',(-8.898658506443,24.703193640739));
#2172 = VECTOR('',#2173,1.);
#2173 = DIRECTION('',(-0.926275554147,-0.376846915591));
#2174 = ( GEOMETRIC_REPRESENTATION_CONTEXT(2) 
PARAMETRIC_REPRESENTATION_CONTEXT() REPRESENTATION_CONTEXT('2D SPACE',''
  ) );
#2175 = PCURVE('',#334,#2176);
#2176 = DEFINITIONAL_REPRESENTATION('',(#2177),#2181);
#2177 = LINE('',#2178,#2179);
#2178 = CARTESIAN_POINT('',(0.,-10.81));
#2179 = VECTOR('',#2180,1.);
#2180 = DIRECTION('',(1.,0.));
#2181 = ( GEOMETRIC_REPRESENTATION_CONTEXT(2) 
PARAMETRIC_REPRESENTATION_CONTEXT() REPRESENTATION_CONTEXT('2D SPACE',''
  ) );
#2182 = ORIENTED_EDGE('',*,*,#2183,.T.);
#2183 = EDGE_CURVE('',#2161,#2184,#2186,.T.);
#2184 = VERTEX_POINT('',#2185);
#2185 = CARTESIAN_POINT('',(24.001,-10.81,12.829));
#2186 = SURFACE_CURVE('',#2187,(#2191,#2198),.PCURVE_S1.);
#2187 = LINE('',#2188,#2189);
#2188 = CARTESIAN_POINT('',(25.186,-10.81,10.432));
#2189 = VECTOR('',#2190,1.);
#2190 = DIRECTION('',(-0.443170017785,0.,0.896437580279));
#2191 = PCURVE('',#72,#2192);
#2192 = DEFINITIONAL_REPRESENTATION('',(#2193),#2197);
#2193 = LINE('',#2194,#2195);
#2194 = CARTESIAN_POINT('',(-11.38365850644,23.692193640739));
#2195 = VECTOR('',#2196,1.);
#2196 = DIRECTION('',(-0.896437580279,-0.443170017785));
#2197 = ( GEOMETRIC_REPRESENTATION_CONTEXT(2) 
PARAMETRIC_REPRESENTATION_CONTEXT() REPRESENTATION_CONTEXT('2D SPACE',''
  ) );
#2198 = PCURVE('',#362,#2199);
#2199 = DEFINITIONAL_REPRESENTATION('',(#2200),#2204);
#2200 = LINE('',#2201,#2202);
#2201 = CARTESIAN_POINT('',(0.,-10.81));
#2202 = VECTOR('',#2203,1.);
#2203 = DIRECTION('',(1.,0.));
#2204 = ( GEOMETRIC_REPRESENTATION_CONTEXT(2) 
PARAMETRIC_REPRESENTATION_CONTEXT() REPRESENTATION_CONTEXT('2D SPACE',''
  ) );
#2205 = ORIENTED_EDGE('',*,*,#2206,.T.);
#2206 = EDGE_CURVE('',#2184,#2207,#2209,.T.);
#2207 = VERTEX_POINT('',#2208);
#2208 = CARTESIAN_POINT('',(22.614,-10.81,15.11));
#2209 = SURFACE_CURVE('',#2210,(#2214,#2221),.PCURVE_S1.);
#2210 = LINE('',#2211,#2212);
#2211 = CARTESIAN_POINT('',(24.001,-10.81,12.829));
#2212 = VECTOR('',#2213,1.);
#2213 = DIRECTION('',(-0.519554736326,0.,0.854437169113));
#2214 = PCURVE('',#72,#2215);
#2215 = DEFINITIONAL_REPRESENTATION('',(#2216),#2220);
#2216 = LINE('',#2217,#2218);
#2217 = CARTESIAN_POINT('',(-13.78065850644,22.507193640739));
#2218 = VECTOR('',#2219,1.);
#2219 = DIRECTION('',(-0.854437169113,-0.519554736326));
#2220 = ( GEOMETRIC_REPRESENTATION_CONTEXT(2) 
PARAMETRIC_REPRESENTATION_CONTEXT() REPRESENTATION_CONTEXT('2D SPACE',''
  ) );
#2221 = PCURVE('',#390,#2222);
#2222 = DEFINITIONAL_REPRESENTATION('',(#2223),#2227);
#2223 = LINE('',#2224,#2225);
#2224 = CARTESIAN_POINT('',(0.,-10.81));
#2225 = VECTOR('',#2226,1.);
#2226 = DIRECTION('',(1.,0.));
#2227 = ( GEOMETRIC_REPRESENTATION_CONTEXT(2) 
PARAMETRIC_REPRESENTATION_CONTEXT() REPRESENTATION_CONTEXT('2D SPACE',''
  ) );
#2228 = ORIENTED_EDGE('',*,*,#2229,.T.);
#2229 = EDGE_CURVE('',#2207,#2230,#2232,.T.);
#2230 = VERTEX_POINT('',#2231);
#2231 = CARTESIAN_POINT('',(21.02,-10.81,17.251));
#2232 = SURFACE_CURVE('',#2233,(#2237,#2244),.PCURVE_S1.);
#2233 = LINE('',#2234,#2235);
#2234 = CARTESIAN_POINT('',(22.614,-10.81,15.11));
#2235 = VECTOR('',#2236,1.);
#2236 = DIRECTION('',(-0.597178973347,0.,0.802108018781));
#2237 = PCURVE('',#72,#2238);
#2238 = DEFINITIONAL_REPRESENTATION('',(#2239),#2243);
#2239 = LINE('',#2240,#2241);
#2240 = CARTESIAN_POINT('',(-16.06165850644,21.120193640739));
#2241 = VECTOR('',#2242,1.);
#2242 = DIRECTION('',(-0.802108018781,-0.597178973347));
#2243 = ( GEOMETRIC_REPRESENTATION_CONTEXT(2) 
PARAMETRIC_REPRESENTATION_CONTEXT() REPRESENTATION_CONTEXT('2D SPACE',''
  ) );
#2244 = PCURVE('',#418,#2245);
#2245 = DEFINITIONAL_REPRESENTATION('',(#2246),#2250);
#2246 = LINE('',#2247,#2248);
#2247 = CARTESIAN_POINT('',(0.,-10.81));
#2248 = VECTOR('',#2249,1.);
#2249 = DIRECTION('',(1.,0.));
#2250 = ( GEOMETRIC_REPRESENTATION_CONTEXT(2) 
PARAMETRIC_REPRESENTATION_CONTEXT() REPRESENTATION_CONTEXT('2D SPACE',''
  ) );
#2251 = ORIENTED_EDGE('',*,*,#2252,.T.);
#2252 = EDGE_CURVE('',#2230,#2253,#2255,.T.);
#2253 = VERTEX_POINT('',#2254);
#2254 = CARTESIAN_POINT('',(19.227,-10.81,19.227));
#2255 = SURFACE_CURVE('',#2256,(#2260,#2267),.PCURVE_S1.);
#2256 = LINE('',#2257,#2258);
#2257 = CARTESIAN_POINT('',(21.02,-10.81,17.251));
#2258 = VECTOR('',#2259,1.);
#2259 = DIRECTION('',(-0.671982293849,0.,0.740567212853));
#2260 = PCURVE('',#72,#2261);
#2261 = DEFINITIONAL_REPRESENTATION('',(#2262),#2266);
#2262 = LINE('',#2263,#2264);
#2263 = CARTESIAN_POINT('',(-18.20265850644,19.526193640739));
#2264 = VECTOR('',#2265,1.);
#2265 = DIRECTION('',(-0.740567212853,-0.671982293849));
#2266 = ( GEOMETRIC_REPRESENTATION_CONTEXT(2) 
PARAMETRIC_REPRESENTATION_CONTEXT() REPRESENTATION_CONTEXT('2D SPACE',''
  ) );
#2267 = PCURVE('',#446,#2268);
#2268 = DEFINITIONAL_REPRESENTATION('',(#2269),#2273);
#2269 = LINE('',#2270,#2271);
#2270 = CARTESIAN_POINT('',(0.,-10.81));
#2271 = VECTOR('',#2272,1.);
#2272 = DIRECTION('',(1.,0.));
#2273 = ( GEOMETRIC_REPRESENTATION_CONTEXT(2) 
PARAMETRIC_REPRESENTATION_CONTEXT() REPRESENTATION_CONTEXT('2D SPACE',''
  ) );
#2274 = ORIENTED_EDGE('',*,*,#2275,.T.);
#2275 = EDGE_CURVE('',#2253,#2276,#2278,.T.);
#2276 = VERTEX_POINT('',#2277);
#2277 = CARTESIAN_POINT('',(17.249,-10.81,21.018));
#2278 = SURFACE_CURVE('',#2279,(#2283,#2290),.PCURVE_S1.);
#2279 = LINE('',#2280,#2281);
#2280 = CARTESIAN_POINT('',(19.227,-10.81,19.227));
#2281 = VECTOR('',#2282,1.);
#2282 = DIRECTION('',(-0.741278251217,0.,0.671197850319));
#2283 = PCURVE('',#72,#2284);
#2284 = DEFINITIONAL_REPRESENTATION('',(#2285),#2289);
#2285 = LINE('',#2286,#2287);
#2286 = CARTESIAN_POINT('',(-20.17865850644,17.733193640739));
#2287 = VECTOR('',#2288,1.);
#2288 = DIRECTION('',(-0.671197850319,-0.741278251217));
#2289 = ( GEOMETRIC_REPRESENTATION_CONTEXT(2) 
PARAMETRIC_REPRESENTATION_CONTEXT() REPRESENTATION_CONTEXT('2D SPACE',''
  ) );
#2290 = PCURVE('',#474,#2291);
#2291 = DEFINITIONAL_REPRESENTATION('',(#2292),#2296);
#2292 = LINE('',#2293,#2294);
#2293 = CARTESIAN_POINT('',(0.,-10.81));
#2294 = VECTOR('',#2295,1.);
#2295 = DIRECTION('',(1.,0.));
#2296 = ( GEOMETRIC_REPRESENTATION_CONTEXT(2) 
PARAMETRIC_REPRESENTATION_CONTEXT() REPRESENTATION_CONTEXT('2D SPACE',''
  ) );
#2297 = ORIENTED_EDGE('',*,*,#2298,.T.);
#2298 = EDGE_CURVE('',#2276,#2299,#2301,.T.);
#2299 = VERTEX_POINT('',#2300);
#2300 = CARTESIAN_POINT('',(15.106,-10.81,22.608));
#2301 = SURFACE_CURVE('',#2302,(#2306,#2313),.PCURVE_S1.);
#2302 = LINE('',#2303,#2304);
#2303 = CARTESIAN_POINT('',(17.249,-10.81,21.018));
#2304 = VECTOR('',#2305,1.);
#2305 = DIRECTION('',(-0.803092243443,0.,0.595854720987));
#2306 = PCURVE('',#72,#2307);
#2307 = DEFINITIONAL_REPRESENTATION('',(#2308),#2312);
#2308 = LINE('',#2309,#2310);
#2309 = CARTESIAN_POINT('',(-21.96965850644,15.755193640739));
#2310 = VECTOR('',#2311,1.);
#2311 = DIRECTION('',(-0.595854720987,-0.803092243443));
#2312 = ( GEOMETRIC_REPRESENTATION_CONTEXT(2) 
PARAMETRIC_REPRESENTATION_CONTEXT() REPRESENTATION_CONTEXT('2D SPACE',''
  ) );
#2313 = PCURVE('',#502,#2314);
#2314 = DEFINITIONAL_REPRESENTATION('',(#2315),#2319);
#2315 = LINE('',#2316,#2317);
#2316 = CARTESIAN_POINT('',(0.,-10.81));
#2317 = VECTOR('',#2318,1.);
#2318 = DIRECTION('',(1.,0.));
#2319 = ( GEOMETRIC_REPRESENTATION_CONTEXT(2) 
PARAMETRIC_REPRESENTATION_CONTEXT() REPRESENTATION_CONTEXT('2D SPACE',''
  ) );
#2320 = ORIENTED_EDGE('',*,*,#2321,.T.);
#2321 = EDGE_CURVE('',#2299,#2322,#2324,.T.);
#2322 = VERTEX_POINT('',#2323);
#2323 = CARTESIAN_POINT('',(12.817,-10.81,23.979));
#2324 = SURFACE_CURVE('',#2325,(#2329,#2336),.PCURVE_S1.);
#2325 = LINE('',#2326,#2327);
#2326 = CARTESIAN_POINT('',(15.106,-10.81,22.608));
#2327 = VECTOR('',#2328,1.);
#2328 = DIRECTION('',(-0.857889504893,0.,0.513834211974));
#2329 = PCURVE('',#72,#2330);
#2330 = DEFINITIONAL_REPRESENTATION('',(#2331),#2335);
#2331 = LINE('',#2332,#2333);
#2332 = CARTESIAN_POINT('',(-23.55965850644,13.612193640739));
#2333 = VECTOR('',#2334,1.);
#2334 = DIRECTION('',(-0.513834211974,-0.857889504893));
#2335 = ( GEOMETRIC_REPRESENTATION_CONTEXT(2) 
PARAMETRIC_REPRESENTATION_CONTEXT() REPRESENTATION_CONTEXT('2D SPACE',''
  ) );
#2336 = PCURVE('',#530,#2337);
#2337 = DEFINITIONAL_REPRESENTATION('',(#2338),#2342);
#2338 = LINE('',#2339,#2340);
#2339 = CARTESIAN_POINT('',(0.,-10.81));
#2340 = VECTOR('',#2341,1.);
#2341 = DIRECTION('',(1.,0.));
#2342 = ( GEOMETRIC_REPRESENTATION_CONTEXT(2) 
PARAMETRIC_REPRESENTATION_CONTEXT() REPRESENTATION_CONTEXT('2D SPACE',''
  ) );
#2343 = ORIENTED_EDGE('',*,*,#2344,.T.);
#2344 = EDGE_CURVE('',#2322,#2345,#2347,.T.);
#2345 = VERTEX_POINT('',#2346);
#2346 = CARTESIAN_POINT('',(10.405,-10.81,25.12));
#2347 = SURFACE_CURVE('',#2348,(#2352,#2359),.PCURVE_S1.);
#2348 = LINE('',#2349,#2350);
#2349 = CARTESIAN_POINT('',(12.817,-10.81,23.979));
#2350 = VECTOR('',#2351,1.);
#2351 = DIRECTION('',(-0.903959022343,0.,0.427619089757));
#2352 = PCURVE('',#72,#2353);
#2353 = DEFINITIONAL_REPRESENTATION('',(#2354),#2358);
#2354 = LINE('',#2355,#2356);
#2355 = CARTESIAN_POINT('',(-24.93065850644,11.323193640739));
#2356 = VECTOR('',#2357,1.);
#2357 = DIRECTION('',(-0.427619089757,-0.903959022343));
#2358 = ( GEOMETRIC_REPRESENTATION_CONTEXT(2) 
PARAMETRIC_REPRESENTATION_CONTEXT() REPRESENTATION_CONTEXT('2D SPACE',''
  ) );
#2359 = PCURVE('',#558,#2360);
#2360 = DEFINITIONAL_REPRESENTATION('',(#2361),#2365);
#2361 = LINE('',#2362,#2363);
#2362 = CARTESIAN_POINT('',(0.,-10.81));
#2363 = VECTOR('',#2364,1.);
#2364 = DIRECTION('',(1.,0.));
#2365 = ( GEOMETRIC_REPRESENTATION_CONTEXT(2) 
PARAMETRIC_REPRESENTATION_CONTEXT() REPRESENTATION_CONTEXT('2D SPACE',''
  ) );
#2366 = ORIENTED_EDGE('',*,*,#2367,.T.);
#2367 = EDGE_CURVE('',#2345,#2368,#2370,.T.);
#2368 = VERTEX_POINT('',#2369);
#2369 = CARTESIAN_POINT('',(7.893,-10.81,26.02));
#2370 = SURFACE_CURVE('',#2371,(#2375,#2382),.PCURVE_S1.);
#2371 = LINE('',#2372,#2373);
#2372 = CARTESIAN_POINT('',(10.405,-10.81,25.12));
#2373 = VECTOR('',#2374,1.);
#2374 = DIRECTION('',(-0.941402281629,0.,0.33728584931));
#2375 = PCURVE('',#72,#2376);
#2376 = DEFINITIONAL_REPRESENTATION('',(#2377),#2381);
#2377 = LINE('',#2378,#2379);
#2378 = CARTESIAN_POINT('',(-26.07165850644,8.911193640739));
#2379 = VECTOR('',#2380,1.);
#2380 = DIRECTION('',(-0.33728584931,-0.941402281629));
#2381 = ( GEOMETRIC_REPRESENTATION_CONTEXT(2) 
PARAMETRIC_REPRESENTATION_CONTEXT() REPRESENTATION_CONTEXT('2D SPACE',''
  ) );
#2382 = PCURVE('',#586,#2383);
#2383 = DEFINITIONAL_REPRESENTATION('',(#2384),#2388);
#2384 = LINE('',#2385,#2386);
#2385 = CARTESIAN_POINT('',(0.,-10.81));
#2386 = VECTOR('',#2387,1.);
#2387 = DIRECTION('',(1.,0.));
#2388 = ( GEOMETRIC_REPRESENTATION_CONTEXT(2) 
PARAMETRIC_REPRESENTATION_CONTEXT() REPRESENTATION_CONTEXT('2D SPACE',''
  ) );
#2389 = ORIENTED_EDGE('',*,*,#2390,.T.);
#2390 = EDGE_CURVE('',#2368,#2391,#2393,.T.);
#2391 = VERTEX_POINT('',#2392);
#2392 = CARTESIAN_POINT('',(5.305,-10.81,26.67));
#2393 = SURFACE_CURVE('',#2394,(#2398,#2405),.PCURVE_S1.);
#2394 = LINE('',#2395,#2396);
#2395 = CARTESIAN_POINT('',(7.893,-10.81,26.02));
#2396 = VECTOR('',#2397,1.);
#2397 = DIRECTION('',(-0.969877387017,0.,0.243593625024));
#2398 = PCURVE('',#72,#2399);
#2399 = DEFINITIONAL_REPRESENTATION('',(#2400),#2404);
#2400 = LINE('',#2401,#2402);
#2401 = CARTESIAN_POINT('',(-26.97165850644,6.399193640739));
#2402 = VECTOR('',#2403,1.);
#2403 = DIRECTION('',(-0.243593625024,-0.969877387017));
#2404 = ( GEOMETRIC_REPRESENTATION_CONTEXT(2) 
PARAMETRIC_REPRESENTATION_CONTEXT() REPRESENTATION_CONTEXT('2D SPACE',''
  ) );
#2405 = PCURVE('',#614,#2406);
#2406 = DEFINITIONAL_REPRESENTATION('',(#2407),#2411);
#2407 = LINE('',#2408,#2409);
#2408 = CARTESIAN_POINT('',(0.,-10.81));
#2409 = VECTOR('',#2410,1.);
#2410 = DIRECTION('',(1.,0.));
#2411 = ( GEOMETRIC_REPRESENTATION_CONTEXT(2) 
PARAMETRIC_REPRESENTATION_CONTEXT() REPRESENTATION_CONTEXT('2D SPACE',''
  ) );
#2412 = ORIENTED_EDGE('',*,*,#2413,.T.);
#2413 = EDGE_CURVE('',#2391,#2414,#2416,.T.);
#2414 = VERTEX_POINT('',#2415);
#2415 = CARTESIAN_POINT('',(2.666,-10.81,27.066));
#2416 = SURFACE_CURVE('',#2417,(#2421,#2428),.PCURVE_S1.);
#2417 = LINE('',#2418,#2419);
#2418 = CARTESIAN_POINT('',(5.305,-10.81,26.67));
#2419 = VECTOR('',#2420,1.);
#2420 = DIRECTION('',(-0.988928105318,0.,0.148395426186));
#2421 = PCURVE('',#72,#2422);
#2422 = DEFINITIONAL_REPRESENTATION('',(#2423),#2427);
#2423 = LINE('',#2424,#2425);
#2424 = CARTESIAN_POINT('',(-27.62165850644,3.811193640739));
#2425 = VECTOR('',#2426,1.);
#2426 = DIRECTION('',(-0.148395426186,-0.988928105318));
#2427 = ( GEOMETRIC_REPRESENTATION_CONTEXT(2) 
PARAMETRIC_REPRESENTATION_CONTEXT() REPRESENTATION_CONTEXT('2D SPACE',''
  ) );
#2428 = PCURVE('',#642,#2429);
#2429 = DEFINITIONAL_REPRESENTATION('',(#2430),#2434);
#2430 = LINE('',#2431,#2432);
#2431 = CARTESIAN_POINT('',(0.,-10.81));
#2432 = VECTOR('',#2433,1.);
#2433 = DIRECTION('',(1.,0.));
#2434 = ( GEOMETRIC_REPRESENTATION_CONTEXT(2) 
PARAMETRIC_REPRESENTATION_CONTEXT() REPRESENTATION_CONTEXT('2D SPACE',''
  ) );
#2435 = ORIENTED_EDGE('',*,*,#2436,.T.);
#2436 = EDGE_CURVE('',#2414,#2437,#2439,.T.);
#2437 = VERTEX_POINT('',#2438);
#2438 = CARTESIAN_POINT('',(0.,-10.81,27.212));
#2439 = SURFACE_CURVE('',#2440,(#2444,#2451),.PCURVE_S1.);
#2440 = LINE('',#2441,#2442);
#2441 = CARTESIAN_POINT('',(2.666,-10.81,27.066));
#2442 = VECTOR('',#2443,1.);
#2443 = DIRECTION('',(-0.99850383356,0.,5.468175532625E-02));
#2444 = PCURVE('',#72,#2445);
#2445 = DEFINITIONAL_REPRESENTATION('',(#2446),#2450);
#2446 = LINE('',#2447,#2448);
#2447 = CARTESIAN_POINT('',(-28.01765850644,1.172193640739));
#2448 = VECTOR('',#2449,1.);
#2449 = DIRECTION('',(-5.468175532625E-02,-0.99850383356));
#2450 = ( GEOMETRIC_REPRESENTATION_CONTEXT(2) 
PARAMETRIC_REPRESENTATION_CONTEXT() REPRESENTATION_CONTEXT('2D SPACE',''
  ) );
#2451 = PCURVE('',#670,#2452);
#2452 = DEFINITIONAL_REPRESENTATION('',(#2453),#2457);
#2453 = LINE('',#2454,#2455);
#2454 = CARTESIAN_POINT('',(0.,-10.81));
#2455 = VECTOR('',#2456,1.);
#2456 = DIRECTION('',(1.,0.));
#2457 = ( GEOMETRIC_REPRESENTATION_CONTEXT(2) 
PARAMETRIC_REPRESENTATION_CONTEXT() REPRESENTATION_CONTEXT('2D SPACE',''
  ) );
#2458 = ORIENTED_EDGE('',*,*,#2459,.T.);
#2459 = EDGE_CURVE('',#2437,#2460,#2462,.T.);
#2460 = VERTEX_POINT('',#2461);
#2461 = CARTESIAN_POINT('',(-2.671,-10.81,27.119));
#2462 = SURFACE_CURVE('',#2463,(#2467,#2474),.PCURVE_S1.);
#2463 = LINE('',#2464,#2465);
#2464 = CARTESIAN_POINT('',(0.,-10.81,27.212));
#2465 = VECTOR('',#2466,1.);
#2466 = DIRECTION('',(-0.999394389403,0.,-3.479733366322E-02));
#2467 = PCURVE('',#72,#2468);
#2468 = DEFINITIONAL_REPRESENTATION('',(#2469),#2473);
#2469 = LINE('',#2470,#2471);
#2470 = CARTESIAN_POINT('',(-28.16365850644,-1.493806359261));
#2471 = VECTOR('',#2472,1.);
#2472 = DIRECTION('',(3.479733366322E-02,-0.999394389403));
#2473 = ( GEOMETRIC_REPRESENTATION_CONTEXT(2) 
PARAMETRIC_REPRESENTATION_CONTEXT() REPRESENTATION_CONTEXT('2D SPACE',''
  ) );
#2474 = PCURVE('',#698,#2475);
#2475 = DEFINITIONAL_REPRESENTATION('',(#2476),#2480);
#2476 = LINE('',#2477,#2478);
#2477 = CARTESIAN_POINT('',(-0.,-10.81));
#2478 = VECTOR('',#2479,1.);
#2479 = DIRECTION('',(1.,0.));
#2480 = ( GEOMETRIC_REPRESENTATION_CONTEXT(2) 
PARAMETRIC_REPRESENTATION_CONTEXT() REPRESENTATION_CONTEXT('2D SPACE',''
  ) );
#2481 = ORIENTED_EDGE('',*,*,#2482,.T.);
#2482 = EDGE_CURVE('',#2460,#2483,#2485,.T.);
#2483 = VERTEX_POINT('',#2484);
#2484 = CARTESIAN_POINT('',(-5.333,-10.81,26.813));
#2485 = SURFACE_CURVE('',#2486,(#2490,#2497),.PCURVE_S1.);
#2486 = LINE('',#2487,#2488);
#2487 = CARTESIAN_POINT('',(-2.671,-10.81,27.119));
#2488 = VECTOR('',#2489,1.);
#2489 = DIRECTION('',(-0.993457878529,0.,-0.114199140056));
#2490 = PCURVE('',#72,#2491);
#2491 = DEFINITIONAL_REPRESENTATION('',(#2492),#2496);
#2492 = LINE('',#2493,#2494);
#2493 = CARTESIAN_POINT('',(-28.07065850644,-4.164806359261));
#2494 = VECTOR('',#2495,1.);
#2495 = DIRECTION('',(0.114199140056,-0.993457878529));
#2496 = ( GEOMETRIC_REPRESENTATION_CONTEXT(2) 
PARAMETRIC_REPRESENTATION_CONTEXT() REPRESENTATION_CONTEXT('2D SPACE',''
  ) );
#2497 = PCURVE('',#726,#2498);
#2498 = DEFINITIONAL_REPRESENTATION('',(#2499),#2503);
#2499 = LINE('',#2500,#2501);
#2500 = CARTESIAN_POINT('',(-0.,-10.81));
#2501 = VECTOR('',#2502,1.);
#2502 = DIRECTION('',(1.,0.));
#2503 = ( GEOMETRIC_REPRESENTATION_CONTEXT(2) 
PARAMETRIC_REPRESENTATION_CONTEXT() REPRESENTATION_CONTEXT('2D SPACE',''
  ) );
#2504 = ORIENTED_EDGE('',*,*,#2505,.T.);
#2505 = EDGE_CURVE('',#2483,#2506,#2508,.T.);
#2506 = VERTEX_POINT('',#2507);
#2507 = CARTESIAN_POINT('',(-7.988,-10.81,26.334));
#2508 = SURFACE_CURVE('',#2509,(#2513,#2520),.PCURVE_S1.);
#2509 = LINE('',#2510,#2511);
#2510 = CARTESIAN_POINT('',(-5.333,-10.81,26.813));
#2511 = VECTOR('',#2512,1.);
#2512 = DIRECTION('',(-0.984112156575,0.,-0.177547918267));
#2513 = PCURVE('',#72,#2514);
#2514 = DEFINITIONAL_REPRESENTATION('',(#2515),#2519);
#2515 = LINE('',#2516,#2517);
#2516 = CARTESIAN_POINT('',(-27.76465850644,-6.826806359261));
#2517 = VECTOR('',#2518,1.);
#2518 = DIRECTION('',(0.177547918267,-0.984112156575));
#2519 = ( GEOMETRIC_REPRESENTATION_CONTEXT(2) 
PARAMETRIC_REPRESENTATION_CONTEXT() REPRESENTATION_CONTEXT('2D SPACE',''
  ) );
#2520 = PCURVE('',#754,#2521);
#2521 = DEFINITIONAL_REPRESENTATION('',(#2522),#2526);
#2522 = LINE('',#2523,#2524);
#2523 = CARTESIAN_POINT('',(-0.,-10.81));
#2524 = VECTOR('',#2525,1.);
#2525 = DIRECTION('',(1.,0.));
#2526 = ( GEOMETRIC_REPRESENTATION_CONTEXT(2) 
PARAMETRIC_REPRESENTATION_CONTEXT() REPRESENTATION_CONTEXT('2D SPACE',''
  ) );
#2527 = ORIENTED_EDGE('',*,*,#2528,.T.);
#2528 = EDGE_CURVE('',#2506,#2529,#2531,.T.);
#2529 = VERTEX_POINT('',#2530);
#2530 = CARTESIAN_POINT('',(-10.657,-10.81,25.729));
#2531 = SURFACE_CURVE('',#2532,(#2536,#2543),.PCURVE_S1.);
#2532 = LINE('',#2533,#2534);
#2533 = CARTESIAN_POINT('',(-7.988,-10.81,26.334));
#2534 = VECTOR('',#2535,1.);
#2535 = DIRECTION('',(-0.97525832854,0.,-0.221068298526));
#2536 = PCURVE('',#72,#2537);
#2537 = DEFINITIONAL_REPRESENTATION('',(#2538),#2542);
#2538 = LINE('',#2539,#2540);
#2539 = CARTESIAN_POINT('',(-27.28565850644,-9.481806359261));
#2540 = VECTOR('',#2541,1.);
#2541 = DIRECTION('',(0.221068298526,-0.97525832854));
#2542 = ( GEOMETRIC_REPRESENTATION_CONTEXT(2) 
PARAMETRIC_REPRESENTATION_CONTEXT() REPRESENTATION_CONTEXT('2D SPACE',''
  ) );
#2543 = PCURVE('',#782,#2544);
#2544 = DEFINITIONAL_REPRESENTATION('',(#2545),#2549);
#2545 = LINE('',#2546,#2547);
#2546 = CARTESIAN_POINT('',(-0.,-10.81));
#2547 = VECTOR('',#2548,1.);
#2548 = DIRECTION('',(1.,0.));
#2549 = ( GEOMETRIC_REPRESENTATION_CONTEXT(2) 
PARAMETRIC_REPRESENTATION_CONTEXT() REPRESENTATION_CONTEXT('2D SPACE',''
  ) );
#2550 = ORIENTED_EDGE('',*,*,#2551,.T.);
#2551 = EDGE_CURVE('',#2529,#2552,#2554,.T.);
#2552 = VERTEX_POINT('',#2553);
#2553 = CARTESIAN_POINT('',(-13.378,-10.81,25.029));
#2554 = SURFACE_CURVE('',#2555,(#2559,#2566),.PCURVE_S1.);
#2555 = LINE('',#2556,#2557);
#2556 = CARTESIAN_POINT('',(-10.657,-10.81,25.729));
#2557 = VECTOR('',#2558,1.);
#2558 = DIRECTION('',(-0.968465946548,0.,-0.249145961993));
#2559 = PCURVE('',#72,#2560);
#2560 = DEFINITIONAL_REPRESENTATION('',(#2561),#2565);
#2561 = LINE('',#2562,#2563);
#2562 = CARTESIAN_POINT('',(-26.68065850644,-12.15080635926));
#2563 = VECTOR('',#2564,1.);
#2564 = DIRECTION('',(0.249145961993,-0.968465946548));
#2565 = ( GEOMETRIC_REPRESENTATION_CONTEXT(2) 
PARAMETRIC_REPRESENTATION_CONTEXT() REPRESENTATION_CONTEXT('2D SPACE',''
  ) );
#2566 = PCURVE('',#810,#2567);
#2567 = DEFINITIONAL_REPRESENTATION('',(#2568),#2572);
#2568 = LINE('',#2569,#2570);
#2569 = CARTESIAN_POINT('',(-0.,-10.81));
#2570 = VECTOR('',#2571,1.);
#2571 = DIRECTION('',(1.,0.));
#2572 = ( GEOMETRIC_REPRESENTATION_CONTEXT(2) 
PARAMETRIC_REPRESENTATION_CONTEXT() REPRESENTATION_CONTEXT('2D SPACE',''
  ) );
#2573 = ORIENTED_EDGE('',*,*,#2574,.T.);
#2574 = EDGE_CURVE('',#2552,#2575,#2577,.T.);
#2575 = VERTEX_POINT('',#2576);
#2576 = CARTESIAN_POINT('',(-16.183,-10.81,24.22));
#2577 = SURFACE_CURVE('',#2578,(#2582,#2589),.PCURVE_S1.);
#2578 = LINE('',#2579,#2580);
#2579 = CARTESIAN_POINT('',(-13.378,-10.81,25.029));
#2580 = VECTOR('',#2581,1.);
#2581 = DIRECTION('',(-0.960835869896,0.,-0.277118081549));
#2582 = PCURVE('',#72,#2583);
#2583 = DEFINITIONAL_REPRESENTATION('',(#2584),#2588);
#2584 = LINE('',#2585,#2586);
#2585 = CARTESIAN_POINT('',(-25.98065850644,-14.87180635926));
#2586 = VECTOR('',#2587,1.);
#2587 = DIRECTION('',(0.277118081549,-0.960835869896));
#2588 = ( GEOMETRIC_REPRESENTATION_CONTEXT(2) 
PARAMETRIC_REPRESENTATION_CONTEXT() REPRESENTATION_CONTEXT('2D SPACE',''
  ) );
#2589 = PCURVE('',#838,#2590);
#2590 = DEFINITIONAL_REPRESENTATION('',(#2591),#2595);
#2591 = LINE('',#2592,#2593);
#2592 = CARTESIAN_POINT('',(-0.,-10.81));
#2593 = VECTOR('',#2594,1.);
#2594 = DIRECTION('',(1.,0.));
#2595 = ( GEOMETRIC_REPRESENTATION_CONTEXT(2) 
PARAMETRIC_REPRESENTATION_CONTEXT() REPRESENTATION_CONTEXT('2D SPACE',''
  ) );
#2596 = ORIENTED_EDGE('',*,*,#2597,.T.);
#2597 = EDGE_CURVE('',#2575,#2598,#2600,.T.);
#2598 = VERTEX_POINT('',#2599);
#2599 = CARTESIAN_POINT('',(-19.056,-10.81,23.22));
#2600 = SURFACE_CURVE('',#2601,(#2605,#2612),.PCURVE_S1.);
#2601 = LINE('',#2602,#2603);
#2602 = CARTESIAN_POINT('',(-16.183,-10.81,24.22));
#2603 = VECTOR('',#2604,1.);
#2604 = DIRECTION('',(-0.944425818941,0.,-0.328724615016));
#2605 = PCURVE('',#72,#2606);
#2606 = DEFINITIONAL_REPRESENTATION('',(#2607),#2611);
#2607 = LINE('',#2608,#2609);
#2608 = CARTESIAN_POINT('',(-25.17165850644,-17.67680635926));
#2609 = VECTOR('',#2610,1.);
#2610 = DIRECTION('',(0.328724615016,-0.944425818941));
#2611 = ( GEOMETRIC_REPRESENTATION_CONTEXT(2) 
PARAMETRIC_REPRESENTATION_CONTEXT() REPRESENTATION_CONTEXT('2D SPACE',''
  ) );
#2612 = PCURVE('',#866,#2613);
#2613 = DEFINITIONAL_REPRESENTATION('',(#2614),#2618);
#2614 = LINE('',#2615,#2616);
#2615 = CARTESIAN_POINT('',(-0.,-10.81));
#2616 = VECTOR('',#2617,1.);
#2617 = DIRECTION('',(1.,0.));
#2618 = ( GEOMETRIC_REPRESENTATION_CONTEXT(2) 
PARAMETRIC_REPRESENTATION_CONTEXT() REPRESENTATION_CONTEXT('2D SPACE',''
  ) );
#2619 = ORIENTED_EDGE('',*,*,#2620,.T.);
#2620 = EDGE_CURVE('',#2598,#2621,#2623,.T.);
#2621 = VERTEX_POINT('',#2622);
#2622 = CARTESIAN_POINT('',(-21.894,-10.81,21.894));
#2623 = SURFACE_CURVE('',#2624,(#2628,#2635),.PCURVE_S1.);
#2624 = LINE('',#2625,#2626);
#2625 = CARTESIAN_POINT('',(-19.056,-10.81,23.22));
#2626 = VECTOR('',#2627,1.);
#2627 = DIRECTION('',(-0.905987307949,0.,-0.423304852128));
#2628 = PCURVE('',#72,#2629);
#2629 = DEFINITIONAL_REPRESENTATION('',(#2630),#2634);
#2630 = LINE('',#2631,#2632);
#2631 = CARTESIAN_POINT('',(-24.17165850644,-20.54980635926));
#2632 = VECTOR('',#2633,1.);
#2633 = DIRECTION('',(0.423304852128,-0.905987307949));
#2634 = ( GEOMETRIC_REPRESENTATION_CONTEXT(2) 
PARAMETRIC_REPRESENTATION_CONTEXT() REPRESENTATION_CONTEXT('2D SPACE',''
  ) );
#2635 = PCURVE('',#894,#2636);
#2636 = DEFINITIONAL_REPRESENTATION('',(#2637),#2641);
#2637 = LINE('',#2638,#2639);
#2638 = CARTESIAN_POINT('',(-0.,-10.81));
#2639 = VECTOR('',#2640,1.);
#2640 = DIRECTION('',(1.,0.));
#2641 = ( GEOMETRIC_REPRESENTATION_CONTEXT(2) 
PARAMETRIC_REPRESENTATION_CONTEXT() REPRESENTATION_CONTEXT('2D SPACE',''
  ) );
#2642 = ORIENTED_EDGE('',*,*,#2643,.T.);
#2643 = EDGE_CURVE('',#2621,#2644,#2646,.T.);
#2644 = VERTEX_POINT('',#2645);
#2645 = CARTESIAN_POINT('',(-24.503,-10.81,20.109));
#2646 = SURFACE_CURVE('',#2647,(#2651,#2658),.PCURVE_S1.);
#2647 = LINE('',#2648,#2649);
#2648 = CARTESIAN_POINT('',(-21.894,-10.81,21.894));
#2649 = VECTOR('',#2650,1.);
#2650 = DIRECTION('',(-0.825322779349,0.,-0.564661234625));
#2651 = PCURVE('',#72,#2652);
#2652 = DEFINITIONAL_REPRESENTATION('',(#2653),#2657);
#2653 = LINE('',#2654,#2655);
#2654 = CARTESIAN_POINT('',(-22.84565850644,-23.38780635926));
#2655 = VECTOR('',#2656,1.);
#2656 = DIRECTION('',(0.564661234625,-0.825322779349));
#2657 = ( GEOMETRIC_REPRESENTATION_CONTEXT(2) 
PARAMETRIC_REPRESENTATION_CONTEXT() REPRESENTATION_CONTEXT('2D SPACE',''
  ) );
#2658 = PCURVE('',#922,#2659);
#2659 = DEFINITIONAL_REPRESENTATION('',(#2660),#2664);
#2660 = LINE('',#2661,#2662);
#2661 = CARTESIAN_POINT('',(-0.,-10.81));
#2662 = VECTOR('',#2663,1.);
#2663 = DIRECTION('',(1.,0.));
#2664 = ( GEOMETRIC_REPRESENTATION_CONTEXT(2) 
PARAMETRIC_REPRESENTATION_CONTEXT() REPRESENTATION_CONTEXT('2D SPACE',''
  ) );
#2665 = ORIENTED_EDGE('',*,*,#2666,.T.);
#2666 = EDGE_CURVE('',#2644,#2667,#2669,.T.);
#2667 = VERTEX_POINT('',#2668);
#2668 = CARTESIAN_POINT('',(-26.647,-10.81,17.805));
#2669 = SURFACE_CURVE('',#2670,(#2674,#2681),.PCURVE_S1.);
#2670 = LINE('',#2671,#2672);
#2671 = CARTESIAN_POINT('',(-24.503,-10.81,20.109));
#2672 = VECTOR('',#2673,1.);
#2673 = DIRECTION('',(-0.6812306959,0.,-0.732068807534));
#2674 = PCURVE('',#72,#2675);
#2675 = DEFINITIONAL_REPRESENTATION('',(#2676),#2680);
#2676 = LINE('',#2677,#2678);
#2677 = CARTESIAN_POINT('',(-21.06065850644,-25.99680635926));
#2678 = VECTOR('',#2679,1.);
#2679 = DIRECTION('',(0.732068807534,-0.6812306959));
#2680 = ( GEOMETRIC_REPRESENTATION_CONTEXT(2) 
PARAMETRIC_REPRESENTATION_CONTEXT() REPRESENTATION_CONTEXT('2D SPACE',''
  ) );
#2681 = PCURVE('',#950,#2682);
#2682 = DEFINITIONAL_REPRESENTATION('',(#2683),#2687);
#2683 = LINE('',#2684,#2685);
#2684 = CARTESIAN_POINT('',(-0.,-10.81));
#2685 = VECTOR('',#2686,1.);
#2686 = DIRECTION('',(1.,0.));
#2687 = ( GEOMETRIC_REPRESENTATION_CONTEXT(2) 
PARAMETRIC_REPRESENTATION_CONTEXT() REPRESENTATION_CONTEXT('2D SPACE',''
  ) );
#2688 = ORIENTED_EDGE('',*,*,#2689,.T.);
#2689 = EDGE_CURVE('',#2667,#2690,#2692,.T.);
#2690 = VERTEX_POINT('',#2691);
#2691 = CARTESIAN_POINT('',(-28.142,-10.81,15.042));
#2692 = SURFACE_CURVE('',#2693,(#2697,#2704),.PCURVE_S1.);
#2693 = LINE('',#2694,#2695);
#2694 = CARTESIAN_POINT('',(-26.647,-10.81,17.805));
#2695 = VECTOR('',#2696,1.);
#2696 = DIRECTION('',(-0.475883174112,0.,-0.87950850172));
#2697 = PCURVE('',#72,#2698);
#2698 = DEFINITIONAL_REPRESENTATION('',(#2699),#2703);
#2699 = LINE('',#2700,#2701);
#2700 = CARTESIAN_POINT('',(-18.75665850644,-28.14080635926));
#2701 = VECTOR('',#2702,1.);
#2702 = DIRECTION('',(0.87950850172,-0.475883174112));
#2703 = ( GEOMETRIC_REPRESENTATION_CONTEXT(2) 
PARAMETRIC_REPRESENTATION_CONTEXT() REPRESENTATION_CONTEXT('2D SPACE',''
  ) );
#2704 = PCURVE('',#978,#2705);
#2705 = DEFINITIONAL_REPRESENTATION('',(#2706),#2710);
#2706 = LINE('',#2707,#2708);
#2707 = CARTESIAN_POINT('',(-0.,-10.81));
#2708 = VECTOR('',#2709,1.);
#2709 = DIRECTION('',(1.,0.));
#2710 = ( GEOMETRIC_REPRESENTATION_CONTEXT(2) 
PARAMETRIC_REPRESENTATION_CONTEXT() REPRESENTATION_CONTEXT('2D SPACE',''
  ) );
#2711 = ORIENTED_EDGE('',*,*,#2712,.T.);
#2712 = EDGE_CURVE('',#2690,#2713,#2715,.T.);
#2713 = VERTEX_POINT('',#2714);
#2714 = CARTESIAN_POINT('',(-28.942,-10.81,11.988));
#2715 = SURFACE_CURVE('',#2716,(#2720,#2727),.PCURVE_S1.);
#2716 = LINE('',#2717,#2718);
#2717 = CARTESIAN_POINT('',(-28.142,-10.81,15.042));
#2718 = VECTOR('',#2719,1.);
#2719 = DIRECTION('',(-0.253401737243,0.,-0.967361131926));
#2720 = PCURVE('',#72,#2721);
#2721 = DEFINITIONAL_REPRESENTATION('',(#2722),#2726);
#2722 = LINE('',#2723,#2724);
#2723 = CARTESIAN_POINT('',(-15.99365850644,-29.63580635926));
#2724 = VECTOR('',#2725,1.);
#2725 = DIRECTION('',(0.967361131926,-0.253401737243));
#2726 = ( GEOMETRIC_REPRESENTATION_CONTEXT(2) 
PARAMETRIC_REPRESENTATION_CONTEXT() REPRESENTATION_CONTEXT('2D SPACE',''
  ) );
#2727 = PCURVE('',#1006,#2728);
#2728 = DEFINITIONAL_REPRESENTATION('',(#2729),#2733);
#2729 = LINE('',#2730,#2731);
#2730 = CARTESIAN_POINT('',(-0.,-10.81));
#2731 = VECTOR('',#2732,1.);
#2732 = DIRECTION('',(1.,0.));
#2733 = ( GEOMETRIC_REPRESENTATION_CONTEXT(2) 
PARAMETRIC_REPRESENTATION_CONTEXT() REPRESENTATION_CONTEXT('2D SPACE',''
  ) );
#2734 = ORIENTED_EDGE('',*,*,#2735,.T.);
#2735 = EDGE_CURVE('',#2713,#2736,#2738,.T.);
#2736 = VERTEX_POINT('',#2737);
#2737 = CARTESIAN_POINT('',(-29.147,-10.81,8.842));
#2738 = SURFACE_CURVE('',#2739,(#2743,#2750),.PCURVE_S1.);
#2739 = LINE('',#2740,#2741);
#2740 = CARTESIAN_POINT('',(-28.942,-10.81,11.988));
#2741 = VECTOR('',#2742,1.);
#2742 = DIRECTION('',(-6.502420718503E-02,0.,-0.997883686849));
#2743 = PCURVE('',#72,#2744);
#2744 = DEFINITIONAL_REPRESENTATION('',(#2745),#2749);
#2745 = LINE('',#2746,#2747);
#2746 = CARTESIAN_POINT('',(-12.93965850644,-30.43580635926));
#2747 = VECTOR('',#2748,1.);
#2748 = DIRECTION('',(0.997883686849,-6.502420718503E-02));
#2749 = ( GEOMETRIC_REPRESENTATION_CONTEXT(2) 
PARAMETRIC_REPRESENTATION_CONTEXT() REPRESENTATION_CONTEXT('2D SPACE',''
  ) );
#2750 = PCURVE('',#1034,#2751);
#2751 = DEFINITIONAL_REPRESENTATION('',(#2752),#2756);
#2752 = LINE('',#2753,#2754);
#2753 = CARTESIAN_POINT('',(-0.,-10.81));
#2754 = VECTOR('',#2755,1.);
#2755 = DIRECTION('',(1.,0.));
#2756 = ( GEOMETRIC_REPRESENTATION_CONTEXT(2) 
PARAMETRIC_REPRESENTATION_CONTEXT() REPRESENTATION_CONTEXT('2D SPACE',''
  ) );
#2757 = ORIENTED_EDGE('',*,*,#2758,.T.);
#2758 = EDGE_CURVE('',#2736,#2759,#2761,.T.);
#2759 = VERTEX_POINT('',#2760);
#2760 = CARTESIAN_POINT('',(-28.953,-10.81,5.759));
#2761 = SURFACE_CURVE('',#2762,(#2766,#2773),.PCURVE_S1.);
#2762 = LINE('',#2763,#2764);
#2763 = CARTESIAN_POINT('',(-29.147,-10.81,8.842));
#2764 = VECTOR('',#2765,1.);
#2765 = DIRECTION('',(6.280150865266E-02,0.,-0.99802603699));
#2766 = PCURVE('',#72,#2767);
#2767 = DEFINITIONAL_REPRESENTATION('',(#2768),#2772);
#2768 = LINE('',#2769,#2770);
#2769 = CARTESIAN_POINT('',(-9.793658506443,-30.64080635926));
#2770 = VECTOR('',#2771,1.);
#2771 = DIRECTION('',(0.99802603699,6.280150865266E-02));
#2772 = ( GEOMETRIC_REPRESENTATION_CONTEXT(2) 
PARAMETRIC_REPRESENTATION_CONTEXT() REPRESENTATION_CONTEXT('2D SPACE',''
  ) );
#2773 = PCURVE('',#1062,#2774);
#2774 = DEFINITIONAL_REPRESENTATION('',(#2775),#2779);
#2775 = LINE('',#2776,#2777);
#2776 = CARTESIAN_POINT('',(0.,-10.81));
#2777 = VECTOR('',#2778,1.);
#2778 = DIRECTION('',(1.,0.));
#2779 = ( GEOMETRIC_REPRESENTATION_CONTEXT(2) 
PARAMETRIC_REPRESENTATION_CONTEXT() REPRESENTATION_CONTEXT('2D SPACE',''
  ) );
#2780 = ORIENTED_EDGE('',*,*,#2781,.T.);
#2781 = EDGE_CURVE('',#2759,#2782,#2784,.T.);
#2782 = VERTEX_POINT('',#2783);
#2783 = CARTESIAN_POINT('',(-28.549,-10.81,2.812));
#2784 = SURFACE_CURVE('',#2785,(#2789,#2796),.PCURVE_S1.);
#2785 = LINE('',#2786,#2787);
#2786 = CARTESIAN_POINT('',(-28.953,-10.81,5.759));
#2787 = VECTOR('',#2788,1.);
#2788 = DIRECTION('',(0.135818270091,0.,-0.99073376722));
#2789 = PCURVE('',#72,#2790);
#2790 = DEFINITIONAL_REPRESENTATION('',(#2791),#2795);
#2791 = LINE('',#2792,#2793);
#2792 = CARTESIAN_POINT('',(-6.710658506443,-30.44680635926));
#2793 = VECTOR('',#2794,1.);
#2794 = DIRECTION('',(0.99073376722,0.135818270091));
#2795 = ( GEOMETRIC_REPRESENTATION_CONTEXT(2) 
PARAMETRIC_REPRESENTATION_CONTEXT() REPRESENTATION_CONTEXT('2D SPACE',''
  ) );
#2796 = PCURVE('',#1090,#2797);
#2797 = DEFINITIONAL_REPRESENTATION('',(#2798),#2802);
#2798 = LINE('',#2799,#2800);
#2799 = CARTESIAN_POINT('',(0.,-10.81));
#2800 = VECTOR('',#2801,1.);
#2801 = DIRECTION('',(1.,0.));
#2802 = ( GEOMETRIC_REPRESENTATION_CONTEXT(2) 
PARAMETRIC_REPRESENTATION_CONTEXT() REPRESENTATION_CONTEXT('2D SPACE',''
  ) );
#2803 = ORIENTED_EDGE('',*,*,#2804,.T.);
#2804 = EDGE_CURVE('',#2782,#2805,#2807,.T.);
#2805 = VERTEX_POINT('',#2806);
#2806 = CARTESIAN_POINT('',(-28.058,-10.81,0.));
#2807 = SURFACE_CURVE('',#2808,(#2812,#2819),.PCURVE_S1.);
#2808 = LINE('',#2809,#2810);
#2809 = CARTESIAN_POINT('',(-28.549,-10.81,2.812));
#2810 = VECTOR('',#2811,1.);
#2811 = DIRECTION('',(0.172006419583,0.,-0.985095828649));
#2812 = PCURVE('',#72,#2813);
#2813 = DEFINITIONAL_REPRESENTATION('',(#2814),#2818);
#2814 = LINE('',#2815,#2816);
#2815 = CARTESIAN_POINT('',(-3.763658506443,-30.04280635926));
#2816 = VECTOR('',#2817,1.);
#2817 = DIRECTION('',(0.985095828649,0.172006419583));
#2818 = ( GEOMETRIC_REPRESENTATION_CONTEXT(2) 
PARAMETRIC_REPRESENTATION_CONTEXT() REPRESENTATION_CONTEXT('2D SPACE',''
  ) );
#2819 = PCURVE('',#1118,#2820);
#2820 = DEFINITIONAL_REPRESENTATION('',(#2821),#2825);
#2821 = LINE('',#2822,#2823);
#2822 = CARTESIAN_POINT('',(0.,-10.81));
#2823 = VECTOR('',#2824,1.);
#2824 = DIRECTION('',(1.,0.));
#2825 = ( GEOMETRIC_REPRESENTATION_CONTEXT(2) 
PARAMETRIC_REPRESENTATION_CONTEXT() REPRESENTATION_CONTEXT('2D SPACE',''
  ) );
#2826 = ORIENTED_EDGE('',*,*,#2827,.T.);
#2827 = EDGE_CURVE('',#2805,#2828,#2830,.T.);
#2828 = VERTEX_POINT('',#2829);
#2829 = CARTESIAN_POINT('',(-27.511,-10.81,-2.71));
#2830 = SURFACE_CURVE('',#2831,(#2835,#2842),.PCURVE_S1.);
#2831 = LINE('',#2832,#2833);
#2832 = CARTESIAN_POINT('',(-28.058,-10.81,0.));
#2833 = VECTOR('',#2834,1.);
#2834 = DIRECTION('',(0.197854812224,0.,-0.980231336614));
#2835 = PCURVE('',#72,#2836);
#2836 = DEFINITIONAL_REPRESENTATION('',(#2837),#2841);
#2837 = LINE('',#2838,#2839);
#2838 = CARTESIAN_POINT('',(-0.951658506443,-29.55180635926));
#2839 = VECTOR('',#2840,1.);
#2840 = DIRECTION('',(0.980231336614,0.197854812224));
#2841 = ( GEOMETRIC_REPRESENTATION_CONTEXT(2) 
PARAMETRIC_REPRESENTATION_CONTEXT() REPRESENTATION_CONTEXT('2D SPACE',''
  ) );
#2842 = PCURVE('',#1146,#2843);
#2843 = DEFINITIONAL_REPRESENTATION('',(#2844),#2848);
#2844 = LINE('',#2845,#2846);
#2845 = CARTESIAN_POINT('',(0.,-10.81));
#2846 = VECTOR('',#2847,1.);
#2847 = DIRECTION('',(1.,0.));
#2848 = ( GEOMETRIC_REPRESENTATION_CONTEXT(2) 
PARAMETRIC_REPRESENTATION_CONTEXT() REPRESENTATION_CONTEXT('2D SPACE',''
  ) );
#2849 = ORIENTED_EDGE('',*,*,#2850,.T.);
#2850 = EDGE_CURVE('',#2828,#2851,#2853,.T.);
#2851 = VERTEX_POINT('',#2852);
#2852 = CARTESIAN_POINT('',(-26.877,-10.81,-5.346));
#2853 = SURFACE_CURVE('',#2854,(#2858,#2865),.PCURVE_S1.);
#2854 = LINE('',#2855,#2856);
#2855 = CARTESIAN_POINT('',(-27.511,-10.81,-2.71));
#2856 = VECTOR('',#2857,1.);
#2857 = DIRECTION('',(0.233847232705,0.,-0.972273352384));
#2858 = PCURVE('',#72,#2859);
#2859 = DEFINITIONAL_REPRESENTATION('',(#2860),#2864);
#2860 = LINE('',#2861,#2862);
#2861 = CARTESIAN_POINT('',(1.758341493557,-29.00480635926));
#2862 = VECTOR('',#2863,1.);
#2863 = DIRECTION('',(0.972273352384,0.233847232705));
#2864 = ( GEOMETRIC_REPRESENTATION_CONTEXT(2) 
PARAMETRIC_REPRESENTATION_CONTEXT() REPRESENTATION_CONTEXT('2D SPACE',''
  ) );
#2865 = PCURVE('',#1174,#2866);
#2866 = DEFINITIONAL_REPRESENTATION('',(#2867),#2871);
#2867 = LINE('',#2868,#2869);
#2868 = CARTESIAN_POINT('',(0.,-10.81));
#2869 = VECTOR('',#2870,1.);
#2870 = DIRECTION('',(1.,0.));
#2871 = ( GEOMETRIC_REPRESENTATION_CONTEXT(2) 
PARAMETRIC_REPRESENTATION_CONTEXT() REPRESENTATION_CONTEXT('2D SPACE',''
  ) );
#2872 = ORIENTED_EDGE('',*,*,#2873,.T.);
#2873 = EDGE_CURVE('',#2851,#2874,#2876,.T.);
#2874 = VERTEX_POINT('',#2875);
#2875 = CARTESIAN_POINT('',(-26.106,-10.81,-7.919));
#2876 = SURFACE_CURVE('',#2877,(#2881,#2888),.PCURVE_S1.);
#2877 = LINE('',#2878,#2879);
#2878 = CARTESIAN_POINT('',(-26.877,-10.81,-5.346));
#2879 = VECTOR('',#2880,1.);
#2880 = DIRECTION('',(0.287040470129,0.,-0.957918456085));
#2881 = PCURVE('',#72,#2882);
#2882 = DEFINITIONAL_REPRESENTATION('',(#2883),#2887);
#2883 = LINE('',#2884,#2885);
#2884 = CARTESIAN_POINT('',(4.394341493557,-28.37080635926));
#2885 = VECTOR('',#2886,1.);
#2886 = DIRECTION('',(0.957918456085,0.287040470129));
#2887 = ( GEOMETRIC_REPRESENTATION_CONTEXT(2) 
PARAMETRIC_REPRESENTATION_CONTEXT() REPRESENTATION_CONTEXT('2D SPACE',''
  ) );
#2888 = PCURVE('',#1202,#2889);
#2889 = DEFINITIONAL_REPRESENTATION('',(#2890),#2894);
#2890 = LINE('',#2891,#2892);
#2891 = CARTESIAN_POINT('',(0.,-10.81));
#2892 = VECTOR('',#2893,1.);
#2893 = DIRECTION('',(1.,0.));
#2894 = ( GEOMETRIC_REPRESENTATION_CONTEXT(2) 
PARAMETRIC_REPRESENTATION_CONTEXT() REPRESENTATION_CONTEXT('2D SPACE',''
  ) );
#2895 = ORIENTED_EDGE('',*,*,#2896,.T.);
#2896 = EDGE_CURVE('',#2874,#2897,#2899,.T.);
#2897 = VERTEX_POINT('',#2898);
#2898 = CARTESIAN_POINT('',(-25.153,-10.81,-10.419));
#2899 = SURFACE_CURVE('',#2900,(#2904,#2911),.PCURVE_S1.);
#2900 = LINE('',#2901,#2902);
#2901 = CARTESIAN_POINT('',(-26.106,-10.81,-7.919));
#2902 = VECTOR('',#2903,1.);
#2903 = DIRECTION('',(0.356197374028,0.,-0.934410739844));
#2904 = PCURVE('',#72,#2905);
#2905 = DEFINITIONAL_REPRESENTATION('',(#2906),#2910);
#2906 = LINE('',#2907,#2908);
#2907 = CARTESIAN_POINT('',(6.967341493557,-27.59980635926));
#2908 = VECTOR('',#2909,1.);
#2909 = DIRECTION('',(0.934410739844,0.356197374028));
#2910 = ( GEOMETRIC_REPRESENTATION_CONTEXT(2) 
PARAMETRIC_REPRESENTATION_CONTEXT() REPRESENTATION_CONTEXT('2D SPACE',''
  ) );
#2911 = PCURVE('',#1230,#2912);
#2912 = DEFINITIONAL_REPRESENTATION('',(#2913),#2917);
#2913 = LINE('',#2914,#2915);
#2914 = CARTESIAN_POINT('',(0.,-10.81));
#2915 = VECTOR('',#2916,1.);
#2916 = DIRECTION('',(1.,0.));
#2917 = ( GEOMETRIC_REPRESENTATION_CONTEXT(2) 
PARAMETRIC_REPRESENTATION_CONTEXT() REPRESENTATION_CONTEXT('2D SPACE',''
  ) );
#2918 = ORIENTED_EDGE('',*,*,#2919,.T.);
#2919 = EDGE_CURVE('',#2897,#2920,#2922,.T.);
#2920 = VERTEX_POINT('',#2921);
#2921 = CARTESIAN_POINT('',(-23.99,-10.81,-12.823));
#2922 = SURFACE_CURVE('',#2923,(#2927,#2934),.PCURVE_S1.);
#2923 = LINE('',#2924,#2925);
#2924 = CARTESIAN_POINT('',(-25.153,-10.81,-10.419));
#2925 = VECTOR('',#2926,1.);
#2926 = DIRECTION('',(0.435492413379,0.,-0.900192400484));
#2927 = PCURVE('',#72,#2928);
#2928 = DEFINITIONAL_REPRESENTATION('',(#2929),#2933);
#2929 = LINE('',#2930,#2931);
#2930 = CARTESIAN_POINT('',(9.467341493557,-26.64680635926));
#2931 = VECTOR('',#2932,1.);
#2932 = DIRECTION('',(0.900192400484,0.435492413379));
#2933 = ( GEOMETRIC_REPRESENTATION_CONTEXT(2) 
PARAMETRIC_REPRESENTATION_CONTEXT() REPRESENTATION_CONTEXT('2D SPACE',''
  ) );
#2934 = PCURVE('',#1258,#2935);
#2935 = DEFINITIONAL_REPRESENTATION('',(#2936),#2940);
#2936 = LINE('',#2937,#2938);
#2937 = CARTESIAN_POINT('',(0.,-10.81));
#2938 = VECTOR('',#2939,1.);
#2939 = DIRECTION('',(1.,0.));
#2940 = ( GEOMETRIC_REPRESENTATION_CONTEXT(2) 
PARAMETRIC_REPRESENTATION_CONTEXT() REPRESENTATION_CONTEXT('2D SPACE',''
  ) );
#2941 = ORIENTED_EDGE('',*,*,#2942,.T.);
#2942 = EDGE_CURVE('',#2920,#2943,#2945,.T.);
#2943 = VERTEX_POINT('',#2944);
#2944 = CARTESIAN_POINT('',(-22.611,-10.81,-15.108));
#2945 = SURFACE_CURVE('',#2946,(#2950,#2957),.PCURVE_S1.);
#2946 = LINE('',#2947,#2948);
#2947 = CARTESIAN_POINT('',(-23.99,-10.81,-12.823));
#2948 = VECTOR('',#2949,1.);
#2949 = DIRECTION('',(0.516698117272,0.,-0.856167656249));
#2950 = PCURVE('',#72,#2951);
#2951 = DEFINITIONAL_REPRESENTATION('',(#2952),#2956);
#2952 = LINE('',#2953,#2954);
#2953 = CARTESIAN_POINT('',(11.871341493557,-25.48380635926));
#2954 = VECTOR('',#2955,1.);
#2955 = DIRECTION('',(0.856167656249,0.516698117272));
#2956 = ( GEOMETRIC_REPRESENTATION_CONTEXT(2) 
PARAMETRIC_REPRESENTATION_CONTEXT() REPRESENTATION_CONTEXT('2D SPACE',''
  ) );
#2957 = PCURVE('',#1286,#2958);
#2958 = DEFINITIONAL_REPRESENTATION('',(#2959),#2963);
#2959 = LINE('',#2960,#2961);
#2960 = CARTESIAN_POINT('',(0.,-10.81));
#2961 = VECTOR('',#2962,1.);
#2962 = DIRECTION('',(1.,0.));
#2963 = ( GEOMETRIC_REPRESENTATION_CONTEXT(2) 
PARAMETRIC_REPRESENTATION_CONTEXT() REPRESENTATION_CONTEXT('2D SPACE',''
  ) );
#2964 = ORIENTED_EDGE('',*,*,#2965,.T.);
#2965 = EDGE_CURVE('',#2943,#2966,#2968,.T.);
#2966 = VERTEX_POINT('',#2967);
#2967 = CARTESIAN_POINT('',(-21.019,-10.81,-17.25));
#2968 = SURFACE_CURVE('',#2969,(#2973,#2980),.PCURVE_S1.);
#2969 = LINE('',#2970,#2971);
#2970 = CARTESIAN_POINT('',(-22.611,-10.81,-15.108));
#2971 = VECTOR('',#2972,1.);
#2972 = DIRECTION('',(0.596517147023,0.,-0.802600332238));
#2973 = PCURVE('',#72,#2974);
#2974 = DEFINITIONAL_REPRESENTATION('',(#2975),#2979);
#2975 = LINE('',#2976,#2977);
#2976 = CARTESIAN_POINT('',(14.156341493557,-24.10480635926));
#2977 = VECTOR('',#2978,1.);
#2978 = DIRECTION('',(0.802600332238,0.596517147023));
#2979 = ( GEOMETRIC_REPRESENTATION_CONTEXT(2) 
PARAMETRIC_REPRESENTATION_CONTEXT() REPRESENTATION_CONTEXT('2D SPACE',''
  ) );
#2980 = PCURVE('',#1314,#2981);
#2981 = DEFINITIONAL_REPRESENTATION('',(#2982),#2986);
#2982 = LINE('',#2983,#2984);
#2983 = CARTESIAN_POINT('',(0.,-10.81));
#2984 = VECTOR('',#2985,1.);
#2985 = DIRECTION('',(1.,0.));
#2986 = ( GEOMETRIC_REPRESENTATION_CONTEXT(2) 
PARAMETRIC_REPRESENTATION_CONTEXT() REPRESENTATION_CONTEXT('2D SPACE',''
  ) );
#2987 = ORIENTED_EDGE('',*,*,#2988,.T.);
#2988 = EDGE_CURVE('',#2966,#2989,#2991,.T.);
#2989 = VERTEX_POINT('',#2990);
#2990 = CARTESIAN_POINT('',(-19.226,-10.81,-19.226));
#2991 = SURFACE_CURVE('',#2992,(#2996,#3003),.PCURVE_S1.);
#2992 = LINE('',#2993,#2994);
#2993 = CARTESIAN_POINT('',(-21.019,-10.81,-17.25));
#2994 = VECTOR('',#2995,1.);
#2995 = DIRECTION('',(0.671982293849,0.,-0.740567212853));
#2996 = PCURVE('',#72,#2997);
#2997 = DEFINITIONAL_REPRESENTATION('',(#2998),#3002);
#2998 = LINE('',#2999,#3000);
#2999 = CARTESIAN_POINT('',(16.298341493557,-22.51280635926));
#3000 = VECTOR('',#3001,1.);
#3001 = DIRECTION('',(0.740567212853,0.671982293849));
#3002 = ( GEOMETRIC_REPRESENTATION_CONTEXT(2) 
PARAMETRIC_REPRESENTATION_CONTEXT() REPRESENTATION_CONTEXT('2D SPACE',''
  ) );
#3003 = PCURVE('',#1342,#3004);
#3004 = DEFINITIONAL_REPRESENTATION('',(#3005),#3009);
#3005 = LINE('',#3006,#3007);
#3006 = CARTESIAN_POINT('',(0.,-10.81));
#3007 = VECTOR('',#3008,1.);
#3008 = DIRECTION('',(1.,0.));
#3009 = ( GEOMETRIC_REPRESENTATION_CONTEXT(2) 
PARAMETRIC_REPRESENTATION_CONTEXT() REPRESENTATION_CONTEXT('2D SPACE',''
  ) );
#3010 = ORIENTED_EDGE('',*,*,#3011,.T.);
#3011 = EDGE_CURVE('',#2989,#3012,#3014,.T.);
#3012 = VERTEX_POINT('',#3013);
#3013 = CARTESIAN_POINT('',(-17.249,-10.81,-21.018));
#3014 = SURFACE_CURVE('',#3015,(#3019,#3026),.PCURVE_S1.);
#3015 = LINE('',#3016,#3017);
#3016 = CARTESIAN_POINT('',(-19.226,-10.81,-19.226));
#3017 = VECTOR('',#3018,1.);
#3018 = DIRECTION('',(0.740922845088,0.,-0.671590155993));
#3019 = PCURVE('',#72,#3020);
#3020 = DEFINITIONAL_REPRESENTATION('',(#3021),#3025);
#3021 = LINE('',#3022,#3023);
#3022 = CARTESIAN_POINT('',(18.274341493557,-20.71980635926));
#3023 = VECTOR('',#3024,1.);
#3024 = DIRECTION('',(0.671590155993,0.740922845088));
#3025 = ( GEOMETRIC_REPRESENTATION_CONTEXT(2) 
PARAMETRIC_REPRESENTATION_CONTEXT() REPRESENTATION_CONTEXT('2D SPACE',''
  ) );
#3026 = PCURVE('',#1370,#3027);
#3027 = DEFINITIONAL_REPRESENTATION('',(#3028),#3032);
#3028 = LINE('',#3029,#3030);
#3029 = CARTESIAN_POINT('',(0.,-10.81));
#3030 = VECTOR('',#3031,1.);
#3031 = DIRECTION('',(1.,0.));
#3032 = ( GEOMETRIC_REPRESENTATION_CONTEXT(2) 
PARAMETRIC_REPRESENTATION_CONTEXT() REPRESENTATION_CONTEXT('2D SPACE',''
  ) );
#3033 = ORIENTED_EDGE('',*,*,#3034,.T.);
#3034 = EDGE_CURVE('',#3012,#3035,#3037,.T.);
#3035 = VERTEX_POINT('',#3036);
#3036 = CARTESIAN_POINT('',(-15.106,-10.81,-22.608));
#3037 = SURFACE_CURVE('',#3038,(#3042,#3049),.PCURVE_S1.);
#3038 = LINE('',#3039,#3040);
#3039 = CARTESIAN_POINT('',(-17.249,-10.81,-21.018));
#3040 = VECTOR('',#3041,1.);
#3041 = DIRECTION('',(0.803092243443,0.,-0.595854720987));
#3042 = PCURVE('',#72,#3043);
#3043 = DEFINITIONAL_REPRESENTATION('',(#3044),#3048);
#3044 = LINE('',#3045,#3046);
#3045 = CARTESIAN_POINT('',(20.066341493557,-18.74280635926));
#3046 = VECTOR('',#3047,1.);
#3047 = DIRECTION('',(0.595854720987,0.803092243443));
#3048 = ( GEOMETRIC_REPRESENTATION_CONTEXT(2) 
PARAMETRIC_REPRESENTATION_CONTEXT() REPRESENTATION_CONTEXT('2D SPACE',''
  ) );
#3049 = PCURVE('',#1398,#3050);
#3050 = DEFINITIONAL_REPRESENTATION('',(#3051),#3055);
#3051 = LINE('',#3052,#3053);
#3052 = CARTESIAN_POINT('',(0.,-10.81));
#3053 = VECTOR('',#3054,1.);
#3054 = DIRECTION('',(1.,0.));
#3055 = ( GEOMETRIC_REPRESENTATION_CONTEXT(2) 
PARAMETRIC_REPRESENTATION_CONTEXT() REPRESENTATION_CONTEXT('2D SPACE',''
  ) );
#3056 = ORIENTED_EDGE('',*,*,#3057,.T.);
#3057 = EDGE_CURVE('',#3035,#3058,#3060,.T.);
#3058 = VERTEX_POINT('',#3059);
#3059 = CARTESIAN_POINT('',(-12.817,-10.81,-23.979));
#3060 = SURFACE_CURVE('',#3061,(#3065,#3072),.PCURVE_S1.);
#3061 = LINE('',#3062,#3063);
#3062 = CARTESIAN_POINT('',(-15.106,-10.81,-22.608));
#3063 = VECTOR('',#3064,1.);
#3064 = DIRECTION('',(0.857889504893,0.,-0.513834211974));
#3065 = PCURVE('',#72,#3066);
#3066 = DEFINITIONAL_REPRESENTATION('',(#3067),#3071);
#3067 = LINE('',#3068,#3069);
#3068 = CARTESIAN_POINT('',(21.656341493557,-16.59980635926));
#3069 = VECTOR('',#3070,1.);
#3070 = DIRECTION('',(0.513834211974,0.857889504893));
#3071 = ( GEOMETRIC_REPRESENTATION_CONTEXT(2) 
PARAMETRIC_REPRESENTATION_CONTEXT() REPRESENTATION_CONTEXT('2D SPACE',''
  ) );
#3072 = PCURVE('',#1426,#3073);
#3073 = DEFINITIONAL_REPRESENTATION('',(#3074),#3078);
#3074 = LINE('',#3075,#3076);
#3075 = CARTESIAN_POINT('',(0.,-10.81));
#3076 = VECTOR('',#3077,1.);
#3077 = DIRECTION('',(1.,0.));
#3078 = ( GEOMETRIC_REPRESENTATION_CONTEXT(2) 
PARAMETRIC_REPRESENTATION_CONTEXT() REPRESENTATION_CONTEXT('2D SPACE',''
  ) );
#3079 = ORIENTED_EDGE('',*,*,#3080,.T.);
#3080 = EDGE_CURVE('',#3058,#3081,#3083,.T.);
#3081 = VERTEX_POINT('',#3082);
#3082 = CARTESIAN_POINT('',(-10.405,-10.81,-25.121));
#3083 = SURFACE_CURVE('',#3084,(#3088,#3095),.PCURVE_S1.);
#3084 = LINE('',#3085,#3086);
#3085 = CARTESIAN_POINT('',(-12.817,-10.81,-23.979));
#3086 = VECTOR('',#3087,1.);
#3087 = DIRECTION('',(0.903814124104,0.,-0.427925261081));
#3088 = PCURVE('',#72,#3089);
#3089 = DEFINITIONAL_REPRESENTATION('',(#3090),#3094);
#3090 = LINE('',#3091,#3092);
#3091 = CARTESIAN_POINT('',(23.027341493557,-14.31080635926));
#3092 = VECTOR('',#3093,1.);
#3093 = DIRECTION('',(0.427925261081,0.903814124104));
#3094 = ( GEOMETRIC_REPRESENTATION_CONTEXT(2) 
PARAMETRIC_REPRESENTATION_CONTEXT() REPRESENTATION_CONTEXT('2D SPACE',''
  ) );
#3095 = PCURVE('',#1454,#3096);
#3096 = DEFINITIONAL_REPRESENTATION('',(#3097),#3101);
#3097 = LINE('',#3098,#3099);
#3098 = CARTESIAN_POINT('',(0.,-10.81));
#3099 = VECTOR('',#3100,1.);
#3100 = DIRECTION('',(1.,0.));
#3101 = ( GEOMETRIC_REPRESENTATION_CONTEXT(2) 
PARAMETRIC_REPRESENTATION_CONTEXT() REPRESENTATION_CONTEXT('2D SPACE',''
  ) );
#3102 = ORIENTED_EDGE('',*,*,#3103,.T.);
#3103 = EDGE_CURVE('',#3081,#3104,#3106,.T.);
#3104 = VERTEX_POINT('',#3105);
#3105 = CARTESIAN_POINT('',(-7.893,-10.81,-26.02));
#3106 = SURFACE_CURVE('',#3107,(#3111,#3118),.PCURVE_S1.);
#3107 = LINE('',#3108,#3109);
#3108 = CARTESIAN_POINT('',(-10.405,-10.81,-25.121));
#3109 = VECTOR('',#3110,1.);
#3110 = DIRECTION('',(0.941521233134,0.,-0.336953657877));
#3111 = PCURVE('',#72,#3112);
#3112 = DEFINITIONAL_REPRESENTATION('',(#3113),#3117);
#3113 = LINE('',#3114,#3115);
#3114 = CARTESIAN_POINT('',(24.169341493557,-11.89880635926));
#3115 = VECTOR('',#3116,1.);
#3116 = DIRECTION('',(0.336953657877,0.941521233134));
#3117 = ( GEOMETRIC_REPRESENTATION_CONTEXT(2) 
PARAMETRIC_REPRESENTATION_CONTEXT() REPRESENTATION_CONTEXT('2D SPACE',''
  ) );
#3118 = PCURVE('',#1482,#3119);
#3119 = DEFINITIONAL_REPRESENTATION('',(#3120),#3124);
#3120 = LINE('',#3121,#3122);
#3121 = CARTESIAN_POINT('',(0.,-10.81));
#3122 = VECTOR('',#3123,1.);
#3123 = DIRECTION('',(1.,0.));
#3124 = ( GEOMETRIC_REPRESENTATION_CONTEXT(2) 
PARAMETRIC_REPRESENTATION_CONTEXT() REPRESENTATION_CONTEXT('2D SPACE',''
  ) );
#3125 = ORIENTED_EDGE('',*,*,#3126,.T.);
#3126 = EDGE_CURVE('',#3104,#3127,#3129,.T.);
#3127 = VERTEX_POINT('',#3128);
#3128 = CARTESIAN_POINT('',(-5.305,-10.81,-26.672));
#3129 = SURFACE_CURVE('',#3130,(#3134,#3141),.PCURVE_S1.);
#3130 = LINE('',#3131,#3132);
#3131 = CARTESIAN_POINT('',(-7.893,-10.81,-26.02));
#3132 = VECTOR('',#3133,1.);
#3133 = DIRECTION('',(0.969700084934,0.,-0.244298475802));
#3134 = PCURVE('',#72,#3135);
#3135 = DEFINITIONAL_REPRESENTATION('',(#3136),#3140);
#3136 = LINE('',#3137,#3138);
#3137 = CARTESIAN_POINT('',(25.068341493557,-9.386806359261));
#3138 = VECTOR('',#3139,1.);
#3139 = DIRECTION('',(0.244298475802,0.969700084934));
#3140 = ( GEOMETRIC_REPRESENTATION_CONTEXT(2) 
PARAMETRIC_REPRESENTATION_CONTEXT() REPRESENTATION_CONTEXT('2D SPACE',''
  ) );
#3141 = PCURVE('',#1510,#3142);
#3142 = DEFINITIONAL_REPRESENTATION('',(#3143),#3147);
#3143 = LINE('',#3144,#3145);
#3144 = CARTESIAN_POINT('',(0.,-10.81));
#3145 = VECTOR('',#3146,1.);
#3146 = DIRECTION('',(1.,0.));
#3147 = ( GEOMETRIC_REPRESENTATION_CONTEXT(2) 
PARAMETRIC_REPRESENTATION_CONTEXT() REPRESENTATION_CONTEXT('2D SPACE',''
  ) );
#3148 = ORIENTED_EDGE('',*,*,#3149,.T.);
#3149 = EDGE_CURVE('',#3127,#3150,#3152,.T.);
#3150 = VERTEX_POINT('',#3151);
#3151 = CARTESIAN_POINT('',(-2.667,-10.81,-27.074));
#3152 = SURFACE_CURVE('',#3153,(#3157,#3164),.PCURVE_S1.);
#3153 = LINE('',#3154,#3155);
#3154 = CARTESIAN_POINT('',(-5.305,-10.81,-26.672));
#3155 = VECTOR('',#3156,1.);
#3156 = DIRECTION('',(0.988587312532,0.,-0.150649014268));
#3157 = PCURVE('',#72,#3158);
#3158 = DEFINITIONAL_REPRESENTATION('',(#3159),#3163);
#3159 = LINE('',#3160,#3161);
#3160 = CARTESIAN_POINT('',(25.720341493557,-6.798806359261));
#3161 = VECTOR('',#3162,1.);
#3162 = DIRECTION('',(0.150649014268,0.988587312532));
#3163 = ( GEOMETRIC_REPRESENTATION_CONTEXT(2) 
PARAMETRIC_REPRESENTATION_CONTEXT() REPRESENTATION_CONTEXT('2D SPACE',''
  ) );
#3164 = PCURVE('',#1538,#3165);
#3165 = DEFINITIONAL_REPRESENTATION('',(#3166),#3170);
#3166 = LINE('',#3167,#3168);
#3167 = CARTESIAN_POINT('',(0.,-10.81));
#3168 = VECTOR('',#3169,1.);
#3169 = DIRECTION('',(1.,0.));
#3170 = ( GEOMETRIC_REPRESENTATION_CONTEXT(2) 
PARAMETRIC_REPRESENTATION_CONTEXT() REPRESENTATION_CONTEXT('2D SPACE',''
  ) );
#3171 = ORIENTED_EDGE('',*,*,#3172,.T.);
#3172 = EDGE_CURVE('',#3150,#3173,#3175,.T.);
#3173 = VERTEX_POINT('',#3174);
#3174 = CARTESIAN_POINT('',(0.,-10.81,-27.235));
#3175 = SURFACE_CURVE('',#3176,(#3180,#3187),.PCURVE_S1.);
#3176 = LINE('',#3177,#3178);
#3177 = CARTESIAN_POINT('',(-2.667,-10.81,-27.074));
#3178 = VECTOR('',#3179,1.);
#3179 = DIRECTION('',(0.998182850322,0.,-6.025775736852E-02));
#3180 = PCURVE('',#72,#3181);
#3181 = DEFINITIONAL_REPRESENTATION('',(#3182),#3186);
#3182 = LINE('',#3183,#3184);
#3183 = CARTESIAN_POINT('',(26.122341493557,-4.160806359261));
#3184 = VECTOR('',#3185,1.);
#3185 = DIRECTION('',(6.025775736852E-02,0.998182850322));
#3186 = ( GEOMETRIC_REPRESENTATION_CONTEXT(2) 
PARAMETRIC_REPRESENTATION_CONTEXT() REPRESENTATION_CONTEXT('2D SPACE',''
  ) );
#3187 = PCURVE('',#1566,#3188);
#3188 = DEFINITIONAL_REPRESENTATION('',(#3189),#3193);
#3189 = LINE('',#3190,#3191);
#3190 = CARTESIAN_POINT('',(0.,-10.81));
#3191 = VECTOR('',#3192,1.);
#3192 = DIRECTION('',(1.,0.));
#3193 = ( GEOMETRIC_REPRESENTATION_CONTEXT(2) 
PARAMETRIC_REPRESENTATION_CONTEXT() REPRESENTATION_CONTEXT('2D SPACE',''
  ) );
#3194 = ORIENTED_EDGE('',*,*,#3195,.T.);
#3195 = EDGE_CURVE('',#3173,#3196,#3198,.T.);
#3196 = VERTEX_POINT('',#3197);
#3197 = CARTESIAN_POINT('',(2.677,-10.81,-27.181));
#3198 = SURFACE_CURVE('',#3199,(#3203,#3210),.PCURVE_S1.);
#3199 = LINE('',#3200,#3201);
#3200 = CARTESIAN_POINT('',(0.,-10.81,-27.235));
#3201 = VECTOR('',#3202,1.);
#3202 = DIRECTION('',(0.999796610621,0.,2.016773140588E-02));
#3203 = PCURVE('',#72,#3204);
#3204 = DEFINITIONAL_REPRESENTATION('',(#3205),#3209);
#3205 = LINE('',#3206,#3207);
#3206 = CARTESIAN_POINT('',(26.283341493557,-1.493806359261));
#3207 = VECTOR('',#3208,1.);
#3208 = DIRECTION('',(-2.016773140588E-02,0.999796610621));
#3209 = ( GEOMETRIC_REPRESENTATION_CONTEXT(2) 
PARAMETRIC_REPRESENTATION_CONTEXT() REPRESENTATION_CONTEXT('2D SPACE',''
  ) );
#3210 = PCURVE('',#1594,#3211);
#3211 = DEFINITIONAL_REPRESENTATION('',(#3212),#3216);
#3212 = LINE('',#3213,#3214);
#3213 = CARTESIAN_POINT('',(0.,-10.81));
#3214 = VECTOR('',#3215,1.);
#3215 = DIRECTION('',(1.,0.));
#3216 = ( GEOMETRIC_REPRESENTATION_CONTEXT(2) 
PARAMETRIC_REPRESENTATION_CONTEXT() REPRESENTATION_CONTEXT('2D SPACE',''
  ) );
#3217 = ORIENTED_EDGE('',*,*,#3218,.T.);
#3218 = EDGE_CURVE('',#3196,#3219,#3221,.T.);
#3219 = VERTEX_POINT('',#3220);
#3220 = CARTESIAN_POINT('',(5.363,-10.81,-26.964));
#3221 = SURFACE_CURVE('',#3222,(#3226,#3233),.PCURVE_S1.);
#3222 = LINE('',#3223,#3224);
#3223 = CARTESIAN_POINT('',(2.677,-10.81,-27.181));
#3224 = VECTOR('',#3225,1.);
#3225 = DIRECTION('',(0.996752435099,0.,8.052690931368E-02));
#3226 = PCURVE('',#72,#3227);
#3227 = DEFINITIONAL_REPRESENTATION('',(#3228),#3232);
#3228 = LINE('',#3229,#3230);
#3229 = CARTESIAN_POINT('',(26.229341493557,1.183193640739));
#3230 = VECTOR('',#3231,1.);
#3231 = DIRECTION('',(-8.052690931368E-02,0.996752435099));
#3232 = ( GEOMETRIC_REPRESENTATION_CONTEXT(2) 
PARAMETRIC_REPRESENTATION_CONTEXT() REPRESENTATION_CONTEXT('2D SPACE',''
  ) );
#3233 = PCURVE('',#1622,#3234);
#3234 = DEFINITIONAL_REPRESENTATION('',(#3235),#3239);
#3235 = LINE('',#3236,#3237);
#3236 = CARTESIAN_POINT('',(0.,-10.81));
#3237 = VECTOR('',#3238,1.);
#3238 = DIRECTION('',(1.,0.));
#3239 = ( GEOMETRIC_REPRESENTATION_CONTEXT(2) 
PARAMETRIC_REPRESENTATION_CONTEXT() REPRESENTATION_CONTEXT('2D SPACE',''
  ) );
#3240 = ORIENTED_EDGE('',*,*,#3241,.T.);
#3241 = EDGE_CURVE('',#3219,#3242,#3244,.T.);
#3242 = VERTEX_POINT('',#3243);
#3243 = CARTESIAN_POINT('',(8.087,-10.81,-26.661));
#3244 = SURFACE_CURVE('',#3245,(#3249,#3256),.PCURVE_S1.);
#3245 = LINE('',#3246,#3247);
#3246 = CARTESIAN_POINT('',(5.363,-10.81,-26.964));
#3247 = VECTOR('',#3248,1.);
#3248 = DIRECTION('',(0.993870378987,0.,0.110551661099));
#3249 = PCURVE('',#72,#3250);
#3250 = DEFINITIONAL_REPRESENTATION('',(#3251),#3255);
#3251 = LINE('',#3252,#3253);
#3252 = CARTESIAN_POINT('',(26.012341493557,3.869193640739));
#3253 = VECTOR('',#3254,1.);
#3254 = DIRECTION('',(-0.110551661099,0.993870378987));
#3255 = ( GEOMETRIC_REPRESENTATION_CONTEXT(2) 
PARAMETRIC_REPRESENTATION_CONTEXT() REPRESENTATION_CONTEXT('2D SPACE',''
  ) );
#3256 = PCURVE('',#1650,#3257);
#3257 = DEFINITIONAL_REPRESENTATION('',(#3258),#3262);
#3258 = LINE('',#3259,#3260);
#3259 = CARTESIAN_POINT('',(0.,-10.81));
#3260 = VECTOR('',#3261,1.);
#3261 = DIRECTION('',(1.,0.));
#3262 = ( GEOMETRIC_REPRESENTATION_CONTEXT(2) 
PARAMETRIC_REPRESENTATION_CONTEXT() REPRESENTATION_CONTEXT('2D SPACE',''
  ) );
#3263 = ORIENTED_EDGE('',*,*,#3264,.T.);
#3264 = EDGE_CURVE('',#3242,#3265,#3267,.T.);
#3265 = VERTEX_POINT('',#3266);
#3266 = CARTESIAN_POINT('',(10.919,-10.81,-26.361));
#3267 = SURFACE_CURVE('',#3268,(#3272,#3279),.PCURVE_S1.);
#3268 = LINE('',#3269,#3270);
#3269 = CARTESIAN_POINT('',(8.087,-10.81,-26.661));
#3270 = VECTOR('',#3271,1.);
#3271 = DIRECTION('',(0.994435968728,0.,0.105342793297));
#3272 = PCURVE('',#72,#3273);
#3273 = DEFINITIONAL_REPRESENTATION('',(#3274),#3278);
#3274 = LINE('',#3275,#3276);
#3275 = CARTESIAN_POINT('',(25.709341493557,6.593193640739));
#3276 = VECTOR('',#3277,1.);
#3277 = DIRECTION('',(-0.105342793297,0.994435968728));
#3278 = ( GEOMETRIC_REPRESENTATION_CONTEXT(2) 
PARAMETRIC_REPRESENTATION_CONTEXT() REPRESENTATION_CONTEXT('2D SPACE',''
  ) );
#3279 = PCURVE('',#1678,#3280);
#3280 = DEFINITIONAL_REPRESENTATION('',(#3281),#3285);
#3281 = LINE('',#3282,#3283);
#3282 = CARTESIAN_POINT('',(0.,-10.81));
#3283 = VECTOR('',#3284,1.);
#3284 = DIRECTION('',(1.,0.));
#3285 = ( GEOMETRIC_REPRESENTATION_CONTEXT(2) 
PARAMETRIC_REPRESENTATION_CONTEXT() REPRESENTATION_CONTEXT('2D SPACE',''
  ) );
#3286 = ORIENTED_EDGE('',*,*,#3287,.T.);
#3287 = EDGE_CURVE('',#3265,#3288,#3290,.T.);
#3288 = VERTEX_POINT('',#3289);
#3289 = CARTESIAN_POINT('',(13.96,-10.81,-26.118));
#3290 = SURFACE_CURVE('',#3291,(#3295,#3302),.PCURVE_S1.);
#3291 = LINE('',#3292,#3293);
#3292 = CARTESIAN_POINT('',(10.919,-10.81,-26.361));
#3293 = VECTOR('',#3294,1.);
#3294 = DIRECTION('',(0.996822570264,0.,7.965402320751E-02));
#3295 = PCURVE('',#72,#3296);
#3296 = DEFINITIONAL_REPRESENTATION('',(#3297),#3301);
#3297 = LINE('',#3298,#3299);
#3298 = CARTESIAN_POINT('',(25.409341493557,9.425193640739));
#3299 = VECTOR('',#3300,1.);
#3300 = DIRECTION('',(-7.965402320751E-02,0.996822570264));
#3301 = ( GEOMETRIC_REPRESENTATION_CONTEXT(2) 
PARAMETRIC_REPRESENTATION_CONTEXT() REPRESENTATION_CONTEXT('2D SPACE',''
  ) );
#3302 = PCURVE('',#1706,#3303);
#3303 = DEFINITIONAL_REPRESENTATION('',(#3304),#3308);
#3304 = LINE('',#3305,#3306);
#3305 = CARTESIAN_POINT('',(0.,-10.81));
#3306 = VECTOR('',#3307,1.);
#3307 = DIRECTION('',(1.,0.));
#3308 = ( GEOMETRIC_REPRESENTATION_CONTEXT(2) 
PARAMETRIC_REPRESENTATION_CONTEXT() REPRESENTATION_CONTEXT('2D SPACE',''
  ) );
#3309 = ORIENTED_EDGE('',*,*,#3310,.T.);
#3310 = EDGE_CURVE('',#3288,#3311,#3313,.T.);
#3311 = VERTEX_POINT('',#3312);
#3312 = CARTESIAN_POINT('',(17.3,-10.81,-25.892));
#3313 = SURFACE_CURVE('',#3314,(#3318,#3325),.PCURVE_S1.);
#3314 = LINE('',#3315,#3316);
#3315 = CARTESIAN_POINT('',(13.96,-10.81,-26.118));
#3316 = VECTOR('',#3317,1.);
#3317 = DIRECTION('',(0.997718577323,0.,6.751029894464E-02));
#3318 = PCURVE('',#72,#3319);
#3319 = DEFINITIONAL_REPRESENTATION('',(#3320),#3324);
#3320 = LINE('',#3321,#3322);
#3321 = CARTESIAN_POINT('',(25.166341493557,12.466193640739));
#3322 = VECTOR('',#3323,1.);
#3323 = DIRECTION('',(-6.751029894464E-02,0.997718577323));
#3324 = ( GEOMETRIC_REPRESENTATION_CONTEXT(2) 
PARAMETRIC_REPRESENTATION_CONTEXT() REPRESENTATION_CONTEXT('2D SPACE',''
  ) );
#3325 = PCURVE('',#1734,#3326);
#3326 = DEFINITIONAL_REPRESENTATION('',(#3327),#3331);
#3327 = LINE('',#3328,#3329);
#3328 = CARTESIAN_POINT('',(0.,-10.81));
#3329 = VECTOR('',#3330,1.);
#3330 = DIRECTION('',(1.,0.));
#3331 = ( GEOMETRIC_REPRESENTATION_CONTEXT(2) 
PARAMETRIC_REPRESENTATION_CONTEXT() REPRESENTATION_CONTEXT('2D SPACE',''
  ) );
#3332 = ORIENTED_EDGE('',*,*,#3333,.T.);
#3333 = EDGE_CURVE('',#3311,#3334,#3336,.T.);
#3334 = VERTEX_POINT('',#3335);
#3335 = CARTESIAN_POINT('',(20.93,-10.81,-25.503));
#3336 = SURFACE_CURVE('',#3337,(#3341,#3348),.PCURVE_S1.);
#3337 = LINE('',#3338,#3339);
#3338 = CARTESIAN_POINT('',(17.3,-10.81,-25.892));
#3339 = VECTOR('',#3340,1.);
#3340 = DIRECTION('',(0.994307081244,0.,0.106552466833));
#3341 = PCURVE('',#72,#3342);
#3342 = DEFINITIONAL_REPRESENTATION('',(#3343),#3347);
#3343 = LINE('',#3344,#3345);
#3344 = CARTESIAN_POINT('',(24.940341493557,15.806193640739));
#3345 = VECTOR('',#3346,1.);
#3346 = DIRECTION('',(-0.106552466833,0.994307081244));
#3347 = ( GEOMETRIC_REPRESENTATION_CONTEXT(2) 
PARAMETRIC_REPRESENTATION_CONTEXT() REPRESENTATION_CONTEXT('2D SPACE',''
  ) );
#3348 = PCURVE('',#1762,#3349);
#3349 = DEFINITIONAL_REPRESENTATION('',(#3350),#3354);
#3350 = LINE('',#3351,#3352);
#3351 = CARTESIAN_POINT('',(0.,-10.81));
#3352 = VECTOR('',#3353,1.);
#3353 = DIRECTION('',(1.,0.));
#3354 = ( GEOMETRIC_REPRESENTATION_CONTEXT(2) 
PARAMETRIC_REPRESENTATION_CONTEXT() REPRESENTATION_CONTEXT('2D SPACE',''
  ) );
#3355 = ORIENTED_EDGE('',*,*,#3356,.T.);
#3356 = EDGE_CURVE('',#3334,#3357,#3359,.T.);
#3357 = VERTEX_POINT('',#3358);
#3358 = CARTESIAN_POINT('',(24.661,-10.81,-24.661));
#3359 = SURFACE_CURVE('',#3360,(#3364,#3371),.PCURVE_S1.);
#3360 = LINE('',#3361,#3362);
#3361 = CARTESIAN_POINT('',(20.93,-10.81,-25.503));
#3362 = VECTOR('',#3363,1.);
#3363 = DIRECTION('',(0.975468175037,0.,0.220140499432));
#3364 = PCURVE('',#72,#3365);
#3365 = DEFINITIONAL_REPRESENTATION('',(#3366),#3370);
#3366 = LINE('',#3367,#3368);
#3367 = CARTESIAN_POINT('',(24.551341493557,19.436193640739));
#3368 = VECTOR('',#3369,1.);
#3369 = DIRECTION('',(-0.220140499432,0.975468175037));
#3370 = ( GEOMETRIC_REPRESENTATION_CONTEXT(2) 
PARAMETRIC_REPRESENTATION_CONTEXT() REPRESENTATION_CONTEXT('2D SPACE',''
  ) );
#3371 = PCURVE('',#1790,#3372);
#3372 = DEFINITIONAL_REPRESENTATION('',(#3373),#3377);
#3373 = LINE('',#3374,#3375);
#3374 = CARTESIAN_POINT('',(0.,-10.81));
#3375 = VECTOR('',#3376,1.);
#3376 = DIRECTION('',(1.,0.));
#3377 = ( GEOMETRIC_REPRESENTATION_CONTEXT(2) 
PARAMETRIC_REPRESENTATION_CONTEXT() REPRESENTATION_CONTEXT('2D SPACE',''
  ) );
#3378 = ORIENTED_EDGE('',*,*,#3379,.T.);
#3379 = EDGE_CURVE('',#3357,#3380,#3382,.T.);
#3380 = VERTEX_POINT('',#3381);
#3381 = CARTESIAN_POINT('',(28.117,-10.81,-23.075));
#3382 = SURFACE_CURVE('',#3383,(#3387,#3394),.PCURVE_S1.);
#3383 = LINE('',#3384,#3385);
#3384 = CARTESIAN_POINT('',(24.661,-10.81,-24.661));
#3385 = VECTOR('',#3386,1.);
#3386 = DIRECTION('',(0.908865501691,0.,0.417089318774));
#3387 = PCURVE('',#72,#3388);
#3388 = DEFINITIONAL_REPRESENTATION('',(#3389),#3393);
#3389 = LINE('',#3390,#3391);
#3390 = CARTESIAN_POINT('',(23.709341493557,23.167193640739));
#3391 = VECTOR('',#3392,1.);
#3392 = DIRECTION('',(-0.417089318774,0.908865501691));
#3393 = ( GEOMETRIC_REPRESENTATION_CONTEXT(2) 
PARAMETRIC_REPRESENTATION_CONTEXT() REPRESENTATION_CONTEXT('2D SPACE',''
  ) );
#3394 = PCURVE('',#1818,#3395);
#3395 = DEFINITIONAL_REPRESENTATION('',(#3396),#3400);
#3396 = LINE('',#3397,#3398);
#3397 = CARTESIAN_POINT('',(0.,-10.81));
#3398 = VECTOR('',#3399,1.);
#3399 = DIRECTION('',(1.,0.));
#3400 = ( GEOMETRIC_REPRESENTATION_CONTEXT(2) 
PARAMETRIC_REPRESENTATION_CONTEXT() REPRESENTATION_CONTEXT('2D SPACE',''
  ) );
#3401 = ORIENTED_EDGE('',*,*,#3402,.T.);
#3402 = EDGE_CURVE('',#3380,#3403,#3405,.T.);
#3403 = VERTEX_POINT('',#3404);
#3404 = CARTESIAN_POINT('',(30.835,-10.81,-20.603));
#3405 = SURFACE_CURVE('',#3406,(#3410,#3417),.PCURVE_S1.);
#3406 = LINE('',#3407,#3408);
#3407 = CARTESIAN_POINT('',(28.117,-10.81,-23.075));
#3408 = VECTOR('',#3409,1.);
#3409 = DIRECTION('',(0.739792264088,0.,0.672835348354));
#3410 = PCURVE('',#72,#3411);
#3411 = DEFINITIONAL_REPRESENTATION('',(#3412),#3416);
#3412 = LINE('',#3413,#3414);
#3413 = CARTESIAN_POINT('',(22.123341493557,26.623193640739));
#3414 = VECTOR('',#3415,1.);
#3415 = DIRECTION('',(-0.672835348354,0.739792264088));
#3416 = ( GEOMETRIC_REPRESENTATION_CONTEXT(2) 
PARAMETRIC_REPRESENTATION_CONTEXT() REPRESENTATION_CONTEXT('2D SPACE',''
  ) );
#3417 = PCURVE('',#1846,#3418);
#3418 = DEFINITIONAL_REPRESENTATION('',(#3419),#3423);
#3419 = LINE('',#3420,#3421);
#3420 = CARTESIAN_POINT('',(0.,-10.81));
#3421 = VECTOR('',#3422,1.);
#3422 = DIRECTION('',(1.,0.));
#3423 = ( GEOMETRIC_REPRESENTATION_CONTEXT(2) 
PARAMETRIC_REPRESENTATION_CONTEXT() REPRESENTATION_CONTEXT('2D SPACE',''
  ) );
#3424 = ORIENTED_EDGE('',*,*,#3425,.T.);
#3425 = EDGE_CURVE('',#3403,#3426,#3428,.T.);
#3426 = VERTEX_POINT('',#3427);
#3427 = CARTESIAN_POINT('',(32.459,-10.81,-17.35));
#3428 = SURFACE_CURVE('',#3429,(#3433,#3440),.PCURVE_S1.);
#3429 = LINE('',#3430,#3431);
#3430 = CARTESIAN_POINT('',(30.835,-10.81,-20.603));
#3431 = VECTOR('',#3432,1.);
#3432 = DIRECTION('',(0.446663432805,0.,0.894702060909));
#3433 = PCURVE('',#72,#3434);
#3434 = DEFINITIONAL_REPRESENTATION('',(#3435),#3439);
#3435 = LINE('',#3436,#3437);
#3436 = CARTESIAN_POINT('',(19.651341493557,29.341193640739));
#3437 = VECTOR('',#3438,1.);
#3438 = DIRECTION('',(-0.894702060909,0.446663432805));
#3439 = ( GEOMETRIC_REPRESENTATION_CONTEXT(2) 
PARAMETRIC_REPRESENTATION_CONTEXT() REPRESENTATION_CONTEXT('2D SPACE',''
  ) );
#3440 = PCURVE('',#1874,#3441);
#3441 = DEFINITIONAL_REPRESENTATION('',(#3442),#3446);
#3442 = LINE('',#3443,#3444);
#3443 = CARTESIAN_POINT('',(0.,-10.81));
#3444 = VECTOR('',#3445,1.);
#3445 = DIRECTION('',(1.,0.));
#3446 = ( GEOMETRIC_REPRESENTATION_CONTEXT(2) 
PARAMETRIC_REPRESENTATION_CONTEXT() REPRESENTATION_CONTEXT('2D SPACE',''
  ) );
#3447 = ORIENTED_EDGE('',*,*,#3448,.T.);
#3448 = EDGE_CURVE('',#3426,#3449,#3451,.T.);
#3449 = VERTEX_POINT('',#3450);
#3450 = CARTESIAN_POINT('',(32.905,-10.81,-13.63));
#3451 = SURFACE_CURVE('',#3452,(#3456,#3463),.PCURVE_S1.);
#3452 = LINE('',#3453,#3454);
#3453 = CARTESIAN_POINT('',(32.459,-10.81,-17.35));
#3454 = VECTOR('',#3455,1.);
#3455 = DIRECTION('',(0.119039973195,0.,0.992889462519));
#3456 = PCURVE('',#72,#3457);
#3457 = DEFINITIONAL_REPRESENTATION('',(#3458),#3462);
#3458 = LINE('',#3459,#3460);
#3459 = CARTESIAN_POINT('',(16.398341493557,30.965193640739));
#3460 = VECTOR('',#3461,1.);
#3461 = DIRECTION('',(-0.992889462519,0.119039973195));
#3462 = ( GEOMETRIC_REPRESENTATION_CONTEXT(2) 
PARAMETRIC_REPRESENTATION_CONTEXT() REPRESENTATION_CONTEXT('2D SPACE',''
  ) );
#3463 = PCURVE('',#1902,#3464);
#3464 = DEFINITIONAL_REPRESENTATION('',(#3465),#3469);
#3465 = LINE('',#3466,#3467);
#3466 = CARTESIAN_POINT('',(0.,-10.81));
#3467 = VECTOR('',#3468,1.);
#3468 = DIRECTION('',(1.,0.));
#3469 = ( GEOMETRIC_REPRESENTATION_CONTEXT(2) 
PARAMETRIC_REPRESENTATION_CONTEXT() REPRESENTATION_CONTEXT('2D SPACE',''
  ) );
#3470 = ORIENTED_EDGE('',*,*,#3471,.T.);
#3471 = EDGE_CURVE('',#3449,#3472,#3474,.T.);
#3472 = VERTEX_POINT('',#3473);
#3473 = CARTESIAN_POINT('',(32.391,-10.81,-9.826));
#3474 = SURFACE_CURVE('',#3475,(#3479,#3486),.PCURVE_S1.);
#3475 = LINE('',#3476,#3477);
#3476 = CARTESIAN_POINT('',(32.905,-10.81,-13.63));
#3477 = VECTOR('',#3478,1.);
#3478 = DIRECTION('',(-0.133904066708,0.,0.990994299136));
#3479 = PCURVE('',#72,#3480);
#3480 = DEFINITIONAL_REPRESENTATION('',(#3481),#3485);
#3481 = LINE('',#3482,#3483);
#3482 = CARTESIAN_POINT('',(12.678341493557,31.411193640739));
#3483 = VECTOR('',#3484,1.);
#3484 = DIRECTION('',(-0.990994299136,-0.133904066708));
#3485 = ( GEOMETRIC_REPRESENTATION_CONTEXT(2) 
PARAMETRIC_REPRESENTATION_CONTEXT() REPRESENTATION_CONTEXT('2D SPACE',''
  ) );
#3486 = PCURVE('',#1930,#3487);
#3487 = DEFINITIONAL_REPRESENTATION('',(#3488),#3492);
#3488 = LINE('',#3489,#3490);
#3489 = CARTESIAN_POINT('',(0.,-10.81));
#3490 = VECTOR('',#3491,1.);
#3491 = DIRECTION('',(1.,0.));
#3492 = ( GEOMETRIC_REPRESENTATION_CONTEXT(2) 
PARAMETRIC_REPRESENTATION_CONTEXT() REPRESENTATION_CONTEXT('2D SPACE',''
  ) );
#3493 = ORIENTED_EDGE('',*,*,#3494,.T.);
#3494 = EDGE_CURVE('',#3472,#3495,#3497,.T.);
#3495 = VERTEX_POINT('',#3496);
#3496 = CARTESIAN_POINT('',(31.322,-10.81,-6.23));
#3497 = SURFACE_CURVE('',#3498,(#3502,#3509),.PCURVE_S1.);
#3498 = LINE('',#3499,#3500);
#3499 = CARTESIAN_POINT('',(32.391,-10.81,-9.826));
#3500 = VECTOR('',#3501,1.);
#3501 = DIRECTION('',(-0.284950410352,0.,0.958542259705));
#3502 = PCURVE('',#72,#3503);
#3503 = DEFINITIONAL_REPRESENTATION('',(#3504),#3508);
#3504 = LINE('',#3505,#3506);
#3505 = CARTESIAN_POINT('',(8.874341493557,30.897193640739));
#3506 = VECTOR('',#3507,1.);
#3507 = DIRECTION('',(-0.958542259705,-0.284950410352));
#3508 = ( GEOMETRIC_REPRESENTATION_CONTEXT(2) 
PARAMETRIC_REPRESENTATION_CONTEXT() REPRESENTATION_CONTEXT('2D SPACE',''
  ) );
#3509 = PCURVE('',#1958,#3510);
#3510 = DEFINITIONAL_REPRESENTATION('',(#3511),#3515);
#3511 = LINE('',#3512,#3513);
#3512 = CARTESIAN_POINT('',(0.,-10.81));
#3513 = VECTOR('',#3514,1.);
#3514 = DIRECTION('',(1.,0.));
#3515 = ( GEOMETRIC_REPRESENTATION_CONTEXT(2) 
PARAMETRIC_REPRESENTATION_CONTEXT() REPRESENTATION_CONTEXT('2D SPACE',''
  ) );
#3516 = ORIENTED_EDGE('',*,*,#3517,.T.);
#3517 = EDGE_CURVE('',#3495,#144,#3518,.T.);
#3518 = SURFACE_CURVE('',#3519,(#3523,#3530),.PCURVE_S1.);
#3519 = LINE('',#3520,#3521);
#3520 = CARTESIAN_POINT('',(31.322,-10.81,-6.23));
#3521 = VECTOR('',#3522,1.);
#3522 = DIRECTION('',(-0.351688774673,0.,0.936116982951));
#3523 = PCURVE('',#72,#3524);
#3524 = DEFINITIONAL_REPRESENTATION('',(#3525),#3529);
#3525 = LINE('',#3526,#3527);
#3526 = CARTESIAN_POINT('',(5.278341493557,29.828193640739));
#3527 = VECTOR('',#3528,1.);
#3528 = DIRECTION('',(-0.936116982951,-0.351688774673));
#3529 = ( GEOMETRIC_REPRESENTATION_CONTEXT(2) 
PARAMETRIC_REPRESENTATION_CONTEXT() REPRESENTATION_CONTEXT('2D SPACE',''
  ) );
#3530 = PCURVE('',#159,#3531);
#3531 = DEFINITIONAL_REPRESENTATION('',(#3532),#3536);
#3532 = LINE('',#3533,#3534);
#3533 = CARTESIAN_POINT('',(0.,-10.81));
#3534 = VECTOR('',#3535,1.);
#3535 = DIRECTION('',(1.,0.));
#3536 = ( GEOMETRIC_REPRESENTATION_CONTEXT(2) 
PARAMETRIC_REPRESENTATION_CONTEXT() REPRESENTATION_CONTEXT('2D SPACE',''
  ) );
#3537 = ORIENTED_EDGE('',*,*,#171,.T.);
#3538 = FACE_BOUND('',#3539,.T.);
#3539 = EDGE_LOOP('',(#3540));
#3540 = ORIENTED_EDGE('',*,*,#3541,.F.);
#3541 = EDGE_CURVE('',#3542,#3542,#3544,.T.);
#3542 = VERTEX_POINT('',#3543);
#3543 = CARTESIAN_POINT('',(8.72,-10.81,-2.135784017713E-15));
#3544 = SURFACE_CURVE('',#3545,(#3550,#3557),.PCURVE_S1.);
#3545 = CIRCLE('',#3546,8.72);
#3546 = AXIS2_PLACEMENT_3D('',#3547,#3548,#3549);
#3547 = CARTESIAN_POINT('',(0.,-10.81,0.));
#3548 = DIRECTION('',(0.,-1.,0.));
#3549 = DIRECTION('',(1.,0.,0.));
#3550 = PCURVE('',#72,#3551);
#3551 = DEFINITIONAL_REPRESENTATION('',(#3552),#3556);
#3552 = CIRCLE('',#3553,8.72);
#3553 = AXIS2_PLACEMENT_2D('',#3554,#3555);
#3554 = CARTESIAN_POINT('',(-0.951658506443,-1.493806359261));
#3555 = DIRECTION('',(0.,1.));
#3556 = ( GEOMETRIC_REPRESENTATION_CONTEXT(2) 
PARAMETRIC_REPRESENTATION_CONTEXT() REPRESENTATION_CONTEXT('2D SPACE',''
  ) );
#3557 = PCURVE('',#3558,#3563);
#3558 = CYLINDRICAL_SURFACE('',#3559,8.72);
#3559 = AXIS2_PLACEMENT_3D('',#3560,#3561,#3562);
#3560 = CARTESIAN_POINT('',(0.,-9.4,0.));
#3561 = DIRECTION('',(0.,-1.,0.));
#3562 = DIRECTION('',(1.,0.,0.));
#3563 = DEFINITIONAL_REPRESENTATION('',(#3564),#3568);
#3564 = LINE('',#3565,#3566);
#3565 = CARTESIAN_POINT('',(0.,1.41));
#3566 = VECTOR('',#3567,1.);
#3567 = DIRECTION('',(1.,0.));
#3568 = ( GEOMETRIC_REPRESENTATION_CONTEXT(2) 
PARAMETRIC_REPRESENTATION_CONTEXT() REPRESENTATION_CONTEXT('2D SPACE',''
  ) );
#3569 = FACE_BOUND('',#3570,.T.);
#3570 = EDGE_LOOP('',(#3571));
#3571 = ORIENTED_EDGE('',*,*,#3572,.F.);
#3572 = EDGE_CURVE('',#3573,#3573,#3575,.T.);
#3573 = VERTEX_POINT('',#3574);
#3574 = CARTESIAN_POINT('',(14.495,-10.81,-2.204364238465E-16));
#3575 = SURFACE_CURVE('',#3576,(#3581,#3588),.PCURVE_S1.);
#3576 = CIRCLE('',#3577,0.9);
#3577 = AXIS2_PLACEMENT_3D('',#3578,#3579,#3580);
#3578 = CARTESIAN_POINT('',(13.595,-10.81,0.));
#3579 = DIRECTION('',(0.,-1.,0.));
#3580 = DIRECTION('',(1.,0.,0.));
#3581 = PCURVE('',#72,#3582);
#3582 = DEFINITIONAL_REPRESENTATION('',(#3583),#3587);
#3583 = CIRCLE('',#3584,0.9);
#3584 = AXIS2_PLACEMENT_2D('',#3585,#3586);
#3585 = CARTESIAN_POINT('',(-0.951658506443,12.101193640739));
#3586 = DIRECTION('',(0.,1.));
#3587 = ( GEOMETRIC_REPRESENTATION_CONTEXT(2) 
PARAMETRIC_REPRESENTATION_CONTEXT() REPRESENTATION_CONTEXT('2D SPACE',''
  ) );
#3588 = PCURVE('',#2120,#3589);
#3589 = DEFINITIONAL_REPRESENTATION('',(#3590),#3594);
#3590 = LINE('',#3591,#3592);
#3591 = CARTESIAN_POINT('',(0.,15.51));
#3592 = VECTOR('',#3593,1.);
#3593 = DIRECTION('',(1.,0.));
#3594 = ( GEOMETRIC_REPRESENTATION_CONTEXT(2) 
PARAMETRIC_REPRESENTATION_CONTEXT() REPRESENTATION_CONTEXT('2D SPACE',''
  ) );
#3595 = ADVANCED_FACE('',(#3596),#159,.F.);
#3596 = FACE_BOUND('',#3597,.F.);
#3597 = EDGE_LOOP('',(#3598,#3619,#3620,#3621));
#3598 = ORIENTED_EDGE('',*,*,#3599,.T.);
#3599 = EDGE_CURVE('',#1943,#3495,#3600,.T.);
#3600 = SURFACE_CURVE('',#3601,(#3605,#3612),.PCURVE_S1.);
#3601 = LINE('',#3602,#3603);
#3602 = CARTESIAN_POINT('',(31.322,0.,-6.23));
#3603 = VECTOR('',#3604,1.);
#3604 = DIRECTION('',(0.,-1.,0.));
#3605 = PCURVE('',#159,#3606);
#3606 = DEFINITIONAL_REPRESENTATION('',(#3607),#3611);
#3607 = LINE('',#3608,#3609);
#3608 = CARTESIAN_POINT('',(0.,0.));
#3609 = VECTOR('',#3610,1.);
#3610 = DIRECTION('',(0.,-1.));
#3611 = ( GEOMETRIC_REPRESENTATION_CONTEXT(2) 
PARAMETRIC_REPRESENTATION_CONTEXT() REPRESENTATION_CONTEXT('2D SPACE',''
  ) );
#3612 = PCURVE('',#1958,#3613);
#3613 = DEFINITIONAL_REPRESENTATION('',(#3614),#3618);
#3614 = LINE('',#3615,#3616);
#3615 = CARTESIAN_POINT('',(3.751529954565,0.));
#3616 = VECTOR('',#3617,1.);
#3617 = DIRECTION('',(0.,-1.));
#3618 = ( GEOMETRIC_REPRESENTATION_CONTEXT(2) 
PARAMETRIC_REPRESENTATION_CONTEXT() REPRESENTATION_CONTEXT('2D SPACE',''
  ) );
#3619 = ORIENTED_EDGE('',*,*,#3517,.T.);
#3620 = ORIENTED_EDGE('',*,*,#141,.F.);
#3621 = ORIENTED_EDGE('',*,*,#1970,.F.);
#3622 = ADVANCED_FACE('',(#3623),#257,.F.);
#3623 = FACE_BOUND('',#3624,.F.);
#3624 = EDGE_LOOP('',(#3625,#3626,#3627,#3648));
#3625 = ORIENTED_EDGE('',*,*,#241,.T.);
#3626 = ORIENTED_EDGE('',*,*,#2137,.T.);
#3627 = ORIENTED_EDGE('',*,*,#3628,.F.);
#3628 = EDGE_CURVE('',#296,#2138,#3629,.T.);
#3629 = SURFACE_CURVE('',#3630,(#3634,#3641),.PCURVE_S1.);
#3630 = LINE('',#3631,#3632);
#3631 = CARTESIAN_POINT('',(26.197,0.,7.947));
#3632 = VECTOR('',#3633,1.);
#3633 = DIRECTION('',(0.,-1.,0.));
#3634 = PCURVE('',#257,#3635);
#3635 = DEFINITIONAL_REPRESENTATION('',(#3636),#3640);
#3636 = LINE('',#3637,#3638);
#3637 = CARTESIAN_POINT('',(2.7101020276,0.));
#3638 = VECTOR('',#3639,1.);
#3639 = DIRECTION('',(0.,-1.));
#3640 = ( GEOMETRIC_REPRESENTATION_CONTEXT(2) 
PARAMETRIC_REPRESENTATION_CONTEXT() REPRESENTATION_CONTEXT('2D SPACE',''
  ) );
#3641 = PCURVE('',#334,#3642);
#3642 = DEFINITIONAL_REPRESENTATION('',(#3643),#3647);
#3643 = LINE('',#3644,#3645);
#3644 = CARTESIAN_POINT('',(0.,0.));
#3645 = VECTOR('',#3646,1.);
#3646 = DIRECTION('',(0.,-1.));
#3647 = ( GEOMETRIC_REPRESENTATION_CONTEXT(2) 
PARAMETRIC_REPRESENTATION_CONTEXT() REPRESENTATION_CONTEXT('2D SPACE',''
  ) );
#3648 = ORIENTED_EDGE('',*,*,#295,.F.);
#3649 = ADVANCED_FACE('',(#3650),#1958,.F.);
#3650 = FACE_BOUND('',#3651,.F.);
#3651 = EDGE_LOOP('',(#3652,#3673,#3674,#3675));
#3652 = ORIENTED_EDGE('',*,*,#3653,.T.);
#3653 = EDGE_CURVE('',#1915,#3472,#3654,.T.);
#3654 = SURFACE_CURVE('',#3655,(#3659,#3666),.PCURVE_S1.);
#3655 = LINE('',#3656,#3657);
#3656 = CARTESIAN_POINT('',(32.391,0.,-9.826));
#3657 = VECTOR('',#3658,1.);
#3658 = DIRECTION('',(0.,-1.,0.));
#3659 = PCURVE('',#1958,#3660);
#3660 = DEFINITIONAL_REPRESENTATION('',(#3661),#3665);
#3661 = LINE('',#3662,#3663);
#3662 = CARTESIAN_POINT('',(0.,0.));
#3663 = VECTOR('',#3664,1.);
#3664 = DIRECTION('',(0.,-1.));
#3665 = ( GEOMETRIC_REPRESENTATION_CONTEXT(2) 
PARAMETRIC_REPRESENTATION_CONTEXT() REPRESENTATION_CONTEXT('2D SPACE',''
  ) );
#3666 = PCURVE('',#1930,#3667);
#3667 = DEFINITIONAL_REPRESENTATION('',(#3668),#3672);
#3668 = LINE('',#3669,#3670);
#3669 = CARTESIAN_POINT('',(3.838569004199,0.));
#3670 = VECTOR('',#3671,1.);
#3671 = DIRECTION('',(0.,-1.));
#3672 = ( GEOMETRIC_REPRESENTATION_CONTEXT(2) 
PARAMETRIC_REPRESENTATION_CONTEXT() REPRESENTATION_CONTEXT('2D SPACE',''
  ) );
#3673 = ORIENTED_EDGE('',*,*,#3494,.T.);
#3674 = ORIENTED_EDGE('',*,*,#3599,.F.);
#3675 = ORIENTED_EDGE('',*,*,#1942,.F.);
#3676 = ADVANCED_FACE('',(#3677),#334,.F.);
#3677 = FACE_BOUND('',#3678,.F.);
#3678 = EDGE_LOOP('',(#3679,#3680,#3681,#3702));
#3679 = ORIENTED_EDGE('',*,*,#3628,.T.);
#3680 = ORIENTED_EDGE('',*,*,#2160,.T.);
#3681 = ORIENTED_EDGE('',*,*,#3682,.F.);
#3682 = EDGE_CURVE('',#319,#2161,#3683,.T.);
#3683 = SURFACE_CURVE('',#3684,(#3688,#3695),.PCURVE_S1.);
#3684 = LINE('',#3685,#3686);
#3685 = CARTESIAN_POINT('',(25.186,0.,10.432));
#3686 = VECTOR('',#3687,1.);
#3687 = DIRECTION('',(0.,-1.,0.));
#3688 = PCURVE('',#334,#3689);
#3689 = DEFINITIONAL_REPRESENTATION('',(#3690),#3694);
#3690 = LINE('',#3691,#3692);
#3691 = CARTESIAN_POINT('',(2.682786983717,0.));
#3692 = VECTOR('',#3693,1.);
#3693 = DIRECTION('',(0.,-1.));
#3694 = ( GEOMETRIC_REPRESENTATION_CONTEXT(2) 
PARAMETRIC_REPRESENTATION_CONTEXT() REPRESENTATION_CONTEXT('2D SPACE',''
  ) );
#3695 = PCURVE('',#362,#3696);
#3696 = DEFINITIONAL_REPRESENTATION('',(#3697),#3701);
#3697 = LINE('',#3698,#3699);
#3698 = CARTESIAN_POINT('',(0.,0.));
#3699 = VECTOR('',#3700,1.);
#3700 = DIRECTION('',(0.,-1.));
#3701 = ( GEOMETRIC_REPRESENTATION_CONTEXT(2) 
PARAMETRIC_REPRESENTATION_CONTEXT() REPRESENTATION_CONTEXT('2D SPACE',''
  ) );
#3702 = ORIENTED_EDGE('',*,*,#318,.F.);
#3703 = ADVANCED_FACE('',(#3704),#1930,.F.);
#3704 = FACE_BOUND('',#3705,.F.);
#3705 = EDGE_LOOP('',(#3706,#3727,#3728,#3729));
#3706 = ORIENTED_EDGE('',*,*,#3707,.T.);
#3707 = EDGE_CURVE('',#1887,#3449,#3708,.T.);
#3708 = SURFACE_CURVE('',#3709,(#3713,#3720),.PCURVE_S1.);
#3709 = LINE('',#3710,#3711);
#3710 = CARTESIAN_POINT('',(32.905,0.,-13.63));
#3711 = VECTOR('',#3712,1.);
#3712 = DIRECTION('',(0.,-1.,0.));
#3713 = PCURVE('',#1930,#3714);
#3714 = DEFINITIONAL_REPRESENTATION('',(#3715),#3719);
#3715 = LINE('',#3716,#3717);
#3716 = CARTESIAN_POINT('',(0.,0.));
#3717 = VECTOR('',#3718,1.);
#3718 = DIRECTION('',(0.,-1.));
#3719 = ( GEOMETRIC_REPRESENTATION_CONTEXT(2) 
PARAMETRIC_REPRESENTATION_CONTEXT() REPRESENTATION_CONTEXT('2D SPACE',''
  ) );
#3720 = PCURVE('',#1902,#3721);
#3721 = DEFINITIONAL_REPRESENTATION('',(#3722),#3726);
#3722 = LINE('',#3723,#3724);
#3723 = CARTESIAN_POINT('',(3.746640628617,0.));
#3724 = VECTOR('',#3725,1.);
#3725 = DIRECTION('',(0.,-1.));
#3726 = ( GEOMETRIC_REPRESENTATION_CONTEXT(2) 
PARAMETRIC_REPRESENTATION_CONTEXT() REPRESENTATION_CONTEXT('2D SPACE',''
  ) );
#3727 = ORIENTED_EDGE('',*,*,#3471,.T.);
#3728 = ORIENTED_EDGE('',*,*,#3653,.F.);
#3729 = ORIENTED_EDGE('',*,*,#1914,.F.);
#3730 = ADVANCED_FACE('',(#3731),#362,.F.);
#3731 = FACE_BOUND('',#3732,.F.);
#3732 = EDGE_LOOP('',(#3733,#3734,#3735,#3756));
#3733 = ORIENTED_EDGE('',*,*,#3682,.T.);
#3734 = ORIENTED_EDGE('',*,*,#2183,.T.);
#3735 = ORIENTED_EDGE('',*,*,#3736,.F.);
#3736 = EDGE_CURVE('',#347,#2184,#3737,.T.);
#3737 = SURFACE_CURVE('',#3738,(#3742,#3749),.PCURVE_S1.);
#3738 = LINE('',#3739,#3740);
#3739 = CARTESIAN_POINT('',(24.001,0.,12.829));
#3740 = VECTOR('',#3741,1.);
#3741 = DIRECTION('',(0.,-1.,0.));
#3742 = PCURVE('',#362,#3743);
#3743 = DEFINITIONAL_REPRESENTATION('',(#3744),#3748);
#3744 = LINE('',#3745,#3746);
#3745 = CARTESIAN_POINT('',(2.673917351004,0.));
#3746 = VECTOR('',#3747,1.);
#3747 = DIRECTION('',(0.,-1.));
#3748 = ( GEOMETRIC_REPRESENTATION_CONTEXT(2) 
PARAMETRIC_REPRESENTATION_CONTEXT() REPRESENTATION_CONTEXT('2D SPACE',''
  ) );
#3749 = PCURVE('',#390,#3750);
#3750 = DEFINITIONAL_REPRESENTATION('',(#3751),#3755);
#3751 = LINE('',#3752,#3753);
#3752 = CARTESIAN_POINT('',(0.,0.));
#3753 = VECTOR('',#3754,1.);
#3754 = DIRECTION('',(0.,-1.));
#3755 = ( GEOMETRIC_REPRESENTATION_CONTEXT(2) 
PARAMETRIC_REPRESENTATION_CONTEXT() REPRESENTATION_CONTEXT('2D SPACE',''
  ) );
#3756 = ORIENTED_EDGE('',*,*,#346,.F.);
#3757 = ADVANCED_FACE('',(#3758),#1902,.F.);
#3758 = FACE_BOUND('',#3759,.F.);
#3759 = EDGE_LOOP('',(#3760,#3781,#3782,#3783));
#3760 = ORIENTED_EDGE('',*,*,#3761,.T.);
#3761 = EDGE_CURVE('',#1859,#3426,#3762,.T.);
#3762 = SURFACE_CURVE('',#3763,(#3767,#3774),.PCURVE_S1.);
#3763 = LINE('',#3764,#3765);
#3764 = CARTESIAN_POINT('',(32.459,0.,-17.35));
#3765 = VECTOR('',#3766,1.);
#3766 = DIRECTION('',(0.,-1.,0.));
#3767 = PCURVE('',#1902,#3768);
#3768 = DEFINITIONAL_REPRESENTATION('',(#3769),#3773);
#3769 = LINE('',#3770,#3771);
#3770 = CARTESIAN_POINT('',(0.,0.));
#3771 = VECTOR('',#3772,1.);
#3772 = DIRECTION('',(0.,-1.));
#3773 = ( GEOMETRIC_REPRESENTATION_CONTEXT(2) 
PARAMETRIC_REPRESENTATION_CONTEXT() REPRESENTATION_CONTEXT('2D SPACE',''
  ) );
#3774 = PCURVE('',#1874,#3775);
#3775 = DEFINITIONAL_REPRESENTATION('',(#3776),#3780);
#3776 = LINE('',#3777,#3778);
#3777 = CARTESIAN_POINT('',(3.635847219012,0.));
#3778 = VECTOR('',#3779,1.);
#3779 = DIRECTION('',(0.,-1.));
#3780 = ( GEOMETRIC_REPRESENTATION_CONTEXT(2) 
PARAMETRIC_REPRESENTATION_CONTEXT() REPRESENTATION_CONTEXT('2D SPACE',''
  ) );
#3781 = ORIENTED_EDGE('',*,*,#3448,.T.);
#3782 = ORIENTED_EDGE('',*,*,#3707,.F.);
#3783 = ORIENTED_EDGE('',*,*,#1886,.F.);
#3784 = ADVANCED_FACE('',(#3785),#390,.F.);
#3785 = FACE_BOUND('',#3786,.F.);
#3786 = EDGE_LOOP('',(#3787,#3788,#3789,#3810));
#3787 = ORIENTED_EDGE('',*,*,#3736,.T.);
#3788 = ORIENTED_EDGE('',*,*,#2206,.T.);
#3789 = ORIENTED_EDGE('',*,*,#3790,.F.);
#3790 = EDGE_CURVE('',#375,#2207,#3791,.T.);
#3791 = SURFACE_CURVE('',#3792,(#3796,#3803),.PCURVE_S1.);
#3792 = LINE('',#3793,#3794);
#3793 = CARTESIAN_POINT('',(22.614,0.,15.11));
#3794 = VECTOR('',#3795,1.);
#3795 = DIRECTION('',(0.,-1.,0.));
#3796 = PCURVE('',#390,#3797);
#3797 = DEFINITIONAL_REPRESENTATION('',(#3798),#3802);
#3798 = LINE('',#3799,#3800);
#3799 = CARTESIAN_POINT('',(2.66959360203,0.));
#3800 = VECTOR('',#3801,1.);
#3801 = DIRECTION('',(0.,-1.));
#3802 = ( GEOMETRIC_REPRESENTATION_CONTEXT(2) 
PARAMETRIC_REPRESENTATION_CONTEXT() REPRESENTATION_CONTEXT('2D SPACE',''
  ) );
#3803 = PCURVE('',#418,#3804);
#3804 = DEFINITIONAL_REPRESENTATION('',(#3805),#3809);
#3805 = LINE('',#3806,#3807);
#3806 = CARTESIAN_POINT('',(0.,0.));
#3807 = VECTOR('',#3808,1.);
#3808 = DIRECTION('',(0.,-1.));
#3809 = ( GEOMETRIC_REPRESENTATION_CONTEXT(2) 
PARAMETRIC_REPRESENTATION_CONTEXT() REPRESENTATION_CONTEXT('2D SPACE',''
  ) );
#3810 = ORIENTED_EDGE('',*,*,#374,.F.);
#3811 = ADVANCED_FACE('',(#3812),#1874,.F.);
#3812 = FACE_BOUND('',#3813,.F.);
#3813 = EDGE_LOOP('',(#3814,#3835,#3836,#3837));
#3814 = ORIENTED_EDGE('',*,*,#3815,.T.);
#3815 = EDGE_CURVE('',#1831,#3403,#3816,.T.);
#3816 = SURFACE_CURVE('',#3817,(#3821,#3828),.PCURVE_S1.);
#3817 = LINE('',#3818,#3819);
#3818 = CARTESIAN_POINT('',(30.835,0.,-20.603));
#3819 = VECTOR('',#3820,1.);
#3820 = DIRECTION('',(0.,-1.,0.));
#3821 = PCURVE('',#1874,#3822);
#3822 = DEFINITIONAL_REPRESENTATION('',(#3823),#3827);
#3823 = LINE('',#3824,#3825);
#3824 = CARTESIAN_POINT('',(0.,0.));
#3825 = VECTOR('',#3826,1.);
#3826 = DIRECTION('',(0.,-1.));
#3827 = ( GEOMETRIC_REPRESENTATION_CONTEXT(2) 
PARAMETRIC_REPRESENTATION_CONTEXT() REPRESENTATION_CONTEXT('2D SPACE',''
  ) );
#3828 = PCURVE('',#1846,#3829);
#3829 = DEFINITIONAL_REPRESENTATION('',(#3830),#3834);
#3830 = LINE('',#3831,#3832);
#3831 = CARTESIAN_POINT('',(3.674004354924,0.));
#3832 = VECTOR('',#3833,1.);
#3833 = DIRECTION('',(0.,-1.));
#3834 = ( GEOMETRIC_REPRESENTATION_CONTEXT(2) 
PARAMETRIC_REPRESENTATION_CONTEXT() REPRESENTATION_CONTEXT('2D SPACE',''
  ) );
#3835 = ORIENTED_EDGE('',*,*,#3425,.T.);
#3836 = ORIENTED_EDGE('',*,*,#3761,.F.);
#3837 = ORIENTED_EDGE('',*,*,#1858,.F.);
#3838 = ADVANCED_FACE('',(#3839),#418,.F.);
#3839 = FACE_BOUND('',#3840,.F.);
#3840 = EDGE_LOOP('',(#3841,#3842,#3843,#3864));
#3841 = ORIENTED_EDGE('',*,*,#3790,.T.);
#3842 = ORIENTED_EDGE('',*,*,#2229,.T.);
#3843 = ORIENTED_EDGE('',*,*,#3844,.F.);
#3844 = EDGE_CURVE('',#403,#2230,#3845,.T.);
#3845 = SURFACE_CURVE('',#3846,(#3850,#3857),.PCURVE_S1.);
#3846 = LINE('',#3847,#3848);
#3847 = CARTESIAN_POINT('',(21.02,0.,17.251));
#3848 = VECTOR('',#3849,1.);
#3849 = DIRECTION('',(0.,-1.,0.));
#3850 = PCURVE('',#418,#3851);
#3851 = DEFINITIONAL_REPRESENTATION('',(#3852),#3856);
#3852 = LINE('',#3853,#3854);
#3853 = CARTESIAN_POINT('',(2.669216551724,0.));
#3854 = VECTOR('',#3855,1.);
#3855 = DIRECTION('',(0.,-1.));
#3856 = ( GEOMETRIC_REPRESENTATION_CONTEXT(2) 
PARAMETRIC_REPRESENTATION_CONTEXT() REPRESENTATION_CONTEXT('2D SPACE',''
  ) );
#3857 = PCURVE('',#446,#3858);
#3858 = DEFINITIONAL_REPRESENTATION('',(#3859),#3863);
#3859 = LINE('',#3860,#3861);
#3860 = CARTESIAN_POINT('',(0.,0.));
#3861 = VECTOR('',#3862,1.);
#3862 = DIRECTION('',(0.,-1.));
#3863 = ( GEOMETRIC_REPRESENTATION_CONTEXT(2) 
PARAMETRIC_REPRESENTATION_CONTEXT() REPRESENTATION_CONTEXT('2D SPACE',''
  ) );
#3864 = ORIENTED_EDGE('',*,*,#402,.F.);
#3865 = ADVANCED_FACE('',(#3866),#1846,.F.);
#3866 = FACE_BOUND('',#3867,.F.);
#3867 = EDGE_LOOP('',(#3868,#3889,#3890,#3891));
#3868 = ORIENTED_EDGE('',*,*,#3869,.T.);
#3869 = EDGE_CURVE('',#1803,#3380,#3870,.T.);
#3870 = SURFACE_CURVE('',#3871,(#3875,#3882),.PCURVE_S1.);
#3871 = LINE('',#3872,#3873);
#3872 = CARTESIAN_POINT('',(28.117,0.,-23.075));
#3873 = VECTOR('',#3874,1.);
#3874 = DIRECTION('',(0.,-1.,0.));
#3875 = PCURVE('',#1846,#3876);
#3876 = DEFINITIONAL_REPRESENTATION('',(#3877),#3881);
#3877 = LINE('',#3878,#3879);
#3878 = CARTESIAN_POINT('',(0.,0.));
#3879 = VECTOR('',#3880,1.);
#3880 = DIRECTION('',(0.,-1.));
#3881 = ( GEOMETRIC_REPRESENTATION_CONTEXT(2) 
PARAMETRIC_REPRESENTATION_CONTEXT() REPRESENTATION_CONTEXT('2D SPACE',''
  ) );
#3882 = PCURVE('',#1818,#3883);
#3883 = DEFINITIONAL_REPRESENTATION('',(#3884),#3888);
#3884 = LINE('',#3885,#3886);
#3885 = CARTESIAN_POINT('',(3.802542833421,0.));
#3886 = VECTOR('',#3887,1.);
#3887 = DIRECTION('',(0.,-1.));
#3888 = ( GEOMETRIC_REPRESENTATION_CONTEXT(2) 
PARAMETRIC_REPRESENTATION_CONTEXT() REPRESENTATION_CONTEXT('2D SPACE',''
  ) );
#3889 = ORIENTED_EDGE('',*,*,#3402,.T.);
#3890 = ORIENTED_EDGE('',*,*,#3815,.F.);
#3891 = ORIENTED_EDGE('',*,*,#1830,.F.);
#3892 = ADVANCED_FACE('',(#3893),#446,.F.);
#3893 = FACE_BOUND('',#3894,.F.);
#3894 = EDGE_LOOP('',(#3895,#3896,#3897,#3918));
#3895 = ORIENTED_EDGE('',*,*,#3844,.T.);
#3896 = ORIENTED_EDGE('',*,*,#2252,.T.);
#3897 = ORIENTED_EDGE('',*,*,#3898,.F.);
#3898 = EDGE_CURVE('',#431,#2253,#3899,.T.);
#3899 = SURFACE_CURVE('',#3900,(#3904,#3911),.PCURVE_S1.);
#3900 = LINE('',#3901,#3902);
#3901 = CARTESIAN_POINT('',(19.227,0.,19.227));
#3902 = VECTOR('',#3903,1.);
#3903 = DIRECTION('',(0.,-1.,0.));
#3904 = PCURVE('',#446,#3905);
#3905 = DEFINITIONAL_REPRESENTATION('',(#3906),#3910);
#3906 = LINE('',#3907,#3908);
#3907 = CARTESIAN_POINT('',(2.66822506547,0.));
#3908 = VECTOR('',#3909,1.);
#3909 = DIRECTION('',(0.,-1.));
#3910 = ( GEOMETRIC_REPRESENTATION_CONTEXT(2) 
PARAMETRIC_REPRESENTATION_CONTEXT() REPRESENTATION_CONTEXT('2D SPACE',''
  ) );
#3911 = PCURVE('',#474,#3912);
#3912 = DEFINITIONAL_REPRESENTATION('',(#3913),#3917);
#3913 = LINE('',#3914,#3915);
#3914 = CARTESIAN_POINT('',(0.,0.));
#3915 = VECTOR('',#3916,1.);
#3916 = DIRECTION('',(0.,-1.));
#3917 = ( GEOMETRIC_REPRESENTATION_CONTEXT(2) 
PARAMETRIC_REPRESENTATION_CONTEXT() REPRESENTATION_CONTEXT('2D SPACE',''
  ) );
#3918 = ORIENTED_EDGE('',*,*,#430,.F.);
#3919 = ADVANCED_FACE('',(#3920),#1818,.F.);
#3920 = FACE_BOUND('',#3921,.F.);
#3921 = EDGE_LOOP('',(#3922,#3943,#3944,#3945));
#3922 = ORIENTED_EDGE('',*,*,#3923,.T.);
#3923 = EDGE_CURVE('',#1775,#3357,#3924,.T.);
#3924 = SURFACE_CURVE('',#3925,(#3929,#3936),.PCURVE_S1.);
#3925 = LINE('',#3926,#3927);
#3926 = CARTESIAN_POINT('',(24.661,0.,-24.661));
#3927 = VECTOR('',#3928,1.);
#3928 = DIRECTION('',(0.,-1.,0.));
#3929 = PCURVE('',#1818,#3930);
#3930 = DEFINITIONAL_REPRESENTATION('',(#3931),#3935);
#3931 = LINE('',#3932,#3933);
#3932 = CARTESIAN_POINT('',(0.,0.));
#3933 = VECTOR('',#3934,1.);
#3934 = DIRECTION('',(0.,-1.));
#3935 = ( GEOMETRIC_REPRESENTATION_CONTEXT(2) 
PARAMETRIC_REPRESENTATION_CONTEXT() REPRESENTATION_CONTEXT('2D SPACE',''
  ) );
#3936 = PCURVE('',#1790,#3937);
#3937 = DEFINITIONAL_REPRESENTATION('',(#3938),#3942);
#3938 = LINE('',#3939,#3940);
#3939 = CARTESIAN_POINT('',(3.824830061584,0.));
#3940 = VECTOR('',#3941,1.);
#3941 = DIRECTION('',(0.,-1.));
#3942 = ( GEOMETRIC_REPRESENTATION_CONTEXT(2) 
PARAMETRIC_REPRESENTATION_CONTEXT() REPRESENTATION_CONTEXT('2D SPACE',''
  ) );
#3943 = ORIENTED_EDGE('',*,*,#3379,.T.);
#3944 = ORIENTED_EDGE('',*,*,#3869,.F.);
#3945 = ORIENTED_EDGE('',*,*,#1802,.F.);
#3946 = ADVANCED_FACE('',(#3947),#474,.F.);
#3947 = FACE_BOUND('',#3948,.F.);
#3948 = EDGE_LOOP('',(#3949,#3950,#3951,#3972));
#3949 = ORIENTED_EDGE('',*,*,#3898,.T.);
#3950 = ORIENTED_EDGE('',*,*,#2275,.T.);
#3951 = ORIENTED_EDGE('',*,*,#3952,.F.);
#3952 = EDGE_CURVE('',#459,#2276,#3953,.T.);
#3953 = SURFACE_CURVE('',#3954,(#3958,#3965),.PCURVE_S1.);
#3954 = LINE('',#3955,#3956);
#3955 = CARTESIAN_POINT('',(17.249,0.,21.018));
#3956 = VECTOR('',#3957,1.);
#3957 = DIRECTION('',(0.,-1.,0.));
#3958 = PCURVE('',#474,#3959);
#3959 = DEFINITIONAL_REPRESENTATION('',(#3960),#3964);
#3960 = LINE('',#3961,#3962);
#3961 = CARTESIAN_POINT('',(2.668363730828,0.));
#3962 = VECTOR('',#3963,1.);
#3963 = DIRECTION('',(0.,-1.));
#3964 = ( GEOMETRIC_REPRESENTATION_CONTEXT(2) 
PARAMETRIC_REPRESENTATION_CONTEXT() REPRESENTATION_CONTEXT('2D SPACE',''
  ) );
#3965 = PCURVE('',#502,#3966);
#3966 = DEFINITIONAL_REPRESENTATION('',(#3967),#3971);
#3967 = LINE('',#3968,#3969);
#3968 = CARTESIAN_POINT('',(0.,0.));
#3969 = VECTOR('',#3970,1.);
#3970 = DIRECTION('',(0.,-1.));
#3971 = ( GEOMETRIC_REPRESENTATION_CONTEXT(2) 
PARAMETRIC_REPRESENTATION_CONTEXT() REPRESENTATION_CONTEXT('2D SPACE',''
  ) );
#3972 = ORIENTED_EDGE('',*,*,#458,.F.);
#3973 = ADVANCED_FACE('',(#3974),#1790,.F.);
#3974 = FACE_BOUND('',#3975,.F.);
#3975 = EDGE_LOOP('',(#3976,#3997,#3998,#3999));
#3976 = ORIENTED_EDGE('',*,*,#3977,.T.);
#3977 = EDGE_CURVE('',#1747,#3334,#3978,.T.);
#3978 = SURFACE_CURVE('',#3979,(#3983,#3990),.PCURVE_S1.);
#3979 = LINE('',#3980,#3981);
#3980 = CARTESIAN_POINT('',(20.93,0.,-25.503));
#3981 = VECTOR('',#3982,1.);
#3982 = DIRECTION('',(0.,-1.,0.));
#3983 = PCURVE('',#1790,#3984);
#3984 = DEFINITIONAL_REPRESENTATION('',(#3985),#3989);
#3985 = LINE('',#3986,#3987);
#3986 = CARTESIAN_POINT('',(0.,0.));
#3987 = VECTOR('',#3988,1.);
#3988 = DIRECTION('',(0.,-1.));
#3989 = ( GEOMETRIC_REPRESENTATION_CONTEXT(2) 
PARAMETRIC_REPRESENTATION_CONTEXT() REPRESENTATION_CONTEXT('2D SPACE',''
  ) );
#3990 = PCURVE('',#1762,#3991);
#3991 = DEFINITIONAL_REPRESENTATION('',(#3992),#3996);
#3992 = LINE('',#3993,#3994);
#3993 = CARTESIAN_POINT('',(3.650783614513,0.));
#3994 = VECTOR('',#3995,1.);
#3995 = DIRECTION('',(0.,-1.));
#3996 = ( GEOMETRIC_REPRESENTATION_CONTEXT(2) 
PARAMETRIC_REPRESENTATION_CONTEXT() REPRESENTATION_CONTEXT('2D SPACE',''
  ) );
#3997 = ORIENTED_EDGE('',*,*,#3356,.T.);
#3998 = ORIENTED_EDGE('',*,*,#3923,.F.);
#3999 = ORIENTED_EDGE('',*,*,#1774,.F.);
#4000 = ADVANCED_FACE('',(#4001),#502,.F.);
#4001 = FACE_BOUND('',#4002,.F.);
#4002 = EDGE_LOOP('',(#4003,#4004,#4005,#4026));
#4003 = ORIENTED_EDGE('',*,*,#3952,.T.);
#4004 = ORIENTED_EDGE('',*,*,#2298,.T.);
#4005 = ORIENTED_EDGE('',*,*,#4006,.F.);
#4006 = EDGE_CURVE('',#487,#2299,#4007,.T.);
#4007 = SURFACE_CURVE('',#4008,(#4012,#4019),.PCURVE_S1.);
#4008 = LINE('',#4009,#4010);
#4009 = CARTESIAN_POINT('',(15.106,0.,22.608));
#4010 = VECTOR('',#4011,1.);
#4011 = DIRECTION('',(0.,-1.,0.));
#4012 = PCURVE('',#502,#4013);
#4013 = DEFINITIONAL_REPRESENTATION('',(#4014),#4018);
#4014 = LINE('',#4015,#4016);
#4015 = CARTESIAN_POINT('',(2.668435684067,0.));
#4016 = VECTOR('',#4017,1.);
#4017 = DIRECTION('',(0.,-1.));
#4018 = ( GEOMETRIC_REPRESENTATION_CONTEXT(2) 
PARAMETRIC_REPRESENTATION_CONTEXT() REPRESENTATION_CONTEXT('2D SPACE',''
  ) );
#4019 = PCURVE('',#530,#4020);
#4020 = DEFINITIONAL_REPRESENTATION('',(#4021),#4025);
#4021 = LINE('',#4022,#4023);
#4022 = CARTESIAN_POINT('',(0.,0.));
#4023 = VECTOR('',#4024,1.);
#4024 = DIRECTION('',(0.,-1.));
#4025 = ( GEOMETRIC_REPRESENTATION_CONTEXT(2) 
PARAMETRIC_REPRESENTATION_CONTEXT() REPRESENTATION_CONTEXT('2D SPACE',''
  ) );
#4026 = ORIENTED_EDGE('',*,*,#486,.F.);
#4027 = ADVANCED_FACE('',(#4028),#1762,.F.);
#4028 = FACE_BOUND('',#4029,.F.);
#4029 = EDGE_LOOP('',(#4030,#4051,#4052,#4053));
#4030 = ORIENTED_EDGE('',*,*,#4031,.T.);
#4031 = EDGE_CURVE('',#1719,#3311,#4032,.T.);
#4032 = SURFACE_CURVE('',#4033,(#4037,#4044),.PCURVE_S1.);
#4033 = LINE('',#4034,#4035);
#4034 = CARTESIAN_POINT('',(17.3,0.,-25.892));
#4035 = VECTOR('',#4036,1.);
#4036 = DIRECTION('',(0.,-1.,0.));
#4037 = PCURVE('',#1762,#4038);
#4038 = DEFINITIONAL_REPRESENTATION('',(#4039),#4043);
#4039 = LINE('',#4040,#4041);
#4040 = CARTESIAN_POINT('',(0.,0.));
#4041 = VECTOR('',#4042,1.);
#4042 = DIRECTION('',(0.,-1.));
#4043 = ( GEOMETRIC_REPRESENTATION_CONTEXT(2) 
PARAMETRIC_REPRESENTATION_CONTEXT() REPRESENTATION_CONTEXT('2D SPACE',''
  ) );
#4044 = PCURVE('',#1734,#4045);
#4045 = DEFINITIONAL_REPRESENTATION('',(#4046),#4050);
#4046 = LINE('',#4047,#4048);
#4047 = CARTESIAN_POINT('',(3.347637375822,0.));
#4048 = VECTOR('',#4049,1.);
#4049 = DIRECTION('',(0.,-1.));
#4050 = ( GEOMETRIC_REPRESENTATION_CONTEXT(2) 
PARAMETRIC_REPRESENTATION_CONTEXT() REPRESENTATION_CONTEXT('2D SPACE',''
  ) );
#4051 = ORIENTED_EDGE('',*,*,#3333,.T.);
#4052 = ORIENTED_EDGE('',*,*,#3977,.F.);
#4053 = ORIENTED_EDGE('',*,*,#1746,.F.);
#4054 = ADVANCED_FACE('',(#4055),#530,.F.);
#4055 = FACE_BOUND('',#4056,.F.);
#4056 = EDGE_LOOP('',(#4057,#4058,#4059,#4080));
#4057 = ORIENTED_EDGE('',*,*,#4006,.T.);
#4058 = ORIENTED_EDGE('',*,*,#2321,.T.);
#4059 = ORIENTED_EDGE('',*,*,#4060,.F.);
#4060 = EDGE_CURVE('',#515,#2322,#4061,.T.);
#4061 = SURFACE_CURVE('',#4062,(#4066,#4073),.PCURVE_S1.);
#4062 = LINE('',#4063,#4064);
#4063 = CARTESIAN_POINT('',(12.817,0.,23.979));
#4064 = VECTOR('',#4065,1.);
#4065 = DIRECTION('',(0.,-1.,0.));
#4066 = PCURVE('',#530,#4067);
#4067 = DEFINITIONAL_REPRESENTATION('',(#4068),#4072);
#4068 = LINE('',#4069,#4070);
#4069 = CARTESIAN_POINT('',(2.668175781316,0.));
#4070 = VECTOR('',#4071,1.);
#4071 = DIRECTION('',(0.,-1.));
#4072 = ( GEOMETRIC_REPRESENTATION_CONTEXT(2) 
PARAMETRIC_REPRESENTATION_CONTEXT() REPRESENTATION_CONTEXT('2D SPACE',''
  ) );
#4073 = PCURVE('',#558,#4074);
#4074 = DEFINITIONAL_REPRESENTATION('',(#4075),#4079);
#4075 = LINE('',#4076,#4077);
#4076 = CARTESIAN_POINT('',(0.,0.));
#4077 = VECTOR('',#4078,1.);
#4078 = DIRECTION('',(0.,-1.));
#4079 = ( GEOMETRIC_REPRESENTATION_CONTEXT(2) 
PARAMETRIC_REPRESENTATION_CONTEXT() REPRESENTATION_CONTEXT('2D SPACE',''
  ) );
#4080 = ORIENTED_EDGE('',*,*,#514,.F.);
#4081 = ADVANCED_FACE('',(#4082),#1734,.F.);
#4082 = FACE_BOUND('',#4083,.F.);
#4083 = EDGE_LOOP('',(#4084,#4105,#4106,#4107));
#4084 = ORIENTED_EDGE('',*,*,#4085,.T.);
#4085 = EDGE_CURVE('',#1691,#3288,#4086,.T.);
#4086 = SURFACE_CURVE('',#4087,(#4091,#4098),.PCURVE_S1.);
#4087 = LINE('',#4088,#4089);
#4088 = CARTESIAN_POINT('',(13.96,0.,-26.118));
#4089 = VECTOR('',#4090,1.);
#4090 = DIRECTION('',(0.,-1.,0.));
#4091 = PCURVE('',#1734,#4092);
#4092 = DEFINITIONAL_REPRESENTATION('',(#4093),#4097);
#4093 = LINE('',#4094,#4095);
#4094 = CARTESIAN_POINT('',(0.,0.));
#4095 = VECTOR('',#4096,1.);
#4096 = DIRECTION('',(0.,-1.));
#4097 = ( GEOMETRIC_REPRESENTATION_CONTEXT(2) 
PARAMETRIC_REPRESENTATION_CONTEXT() REPRESENTATION_CONTEXT('2D SPACE',''
  ) );
#4098 = PCURVE('',#1706,#4099);
#4099 = DEFINITIONAL_REPRESENTATION('',(#4100),#4104);
#4100 = LINE('',#4101,#4102);
#4101 = CARTESIAN_POINT('',(3.050693363811,0.));
#4102 = VECTOR('',#4103,1.);
#4103 = DIRECTION('',(0.,-1.));
#4104 = ( GEOMETRIC_REPRESENTATION_CONTEXT(2) 
PARAMETRIC_REPRESENTATION_CONTEXT() REPRESENTATION_CONTEXT('2D SPACE',''
  ) );
#4105 = ORIENTED_EDGE('',*,*,#3310,.T.);
#4106 = ORIENTED_EDGE('',*,*,#4031,.F.);
#4107 = ORIENTED_EDGE('',*,*,#1718,.F.);
#4108 = ADVANCED_FACE('',(#4109),#558,.F.);
#4109 = FACE_BOUND('',#4110,.F.);
#4110 = EDGE_LOOP('',(#4111,#4112,#4113,#4134));
#4111 = ORIENTED_EDGE('',*,*,#4060,.T.);
#4112 = ORIENTED_EDGE('',*,*,#2344,.T.);
#4113 = ORIENTED_EDGE('',*,*,#4114,.F.);
#4114 = EDGE_CURVE('',#543,#2345,#4115,.T.);
#4115 = SURFACE_CURVE('',#4116,(#4120,#4127),.PCURVE_S1.);
#4116 = LINE('',#4117,#4118);
#4117 = CARTESIAN_POINT('',(10.405,0.,25.12));
#4118 = VECTOR('',#4119,1.);
#4119 = DIRECTION('',(0.,-1.,0.));
#4120 = PCURVE('',#558,#4121);
#4121 = DEFINITIONAL_REPRESENTATION('',(#4122),#4126);
#4122 = LINE('',#4123,#4124);
#4123 = CARTESIAN_POINT('',(2.668262543304,0.));
#4124 = VECTOR('',#4125,1.);
#4125 = DIRECTION('',(0.,-1.));
#4126 = ( GEOMETRIC_REPRESENTATION_CONTEXT(2) 
PARAMETRIC_REPRESENTATION_CONTEXT() REPRESENTATION_CONTEXT('2D SPACE',''
  ) );
#4127 = PCURVE('',#586,#4128);
#4128 = DEFINITIONAL_REPRESENTATION('',(#4129),#4133);
#4129 = LINE('',#4130,#4131);
#4130 = CARTESIAN_POINT('',(0.,0.));
#4131 = VECTOR('',#4132,1.);
#4132 = DIRECTION('',(0.,-1.));
#4133 = ( GEOMETRIC_REPRESENTATION_CONTEXT(2) 
PARAMETRIC_REPRESENTATION_CONTEXT() REPRESENTATION_CONTEXT('2D SPACE',''
  ) );
#4134 = ORIENTED_EDGE('',*,*,#542,.F.);
#4135 = ADVANCED_FACE('',(#4136),#1706,.F.);
#4136 = FACE_BOUND('',#4137,.F.);
#4137 = EDGE_LOOP('',(#4138,#4159,#4160,#4161));
#4138 = ORIENTED_EDGE('',*,*,#4139,.T.);
#4139 = EDGE_CURVE('',#1663,#3265,#4140,.T.);
#4140 = SURFACE_CURVE('',#4141,(#4145,#4152),.PCURVE_S1.);
#4141 = LINE('',#4142,#4143);
#4142 = CARTESIAN_POINT('',(10.919,0.,-26.361));
#4143 = VECTOR('',#4144,1.);
#4144 = DIRECTION('',(0.,-1.,0.));
#4145 = PCURVE('',#1706,#4146);
#4146 = DEFINITIONAL_REPRESENTATION('',(#4147),#4151);
#4147 = LINE('',#4148,#4149);
#4148 = CARTESIAN_POINT('',(0.,0.));
#4149 = VECTOR('',#4150,1.);
#4150 = DIRECTION('',(0.,-1.));
#4151 = ( GEOMETRIC_REPRESENTATION_CONTEXT(2) 
PARAMETRIC_REPRESENTATION_CONTEXT() REPRESENTATION_CONTEXT('2D SPACE',''
  ) );
#4152 = PCURVE('',#1678,#4153);
#4153 = DEFINITIONAL_REPRESENTATION('',(#4154),#4158);
#4154 = LINE('',#4155,#4156);
#4155 = CARTESIAN_POINT('',(2.847845501427,0.));
#4156 = VECTOR('',#4157,1.);
#4157 = DIRECTION('',(0.,-1.));
#4158 = ( GEOMETRIC_REPRESENTATION_CONTEXT(2) 
PARAMETRIC_REPRESENTATION_CONTEXT() REPRESENTATION_CONTEXT('2D SPACE',''
  ) );
#4159 = ORIENTED_EDGE('',*,*,#3287,.T.);
#4160 = ORIENTED_EDGE('',*,*,#4085,.F.);
#4161 = ORIENTED_EDGE('',*,*,#1690,.F.);
#4162 = ADVANCED_FACE('',(#4163),#586,.F.);
#4163 = FACE_BOUND('',#4164,.F.);
#4164 = EDGE_LOOP('',(#4165,#4166,#4167,#4188));
#4165 = ORIENTED_EDGE('',*,*,#4114,.T.);
#4166 = ORIENTED_EDGE('',*,*,#2367,.T.);
#4167 = ORIENTED_EDGE('',*,*,#4168,.F.);
#4168 = EDGE_CURVE('',#571,#2368,#4169,.T.);
#4169 = SURFACE_CURVE('',#4170,(#4174,#4181),.PCURVE_S1.);
#4170 = LINE('',#4171,#4172);
#4171 = CARTESIAN_POINT('',(7.893,0.,26.02));
#4172 = VECTOR('',#4173,1.);
#4173 = DIRECTION('',(0.,-1.,0.));
#4174 = PCURVE('',#586,#4175);
#4175 = DEFINITIONAL_REPRESENTATION('',(#4176),#4180);
#4176 = LINE('',#4177,#4178);
#4177 = CARTESIAN_POINT('',(2.66835979583,0.));
#4178 = VECTOR('',#4179,1.);
#4179 = DIRECTION('',(0.,-1.));
#4180 = ( GEOMETRIC_REPRESENTATION_CONTEXT(2) 
PARAMETRIC_REPRESENTATION_CONTEXT() REPRESENTATION_CONTEXT('2D SPACE',''
  ) );
#4181 = PCURVE('',#614,#4182);
#4182 = DEFINITIONAL_REPRESENTATION('',(#4183),#4187);
#4183 = LINE('',#4184,#4185);
#4184 = CARTESIAN_POINT('',(0.,0.));
#4185 = VECTOR('',#4186,1.);
#4186 = DIRECTION('',(0.,-1.));
#4187 = ( GEOMETRIC_REPRESENTATION_CONTEXT(2) 
PARAMETRIC_REPRESENTATION_CONTEXT() REPRESENTATION_CONTEXT('2D SPACE',''
  ) );
#4188 = ORIENTED_EDGE('',*,*,#570,.F.);
#4189 = ADVANCED_FACE('',(#4190),#1678,.F.);
#4190 = FACE_BOUND('',#4191,.F.);
#4191 = EDGE_LOOP('',(#4192,#4213,#4214,#4215));
#4192 = ORIENTED_EDGE('',*,*,#4193,.T.);
#4193 = EDGE_CURVE('',#1635,#3242,#4194,.T.);
#4194 = SURFACE_CURVE('',#4195,(#4199,#4206),.PCURVE_S1.);
#4195 = LINE('',#4196,#4197);
#4196 = CARTESIAN_POINT('',(8.087,0.,-26.661));
#4197 = VECTOR('',#4198,1.);
#4198 = DIRECTION('',(0.,-1.,0.));
#4199 = PCURVE('',#1678,#4200);
#4200 = DEFINITIONAL_REPRESENTATION('',(#4201),#4205);
#4201 = LINE('',#4202,#4203);
#4202 = CARTESIAN_POINT('',(0.,0.));
#4203 = VECTOR('',#4204,1.);
#4204 = DIRECTION('',(0.,-1.));
#4205 = ( GEOMETRIC_REPRESENTATION_CONTEXT(2) 
PARAMETRIC_REPRESENTATION_CONTEXT() REPRESENTATION_CONTEXT('2D SPACE',''
  ) );
#4206 = PCURVE('',#1650,#4207);
#4207 = DEFINITIONAL_REPRESENTATION('',(#4208),#4212);
#4208 = LINE('',#4209,#4210);
#4209 = CARTESIAN_POINT('',(2.740800065674,0.));
#4210 = VECTOR('',#4211,1.);
#4211 = DIRECTION('',(0.,-1.));
#4212 = ( GEOMETRIC_REPRESENTATION_CONTEXT(2) 
PARAMETRIC_REPRESENTATION_CONTEXT() REPRESENTATION_CONTEXT('2D SPACE',''
  ) );
#4213 = ORIENTED_EDGE('',*,*,#3264,.T.);
#4214 = ORIENTED_EDGE('',*,*,#4139,.F.);
#4215 = ORIENTED_EDGE('',*,*,#1662,.F.);
#4216 = ADVANCED_FACE('',(#4217),#614,.F.);
#4217 = FACE_BOUND('',#4218,.F.);
#4218 = EDGE_LOOP('',(#4219,#4220,#4221,#4242));
#4219 = ORIENTED_EDGE('',*,*,#4168,.T.);
#4220 = ORIENTED_EDGE('',*,*,#2390,.T.);
#4221 = ORIENTED_EDGE('',*,*,#4222,.F.);
#4222 = EDGE_CURVE('',#599,#2391,#4223,.T.);
#4223 = SURFACE_CURVE('',#4224,(#4228,#4235),.PCURVE_S1.);
#4224 = LINE('',#4225,#4226);
#4225 = CARTESIAN_POINT('',(5.305,0.,26.67));
#4226 = VECTOR('',#4227,1.);
#4227 = DIRECTION('',(0.,-1.,0.));
#4228 = PCURVE('',#614,#4229);
#4229 = DEFINITIONAL_REPRESENTATION('',(#4230),#4234);
#4230 = LINE('',#4231,#4232);
#4231 = CARTESIAN_POINT('',(2.668378533867,0.));
#4232 = VECTOR('',#4233,1.);
#4233 = DIRECTION('',(0.,-1.));
#4234 = ( GEOMETRIC_REPRESENTATION_CONTEXT(2) 
PARAMETRIC_REPRESENTATION_CONTEXT() REPRESENTATION_CONTEXT('2D SPACE',''
  ) );
#4235 = PCURVE('',#642,#4236);
#4236 = DEFINITIONAL_REPRESENTATION('',(#4237),#4241);
#4237 = LINE('',#4238,#4239);
#4238 = CARTESIAN_POINT('',(0.,0.));
#4239 = VECTOR('',#4240,1.);
#4240 = DIRECTION('',(0.,-1.));
#4241 = ( GEOMETRIC_REPRESENTATION_CONTEXT(2) 
PARAMETRIC_REPRESENTATION_CONTEXT() REPRESENTATION_CONTEXT('2D SPACE',''
  ) );
#4242 = ORIENTED_EDGE('',*,*,#598,.F.);
#4243 = ADVANCED_FACE('',(#4244),#1650,.F.);
#4244 = FACE_BOUND('',#4245,.F.);
#4245 = EDGE_LOOP('',(#4246,#4267,#4268,#4269));
#4246 = ORIENTED_EDGE('',*,*,#4247,.T.);
#4247 = EDGE_CURVE('',#1607,#3219,#4248,.T.);
#4248 = SURFACE_CURVE('',#4249,(#4253,#4260),.PCURVE_S1.);
#4249 = LINE('',#4250,#4251);
#4250 = CARTESIAN_POINT('',(5.363,0.,-26.964));
#4251 = VECTOR('',#4252,1.);
#4252 = DIRECTION('',(0.,-1.,0.));
#4253 = PCURVE('',#1650,#4254);
#4254 = DEFINITIONAL_REPRESENTATION('',(#4255),#4259);
#4255 = LINE('',#4256,#4257);
#4256 = CARTESIAN_POINT('',(0.,0.));
#4257 = VECTOR('',#4258,1.);
#4258 = DIRECTION('',(0.,-1.));
#4259 = ( GEOMETRIC_REPRESENTATION_CONTEXT(2) 
PARAMETRIC_REPRESENTATION_CONTEXT() REPRESENTATION_CONTEXT('2D SPACE',''
  ) );
#4260 = PCURVE('',#1622,#4261);
#4261 = DEFINITIONAL_REPRESENTATION('',(#4262),#4266);
#4262 = LINE('',#4263,#4264);
#4263 = CARTESIAN_POINT('',(2.694751379998,0.));
#4264 = VECTOR('',#4265,1.);
#4265 = DIRECTION('',(0.,-1.));
#4266 = ( GEOMETRIC_REPRESENTATION_CONTEXT(2) 
PARAMETRIC_REPRESENTATION_CONTEXT() REPRESENTATION_CONTEXT('2D SPACE',''
  ) );
#4267 = ORIENTED_EDGE('',*,*,#3241,.T.);
#4268 = ORIENTED_EDGE('',*,*,#4193,.F.);
#4269 = ORIENTED_EDGE('',*,*,#1634,.F.);
#4270 = ADVANCED_FACE('',(#4271),#642,.F.);
#4271 = FACE_BOUND('',#4272,.F.);
#4272 = EDGE_LOOP('',(#4273,#4274,#4275,#4296));
#4273 = ORIENTED_EDGE('',*,*,#4222,.T.);
#4274 = ORIENTED_EDGE('',*,*,#2413,.T.);
#4275 = ORIENTED_EDGE('',*,*,#4276,.F.);
#4276 = EDGE_CURVE('',#627,#2414,#4277,.T.);
#4277 = SURFACE_CURVE('',#4278,(#4282,#4289),.PCURVE_S1.);
#4278 = LINE('',#4279,#4280);
#4279 = CARTESIAN_POINT('',(2.666,0.,27.066));
#4280 = VECTOR('',#4281,1.);
#4281 = DIRECTION('',(0.,-1.,0.));
#4282 = PCURVE('',#642,#4283);
#4283 = DEFINITIONAL_REPRESENTATION('',(#4284),#4288);
#4284 = LINE('',#4285,#4286);
#4285 = CARTESIAN_POINT('',(2.668545858703,0.));
#4286 = VECTOR('',#4287,1.);
#4287 = DIRECTION('',(0.,-1.));
#4288 = ( GEOMETRIC_REPRESENTATION_CONTEXT(2) 
PARAMETRIC_REPRESENTATION_CONTEXT() REPRESENTATION_CONTEXT('2D SPACE',''
  ) );
#4289 = PCURVE('',#670,#4290);
#4290 = DEFINITIONAL_REPRESENTATION('',(#4291),#4295);
#4291 = LINE('',#4292,#4293);
#4292 = CARTESIAN_POINT('',(0.,0.));
#4293 = VECTOR('',#4294,1.);
#4294 = DIRECTION('',(0.,-1.));
#4295 = ( GEOMETRIC_REPRESENTATION_CONTEXT(2) 
PARAMETRIC_REPRESENTATION_CONTEXT() REPRESENTATION_CONTEXT('2D SPACE',''
  ) );
#4296 = ORIENTED_EDGE('',*,*,#626,.F.);
#4297 = ADVANCED_FACE('',(#4298),#1622,.F.);
#4298 = FACE_BOUND('',#4299,.F.);
#4299 = EDGE_LOOP('',(#4300,#4321,#4322,#4323));
#4300 = ORIENTED_EDGE('',*,*,#4301,.T.);
#4301 = EDGE_CURVE('',#1579,#3196,#4302,.T.);
#4302 = SURFACE_CURVE('',#4303,(#4307,#4314),.PCURVE_S1.);
#4303 = LINE('',#4304,#4305);
#4304 = CARTESIAN_POINT('',(2.677,0.,-27.181));
#4305 = VECTOR('',#4306,1.);
#4306 = DIRECTION('',(0.,-1.,0.));
#4307 = PCURVE('',#1622,#4308);
#4308 = DEFINITIONAL_REPRESENTATION('',(#4309),#4313);
#4309 = LINE('',#4310,#4311);
#4310 = CARTESIAN_POINT('',(0.,0.));
#4311 = VECTOR('',#4312,1.);
#4312 = DIRECTION('',(0.,-1.));
#4313 = ( GEOMETRIC_REPRESENTATION_CONTEXT(2) 
PARAMETRIC_REPRESENTATION_CONTEXT() REPRESENTATION_CONTEXT('2D SPACE',''
  ) );
#4314 = PCURVE('',#1594,#4315);
#4315 = DEFINITIONAL_REPRESENTATION('',(#4316),#4320);
#4316 = LINE('',#4317,#4318);
#4317 = CARTESIAN_POINT('',(2.677544584129,0.));
#4318 = VECTOR('',#4319,1.);
#4319 = DIRECTION('',(0.,-1.));
#4320 = ( GEOMETRIC_REPRESENTATION_CONTEXT(2) 
PARAMETRIC_REPRESENTATION_CONTEXT() REPRESENTATION_CONTEXT('2D SPACE',''
  ) );
#4321 = ORIENTED_EDGE('',*,*,#3218,.T.);
#4322 = ORIENTED_EDGE('',*,*,#4247,.F.);
#4323 = ORIENTED_EDGE('',*,*,#1606,.F.);
#4324 = ADVANCED_FACE('',(#4325),#670,.F.);
#4325 = FACE_BOUND('',#4326,.F.);
#4326 = EDGE_LOOP('',(#4327,#4328,#4329,#4350));
#4327 = ORIENTED_EDGE('',*,*,#4276,.T.);
#4328 = ORIENTED_EDGE('',*,*,#2436,.T.);
#4329 = ORIENTED_EDGE('',*,*,#4330,.F.);
#4330 = EDGE_CURVE('',#655,#2437,#4331,.T.);
#4331 = SURFACE_CURVE('',#4332,(#4336,#4343),.PCURVE_S1.);
#4332 = LINE('',#4333,#4334);
#4333 = CARTESIAN_POINT('',(0.,0.,27.212));
#4334 = VECTOR('',#4335,1.);
#4335 = DIRECTION('',(0.,-1.,0.));
#4336 = PCURVE('',#670,#4337);
#4337 = DEFINITIONAL_REPRESENTATION('',(#4338),#4342);
#4338 = LINE('',#4339,#4340);
#4339 = CARTESIAN_POINT('',(2.669994756549,0.));
#4340 = VECTOR('',#4341,1.);
#4341 = DIRECTION('',(0.,-1.));
#4342 = ( GEOMETRIC_REPRESENTATION_CONTEXT(2) 
PARAMETRIC_REPRESENTATION_CONTEXT() REPRESENTATION_CONTEXT('2D SPACE',''
  ) );
#4343 = PCURVE('',#698,#4344);
#4344 = DEFINITIONAL_REPRESENTATION('',(#4345),#4349);
#4345 = LINE('',#4346,#4347);
#4346 = CARTESIAN_POINT('',(0.,0.));
#4347 = VECTOR('',#4348,1.);
#4348 = DIRECTION('',(-0.,-1.));
#4349 = ( GEOMETRIC_REPRESENTATION_CONTEXT(2) 
PARAMETRIC_REPRESENTATION_CONTEXT() REPRESENTATION_CONTEXT('2D SPACE',''
  ) );
#4350 = ORIENTED_EDGE('',*,*,#654,.F.);
#4351 = ADVANCED_FACE('',(#4352),#1594,.F.);
#4352 = FACE_BOUND('',#4353,.F.);
#4353 = EDGE_LOOP('',(#4354,#4375,#4376,#4377));
#4354 = ORIENTED_EDGE('',*,*,#4355,.T.);
#4355 = EDGE_CURVE('',#1551,#3173,#4356,.T.);
#4356 = SURFACE_CURVE('',#4357,(#4361,#4368),.PCURVE_S1.);
#4357 = LINE('',#4358,#4359);
#4358 = CARTESIAN_POINT('',(0.,0.,-27.235));
#4359 = VECTOR('',#4360,1.);
#4360 = DIRECTION('',(0.,-1.,0.));
#4361 = PCURVE('',#1594,#4362);
#4362 = DEFINITIONAL_REPRESENTATION('',(#4363),#4367);
#4363 = LINE('',#4364,#4365);
#4364 = CARTESIAN_POINT('',(0.,0.));
#4365 = VECTOR('',#4366,1.);
#4366 = DIRECTION('',(0.,-1.));
#4367 = ( GEOMETRIC_REPRESENTATION_CONTEXT(2) 
PARAMETRIC_REPRESENTATION_CONTEXT() REPRESENTATION_CONTEXT('2D SPACE',''
  ) );
#4368 = PCURVE('',#1566,#4369);
#4369 = DEFINITIONAL_REPRESENTATION('',(#4370),#4374);
#4370 = LINE('',#4371,#4372);
#4371 = CARTESIAN_POINT('',(2.671855160745,0.));
#4372 = VECTOR('',#4373,1.);
#4373 = DIRECTION('',(0.,-1.));
#4374 = ( GEOMETRIC_REPRESENTATION_CONTEXT(2) 
PARAMETRIC_REPRESENTATION_CONTEXT() REPRESENTATION_CONTEXT('2D SPACE',''
  ) );
#4375 = ORIENTED_EDGE('',*,*,#3195,.T.);
#4376 = ORIENTED_EDGE('',*,*,#4301,.F.);
#4377 = ORIENTED_EDGE('',*,*,#1578,.F.);
#4378 = ADVANCED_FACE('',(#4379),#698,.F.);
#4379 = FACE_BOUND('',#4380,.F.);
#4380 = EDGE_LOOP('',(#4381,#4382,#4383,#4404));
#4381 = ORIENTED_EDGE('',*,*,#4330,.T.);
#4382 = ORIENTED_EDGE('',*,*,#2459,.T.);
#4383 = ORIENTED_EDGE('',*,*,#4384,.F.);
#4384 = EDGE_CURVE('',#683,#2460,#4385,.T.);
#4385 = SURFACE_CURVE('',#4386,(#4390,#4397),.PCURVE_S1.);
#4386 = LINE('',#4387,#4388);
#4387 = CARTESIAN_POINT('',(-2.671,0.,27.119));
#4388 = VECTOR('',#4389,1.);
#4389 = DIRECTION('',(0.,-1.,0.));
#4390 = PCURVE('',#698,#4391);
#4391 = DEFINITIONAL_REPRESENTATION('',(#4392),#4396);
#4392 = LINE('',#4393,#4394);
#4393 = CARTESIAN_POINT('',(2.672618566126,0.));
#4394 = VECTOR('',#4395,1.);
#4395 = DIRECTION('',(-0.,-1.));
#4396 = ( GEOMETRIC_REPRESENTATION_CONTEXT(2) 
PARAMETRIC_REPRESENTATION_CONTEXT() REPRESENTATION_CONTEXT('2D SPACE',''
  ) );
#4397 = PCURVE('',#726,#4398);
#4398 = DEFINITIONAL_REPRESENTATION('',(#4399),#4403);
#4399 = LINE('',#4400,#4401);
#4400 = CARTESIAN_POINT('',(0.,0.));
#4401 = VECTOR('',#4402,1.);
#4402 = DIRECTION('',(-0.,-1.));
#4403 = ( GEOMETRIC_REPRESENTATION_CONTEXT(2) 
PARAMETRIC_REPRESENTATION_CONTEXT() REPRESENTATION_CONTEXT('2D SPACE',''
  ) );
#4404 = ORIENTED_EDGE('',*,*,#682,.F.);
#4405 = ADVANCED_FACE('',(#4406),#1566,.F.);
#4406 = FACE_BOUND('',#4407,.F.);
#4407 = EDGE_LOOP('',(#4408,#4429,#4430,#4431));
#4408 = ORIENTED_EDGE('',*,*,#4409,.T.);
#4409 = EDGE_CURVE('',#1523,#3150,#4410,.T.);
#4410 = SURFACE_CURVE('',#4411,(#4415,#4422),.PCURVE_S1.);
#4411 = LINE('',#4412,#4413);
#4412 = CARTESIAN_POINT('',(-2.667,0.,-27.074));
#4413 = VECTOR('',#4414,1.);
#4414 = DIRECTION('',(0.,-1.,0.));
#4415 = PCURVE('',#1566,#4416);
#4416 = DEFINITIONAL_REPRESENTATION('',(#4417),#4421);
#4417 = LINE('',#4418,#4419);
#4418 = CARTESIAN_POINT('',(0.,0.));
#4419 = VECTOR('',#4420,1.);
#4420 = DIRECTION('',(0.,-1.));
#4421 = ( GEOMETRIC_REPRESENTATION_CONTEXT(2) 
PARAMETRIC_REPRESENTATION_CONTEXT() REPRESENTATION_CONTEXT('2D SPACE',''
  ) );
#4422 = PCURVE('',#1538,#4423);
#4423 = DEFINITIONAL_REPRESENTATION('',(#4424),#4428);
#4424 = LINE('',#4425,#4426);
#4425 = CARTESIAN_POINT('',(2.668454234196,0.));
#4426 = VECTOR('',#4427,1.);
#4427 = DIRECTION('',(0.,-1.));
#4428 = ( GEOMETRIC_REPRESENTATION_CONTEXT(2) 
PARAMETRIC_REPRESENTATION_CONTEXT() REPRESENTATION_CONTEXT('2D SPACE',''
  ) );
#4429 = ORIENTED_EDGE('',*,*,#3172,.T.);
#4430 = ORIENTED_EDGE('',*,*,#4355,.F.);
#4431 = ORIENTED_EDGE('',*,*,#1550,.F.);
#4432 = ADVANCED_FACE('',(#4433),#726,.F.);
#4433 = FACE_BOUND('',#4434,.F.);
#4434 = EDGE_LOOP('',(#4435,#4436,#4437,#4458));
#4435 = ORIENTED_EDGE('',*,*,#4384,.T.);
#4436 = ORIENTED_EDGE('',*,*,#2482,.T.);
#4437 = ORIENTED_EDGE('',*,*,#4438,.F.);
#4438 = EDGE_CURVE('',#711,#2483,#4439,.T.);
#4439 = SURFACE_CURVE('',#4440,(#4444,#4451),.PCURVE_S1.);
#4440 = LINE('',#4441,#4442);
#4441 = CARTESIAN_POINT('',(-5.333,0.,26.813));
#4442 = VECTOR('',#4443,1.);
#4443 = DIRECTION('',(0.,-1.,0.));
#4444 = PCURVE('',#726,#4445);
#4445 = DEFINITIONAL_REPRESENTATION('',(#4446),#4450);
#4446 = LINE('',#4447,#4448);
#4447 = CARTESIAN_POINT('',(2.6795298095,0.));
#4448 = VECTOR('',#4449,1.);
#4449 = DIRECTION('',(-0.,-1.));
#4450 = ( GEOMETRIC_REPRESENTATION_CONTEXT(2) 
PARAMETRIC_REPRESENTATION_CONTEXT() REPRESENTATION_CONTEXT('2D SPACE',''
  ) );
#4451 = PCURVE('',#754,#4452);
#4452 = DEFINITIONAL_REPRESENTATION('',(#4453),#4457);
#4453 = LINE('',#4454,#4455);
#4454 = CARTESIAN_POINT('',(0.,0.));
#4455 = VECTOR('',#4456,1.);
#4456 = DIRECTION('',(-0.,-1.));
#4457 = ( GEOMETRIC_REPRESENTATION_CONTEXT(2) 
PARAMETRIC_REPRESENTATION_CONTEXT() REPRESENTATION_CONTEXT('2D SPACE',''
  ) );
#4458 = ORIENTED_EDGE('',*,*,#710,.F.);
#4459 = ADVANCED_FACE('',(#4460),#1538,.F.);
#4460 = FACE_BOUND('',#4461,.F.);
#4461 = EDGE_LOOP('',(#4462,#4483,#4484,#4485));
#4462 = ORIENTED_EDGE('',*,*,#4463,.T.);
#4463 = EDGE_CURVE('',#1495,#3127,#4464,.T.);
#4464 = SURFACE_CURVE('',#4465,(#4469,#4476),.PCURVE_S1.);
#4465 = LINE('',#4466,#4467);
#4466 = CARTESIAN_POINT('',(-5.305,0.,-26.672));
#4467 = VECTOR('',#4468,1.);
#4468 = DIRECTION('',(0.,-1.,0.));
#4469 = PCURVE('',#1538,#4470);
#4470 = DEFINITIONAL_REPRESENTATION('',(#4471),#4475);
#4471 = LINE('',#4472,#4473);
#4472 = CARTESIAN_POINT('',(0.,0.));
#4473 = VECTOR('',#4474,1.);
#4474 = DIRECTION('',(0.,-1.));
#4475 = ( GEOMETRIC_REPRESENTATION_CONTEXT(2) 
PARAMETRIC_REPRESENTATION_CONTEXT() REPRESENTATION_CONTEXT('2D SPACE',''
  ) );
#4476 = PCURVE('',#1510,#4477);
#4477 = DEFINITIONAL_REPRESENTATION('',(#4478),#4482);
#4478 = LINE('',#4479,#4480);
#4479 = CARTESIAN_POINT('',(2.668866426032,0.));
#4480 = VECTOR('',#4481,1.);
#4481 = DIRECTION('',(0.,-1.));
#4482 = ( GEOMETRIC_REPRESENTATION_CONTEXT(2) 
PARAMETRIC_REPRESENTATION_CONTEXT() REPRESENTATION_CONTEXT('2D SPACE',''
  ) );
#4483 = ORIENTED_EDGE('',*,*,#3149,.T.);
#4484 = ORIENTED_EDGE('',*,*,#4409,.F.);
#4485 = ORIENTED_EDGE('',*,*,#1522,.F.);
#4486 = ADVANCED_FACE('',(#4487),#754,.F.);
#4487 = FACE_BOUND('',#4488,.F.);
#4488 = EDGE_LOOP('',(#4489,#4490,#4491,#4512));
#4489 = ORIENTED_EDGE('',*,*,#4438,.T.);
#4490 = ORIENTED_EDGE('',*,*,#2505,.T.);
#4491 = ORIENTED_EDGE('',*,*,#4492,.F.);
#4492 = EDGE_CURVE('',#739,#2506,#4493,.T.);
#4493 = SURFACE_CURVE('',#4494,(#4498,#4505),.PCURVE_S1.);
#4494 = LINE('',#4495,#4496);
#4495 = CARTESIAN_POINT('',(-7.988,0.,26.334));
#4496 = VECTOR('',#4497,1.);
#4497 = DIRECTION('',(0.,-1.,0.));
#4498 = PCURVE('',#754,#4499);
#4499 = DEFINITIONAL_REPRESENTATION('',(#4500),#4504);
#4500 = LINE('',#4501,#4502);
#4501 = CARTESIAN_POINT('',(2.697863228557,0.));
#4502 = VECTOR('',#4503,1.);
#4503 = DIRECTION('',(-0.,-1.));
#4504 = ( GEOMETRIC_REPRESENTATION_CONTEXT(2) 
PARAMETRIC_REPRESENTATION_CONTEXT() REPRESENTATION_CONTEXT('2D SPACE',''
  ) );
#4505 = PCURVE('',#782,#4506);
#4506 = DEFINITIONAL_REPRESENTATION('',(#4507),#4511);
#4507 = LINE('',#4508,#4509);
#4508 = CARTESIAN_POINT('',(0.,0.));
#4509 = VECTOR('',#4510,1.);
#4510 = DIRECTION('',(-0.,-1.));
#4511 = ( GEOMETRIC_REPRESENTATION_CONTEXT(2) 
PARAMETRIC_REPRESENTATION_CONTEXT() REPRESENTATION_CONTEXT('2D SPACE',''
  ) );
#4512 = ORIENTED_EDGE('',*,*,#738,.F.);
#4513 = ADVANCED_FACE('',(#4514),#1510,.F.);
#4514 = FACE_BOUND('',#4515,.F.);
#4515 = EDGE_LOOP('',(#4516,#4537,#4538,#4539));
#4516 = ORIENTED_EDGE('',*,*,#4517,.T.);
#4517 = EDGE_CURVE('',#1467,#3104,#4518,.T.);
#4518 = SURFACE_CURVE('',#4519,(#4523,#4530),.PCURVE_S1.);
#4519 = LINE('',#4520,#4521);
#4520 = CARTESIAN_POINT('',(-7.893,0.,-26.02));
#4521 = VECTOR('',#4522,1.);
#4522 = DIRECTION('',(0.,-1.,0.));
#4523 = PCURVE('',#1510,#4524);
#4524 = DEFINITIONAL_REPRESENTATION('',(#4525),#4529);
#4525 = LINE('',#4526,#4527);
#4526 = CARTESIAN_POINT('',(0.,0.));
#4527 = VECTOR('',#4528,1.);
#4528 = DIRECTION('',(0.,-1.));
#4529 = ( GEOMETRIC_REPRESENTATION_CONTEXT(2) 
PARAMETRIC_REPRESENTATION_CONTEXT() REPRESENTATION_CONTEXT('2D SPACE',''
  ) );
#4530 = PCURVE('',#1482,#4531);
#4531 = DEFINITIONAL_REPRESENTATION('',(#4532),#4536);
#4532 = LINE('',#4533,#4534);
#4533 = CARTESIAN_POINT('',(2.668022676066,0.));
#4534 = VECTOR('',#4535,1.);
#4535 = DIRECTION('',(0.,-1.));
#4536 = ( GEOMETRIC_REPRESENTATION_CONTEXT(2) 
PARAMETRIC_REPRESENTATION_CONTEXT() REPRESENTATION_CONTEXT('2D SPACE',''
  ) );
#4537 = ORIENTED_EDGE('',*,*,#3126,.T.);
#4538 = ORIENTED_EDGE('',*,*,#4463,.F.);
#4539 = ORIENTED_EDGE('',*,*,#1494,.F.);
#4540 = ADVANCED_FACE('',(#4541),#782,.F.);
#4541 = FACE_BOUND('',#4542,.F.);
#4542 = EDGE_LOOP('',(#4543,#4544,#4545,#4566));
#4543 = ORIENTED_EDGE('',*,*,#4492,.T.);
#4544 = ORIENTED_EDGE('',*,*,#2528,.T.);
#4545 = ORIENTED_EDGE('',*,*,#4546,.F.);
#4546 = EDGE_CURVE('',#767,#2529,#4547,.T.);
#4547 = SURFACE_CURVE('',#4548,(#4552,#4559),.PCURVE_S1.);
#4548 = LINE('',#4549,#4550);
#4549 = CARTESIAN_POINT('',(-10.657,0.,25.729));
#4550 = VECTOR('',#4551,1.);
#4551 = DIRECTION('',(0.,-1.,0.));
#4552 = PCURVE('',#782,#4553);
#4553 = DEFINITIONAL_REPRESENTATION('',(#4554),#4558);
#4554 = LINE('',#4555,#4556);
#4555 = CARTESIAN_POINT('',(2.736710799482,0.));
#4556 = VECTOR('',#4557,1.);
#4557 = DIRECTION('',(-0.,-1.));
#4558 = ( GEOMETRIC_REPRESENTATION_CONTEXT(2) 
PARAMETRIC_REPRESENTATION_CONTEXT() REPRESENTATION_CONTEXT('2D SPACE',''
  ) );
#4559 = PCURVE('',#810,#4560);
#4560 = DEFINITIONAL_REPRESENTATION('',(#4561),#4565);
#4561 = LINE('',#4562,#4563);
#4562 = CARTESIAN_POINT('',(0.,0.));
#4563 = VECTOR('',#4564,1.);
#4564 = DIRECTION('',(-0.,-1.));
#4565 = ( GEOMETRIC_REPRESENTATION_CONTEXT(2) 
PARAMETRIC_REPRESENTATION_CONTEXT() REPRESENTATION_CONTEXT('2D SPACE',''
  ) );
#4566 = ORIENTED_EDGE('',*,*,#766,.F.);
#4567 = ADVANCED_FACE('',(#4568),#1482,.F.);
#4568 = FACE_BOUND('',#4569,.F.);
#4569 = EDGE_LOOP('',(#4570,#4591,#4592,#4593));
#4570 = ORIENTED_EDGE('',*,*,#4571,.T.);
#4571 = EDGE_CURVE('',#1439,#3081,#4572,.T.);
#4572 = SURFACE_CURVE('',#4573,(#4577,#4584),.PCURVE_S1.);
#4573 = LINE('',#4574,#4575);
#4574 = CARTESIAN_POINT('',(-10.405,0.,-25.121));
#4575 = VECTOR('',#4576,1.);
#4576 = DIRECTION('',(0.,-1.,0.));
#4577 = PCURVE('',#1482,#4578);
#4578 = DEFINITIONAL_REPRESENTATION('',(#4579),#4583);
#4579 = LINE('',#4580,#4581);
#4580 = CARTESIAN_POINT('',(0.,0.));
#4581 = VECTOR('',#4582,1.);
#4582 = DIRECTION('',(0.,-1.));
#4583 = ( GEOMETRIC_REPRESENTATION_CONTEXT(2) 
PARAMETRIC_REPRESENTATION_CONTEXT() REPRESENTATION_CONTEXT('2D SPACE',''
  ) );
#4584 = PCURVE('',#1454,#4585);
#4585 = DEFINITIONAL_REPRESENTATION('',(#4586),#4590);
#4586 = LINE('',#4587,#4588);
#4587 = CARTESIAN_POINT('',(2.668690315492,0.));
#4588 = VECTOR('',#4589,1.);
#4589 = DIRECTION('',(0.,-1.));
#4590 = ( GEOMETRIC_REPRESENTATION_CONTEXT(2) 
PARAMETRIC_REPRESENTATION_CONTEXT() REPRESENTATION_CONTEXT('2D SPACE',''
  ) );
#4591 = ORIENTED_EDGE('',*,*,#3103,.T.);
#4592 = ORIENTED_EDGE('',*,*,#4517,.F.);
#4593 = ORIENTED_EDGE('',*,*,#1466,.F.);
#4594 = ADVANCED_FACE('',(#4595),#810,.F.);
#4595 = FACE_BOUND('',#4596,.F.);
#4596 = EDGE_LOOP('',(#4597,#4598,#4599,#4620));
#4597 = ORIENTED_EDGE('',*,*,#4546,.T.);
#4598 = ORIENTED_EDGE('',*,*,#2551,.T.);
#4599 = ORIENTED_EDGE('',*,*,#4600,.F.);
#4600 = EDGE_CURVE('',#795,#2552,#4601,.T.);
#4601 = SURFACE_CURVE('',#4602,(#4606,#4613),.PCURVE_S1.);
#4602 = LINE('',#4603,#4604);
#4603 = CARTESIAN_POINT('',(-13.378,0.,25.029));
#4604 = VECTOR('',#4605,1.);
#4605 = DIRECTION('',(0.,-1.,0.));
#4606 = PCURVE('',#810,#4607);
#4607 = DEFINITIONAL_REPRESENTATION('',(#4608),#4612);
#4608 = LINE('',#4609,#4610);
#4609 = CARTESIAN_POINT('',(2.809598013951,0.));
#4610 = VECTOR('',#4611,1.);
#4611 = DIRECTION('',(-0.,-1.));
#4612 = ( GEOMETRIC_REPRESENTATION_CONTEXT(2) 
PARAMETRIC_REPRESENTATION_CONTEXT() REPRESENTATION_CONTEXT('2D SPACE',''
  ) );
#4613 = PCURVE('',#838,#4614);
#4614 = DEFINITIONAL_REPRESENTATION('',(#4615),#4619);
#4615 = LINE('',#4616,#4617);
#4616 = CARTESIAN_POINT('',(0.,0.));
#4617 = VECTOR('',#4618,1.);
#4618 = DIRECTION('',(-0.,-1.));
#4619 = ( GEOMETRIC_REPRESENTATION_CONTEXT(2) 
PARAMETRIC_REPRESENTATION_CONTEXT() REPRESENTATION_CONTEXT('2D SPACE',''
  ) );
#4620 = ORIENTED_EDGE('',*,*,#794,.F.);
#4621 = ADVANCED_FACE('',(#4622),#1454,.F.);
#4622 = FACE_BOUND('',#4623,.F.);
#4623 = EDGE_LOOP('',(#4624,#4645,#4646,#4647));
#4624 = ORIENTED_EDGE('',*,*,#4625,.T.);
#4625 = EDGE_CURVE('',#1411,#3058,#4626,.T.);
#4626 = SURFACE_CURVE('',#4627,(#4631,#4638),.PCURVE_S1.);
#4627 = LINE('',#4628,#4629);
#4628 = CARTESIAN_POINT('',(-12.817,0.,-23.979));
#4629 = VECTOR('',#4630,1.);
#4630 = DIRECTION('',(0.,-1.,0.));
#4631 = PCURVE('',#1454,#4632);
#4632 = DEFINITIONAL_REPRESENTATION('',(#4633),#4637);
#4633 = LINE('',#4634,#4635);
#4634 = CARTESIAN_POINT('',(0.,0.));
#4635 = VECTOR('',#4636,1.);
#4636 = DIRECTION('',(0.,-1.));
#4637 = ( GEOMETRIC_REPRESENTATION_CONTEXT(2) 
PARAMETRIC_REPRESENTATION_CONTEXT() REPRESENTATION_CONTEXT('2D SPACE',''
  ) );
#4638 = PCURVE('',#1426,#4639);
#4639 = DEFINITIONAL_REPRESENTATION('',(#4640),#4644);
#4640 = LINE('',#4641,#4642);
#4641 = CARTESIAN_POINT('',(2.668175781316,0.));
#4642 = VECTOR('',#4643,1.);
#4643 = DIRECTION('',(0.,-1.));
#4644 = ( GEOMETRIC_REPRESENTATION_CONTEXT(2) 
PARAMETRIC_REPRESENTATION_CONTEXT() REPRESENTATION_CONTEXT('2D SPACE',''
  ) );
#4645 = ORIENTED_EDGE('',*,*,#3080,.T.);
#4646 = ORIENTED_EDGE('',*,*,#4571,.F.);
#4647 = ORIENTED_EDGE('',*,*,#1438,.F.);
#4648 = ADVANCED_FACE('',(#4649),#838,.F.);
#4649 = FACE_BOUND('',#4650,.F.);
#4650 = EDGE_LOOP('',(#4651,#4652,#4653,#4674));
#4651 = ORIENTED_EDGE('',*,*,#4600,.T.);
#4652 = ORIENTED_EDGE('',*,*,#2574,.T.);
#4653 = ORIENTED_EDGE('',*,*,#4654,.F.);
#4654 = EDGE_CURVE('',#823,#2575,#4655,.T.);
#4655 = SURFACE_CURVE('',#4656,(#4660,#4667),.PCURVE_S1.);
#4656 = LINE('',#4657,#4658);
#4657 = CARTESIAN_POINT('',(-16.183,0.,24.22));
#4658 = VECTOR('',#4659,1.);
#4659 = DIRECTION('',(0.,-1.,0.));
#4660 = PCURVE('',#838,#4661);
#4661 = DEFINITIONAL_REPRESENTATION('',(#4662),#4666);
#4662 = LINE('',#4663,#4664);
#4663 = CARTESIAN_POINT('',(2.919333143031,0.));
#4664 = VECTOR('',#4665,1.);
#4665 = DIRECTION('',(-0.,-1.));
#4666 = ( GEOMETRIC_REPRESENTATION_CONTEXT(2) 
PARAMETRIC_REPRESENTATION_CONTEXT() REPRESENTATION_CONTEXT('2D SPACE',''
  ) );
#4667 = PCURVE('',#866,#4668);
#4668 = DEFINITIONAL_REPRESENTATION('',(#4669),#4673);
#4669 = LINE('',#4670,#4671);
#4670 = CARTESIAN_POINT('',(0.,0.));
#4671 = VECTOR('',#4672,1.);
#4672 = DIRECTION('',(-0.,-1.));
#4673 = ( GEOMETRIC_REPRESENTATION_CONTEXT(2) 
PARAMETRIC_REPRESENTATION_CONTEXT() REPRESENTATION_CONTEXT('2D SPACE',''
  ) );
#4674 = ORIENTED_EDGE('',*,*,#822,.F.);
#4675 = ADVANCED_FACE('',(#4676),#1426,.F.);
#4676 = FACE_BOUND('',#4677,.F.);
#4677 = EDGE_LOOP('',(#4678,#4699,#4700,#4701));
#4678 = ORIENTED_EDGE('',*,*,#4679,.T.);
#4679 = EDGE_CURVE('',#1383,#3035,#4680,.T.);
#4680 = SURFACE_CURVE('',#4681,(#4685,#4692),.PCURVE_S1.);
#4681 = LINE('',#4682,#4683);
#4682 = CARTESIAN_POINT('',(-15.106,0.,-22.608));
#4683 = VECTOR('',#4684,1.);
#4684 = DIRECTION('',(0.,-1.,0.));
#4685 = PCURVE('',#1426,#4686);
#4686 = DEFINITIONAL_REPRESENTATION('',(#4687),#4691);
#4687 = LINE('',#4688,#4689);
#4688 = CARTESIAN_POINT('',(0.,0.));
#4689 = VECTOR('',#4690,1.);
#4690 = DIRECTION('',(0.,-1.));
#4691 = ( GEOMETRIC_REPRESENTATION_CONTEXT(2) 
PARAMETRIC_REPRESENTATION_CONTEXT() REPRESENTATION_CONTEXT('2D SPACE',''
  ) );
#4692 = PCURVE('',#1398,#4693);
#4693 = DEFINITIONAL_REPRESENTATION('',(#4694),#4698);
#4694 = LINE('',#4695,#4696);
#4695 = CARTESIAN_POINT('',(2.668435684067,0.));
#4696 = VECTOR('',#4697,1.);
#4697 = DIRECTION('',(0.,-1.));
#4698 = ( GEOMETRIC_REPRESENTATION_CONTEXT(2) 
PARAMETRIC_REPRESENTATION_CONTEXT() REPRESENTATION_CONTEXT('2D SPACE',''
  ) );
#4699 = ORIENTED_EDGE('',*,*,#3057,.T.);
#4700 = ORIENTED_EDGE('',*,*,#4625,.F.);
#4701 = ORIENTED_EDGE('',*,*,#1410,.F.);
#4702 = ADVANCED_FACE('',(#4703),#866,.F.);
#4703 = FACE_BOUND('',#4704,.F.);
#4704 = EDGE_LOOP('',(#4705,#4706,#4707,#4728));
#4705 = ORIENTED_EDGE('',*,*,#4654,.T.);
#4706 = ORIENTED_EDGE('',*,*,#2597,.T.);
#4707 = ORIENTED_EDGE('',*,*,#4708,.F.);
#4708 = EDGE_CURVE('',#851,#2598,#4709,.T.);
#4709 = SURFACE_CURVE('',#4710,(#4714,#4721),.PCURVE_S1.);
#4710 = LINE('',#4711,#4712);
#4711 = CARTESIAN_POINT('',(-19.056,0.,23.22));
#4712 = VECTOR('',#4713,1.);
#4713 = DIRECTION('',(0.,-1.,0.));
#4714 = PCURVE('',#866,#4715);
#4715 = DEFINITIONAL_REPRESENTATION('',(#4716),#4720);
#4716 = LINE('',#4717,#4718);
#4717 = CARTESIAN_POINT('',(3.042059992834,0.));
#4718 = VECTOR('',#4719,1.);
#4719 = DIRECTION('',(-0.,-1.));
#4720 = ( GEOMETRIC_REPRESENTATION_CONTEXT(2) 
PARAMETRIC_REPRESENTATION_CONTEXT() REPRESENTATION_CONTEXT('2D SPACE',''
  ) );
#4721 = PCURVE('',#894,#4722);
#4722 = DEFINITIONAL_REPRESENTATION('',(#4723),#4727);
#4723 = LINE('',#4724,#4725);
#4724 = CARTESIAN_POINT('',(0.,0.));
#4725 = VECTOR('',#4726,1.);
#4726 = DIRECTION('',(-0.,-1.));
#4727 = ( GEOMETRIC_REPRESENTATION_CONTEXT(2) 
PARAMETRIC_REPRESENTATION_CONTEXT() REPRESENTATION_CONTEXT('2D SPACE',''
  ) );
#4728 = ORIENTED_EDGE('',*,*,#850,.F.);
#4729 = ADVANCED_FACE('',(#4730),#1398,.F.);
#4730 = FACE_BOUND('',#4731,.F.);
#4731 = EDGE_LOOP('',(#4732,#4753,#4754,#4755));
#4732 = ORIENTED_EDGE('',*,*,#4733,.T.);
#4733 = EDGE_CURVE('',#1355,#3012,#4734,.T.);
#4734 = SURFACE_CURVE('',#4735,(#4739,#4746),.PCURVE_S1.);
#4735 = LINE('',#4736,#4737);
#4736 = CARTESIAN_POINT('',(-17.249,0.,-21.018));
#4737 = VECTOR('',#4738,1.);
#4738 = DIRECTION('',(0.,-1.,0.));
#4739 = PCURVE('',#1398,#4740);
#4740 = DEFINITIONAL_REPRESENTATION('',(#4741),#4745);
#4741 = LINE('',#4742,#4743);
#4742 = CARTESIAN_POINT('',(0.,0.));
#4743 = VECTOR('',#4744,1.);
#4744 = DIRECTION('',(0.,-1.));
#4745 = ( GEOMETRIC_REPRESENTATION_CONTEXT(2) 
PARAMETRIC_REPRESENTATION_CONTEXT() REPRESENTATION_CONTEXT('2D SPACE',''
  ) );
#4746 = PCURVE('',#1370,#4747);
#4747 = DEFINITIONAL_REPRESENTATION('',(#4748),#4752);
#4748 = LINE('',#4749,#4750);
#4749 = CARTESIAN_POINT('',(2.668294024278,0.));
#4750 = VECTOR('',#4751,1.);
#4751 = DIRECTION('',(0.,-1.));
#4752 = ( GEOMETRIC_REPRESENTATION_CONTEXT(2) 
PARAMETRIC_REPRESENTATION_CONTEXT() REPRESENTATION_CONTEXT('2D SPACE',''
  ) );
#4753 = ORIENTED_EDGE('',*,*,#3034,.T.);
#4754 = ORIENTED_EDGE('',*,*,#4679,.F.);
#4755 = ORIENTED_EDGE('',*,*,#1382,.F.);
#4756 = ADVANCED_FACE('',(#4757),#894,.F.);
#4757 = FACE_BOUND('',#4758,.F.);
#4758 = EDGE_LOOP('',(#4759,#4760,#4761,#4782));
#4759 = ORIENTED_EDGE('',*,*,#4708,.T.);
#4760 = ORIENTED_EDGE('',*,*,#2620,.T.);
#4761 = ORIENTED_EDGE('',*,*,#4762,.F.);
#4762 = EDGE_CURVE('',#879,#2621,#4763,.T.);
#4763 = SURFACE_CURVE('',#4764,(#4768,#4775),.PCURVE_S1.);
#4764 = LINE('',#4765,#4766);
#4765 = CARTESIAN_POINT('',(-21.894,0.,21.894));
#4766 = VECTOR('',#4767,1.);
#4767 = DIRECTION('',(0.,-1.,0.));
#4768 = PCURVE('',#894,#4769);
#4769 = DEFINITIONAL_REPRESENTATION('',(#4770),#4774);
#4770 = LINE('',#4771,#4772);
#4771 = CARTESIAN_POINT('',(3.132494213881,0.));
#4772 = VECTOR('',#4773,1.);
#4773 = DIRECTION('',(-0.,-1.));
#4774 = ( GEOMETRIC_REPRESENTATION_CONTEXT(2) 
PARAMETRIC_REPRESENTATION_CONTEXT() REPRESENTATION_CONTEXT('2D SPACE',''
  ) );
#4775 = PCURVE('',#922,#4776);
#4776 = DEFINITIONAL_REPRESENTATION('',(#4777),#4781);
#4777 = LINE('',#4778,#4779);
#4778 = CARTESIAN_POINT('',(0.,0.));
#4779 = VECTOR('',#4780,1.);
#4780 = DIRECTION('',(-0.,-1.));
#4781 = ( GEOMETRIC_REPRESENTATION_CONTEXT(2) 
PARAMETRIC_REPRESENTATION_CONTEXT() REPRESENTATION_CONTEXT('2D SPACE',''
  ) );
#4782 = ORIENTED_EDGE('',*,*,#878,.F.);
#4783 = ADVANCED_FACE('',(#4784),#1370,.F.);
#4784 = FACE_BOUND('',#4785,.F.);
#4785 = EDGE_LOOP('',(#4786,#4807,#4808,#4809));
#4786 = ORIENTED_EDGE('',*,*,#4787,.T.);
#4787 = EDGE_CURVE('',#1327,#2989,#4788,.T.);
#4788 = SURFACE_CURVE('',#4789,(#4793,#4800),.PCURVE_S1.);
#4789 = LINE('',#4790,#4791);
#4790 = CARTESIAN_POINT('',(-19.226,0.,-19.226));
#4791 = VECTOR('',#4792,1.);
#4792 = DIRECTION('',(0.,-1.,0.));
#4793 = PCURVE('',#1370,#4794);
#4794 = DEFINITIONAL_REPRESENTATION('',(#4795),#4799);
#4795 = LINE('',#4796,#4797);
#4796 = CARTESIAN_POINT('',(0.,0.));
#4797 = VECTOR('',#4798,1.);
#4798 = DIRECTION('',(0.,-1.));
#4799 = ( GEOMETRIC_REPRESENTATION_CONTEXT(2) 
PARAMETRIC_REPRESENTATION_CONTEXT() REPRESENTATION_CONTEXT('2D SPACE',''
  ) );
#4800 = PCURVE('',#1342,#4801);
#4801 = DEFINITIONAL_REPRESENTATION('',(#4802),#4806);
#4802 = LINE('',#4803,#4804);
#4803 = CARTESIAN_POINT('',(2.66822506547,0.));
#4804 = VECTOR('',#4805,1.);
#4805 = DIRECTION('',(0.,-1.));
#4806 = ( GEOMETRIC_REPRESENTATION_CONTEXT(2) 
PARAMETRIC_REPRESENTATION_CONTEXT() REPRESENTATION_CONTEXT('2D SPACE',''
  ) );
#4807 = ORIENTED_EDGE('',*,*,#3011,.T.);
#4808 = ORIENTED_EDGE('',*,*,#4733,.F.);
#4809 = ORIENTED_EDGE('',*,*,#1354,.F.);
#4810 = ADVANCED_FACE('',(#4811),#922,.F.);
#4811 = FACE_BOUND('',#4812,.F.);
#4812 = EDGE_LOOP('',(#4813,#4814,#4815,#4836));
#4813 = ORIENTED_EDGE('',*,*,#4762,.T.);
#4814 = ORIENTED_EDGE('',*,*,#2643,.T.);
#4815 = ORIENTED_EDGE('',*,*,#4816,.F.);
#4816 = EDGE_CURVE('',#907,#2644,#4817,.T.);
#4817 = SURFACE_CURVE('',#4818,(#4822,#4829),.PCURVE_S1.);
#4818 = LINE('',#4819,#4820);
#4819 = CARTESIAN_POINT('',(-24.503,0.,20.109));
#4820 = VECTOR('',#4821,1.);
#4821 = DIRECTION('',(0.,-1.,0.));
#4822 = PCURVE('',#922,#4823);
#4823 = DEFINITIONAL_REPRESENTATION('',(#4824),#4828);
#4824 = LINE('',#4825,#4826);
#4825 = CARTESIAN_POINT('',(3.161187435126,0.));
#4826 = VECTOR('',#4827,1.);
#4827 = DIRECTION('',(-0.,-1.));
#4828 = ( GEOMETRIC_REPRESENTATION_CONTEXT(2) 
PARAMETRIC_REPRESENTATION_CONTEXT() REPRESENTATION_CONTEXT('2D SPACE',''
  ) );
#4829 = PCURVE('',#950,#4830);
#4830 = DEFINITIONAL_REPRESENTATION('',(#4831),#4835);
#4831 = LINE('',#4832,#4833);
#4832 = CARTESIAN_POINT('',(0.,0.));
#4833 = VECTOR('',#4834,1.);
#4834 = DIRECTION('',(-0.,-1.));
#4835 = ( GEOMETRIC_REPRESENTATION_CONTEXT(2) 
PARAMETRIC_REPRESENTATION_CONTEXT() REPRESENTATION_CONTEXT('2D SPACE',''
  ) );
#4836 = ORIENTED_EDGE('',*,*,#906,.F.);
#4837 = ADVANCED_FACE('',(#4838),#1342,.F.);
#4838 = FACE_BOUND('',#4839,.F.);
#4839 = EDGE_LOOP('',(#4840,#4861,#4862,#4863));
#4840 = ORIENTED_EDGE('',*,*,#4841,.T.);
#4841 = EDGE_CURVE('',#1299,#2966,#4842,.T.);
#4842 = SURFACE_CURVE('',#4843,(#4847,#4854),.PCURVE_S1.);
#4843 = LINE('',#4844,#4845);
#4844 = CARTESIAN_POINT('',(-21.019,0.,-17.25));
#4845 = VECTOR('',#4846,1.);
#4846 = DIRECTION('',(0.,-1.,0.));
#4847 = PCURVE('',#1342,#4848);
#4848 = DEFINITIONAL_REPRESENTATION('',(#4849),#4853);
#4849 = LINE('',#4850,#4851);
#4850 = CARTESIAN_POINT('',(0.,0.));
#4851 = VECTOR('',#4852,1.);
#4852 = DIRECTION('',(0.,-1.));
#4853 = ( GEOMETRIC_REPRESENTATION_CONTEXT(2) 
PARAMETRIC_REPRESENTATION_CONTEXT() REPRESENTATION_CONTEXT('2D SPACE',''
  ) );
#4854 = PCURVE('',#1314,#4855);
#4855 = DEFINITIONAL_REPRESENTATION('',(#4856),#4860);
#4856 = LINE('',#4857,#4858);
#4857 = CARTESIAN_POINT('',(2.668825209713,0.));
#4858 = VECTOR('',#4859,1.);
#4859 = DIRECTION('',(0.,-1.));
#4860 = ( GEOMETRIC_REPRESENTATION_CONTEXT(2) 
PARAMETRIC_REPRESENTATION_CONTEXT() REPRESENTATION_CONTEXT('2D SPACE',''
  ) );
#4861 = ORIENTED_EDGE('',*,*,#2988,.T.);
#4862 = ORIENTED_EDGE('',*,*,#4787,.F.);
#4863 = ORIENTED_EDGE('',*,*,#1326,.F.);
#4864 = ADVANCED_FACE('',(#4865),#950,.F.);
#4865 = FACE_BOUND('',#4866,.F.);
#4866 = EDGE_LOOP('',(#4867,#4868,#4869,#4890));
#4867 = ORIENTED_EDGE('',*,*,#4816,.T.);
#4868 = ORIENTED_EDGE('',*,*,#2666,.T.);
#4869 = ORIENTED_EDGE('',*,*,#4870,.F.);
#4870 = EDGE_CURVE('',#935,#2667,#4871,.T.);
#4871 = SURFACE_CURVE('',#4872,(#4876,#4883),.PCURVE_S1.);
#4872 = LINE('',#4873,#4874);
#4873 = CARTESIAN_POINT('',(-26.647,0.,17.805));
#4874 = VECTOR('',#4875,1.);
#4875 = DIRECTION('',(0.,-1.,0.));
#4876 = PCURVE('',#950,#4877);
#4877 = DEFINITIONAL_REPRESENTATION('',(#4878),#4882);
#4878 = LINE('',#4879,#4880);
#4879 = CARTESIAN_POINT('',(3.147245144567,0.));
#4880 = VECTOR('',#4881,1.);
#4881 = DIRECTION('',(-0.,-1.));
#4882 = ( GEOMETRIC_REPRESENTATION_CONTEXT(2) 
PARAMETRIC_REPRESENTATION_CONTEXT() REPRESENTATION_CONTEXT('2D SPACE',''
  ) );
#4883 = PCURVE('',#978,#4884);
#4884 = DEFINITIONAL_REPRESENTATION('',(#4885),#4889);
#4885 = LINE('',#4886,#4887);
#4886 = CARTESIAN_POINT('',(0.,0.));
#4887 = VECTOR('',#4888,1.);
#4888 = DIRECTION('',(-0.,-1.));
#4889 = ( GEOMETRIC_REPRESENTATION_CONTEXT(2) 
PARAMETRIC_REPRESENTATION_CONTEXT() REPRESENTATION_CONTEXT('2D SPACE',''
  ) );
#4890 = ORIENTED_EDGE('',*,*,#934,.F.);
#4891 = ADVANCED_FACE('',(#4892),#1314,.F.);
#4892 = FACE_BOUND('',#4893,.F.);
#4893 = EDGE_LOOP('',(#4894,#4915,#4916,#4917));
#4894 = ORIENTED_EDGE('',*,*,#4895,.T.);
#4895 = EDGE_CURVE('',#1271,#2943,#4896,.T.);
#4896 = SURFACE_CURVE('',#4897,(#4901,#4908),.PCURVE_S1.);
#4897 = LINE('',#4898,#4899);
#4898 = CARTESIAN_POINT('',(-22.611,0.,-15.108));
#4899 = VECTOR('',#4900,1.);
#4900 = DIRECTION('',(0.,-1.,0.));
#4901 = PCURVE('',#1314,#4902);
#4902 = DEFINITIONAL_REPRESENTATION('',(#4903),#4907);
#4903 = LINE('',#4904,#4905);
#4904 = CARTESIAN_POINT('',(0.,0.));
#4905 = VECTOR('',#4906,1.);
#4906 = DIRECTION('',(0.,-1.));
#4907 = ( GEOMETRIC_REPRESENTATION_CONTEXT(2) 
PARAMETRIC_REPRESENTATION_CONTEXT() REPRESENTATION_CONTEXT('2D SPACE',''
  ) );
#4908 = PCURVE('',#1286,#4909);
#4909 = DEFINITIONAL_REPRESENTATION('',(#4910),#4914);
#4910 = LINE('',#4911,#4912);
#4911 = CARTESIAN_POINT('',(2.668869798248,0.));
#4912 = VECTOR('',#4913,1.);
#4913 = DIRECTION('',(0.,-1.));
#4914 = ( GEOMETRIC_REPRESENTATION_CONTEXT(2) 
PARAMETRIC_REPRESENTATION_CONTEXT() REPRESENTATION_CONTEXT('2D SPACE',''
  ) );
#4915 = ORIENTED_EDGE('',*,*,#2965,.T.);
#4916 = ORIENTED_EDGE('',*,*,#4841,.F.);
#4917 = ORIENTED_EDGE('',*,*,#1298,.F.);
#4918 = ADVANCED_FACE('',(#4919),#978,.F.);
#4919 = FACE_BOUND('',#4920,.F.);
#4920 = EDGE_LOOP('',(#4921,#4922,#4923,#4944));
#4921 = ORIENTED_EDGE('',*,*,#4870,.T.);
#4922 = ORIENTED_EDGE('',*,*,#2689,.T.);
#4923 = ORIENTED_EDGE('',*,*,#4924,.F.);
#4924 = EDGE_CURVE('',#963,#2690,#4925,.T.);
#4925 = SURFACE_CURVE('',#4926,(#4930,#4937),.PCURVE_S1.);
#4926 = LINE('',#4927,#4928);
#4927 = CARTESIAN_POINT('',(-28.142,0.,15.042));
#4928 = VECTOR('',#4929,1.);
#4929 = DIRECTION('',(0.,-1.,0.));
#4930 = PCURVE('',#978,#4931);
#4931 = DEFINITIONAL_REPRESENTATION('',(#4932),#4936);
#4932 = LINE('',#4933,#4934);
#4933 = CARTESIAN_POINT('',(3.141527335549,0.));
#4934 = VECTOR('',#4935,1.);
#4935 = DIRECTION('',(-0.,-1.));
#4936 = ( GEOMETRIC_REPRESENTATION_CONTEXT(2) 
PARAMETRIC_REPRESENTATION_CONTEXT() REPRESENTATION_CONTEXT('2D SPACE',''
  ) );
#4937 = PCURVE('',#1006,#4938);
#4938 = DEFINITIONAL_REPRESENTATION('',(#4939),#4943);
#4939 = LINE('',#4940,#4941);
#4940 = CARTESIAN_POINT('',(0.,0.));
#4941 = VECTOR('',#4942,1.);
#4942 = DIRECTION('',(-0.,-1.));
#4943 = ( GEOMETRIC_REPRESENTATION_CONTEXT(2) 
PARAMETRIC_REPRESENTATION_CONTEXT() REPRESENTATION_CONTEXT('2D SPACE',''
  ) );
#4944 = ORIENTED_EDGE('',*,*,#962,.F.);
#4945 = ADVANCED_FACE('',(#4946),#1286,.F.);
#4946 = FACE_BOUND('',#4947,.F.);
#4947 = EDGE_LOOP('',(#4948,#4969,#4970,#4971));
#4948 = ORIENTED_EDGE('',*,*,#4949,.T.);
#4949 = EDGE_CURVE('',#1243,#2920,#4950,.T.);
#4950 = SURFACE_CURVE('',#4951,(#4955,#4962),.PCURVE_S1.);
#4951 = LINE('',#4952,#4953);
#4952 = CARTESIAN_POINT('',(-23.99,0.,-12.823));
#4953 = VECTOR('',#4954,1.);
#4954 = DIRECTION('',(0.,-1.,0.));
#4955 = PCURVE('',#1286,#4956);
#4956 = DEFINITIONAL_REPRESENTATION('',(#4957),#4961);
#4957 = LINE('',#4958,#4959);
#4958 = CARTESIAN_POINT('',(0.,0.));
#4959 = VECTOR('',#4960,1.);
#4960 = DIRECTION('',(0.,-1.));
#4961 = ( GEOMETRIC_REPRESENTATION_CONTEXT(2) 
PARAMETRIC_REPRESENTATION_CONTEXT() REPRESENTATION_CONTEXT('2D SPACE',''
  ) );
#4962 = PCURVE('',#1258,#4963);
#4963 = DEFINITIONAL_REPRESENTATION('',(#4964),#4968);
#4964 = LINE('',#4965,#4966);
#4965 = CARTESIAN_POINT('',(2.670540207524,0.));
#4966 = VECTOR('',#4967,1.);
#4967 = DIRECTION('',(0.,-1.));
#4968 = ( GEOMETRIC_REPRESENTATION_CONTEXT(2) 
PARAMETRIC_REPRESENTATION_CONTEXT() REPRESENTATION_CONTEXT('2D SPACE',''
  ) );
#4969 = ORIENTED_EDGE('',*,*,#2942,.T.);
#4970 = ORIENTED_EDGE('',*,*,#4895,.F.);
#4971 = ORIENTED_EDGE('',*,*,#1270,.F.);
#4972 = ADVANCED_FACE('',(#4973),#1006,.F.);
#4973 = FACE_BOUND('',#4974,.F.);
#4974 = EDGE_LOOP('',(#4975,#4976,#4977,#4998));
#4975 = ORIENTED_EDGE('',*,*,#4924,.T.);
#4976 = ORIENTED_EDGE('',*,*,#2712,.T.);
#4977 = ORIENTED_EDGE('',*,*,#4978,.F.);
#4978 = EDGE_CURVE('',#991,#2713,#4979,.T.);
#4979 = SURFACE_CURVE('',#4980,(#4984,#4991),.PCURVE_S1.);
#4980 = LINE('',#4981,#4982);
#4981 = CARTESIAN_POINT('',(-28.942,0.,11.988));
#4982 = VECTOR('',#4983,1.);
#4983 = DIRECTION('',(0.,-1.,0.));
#4984 = PCURVE('',#1006,#4985);
#4985 = DEFINITIONAL_REPRESENTATION('',(#4986),#4990);
#4986 = LINE('',#4987,#4988);
#4987 = CARTESIAN_POINT('',(3.157042286698,0.));
#4988 = VECTOR('',#4989,1.);
#4989 = DIRECTION('',(-0.,-1.));
#4990 = ( GEOMETRIC_REPRESENTATION_CONTEXT(2) 
PARAMETRIC_REPRESENTATION_CONTEXT() REPRESENTATION_CONTEXT('2D SPACE',''
  ) );
#4991 = PCURVE('',#1034,#4992);
#4992 = DEFINITIONAL_REPRESENTATION('',(#4993),#4997);
#4993 = LINE('',#4994,#4995);
#4994 = CARTESIAN_POINT('',(0.,0.));
#4995 = VECTOR('',#4996,1.);
#4996 = DIRECTION('',(-0.,-1.));
#4997 = ( GEOMETRIC_REPRESENTATION_CONTEXT(2) 
PARAMETRIC_REPRESENTATION_CONTEXT() REPRESENTATION_CONTEXT('2D SPACE',''
  ) );
#4998 = ORIENTED_EDGE('',*,*,#990,.F.);
#4999 = ADVANCED_FACE('',(#5000),#1258,.F.);
#5000 = FACE_BOUND('',#5001,.F.);
#5001 = EDGE_LOOP('',(#5002,#5023,#5024,#5025));
#5002 = ORIENTED_EDGE('',*,*,#5003,.T.);
#5003 = EDGE_CURVE('',#1215,#2897,#5004,.T.);
#5004 = SURFACE_CURVE('',#5005,(#5009,#5016),.PCURVE_S1.);
#5005 = LINE('',#5006,#5007);
#5006 = CARTESIAN_POINT('',(-25.153,0.,-10.419));
#5007 = VECTOR('',#5008,1.);
#5008 = DIRECTION('',(0.,-1.,0.));
#5009 = PCURVE('',#1258,#5010);
#5010 = DEFINITIONAL_REPRESENTATION('',(#5011),#5015);
#5011 = LINE('',#5012,#5013);
#5012 = CARTESIAN_POINT('',(0.,0.));
#5013 = VECTOR('',#5014,1.);
#5014 = DIRECTION('',(0.,-1.));
#5015 = ( GEOMETRIC_REPRESENTATION_CONTEXT(2) 
PARAMETRIC_REPRESENTATION_CONTEXT() REPRESENTATION_CONTEXT('2D SPACE',''
  ) );
#5016 = PCURVE('',#1230,#5017);
#5017 = DEFINITIONAL_REPRESENTATION('',(#5018),#5022);
#5018 = LINE('',#5019,#5020);
#5019 = CARTESIAN_POINT('',(2.675482947058,0.));
#5020 = VECTOR('',#5021,1.);
#5021 = DIRECTION('',(0.,-1.));
#5022 = ( GEOMETRIC_REPRESENTATION_CONTEXT(2) 
PARAMETRIC_REPRESENTATION_CONTEXT() REPRESENTATION_CONTEXT('2D SPACE',''
  ) );
#5023 = ORIENTED_EDGE('',*,*,#2919,.T.);
#5024 = ORIENTED_EDGE('',*,*,#4949,.F.);
#5025 = ORIENTED_EDGE('',*,*,#1242,.F.);
#5026 = ADVANCED_FACE('',(#5027),#1034,.F.);
#5027 = FACE_BOUND('',#5028,.F.);
#5028 = EDGE_LOOP('',(#5029,#5030,#5031,#5052));
#5029 = ORIENTED_EDGE('',*,*,#4978,.T.);
#5030 = ORIENTED_EDGE('',*,*,#2735,.T.);
#5031 = ORIENTED_EDGE('',*,*,#5032,.F.);
#5032 = EDGE_CURVE('',#1019,#2736,#5033,.T.);
#5033 = SURFACE_CURVE('',#5034,(#5038,#5045),.PCURVE_S1.);
#5034 = LINE('',#5035,#5036);
#5035 = CARTESIAN_POINT('',(-29.147,0.,8.842));
#5036 = VECTOR('',#5037,1.);
#5037 = DIRECTION('',(0.,-1.,0.));
#5038 = PCURVE('',#1034,#5039);
#5039 = DEFINITIONAL_REPRESENTATION('',(#5040),#5044);
#5040 = LINE('',#5041,#5042);
#5041 = CARTESIAN_POINT('',(3.152672041301,0.));
#5042 = VECTOR('',#5043,1.);
#5043 = DIRECTION('',(-0.,-1.));
#5044 = ( GEOMETRIC_REPRESENTATION_CONTEXT(2) 
PARAMETRIC_REPRESENTATION_CONTEXT() REPRESENTATION_CONTEXT('2D SPACE',''
  ) );
#5045 = PCURVE('',#1062,#5046);
#5046 = DEFINITIONAL_REPRESENTATION('',(#5047),#5051);
#5047 = LINE('',#5048,#5049);
#5048 = CARTESIAN_POINT('',(0.,0.));
#5049 = VECTOR('',#5050,1.);
#5050 = DIRECTION('',(0.,-1.));
#5051 = ( GEOMETRIC_REPRESENTATION_CONTEXT(2) 
PARAMETRIC_REPRESENTATION_CONTEXT() REPRESENTATION_CONTEXT('2D SPACE',''
  ) );
#5052 = ORIENTED_EDGE('',*,*,#1018,.F.);
#5053 = ADVANCED_FACE('',(#5054),#1230,.F.);
#5054 = FACE_BOUND('',#5055,.F.);
#5055 = EDGE_LOOP('',(#5056,#5077,#5078,#5079));
#5056 = ORIENTED_EDGE('',*,*,#5057,.T.);
#5057 = EDGE_CURVE('',#1187,#2874,#5058,.T.);
#5058 = SURFACE_CURVE('',#5059,(#5063,#5070),.PCURVE_S1.);
#5059 = LINE('',#5060,#5061);
#5060 = CARTESIAN_POINT('',(-26.106,0.,-7.919));
#5061 = VECTOR('',#5062,1.);
#5062 = DIRECTION('',(0.,-1.,0.));
#5063 = PCURVE('',#1230,#5064);
#5064 = DEFINITIONAL_REPRESENTATION('',(#5065),#5069);
#5065 = LINE('',#5066,#5067);
#5066 = CARTESIAN_POINT('',(0.,0.));
#5067 = VECTOR('',#5068,1.);
#5068 = DIRECTION('',(0.,-1.));
#5069 = ( GEOMETRIC_REPRESENTATION_CONTEXT(2) 
PARAMETRIC_REPRESENTATION_CONTEXT() REPRESENTATION_CONTEXT('2D SPACE',''
  ) );
#5070 = PCURVE('',#1202,#5071);
#5071 = DEFINITIONAL_REPRESENTATION('',(#5072),#5076);
#5072 = LINE('',#5073,#5074);
#5073 = CARTESIAN_POINT('',(2.686032389976,0.));
#5074 = VECTOR('',#5075,1.);
#5075 = DIRECTION('',(0.,-1.));
#5076 = ( GEOMETRIC_REPRESENTATION_CONTEXT(2) 
PARAMETRIC_REPRESENTATION_CONTEXT() REPRESENTATION_CONTEXT('2D SPACE',''
  ) );
#5077 = ORIENTED_EDGE('',*,*,#2896,.T.);
#5078 = ORIENTED_EDGE('',*,*,#5003,.F.);
#5079 = ORIENTED_EDGE('',*,*,#1214,.F.);
#5080 = ADVANCED_FACE('',(#5081),#1062,.F.);
#5081 = FACE_BOUND('',#5082,.F.);
#5082 = EDGE_LOOP('',(#5083,#5084,#5085,#5106));
#5083 = ORIENTED_EDGE('',*,*,#5032,.T.);
#5084 = ORIENTED_EDGE('',*,*,#2758,.T.);
#5085 = ORIENTED_EDGE('',*,*,#5086,.F.);
#5086 = EDGE_CURVE('',#1047,#2759,#5087,.T.);
#5087 = SURFACE_CURVE('',#5088,(#5092,#5099),.PCURVE_S1.);
#5088 = LINE('',#5089,#5090);
#5089 = CARTESIAN_POINT('',(-28.953,0.,5.759));
#5090 = VECTOR('',#5091,1.);
#5091 = DIRECTION('',(0.,-1.,0.));
#5092 = PCURVE('',#1062,#5093);
#5093 = DEFINITIONAL_REPRESENTATION('',(#5094),#5098);
#5094 = LINE('',#5095,#5096);
#5095 = CARTESIAN_POINT('',(3.08909776472,0.));
#5096 = VECTOR('',#5097,1.);
#5097 = DIRECTION('',(0.,-1.));
#5098 = ( GEOMETRIC_REPRESENTATION_CONTEXT(2) 
PARAMETRIC_REPRESENTATION_CONTEXT() REPRESENTATION_CONTEXT('2D SPACE',''
  ) );
#5099 = PCURVE('',#1090,#5100);
#5100 = DEFINITIONAL_REPRESENTATION('',(#5101),#5105);
#5101 = LINE('',#5102,#5103);
#5102 = CARTESIAN_POINT('',(0.,0.));
#5103 = VECTOR('',#5104,1.);
#5104 = DIRECTION('',(0.,-1.));
#5105 = ( GEOMETRIC_REPRESENTATION_CONTEXT(2) 
PARAMETRIC_REPRESENTATION_CONTEXT() REPRESENTATION_CONTEXT('2D SPACE',''
  ) );
#5106 = ORIENTED_EDGE('',*,*,#1046,.F.);
#5107 = ADVANCED_FACE('',(#5108),#1202,.F.);
#5108 = FACE_BOUND('',#5109,.F.);
#5109 = EDGE_LOOP('',(#5110,#5131,#5132,#5133));
#5110 = ORIENTED_EDGE('',*,*,#5111,.T.);
#5111 = EDGE_CURVE('',#1159,#2851,#5112,.T.);
#5112 = SURFACE_CURVE('',#5113,(#5117,#5124),.PCURVE_S1.);
#5113 = LINE('',#5114,#5115);
#5114 = CARTESIAN_POINT('',(-26.877,0.,-5.346));
#5115 = VECTOR('',#5116,1.);
#5116 = DIRECTION('',(0.,-1.,0.));
#5117 = PCURVE('',#1202,#5118);
#5118 = DEFINITIONAL_REPRESENTATION('',(#5119),#5123);
#5119 = LINE('',#5120,#5121);
#5120 = CARTESIAN_POINT('',(0.,0.));
#5121 = VECTOR('',#5122,1.);
#5122 = DIRECTION('',(0.,-1.));
#5123 = ( GEOMETRIC_REPRESENTATION_CONTEXT(2) 
PARAMETRIC_REPRESENTATION_CONTEXT() REPRESENTATION_CONTEXT('2D SPACE',''
  ) );
#5124 = PCURVE('',#1174,#5125);
#5125 = DEFINITIONAL_REPRESENTATION('',(#5126),#5130);
#5126 = LINE('',#5127,#5128);
#5127 = CARTESIAN_POINT('',(2.711171702419,0.));
#5128 = VECTOR('',#5129,1.);
#5129 = DIRECTION('',(0.,-1.));
#5130 = ( GEOMETRIC_REPRESENTATION_CONTEXT(2) 
PARAMETRIC_REPRESENTATION_CONTEXT() REPRESENTATION_CONTEXT('2D SPACE',''
  ) );
#5131 = ORIENTED_EDGE('',*,*,#2873,.T.);
#5132 = ORIENTED_EDGE('',*,*,#5057,.F.);
#5133 = ORIENTED_EDGE('',*,*,#1186,.F.);
#5134 = ADVANCED_FACE('',(#5135),#1090,.F.);
#5135 = FACE_BOUND('',#5136,.F.);
#5136 = EDGE_LOOP('',(#5137,#5138,#5139,#5160));
#5137 = ORIENTED_EDGE('',*,*,#5086,.T.);
#5138 = ORIENTED_EDGE('',*,*,#2781,.T.);
#5139 = ORIENTED_EDGE('',*,*,#5140,.F.);
#5140 = EDGE_CURVE('',#1075,#2782,#5141,.T.);
#5141 = SURFACE_CURVE('',#5142,(#5146,#5153),.PCURVE_S1.);
#5142 = LINE('',#5143,#5144);
#5143 = CARTESIAN_POINT('',(-28.549,0.,2.812));
#5144 = VECTOR('',#5145,1.);
#5145 = DIRECTION('',(0.,-1.,0.));
#5146 = PCURVE('',#1090,#5147);
#5147 = DEFINITIONAL_REPRESENTATION('',(#5148),#5152);
#5148 = LINE('',#5149,#5150);
#5149 = CARTESIAN_POINT('',(2.974562993113,0.));
#5150 = VECTOR('',#5151,1.);
#5151 = DIRECTION('',(0.,-1.));
#5152 = ( GEOMETRIC_REPRESENTATION_CONTEXT(2) 
PARAMETRIC_REPRESENTATION_CONTEXT() REPRESENTATION_CONTEXT('2D SPACE',''
  ) );
#5153 = PCURVE('',#1118,#5154);
#5154 = DEFINITIONAL_REPRESENTATION('',(#5155),#5159);
#5155 = LINE('',#5156,#5157);
#5156 = CARTESIAN_POINT('',(0.,0.));
#5157 = VECTOR('',#5158,1.);
#5158 = DIRECTION('',(0.,-1.));
#5159 = ( GEOMETRIC_REPRESENTATION_CONTEXT(2) 
PARAMETRIC_REPRESENTATION_CONTEXT() REPRESENTATION_CONTEXT('2D SPACE',''
  ) );
#5160 = ORIENTED_EDGE('',*,*,#1074,.F.);
#5161 = ADVANCED_FACE('',(#5162),#1174,.F.);
#5162 = FACE_BOUND('',#5163,.F.);
#5163 = EDGE_LOOP('',(#5164,#5185,#5186,#5187));
#5164 = ORIENTED_EDGE('',*,*,#5165,.T.);
#5165 = EDGE_CURVE('',#1131,#2828,#5166,.T.);
#5166 = SURFACE_CURVE('',#5167,(#5171,#5178),.PCURVE_S1.);
#5167 = LINE('',#5168,#5169);
#5168 = CARTESIAN_POINT('',(-27.511,0.,-2.71));
#5169 = VECTOR('',#5170,1.);
#5170 = DIRECTION('',(0.,-1.,0.));
#5171 = PCURVE('',#1174,#5172);
#5172 = DEFINITIONAL_REPRESENTATION('',(#5173),#5177);
#5173 = LINE('',#5174,#5175);
#5174 = CARTESIAN_POINT('',(0.,0.));
#5175 = VECTOR('',#5176,1.);
#5176 = DIRECTION('',(0.,-1.));
#5177 = ( GEOMETRIC_REPRESENTATION_CONTEXT(2) 
PARAMETRIC_REPRESENTATION_CONTEXT() REPRESENTATION_CONTEXT('2D SPACE',''
  ) );
#5178 = PCURVE('',#1146,#5179);
#5179 = DEFINITIONAL_REPRESENTATION('',(#5180),#5184);
#5180 = LINE('',#5181,#5182);
#5181 = CARTESIAN_POINT('',(2.76465350451,0.));
#5182 = VECTOR('',#5183,1.);
#5183 = DIRECTION('',(0.,-1.));
#5184 = ( GEOMETRIC_REPRESENTATION_CONTEXT(2) 
PARAMETRIC_REPRESENTATION_CONTEXT() REPRESENTATION_CONTEXT('2D SPACE',''
  ) );
#5185 = ORIENTED_EDGE('',*,*,#2850,.T.);
#5186 = ORIENTED_EDGE('',*,*,#5111,.F.);
#5187 = ORIENTED_EDGE('',*,*,#1158,.F.);
#5188 = ADVANCED_FACE('',(#5189),#1118,.F.);
#5189 = FACE_BOUND('',#5190,.F.);
#5190 = EDGE_LOOP('',(#5191,#5192,#5193,#5214));
#5191 = ORIENTED_EDGE('',*,*,#5140,.T.);
#5192 = ORIENTED_EDGE('',*,*,#2804,.T.);
#5193 = ORIENTED_EDGE('',*,*,#5194,.F.);
#5194 = EDGE_CURVE('',#1103,#2805,#5195,.T.);
#5195 = SURFACE_CURVE('',#5196,(#5200,#5207),.PCURVE_S1.);
#5196 = LINE('',#5197,#5198);
#5197 = CARTESIAN_POINT('',(-28.058,0.,0.));
#5198 = VECTOR('',#5199,1.);
#5199 = DIRECTION('',(0.,-1.,0.));
#5200 = PCURVE('',#1118,#5201);
#5201 = DEFINITIONAL_REPRESENTATION('',(#5202),#5206);
#5202 = LINE('',#5203,#5204);
#5203 = CARTESIAN_POINT('',(2.854544622177,0.));
#5204 = VECTOR('',#5205,1.);
#5205 = DIRECTION('',(0.,-1.));
#5206 = ( GEOMETRIC_REPRESENTATION_CONTEXT(2) 
PARAMETRIC_REPRESENTATION_CONTEXT() REPRESENTATION_CONTEXT('2D SPACE',''
  ) );
#5207 = PCURVE('',#1146,#5208);
#5208 = DEFINITIONAL_REPRESENTATION('',(#5209),#5213);
#5209 = LINE('',#5210,#5211);
#5210 = CARTESIAN_POINT('',(0.,0.));
#5211 = VECTOR('',#5212,1.);
#5212 = DIRECTION('',(0.,-1.));
#5213 = ( GEOMETRIC_REPRESENTATION_CONTEXT(2) 
PARAMETRIC_REPRESENTATION_CONTEXT() REPRESENTATION_CONTEXT('2D SPACE',''
  ) );
#5214 = ORIENTED_EDGE('',*,*,#1102,.F.);
#5215 = ADVANCED_FACE('',(#5216),#1146,.F.);
#5216 = FACE_BOUND('',#5217,.F.);
#5217 = EDGE_LOOP('',(#5218,#5219,#5220,#5221));
#5218 = ORIENTED_EDGE('',*,*,#5194,.T.);
#5219 = ORIENTED_EDGE('',*,*,#2827,.T.);
#5220 = ORIENTED_EDGE('',*,*,#5165,.F.);
#5221 = ORIENTED_EDGE('',*,*,#1130,.F.);
#5222 = ADVANCED_FACE('',(#5223),#2011,.T.);
#5223 = FACE_BOUND('',#5224,.T.);
#5224 = EDGE_LOOP('',(#5225,#5253,#5274,#5275));
#5225 = ORIENTED_EDGE('',*,*,#5226,.F.);
#5226 = EDGE_CURVE('',#5227,#5229,#5231,.T.);
#5227 = VERTEX_POINT('',#5228);
#5228 = CARTESIAN_POINT('',(1.37,-14.62,4.625));
#5229 = VERTEX_POINT('',#5230);
#5230 = CARTESIAN_POINT('',(1.37,-14.62,3.549806332745));
#5231 = SURFACE_CURVE('',#5232,(#5236,#5242),.PCURVE_S1.);
#5232 = LINE('',#5233,#5234);
#5233 = CARTESIAN_POINT('',(1.37,-14.62,2.3125));
#5234 = VECTOR('',#5235,1.);
#5235 = DIRECTION('',(-0.,-0.,-1.));
#5236 = PCURVE('',#2011,#5237);
#5237 = DEFINITIONAL_REPRESENTATION('',(#5238),#5241);
#5238 = B_SPLINE_CURVE_WITH_KNOTS('',1,(#5239,#5240),.UNSPECIFIED.,.F.,
  .F.,(2,2),(-2.3125,-0.6725),.PIECEWISE_BEZIER_KNOTS.);
#5239 = CARTESIAN_POINT('',(0.,-47.4320002));
#5240 = CARTESIAN_POINT('',(1.64,-47.4320002));
#5241 = ( GEOMETRIC_REPRESENTATION_CONTEXT(2) 
PARAMETRIC_REPRESENTATION_CONTEXT() REPRESENTATION_CONTEXT('2D SPACE',''
  ) );
#5242 = PCURVE('',#5243,#5248);
#5243 = PLANE('',#5244);
#5244 = AXIS2_PLACEMENT_3D('',#5245,#5246,#5247);
#5245 = CARTESIAN_POINT('',(0.,-14.62,0.));
#5246 = DIRECTION('',(0.,-1.,0.));
#5247 = DIRECTION('',(1.,0.,0.));
#5248 = DEFINITIONAL_REPRESENTATION('',(#5249),#5252);
#5249 = B_SPLINE_CURVE_WITH_KNOTS('',1,(#5250,#5251),.UNSPECIFIED.,.F.,
  .F.,(2,2),(-2.3125,-0.6725),.PIECEWISE_BEZIER_KNOTS.);
#5250 = CARTESIAN_POINT('',(1.37,4.625));
#5251 = CARTESIAN_POINT('',(1.37,2.985));
#5252 = ( GEOMETRIC_REPRESENTATION_CONTEXT(2) 
PARAMETRIC_REPRESENTATION_CONTEXT() REPRESENTATION_CONTEXT('2D SPACE',''
  ) );
#5253 = ORIENTED_EDGE('',*,*,#5254,.T.);
#5254 = EDGE_CURVE('',#5227,#1995,#5255,.T.);
#5255 = SURFACE_CURVE('',#5256,(#5260,#5267),.PCURVE_S1.);
#5256 = LINE('',#5257,#5258);
#5257 = CARTESIAN_POINT('',(1.37,-62.0520002,4.625));
#5258 = VECTOR('',#5259,1.);
#5259 = DIRECTION('',(0.,1.,0.));
#5260 = PCURVE('',#2011,#5261);
#5261 = DEFINITIONAL_REPRESENTATION('',(#5262),#5266);
#5262 = LINE('',#5263,#5264);
#5263 = CARTESIAN_POINT('',(0.,-0.));
#5264 = VECTOR('',#5265,1.);
#5265 = DIRECTION('',(0.,-1.));
#5266 = ( GEOMETRIC_REPRESENTATION_CONTEXT(2) 
PARAMETRIC_REPRESENTATION_CONTEXT() REPRESENTATION_CONTEXT('2D SPACE',''
  ) );
#5267 = PCURVE('',#2090,#5268);
#5268 = DEFINITIONAL_REPRESENTATION('',(#5269),#5273);
#5269 = LINE('',#5270,#5271);
#5270 = CARTESIAN_POINT('',(2.74,0.));
#5271 = VECTOR('',#5272,1.);
#5272 = DIRECTION('',(0.,-1.));
#5273 = ( GEOMETRIC_REPRESENTATION_CONTEXT(2) 
PARAMETRIC_REPRESENTATION_CONTEXT() REPRESENTATION_CONTEXT('2D SPACE',''
  ) );
#5274 = ORIENTED_EDGE('',*,*,#1994,.T.);
#5275 = ORIENTED_EDGE('',*,*,#5276,.T.);
#5276 = EDGE_CURVE('',#1997,#5229,#5277,.T.);
#5277 = SURFACE_CURVE('',#5278,(#5282,#5288),.PCURVE_S1.);
#5278 = LINE('',#5279,#5280);
#5279 = CARTESIAN_POINT('',(1.37,-62.0520002,3.549806332745));
#5280 = VECTOR('',#5281,1.);
#5281 = DIRECTION('',(0.,-1.,0.));
#5282 = PCURVE('',#2011,#5283);
#5283 = DEFINITIONAL_REPRESENTATION('',(#5284),#5287);
#5284 = B_SPLINE_CURVE_WITH_KNOTS('',1,(#5285,#5286),.UNSPECIFIED.,.F.,
  .F.,(2,2),(-62.0520008,-47.4319996),.PIECEWISE_BEZIER_KNOTS.);
#5285 = CARTESIAN_POINT('',(1.075193667255,-62.0520008));
#5286 = CARTESIAN_POINT('',(1.075193667255,-47.4319996));
#5287 = ( GEOMETRIC_REPRESENTATION_CONTEXT(2) 
PARAMETRIC_REPRESENTATION_CONTEXT() REPRESENTATION_CONTEXT('2D SPACE',''
  ) );
#5288 = PCURVE('',#2039,#5289);
#5289 = DEFINITIONAL_REPRESENTATION('',(#5290),#5293);
#5290 = B_SPLINE_CURVE_WITH_KNOTS('',1,(#5291,#5292),.UNSPECIFIED.,.F.,
  .F.,(2,2),(-62.0520002,-47.4320002),.PIECEWISE_BEZIER_KNOTS.);
#5291 = CARTESIAN_POINT('',(-1.939120560721,-62.0520002));
#5292 = CARTESIAN_POINT('',(-1.939120560721,-47.4320002));
#5293 = ( GEOMETRIC_REPRESENTATION_CONTEXT(2) 
PARAMETRIC_REPRESENTATION_CONTEXT() REPRESENTATION_CONTEXT('2D SPACE',''
  ) );
#5294 = ADVANCED_FACE('',(#5295),#2090,.T.);
#5295 = FACE_BOUND('',#5296,.T.);
#5296 = EDGE_LOOP('',(#5297,#5318,#5339,#5340));
#5297 = ORIENTED_EDGE('',*,*,#5298,.F.);
#5298 = EDGE_CURVE('',#5299,#5227,#5301,.T.);
#5299 = VERTEX_POINT('',#5300);
#5300 = CARTESIAN_POINT('',(-1.37,-14.62,4.625));
#5301 = SURFACE_CURVE('',#5302,(#5306,#5312),.PCURVE_S1.);
#5302 = LINE('',#5303,#5304);
#5303 = CARTESIAN_POINT('',(-0.685,-14.62,4.625));
#5304 = VECTOR('',#5305,1.);
#5305 = DIRECTION('',(1.,0.,0.));
#5306 = PCURVE('',#2090,#5307);
#5307 = DEFINITIONAL_REPRESENTATION('',(#5308),#5311);
#5308 = B_SPLINE_CURVE_WITH_KNOTS('',1,(#5309,#5310),.UNSPECIFIED.,.F.,
  .F.,(2,2),(-0.685,2.055),.PIECEWISE_BEZIER_KNOTS.);
#5309 = CARTESIAN_POINT('',(0.,-47.4320002));
#5310 = CARTESIAN_POINT('',(2.74,-47.4320002));
#5311 = ( GEOMETRIC_REPRESENTATION_CONTEXT(2) 
PARAMETRIC_REPRESENTATION_CONTEXT() REPRESENTATION_CONTEXT('2D SPACE',''
  ) );
#5312 = PCURVE('',#5243,#5313);
#5313 = DEFINITIONAL_REPRESENTATION('',(#5314),#5317);
#5314 = B_SPLINE_CURVE_WITH_KNOTS('',1,(#5315,#5316),.UNSPECIFIED.,.F.,
  .F.,(2,2),(-0.685,2.055),.PIECEWISE_BEZIER_KNOTS.);
#5315 = CARTESIAN_POINT('',(-1.37,4.625));
#5316 = CARTESIAN_POINT('',(1.37,4.625));
#5317 = ( GEOMETRIC_REPRESENTATION_CONTEXT(2) 
PARAMETRIC_REPRESENTATION_CONTEXT() REPRESENTATION_CONTEXT('2D SPACE',''
  ) );
#5318 = ORIENTED_EDGE('',*,*,#5319,.T.);
#5319 = EDGE_CURVE('',#5299,#2052,#5320,.T.);
#5320 = SURFACE_CURVE('',#5321,(#5325,#5332),.PCURVE_S1.);
#5321 = LINE('',#5322,#5323);
#5322 = CARTESIAN_POINT('',(-1.37,-62.0520002,4.625));
#5323 = VECTOR('',#5324,1.);
#5324 = DIRECTION('',(0.,1.,0.));
#5325 = PCURVE('',#2090,#5326);
#5326 = DEFINITIONAL_REPRESENTATION('',(#5327),#5331);
#5327 = LINE('',#5328,#5329);
#5328 = CARTESIAN_POINT('',(0.,0.));
#5329 = VECTOR('',#5330,1.);
#5330 = DIRECTION('',(0.,-1.));
#5331 = ( GEOMETRIC_REPRESENTATION_CONTEXT(2) 
PARAMETRIC_REPRESENTATION_CONTEXT() REPRESENTATION_CONTEXT('2D SPACE',''
  ) );
#5332 = PCURVE('',#2066,#5333);
#5333 = DEFINITIONAL_REPRESENTATION('',(#5334),#5338);
#5334 = LINE('',#5335,#5336);
#5335 = CARTESIAN_POINT('',(1.64,0.));
#5336 = VECTOR('',#5337,1.);
#5337 = DIRECTION('',(0.,-1.));
#5338 = ( GEOMETRIC_REPRESENTATION_CONTEXT(2) 
PARAMETRIC_REPRESENTATION_CONTEXT() REPRESENTATION_CONTEXT('2D SPACE',''
  ) );
#5339 = ORIENTED_EDGE('',*,*,#2077,.T.);
#5340 = ORIENTED_EDGE('',*,*,#5254,.F.);
#5341 = ADVANCED_FACE('',(#5342),#2039,.F.);
#5342 = FACE_BOUND('',#5343,.T.);
#5343 = EDGE_LOOP('',(#5344,#5345,#5366,#5388));
#5344 = ORIENTED_EDGE('',*,*,#2022,.F.);
#5345 = ORIENTED_EDGE('',*,*,#5346,.T.);
#5346 = EDGE_CURVE('',#2023,#5347,#5349,.T.);
#5347 = VERTEX_POINT('',#5348);
#5348 = CARTESIAN_POINT('',(-1.37,-14.62,3.549806332745));
#5349 = SURFACE_CURVE('',#5350,(#5354,#5360),.PCURVE_S1.);
#5350 = LINE('',#5351,#5352);
#5351 = CARTESIAN_POINT('',(-1.37,-62.0520002,3.549806332745));
#5352 = VECTOR('',#5353,1.);
#5353 = DIRECTION('',(0.,-1.,0.));
#5354 = PCURVE('',#2039,#5355);
#5355 = DEFINITIONAL_REPRESENTATION('',(#5356),#5359);
#5356 = B_SPLINE_CURVE_WITH_KNOTS('',1,(#5357,#5358),.UNSPECIFIED.,.F.,
  .F.,(2,2),(-62.0520002,-47.4320002),.PIECEWISE_BEZIER_KNOTS.);
#5357 = CARTESIAN_POINT('',(-7.485657400049,-62.0520002));
#5358 = CARTESIAN_POINT('',(-7.485657400049,-47.4320002));
#5359 = ( GEOMETRIC_REPRESENTATION_CONTEXT(2) 
PARAMETRIC_REPRESENTATION_CONTEXT() REPRESENTATION_CONTEXT('2D SPACE',''
  ) );
#5360 = PCURVE('',#2066,#5361);
#5361 = DEFINITIONAL_REPRESENTATION('',(#5362),#5365);
#5362 = B_SPLINE_CURVE_WITH_KNOTS('',1,(#5363,#5364),.UNSPECIFIED.,.F.,
  .F.,(2,2),(-62.0520008,-47.4319996),.PIECEWISE_BEZIER_KNOTS.);
#5363 = CARTESIAN_POINT('',(0.564806332745,-62.0520008));
#5364 = CARTESIAN_POINT('',(0.564806332745,-47.4319996));
#5365 = ( GEOMETRIC_REPRESENTATION_CONTEXT(2) 
PARAMETRIC_REPRESENTATION_CONTEXT() REPRESENTATION_CONTEXT('2D SPACE',''
  ) );
#5366 = ORIENTED_EDGE('',*,*,#5367,.T.);
#5367 = EDGE_CURVE('',#5347,#5229,#5368,.T.);
#5368 = SURFACE_CURVE('',#5369,(#5374,#5381),.PCURVE_S1.);
#5369 = CIRCLE('',#5370,3.805);
#5370 = AXIS2_PLACEMENT_3D('',#5371,#5372,#5373);
#5371 = CARTESIAN_POINT('',(0.,-14.62,0.));
#5372 = DIRECTION('',(0.,-1.,0.));
#5373 = DIRECTION('',(-0.360052562418,0.,0.932932019118));
#5374 = PCURVE('',#2039,#5375);
#5375 = DEFINITIONAL_REPRESENTATION('',(#5376),#5380);
#5376 = LINE('',#5377,#5378);
#5377 = CARTESIAN_POINT('',(-7.485657400049,-47.4320002));
#5378 = VECTOR('',#5379,1.);
#5379 = DIRECTION('',(1.,-0.));
#5380 = ( GEOMETRIC_REPRESENTATION_CONTEXT(2) 
PARAMETRIC_REPRESENTATION_CONTEXT() REPRESENTATION_CONTEXT('2D SPACE',''
  ) );
#5381 = PCURVE('',#5243,#5382);
#5382 = DEFINITIONAL_REPRESENTATION('',(#5383),#5387);
#5383 = CIRCLE('',#5384,3.805);
#5384 = AXIS2_PLACEMENT_2D('',#5385,#5386);
#5385 = CARTESIAN_POINT('',(0.,0.));
#5386 = DIRECTION('',(-0.360052562418,0.932932019118));
#5387 = ( GEOMETRIC_REPRESENTATION_CONTEXT(2) 
PARAMETRIC_REPRESENTATION_CONTEXT() REPRESENTATION_CONTEXT('2D SPACE',''
  ) );
#5388 = ORIENTED_EDGE('',*,*,#5276,.F.);
#5389 = ADVANCED_FACE('',(#5390),#2066,.T.);
#5390 = FACE_BOUND('',#5391,.T.);
#5391 = EDGE_LOOP('',(#5392,#5393,#5412,#5413));
#5392 = ORIENTED_EDGE('',*,*,#5319,.F.);
#5393 = ORIENTED_EDGE('',*,*,#5394,.F.);
#5394 = EDGE_CURVE('',#5347,#5299,#5395,.T.);
#5395 = SURFACE_CURVE('',#5396,(#5400,#5406),.PCURVE_S1.);
#5396 = LINE('',#5397,#5398);
#5397 = CARTESIAN_POINT('',(-1.37,-14.62,1.4925));
#5398 = VECTOR('',#5399,1.);
#5399 = DIRECTION('',(-0.,0.,1.));
#5400 = PCURVE('',#2066,#5401);
#5401 = DEFINITIONAL_REPRESENTATION('',(#5402),#5405);
#5402 = B_SPLINE_CURVE_WITH_KNOTS('',1,(#5403,#5404),.UNSPECIFIED.,.F.,
  .F.,(2,2),(1.4925,3.1325),.PIECEWISE_BEZIER_KNOTS.);
#5403 = CARTESIAN_POINT('',(0.,-47.4320002));
#5404 = CARTESIAN_POINT('',(1.64,-47.4320002));
#5405 = ( GEOMETRIC_REPRESENTATION_CONTEXT(2) 
PARAMETRIC_REPRESENTATION_CONTEXT() REPRESENTATION_CONTEXT('2D SPACE',''
  ) );
#5406 = PCURVE('',#5243,#5407);
#5407 = DEFINITIONAL_REPRESENTATION('',(#5408),#5411);
#5408 = B_SPLINE_CURVE_WITH_KNOTS('',1,(#5409,#5410),.UNSPECIFIED.,.F.,
  .F.,(2,2),(1.4925,3.1325),.PIECEWISE_BEZIER_KNOTS.);
#5409 = CARTESIAN_POINT('',(-1.37,2.985));
#5410 = CARTESIAN_POINT('',(-1.37,4.625));
#5411 = ( GEOMETRIC_REPRESENTATION_CONTEXT(2) 
PARAMETRIC_REPRESENTATION_CONTEXT() REPRESENTATION_CONTEXT('2D SPACE',''
  ) );
#5412 = ORIENTED_EDGE('',*,*,#5346,.F.);
#5413 = ORIENTED_EDGE('',*,*,#2051,.T.);
#5414 = ADVANCED_FACE('',(#5415),#2120,.F.);
#5415 = FACE_BOUND('',#5416,.F.);
#5416 = EDGE_LOOP('',(#5417,#5418,#5439,#5440));
#5417 = ORIENTED_EDGE('',*,*,#3572,.F.);
#5418 = ORIENTED_EDGE('',*,*,#5419,.F.);
#5419 = EDGE_CURVE('',#2104,#3573,#5420,.T.);
#5420 = SEAM_CURVE('',#5421,(#5425,#5432),.PCURVE_S1.);
#5421 = LINE('',#5422,#5423);
#5422 = CARTESIAN_POINT('',(14.495,4.7,-2.204364238465E-16));
#5423 = VECTOR('',#5424,1.);
#5424 = DIRECTION('',(0.,-1.,0.));
#5425 = PCURVE('',#2120,#5426);
#5426 = DEFINITIONAL_REPRESENTATION('',(#5427),#5431);
#5427 = LINE('',#5428,#5429);
#5428 = CARTESIAN_POINT('',(6.28318530718,-0.));
#5429 = VECTOR('',#5430,1.);
#5430 = DIRECTION('',(0.,1.));
#5431 = ( GEOMETRIC_REPRESENTATION_CONTEXT(2) 
PARAMETRIC_REPRESENTATION_CONTEXT() REPRESENTATION_CONTEXT('2D SPACE',''
  ) );
#5432 = PCURVE('',#2120,#5433);
#5433 = DEFINITIONAL_REPRESENTATION('',(#5434),#5438);
#5434 = LINE('',#5435,#5436);
#5435 = CARTESIAN_POINT('',(0.,-0.));
#5436 = VECTOR('',#5437,1.);
#5437 = DIRECTION('',(0.,1.));
#5438 = ( GEOMETRIC_REPRESENTATION_CONTEXT(2) 
PARAMETRIC_REPRESENTATION_CONTEXT() REPRESENTATION_CONTEXT('2D SPACE',''
  ) );
#5439 = ORIENTED_EDGE('',*,*,#2103,.T.);
#5440 = ORIENTED_EDGE('',*,*,#5419,.T.);
#5441 = ADVANCED_FACE('',(#5442),#3558,.T.);
#5442 = FACE_BOUND('',#5443,.T.);
#5443 = EDGE_LOOP('',(#5444,#5467,#5489,#5490));
#5444 = ORIENTED_EDGE('',*,*,#5445,.T.);
#5445 = EDGE_CURVE('',#3542,#5446,#5448,.T.);
#5446 = VERTEX_POINT('',#5447);
#5447 = CARTESIAN_POINT('',(8.72,-14.62,-2.135784017713E-15));
#5448 = SEAM_CURVE('',#5449,(#5453,#5460),.PCURVE_S1.);
#5449 = LINE('',#5450,#5451);
#5450 = CARTESIAN_POINT('',(8.72,-9.4,-2.135784017713E-15));
#5451 = VECTOR('',#5452,1.);
#5452 = DIRECTION('',(0.,-1.,0.));
#5453 = PCURVE('',#3558,#5454);
#5454 = DEFINITIONAL_REPRESENTATION('',(#5455),#5459);
#5455 = LINE('',#5456,#5457);
#5456 = CARTESIAN_POINT('',(6.28318530718,-0.));
#5457 = VECTOR('',#5458,1.);
#5458 = DIRECTION('',(0.,1.));
#5459 = ( GEOMETRIC_REPRESENTATION_CONTEXT(2) 
PARAMETRIC_REPRESENTATION_CONTEXT() REPRESENTATION_CONTEXT('2D SPACE',''
  ) );
#5460 = PCURVE('',#3558,#5461);
#5461 = DEFINITIONAL_REPRESENTATION('',(#5462),#5466);
#5462 = LINE('',#5463,#5464);
#5463 = CARTESIAN_POINT('',(0.,-0.));
#5464 = VECTOR('',#5465,1.);
#5465 = DIRECTION('',(0.,1.));
#5466 = ( GEOMETRIC_REPRESENTATION_CONTEXT(2) 
PARAMETRIC_REPRESENTATION_CONTEXT() REPRESENTATION_CONTEXT('2D SPACE',''
  ) );
#5467 = ORIENTED_EDGE('',*,*,#5468,.F.);
#5468 = EDGE_CURVE('',#5446,#5446,#5469,.T.);
#5469 = SURFACE_CURVE('',#5470,(#5475,#5482),.PCURVE_S1.);
#5470 = CIRCLE('',#5471,8.72);
#5471 = AXIS2_PLACEMENT_3D('',#5472,#5473,#5474);
#5472 = CARTESIAN_POINT('',(0.,-14.62,0.));
#5473 = DIRECTION('',(0.,-1.,0.));
#5474 = DIRECTION('',(1.,0.,0.));
#5475 = PCURVE('',#3558,#5476);
#5476 = DEFINITIONAL_REPRESENTATION('',(#5477),#5481);
#5477 = LINE('',#5478,#5479);
#5478 = CARTESIAN_POINT('',(0.,5.22));
#5479 = VECTOR('',#5480,1.);
#5480 = DIRECTION('',(1.,0.));
#5481 = ( GEOMETRIC_REPRESENTATION_CONTEXT(2) 
PARAMETRIC_REPRESENTATION_CONTEXT() REPRESENTATION_CONTEXT('2D SPACE',''
  ) );
#5482 = PCURVE('',#5243,#5483);
#5483 = DEFINITIONAL_REPRESENTATION('',(#5484),#5488);
#5484 = CIRCLE('',#5485,8.72);
#5485 = AXIS2_PLACEMENT_2D('',#5486,#5487);
#5486 = CARTESIAN_POINT('',(0.,0.));
#5487 = DIRECTION('',(1.,0.));
#5488 = ( GEOMETRIC_REPRESENTATION_CONTEXT(2) 
PARAMETRIC_REPRESENTATION_CONTEXT() REPRESENTATION_CONTEXT('2D SPACE',''
  ) );
#5489 = ORIENTED_EDGE('',*,*,#5445,.F.);
#5490 = ORIENTED_EDGE('',*,*,#3541,.T.);
#5491 = ADVANCED_FACE('',(#5492,#5495),#5243,.T.);
#5492 = FACE_BOUND('',#5493,.T.);
#5493 = EDGE_LOOP('',(#5494));
#5494 = ORIENTED_EDGE('',*,*,#5468,.T.);
#5495 = FACE_BOUND('',#5496,.T.);
#5496 = EDGE_LOOP('',(#5497,#5498,#5499,#5500));
#5497 = ORIENTED_EDGE('',*,*,#5226,.T.);
#5498 = ORIENTED_EDGE('',*,*,#5367,.F.);
#5499 = ORIENTED_EDGE('',*,*,#5394,.T.);
#5500 = ORIENTED_EDGE('',*,*,#5298,.T.);
#5501 = ( GEOMETRIC_REPRESENTATION_CONTEXT(3) 
GLOBAL_UNCERTAINTY_ASSIGNED_CONTEXT((#5505)) 
GLOBAL_UNIT_ASSIGNED_CONTEXT((#5502,#5503,#5504)) REPRESENTATION_CONTEXT
('Context #1','3D Context with UNIT and UNCERTAINTY') );
#5502 = ( LENGTH_UNIT() NAMED_UNIT(*) SI_UNIT(.MILLI.,.METRE.) );
#5503 = ( NAMED_UNIT(*) PLANE_ANGLE_UNIT() SI_UNIT($,.RADIAN.) );
#5504 = ( NAMED_UNIT(*) SI_UNIT($,.STERADIAN.) SOLID_ANGLE_UNIT() );
#5505 = UNCERTAINTY_MEASURE_WITH_UNIT(LENGTH_MEASURE(1.E-07),#5502,
  'distance_accuracy_value','confusion accuracy');
#5506 = PRODUCT_RELATED_PRODUCT_CATEGORY('part',$,(#7));
ENDSEC;
END-ISO-10303-21;
