$MeshFormat
4.1 0 8
$EndMeshFormat
$Entities
4 6 5 1
1 18.425 10.471568650398 9.875 0 
2 15.625 17.330139930191 1.475 0 
3 8.300000000000001 2.204540768505 6.5 0 
4 14.325 -12.55363493176 24.575 0 
1 -20.57918058972728 -21.3752114613493 -10.81463879029398 23.37918058972728 14.5166401815573 19.21463879029399 0 2 1 -1 
2 15.6249999 10.47156855039662 1.4749999 18.42500009999966 17.330140030191 9.875000099998989 0 2 2 -1 
3 -23.37918058972728 -14.5166401815573 -19.21463879029399 20.57918058972728 21.3752114613493 10.81463879029398 0 2 2 -2 
4 -7.507861796277133 -10.70252435828236 -1.885228115449544 10.30786179627713 3.843953078490358 10.28522811544954 0 2 3 -3 
5 8.299999900000001 -12.55363503176537 6.499999900000001 14.32500009999868 2.204540868505 24.57500009999605 0 2 3 -4 
6 -1.482861796277135 -25.46070005854636 16.18977188455045 16.33286179627714 -10.91422262177364 28.36022811544954 0 2 4 -4 
1 -23.37918058972728 -21.37521146135167 -19.21463879029398 23.37918058972694 21.3752114613493 19.21463879029297 0 4 -1 -2 3 2 
2 -20.57918058972728 -21.3752114613493 -10.81463879029398 23.37918058972728 14.5166401815573 19.21463879029399 0 2 1 -4 
3 -23.37918058972728 -14.5166401815573 -19.21463879029399 20.57918058972728 21.3752114613493 10.81463879029398 0 1 3 
4 -7.507861796277135 -25.46070005855273 -1.885228115449543 16.33286179627582 3.843953078490358 28.36022811544559 0 4 4 5 -6 -5 
5 -1.482861796277135 -25.46070005854636 16.18977188455045 16.33286179627714 -10.91422262177364 28.36022811544954 0 1 6 
1 -23.37918058972728 -25.46070005855273 -19.21463879029399 23.37918058972728 21.37521146134929 28.36022811544954 0 5 1 2 -3 4 5 
$EndEntities
$Nodes
16 1760 1 1760
0 1 0 1
1
18.425 10.471568650398 9.875
0 2 0 1
2
15.625 17.330139930191 1.475
0 3 0 1
3
8.300000000000001 2.204540768505 6.5
0 4 0 1
4
14.325 -12.55363493176 24.575
1 1 0 53
5
6
7
8
9
10
11
12
13
14
15
16
17
18
19
20
21
22
23
24
25
26
27
28
29
30
31
32
33
34
35
36
37
38
39
40
41
42
43
44
45
46
47
48
49
50
51
52
53
54
55
56
57
16.69609235716523 11.69523062192664 11.45041836357971
14.76033130540047 12.71435945687811 12.92778725676431
12.64389469216323 13.51517318605873 14.28712779967957
10.37540369193465 14.08684217756439 15.51005724340936
7.98553575393305 14.42163558897391 16.58003756514298
5.506609742239966 14.51502591373068 17.482599116563
2.972148878605928 14.36575020790196 18.20553630101625
0.4164273983848168 13.97582716932902 18.73907263327009
-2.125992949702404 13.35052983820187 19.07599294970377
-4.620730291928981 12.4983142882365 19.21174098101891
-7.03404758542302 11.43070527278416 19.14448096796551
-9.333308853796938 10.16214037231278 18.87512248683666
-11.48742053274163 8.709774750898584 18.4073081490095
-13.46725195714325 7.093249162061378 17.74736434087517
-15.24602930335566 5.334424341266592 16.90421567031573
-16.79969765923523 3.45708537697984 15.88926427669254
-18.1072463255617 1.486620058148352 14.71623563647158
-19.15099294970167 -0.5503244520921764 13.40099294970013
-19.91682264909418 -2.626201973586229 11.96132261743911
-20.39437889082345 -4.712939823990025 10.41669371120112
-20.57720354596011 -6.782318453642025 8.787994687157015
-20.4628242246762 -8.80635306656187 7.097250905600067
-20.05278771107621 -10.75767206680858 5.367326775732117
-19.35263904559554 -12.60988721236013 3.621616553752664
-18.37184653784105 -14.33795047081816 1.883727975676226
-17.12367372394641 -15.91849275107669 0.1771630032014375
-15.62499999999916 -17.33013993019006 -1.475000000003699
-13.89609235716507 -18.55380190171874 -3.050418363579843
-11.9603313054003 -19.57293073667019 -4.527787256764426
-9.843894692163049 -20.37374446585079 -5.887127799679676
-7.575403691934454 -20.94541345735642 -7.110057243409449
-5.185535753932847 -21.28020686876593 -8.180037565143063
-2.706609742239767 -21.37359719352267 -9.082599116563063
-0.1721488786057255 -21.22432148769393 -9.805536301016296
2.383572601615378 -20.83439844912098 -10.33907263327012
4.925992949702559 -20.20910111799382 -10.67599294970379
7.420730291929136 -19.35688556802844 -10.81174098101891
9.834047585423134 -18.2892765525761 -10.7444809679655
12.13330885379703 -17.02071165210472 -10.47512248683664
14.28742053274169 -15.56834603069054 -10.00730814900948
16.2672519571433 -13.95182044185333 -9.347364340875149
18.04602930335568 -12.19299562105857 -8.50421567031572
19.59969765923524 -10.31565665677183 -7.489264276692531
20.9072463255617 -8.345191337940351 -6.316235636471585
21.95099294970167 -6.308246827699834 -5.000992949700133
22.71682264909417 -4.232369306205811 -3.561322617439141
23.19437889082343 -2.145631455802024 -2.016693711201158
23.37720354596011 -0.07625282615003881 -0.3879946871570672
23.26282422467621 1.947781786769792 1.302749094399868
22.85278771107623 3.899100787016493 3.032673224267802
22.15263904559558 5.751315932568017 4.778383446247227
21.17184653784113 7.479379191026043 6.516272024323655
19.9236737239465 9.059921471284593 8.222836996798453
1 2 0 4
58
59
60
61
16.18499999999993 15.95842567423212 3.154999999999799
16.74499999999987 14.58671141827325 4.834999999999595
17.3049999999998 13.21499716231438 6.51499999999939
17.86499999999973 11.8432829063555 8.194999999999187
1 3 0 53
62
63
64
65
66
67
68
69
70
71
72
73
74
75
76
77
78
79
80
81
82
83
84
85
86
87
88
89
90
91
92
93
94
95
96
97
98
99
100
101
102
103
104
105
106
107
108
109
110
111
112
113
114
13.89609235716523 18.55380190171864 3.050418363579714
11.96033130540047 19.57293073667011 4.527787256764312
9.843894692163232 20.37374446585073 5.887127799679567
7.575403691934644 20.94541345735639 7.110057243409355
5.185535753933051 21.28020686876591 8.180037565142982
2.706609742239966 21.37359719352268 9.082599116562999
0.172148878605928 21.22432148769396 9.80553630101625
-2.383572601615183 20.83439844912102 10.33907263327009
-4.925992949702405 20.20910111799387 10.67599294970378
-7.420730291928981 19.3568855680285 10.81174098101891
-9.83404758542302 18.28927655257616 10.74448096796551
-12.13330885379694 17.02071165210478 10.47512248683666
-14.28742053274163 15.56834603069058 10.0073081490095
-16.26725195714325 13.95182044185338 9.347364340875171
-18.04602930335566 12.19299562105859 8.50421567031573
-19.59969765923523 10.31565665677184 7.48926427669254
-20.90724632556169 8.345191337940351 6.316235636471585
-21.95099294970167 6.308246827699824 5.000992949700126
-22.71682264909418 4.23236930620577 3.561322617439111
-23.19437889082344 2.145631455801974 2.016693711201122
-23.37720354596011 0.07625282614997486 0.3879946871570148
-23.2628242246762 -1.94778178676987 -1.302749094399934
-22.85278771107621 -3.899100787016582 -3.032673224267883
-22.15263904559554 -5.751315932568128 -4.778383446247337
-21.17184653784105 -7.479379191026156 -6.516272024323775
-19.9236737239464 -9.05992147128469 -8.222836996798563
-18.42499999999916 -10.47156865039806 -9.875000000003698
-16.69609235716507 -11.69523062192674 -11.45041836357984
-14.7603313054003 -12.71435945687819 -12.92778725676443
-12.64389469216305 -13.51517318605879 -14.28712779967968
-10.37540369193445 -14.08684217756442 -15.51005724340945
-7.985535753932847 -14.42163558897393 -16.58003756514306
-5.506609742239768 -14.51502591373067 -17.48259911656306
-2.972148878605725 -14.36575020790193 -18.2055363010163
-0.4164273983846214 -13.97582716932898 -18.73907263327012
2.125992949702559 -13.35052983820182 -19.07599294970379
4.620730291929135 -12.49831428823644 -19.21174098101891
7.034047585423133 -11.43070527278411 -19.1444809679655
9.333308853797027 -10.16214037231272 -18.87512248683664
11.48742053274169 -8.709774750898541 -18.40730814900948
13.4672519571433 -7.093249162061332 -17.74736434087515
15.24602930335569 -5.334424341266571 -16.90421567031572
16.79969765923524 -3.457085376979826 -15.88926427669253
18.1072463255617 -1.486620058148351 -14.71623563647158
19.15099294970167 0.5503244520921649 -13.40099294970013
19.91682264909417 2.626201973586188 -11.96132261743914
20.39437889082343 4.712939823989975 -10.41669371120116
20.57720354596011 6.782318453641961 -8.787994687157067
20.46282422467621 8.806353066561792 -7.097250905600132
20.05278771107623 10.75767206680849 -5.367326775732199
19.35263904559559 12.60988721236002 -3.621616553752773
18.37184653784114 14.33795047081804 -1.883727975676345
17.1236737239465 15.91849275107659 -0.1771630032015477
1 4 0 21
115
116
117
118
119
120
121
122
123
124
125
126
127
128
129
130
131
132
133
134
135
6.433269199099948 3.272300974998882 7.994066158154538
4.158772861693627 3.797138489824131 9.180759640354211
1.660777154086839 3.736534098858568 9.963941598210532
-0.8583451676426122 3.09539760943003 10.28016328726043
-3.194509794785524 1.925670086926494 10.10380630689989
-5.158454562956775 0.3221158985837627 9.449158050842357
-6.591072347068407 -1.5853545319626 8.369254227450536
-7.376300974357713 -3.642209294593175 6.9515822220603
-7.450525891376175 -5.68181424902591 5.310993389328317
-6.807733836779544 -7.5389327318504 3.580398479525049
-5.499999999999693 -9.063112048297089 1.899999999998534
-3.633269199099928 -10.13087225479089 0.4059338418454495
-1.358772861693608 -10.65570976961613 -0.7807596403542183
1.139222845913167 -10.59510537865057 -1.563941598210534
3.658345167642612 -9.953968889222029 -1.880163287260434
5.994509794785516 -8.784241366718499 -1.703806306899889
7.958454562956764 -7.180687178375774 -1.049158050842362
9.391072347068391 -5.273216747829425 0.03074577254944888
10.17630097435771 -3.216361985198848 1.448417777939683
10.25052589137618 -1.176757030766114 3.089006610671662
9.607733836779554 0.6803614520583845 4.819601520474935
1 5 0 9
136
137
138
139
140
141
142
143
144
8.902499999999868 0.728723198477965 8.307499999999601
9.504999999999734 -0.7470943715490694 10.1149999999992
10.1074999999996 -2.222911941576108 11.92249999999881
10.70999999999947 -3.698729511603143 13.72999999999841
11.31249999999934 -5.174547081630181 15.53749999999802
11.91499999999921 -6.65036465165722 17.34499999999763
12.51749999999908 -8.126182221684259 19.15249999999723
13.11999999999895 -9.601999791711297 20.95999999999684
13.72249999999881 -11.07781736173833 22.76749999999644
1 6 0 21
145
146
147
148
149
150
151
152
153
154
155
156
157
158
159
160
161
162
163
164
165
12.45826919909995 -11.48587472526512 26.06906615815453
10.18377286169363 -10.96103721043987 27.25575964035421
7.685777154086839 -11.02164160140543 28.03894159821053
5.166654832357388 -11.66277809083397 28.35516328726043
2.830490205214476 -12.8325056133375 28.17880630689989
0.8665454370432242 -14.43605980168024 27.52415805084236
-0.566072347068407 -16.3435302322266 26.44425422745054
-1.351300974357714 -18.40038499485717 25.0265822220603
-1.425525891376176 -20.43998994928991 23.38599338932832
-0.7827338367795447 -22.2971084321144 21.65539847952505
0.5250000000003077 -23.82128774856109 19.97499999999853
2.391730800900072 -24.88904795505489 18.48093384184545
4.666227138306391 -25.41388546988014 17.29424035964578
7.164222845913167 -25.35328107891457 16.51105840178946
9.683345167642612 -24.71214458948603 16.19483671273957
12.01950979478552 -23.5424170669825 16.37119369310011
13.98345456295676 -21.93886287863977 17.02584194915764
15.41607234706839 -20.03139244809342 18.10574577254945
16.20130097435771 -17.97453768546285 19.52341777793968
16.27552589137618 -15.93493273103011 21.16400661067166
15.63273383677955 -14.07781424820561 22.89460152047493
2 1 0 225
166
167
168
169
170
171
172
173
174
175
176
177
178
179
180
181
182
183
184
185
186
187
188
189
190
191
192
193
194
195
196
197
198
199
200
201
202
203
204
205
206
207
208
209
210
211
212
213
214
215
216
217
218
219
220
221
222
223
224
225
226
227
228
229
230
231
232
233
234
235
236
237
238
239
240
241
242
243
244
245
246
247
248
249
250
251
252
253
254
255
256
257
258
259
260
261
262
263
264
265
266
267
268
269
270
271
272
273
274
275
276
277
278
279
280
281
282
283
284
285
286
287
288
289
290
291
292
293
294
295
296
297
298
299
300
301
302
303
304
305
306
307
308
309
310
311
312
313
314
315
316
317
318
319
320
321
322
323
324
325
326
327
328
329
330
331
332
333
334
335
336
337
338
339
340
341
342
343
344
345
346
347
348
349
350
351
352
353
354
355
356
357
358
359
360
361
362
363
364
365
366
367
368
369
370
371
372
373
374
375
376
377
378
379
380
381
382
383
384
385
386
387
388
389
390
18.14968704520046 12.88103222274399 4.467423086956599
15.77597815304069 14.81915741731068 6.841131979117303
21.96907347520912 6.233912563036091 2.19594603772544
13.07230174137459 -9.320469030058517 -16.38651193705939
8.77136721553884 -12.22028592735953 -17.32055767707765
-15.35938105122914 -16.56681102301415 -3.988003945848674
3.087156525034708 -19.15096186484637 -12.24680013155993
-13.45865303393889 -14.41049254448273 -11.73210619749554
9.296005649070342 19.29367136553345 8.225683680207712
-6.965135248828615 -19.74293483268297 -9.37957535255283
6.223024870516333 15.8835938792395 15.34295574466472
-2.015638682913608 -19.92948856585687 -11.1815327851134
1.114913563869277 15.58322388036751 16.80345978796873
-3.967315390410242 14.3314061766057 17.47264811155532
-10.42893315288841 16.27883331289114 12.34943841354016
16.62383761431851 -5.808770694919671 -14.70306754414926
-20.00876255947666 -9.689231292116951 -5.66058362958825
-13.07230174137357 9.320469030057794 16.38651193705838
21.79793722834586 -3.873673394102366 -6.009873230451865
21.13547240815513 5.973776474470691 -6.646978354355229
-18.28094271216084 9.867832634797002 9.731752250621838
-20.30992378576051 -10.29801393413951 2.780628355259439
-22.34842904437644 2.118037154253036 4.737732048267058
-20.89161571402171 5.933569428036713 7.389664127785138
-21.12857257213088 -6.402071776626505 6.234729976524867
19.23451061617934 -1.874507488159569 -12.36097942131241
-18.05687059040841 3.881608099262999 13.60722353259985
16.61189609840762 -11.68899564691679 -10.66237675207924
-5.835280494468227 -15.89399877823651 -15.48451833701924
-1.123339420146241 -15.60037036131859 -16.7821495154248
3.952898530354416 -14.35189150729959 -17.45485011659094
8.068189808013562 -17.4494143925732 -12.5178368658229
2.015638682912225 19.92948856585411 11.1815327851131
-3.0871565250355 19.15096186484354 12.24680013155938
12.65893237244372 -14.91657701369809 -11.98003132740186
-22.46777112465897 -4.596385804397093 -0.71589242783452
19.71397568825226 -7.940670039140462 -8.635908239073265
20.76357868967929 2.270223442399306 -9.486510145477887
22.7514338126487 0.2927414463608078 -2.925841953253651
-20.14083213050294 -0.1853885457748032 10.98118852397902
13.15151404818783 14.54255834365725 11.90905807705916
19.46802884615191 12.09118690099584 -1.035877112272527
-17.01648614907002 -12.50774908313595 -8.959319239375546
-11.49444924594618 -18.60152921781214 -6.937850238186342
-18.3516565724877 -13.74829601096842 -0.689263450250043
-8.771367215537895 12.22028592735837 17.3205576770763
-14.72941080406915 13.37953343460418 11.41519066628604
13.52394143058752 17.69010686503217 5.516984367107479
20.00876255947563 9.689231292115306 5.660583629588747
11.51012451709395 18.60489574288951 6.911397690810406
11.01000310995295 17.58474672987484 9.272208077684851
8.767586434135644 18.12849887675113 10.52646504701473
10.19873880881611 16.56537306355734 11.76315494341323
8.20576354164254 16.91563634140457 12.78511688673203
6.481353480404977 18.43175817599371 11.59703746415865
21.12025105411114 8.037632092731984 3.965359709820464
21.00594969697763 8.556169272124745 1.399776191295459
21.69546221589692 6.74447619062761 -0.3721154970025609
20.90229223159455 8.828512444259575 -1.396144596607736
21.35814341682806 7.22319260904359 -2.930481233909798
22.09921344836029 4.828994866747117 -2.129979702075071
20.03906254954695 10.2535264699575 3.120724065494483
13.09361981157044 16.79919539485991 7.923503388216926
18.35165746163404 13.74829323199442 0.689268336060036
15.18104652842858 13.63104492515367 10.48829966063408
5.610003628195484 -18.41095344718024 -12.48353482306349
6.277975369484924 -16.56112615272391 -14.2363907851745
8.694860399753233 -15.49366326880408 -14.16719903328009
6.925294905850452 -14.64990505266016 -15.94652157229618
10.42853780164182 -16.27942766291306 -12.34912335637429
10.99456225146671 -14.22547104134228 -13.89681946997013
13.14452563058513 -12.76883669077655 -13.43599285548306
11.51603747028634 -12.11706767378307 -15.40871603387435
14.72940683921811 -13.37953096993625 -11.41519664353295
15.12477791284803 -11.15641672500806 -12.7723981976552
16.90632641290969 -9.396896631038564 -11.92636525654686
15.46900119625018 -8.889486307001738 -14.09106145855176
18.28099948990554 -9.867905318377405 -9.731624512938806
0.5337656776941722 -19.65943230119908 -11.810834221897
1.240771235290712 -18.03841797150256 -13.76352645950712
-4.526594000170528 -19.95743802292769 -10.3674569229296
-6.325902436694424 -18.48408066425232 -11.60518890320342
-8.718294621288857 -18.14726924882291 -10.53663087396497
-8.107997707518328 -16.94351457972456 -12.80814837133801
-10.44112445782882 -16.48951528331206 -11.65975058130389
-10.98672072602992 -17.57770019170723 -9.310068449232929
-9.298310218890341 -19.28882703949797 -8.231307864490692
-13.10222141811028 -16.77801304299304 -7.949516873124889
-13.52393001385674 -17.69015649323022 -5.516907723960249
-15.04014209493095 -15.75777178201581 -6.469407327724894
-16.76834731239046 -14.53413495005733 -4.893741707016806
-14.67438980988996 -14.90316492231962 -8.907498303609724
-16.97591129986501 -15.24699926357274 -2.371254850847884
-3.84702582568067 -18.57884916236856 -12.50561783682649
3.785766798415954 -17.41581706749351 -14.097023094102
1.944261622873424 -16.35145252493207 -15.67548483803228
18.46026266560629 -7.519928886489721 -10.91033403197742
19.76435142340476 -5.545681998025559 -9.744920342944477
18.57108078609478 -5.141160699225424 -12.0645929455458
20.89161571402228 -5.933569428036714 -7.389664127785264
-19.46802659751074 -12.09119225948371 1.035882820378329
-20.49549877357894 -9.810464501057746 0.1930448273793708
-21.19459852150392 -7.960552541378329 1.943561405018106
-21.45281868791805 -7.498504594224501 -0.6480563512131896
-20.61092374831076 -9.291677561081483 -2.392807594199333
-20.86591628427761 -8.393118101540365 4.521531143309356
-19.51284321834078 -11.54257034529215 -1.541712862598527
-21.60382253252996 -6.011185532936331 3.674819901757594
-21.72009844811812 -3.982809113726509 5.359309980684855
-22.27150428134965 -3.602469239551359 2.805938392862243
-22.25738875018583 -1.886051939434194 4.227908617687722
-21.59300867453685 -2.402155684378754 6.6639368011077
-20.76700582616679 -2.284258185127529 9.475433954934676
-21.09449267401826 -4.36732963824519 7.889804310111136
20.80899518521281 -3.513023340572546 -8.426332723364247
21.44211891711886 -1.919136861303318 -7.28008047320882
20.5301494254035 -1.425177648479779 -9.659607490824932
22.41729551196306 -1.802696544758933 -4.526098460605907
-18.26639272917423 -13.12329999150574 -3.238926749640865
-18.11880154222415 -12.44741406683134 -5.800163063483745
-1.309931424788312 -18.43150402044395 -13.22629217722658
-3.128897706409845 -17.14982314096919 -14.59037765003817
7.063223990906783 19.7221209598509 9.345752566451413
4.58549019063096 19.91711329436611 10.39908272692042
3.959176303240606 18.54162334874427 12.52085058698511
1.428193125053198 18.39614840046736 13.25757655085956
3.205058624693265 17.08765450641196 14.65593587826777
-0.5199563184068675 19.62608303076841 11.85167455648782
-1.191498863824811 17.98574075423265 13.8298944577133
-3.770513870064506 17.39294018609633 14.1264421021049
-1.931913444419145 16.32641431418665 15.70647611145292
-5.608789762623722 18.39579858696225 12.50050644952963
-6.265001282975831 16.53643191320266 14.26779463141535
21.07014398234288 4.143752445148493 -8.077379067140573
21.70980089048272 3.712819389857929 -5.592106383246163
21.53726352925191 1.91406053200781 -6.987914867143213
-16.61189847019373 11.68900082961151 10.66237009733527
-16.90317397784596 9.393572843877962 11.93278880714987
-18.45885958089028 7.518526279932564 10.91334502982608
-17.13804781000106 7.068323294884276 13.16043695709618
-15.46900119624674 8.889486307004887 14.09106145855123
-19.71401188257445 7.940721143236614 8.635819615877395
-15.12483348645958 11.15644787659332 12.77231301762611
-13.14604417791237 12.77395932642983 13.43023847205115
-12.65893237244269 14.91657701369711 11.98003132740072
-10.98906679104826 14.22883242975286 13.89772522568586
-11.51609950287702 12.11704159359796 15.40868853604526
-8.691152683265965 15.4897672126611 14.1731656744379
-8.069213041264875 17.44840905764027 12.51837630199569
-6.929990470944427 14.64571529279243 15.94856068438218
-19.76657204727828 5.550017560769523 9.738774450615402
-20.80747038614676 3.528898779860097 8.424761447448773
-19.60273612490748 3.440978072564977 10.98635709612844
-21.74132737746384 4.034708286913414 6.112317177758613
-21.47400408249821 1.738538552336463 7.222682140843474
22.78668378099393 2.340561297374593 -1.260377783075833
22.52322659396188 4.333362152835365 0.4498017364521241
15.21597815303982 16.19087167326877 5.161131979121371
16.33599600012472 13.44748851187778 8.52099258485827
18.70968704519877 11.50931796678849 6.147423086953242
17.58967866035329 14.25270885406462 2.787565635309377
13.69049432078611 15.33491417713705 9.718276302924366
19.44168352245357 11.71739575055863 1.325782978162288
10.76589380911354 15.12266261448016 13.54998652892218
20.31803428363902 10.25725839505465 -3.188677164666001
22.29909032494617 2.281182670435393 -3.8166613631254
22.13035477964979 0.4606846905921631 -5.208766044721552
-19.41573372576096 -11.1419840601428 -3.880999853268104
-13.66562837618353 10.77321453117152 14.60702356545874
-10.92291582363605 10.66422228409642 17.18808097381667
-0.530215019684219 -17.05322249645466 -15.0027763140271
4.546022930817141 -15.80474364243608 -15.67547691519386
-15.09358997186546 7.242069308349127 15.74824304334299
-3.751657985535268 -15.67712709080663 -16.38959069298289
1.351137222412325 -14.89860038979577 -17.45485803942945
-21.20404814877519 -7.838825425948217 -4.172180795597662
9.364491616005541 -13.67313806249389 -15.54118447568112
13.66542614184149 -10.77332116519235 -14.60713873566257
-5.590560933650954 -17.35126880637466 -13.55934813571384
17.21696201478524 -7.261622830053076 -12.92369434275211
14.8758767957832 -7.436634171868183 -15.87043465994886
10.92291306981932 -10.66421553864907 -17.18808923527106
19.82763501664577 -3.327359623292764 -10.58160621991479
20.0619179257222 0.3786880809456821 -11.21793113832204
-9.782279291469264 -15.53969431269937 -13.73068404201303
17.97795638562814 -3.688308564092257 -13.84396614694318
-21.94443557425745 -6.305346816882254 -2.640247275560913
-12.55838964772372 -15.99541047879387 -10.1296848756639
-21.92993779303342 -5.786814114896902 1.329448533301917
-9.364491616004711 13.67313806249254 15.54118447567988
-22.78407914549466 -1.376599308982324 2.16736788855533
-18.71192594268846 -10.99456193169745 -7.579536264881176
-16.5449234095367 5.61547115974845 14.93981015849149
6.332170505389671 -13.19705291752324 -17.72589477369223
-16.42336174860642 -13.96060121826953 -7.179946037977816
-15.2599607332109 -13.43774538998406 -10.72504227497822
-21.12259821545008 -0.365551893380625 8.398511738556458
-19.1555964113978 1.681207952988311 12.59772203565534
-18.64999499087395 5.334460234397236 11.82785033120376
8.704136924400125 15.48327768269734 14.59656602198456
20.7840280744577 8.593708216702177 -4.767177689026823
-6.329728206384301 13.19107053116139 17.73322167070441
-4.533079247626624 15.7988397072754 15.68606910995733
-1.343137377469362 14.87900485166337 17.4788575742555
0.5882916748579641 17.04042890031278 15.01726295333733
5.706417131334296 17.32062319629848 13.55333576609135
3.764074763172372 15.64671232134386 16.42684102589297
21.55931925330128 5.876240071843947 -4.2253246424042
20.31132280798844 10.15911293614036 0.4402361223151434
12.03574499668595 16.25215732941219 10.34211981257763
-22.84221702122414 -2.610366614584912 0.5640016207376366
-20.55778417656406 1.725800809127161 9.517124854645591
-8.12378301723553 -15.52965631798501 -14.89069891810412
-11.60445357152292 -14.85215677658999 -13.1776772539098
-22.67023506886513 0.500750867975019 3.505559780765878
14.46312492176524 16.13424944214051 6.859184531425851
19.20033925801732 11.3518539628318 4.361970195167546
15.01846040995662 14.76515447649142 8.542858245016326
18.64353980841604 12.71975360900039 2.677808494439156
21.24335050217002 0.2385179259431629 -8.044070734839678
-21.88856299434461 0.1067753008305408 6.091632579798634
19.07535326525992 10.56119867829895 7.395084384676161
14.88004294585958 17.15667327884414 3.842671608674565
16.83216606378543 12.37501010866545 9.698948532276024
17.15138315732521 15.27378220908217 1.623636737783333
2 2 0 206
391
392
393
394
395
396
397
398
399
400
401
402
403
404
405
406
407
408
409
410
411
412
413
414
415
416
417
418
419
420
421
422
423
424
425
426
427
428
429
430
431
432
433
434
435
436
437
438
439
440
441
442
443
444
445
446
447
448
449
450
451
452
453
454
455
456
457
458
459
460
461
462
463
464
465
466
467
468
469
470
471
472
473
474
475
476
477
478
479
480
481
482
483
484
485
486
487
488
489
490
491
492
493
494
495
496
497
498
499
500
501
502
503
504
505
506
507
508
509
510
511
512
513
514
515
516
517
518
519
520
521
522
523
524
525
526
527
528
529
530
531
532
533
534
535
536
537
538
539
540
541
542
543
544
545
546
547
548
549
550
551
552
553
554
555
556
557
558
559
560
561
562
563
564
565
566
567
568
569
570
571
572
573
574
575
576
577
578
579
580
581
582
583
584
585
586
587
588
589
590
591
592
593
594
595
596
8.441929291125779 -9.045701959597819 -2.733094485813348
-5.674632729032107 2.226891349727432 11.17646008282853
2.748385297712416 -11.99911713216929 -3.246699878474383
11.77248922699477 -4.518282762345208 -0.1466588361184664
-9.256134595109318 -2.715178832549995 8.335110631651862
0.05161470228758569 5.140545852377302 11.64669987847439
12.08381102190937 0.6340478072172497 3.956427526101896
-3.466252252260116 -12.12754639448228 -1.280016082053193
6.266252252260143 5.268975114690274 9.680016082053184
-9.282244930586804 -7.534350421161243 4.408976951804583
17.39773439812717 8.150884222164034 8.322590966228429
-14.58125337585919 -15.29319541994953 -0.1597573132322365
21.30076694200287 -1.085570272093565 -0.5199533961885239
-18.27794227758621 -5.513753553170634 9.057353168285871
3.995793464757541 12.74863707518152 16.54395409512571
-1.195793429248381 -19.60720830896869 -8.143954069399307
17.41469345820428 -10.31496563583807 -6.760365326785785
9.845413880938699 -16.10710125001992 -8.966531059614709
-14.34644782145468 3.478267331060633 15.08880932385003
-7.486923266081485 9.666614009628045 17.85506504337307
12.39354236579325 11.3612110916469 12.61187588960045
-9.593542096657616 -18.21978233090936 -4.211875946220105
20.34747792458859 3.900843244647072 3.869199197128128
-17.7519595190356 -11.06200971062256 4.351893399430116
-5.77521545852214 -19.51348397797298 -6.540954463833624
13.68351464201627 -13.92740153921069 -8.466180618648409
5.871677741526259 -18.14914877523009 -9.309277168903815
19.4267626689454 -7.082551291626649 -4.791799803508243
-2.967750545682728 11.32595910645565 17.70352373471287
-11.09989125303439 6.757250236872613 16.68390213256011
-16.69437828493238 0.01315833051309623 13.04220316018603
8.575215820555702 12.65491294257105 14.94095454269943
8.617299622690995 4.484281359925294 8.255633857401738
8.768932484786323 6.587284281733671 9.922184265374764
6.629427622971745 7.348156062612913 11.25660176025879
10.95951363493315 5.842322862765817 8.58373209714863
11.03401161019562 7.808348942234863 10.16415301062956
-6.202159180798827 -11.11866953485512 0.4556974005893313
-6.001837943388374 -13.28452209255843 -1.379487553373077
-3.832225569467 -14.19300840986624 -2.844467649915233
-8.278993617430102 -12.71596672187946 -0.1562121457982046
-8.250050438464767 -14.67677358327484 -1.766851970309471
-9.796399627559698 -5.053371756231032 6.606072448066378
-11.7182276535684 -6.846629474584082 5.782492994311268
-11.63029760257682 -8.853127960928756 4.114883823576439
-11.50639593258137 -3.742410383334406 8.246466695105706
-11.30900082609242 -1.73574187888537 9.819106299214599
-13.61593593018502 -2.825479999543675 9.698317217621057
-13.75794603484238 -8.201990821231574 5.355751215942947
-13.62369438517143 -10.191120739195 3.686882889013898
12.4282752238559 -2.47816631092465 1.300493938874342
14.30133435280071 -3.649306961960057 -0.2800914414634645
13.44302157137528 -5.76956896018627 -1.725173853211594
15.01878422061752 -1.359481065533417 1.350393617950342
15.9912158421445 -4.873452799781122 -1.842896162382869
15.20072790287622 -6.934833567701317 -3.262510531624349
12.69440969369495 -7.850576853978751 -3.17477239081722
5.101651897664268 -11.28083303663658 -3.444645570320914
4.162127673448756 -13.36050893481006 -4.829519089212753
1.635558998975399 -14.06385025742338 -4.561605316194121
6.680642263056967 -12.7243727617494 -5.149620942106842
3.139716353230624 -15.37804339996755 -6.136025308512203
0.5932098826874497 -16.04771465054597 -5.833974104774199
-2.249021005244437 4.367502665045951 11.782391328286
-1.269930380881045 6.477427133401196 13.17877390125992
1.179807207311981 7.201193976871254 12.95314785827793
-3.842892043828169 5.777972442629856 13.46532542538011
-0.2070259254800138 8.520657110826548 14.49276270674364
2.231466230849021 9.18866020651145 14.22535423164333
-7.290656075449867 0.6750910207874408 10.448094868772
-7.938289475540868 2.591842454453983 12.22899366087991
11.29074165711061 2.215534878846241 5.512062767801722
13.85949689904815 2.266130124837046 4.697121865851913
-11.38677673421324 -11.04225642245839 2.246294296737462
-13.93344332019608 -6.302532979979802 6.965151144059799
-16.05271637926625 -7.679522182832891 6.547268520978868
2.149619702101796 -17.38900874863185 -7.447939423018346
0.6723453753803397 10.57233337504095 15.87482559469238
13.18208465068053 7.078719194098277 8.85238846910438
-10.2964339700811 -13.95832184604406 -0.4981107394266475
-13.21815274620061 -0.7987304556212451 11.22055689596963
-13.73352726514684 -12.25399769121607 2.039161870805326
-11.12258595368452 0.2858975068825274 11.40762965476084
13.15153996797368 5.219422537984858 7.344460667359192
-1.395449681188309 -12.52634223443398 -2.29589904555267
4.19498332144744 5.670057493524086 10.69792144997903
14.31635167271403 -8.99200402868653 -4.647391102684126
12.00612534979756 -9.849313201337489 -4.577305669979688
-7.717006757787283 -9.31212883504679 2.435680897619589
-13.18807873584257 1.529043927628609 13.11115205094557
13.62289811141261 -10.99404367161437 -6.050898438916541
11.19246123395651 -11.87815034848624 -5.962622891939344
13.30677274172043 9.202237269087638 10.5446710198587
-10.50461574085624 -16.06108258587854 -2.145613770419416
-15.65811247330878 -1.766052648428087 11.24406154192313
-1.110666950526027 -14.65501033499451 -4.128876848478273
-3.870499714153922 -16.18375804734093 -4.457149874167999
3.915921036906352 7.798073103882503 12.52845968151178
6.670909648382853 9.327745863900914 12.85910272284668
-10.45010250538615 2.564161790142199 13.04366350305995
15.43742898623899 6.462413872824836 7.597395836290731
15.26778597938242 4.155931153773254 5.770708251167788
17.50096633192102 5.895844187390221 6.446947843381903
-6.173172951870168 -15.43530172700106 -3.078480101731123
8.964617952853894 8.604690108396722 11.50416073583351
17.8617232962823 3.907192120753064 4.702967908863503
10.48640732979035 -6.92365847314273 -1.681945914097092
-15.88378014123225 -4.090449493585023 9.421422021107151
14.50253951170776 0.4050570406642349 2.963214518214482
-6.072191623520443 4.156812678113321 12.88475388041174
-8.385504502583602 4.475050463419631 13.9156982370575
-10.67213031701186 4.800800583826559 14.94388070141606
-6.325840489927716 6.082166291018142 14.54134814456166
-4.413942967219558 7.788592995853424 15.29734054042785
16.86029429115994 -8.34311652261292 -4.965557545383427
16.74995055209172 -2.81547440678184 -0.4154754108576624
17.44900041353077 -0.9732703293980243 0.8556612992181631
18.47162093049034 -4.054641445087155 -2.001141186965502
5.664577482593431 -14.72351754895474 -6.443227565485521
8.201740693514353 -14.23808722734434 -6.892596437918827
7.110033929723141 -16.19324793506719 -8.125076216342229
10.99150077984181 -13.76024005931973 -7.43235588779642
-8.725122256970572 6.452340342064916 15.6433545806039
9.716539299787637 -10.50683565339165 -4.350975153961998
-17.8672035909975 -3.281743530882087 10.74286882455193
-15.61991001832405 -11.61881374632346 3.186581641129567
-15.70319430167945 -13.6379919884494 1.565690937934665
16.10865720271792 2.171390088810499 3.870046849135986
18.56600229264925 2.21174743756371 3.08388345643119
21.00686984788396 2.201545698209908 2.261931252717723
4.607106161358379 -16.68782369808225 -7.694586379732297
17.55015329572399 -6.073894044003696 -3.342698151755386
-1.699403149211637 -16.75015572078386 -5.643310492960484
4.49940334775539 9.891584868310193 14.04331077568319
-1.546740772202233 9.993590371819003 16.14197929385318
-8.281269432550394 -16.45637506317068 -3.209484162696952
-6.484293855902976 -17.59659859223719 -4.739464634555888
11.04405792916903 9.572745593950673 11.60142807116519
9.277814506104297 10.73880755872995 13.14226148624591
-5.396869075108309 10.39232989262717 17.75092485024261
-15.63589705238361 1.677874049768661 14.04861077565904
-3.455359796188553 -19.7118398119087 -7.476196544827121
6.255359869374145 12.85326860897108 15.87619658318327
15.30545783600568 -12.01133405950113 -7.44236580396803
-9.364500941417809 8.296679319768447 17.36237727812016
-12.87376609827091 5.110016625231069 15.93023313574395
-18.11035987794021 -9.189784318052702 6.000025817491525
-18.37084567688848 -7.340124879491999 7.597095024606967
20.86254085257122 -3.145493519996517 -2.055798321931504
20.1631488910878 -5.149532739103275 -3.458958838549983
1.094515043886893 -19.31214442154773 -8.666471571876528
3.505414033365211 -18.76360420176778 -9.022223354417481
1.709145806791058 12.46055581334231 17.0709526157934
-0.6404276145051964 11.94646594569813 17.43439113700428
16.1294532447686 9.798232592937374 10.09040566301503
-13.12372607747248 -16.6523297842892 -1.755328307532901
19.80797231258334 5.715695078192978 5.530854718111023
-15.80330177875665 -9.590964654483766 4.903444078065497
19.41268616330332 0.2858992113201704 1.229207007432396
14.6572384029696 10.95425420649534 11.52503163856364
-11.81566151551034 -17.81198546789321 -3.13820472890334
-10.12777940139703 -12.41173234234083 0.7084561128848184
12.1882317378671 -15.27676010626912 -9.069499640381139
-16.16806071991157 -5.910702595122061 8.029951780171674
10.66908219283926 -8.835217228289688 -3.30361872293387
7.462315478344381 -10.80915929500814 -3.846413433194475
-3.764701562489541 -18.03387640129407 -6.003031235037663
6.564701718408044 11.17530542578767 14.40303143151298
19.04109430899837 -1.964758460339489 -0.4845833348821058
-0.1164445287249358 -17.85541755746683 -7.073405877137895
2.92072195487683 11.00096163833137 15.47534024632595
-9.214479835670286 -0.7073754031417878 9.960590347126166
10.87521969229602 3.991457316916414 7.100604688084199
8.049985604009901 -17.59325533979242 -9.581494700336517
18.84173888062131 -8.880296288957961 -6.064644517768314
-6.495653173259305 8.324125815084447 16.42850465831796
-12.42893621929364 -14.83312214783858 -0.501548111765806
9.055866265232961 -12.39812726966588 -5.674983947336135
19.06782717269117 7.323352115871785 7.090216239311328
15.09069480430714 8.138497430222433 9.081490390899454
21.6720701447653 0.6546807196112536 0.7771878542408777
-7.931655775077045 -19.33361259797121 -5.675276658203749
10.7316561075673 12.47504188485575 14.07527701006312
-3.784540580412965 9.507142358455622 16.49072942354634
-12.12517275786 -13.23275459497417 0.7038920362315437
-17.78458264066067 -1.589781042993562 12.0968100941924
-2.366529243771955 7.802874965302822 14.626530478503
16.5546371261181 0.5079809946372502 2.363219036592259
-13.9179434393038 -4.658878747838164 8.302022577867188
-12.41084593762559 3.19610809629864 14.21322664544657
-17.37148238333446 -12.69621084942945 2.890748045145271
12.8718200574427 -0.7728243593034332 2.545051533823882
-4.256010981497505 3.669885015378062 11.88178556128816
0.7363265412670761 -12.73314780087419 -3.17534715761978
2.063673458732938 5.87457652108221 11.57534715761979
-9.894655713472478 -9.524458966755667 2.988197056279698
-8.825121337007223 -11.04615261030614 1.389227940279113
-14.73143643689465 0.1103551360293502 12.46725007022127
-12.08764534953141 -5.315793466310215 7.155554593016016
-9.1764346335 1.171058467840883 11.4816434462261
12.98454843289828 3.53047422933677 6.021103993009033
12.85104948185857 -12.53358858317351 -7.050648718871666
-2.004695841780735 -18.28903963154179 -6.798039713683075
4.80469614898062 11.43046866087688 15.19803986368432
15.46435357091471 -10.13488394048316 -5.963215942477595
-13.94241539363288 -13.801048655896 0.8456294237848141
2 3 0 254
597
598
599
600
601
602
603
604
605
606
607
608
609
610
611
612
613
614
615
616
617
618
619
620
621
622
623
624
625
626
627
628
629
630
631
632
633
634
635
636
637
638
639
640
641
642
643
644
645
646
647
648
649
650
651
652
653
654
655
656
657
658
659
660
661
662
663
664
665
666
667
668
669
670
671
672
673
674
675
676
677
678
679
680
681
682
683
684
685
686
687
688
689
690
691
692
693
694
695
696
697
698
699
700
701
702
703
704
705
706
707
708
709
710
711
712
713
714
715
716
717
718
719
720
721
722
723
724
725
726
727
728
729
730
731
732
733
734
735
736
737
738
739
740
741
742
743
744
745
746
747
748
749
750
751
752
753
754
755
756
757
758
759
760
761
762
763
764
765
766
767
768
769
770
771
772
773
774
775
776
777
778
779
780
781
782
783
784
785
786
787
788
789
790
791
792
793
794
795
796
797
798
799
800
801
802
803
804
805
806
807
808
809
810
811
812
813
814
815
816
817
818
819
820
821
822
823
824
825
826
827
828
829
830
831
832
833
834
835
836
837
838
839
840
841
842
843
844
845
846
847
848
849
850
14.58125337586073 15.2931954199505 0.1597573132325198
-17.33640623903988 -8.561086117245415 -8.677962130748327
10.7364321154376 -6.834980531615029 -16.62621560658622
-11.98449145971493 15.04377831293006 8.811357376650594
-3.952941386360215 -12.63768694944392 -16.46764772293987
-21.01465643244788 3.249554159496704 2.191468671584809
3.652635482188263 19.45612357165312 7.201646546970781
18.58932920089831 5.820253043930014 -8.9108930231287
5.098286533658387 -10.41157643783267 -17.66711207478093
17.47777672636694 10.83336070404816 -4.447190267307811
15.5515248453406 -1.876543096721293 -14.18269930421775
-10.48978301321837 -12.06280756464459 -13.81931346185251
-17.0652367956012 10.46493236260056 6.766327092239297
-5.852984383525014 18.34620367008371 9.46394069747317
9.950108003867998 18.23353688401539 4.104251189399906
-20.94918363108904 -2.276301481609205 -2.342197833199481
0.6997414714569286 -11.95630811069103 -17.46219851672049
-14.48456741793562 -10.52576086563773 -11.23272528581432
17.35753764652017 1.783414177114919 -11.79636097084778
-19.53206143553185 7.276004894365826 4.984853597575134
-1.198473367382337 19.37921972061271 8.755891098726291
-19.80773957424987 -5.698807938898105 -5.517144006059594
16.11260956016228 13.92119165906343 -1.470931127985981
13.66816358338845 13.27277516650302 -1.185545651587607
12.07243987010077 14.62780193800343 0.4527369788376108
11.08659360276751 12.60266338041317 -0.8721663068958816
9.526520128686233 13.97406970912551 0.7676067629211971
8.541179157804809 11.92978094980987 -0.5731010291957572
10.09386273095711 10.56029934835317 -2.208839265479729
7.55517860897614 9.883595916746076 -1.91513726302884
6.003640808962919 11.25437699215455 -0.27871993508594
5.020590493295709 9.20650275492592 -1.623118809397917
6.572702545348823 7.835492692216778 -3.259914522035518
4.038003014343134 7.158439960227451 -2.967825919144203
2.485803380800522 8.529490849602812 -1.330967677843388
1.503281510221147 6.48139972803645 -2.675719785838191
3.055485401411595 5.110347174420919 -4.312580805201358
0.5207829339793124 4.433299989235651 -4.020486694554628
-1.031417784238535 5.80435138489181 -2.383627678318864
-2.013916957975048 3.756251863901674 -3.728394210028746
-0.4617167486315903 2.385200653996971 -5.365252904974286
-2.996416268252273 1.70815239269979 -5.073160655573121
-4.548616454483003 3.07920359430919 -3.43630197510491
-1.444216041648985 0.3371011763910272 -6.710019361500831
-5.531115661856912 1.031104085565409 -4.781068485603221
-7.083315867456379 2.402155294235897 -3.14420979291341
-8.065815062102347 0.3540557808519895 -4.488976311443015
-9.618015267609564 1.725106989488882 -2.852117618811384
-8.635516076729726 3.773206504245759 -1.507351097905378
1.090483359184876 1.014149481054129 -7.002111535898264
0.1079841515246189 -1.033950027731394 -8.346878046335206
2.642683546431073 -0.3569017210386836 -8.638970217099669
1.660184352364955 -2.405001234680973 -9.983736736033524
-0.8745150451095069 -3.082049540414601 -9.691644563629971
4.194883748403884 -1.727952928434835 -10.2758289075401
5.177382939170899 0.3201465863904374 -8.931062386540642
-10.60051445891981 -0.3229925251110859 -4.196884139445805
-9.048314252856624 -1.694043733950657 -5.833742832428245
-11.17021547417488 3.096158198511513 -1.215258925512098
-10.1877162834714 5.144257713332681 0.1295075955051859
0.6776851600684575 -4.453100748932913 -11.32850325605503
-1.857014237292679 -5.130149054702777 -11.03641108371884
6.729583144061587 -1.050904622060217 -10.5679210788147
7.712082335041989 0.9971948926663297 -9.22315455796698
-11.58301364977872 -2.371092039875593 -5.541650660365017
-10.03081344364005 -3.742143248742828 -7.178509353395206
5.747083953503079 -3.09900413693152 -11.91268759992125
-7.653016886557779 5.821306019260703 -0.1625845765526961
-9.205217092849788 7.192357228183699 1.474274116574134
-6.670517695910696 7.869405534102436 1.182181944500179
-8.222717902091324 9.240456742984826 2.819040637556728
-5.688018505161619 9.917505048906985 2.526948465488697
-12.72241568049461 4.46720940744461 0.4215997676322187
-13.7049148712832 2.419109892654468 -0.9231667533313663
-7.24021871131832 11.28855625778065 4.163807158530148
-4.705519314393117 11.96560456370445 3.871714986464959
-9.774918108244039 10.61150795185704 4.455899330595661
8.281783350251812 -2.421955830943232 -12.20477977187496
-0.304814031191277 -6.501200263553956 -12.6732697767235
-2.839513428251908 -7.178248569431211 -12.38117760457516
-3.15331910824025 10.59455335483219 2.234856293425929
-2.170819917468638 12.64265286962852 3.579622814400226
-4.391713634375341 -5.807197360572031 -10.74431891155663
-5.374212825171357 -7.855296875359084 -12.08908543251522
-12.56551284056715 -4.419191554667814 -6.886417181330351
-11.0133126344134 -5.790242763541359 -8.52327587437072
-14.11771304672045 -3.048140345793708 -5.249558488289678
-6.257719520546861 13.33665577257704 5.508573679504543
7.299284159488005 -4.470055345741834 -13.54954629285371
-15.25711507746658 3.790161101537861 0.7136919397269201
-14.27461588669944 5.838260616335825 2.058458460704039
-16.23961426824663 1.742061586744603 -0.6310745812420544
-0.6186192417435854 11.27160187817002 1.942764142354732
0.3638799206104637 13.31970128883598 3.287530587779457
-1.188320653170934 14.6907524033053 4.924389326281651
1.34637875600839 15.36780071237593 4.632297152701127
2.898580067961908 13.99674957617766 2.995438150399951
3.88125123303048 16.04381101104932 4.339299757899368
6.159882129545213 2.368246101813677 -7.586295864922046
8.694581525859428 3.045294407527064 -7.878388036955375
10.24678173175598 1.674243198662289 -9.515246729902849
11.22928092256873 3.72234271345786 -8.170480208942887
9.677080712532513 5.093393946508554 -6.533621494867804
12.21178011266282 5.770442232285056 -6.825713684451562
-7.496114046715826 -3.065094942818442 -7.470601525459593
2.229885365724503 -5.824151957624744 -12.96536194878113
-1.287313222074226 -8.549299778309889 -14.0180362976277
12.78148112868786 2.351291504588114 -9.807338901968613
11.7989819379122 0.3031919897917175 -11.15210542294161
9.698485021208494 -3.769997818662743 -13.77768533611422
-15.10021223749696 -5.096239860587922 -6.594325009260612
5.433278273306287 14.67379778740016 2.703346298205083
10.6595845779274 7.14150703949017 -5.188845445559405
13.19428076354084 7.818553801395014 -5.480937807873539
-5.118317489752837 6.498354325234499 -0.4546767485369787
-1.60111852927532 9.223502409518058 0.5979976913105318
-6.926413031326451 -6.484245666488487 -10.45222673947681
-7.884184193316287 -8.513185747413507 -11.78959232446325
-6.335637262135254 -9.839974805268158 -13.38909336420793
-14.68741406209509 0.3710103778728189 -2.267933274280247
-17.15631402985957 -0.2777462985444319 -1.974674226507653
14.68433957437263 6.458044666917818 -7.088475134772744
-16.75762089502038 5.152434004304286 2.326151712977835
-15.67610387811897 7.18371914501436 3.624183412956992
-13.26699799348117 7.882094684436444 3.391369358219602
-18.87596567458694 1.019698016172585 -0.3420981646876111
-16.52138327971466 -3.634978561587693 -4.927486474045283
6.310944827061487 16.63939069450844 4.015690668436913
-0.1470283646201866 16.66120825505393 6.186162362587058
-2.679242081027664 15.93179417942541 6.434669502558108
15.81121131896131 8.53004892415105 -5.772314657936445
14.17677849483468 9.866641257848412 -4.136180646002429
14.39180733941362 1.026563590339284 -11.42575011818791
15.4232859692743 3.05607066404421 -10.11249074149221
10.37668317560202 16.20860890698685 2.308712695619307
-14.89402469747942 9.219671210090585 5.025838252811847
15.25092581939151 11.98435336255699 -2.765125061303645
8.851484365601976 -5.84110655459784 -15.1864049858665
6.313447519054959 -6.49812462886689 -14.87684571493274
7.99955899928643 -7.632085812205565 -16.36475830411099
13.40588776838375 -1.005460835020974 -12.7562512568468
7.831474440209313 15.28969177166939 2.406822908274019
12.63887582366004 11.2444578069591 -2.498563920782655
6.964479389450048 13.29123590889554 1.064088879436746
3.468413722607249 10.57754518078941 0.01372490052300979
9.108048688935616 8.512498661476759 -3.552256844062494
5.590189115288917 5.787394672015253 -4.604675076248833
0.9336070832663235 9.900540280680369 0.30588826075945
4.607683871189005 3.739296727426986 -5.949438297377514
8.124997826761787 6.464438771320925 -4.896807121185899
2.072983591625756 3.062248636944641 -5.65734565519243
-0.04891869575305341 7.852450937034231 -1.038861092756236
-9.456991090125934 -7.15810073343417 -10.15890107807914
-10.45970111779852 -9.050855809520785 -11.37009245034711
-11.94151594744036 -7.739263497911059 -9.80524353579904
-13.48959489153225 -6.412527433373475 -8.205941760612934
-14.53051122210515 -8.515390584270545 -9.575950223288908
-5.943913840556958 -4.436146151691673 -9.107460218501409
-3.978915455061969 -0.3399471235374123 -6.417927179044522
-8.477926347796437 -5.112662251119493 -8.815162464880478
-2.426715247287943 -1.710998332991589 -8.054785873099064
-3.566117243300066 5.127303101657523 -2.091535467015654
-4.961414648201552 -2.388046637470615 -7.762693698524752
3.212384557097853 -3.776052443043044 -11.62059542818266
10.81648274714132 -1.744907525004788 -12.49687194391629
12.3963152159746 -3.147579218626663 -14.16875940886747
-4.135818236855636 8.546453883959655 0.8900897875965237
1.247386174875432 -7.872251472392847 -14.31012846970656
0.2413307405120864 -9.993734148182176 -15.70696000953208
2.874718588729138 -9.373606897568843 -16.07842417907169
-2.473368688590063 -10.6567865743239 -15.3434402387521
4.764028521103496 -5.143765279776305 -13.25454293773525
3.782085571752577 -7.195203166449808 -14.60222064174002
-3.712806969396975 13.99203584600231 5.195385084947989
2.440623387033173 17.40636362929204 5.932028594028146
-6.513614855192495 -1.016995428295624 -6.125835004959191
-3.858271433846699 -9.19059464114404 -13.68466528990765
-8.768935995901664 12.65561979450012 5.78958229036738
-7.832141348373609 14.65929466911529 7.113311092272652
-11.39451876849778 11.95977503746221 6.096621682921289
-5.279323607048765 15.27935972699052 6.768652844872418
-6.100816669713298 4.450254806490595 -1.799443276338171
-11.73573003933547 6.514598014465706 1.764390351376169
-17.79181447441102 3.113112795621073 1.005784111804247
13.72138781652913 4.414277162250819 -8.436220395263934
-12.15271466500584 1.048058683736814 -2.56002544644895
-13.13521385595249 -1.000040830995709 -3.904791967312802
-10.75253310686184 8.562579044643488 3.108827549497188
9.264282541027482 -0.3738563161479842 -10.8600132509029
-15.63710848735748 -1.657338850315351 -3.60750867560304
-12.31339654493005 9.931612781245592 4.746926727297297
-14.13179332262825 11.17337189866466 6.366951060238871
-18.41671836461244 -2.398796442412431 -3.28636963870176
-3.409214442137331 -3.759097846307214 -9.399552391505111
-2.583617996529242 7.175402673715963 -0.7467689179534451
3.62518323952447 1.691197635431865 -7.294203992838427
7.142402530196142 4.416344104435409 -6.241537648592912
4.447412354208426 12.62372597906417 1.358091649074483
1.915545651151797 11.94831069728627 1.650572948481846
11.64523851330928 9.190659652587104 -3.844270654960042
4.905011131164066 18.00733609598553 5.601257976938284
7.532161020521587 18.69949494684554 5.29068668233869
17.05314971859313 7.08606130341883 -7.3653050797106
13.03772344476252 16.62688892315221 1.763223475635335
-10.46479962533407 13.93513065843767 7.39958641251009
-9.642495899726864 16.17420370035107 8.953680653811372
5.433580096583977 -8.454201031946175 -16.18068626925725
18.32806245478713 8.921195441807669 -6.291895242236529
-8.99001156201226 -10.64942296367504 -13.16521358469328
-7.248916651700011 -11.94822217637897 -14.8060436712821
1.045888239764942 18.82251774261872 7.553225301382581
-17.18437430118388 8.547310567753424 5.240307955094488
-12.04831239853472 -10.97199967447291 -12.40916275397259
-15.67548143311543 12.21942066551899 7.735609005355106
-13.45313414703162 13.32775721408369 7.89977957908112
14.47690478121951 -3.760924461421376 -15.36308355761944
12.8160209874337 -5.199526772800734 -15.98406949491387
16.144638022497 -0.02316347674513652 -12.86712557373104
2.881004881340357 -11.39503699007963 -17.73101036906213
-20.63396812268 -4.094233805800004 -3.931605196396108
-1.4789690233286 -12.26434885997866 -16.98747590370516
-18.56749405216734 -7.218442666502305 -7.171335739435385
-20.28808810954433 5.313377711163906 3.634384104191908
-3.350481052867232 18.93487800168842 9.110423499622566
-21.37889279734698 -0.5492186102793544 -0.7888041850267005
-21.2299343343207 1.374028320537528 0.7318675372567949
18.03234690525425 3.795506294807173 -10.3784310558179
-4.983914522793297 -11.21061734068841 -14.95879255450037
-17.40673138857223 -5.433490834820413 -6.100849559610985
16.12697586127436 5.116024421982074 -8.665108838599515
11.84418765735965 17.83915347050864 3.150878596199717
-15.78650446717053 -6.914836339262164 -7.850438739627977
-7.126642166443604 16.52450771608578 8.401084773849686
-16.29451544724898 -9.953807367895697 -10.16241120068702
-4.162069428367547 17.18534424915953 7.952464630964697
7.355885267468455 -9.498682930447867 -17.6742705585199
-19.355414899499 -0.8964729633345665 -1.74682880962464
5.770149415948321 19.6777149881213 6.676737202960022
-5.935583611405226 -12.94663759384318 -16.0590241260857
-18.84904452732613 4.258544826169228 2.293435466070602
9.561068013709461 -8.510803375724068 -17.60273119513291
-1.693760791168102 17.6633180338566 7.519959046209929
-18.58580716729962 -4.190798123955322 -4.693169950469695
17.39345017725631 12.75722030435304 -2.848256631769823
-8.068592666584831 17.74362470134526 9.710473124112383
-12.6405675888558 -9.453700027227132 -10.97205788639853
-17.8792436915226 6.353205037543928 3.680451421596122
-18.88867817998795 8.972003863947489 6.155169872314672
8.35547847709584 16.93924409333676 3.579008726681761
19.00211382898298 7.483236261872053 -7.690667787566608
-9.063890361357902 -12.80226769173401 -14.89837767797376
-19.53850866475884 2.30225207588329 0.9259505033121371
10.89974754113127 -4.958638179260602 -15.14862696646966
1.686538568780242 -10.63332047408496 -16.71091600059605
2 4 0 219
851
852
853
854
855
856
857
858
859
860
861
862
863
864
865
866
867
868
869
870
871
872
873
874
875
876
877
878
879
880
881
882
883
884
885
886
887
888
889
890
891
892
893
894
895
896
897
898
899
900
901
902
903
904
905
906
907
908
909
910
911
912
913
914
915
916
917
918
919
920
921
922
923
924
925
926
927
928
929
930
931
932
933
934
935
936
937
938
939
940
941
942
943
944
945
946
947
948
949
950
951
952
953
954
955
956
957
958
959
960
961
962
963
964
965
966
967
968
969
970
971
972
973
974
975
976
977
978
979
980
981
982
983
984
985
986
987
988
989
990
991
992
993
994
995
996
997
998
999
1000
1001
1002
1003
1004
1005
1006
1007
1008
1009
1010
1011
1012
1013
1014
1015
1016
1017
1018
1019
1020
1021
1022
1023
1024
1025
1026
1027
1028
1029
1030
1031
1032
1033
1034
1035
1036
1037
1038
1039
1040
1041
1042
1043
1044
1045
1046
1047
1048
1049
1050
1051
1052
1053
1054
1055
1056
1057
1058
1059
1060
1061
1062
1063
1064
1065
1066
1067
1068
1069
-6.926575382561458 -6.083923211694927 7.886905360231001
7.62857154312205 -9.406218588602144 0.2852743124058019
1.283154579562583 -12.17879110501908 26.25023493555339
0.8305506786986103 -23.03105757171025 17.49725819002737
0.3565188057897255 -12.09944567767701 0.513118669601369
12.85008258836941 -7.321525698780652 14.91073247083949
9.530788674340153 -3.552655696137764 15.90990046040373
7.867596262492494 -23.71556990264724 14.59267435094967
-2.025848686295321 -18.13613235477021 22.55784359822718
-3.667367941911269 -0.2168198432788881 11.53320180787338
14.21425199525863 -19.6410805663067 15.8362198584282
11.69248688055887 -4.472258859967003 11.35915656917905
10.76884600189969 -6.496423049023083 19.45941079158215
15.76258529327867 -15.55452460279107 18.62447692481818
3.459031490693719 2.435687613730086 11.35960383992345
10.43947239610806 -5.618683512948042 2.405785783714393
-5.696640964254398 -9.697049698967501 4.450076887351893
5.70725072861082 -10.04940817046452 26.72220685181907
8.358846001888713 -0.5931527689079568 12.22941079158864
14.05764796715805 -10.26021843486313 18.42252468916365
10.52414063300754 -9.777403774350873 25.255736351709
10.64302596406877 -1.78171355191625 5.517425985825816
10.86812868823235 -3.646552185426902 3.891702614192748
11.3098449515628 -5.976878132341326 4.850327607735073
10.5468931640313 -7.997682330322386 3.451434048524756
11.57283002447094 -8.331115102998607 5.791333196821635
10.50013177385147 -10.32184543816265 4.563468560326474
11.69099192969963 -10.69097273414557 6.836755104528432
10.31398801230352 -12.59560390875553 5.766106701283264
11.64446374636941 -13.01141943951986 7.93064328660739
9.996109402878474 -14.80391255139777 7.0633756097004
8.40645227891552 -14.2178006120907 5.104569854691363
7.881677249194327 -16.24746528012218 6.635302768364426
9.57254349677493 -16.93793331547602 8.481226032754194
7.29091115119544 -18.16656746716728 8.287617094241401
5.469709272547158 -17.2216680651827 6.686741291917444
4.80446135720873 -18.88297419446326 8.580350431859724
2.954371881446888 -17.64806456727149 7.220254103983926
2.31159880499523 -19.02764178654232 9.340859787591373
0.5387143998786028 -17.49337598507307 8.200621533863929
0.01874694234705121 -18.58876753912068 10.51165407169104
-1.587398065559788 -16.75543024552736 9.539882947408449
-1.890220412136561 -17.60048797151669 12.00158029595745
-3.239514339608212 -15.51100480416474 11.15827341311838
-3.25601715332193 -16.14604108252143 13.69153969503855
-4.274574648078397 -13.86850571241326 12.89978750638378
-3.968823902946684 -14.34182170470821 15.44912415658383
-4.62509262148779 -11.94436487934849 14.63059915716562
-3.968436062866969 -12.33724499156389 17.1319130696
-4.256539948103057 -9.90034461866667 16.22067879423397
-3.254440988783172 -10.29578246082489 18.6058964945933
-3.196818421396774 -7.909294764062857 17.54272598059426
-1.885356466382124 -8.387142888266037 19.7539576839942
-1.531298628048186 -6.127763570257612 18.48863700449424
0.02530682608357804 -6.76459262283163 20.48355751257506
0.5845758088112114 -4.723486188419001 18.99049071763899
2.308398427633676 -5.562803021663408 20.73803442955012
-4.365465491356005 -7.496014230969493 15.24117574086434
-1.167027641926131 -15.77171035558547 7.105291293309257
2.994078739843737 -3.775619998089181 19.006417097929
1.253956087062452 -2.812059694516659 17.39775967092827
12.70382119571931 -11.021153209671 9.166736009906746
12.82170680048283 -13.36144622015499 10.18699960546316
-5.109244012452166 -11.52445512980037 12.09060837431388
3.712913893435132 -2.146873075735501 17.17542260538455
3.62117004491005 -16.12835203075914 5.206873709983673
9.061144750538027 -18.97421708242721 10.01534902708463
1.716466639554949 -20.26192091191939 11.55300398629111
-3.12470062905627 -16.68667538571848 16.24891239075575
-2.101117976311668 -10.71180234182638 20.89650580988277
4.757805698592553 -4.85991007540761 20.49715354888626
1.669120398996568 -7.485373201845976 22.34632625127018
1.959649990075467 -1.037426447267582 15.67082128207764
-0.4315957538921891 -1.959859887508394 15.67428732271636
13.54779378464067 -11.33818747834515 11.57589695056052
13.84814420071246 -13.63117975454642 12.56097503664339
13.09885241464083 -8.989662232734849 10.65943924777265
11.16799879748703 -17.52064495164924 10.4560484424354
10.8235948033727 -19.62589616310293 11.90074269732906
14.2034572987476 -11.63897200777286 14.01212022909036
0.2312220571753505 -0.06284120828493789 14.0711808365053
4.434946485229899 -0.6575363536699741 15.2183846849659
11.98061037284234 -6.281360001873656 7.284490699238299
12.56161964823001 -18.06047120941322 12.48049401425713
8.501109342367645 -20.88067658303868 11.65442269426071
14.66952194304455 -13.7229506119413 15.00163365382926
5.917035907203324 -2.02593031842349 16.60857871827754
10.2455431389205 -21.70094297648308 13.39908923487906
14.68225417571532 -11.98959610565855 16.47433104832181
13.9654968099525 -9.912990771693449 15.54105338495623
15.10360208527614 -12.72241664720222 18.79581555567527
-2.07395969816011 -1.185156728831848 13.79574820771149
-2.562045587306752 -3.336532341102665 15.18322591368142
-4.003187292729892 -2.784730251226716 13.1115301965792
-5.363836458561156 -2.164252704313512 10.78968207455116
-5.449910939273595 -4.629839929898882 11.90065793558806
6.804672167627722 -0.8494268486877492 14.37948382278415
4.926067874900679 0.9082362686589307 12.92609989580678
13.58209926342021 -9.313779519259528 13.13275024598559
12.83121718529854 -7.123311561031192 12.23899247273757
12.50350231625056 -6.745510683155215 9.750906363784527
12.42364582891325 -8.702734845765249 8.191925484208447
9.146590795949457 -9.915630413100263 2.390474542622544
5.456467658487115 -3.359864155732173 18.54522144445801
7.015299887966599 -4.713478281368069 19.89970164415118
6.552274502870178 -6.05342271185801 21.84491880412429
11.71355725771919 -4.37834018198558 8.96127940045892
11.38611246957964 -3.959257841629487 6.493957058402912
10.90427436524483 -2.412481055828668 8.036875434961985
7.830439371844717 -3.511809152876821 17.68660267471372
4.069637871305284 -6.502346607275619 22.33751665291036
3.420166676559501 -8.287298119005731 24.07463321881324
1.15533673864867 -9.51819662474348 23.86089112115063
5.89014418252316 -7.592927991678319 23.84474127376478
7.986351144585218 -7.391188288710524 23.22720341095273
7.657947493883134 -8.70919516239309 25.09318767840452
11.45527747782289 -15.30275328504323 9.128092178718013
9.330624283734263 -7.622466739250585 1.152017270415921
7.214043140984638 -11.54913795289704 1.753762579935409
5.486489431657745 -10.86474195712168 -0.07412646487095831
4.915617034538306 -12.79279206521186 1.633874694507162
15.32833071738838 -17.66924827750334 17.09019377627126
14.21772930190916 -17.6911998529513 14.78638883297438
6.654924592857274 -19.96281167691777 10.0578843155353
6.249558662429699 -21.5306598167273 11.83393259658489
3.043040126573154 -10.09540583544253 25.72907555530168
-0.5999676688435165 -12.02339751461554 23.94126123275445
4.145246211621638 -20.39251309255338 10.56550375922168
8.961346001889336 -2.068970338939696 14.03691079159581
10.16653541561875 -5.020207541329073 17.6508768641415
0.9574037375084642 2.098822922585435 11.88232564904611
5.72003932928089 2.255701855695361 10.43039066385018
12.49236794191417 -21.39992713677945 14.94179819212359
3.078079697846487 -11.75875348144758 -0.0352632351934421
2.124060538387607 -13.45282228468364 1.947016621827516
-0.4150561198592757 -13.35253829787545 2.612491216867658
1.510860758401892 -14.82229684940807 3.835321159093665
-0.8979328816730692 -14.50242324685916 4.721441780868791
-2.705765529675286 -12.66475002669283 3.654563831494432
-2.919767272904307 -13.70553452563104 5.966348632456522
-3.09339338404889 -14.70727184669358 8.518324329963441
-4.635056640512238 -12.43960077298115 8.138177418474857
-0.4405454819177756 -8.892970023662693 21.83512557092529
11.37153541562161 -7.97184268138508 21.26587686413945
-1.503207626769421 1.153497739868719 11.97868636288002
2.589748669511568 0.8646869745527925 13.48736600706472
8.841537593961835 -12.10785842742276 3.70584288048585
-2.96080057960762 -5.582306430249115 16.40962587690179
-1.044457344237993 -3.990110756624368 17.13739850261554
-3.140482102859752 -12.71619683919781 19.58334065052392
-2.144596715439236 -13.1124796050888 21.97437945848999
-2.842970884960307 -15.15756707416715 20.49656768772512
-1.321570337145934 -14.43162007939809 24.15050114466218
-3.493090006693512 -14.76356085309641 17.98776025344586
-2.835602502487211 -17.1368677452519 18.79550451044417
-2.103076818163446 -18.95089891970445 17.05045592317727
-1.97482952819519 -19.50356291980762 19.60839840006389
-2.067714098268462 -18.327513811738 14.50865485144858
-0.7177484240432581 -20.40414613999396 15.36057680056749
-0.4141719655102469 -19.5382515314955 12.88146995403894
-1.001048571798034 -21.00452225042559 17.90602078899321
-5.092499652989554 -9.520652722194647 13.77016435917368
-5.760404599288355 -9.038840215351668 11.31942152349923
-5.361542653328273 -7.072179356395466 12.8824931533508
-6.214237971180626 -6.674909728644028 10.41880214709179
-6.273818065997993 -8.586154797013764 8.795538382108781
-6.639192862341556 -8.05594147883828 6.207333939312861
-4.2645878963736 -5.102055487175068 14.23004558071521
5.32136170433883 -24.08585683831952 15.17257568206441
2.92011230649118 -23.83716683806394 16.14775289679744
3.234480052542163 -22.63021576909055 14.06002833540335
1.259414519724416 -22.11447521107162 15.08226176046496
6.096424913283675 -15.43186082300392 4.906660057783082
12.77489096912927 -15.71982477231692 11.28705809453924
6.635601375539188 -13.5497108421883 3.24506833118736
-6.516758590392813 -4.006216759980326 9.36610944585706
8.877580052986682 -6.194075337668341 21.00719759292745
4.043848801245003 -14.49411156728916 3.28903169586771
1.087890648220665 -16.23508510602674 5.9626157718032
-2.082877846352284 -11.78326548761231 1.458950068658036
-5.72658358140113 -10.21509102903327 7.018605088251436
-4.479515099037862 -13.23206933335561 10.50100982005431
7.802889630962863 0.8612453037566206 10.38890730220272
12.02744385868574 -9.472758777596065 23.03637689324204
-4.168404392006746 -10.94450281468284 2.823212846325528
-4.446031162529044 -11.650540228576 5.075979454669048
-5.519109138413222 -10.79725655822641 9.595291986757161
13.17309779327498 -8.38099273033022 17.11924882647792
15.20926092486699 -14.07456383126986 17.04983976739585
14.56104594905998 -11.59257809033537 20.46216310026445
15.59111223830603 -13.86961635727758 20.67460371762018
11.93066899028599 -5.380015396896344 13.55701282633189
10.08295339197111 -8.214927379852831 23.17970345203138
13.96331604003554 -15.67802230882999 13.42025766346202
10.89694630345029 -2.76321676525308 10.1197037705445
12.34354566143356 -20.07541043112003 13.72539273947325
-1.733047873854532 -16.69090321809712 23.87409159535202
10.46504305708657 -23.1556095442135 14.95654080342889
7.683547277291625 -22.34472603144701 12.98747001896652
7.967805258184377 -2.351200769729975 15.7443175243295
-0.1099865932485282 -13.7753333817905 25.77410508655612
10.01772976209798 -0.5580006564797988 7.264351059493899
8.901155062332386 -5.126853807345878 19.32866563566537
3.338031154576925 -21.40432741563112 12.22449844419728
15.04277774543194 -15.86232677416841 16.05109944540894
-2.262979925979815 -15.51218475097685 22.29330913465569
6.785011607711384 0.6164655672820358 12.08181132556226
1.025804679370995 -20.96495270884039 13.37720155151337
-0.7366829902067225 -21.96702838632982 19.75400826968852
5.794626002893986 -22.90134312504628 13.53615223283149
8.567535897711357 -9.979762414132894 26.55430231192207
-1.578569338773834 -20.45396374544264 21.36302498099539
-2.544347269690807 -17.12424432427027 20.80168408307375
5.004236050867194 -8.792953589054781 25.14280350598742
14.8509659814343 -12.49541471222243 22.17066716723743
12.67982281354306 -10.72059979285538 24.32996259581681
7.439440974193062 1.942306931688195 8.93937666096976
3.591190151783252 -11.27498952306719 27.2121588231582
-0.9992680487405541 -10.67988300408915 22.49612909798003
2 5 0 42
1070
1071
1072
1073
1074
1075
1076
1077
1078
1079
1080
1081
1082
1083
1084
1085
1086
1087
1088
1089
1090
1091
1092
1093
1094
1095
1096
1097
1098
1099
1100
1101
1102
1103
1104
1105
1106
1107
1108
1109
1110
1111
11.90575576759138 -13.55570686218967 24.56322643909693
2.839319824343757 -22.81083881100432 20.02858816126815
13.07721326087142 -20.42873463732129 18.56093692898543
2.933775655305729 -14.77131761002405 26.56134445717938
0.9275403445172126 -19.05063604284863 23.73604069167212
8.175055516938349 -23.3280308858207 17.82772403629932
13.74563920241261 -15.87027075354764 22.06009845719
8.558793759530566 -12.7833990797437 26.3094671055751
10.56988118206646 -12.56989622027459 25.81342898617134
9.576543871490124 -14.24327731886027 24.77823147744537
7.155636611451495 -14.65943145623355 25.24541213382059
8.230020319071654 -16.20314297152757 23.62684905710379
5.590320081727999 -16.60101631228263 24.18188691384943
6.659370493247455 -18.19690941004258 22.52249551882868
9.195164414274496 -17.9547008295812 21.87499335630448
7.705892395889655 -19.84348326446544 20.82923296223291
5.293311279878756 -20.02783299889867 21.48290573971016
6.319046984903307 -21.96108346886382 19.56250143923132
10.06720393608732 -19.49814515993853 20.32409649711074
11.71939585986072 -17.61782977083833 21.30863694211955
11.2696933696456 -15.60029233524576 23.10585019024684
4.008462879562193 -18.48297312493731 23.17256134491799
2.759524602185673 -20.71408352488059 21.76718009081691
2.740187819130791 -16.84142178263723 24.93564075680092
8.951493943470945 -21.32924968378599 19.20090924493962
14.03717745229067 -17.60122390202287 20.5496017130874
10.36552596549103 -22.5603124123736 17.72440672879991
6.066314076489764 -23.98618704283079 17.99325559786672
6.341222980842141 -13.10060795927923 26.78965739955713
0.5620819112247624 -20.85654320337226 22.38334314739533
13.59780118324301 -14.20641921950314 23.46790688563234
1.18063850019499 -22.09997234398653 21.1619019758008
4.964078917354662 -14.98550055012487 25.70969706487764
1.330605977645665 -15.9005148713089 26.1737486467004
0.5602535940307325 -17.36409992503927 25.23552058230387
11.07090892356192 -20.8480088031603 18.88736911854295
4.350335898407637 -21.71031598242088 20.42348926335178
4.447244518214879 -13.47054196471993 27.11893370315489
4.438829120558488 -23.46189312167581 18.96383477720153
14.22835212344043 -19.06110248178233 19.29389095376052
12.10332250153333 -21.86366715969549 17.71394968371721
12.36670859268542 -19.17584079251061 19.82075535893443
3 1 0 649
1112
1113
1114
1115
1116
1117
1118
1119
1120
1121
1122
1123
1124
1125
1126
1127
1128
1129
1130
1131
1132
1133
1134
1135
1136
1137
1138
1139
1140
1141
1142
1143
1144
1145
1146
1147
1148
1149
1150
1151
1152
1153
1154
1155
1156
1157
1158
1159
1160
1161
1162
1163
1164
1165
1166
1167
1168
1169
1170
1171
1172
1173
1174
1175
1176
1177
1178
1179
1180
1181
1182
1183
1184
1185
1186
1187
1188
1189
1190
1191
1192
1193
1194
1195
1196
1197
1198
1199
1200
1201
1202
1203
1204
1205
1206
1207
1208
1209
1210
1211
1212
1213
1214
1215
1216
1217
1218
1219
1220
1221
1222
1223
1224
1225
1226
1227
1228
1229
1230
1231
1232
1233
1234
1235
1236
1237
1238
1239
1240
1241
1242
1243
1244
1245
1246
1247
1248
1249
1250
1251
1252
1253
1254
1255
1256
1257
1258
1259
1260
1261
1262
1263
1264
1265
1266
1267
1268
1269
1270
1271
1272
1273
1274
1275
1276
1277
1278
1279
1280
1281
1282
1283
1284
1285
1286
1287
1288
1289
1290
1291
1292
1293
1294
1295
1296
1297
1298
1299
1300
1301
1302
1303
1304
1305
1306
1307
1308
1309
1310
1311
1312
1313
1314
1315
1316
1317
1318
1319
1320
1321
1322
1323
1324
1325
1326
1327
1328
1329
1330
1331
1332
1333
1334
1335
1336
1337
1338
1339
1340
1341
1342
1343
1344
1345
1346
1347
1348
1349
1350
1351
1352
1353
1354
1355
1356
1357
1358
1359
1360
1361
1362
1363
1364
1365
1366
1367
1368
1369
1370
1371
1372
1373
1374
1375
1376
1377
1378
1379
1380
1381
1382
1383
1384
1385
1386
1387
1388
1389
1390
1391
1392
1393
1394
1395
1396
1397
1398
1399
1400
1401
1402
1403
1404
1405
1406
1407
1408
1409
1410
1411
1412
1413
1414
1415
1416
1417
1418
1419
1420
1421
1422
1423
1424
1425
1426
1427
1428
1429
1430
1431
1432
1433
1434
1435
1436
1437
1438
1439
1440
1441
1442
1443
1444
1445
1446
1447
1448
1449
1450
1451
1452
1453
1454
1455
1456
1457
1458
1459
1460
1461
1462
1463
1464
1465
1466
1467
1468
1469
1470
1471
1472
1473
1474
1475
1476
1477
1478
1479
1480
1481
1482
1483
1484
1485
1486
1487
1488
1489
1490
1491
1492
1493
1494
1495
1496
1497
1498
1499
1500
1501
1502
1503
1504
1505
1506
1507
1508
1509
1510
1511
1512
1513
1514
1515
1516
1517
1518
1519
1520
1521
1522
1523
1524
1525
1526
1527
1528
1529
1530
1531
1532
1533
1534
1535
1536
1537
1538
1539
1540
1541
1542
1543
1544
1545
1546
1547
1548
1549
1550
1551
1552
1553
1554
1555
1556
1557
1558
1559
1560
1561
1562
1563
1564
1565
1566
1567
1568
1569
1570
1571
1572
1573
1574
1575
1576
1577
1578
1579
1580
1581
1582
1583
1584
1585
1586
1587
1588
1589
1590
1591
1592
1593
1594
1595
1596
1597
1598
1599
1600
1601
1602
1603
1604
1605
1606
1607
1608
1609
1610
1611
1612
1613
1614
1615
1616
1617
1618
1619
1620
1621
1622
1623
1624
1625
1626
1627
1628
1629
1630
1631
1632
1633
1634
1635
1636
1637
1638
1639
1640
1641
1642
1643
1644
1645
1646
1647
1648
1649
1650
1651
1652
1653
1654
1655
1656
1657
1658
1659
1660
1661
1662
1663
1664
1665
1666
1667
1668
1669
1670
1671
1672
1673
1674
1675
1676
1677
1678
1679
1680
1681
1682
1683
1684
1685
1686
1687
1688
1689
1690
1691
1692
1693
1694
1695
1696
1697
1698
1699
1700
1701
1702
1703
1704
1705
1706
1707
1708
1709
1710
1711
1712
1713
1714
1715
1716
1717
1718
1719
1720
1721
1722
1723
1724
1725
1726
1727
1728
1729
1730
1731
1732
1733
1734
1735
1736
1737
1738
1739
1740
1741
1742
1743
1744
1745
1746
1747
1748
1749
1750
1751
1752
1753
1754
1755
1756
1757
1758
1759
1760
4.243319706818394 -9.212250585259801 11.65779611242837
0.940724461826044 -2.320360500507165 3.350021563815303
3.401871576184696 -14.08488155272111 18.47996225191521
4.405077708042319 -3.41999592630953 8.334092283661503
5.273338560686656 -0.8109431100384412 -1.587680141968837
12.96594296739963 11.19844225960751 4.869965635784673
-4.743170697452773 -4.847447812485583 -1.883536585855681
1.941154823148401 3.420674212599765 2.81946731115608
-3.596552392346431 1.503664814284256 2.889046223151604
-0.4697078777044414 -8.315102941079553 5.235415028414239
8.090496882237705 -12.04789297846965 17.01399664717421
1.417162166429744 -4.848606135619717 -4.117321686129321
-14.55798290326488 -3.035869380693315 2.792619512121619
8.159881618481611 -5.33961933426867 -7.082604383386036
11.76732849091553 6.072688670448904 1.073073213304369
-12.97733023866409 -9.222595690980432 -3.231698912156877
-10.99419647209587 4.208717091474304 7.193484058610641
-2.956250151393837 -8.059845668416672 -5.046598770399928
15.83350468227388 2.259593157964445 -3.382704876735654
2.609885175738123 -9.274985106101969 -8.164038253740372
-0.7925412422502874 8.532023573271521 6.774946272665634
4.107704279394315 12.87108090578665 8.796718301788534
-8.98827993460697 -4.499328222485105 -0.8902844539856565
-15.94752850406054 2.437910817993506 7.054737933001904
7.24736777070069 9.046986180099948 4.779292461714925
-3.187086319371725 -13.71970774186411 -9.862587231785941
-9.273982738640694 -12.24843822255879 -6.828791380354779
-8.994395259001532 -0.552217833927356 2.421734505935941
-6.884302396591854 8.406322187914371 9.585086513617012
-2.692836755567792 12.84243350251486 11.22647090516274
13.13078852203439 -1.675458716294615 -6.409517089885206
6.50104207501133 -15.42296544980083 12.37611357239421
8.574639334265859 -10.3829650207631 -11.13254066864697
5.798699722002151 -8.880817314134646 6.655134107627157
-0.3463686679926549 -6.526574272023812 10.84527257380643
9.951726235611195 1.966652008344651 -1.942955133379302
-16.29197714033232 -6.051911152777497 0.5268187457912008
13.52567530510412 -7.155507592647038 -9.835013923757687
5.16497175486749 -5.440349877836224 2.855037529467721
4.033873887752343 -9.726020398572482 17.82844925167289
2.552136545286929 -13.66349002797523 -11.53333241568671
6.306808117610863 -11.60381500109317 20.58906558318314
8.62946542266914 13.03935547526094 7.906349458435026
16.00611297708591 6.072736101025187 0.2190236418078335
9.716642799959606 -15.34674774317999 17.08466779775795
9.307935342529866 -1.918647390714779 -5.166794126902409
-1.504369045653629 -3.152693640274752 6.414847399757712
6.577759812570981 -4.688095279736767 12.87015649934981
1.512073607153789 -14.19733683978447 12.83566074605366
-11.97937904523116 8.077029442089485 10.66199466349121
0.3425678814310515 -12.02894148253276 8.554715034637901
-7.700655870127174 -7.054487734084622 -3.354355316622652
0.2895785552075182 -0.6026374694866398 -1.661821752303691
-5.183393708419212 5.318173097421206 5.320529622762135
7.693607148631362 4.381163723762729 0.661871850332135
9.042322844452203 -10.09286754788944 11.34706272072131
5.706853662246803 -0.1793226030108988 2.761562887874548
0.2387096187019275 -6.2521694811791 0.6398628566209368
-3.789584712287994 -4.365027507702242 4.267751131836634
2.755681038641596 0.1861093069497196 7.194386443564802
4.965400024234522 -13.45761292297369 8.140745986607127
-0.4698609002452791 -10.93479675409428 13.44202084900859
-5.686478401561519 11.08126454156643 11.42853911061877
4.898909525560516 -18.73774947496638 16.06325846209611
-16.83071249599769 4.746634091789888 9.614776528283954
14.93005593222887 10.08170803962443 1.137724079293577
-1.059405373378145 3.444090036201676 5.047596633054415
3.010713169255205 8.502682590773237 4.315177630207112
5.04628349551612 -5.265782370918437 -3.991464042961296
-5.988664652632727 -15.61732086904117 -7.204107455372858
-5.87806426482277 0.1394469502296785 1.056517755437848
0.9301045918153237 13.3174696977108 13.2634542453051
1.309494179756136 -5.524209502942183 14.75505539528507
8.596725088823959 -7.265010078839287 8.7645469820493
-15.8118207803042 -11.29937217600738 -1.123324555259263
-1.450235571248468 3.609946497848421 0.1784232697754963
-12.99796524020918 -12.24550703063839 -5.641811724590271
-18.34834653690325 -1.033246153252937 4.600825711490747
11.17120133177394 -11.29501531532548 19.43784562178235
18.36775833924741 -0.3347247808965316 -5.117657729439022
-0.2653588382644094 -16.913987195185 -10.15271859013649
-17.2650892611099 -5.07525176088261 4.089381338310513
3.952629073987877 -4.765475648573928 -0.4205601218081492
11.41866003736177 -8.025308232072771 -13.12180912674086
3.786811964263939 -9.265888329233668 2.480166334223171
-5.974524656538522 -10.1414144524647 -9.254752279831747
0.5823432125066524 -15.52955429039161 20.93430637325255
2.491799354327309 2.9299960556568 -1.320618243882393
-12.87049602253422 1.861961631509086 4.855988054430667
-10.24234137348067 4.577131557802795 3.810761331869958
-13.18497878731958 -5.513657262471772 -2.139102514420685
0.2861912104686147 -12.51983762105234 17.59694928561257
4.483166919336607 -5.538952303863889 -8.234754111722038
11.30218966366539 -13.59546174941525 13.99110219967926
0.2467567879301039 12.55114772802067 6.838802407703207
6.555428074340541 -6.109710744419973 17.46665053344888
11.9441436213335 -1.639971341439936 -2.841609324610476
6.735326638038591 -9.617989127214928 -7.184863262070802
-3.608098100883518 7.564905897125155 10.5222154747276
-2.040104356993824 -4.533946800959178 -4.76696860415833
18.15506479853179 4.539886260195099 -3.462875140809449
-3.428724333555104 -6.842993997060591 7.548659027233455
4.401219612074472 9.641747674274614 7.055995766936943
6.559503441987378 -0.6383739485387471 6.993939564592729
17.52870145726034 -5.478931973378667 -7.452608684800777
5.825930033064121 5.10091924375823 4.438810053702139
3.704896916423075 -1.169279568483576 -5.586072912196265
-0.7263275417072923 -1.682178973134403 10.54461500420641
-0.01587392925642771 6.3274398343102 2.505614571919297
13.39299951488483 2.515268820796583 0.06771129336757663
16.6594411429378 9.220249417805258 5.48161395311723
-5.333500630803029 -14.07486117682532 -13.01204582047555
-19.45187779053143 -3.649907584659067 0.2416992198974071
-6.264071693082413 -2.186821666523129 4.404992615182894
6.747217546900955 15.74161939971193 7.542316337456944
1.859613598533103 -17.05037148591935 15.3399915060167
-6.53891020724957 2.995818237629079 7.834156856567741
9.896238296189312 9.876959599006 2.163189484741494
13.46415019122852 5.686159567192801 -2.820179197402167
-0.4270925275679636 -6.326362689895075 -7.621507178959643
-16.59245934248843 -9.177164493064225 -5.475193923777369
-11.09455354887183 -0.9767223093490566 -0.03155804964328817
12.00676744065353 14.54990883487282 6.371436350538271
4.603832308472517 -8.384066311323368 -11.15068912965794
-9.591495786147 -16.09689049774966 -6.446465498380848
-2.641964262398945 -2.427964193892811 1.71850093997942
10.60465276350277 -9.862570040664997 -8.693689638903868
11.26314830969786 -2.65595577938185 -9.72620052932651
1.915744047277645 -10.8029636898595 21.15289219926215
-13.13379426776516 -1.94073507169368 6.492406207967234
5.855630774588286 12.2439487085486 5.66813141264226
2.489364166934716 -18.44185872928699 19.27882402812822
-4.76806406230245 10.96582298595079 8.130482006167433
-7.269210477909207 -2.943835050683589 -3.293667907382674
2.62919664210072 -11.5472674411286 4.87976339593034
-5.030443180096414 -8.150889648683298 -1.970659155829426
9.085238148916883 -18.61746988308332 14.03405311716613
11.54052722770125 -4.633684855325348 -5.090706950944136
14.88399808874587 13.36553498570712 2.400551987992478
-0.7070681184829034 -12.46403727733818 -12.71319878687405
-5.900792923242653 -11.28788045652808 -4.424647317725445
4.942696594188241 14.21885636850305 12.800013705888
-12.3559881368282 -4.553147702365944 1.096904907013544
0.7943175439933564 -12.92425989798855 -8.333198941458216
9.668340453144035 -6.923092149496942 13.74373221549376
-11.46425387220695 12.39659612855732 10.48074248813705
-9.030139969711575 8.242628767793365 12.33761615873941
11.76986257142832 1.028098191190535 -6.43943013585567
12.99212169440816 -15.42167452689092 18.94138828127762
3.354247221009401 -7.237006958907436 8.605978910779045
0.9728567640200035 10.04132035703453 11.36102007371965
6.927594426019581 -15.616450399986 19.88778948893372
10.64413216226006 7.573821453869739 6.125965257045041
-0.6672040019941256 0.03309620303317438 5.118236741765417
-9.685789606173598 5.84425482364794 10.67668134303473
4.973069263758997 -12.15775385318275 14.1101256621791
-5.113548808106513 16.2318350314622 10.96999712916482
-3.507574979019478 12.664115044535 14.84483558395144
8.81402327549746 -4.276353962374995 6.416387279547383
-9.924363850173441 -8.794471627552563 -0.4359763814690558
-8.428338327575638 6.99754733787454 6.716708866900417
2.568766523336028 5.806208952184705 6.536891035549158
11.13865950146059 2.386896957292463 2.291775179908903
7.090882242904821 -15.19266540637202 -10.88767910706199
-6.364134376590844 -4.36543981379565 2.102292884734987
15.18013615297846 1.698066048225685 -7.092469222031481
16.66099074618628 -1.876362266134958 -11.04622999152006
-12.88576567761021 1.928838165510358 9.626908266782344
5.913504695555284 2.947635163666957 -2.91286681069343
7.909109149206558 -11.9724881965524 7.77930693517807
2.279815787365921 -4.802916789006619 5.152309034270423
-2.950918297205584 -17.62436479748426 -9.189161441903927
-0.0960059922704701 -11.06537254041988 -5.222857678115078
19.97749415244663 1.382302550982665 -1.851590943377507
-10.55429802835958 -12.79786350950083 -10.94759525289161
-0.7910193935899681 -9.191008054605689 -10.17261290614718
3.915043993792 -8.475268235806555 -4.690703159360988
-9.694755767525555 -4.029649195302571 3.754581261106138
8.79725490777297 -2.014794902440545 -1.366121359281877
6.008504919323354 -7.524168253618079 20.14408783707067
12.19983287804222 -18.9656819285503 17.17559871238955
3.782390004889457 -17.24191408572534 11.81292017357789
-17.11517484417518 1.555855794759396 11.45054068523213
-18.43672977345844 -2.679365360976882 7.214324935040573
-9.749746446448009 -11.67696033498786 -2.449352200855417
-12.48206752981502 -8.997030160723153 -7.175815210780538
2.206071161187007 16.20779977646588 11.29145585473817
14.91487545396527 11.43786420441923 8.382381573027743
-2.625568689400739 -10.30492902798717 11.03165184512063
5.894316922365308 8.261063022930257 1.783350154037117
-3.186818902020294 0.2276203010371938 -1.723887524681654
-1.418471097238724 -7.551455759495728 -1.639248712586563
-1.84277183536611 -8.649624189356036 2.026928167774938
8.440755480190502 13.97188500842595 4.284720964570297
15.39933140888904 6.546080088431899 3.641292108140321
11.49061990469806 -13.49818445806039 -10.48223686356717
3.462229056764725 -0.2679624172912115 10.3599293071688
-3.095761141710592 4.953789479303645 8.244532627554541
-4.823201454790751 -13.43349662343984 -6.168878313052462
9.668354907186657 5.811018391008506 -1.917305427281278
5.954991527771717 -11.61187096041437 -15.92588487547553
1.723339966819514 -13.22128153623746 -15.78357786171366
5.833442907738092 -2.412822587731073 -7.461660232400545
8.519817516833037 -6.61792450789935 -11.60753332783859
-18.54396570018565 4.58950624553349 5.997637938295174
-14.6081220190044 5.419065333876709 6.076479746691818
-18.44160615969961 -7.564786766933475 -3.070312080208375
7.059349170163353 -2.097456782258307 10.59005348948195
6.966437349566318 -2.812713593671361 0.8887555774376908
2.987039165278237 -12.5462208493358 22.96835205107172
-1.159789004087439 16.65396288499222 10.6895239265202
-12.09240607342485 4.536767735229508 11.81551257135756
-12.89041532277678 -8.669579565776308 0.9347944165572636
8.540621593701507 -8.60775848872958 19.05874542889227
-0.4803962044540291 -15.87851137141352 18.00734559134241
-3.823756705518011 5.390018327590494 1.722449186241123
2.592416831443412 12.19955696154661 5.31308601851062
7.695437848547461 9.614203505120031 8.805029315135259
12.41837503543405 12.74179918092018 9.335700987280934
-11.30261809287323 -5.929854226326023 -4.917273135902953
-9.244991116931327 0.8699720781567379 7.297418498346518
-6.161434471803517 8.792417215932794 13.69551152648648
18.73708883011136 2.66172469348303 -6.839033925775354
13.9942617902026 -10.73409713158704 -9.407199677498062
6.552304215333064 1.046470506816239 -0.07020065561219128
9.439620527941369 -13.91483570161164 10.30916508740757
4.598536264196073 2.190823015795117 5.49814396385352
2.702830056648128 0.01773703210472246 0.4617945382683011
-4.655701319352247 2.868504467340125 -0.5730156249232531
1.58961340488181 -15.0894929360921 9.344183472317338
4.883994501853082 5.900670146718064 -1.221025029559736
7.74144486981746 -7.585781661497279 3.898373115838468
-2.742643103511499 -10.63405043738175 7.794892689476041
13.85238515247952 -3.555587348711106 -11.95029710490967
-7.932461942241363 11.82335702974464 8.851018888849866
-5.803312816140685 -5.375786351720206 -5.515991076489491
1.627520131014566 -9.403733882592396 -11.95426761472091
11.97369725850124 3.571033002585995 -5.168791865810281
-15.96363156999106 0.795616487687391 1.962993888550115
-7.119722493181954 -12.43212340488202 -10.69435763309706
-11.99323753760959 7.553556719847984 14.13103473996296
18.54863076112067 7.101543585120308 3.247501245973475
-15.55980999974367 -2.866854082421761 -1.30420129457309
0.7104826550468637 -1.288831282139614 -5.065225899746388
-15.40438655041205 8.894854630264765 8.847947262045444
-14.90041049211171 -14.20640777090018 -2.170007605249168
-3.813472075518182 -1.048669047443195 6.017725675255041
-8.914449843895378 -1.00183359490566 -2.065537197005515
19.89879413263405 4.109329287093896 0.703675565523333
-11.97912620470936 7.710009073759534 6.683303463146667
12.98470518205807 8.594024029642648 -0.5801713444361445
-0.5696469137643523 0.4939252089803087 8.416507017873435
9.196834077576771 6.347524809006356 3.025277297056969
-2.042086446481213 -7.941142368545118 13.95950805524262
-15.51974704646339 -3.36742769053014 5.804753316189302
-1.612331034228686 -13.79783417051336 14.61783014333892
11.09499550441057 -9.732130015535024 14.0134534196815
9.705739619763147 -11.62572415524219 23.13390738348777
7.125819610169034 12.27542566025942 10.94722059965679
-18.21076603830594 -8.023133382327615 3.318636868056585
3.383160653614369 -17.23248284779569 -11.01949877674214
8.722660306656287 1.80863637777048 -5.257698807075084
-3.116507684131985 -4.366779438176869 10.3711663909484
17.02286890221284 2.746519421952447 -0.2569018842641734
0.400492562922633 -10.56044898488706 2.747472521521643
4.957506468062105 -13.50546687672986 -8.270150457579534
1.779272327152436 -3.543559598547055 -7.427123803160062
-0.08108165937494585 -8.390212364931692 17.00047892670588
3.082914779598162 -5.04217292015229 11.52043211882816
0.3602557149045737 -5.454098314820525 7.825046713873819
3.055549381694758 0.9905678195520013 -4.006710209405822
-1.357927119940488 -13.2470958708811 11.00263408512949
15.4934196459112 -3.365909504073827 -3.879811186693739
2.351934606375897 0.4195338003520929 3.895610779082774
-3.52820652594405 9.418847845793991 5.063846306243254
-8.388201773499782 -7.714060855996622 -7.730161158937867
3.730327571298947 -21.04061288434202 17.75294356254179
11.62435449809312 9.214090567048181 8.127442784041543
9.067829150059223 -20.8110831013289 15.94958838657953
-12.95176058837003 -12.10384924537719 -9.46209204662394
14.31153764978843 -6.560342335455409 -5.942774820883003
8.915433157197809 -5.001761298259833 -3.275632803691495
-8.284896721597889 2.238756520868201 0.1083232115250576
-6.584548604604361 1.057239651923032 4.973422610096247
-1.230302570262342 -3.535081467216056 -1.958749487212283
9.017248017726089 -9.011814798539529 6.438284258588603
9.314918563461127 16.8883975412398 6.731727177721371
-19.19995238787177 2.209859072121449 4.818469974878935
6.581822512173523 -15.70038095795057 15.49316725942379
6.727314488528259 -9.389581806093553 9.222562445775033
-12.53816054206206 -4.124809377538778 5.372478084687625
2.071478262151295 -6.98450619856693 -1.86831164160825
-5.668225841157261 5.050825089643849 9.982017732342809
-10.1856861821443 9.925856733963906 7.92138924955367
4.376032233223632 -3.879271212009847 15.65763719278344
2.510940647629436 -5.504751800622721 2.350315791384528
3.606970776477344 -1.980792936836298 13.05213353972657
12.35708628707494 -12.27461602444155 16.63707796160775
-8.377694309772624 14.69312281552417 10.79467998119835
-0.6279547555598269 11.1594552018915 13.77501198599596
7.082046669336666 -8.964126159850702 14.62459840717854
5.670691350205544 -16.05088463159893 9.348008311520163
-14.65367562704129 -6.39899487308654 -4.957582434334377
-3.358701333744667 2.039391120599985 6.8034528882825
2.877178079771205 -2.335869973720718 -2.495766360260849
5.798206473743329 -12.36605217720839 5.403866390518959
6.313605593233993 -12.08935669673475 10.88759834667551
1.265474601149562 15.36309541877289 7.814902469386692
-0.4752786747773256 7.715967246510218 10.83301048618595
5.879703002099482 -5.444252128702003 5.857582979366533
10.36872968880035 13.232575072553 11.37363748863569
11.99550200959844 11.45078568698607 0.8398908966957758
-13.68288964393383 10.86920071524492 9.954890084773757
7.650360512676118 2.528597671485906 3.558131630977373
6.002639560616435 6.790896799424686 7.751670967446584
16.65887831835126 -8.978113341608363 -8.417918725066743
-3.693877956349903 -6.403771938561229 1.048542074761073
-3.579300829631119 -10.61522863893185 -12.00923907978286
-5.051570107769424 -4.330064864896127 6.739245736070117
-0.2508361462381777 11.0215837158197 4.519771007228605
2.590644954563759 -6.135630922457889 17.74453653525743
10.98971277966568 -0.591359351368168 0.123375508210786
9.598190943024882 -9.702029931418602 -15.04437615026161
9.671437128414691 -0.9431699012910876 -8.111810074352547
-14.45672853498366 -6.726842430388429 3.646449679142675
17.18579421758268 -0.2629683532126623 -1.409420668621874
-0.8755859840347657 -5.411717563462125 3.700929808023244
9.046346661500447 -4.835129329042972 11.87220801078926
-3.016260568273318 -14.03738068788199 -15.10842345331208
13.52532656697394 -6.316363665854752 -13.78923932796004
-11.74028980156646 1.584916351110154 0.9475911473550082
1.132264489061454 -9.263613311618458 11.35703792831049
16.23330702746368 9.184566807772981 -2.014876309315665
-6.095794158818065 11.56894223733677 16.04241440479928
8.099960848061235 8.366637271926654 -0.3054280280287227
-12.59095697100331 -11.88509946844944 -1.040904218476265
10.2305905669286 -7.562990603775763 -5.190479453725389
6.922498685621713 -7.901583515957318 -4.533584448723483
8.938698733188236 -14.06224573821039 21.15763161340481
-11.86662420816467 -15.73115167380359 -4.818227402119395
19.70721791042465 -3.957813664532102 -5.261296503778419
12.33464314902118 5.052473404755368 4.484943517034573
5.642243597619285 0.8997517124823394 -5.33676435803043
13.72488596408081 -0.3951558544662871 -9.169675570103788
4.168541260712601 -2.049222656431407 5.074006528971837
2.230062874863195 -6.406539718681178 -10.27643660156501
-3.973824535008457 -7.758965912923409 -9.180285864870335
4.55342670762012 10.91163941406895 3.049966061774956
10.05148717813845 -7.942895753747483 16.82214428556575
-5.375979440870382 13.83659138179859 8.622521961995053
10.00823697910919 -16.32889102934777 12.32026476054522
-10.68144134884189 -2.748034296853583 -3.157423924753403
-9.82114721215806 -1.938716781693034 5.931845839527859
7.761105167745582 -18.70488389245218 18.49680366601328
1.84861055495177 -11.73362319475248 14.81380002450834
7.730642588225743 -2.31303332588565 4.04877020454041
-8.221128714665932 -14.13674138079565 -4.219729692850187
-0.627850123129987 -12.14148570410669 5.765002468736828
-1.703104771630954 -15.61816083619479 -7.468481890635704
-0.5518307281215677 -3.736830877067762 13.70758511581771
-9.376347669593304 2.8527790778128 9.843501039196338
6.136490609465871 -11.73588946918799 25.01105194069469
7.595877269726969 -3.542910488222883 -9.939980338407397
15.43427591576392 4.390597550862275 -5.910239580489605
6.555086741377896 -7.997801380717642 1.407251299521955
3.237949547392735 -11.56227841659383 -6.044248265692835
3.576510085382458 -10.85271256242943 8.311670295072696
-4.245159041282748 -7.423619295877353 4.364614713888957
-0.1781549563932747 2.20638166707611 -2.708193001421262
11.18145166471228 -4.930312924756823 -11.90833474562715
14.70491516303606 13.44628538853365 6.057456792257521
-3.000745044818065 -11.86731347055234 -4.282646876047915
-6.720291180202683 9.755474558935473 5.918079750043047
8.738198777247511 -12.00056146363179 -8.317549824509552
-7.059634912413302 -7.427118914048443 0.1365399425995923
13.64614310231864 7.74023192439026 6.184699296528876
-0.7510185677471457 13.49790902947019 15.97209950144324
12.4895648323123 -13.09356780765688 21.38818320489354
2.553932546505268 -12.14654107954273 11.23572746859417
-15.29177270809306 -0.8535463749304821 8.608472776439722
-17.70187647730035 -10.01987465797638 0.9256510561098521
0.9186028097300828 -8.530764922427023 -4.300677559962078
-9.693471846810871 -10.08323086315402 -9.48123922291686
-16.24617087873717 3.691859839588315 3.866283355943684
1.346025932614098 -2.067918846793098 6.892349087895568
-3.660276090283529 -7.673310002544932 10.72260296322757
0.1014850104340613 -8.992595929301054 8.122106586041438
-0.2433272235926369 -13.13160149777256 21.05095906809094
16.37697828690741 -5.324801486084055 -10.74433134879349
4.608953585141277 9.707293240011174 10.22065111538582
0.9056315147794999 5.458982768869277 -0.4723999772011934
2.52168989692594 -8.630454946894872 14.58244906917721
-8.359704238913903 -18.00320527719859 -7.282899638089591
-4.691153520635848 -2.48882639437649 -4.792276009503055
-9.486234883310981 -6.708183167285198 2.161035073499293
-20.38634994841769 -1.468251518336949 1.006118189465432
5.913866449021572 -19.83230120075488 13.25787832907784
6.080739418756209 -5.985859410647406 9.795861457805746
-9.553299382232646 9.69443844744228 15.70725495808328
12.69168268050709 8.410726419273457 3.268632793950238
7.844386169443292 -4.647457988731356 15.11582576151426
-18.64825348304111 1.173038434670752 8.038448013202926
12.36977885475347 -16.09431993729905 15.62409455571788
10.55784981876257 -7.056386328042885 10.6233265095353
-12.37023495716777 -1.245660023954703 3.138174003582312
17.77915789980169 0.8794640629870847 -9.106074534303719
2.549823100864086 -7.999794472958065 20.11731944874982
6.430717265164842 -8.801828496077212 -13.73565788634248
-11.73892300042836 -14.58623234886875 -7.893657850755695
8.367044529178703 -12.6025506757766 13.2941875595131
18.43321500709501 9.256167100803355 0.2099981294402889
1.427874071849929 -14.74599739064417 24.46046967334542
-1.978885713127475 10.41812520349979 9.122209064140005
-2.535823216628403 15.20570770753374 13.27559978246936
-19.10568609986913 -6.050324158977382 6.104000311589846
-12.27427599770488 9.955360688539804 13.17307959566659
-8.509491540045822 -13.88758478164835 -12.64376140166656
1.61683702825177 2.88516125691274 6.755630598061212
3.852264363098477 -2.579102050259917 1.920268529886386
6.733894996558639 -3.825179836593426 -1.778749484598503
4.495535993855314 -9.600316860008537 22.59658187733487
6.021420634291475 16.52646622372004 10.49578122828691
8.538473504938867 -12.72890999495077 -13.20633218056083
-2.158946683432074 14.41573263213672 8.177796462246262
-0.2585072075386836 0.7236213299916353 1.36900263399466
-14.30327334686637 6.848329984919745 12.572365835971
-15.19074125782805 3.92412830228322 12.36610935561348
6.528284277224834 -10.27180508423228 3.380743218010106
10.25152091511298 -10.34737445483138 8.869028213507747
-8.992616653844651 -15.33970885499961 -9.585441921592555
-0.7324125718859315 -16.05141731910856 13.76999586872848
11.46549275026375 -11.81804265998092 11.73417592422963
-2.879913443402431 -10.97687542438763 -7.375638007085437
-17.43372192139268 7.138600015750772 7.32846178493915
1.061682702875415 -15.40614677511338 -13.51390765043371
-2.146111354800976 6.384167473428846 5.079265340643087
5.780608531133876 -14.48430555120356 22.76651764010172
-15.39351817490005 -11.00087493642629 -7.928017985370338
-13.08492638869887 5.407992094221078 9.462191300241964
1.146990545986695 -3.28447476533045 0.2102825020958549
-0.09767953841704775 5.712725242506621 8.774455776644214
8.817081200421008 5.217341085248437 5.823162806827613
8.320337369876928 13.99506618513998 12.77968235409567
3.181856607008628 -8.051193812728993 5.191745352786714
-0.2459145482354317 -10.28629564679649 19.49688421185574
0.2465557060676694 -18.77977568710529 21.20029582188544
-0.2231517364206865 9.097049454766319 2.779187788245546
-17.33984809656469 -1.896971468981458 1.681889812664818
-2.941029264306924 9.467966631843286 13.09553552038639
-19.22621229036732 -6.90108251265462 0.8249856886283071
4.936100975881293 -14.09131915497203 -13.75053442048569
-14.04834061946867 -0.6301103975516821 -0.05616908563751589
12.50920867345666 -9.068230045506729 -6.885450227929423
20.46630061736164 -1.298277347300148 -3.236580231404716
8.285101993487835 4.388078376255741 -3.666886817334727
1.636393772373773 9.733957762829103 7.942758012815545
14.69975043085021 -0.06123694654859947 -4.463447509027335
-2.746940850456102 -9.971254662023 4.707404244033629
7.151613826278148 11.47511452813633 2.254355705153518
-4.427458164388843 7.746814504765725 7.544799767502541
6.982345398976578 -17.80691289001182 10.94824795853147
6.031379719329089 -21.84642271030925 16.3410069834516
1.125840452686794 -9.142094009701614 0.3757161834845145
-6.349329560375431 0.1385745746082796 -2.461350390180916
4.353164909581464 14.93589777947023 5.914691558698962
-16.52492145027998 -4.753023281752261 -2.901508658387713
16.84155494306082 11.48701393819133 3.437693602382846
14.25585734106149 -0.2693045915631338 -0.6574519538783336
14.52309405143678 3.528235944393235 2.449737469339722
7.240209222937199 -14.38543852882548 7.667123056749843
5.069976837068808 -11.48276744302237 -11.15082949529807
-6.833461417131538 6.27316877924147 11.96351020250304
4.789081245099267 1.434006958562837 8.397508906964847
11.30236534386434 13.47179448595232 3.215505122593193
-15.49340744240403 -9.216613606543465 2.046978493429298
3.64612038885417 -14.69238265522208 14.47694647182232
5.990132172622797 -5.568421657300166 -11.01028569818613
7.837609863892234 -9.054089321356994 21.90554641390375
-6.72236504165869 4.424374811250662 1.8231974348519
3.292804499639077 14.15257120547432 15.1062403230596
9.180130318025759 -3.927209147682385 9.175821608893193
3.397870109591982 11.29267162152772 12.75258583368479
-19.88267862754174 -3.111423724862104 3.776474002647593
8.70767485612169 0.09572440403382292 1.470454078286933
8.16224898964394 -5.009238349533954 2.886355611412715
12.76529598823685 1.336094777071988 -2.60422409502578
-6.930775766198902 7.032628209898355 3.52325877662379
3.188080275623311 -10.71216898664309 -14.23152952970773
19.19831209869151 6.113547725112562 -1.375544579275638
18.64275386466853 7.964245183921335 -3.901261118974292
-2.567483650957385 -16.13664985367321 -12.23415055715118
-15.74137105774778 -0.238351885907845 5.191465544686747
2.603088710424356 -14.26453131261611 6.592033714183235
10.34398275125048 -16.35915929579507 19.72784552774442
11.05240963608061 -6.177062641715643 -8.751637566839825
4.705482215421143 -6.624838317780751 14.34806508766074
2.368859018965413 -15.83487846595711 -9.000982053419021
18.72742391275146 5.259627437204115 -6.128041388728624
15.52609801427312 6.628496692148954 -4.682445766992426
-1.991207484754587 -11.43795129172747 16.34195421833278
-6.176159240901166 13.99603264200145 13.17434675524198
-2.899268903435195 -11.40492361608383 13.30459713338301
4.131688011648357 -14.30282461740255 11.41602471003864
9.669389790788811 10.80799546413972 9.870703392671585
0.6836730025975862 -19.23554322315088 17.59234832038339
7.267973980379851 -7.827806043082179 11.67488310050694
7.804215434398259 0.05059872691739494 -3.336194244228386
-9.187088174366886 11.95799497792818 13.12147510681581
-9.467673568737169 -9.390068420071346 -4.519458355676115
2.684918210790095 -19.62939596708037 14.11127474094467
4.850714946518468 2.916166952444574 1.575780473095697
3.600248522843271 5.770534104035002 1.951595845602485
9.419010503853228 15.30364572198937 9.579597050866022
-6.183421324655632 -2.294523521773972 -0.8058778691589404
-8.565847766297667 -4.42243607540523 -5.447113838920415
4.007047209503876 18.03077844150891 8.747351561362759
14.99374646622128 -8.265946378197155 -11.54633990975703
-3.109276162007685 -5.008405567263559 -7.670264197556581
5.10305524657328 -17.4458945830825 18.82557398962237
-5.784705544977488 -8.316187026547992 -6.28451248196306
-2.102260861181026 -0.8389895236589698 -4.53930300375828
7.363415697095793 -0.02027424157469579 -6.912842708390388
-7.236907214059686 -11.00298689744491 -1.846821517943306
-0.5763856902244699 -3.039242348765134 -6.842318015864166
2.678950399836891 8.262673871230865 1.176212786699335
1.011424246620933 -20.95154330870187 19.67275233925006
0.7074359948844094 -16.86958531505684 11.58863427621142
9.904397283824038 11.21556982804373 6.288449282091846
-15.73068211871255 -12.1984447376499 -4.416624145288528
0.840300284319939 13.1587275497389 10.12081065207892
2.277328146744063 -6.421582319476964 -6.610296515347444
-15.3759984984551 -7.992490420075053 -1.679619309599483
16.33221973629757 12.48537992465848 0.5170767447402304
-19.77900540135388 -5.069114513084489 -1.785427940932313
-5.640380030922817 -18.421481441725 -8.42046675032209
14.05933683876068 -4.030866685790794 -8.500594300751169
-19.99398028329929 0.5531529053438085 2.843482694559333
-2.765913340615012 12.17996553907325 6.163510636053666
0.3378409286361639 -16.77593094956887 22.81405314352362
13.60601728526477 15.49434813743282 3.532792006193098
10.82260438534661 7.852709063665359 -1.684969770697364
17.53986198416016 -2.065857532723255 -7.732732844377725
12.17041543144948 -10.79385177430586 -12.14828909006611
1.091086698056664 -14.4186137591158 15.67522161107368
3.642262797524661 -7.836946133576495 0.4234151621176038
6.44488814813492 -5.839952139653586 0.2704940262664958
-3.318950559244175 7.822370666426782 2.794780213091858
17.03580368461653 4.075002038088342 2.453416081697586
-2.901498448704844 -10.00348926936318 -2.577042211295505
-5.743081766484599 -16.28083891116253 -10.56583999876149
-3.937368388230729 -2.339618999954927 8.815896019956105
3.566224606339239 -16.71238386313786 21.4313711285175
2.771423257696169 7.564531450187818 9.749947571627185
6.577599706418505 -2.331335288231642 -4.195098696646624
-11.33735420754177 -13.89553763429089 -2.894113743588246
1.020641861791614 -7.685380040179259 2.797095261883723
-15.75692919454086 11.95596227045853 9.361337083539626
-1.021286321857314 -19.47782860181689 -9.799028239159066
-19.43168384622752 -8.702291958472612 5.226974146244681
-3.319482342645693 18.82359504555257 10.68810241328182
11.35447969927233 16.88601882620466 5.046383021963634
8.319616856960387 -17.25418314319303 -11.02232455486867
20.8290640082814 5.597972435026717 3.409706312633626
-18.12690149564681 -11.85531503057776 2.117204328962548
7.086893580990376 18.4461590241243 7.732173310571052
-12.35196946459257 -17.79464937150428 -4.545257097221528
-8.22443069773888 17.15346188637046 11.08224037352252
18.79530171232781 8.972224683844933 6.580520037542639
-11.07456216866381 14.8529253183691 10.58815029736588
10.49441642230494 -9.408713050319125 -17.10298900809007
14.67948263270539 -13.00427005203895 -9.669938825848138
21.57599207962753 2.168288008673129 0.3093478505634322
9.107880989145459 14.04311325129333 14.51255122882669
-13.50418708433615 6.604688364123345 15.8307266882304
-19.38515326603401 7.981973838468781 7.062955894376794
-21.6173550557638 2.115010597433769 3.04157435801888
4.39939759339982 -23.62765956768021 17.22665640781974
-19.48683324785885 -3.824439704189448 9.048198380682482
13.4639014975608 -6.72131296987352 -16.07261014594554
-20.42054207263723 -6.124793785656707 -3.919579139421865
-18.14362630292431 -9.417948475398653 -7.492952039895852
14.49482782864164 -14.87720253203427 21.17460947376682
19.78647448652215 5.083748136818332 -8.234136327717435
15.8262977296027 15.06556905632822 1.039665168312197
17.97068666307858 11.9788474000164 -0.905253189582118
18.35686638613157 0.03000869910069837 -11.58809390387981
8.641900564674623 -23.11876799388696 16.17400499680823
12.33186101651545 -12.14179936950151 23.6551286581043
19.56850911910633 7.278537115974368 -6.028430254900808
-10.37659021633618 -13.65719714791509 -13.70762527974502
15.99364369359673 -3.764174120453907 -13.46487937221918
-15.34407645855956 -11.69990521353799 -10.4279731782629
12.4921108001188 13.0656307130056 12.25779893632614
-0.3310951133849181 -16.46456225966952 24.47373349612124
-21.6607217703568 -2.878823600992394 -0.9072167731083902
-8.601130177653751 -14.08605290345549 -14.63172222185829
16.39491600470028 11.13443689155268 9.694485769514223
-6.155739355436759 18.17476794303433 10.98766677479006
-19.07347807261004 -10.1155648882175 3.837652998078501
21.89768956901092 0.2513442112529314 -1.383097442137478
14.71013654743492 12.32430605859665 10.75675029865362
-3.27483177591913 -19.68134105645894 -9.096549902226593
8.722093705925769 -10.45363349002032 -17.27378629838254
-3.437913541578635 12.7942371642922 17.29791794320522
-16.37310791984762 3.286826251580063 14.04885071318023
20.21972819149509 7.259089187932157 5.068381490310124
11.07215559663322 -21.83992421610922 16.37605298967254
-6.60192626865766 -14.21870266763754 -15.1052614347571
15.98810601240858 -11.73631188290435 -9.030152239481881
-13.65574947914087 -16.88382002977851 -3.353117200018613
0.8812243123463936 -19.2407234118686 -10.25618916133394
19.23845887939907 -7.232024332965684 -6.82684675177114
0.424053917729715 18.97665411466926 10.2005254175912
6.995656611692628 14.11805759924904 14.89500499526049
-12.00450941338439 8.021535896694044 16.42698081768307
9.687341313632388 -11.19868276331663 25.40148974678663
-20.21354849441296 6.038456982908408 5.850715581807462
14.92820091227243 -5.376502171188161 -15.26169749686078
17.20360424086413 13.90292775143115 -0.3529557909472277
-16.98845225806002 -10.81619995814677 -9.134751682885472
14.45618492132323 -17.2848052314819 18.89359615797176
-8.083487146072667 10.87638227431075 17.49670068109018
6.418848345225741 -23.79477198896483 16.44605619828062
-14.8191918369686 5.065946714565831 14.72984233910747
17.17386094882866 10.14910160762072 7.774481678567588
-19.23757741993199 -7.850954183280711 -5.552443014670423
-18.51366100973251 -1.127857622372735 10.01597620294677
10.68683140362831 13.73997815805757 13.56768471613999
-21.38674176404886 -4.629958870936711 -2.63871940224407
3.318310959854868 -12.83948148086387 25.86608719700802
18.52572644219515 10.40010908572443 -2.612579193025124
19.2030792113875 2.669492975924005 -9.972483935017344
-12.7216819499211 -12.7075215618924 -11.96763319473732
6.43558086039802 -17.87197965873881 -10.89387888051253
-0.5209370280902377 -18.11534188826451 23.52982171995759
-17.37877323050839 -12.80405631521263 0.4472605339603034
-21.86308153938939 0.3912494042229255 1.79506088161863
-9.782815071167093 16.38359465420922 10.63761873534497
21.56179279028119 3.815956291478825 1.838701379730287
-13.74225568559436 13.42231610427815 9.851872730491472
-17.67200899426169 9.931141384937604 8.143022590267787
13.84080998210792 -13.04606805796641 22.83692914237908
2.498014970717311 -23.01276024515346 18.37782070708167
-10.71224000645238 -18.11189907345212 -5.382273551938972
-22.03153974485285 -1.004983350137246 0.4321857366607216
11.64318314485877 -8.177939006241765 -16.17742032649091
17.47766231164585 -1.480254682448936 -12.94680651896251
-20.7534342042376 3.898277316286645 4.424085320576357
9.758099395298634 -16.25428263813524 -10.59462593238087
$EndNodes
$Elements
16 9255 1 9255
0 1 15 1
1 1 
0 2 15 1
2 2 
0 3 15 1
3 3 
0 4 15 1
4 4 
1 1 1 54
5 1 5 
6 5 6 
7 6 7 
8 7 8 
9 8 9 
10 9 10 
11 10 11 
12 11 12 
13 12 13 
14 13 14 
15 14 15 
16 15 16 
17 16 17 
18 17 18 
19 18 19 
20 19 20 
21 20 21 
22 21 22 
23 22 23 
24 23 24 
25 24 25 
26 25 26 
27 26 27 
28 27 28 
29 28 29 
30 29 30 
31 30 31 
32 31 32 
33 32 33 
34 33 34 
35 34 35 
36 35 36 
37 36 37 
38 37 38 
39 38 39 
40 39 40 
41 40 41 
42 41 42 
43 42 43 
44 43 44 
45 44 45 
46 45 46 
47 46 47 
48 47 48 
49 48 49 
50 49 50 
51 50 51 
52 51 52 
53 52 53 
54 53 54 
55 54 55 
56 55 56 
57 56 57 
58 57 1 
1 2 1 5
59 2 58 
60 58 59 
61 59 60 
62 60 61 
63 61 1 
1 3 1 54
64 2 62 
65 62 63 
66 63 64 
67 64 65 
68 65 66 
69 66 67 
70 67 68 
71 68 69 
72 69 70 
73 70 71 
74 71 72 
75 72 73 
76 73 74 
77 74 75 
78 75 76 
79 76 77 
80 77 78 
81 78 79 
82 79 80 
83 80 81 
84 81 82 
85 82 83 
86 83 84 
87 84 85 
88 85 86 
89 86 87 
90 87 88 
91 88 89 
92 89 90 
93 90 91 
94 91 92 
95 92 93 
96 93 94 
97 94 95 
98 95 96 
99 96 97 
100 97 98 
101 98 99 
102 99 100 
103 100 101 
104 101 102 
105 102 103 
106 103 104 
107 104 105 
108 105 106 
109 106 107 
110 107 108 
111 108 109 
112 109 110 
113 110 111 
114 111 112 
115 112 113 
116 113 114 
117 114 2 
1 4 1 22
118 3 115 
119 115 116 
120 116 117 
121 117 118 
122 118 119 
123 119 120 
124 120 121 
125 121 122 
126 122 123 
127 123 124 
128 124 125 
129 125 126 
130 126 127 
131 127 128 
132 128 129 
133 129 130 
134 130 131 
135 131 132 
136 132 133 
137 133 134 
138 134 135 
139 135 3 
1 5 1 10
140 3 136 
141 136 137 
142 137 138 
143 138 139 
144 139 140 
145 140 141 
146 141 142 
147 142 143 
148 143 144 
149 144 4 
1 6 1 22
150 4 145 
151 145 146 
152 146 147 
153 147 148 
154 148 149 
155 149 150 
156 150 151 
157 151 152 
158 152 153 
159 153 154 
160 154 155 
161 155 156 
162 156 157 
163 157 158 
164 158 159 
165 159 160 
166 160 161 
167 161 162 
168 162 163 
169 163 164 
170 164 165 
171 165 4 
2 1 2 566
172 1 389 5 
173 57 387 1 
174 1 387 61 
175 61 389 1 
176 2 388 58 
177 58 390 2 
178 62 388 2 
179 2 390 114 
180 5 230 6 
181 5 389 230 
182 6 206 7 
183 6 230 206 
184 7 329 8 
185 206 329 7 
186 8 365 9 
187 329 365 8 
188 9 176 10 
189 9 365 176 
190 10 372 11 
191 176 372 10 
192 11 178 12 
193 11 372 178 
194 12 369 13 
195 178 369 12 
196 13 179 14 
197 13 369 179 
198 14 367 15 
199 179 367 14 
200 15 211 16 
201 15 367 211 
202 16 335 17 
203 211 335 16 
204 17 183 18 
205 17 335 183 
206 18 338 19 
207 183 338 18 
208 19 358 20 
209 338 358 19 
210 20 192 21 
211 20 358 192 
212 21 363 22 
213 192 363 21 
214 22 205 23 
215 22 363 205 
216 23 278 24 
217 205 278 23 
218 24 279 25 
219 278 279 24 
220 25 190 26 
221 25 279 190 
222 26 271 27 
223 190 271 26 
224 27 187 28 
225 27 271 187 
226 28 266 29 
227 187 266 28 
228 29 210 30 
229 29 266 210 
230 30 258 31 
231 210 258 30 
232 31 171 32 
233 31 258 171 
234 32 254 33 
235 171 254 32 
236 33 209 34 
237 33 254 209 
238 34 252 35 
239 209 252 34 
240 35 175 36 
241 35 252 175 
242 36 246 37 
243 175 246 36 
244 37 177 38 
245 37 246 177 
246 38 244 39 
247 177 244 38 
248 39 172 40 
249 39 244 172 
250 40 231 41 
251 172 231 40 
252 41 197 42 
253 41 231 197 
254 42 235 43 
255 197 235 42 
256 43 200 44 
257 43 235 200 
258 44 239 45 
259 200 239 44 
260 45 193 46 
261 45 239 193 
262 46 243 47 
263 193 243 46 
264 47 202 48 
265 47 243 202 
266 48 265 49 
267 202 265 48 
268 49 184 50 
269 49 265 184 
270 50 283 51 
271 184 283 50 
272 51 204 52 
273 51 283 204 
274 52 321 53 
275 204 321 52 
276 53 322 54 
277 321 322 53 
278 54 168 55 
279 54 322 168 
280 55 221 56 
281 168 221 55 
282 56 214 57 
283 56 221 214 
284 214 387 57 
285 58 323 59 
286 59 326 58 
287 58 388 323 
288 326 390 58 
289 60 166 59 
290 59 167 60 
291 166 326 59 
292 59 323 167 
293 60 324 61 
294 61 325 60 
295 60 325 166 
296 167 324 60 
297 324 389 61 
298 61 387 325 
299 63 213 62 
300 213 388 62 
301 64 215 63 
302 63 215 213 
303 65 174 64 
304 174 215 64 
305 66 288 65 
306 65 288 174 
307 67 289 66 
308 66 289 288 
309 68 198 67 
310 198 289 67 
311 69 293 68 
312 68 293 198 
313 70 199 69 
314 199 293 69 
315 71 297 70 
316 70 297 199 
317 72 314 71 
318 71 314 297 
319 73 180 72 
320 180 314 72 
321 74 310 73 
322 73 310 180 
323 75 212 74 
324 212 310 74 
325 76 302 75 
326 75 302 212 
327 77 186 76 
328 186 302 76 
329 78 307 77 
330 77 307 186 
331 79 189 78 
332 189 307 78 
333 80 319 79 
334 79 319 189 
335 81 188 80 
336 188 319 80 
337 82 380 81 
338 81 380 188 
339 83 376 82 
340 82 376 356 
341 356 380 82 
342 84 201 83 
343 201 376 83 
344 85 352 84 
345 84 352 201 
346 86 341 85 
347 341 352 85 
348 87 182 86 
349 182 341 86 
350 88 357 87 
351 87 357 182 
352 89 208 88 
353 208 357 88 
354 90 361 89 
355 89 361 208 
356 91 173 90 
357 173 361 90 
358 92 379 91 
359 91 379 173 
360 93 378 92 
361 92 378 350 
362 350 379 92 
363 94 194 93 
364 194 378 93 
365 95 339 94 
366 94 339 194 
367 96 195 95 
368 195 339 95 
369 97 340 96 
370 96 340 195 
371 98 196 97 
372 196 340 97 
373 99 359 98 
374 98 359 196 
375 100 170 99 
376 170 359 99 
377 101 347 100 
378 100 347 170 
379 102 169 101 
380 169 347 101 
381 103 346 102 
382 102 346 169 
383 104 181 103 
384 181 346 103 
385 105 351 104 
386 104 351 181 
387 106 191 105 
388 191 351 105 
389 107 349 106 
390 106 349 191 
391 108 203 107 
392 203 349 107 
393 109 299 108 
394 108 299 203 
395 110 185 109 
396 185 299 109 
397 111 366 110 
398 110 366 185 
399 112 330 111 
400 330 366 111 
401 113 207 112 
402 207 330 112 
403 114 229 113 
404 113 229 207 
405 114 390 229 
406 325 382 166 
407 166 384 326 
408 382 384 166 
409 323 381 167 
410 167 383 324 
411 381 383 167 
412 168 222 221 
413 168 223 222 
414 168 322 223 
415 169 343 238 
416 238 347 169 
417 242 343 169 
418 169 346 242 
419 170 342 234 
420 234 359 170 
421 238 342 170 
422 170 347 238 
423 171 255 254 
424 171 256 255 
425 171 258 256 
426 172 260 231 
427 244 245 172 
428 245 260 172 
429 250 353 173 
430 173 379 250 
431 173 353 257 
432 257 361 173 
433 174 216 215 
434 174 217 216 
435 174 288 217 
436 175 247 246 
437 175 248 247 
438 175 252 248 
439 176 365 219 
440 219 371 176 
441 176 371 292 
442 292 372 176 
443 177 286 244 
444 246 259 177 
445 259 286 177 
446 292 370 178 
447 178 372 292 
448 296 369 178 
449 178 370 296 
450 296 368 179 
451 179 369 296 
452 315 367 179 
453 179 368 315 
454 310 311 180 
455 311 313 180 
456 313 314 180 
457 181 345 242 
458 242 346 181 
459 264 345 181 
460 181 351 264 
461 182 333 270 
462 270 341 182 
463 285 333 182 
464 182 357 285 
465 183 334 306 
466 306 338 183 
467 312 334 183 
468 183 335 312 
469 265 280 184 
470 280 281 184 
471 281 283 184 
472 185 300 299 
473 185 373 300 
474 366 373 185 
475 186 303 302 
476 186 304 303 
477 186 307 304 
478 187 267 266 
479 187 268 267 
480 187 271 268 
481 188 320 319 
482 188 386 320 
483 380 386 188 
484 189 316 307 
485 189 317 316 
486 189 319 317 
487 190 273 271 
488 190 274 273 
489 190 279 274 
490 191 348 264 
491 264 351 191 
492 282 348 191 
493 191 349 282 
494 192 358 305 
495 305 364 192 
496 318 363 192 
497 192 364 318 
498 239 240 193 
499 240 241 193 
500 241 243 193 
501 194 344 249 
502 249 378 194 
503 194 339 287 
504 287 344 194 
505 261 336 195 
506 195 340 261 
507 195 336 287 
508 287 339 195 
509 234 337 196 
510 196 359 234 
511 196 337 261 
512 261 340 196 
513 231 232 197 
514 232 233 197 
515 233 235 197 
516 198 290 289 
517 198 291 290 
518 198 293 291 
519 199 294 293 
520 199 295 294 
521 199 297 295 
522 235 236 200 
523 236 237 200 
524 237 239 200 
525 201 352 269 
526 269 354 201 
527 201 354 275 
528 275 376 201 
529 243 262 202 
530 262 263 202 
531 263 265 202 
532 282 349 203 
533 203 385 282 
534 299 301 203 
535 301 385 203 
536 283 332 204 
537 204 331 321 
538 204 332 331 
539 205 362 278 
540 205 363 318 
541 318 377 205 
542 205 377 362 
543 218 329 206 
544 206 375 218 
545 230 327 206 
546 327 375 206 
547 224 330 207 
548 207 374 224 
549 229 328 207 
550 328 374 207 
551 257 360 208 
552 208 361 257 
553 285 357 208 
554 208 360 285 
555 251 252 209 
556 209 253 251 
557 209 254 253 
558 210 284 258 
559 266 272 210 
560 272 284 210 
561 312 335 211 
562 211 355 312 
563 315 355 211 
564 211 367 315 
565 302 308 212 
566 308 309 212 
567 309 310 212 
568 215 228 213 
569 228 381 213 
570 213 381 323 
571 323 388 213 
572 221 227 214 
573 227 382 214 
574 214 382 325 
575 325 387 214 
576 216 228 215 
577 217 218 216 
578 218 375 216 
579 216 375 228 
580 217 219 218 
581 217 220 219 
582 217 288 220 
583 219 329 218 
584 220 371 219 
585 219 365 329 
586 288 289 220 
587 289 290 220 
588 290 371 220 
589 222 227 221 
590 223 224 222 
591 224 374 222 
592 222 374 227 
593 223 225 224 
594 223 226 225 
595 223 322 226 
596 225 330 224 
597 226 373 225 
598 225 366 330 
599 225 373 366 
600 226 331 300 
601 300 373 226 
602 226 322 321 
603 321 331 226 
604 227 374 328 
605 328 384 227 
606 227 384 382 
607 228 375 327 
608 327 383 228 
609 228 383 381 
610 326 384 229 
611 229 390 326 
612 229 384 328 
613 324 383 230 
614 230 389 324 
615 230 383 327 
616 231 260 232 
617 232 234 233 
618 232 337 234 
619 260 337 232 
620 234 342 233 
621 233 236 235 
622 233 342 236 
623 236 238 237 
624 236 342 238 
625 238 343 237 
626 237 240 239 
627 237 343 240 
628 240 242 241 
629 240 343 242 
630 242 345 241 
631 241 262 243 
632 241 345 262 
633 244 286 245 
634 245 261 260 
635 245 336 261 
636 286 336 245 
637 247 259 246 
638 248 249 247 
639 249 344 247 
640 247 344 259 
641 248 250 249 
642 248 251 250 
643 248 252 251 
644 250 350 249 
645 350 378 249 
646 251 353 250 
647 250 379 350 
648 253 353 251 
649 254 255 253 
650 255 257 253 
651 257 353 253 
652 256 360 255 
653 255 360 257 
654 258 284 256 
655 284 285 256 
656 285 360 256 
657 259 287 286 
658 259 344 287 
659 261 337 260 
660 262 264 263 
661 262 345 264 
662 264 348 263 
663 263 280 265 
664 263 348 280 
665 267 272 266 
666 268 269 267 
667 269 270 267 
668 270 272 267 
669 268 354 269 
670 271 273 268 
671 273 354 268 
672 269 352 270 
673 270 333 272 
674 270 352 341 
675 272 333 284 
676 274 275 273 
677 275 354 273 
678 274 276 275 
679 274 277 276 
680 274 279 277 
681 276 356 275 
682 356 376 275 
683 277 386 276 
684 276 380 356 
685 276 386 380 
686 277 279 278 
687 278 362 277 
688 362 386 277 
689 280 282 281 
690 280 348 282 
691 282 385 281 
692 281 332 283 
693 281 385 332 
694 284 333 285 
695 287 336 286 
696 291 292 290 
697 292 371 290 
698 291 370 292 
699 293 294 291 
700 294 370 291 
701 295 296 294 
702 296 370 294 
703 295 368 296 
704 297 298 295 
705 298 368 295 
706 297 314 298 
707 298 314 313 
708 313 315 298 
709 315 368 298 
710 300 301 299 
711 300 331 301 
712 331 332 301 
713 332 385 301 
714 303 308 302 
715 304 305 303 
716 305 306 303 
717 306 308 303 
718 304 364 305 
719 307 316 304 
720 316 364 304 
721 305 338 306 
722 305 358 338 
723 306 334 308 
724 308 334 309 
725 309 311 310 
726 309 312 311 
727 309 334 312 
728 312 355 311 
729 311 355 313 
730 313 355 315 
731 317 318 316 
732 318 364 316 
733 317 377 318 
734 319 320 317 
735 320 377 317 
736 362 377 320 
737 320 386 362 
2 2 2 488
738 5 545 1 
739 1 401 57 
740 1 545 401 
741 3 423 115 
742 135 462 3 
743 3 563 423 
744 462 563 3 
745 6 550 5 
746 5 550 545 
747 7 411 6 
748 411 550 6 
749 8 573 7 
750 7 573 411 
751 9 422 8 
752 422 573 8 
753 10 533 9 
754 9 533 422 
755 11 405 10 
756 405 533 10 
757 12 543 11 
758 11 543 405 
759 13 544 12 
760 12 544 543 
761 14 419 13 
762 419 544 13 
763 15 530 14 
764 14 530 419 
765 16 410 15 
766 410 530 15 
767 17 535 16 
768 16 535 410 
769 18 420 17 
770 420 535 17 
771 19 536 18 
772 18 536 420 
773 20 409 19 
774 409 536 19 
775 21 531 20 
776 20 531 409 
777 22 421 21 
778 421 531 21 
779 23 576 22 
780 22 576 421 
781 24 515 23 
782 515 576 23 
783 25 404 24 
784 404 515 24 
785 26 538 25 
786 25 538 404 
787 27 537 26 
788 537 538 26 
789 28 414 27 
790 414 537 27 
791 29 581 28 
792 28 581 414 
793 30 517 29 
794 517 581 29 
795 31 402 30 
796 402 517 30 
797 32 546 31 
798 31 546 402 
799 33 551 32 
800 32 551 546 
801 34 412 33 
802 412 551 33 
803 35 572 34 
804 34 572 412 
805 36 415 35 
806 415 572 35 
807 37 532 36 
808 36 532 415 
809 38 406 37 
810 406 532 37 
811 39 541 38 
812 38 541 406 
813 40 542 39 
814 39 542 541 
815 41 417 40 
816 417 542 40 
817 42 564 41 
818 41 564 417 
819 43 408 42 
820 408 564 42 
821 44 553 43 
822 43 553 408 
823 45 416 44 
824 416 553 44 
825 46 534 45 
826 45 534 416 
827 47 407 46 
828 407 534 46 
829 48 565 47 
830 47 565 407 
831 49 418 48 
832 418 565 48 
833 50 540 49 
834 49 540 418 
835 51 539 50 
836 539 540 50 
837 52 403 51 
838 403 539 51 
839 53 571 52 
840 52 571 403 
841 54 520 53 
842 520 571 53 
843 55 413 54 
844 413 520 54 
845 56 547 55 
846 55 547 413 
847 57 569 56 
848 56 569 547 
849 401 569 57 
850 115 399 116 
851 115 423 399 
852 116 476 117 
853 399 476 116 
854 117 396 118 
855 117 585 396 
856 476 585 117 
857 118 454 119 
858 396 454 118 
859 119 392 120 
860 119 583 392 
861 454 583 119 
862 120 460 121 
863 392 460 120 
864 121 395 122 
865 121 562 395 
866 460 562 121 
867 122 433 123 
868 395 433 122 
869 123 400 124 
870 123 433 400 
871 124 479 125 
872 400 479 124 
873 125 428 126 
874 125 479 428 
875 126 398 127 
876 126 428 398 
877 127 475 128 
878 398 475 127 
879 128 393 129 
880 128 584 393 
881 475 584 128 
882 129 448 130 
883 393 448 129 
884 130 391 131 
885 130 556 391 
886 448 556 130 
887 131 497 132 
888 391 497 131 
889 132 394 133 
890 132 497 394 
891 133 441 134 
892 394 441 133 
893 134 397 135 
894 134 582 397 
895 441 582 134 
896 397 462 135 
897 391 555 497 
898 514 555 391 
899 391 556 514 
900 392 461 460 
901 392 500 461 
902 392 583 500 
903 393 449 448 
904 393 450 449 
905 393 584 450 
906 394 442 441 
907 394 443 442 
908 394 497 443 
909 395 436 433 
910 395 437 436 
911 395 562 437 
912 396 455 454 
913 396 456 455 
914 396 585 456 
915 397 463 462 
916 397 499 463 
917 397 582 499 
918 428 429 398 
919 429 430 398 
920 430 475 398 
921 423 424 399 
922 424 425 399 
923 425 476 399 
924 433 434 400 
925 434 435 400 
926 435 586 400 
927 400 586 479 
928 491 493 401 
929 401 570 491 
930 493 569 401 
931 545 570 401 
932 402 596 517 
933 546 567 402 
934 567 596 402 
935 403 559 539 
936 549 559 403 
937 403 571 549 
938 498 515 404 
939 404 554 498 
940 538 554 404 
941 405 594 533 
942 543 561 405 
943 561 594 405 
944 406 593 532 
945 541 560 406 
946 560 593 406 
947 407 565 505 
948 505 595 407 
949 407 595 534 
950 510 511 408 
951 408 512 510 
952 511 564 408 
953 408 553 512 
954 409 531 480 
955 480 580 409 
956 409 580 536 
957 410 566 530 
958 535 566 410 
959 411 528 483 
960 483 550 411 
961 411 529 528 
962 411 573 529 
963 412 526 484 
964 484 551 412 
965 412 527 526 
966 412 572 527 
967 496 519 413 
968 413 547 496 
969 519 520 413 
970 516 548 414 
971 414 581 516 
972 414 548 537 
973 415 557 527 
974 527 572 415 
975 532 557 415 
976 512 553 416 
977 416 592 512 
978 534 592 416 
979 511 521 417 
980 417 564 511 
981 521 542 417 
982 418 522 505 
983 505 565 418 
984 418 540 522 
985 525 544 419 
986 419 574 525 
987 530 574 419 
988 502 513 420 
989 420 536 502 
990 513 535 420 
991 421 576 485 
992 485 588 421 
993 421 588 531 
994 422 558 529 
995 529 573 422 
996 533 558 422 
997 423 426 424 
998 423 563 426 
999 424 495 425 
1000 426 427 424 
1001 427 495 424 
1002 425 488 476 
1003 425 489 488 
1004 425 495 489 
1005 426 469 427 
1006 426 474 469 
1007 426 563 474 
1008 469 483 427 
1009 483 528 427 
1010 427 528 495 
1011 428 431 429 
1012 428 587 431 
1013 479 587 428 
1014 429 494 430 
1015 431 432 429 
1016 432 494 429 
1017 430 486 475 
1018 430 487 486 
1019 430 494 487 
1020 431 470 432 
1021 431 552 470 
1022 431 587 552 
1023 470 484 432 
1024 484 526 432 
1025 432 526 494 
1026 433 589 434 
1027 436 589 433 
1028 434 439 435 
1029 434 465 439 
1030 434 589 465 
1031 439 440 435 
1032 440 464 435 
1033 464 586 435 
1034 437 438 436 
1035 438 579 436 
1036 579 589 436 
1037 437 471 438 
1038 437 473 471 
1039 437 562 473 
1040 471 485 438 
1041 485 498 438 
1042 498 579 438 
1043 439 548 440 
1044 465 466 439 
1045 466 548 439 
1046 440 472 464 
1047 440 516 472 
1048 440 548 516 
1049 442 444 441 
1050 444 582 441 
1051 443 445 442 
1052 442 506 444 
1053 445 506 442 
1054 443 446 445 
1055 443 447 446 
1056 443 497 447 
1057 444 578 499 
1058 499 582 444 
1059 506 507 444 
1060 507 578 444 
1061 446 522 445 
1062 445 508 506 
1063 445 522 508 
1064 447 477 446 
1065 477 505 446 
1066 505 522 446 
1067 447 478 477 
1068 447 555 478 
1069 497 555 447 
1070 449 451 448 
1071 451 556 448 
1072 450 452 449 
1073 449 509 451 
1074 452 509 449 
1075 450 453 452 
1076 450 486 453 
1077 450 584 486 
1078 509 510 451 
1079 510 568 451 
1080 451 568 556 
1081 453 467 452 
1082 467 521 452 
1083 452 521 509 
1084 453 560 467 
1085 486 523 453 
1086 523 560 453 
1087 455 457 454 
1088 457 583 454 
1089 456 458 455 
1090 455 577 457 
1091 458 577 455 
1092 456 459 458 
1093 456 488 459 
1094 456 585 488 
1095 457 503 500 
1096 500 583 457 
1097 457 504 503 
1098 457 577 504 
1099 459 468 458 
1100 468 525 458 
1101 525 577 458 
1102 459 561 468 
1103 488 524 459 
1104 524 561 459 
1105 461 590 460 
1106 460 590 562 
1107 461 501 490 
1108 490 590 461 
1109 500 501 461 
1110 463 591 462 
1111 462 591 563 
1112 463 518 492 
1113 492 591 463 
1114 499 518 463 
1115 472 575 464 
1116 464 575 552 
1117 552 587 464 
1118 464 587 586 
1119 465 554 466 
1120 465 579 554 
1121 465 589 579 
1122 466 538 537 
1123 537 548 466 
1124 466 554 538 
1125 467 542 521 
1126 541 542 467 
1127 467 560 541 
1128 468 544 525 
1129 543 544 468 
1130 468 561 543 
1131 474 491 469 
1132 469 570 483 
1133 491 570 469 
1134 470 567 484 
1135 552 575 470 
1136 470 575 567 
1137 473 480 471 
1138 480 588 471 
1139 471 588 485 
1140 516 517 472 
1141 517 596 472 
1142 472 596 575 
1143 473 490 480 
1144 473 590 490 
1145 562 590 473 
1146 474 492 491 
1147 474 591 492 
1148 563 591 474 
1149 486 584 475 
1150 488 585 476 
1151 478 481 477 
1152 481 595 477 
1153 477 595 505 
1154 478 482 481 
1155 478 514 482 
1156 478 555 514 
1157 586 587 479 
1158 490 580 480 
1159 531 588 480 
1160 482 592 481 
1161 481 592 534 
1162 534 595 481 
1163 482 568 512 
1164 512 592 482 
1165 514 568 482 
1166 545 550 483 
1167 483 570 545 
1168 546 551 484 
1169 484 567 546 
1170 485 515 498 
1171 485 576 515 
1172 487 523 486 
1173 494 527 487 
1174 487 557 523 
1175 527 557 487 
1176 489 524 488 
1177 495 529 489 
1178 489 558 524 
1179 529 558 489 
1180 501 502 490 
1181 502 580 490 
1182 492 493 491 
1183 492 496 493 
1184 492 518 496 
1185 496 547 493 
1186 547 569 493 
1187 526 527 494 
1188 528 529 495 
1189 518 519 496 
1190 554 579 498 
1191 499 578 518 
1192 500 503 501 
1193 501 513 502 
1194 503 513 501 
1195 536 580 502 
1196 504 566 503 
1197 503 566 513 
1198 504 574 566 
1199 504 577 574 
1200 506 559 507 
1201 508 559 506 
1202 507 559 549 
1203 549 578 507 
1204 522 540 508 
1205 508 540 539 
1206 539 559 508 
1207 509 511 510 
1208 509 521 511 
1209 512 568 510 
1210 513 566 535 
1211 556 568 514 
1212 516 581 517 
1213 518 578 519 
1214 519 549 520 
1215 519 578 549 
1216 549 571 520 
1217 557 593 523 
1218 523 593 560 
1219 558 594 524 
1220 524 594 561 
1221 574 577 525 
1222 566 574 530 
1223 532 593 557 
1224 533 594 558 
1225 575 596 567 
2 3 2 560
1226 62 2 800 
1227 2 114 597 
1228 2 597 800 
1229 63 62 827 
1230 62 800 827 
1231 64 63 611 
1232 611 63 827 
1233 65 64 798 
1234 64 611 798 
1235 66 65 834 
1236 65 798 834 
1237 67 66 603 
1238 603 66 834 
1239 68 67 807 
1240 67 603 807 
1241 69 68 617 
1242 617 68 807 
1243 70 69 820 
1244 69 617 820 
1245 71 70 610 
1246 610 70 820 
1247 72 71 841 
1248 71 610 841 
1249 73 72 802 
1250 802 72 841 
1251 74 73 600 
1252 600 73 802 
1253 75 74 811 
1254 74 600 811 
1255 76 75 810 
1256 810 75 811 
1257 77 76 609 
1258 609 76 810 
1259 78 77 844 
1260 77 609 844 
1261 79 78 616 
1262 616 78 844 
1263 80 79 819 
1264 79 616 819 
1265 81 80 602 
1266 602 80 819 
1267 82 81 822 
1268 81 602 822 
1269 83 82 821 
1270 821 82 822 
1271 84 83 612 
1272 612 83 821 
1273 85 84 816 
1274 84 612 816 
1275 86 85 618 
1276 618 85 816 
1277 87 86 818 
1278 86 618 818 
1279 88 87 598 
1280 598 87 818 
1281 89 88 830 
1282 88 598 830 
1283 90 89 614 
1284 614 89 830 
1285 91 90 809 
1286 90 614 809 
1287 92 91 608 
1288 608 91 809 
1289 93 92 847 
1290 92 608 847 
1291 94 93 835 
1292 93 806 835 
1293 806 93 847 
1294 95 94 601 
1295 601 94 835 
1296 96 95 817 
1297 95 601 817 
1298 97 96 613 
1299 613 96 817 
1300 98 97 815 
1301 97 613 815 
1302 99 98 605 
1303 605 98 815 
1304 100 99 832 
1305 99 605 832 
1306 101 100 837 
1307 100 832 837 
1308 102 101 599 
1309 599 101 837 
1310 103 102 813 
1311 102 599 813 
1312 104 103 812 
1313 812 103 813 
1314 105 104 607 
1315 607 104 812 
1316 106 105 814 
1317 105 607 814 
1318 107 106 615 
1319 615 106 814 
1320 108 107 823 
1321 107 615 823 
1322 109 108 604 
1323 604 108 823 
1324 110 109 846 
1325 109 604 846 
1326 111 110 804 
1327 804 110 846 
1328 112 111 606 
1329 606 111 804 
1330 113 112 840 
1331 112 606 840 
1332 114 113 619 
1333 619 113 840 
1334 597 114 619 
1335 597 619 620 
1336 597 620 621 
1337 597 621 800 
1338 753 598 828 
1339 598 753 830 
1340 598 818 828 
1341 734 599 736 
1342 599 734 849 
1343 736 599 837 
1344 813 599 849 
1345 801 600 802 
1346 600 801 811 
1347 601 767 817 
1348 767 601 824 
1349 824 601 835 
1350 602 819 836 
1351 822 602 848 
1352 602 836 848 
1353 771 603 797 
1354 603 771 807 
1355 797 603 834 
1356 799 604 826 
1357 604 799 846 
1358 604 823 826 
1359 605 766 803 
1360 766 605 815 
1361 605 803 832 
1362 606 727 728 
1363 727 606 804 
1364 606 728 733 
1365 606 733 840 
1366 737 607 762 
1367 607 737 814 
1368 762 607 812 
1369 805 608 809 
1370 608 805 847 
1371 732 609 788 
1372 609 732 808 
1373 788 609 810 
1374 609 808 844 
1375 610 820 831 
1376 829 610 831 
1377 610 829 841 
1378 731 611 827 
1379 611 731 845 
1380 798 611 845 
1381 612 789 816 
1382 789 612 833 
1383 612 821 833 
1384 765 613 817 
1385 613 765 850 
1386 815 613 850 
1387 753 614 830 
1388 614 753 842 
1389 809 614 842 
1390 615 729 730 
1391 729 615 814 
1392 615 730 823 
1393 616 808 843 
1394 808 616 844 
1395 819 616 843 
1396 617 807 838 
1397 820 617 838 
1398 618 816 839 
1399 818 618 825 
1400 825 618 839 
1401 620 619 733 
1402 733 619 840 
1403 621 620 622 
1404 622 620 739 
1405 620 733 739 
1406 621 622 623 
1407 621 623 731 
1408 621 731 800 
1409 623 622 624 
1410 624 622 625 
1411 625 622 739 
1412 623 624 740 
1413 731 623 738 
1414 738 623 740 
1415 624 625 626 
1416 624 626 627 
1417 624 627 740 
1418 626 625 742 
1419 625 739 796 
1420 742 625 796 
1421 627 626 628 
1422 628 626 629 
1423 629 626 742 
1424 627 628 741 
1425 740 627 794 
1426 627 741 794 
1427 628 629 630 
1428 628 630 631 
1429 628 631 741 
1430 630 629 743 
1431 629 742 746 
1432 743 629 746 
1433 631 630 632 
1434 632 630 633 
1435 633 630 743 
1436 631 632 748 
1437 741 631 744 
1438 744 631 748 
1439 632 633 634 
1440 632 634 635 
1441 632 635 748 
1442 634 633 747 
1443 633 743 745 
1444 633 745 747 
1445 635 634 636 
1446 636 634 637 
1447 637 634 747 
1448 635 636 758 
1449 748 635 791 
1450 635 758 791 
1451 636 637 638 
1452 636 638 639 
1453 636 639 758 
1454 638 637 640 
1455 640 637 646 
1456 646 637 747 
1457 639 638 641 
1458 638 640 755 
1459 641 638 755 
1460 639 641 642 
1461 639 642 778 
1462 758 639 778 
1463 640 646 647 
1464 640 647 757 
1465 755 640 757 
1466 642 641 643 
1467 643 641 772 
1468 641 755 772 
1469 642 643 644 
1470 642 644 645 
1471 642 645 778 
1472 644 643 653 
1473 653 643 654 
1474 654 643 772 
1475 645 644 655 
1476 644 653 782 
1477 655 644 782 
1478 645 655 656 
1479 645 656 664 
1480 645 664 778 
1481 647 646 648 
1482 648 646 792 
1483 646 747 792 
1484 647 648 649 
1485 647 649 650 
1486 647 650 757 
1487 649 648 651 
1488 651 648 652 
1489 652 648 792 
1490 650 649 657 
1491 649 651 760 
1492 657 649 760 
1493 650 657 658 
1494 650 658 790 
1495 757 650 790 
1496 651 652 659 
1497 651 659 663 
1498 651 663 760 
1499 659 652 660 
1500 660 652 695 
1501 695 652 792 
1502 653 654 661 
1503 653 661 783 
1504 782 653 783 
1505 661 654 662 
1506 662 654 701 
1507 701 654 772 
1508 656 655 669 
1509 669 655 670 
1510 670 655 782 
1511 664 656 665 
1512 665 656 779 
1513 656 669 779 
1514 658 657 675 
1515 675 657 702 
1516 702 657 760 
1517 658 675 676 
1518 658 676 679 
1519 658 679 790 
1520 659 660 785 
1521 663 659 674 
1522 674 659 785 
1523 660 695 696 
1524 660 696 697 
1525 660 697 785 
1526 661 662 681 
1527 661 681 683 
1528 661 683 783 
1529 681 662 682 
1530 682 662 756 
1531 662 701 756 
1532 663 674 685 
1533 663 685 768 
1534 760 663 768 
1535 664 665 666 
1536 664 666 711 
1537 664 711 778 
1538 666 665 667 
1539 667 665 784 
1540 665 779 784 
1541 666 667 668 
1542 666 668 763 
1543 711 666 763 
1544 668 667 671 
1545 671 667 673 
1546 673 667 784 
1547 668 671 672 
1548 668 672 677 
1549 668 677 763 
1550 669 670 686 
1551 669 686 687 
1552 669 687 779 
1553 686 670 688 
1554 688 670 716 
1555 716 670 782 
1556 672 671 684 
1557 671 673 774 
1558 684 671 774 
1559 677 672 678 
1560 678 672 770 
1561 672 684 770 
1562 774 673 776 
1563 776 673 787 
1564 673 784 787 
1565 685 674 706 
1566 706 674 761 
1567 761 674 785 
1568 676 675 703 
1569 675 702 764 
1570 703 675 764 
1571 679 676 680 
1572 680 676 773 
1573 676 703 773 
1574 677 678 689 
1575 677 689 712 
1576 677 712 763 
1577 689 678 690 
1578 690 678 691 
1579 691 678 770 
1580 679 680 713 
1581 679 713 754 
1582 679 754 790 
1583 713 680 714 
1584 714 680 715 
1585 715 680 773 
1586 681 682 752 
1587 683 681 707 
1588 707 681 752 
1589 682 749 751 
1590 749 682 756 
1591 682 751 752 
1592 683 707 723 
1593 683 723 786 
1594 783 683 786 
1595 770 684 777 
1596 684 774 775 
1597 684 775 777 
1598 685 706 734 
1599 685 734 735 
1600 685 735 768 
1601 687 686 719 
1602 686 688 780 
1603 719 686 780 
1604 687 719 720 
1605 687 720 721 
1606 687 721 779 
1607 688 716 717 
1608 688 717 722 
1609 688 722 780 
1610 689 690 795 
1611 712 689 744 
1612 744 689 795 
1613 690 691 692 
1614 690 692 693 
1615 690 693 795 
1616 692 691 725 
1617 725 691 726 
1618 726 691 770 
1619 693 692 694 
1620 694 692 771 
1621 692 725 771 
1622 693 694 708 
1623 693 708 794 
1624 693 794 795 
1625 708 694 724 
1626 724 694 797 
1627 694 771 797 
1628 696 695 793 
1629 745 695 792 
1630 695 745 793 
1631 697 696 698 
1632 698 696 699 
1633 699 696 793 
1634 697 698 704 
1635 697 704 705 
1636 697 705 785 
1637 698 699 700 
1638 698 700 781 
1639 704 698 781 
1640 700 699 709 
1641 709 699 746 
1642 746 699 793 
1643 700 709 710 
1644 700 710 718 
1645 700 718 781 
1646 701 754 756 
1647 754 701 759 
1648 759 701 772 
1649 702 760 768 
1650 764 702 769 
1651 702 768 769 
1652 703 764 765 
1653 703 765 767 
1654 703 767 773 
1655 705 704 729 
1656 729 704 730 
1657 730 704 781 
1658 705 729 737 
1659 705 737 761 
1660 705 761 785 
1661 734 706 849 
1662 706 761 762 
1663 706 762 849 
1664 723 707 825 
1665 707 752 828 
1666 825 707 828 
1667 708 724 738 
1668 708 738 740 
1669 708 740 794 
1670 710 709 796 
1671 742 709 746 
1672 709 742 796 
1673 718 710 727 
1674 727 710 728 
1675 728 710 796 
1676 711 758 778 
1677 758 711 791 
1678 711 763 791 
1679 712 744 748 
1680 712 748 791 
1681 763 712 791 
1682 713 714 749 
1683 713 749 756 
1684 754 713 756 
1685 714 715 805 
1686 749 714 750 
1687 750 714 805 
1688 715 773 824 
1689 805 715 806 
1690 806 715 824 
1691 717 716 786 
1692 716 782 783 
1693 716 783 786 
1694 722 717 833 
1695 717 786 789 
1696 717 789 833 
1697 718 727 799 
1698 781 718 826 
1699 718 799 826 
1700 720 719 843 
1701 719 780 836 
1702 719 836 843 
1703 721 720 732 
1704 732 720 808 
1705 808 720 843 
1706 721 732 787 
1707 779 721 784 
1708 784 721 787 
1709 780 722 848 
1710 722 821 822 
1711 821 722 833 
1712 722 822 848 
1713 786 723 789 
1714 789 723 839 
1715 723 825 839 
1716 738 724 845 
1717 724 797 798 
1718 724 798 845 
1719 725 726 838 
1720 771 725 807 
1721 807 725 838 
1722 726 770 777 
1723 726 777 831 
1724 726 831 838 
1725 799 727 804 
1726 733 728 739 
1727 739 728 796 
1728 737 729 814 
1729 730 781 826 
1730 823 730 826 
1731 731 738 845 
1732 800 731 827 
1733 787 732 788 
1734 735 734 736 
1735 735 736 803 
1736 768 735 769 
1737 769 735 803 
1738 803 736 832 
1739 832 736 837 
1740 761 737 762 
1741 741 744 795 
1742 794 741 795 
1743 745 743 793 
1744 743 746 793 
1745 747 745 792 
1746 749 750 751 
1747 751 750 842 
1748 750 805 809 
1749 750 809 842 
1750 752 751 753 
1751 753 751 842 
1752 752 753 828 
1753 754 759 790 
1754 755 757 759 
1755 755 759 772 
1756 759 757 790 
1757 762 812 813 
1758 762 813 849 
1759 765 764 766 
1760 766 764 769 
1761 765 766 850 
1762 767 765 817 
1763 766 769 803 
1764 766 815 850 
1765 773 767 824 
1766 775 774 801 
1767 774 776 801 
1768 777 775 829 
1769 775 801 802 
1770 775 802 829 
1771 776 787 788 
1772 776 788 811 
1773 801 776 811 
1774 777 829 831 
1775 836 780 848 
1776 788 810 811 
1777 816 789 839 
1778 798 797 834 
1779 799 804 846 
1780 829 802 841 
1781 805 806 847 
1782 806 824 835 
1783 818 825 828 
1784 836 819 843 
1785 831 820 838 
2 4 2 500
1786 115 1067 3 
1787 3 1052 135 
1788 136 1052 3 
1789 3 1067 136 
1790 4 1065 144 
1791 144 1066 4 
1792 4 1066 145 
1793 165 1065 4 
1794 116 982 115 
1795 982 1067 115 
1796 117 865 116 
1797 865 982 116 
1798 118 981 117 
1799 117 981 865 
1800 119 995 118 
1801 118 995 981 
1802 120 860 119 
1803 860 995 119 
1804 121 945 120 
1805 120 945 860 
1806 122 1026 121 
1807 121 1026 945 
1808 123 851 122 
1809 851 1026 122 
1810 124 1017 123 
1811 123 1017 851 
1812 125 867 124 
1813 867 1017 124 
1814 126 1035 125 
1815 125 1035 867 
1816 127 1030 126 
1817 1030 1035 126 
1818 128 855 127 
1819 855 1030 127 
1820 129 984 128 
1821 128 984 855 
1822 130 970 129 
1823 970 984 129 
1824 131 852 130 
1825 852 970 130 
1826 132 968 131 
1827 131 968 852 
1828 133 866 132 
1829 866 968 132 
1830 134 873 133 
1831 133 873 866 
1832 135 872 134 
1833 872 873 134 
1834 135 1052 872 
1835 136 1033 137 
1836 137 1052 136 
1837 136 1067 1033 
1838 137 869 138 
1839 138 1045 137 
1840 137 1033 869 
1841 137 1045 959 
1842 959 1052 137 
1843 139 862 138 
1844 138 979 139 
1845 862 1045 138 
1846 869 979 138 
1847 139 857 140 
1848 140 1042 139 
1849 139 979 857 
1850 139 1042 862 
1851 141 856 140 
1852 140 980 141 
1853 856 1042 140 
1854 857 980 140 
1855 141 863 142 
1856 142 1038 141 
1857 141 1038 856 
1858 141 980 863 
1859 143 870 142 
1860 142 994 143 
1861 863 994 142 
1862 870 1038 142 
1863 143 1034 144 
1864 144 1040 143 
1865 143 1040 870 
1866 994 1034 143 
1867 1034 1066 144 
1868 144 1065 1040 
1869 145 871 146 
1870 145 1066 871 
1871 146 1061 147 
1872 871 1061 146 
1873 147 868 148 
1874 147 1061 868 
1875 148 1068 149 
1876 868 1068 148 
1877 149 853 150 
1878 149 1068 853 
1879 150 1051 151 
1880 853 1051 150 
1881 151 1047 152 
1882 1003 1047 151 
1883 151 1051 1003 
1884 152 859 153 
1885 152 1047 859 
1886 153 1062 154 
1887 859 1062 153 
1888 154 1059 155 
1889 154 1062 1059 
1890 155 854 156 
1891 155 1059 854 
1892 156 1020 157 
1893 854 1020 156 
1894 157 1019 158 
1895 157 1020 1019 
1896 158 858 159 
1897 158 1019 858 
1898 159 1048 160 
1899 858 1048 159 
1900 160 983 161 
1901 160 1048 983 
1902 161 861 162 
1903 161 983 861 
1904 162 972 163 
1905 861 972 162 
1906 163 864 164 
1907 163 972 864 
1908 164 1041 165 
1909 864 1041 164 
1910 1041 1065 165 
1911 851 1016 1015 
1912 1015 1026 851 
1913 851 1017 1016 
1914 852 968 953 
1915 953 969 852 
1916 969 970 852 
1917 853 976 963 
1918 963 977 853 
1919 853 1068 976 
1920 977 1051 853 
1921 1011 1022 854 
1922 854 1059 1011 
1923 854 1022 1020 
1924 984 985 855 
1925 985 986 855 
1926 986 1030 855 
1927 940 949 856 
1928 856 1038 940 
1929 949 950 856 
1930 950 1042 856 
1931 960 980 857 
1932 857 1050 960 
1933 979 1050 857 
1934 938 1048 858 
1935 858 1049 938 
1936 1019 1060 858 
1937 858 1060 1049 
1938 1007 1062 859 
1939 859 1063 1007 
1940 1047 1056 859 
1941 1056 1063 859 
1942 860 944 942 
1943 942 995 860 
1944 860 945 944 
1945 861 973 972 
1946 861 1046 973 
1947 983 1046 861 
1948 950 951 862 
1949 862 1042 950 
1950 951 957 862 
1951 957 1045 862 
1952 980 1053 863 
1953 863 1027 994 
1954 863 1053 1027 
1955 864 1039 941 
1956 941 1041 864 
1957 972 1055 864 
1958 864 1055 1039 
1959 948 982 865 
1960 865 996 948 
1961 981 996 865 
1962 873 874 866 
1963 874 875 866 
1964 875 968 866 
1965 867 1031 1017 
1966 867 1036 1031 
1967 1035 1036 867 
1968 868 1061 966 
1969 966 1064 868 
1970 868 1064 976 
1971 976 1068 868 
1972 947 979 869 
1973 869 1057 947 
1974 1033 1057 869 
1975 939 940 870 
1976 870 941 939 
1977 940 1038 870 
1978 870 1040 941 
1979 871 1043 966 
1980 966 1061 871 
1981 1034 1043 871 
1982 871 1066 1034 
1983 872 958 873 
1984 872 959 958 
1985 872 1052 959 
1986 873 958 874 
1987 874 876 875 
1988 874 933 876 
1989 874 958 933 
1990 876 877 875 
1991 877 953 875 
1992 953 968 875 
1993 876 878 877 
1994 876 952 878 
1995 933 952 876 
1996 878 879 877 
1997 879 997 877 
1998 877 997 953 
1999 878 880 879 
2000 878 912 880 
2001 878 952 912 
2002 880 881 879 
2003 881 882 879 
2004 882 997 879 
2005 880 967 881 
2006 912 913 880 
2007 913 967 880 
2008 881 883 882 
2009 881 884 883 
2010 881 967 884 
2011 883 1023 882 
2012 882 1025 997 
2013 1023 1025 882 
2014 884 885 883 
2015 885 886 883 
2016 886 1023 883 
2017 884 917 885 
2018 884 928 917 
2019 884 967 928 
2020 885 887 886 
2021 885 974 887 
2022 917 974 885 
2023 887 888 886 
2024 888 916 886 
2025 916 1023 886 
2026 887 889 888 
2027 887 978 889 
2028 974 978 887 
2029 889 890 888 
2030 890 1029 888 
2031 888 1029 916 
2032 889 891 890 
2033 889 918 891 
2034 889 978 918 
2035 891 892 890 
2036 892 909 890 
2037 909 1029 890 
2038 891 893 892 
2039 891 1010 893 
2040 918 1010 891 
2041 893 894 892 
2042 894 991 892 
2043 892 991 909 
2044 893 895 894 
2045 893 1008 895 
2046 893 1010 1008 
2047 895 896 894 
2048 896 1032 894 
2049 894 1032 991 
2050 895 897 896 
2051 895 919 897 
2052 895 1008 919 
2053 897 898 896 
2054 898 914 896 
2055 914 1032 896 
2056 897 899 898 
2057 897 1004 899 
2058 919 1004 897 
2059 899 900 898 
2060 900 1012 898 
2061 898 1012 914 
2062 899 901 900 
2063 899 1000 901 
2064 899 1004 1000 
2065 901 902 900 
2066 902 908 900 
2067 908 1012 900 
2068 901 903 902 
2069 901 920 903 
2070 901 1000 920 
2071 903 904 902 
2072 904 998 902 
2073 902 998 908 
2074 903 905 904 
2075 903 993 905 
2076 920 993 903 
2077 905 906 904 
2078 906 999 904 
2079 904 999 998 
2080 905 907 906 
2081 905 922 907 
2082 905 993 922 
2083 907 910 906 
2084 910 911 906 
2085 911 999 906 
2086 907 921 910 
2087 907 961 921 
2088 922 961 907 
2089 998 1018 908 
2090 908 1014 1012 
2091 908 1018 1014 
2092 909 990 988 
2093 988 1029 909 
2094 909 991 990 
2095 910 915 911 
2096 910 954 915 
2097 921 954 910 
2098 915 923 911 
2099 923 924 911 
2100 924 999 911 
2101 912 925 913 
2102 912 927 925 
2103 912 952 927 
2104 925 926 913 
2105 926 1024 913 
2106 913 1024 967 
2107 1012 1013 914 
2108 1013 1037 914 
2109 914 1037 1032 
2110 915 932 923 
2111 915 937 932 
2112 915 954 937 
2113 987 1028 916 
2114 916 1029 987 
2115 916 1028 1023 
2116 928 929 917 
2117 929 935 917 
2118 935 974 917 
2119 978 1054 918 
2120 918 1058 1010 
2121 1054 1058 918 
2122 919 1005 1004 
2123 919 1006 1005 
2124 919 1008 1006 
2125 920 1069 993 
2126 1000 1001 920 
2127 1001 1069 920 
2128 921 955 954 
2129 921 956 955 
2130 921 961 956 
2131 922 962 961 
2132 922 963 962 
2133 922 993 963 
2134 923 931 924 
2135 923 996 931 
2136 932 996 923 
2137 931 942 924 
2138 942 943 924 
2139 943 999 924 
2140 925 930 926 
2141 927 949 925 
2142 925 949 930 
2143 930 936 926 
2144 936 1044 926 
2145 926 1044 1024 
2146 927 950 949 
2147 927 951 950 
2148 927 952 951 
2149 928 934 929 
2150 928 1024 934 
2151 967 1024 928 
2152 934 1046 929 
2153 929 938 935 
2154 929 1046 938 
2155 930 939 936 
2156 930 940 939 
2157 930 949 940 
2158 931 995 942 
2159 981 995 931 
2160 931 996 981 
2161 937 947 932 
2162 947 948 932 
2163 948 996 932 
2164 951 952 933 
2165 933 957 951 
2166 933 958 957 
2167 934 1044 973 
2168 973 1046 934 
2169 1024 1044 934 
2170 938 1049 935 
2171 935 975 974 
2172 935 1049 975 
2173 939 1039 936 
2174 1039 1055 936 
2175 936 1055 1044 
2176 937 1050 947 
2177 954 960 937 
2178 960 1050 937 
2179 938 1046 983 
2180 983 1048 938 
2181 941 1039 939 
2182 1040 1041 941 
2183 942 944 943 
2184 944 1018 943 
2185 998 999 943 
2186 943 1018 998 
2187 945 946 944 
2188 946 1018 944 
2189 945 1026 946 
2190 946 1015 1014 
2191 1014 1018 946 
2192 946 1026 1015 
2193 947 1057 948 
2194 947 1050 979 
2195 948 1057 982 
2196 953 997 969 
2197 955 960 954 
2198 956 1027 955 
2199 955 1053 960 
2200 1027 1053 955 
2201 961 964 956 
2202 964 965 956 
2203 965 1027 956 
2204 958 959 957 
2205 959 1045 957 
2206 960 1053 980 
2207 962 964 961 
2208 963 976 962 
2209 962 1064 964 
2210 976 1064 962 
2211 963 1069 977 
2212 993 1069 963 
2213 964 966 965 
2214 964 1064 966 
2215 966 1043 965 
2216 965 1043 1027 
2217 969 971 970 
2218 969 1025 971 
2219 997 1025 969 
2220 971 984 970 
2221 971 985 984 
2222 971 1028 985 
2223 1025 1028 971 
2224 973 1055 972 
2225 1044 1055 973 
2226 975 978 974 
2227 975 1054 978 
2228 1049 1060 975 
2229 975 1060 1054 
2230 1001 1003 977 
2231 977 1069 1001 
2232 1003 1051 977 
2233 982 1057 1033 
2234 1033 1067 982 
2235 985 987 986 
2236 985 1028 987 
2237 987 988 986 
2238 988 989 986 
2239 989 1030 986 
2240 987 1029 988 
2241 988 990 989 
2242 990 1036 989 
2243 989 1035 1030 
2244 989 1036 1035 
2245 991 992 990 
2246 992 1036 990 
2247 991 1032 992 
2248 1031 1036 992 
2249 992 1037 1031 
2250 1032 1037 992 
2251 1027 1043 994 
2252 994 1043 1034 
2253 1000 1002 1001 
2254 1000 1004 1002 
2255 1002 1056 1001 
2256 1001 1056 1003 
2257 1004 1005 1002 
2258 1005 1063 1002 
2259 1002 1063 1056 
2260 1003 1056 1047 
2261 1006 1007 1005 
2262 1007 1063 1005 
2263 1006 1011 1007 
2264 1008 1009 1006 
2265 1009 1011 1006 
2266 1011 1059 1007 
2267 1059 1062 1007 
2268 1008 1010 1009 
2269 1010 1058 1009 
2270 1009 1022 1011 
2271 1009 1058 1022 
2272 1012 1014 1013 
2273 1014 1015 1013 
2274 1015 1016 1013 
2275 1016 1037 1013 
2276 1017 1031 1016 
2277 1031 1037 1016 
2278 1020 1021 1019 
2279 1021 1060 1019 
2280 1020 1022 1021 
2281 1022 1058 1021 
2282 1021 1058 1054 
2283 1054 1060 1021 
2284 1023 1028 1025 
2285 1040 1065 1041 
2 5 2 104
2286 145 1070 4 
2287 4 1100 165 
2288 1070 1100 4 
2289 146 1078 145 
2290 145 1078 1070 
2291 147 1077 146 
2292 1077 1078 146 
2293 148 1098 147 
2294 147 1098 1077 
2295 149 1107 148 
2296 148 1107 1098 
2297 150 1073 149 
2298 1073 1107 149 
2299 151 1103 150 
2300 150 1103 1073 
2301 152 1104 151 
2302 151 1104 1103 
2303 153 1074 152 
2304 1074 1104 152 
2305 154 1099 153 
2306 153 1099 1074 
2307 155 1101 154 
2308 154 1101 1099 
2309 156 1071 155 
2310 1071 1101 155 
2311 157 1108 156 
2312 156 1108 1071 
2313 158 1097 157 
2314 1097 1108 157 
2315 159 1075 158 
2316 1075 1097 158 
2317 160 1096 159 
2318 159 1096 1075 
2319 161 1110 160 
2320 160 1110 1096 
2321 162 1072 161 
2322 1072 1110 161 
2323 163 1109 162 
2324 162 1109 1072 
2325 164 1095 163 
2326 1095 1109 163 
2327 165 1076 164 
2328 1076 1095 164 
2329 165 1100 1076 
2330 1078 1079 1070 
2331 1079 1090 1070 
2332 1090 1100 1070 
2333 1092 1101 1071 
2334 1071 1106 1092 
2335 1071 1108 1106 
2336 1105 1110 1072 
2337 1072 1111 1105 
2338 1109 1111 1072 
2339 1093 1102 1073 
2340 1073 1103 1093 
2341 1102 1107 1073 
2342 1074 1092 1091 
2343 1091 1093 1074 
2344 1074 1099 1092 
2345 1093 1104 1074 
2346 1075 1094 1087 
2347 1087 1097 1075 
2348 1075 1096 1094 
2349 1076 1090 1089 
2350 1089 1095 1076 
2351 1076 1100 1090 
2352 1077 1079 1078 
2353 1077 1080 1079 
2354 1077 1098 1080 
2355 1080 1081 1079 
2356 1081 1090 1079 
2357 1080 1082 1081 
2358 1080 1102 1082 
2359 1098 1102 1080 
2360 1082 1083 1081 
2361 1083 1084 1081 
2362 1084 1090 1081 
2363 1082 1091 1083 
2364 1082 1093 1091 
2365 1082 1102 1093 
2366 1083 1085 1084 
2367 1083 1086 1085 
2368 1083 1091 1086 
2369 1085 1088 1084 
2370 1088 1089 1084 
2371 1089 1090 1084 
2372 1086 1087 1085 
2373 1087 1094 1085 
2374 1085 1094 1088 
2375 1086 1106 1087 
2376 1091 1092 1086 
2377 1092 1106 1086 
2378 1087 1108 1097 
2379 1106 1108 1087 
2380 1088 1111 1089 
2381 1094 1105 1088 
2382 1105 1111 1088 
2383 1089 1111 1095 
2384 1099 1101 1092 
2385 1103 1104 1093 
2386 1096 1105 1094 
2387 1095 1111 1109 
2388 1096 1110 1105 
2389 1098 1107 1102 
3 1 4 6866
2390 1182 1237 1225 1276 
2391 1214 1242 1133 1329 
2392 1285 1191 332 1565 
2393 1002 1198 1063 1326 
2394 514 1209 1238 1485 
2395 1177 1522 1444 1644 
2396 1221 1155 1126 1580 
2397 1198 1063 1326 1557 
2398 1126 1155 1230 1362 
2399 358 1537 1735 1538 
2400 1133 1154 1226 1370 
2401 1318 272 1186 1492 
2402 1133 1154 1242 1226 
2403 717 1350 1559 1563 
2404 1181 1138 1310 1351 
2405 1710 1675 1492 414 
2406 235 1275 1307 1534 
2407 1212 1230 1130 1375 
2408 1689 1738 23 515 
2409 580 1537 1323 1538 
2410 1155 1230 1212 1375 
2411 1133 1214 1329 1501 
2412 1689 1738 515 1295 
2413 1155 1126 1306 1362 
2414 1138 1351 1181 1541 
2415 1221 1230 1147 1311 
2416 781 1259 1277 1349 
2417 115 1217 1273 1426 
2418 1138 1286 1351 1541 
2419 1139 1332 1201 1200 
2420 244 1669 1722 1192 
2421 1203 1151 1240 1114 
2422 1302 636 1187 1480 
2423 1130 1285 1191 1334 
2424 1400 1122 1205 1521 
2425 115 1273 1217 1338 
2426 1704 550 1330 1712 
2427 1267 1122 1400 1521 
2428 1133 1154 1370 1329 
2429 1666 1138 1468 1451 
2430 1233 1394 644 1442 
2431 1709 841 1268 1678 
2432 1735 580 1538 1537 
2433 1669 1192 177 1283 
2434 1315 1434 1519 734 
2435 1315 1434 734 1195 
2436 1186 1232 333 1318 
2437 1132 1220 1179 1273 
2438 1126 1155 1306 1580 
2439 1225 1237 1170 1276 
2440 1722 244 1192 1372 
2441 1500 1653 348 1278 
2442 1318 272 1492 270 
2443 1237 1276 1182 1625 
2444 1302 1536 1120 1237 
2445 1275 521 511 1377 
2446 781 1259 1349 698 
2447 385 1653 281 1191 
2448 1220 1273 1623 1179 
2449 393 1288 1477 1493 
2450 1053 1291 1207 1325 
2451 1236 1138 1451 1468 
2452 1190 1038 1409 1460 
2453 23 24 1689 515 
2454 1147 1373 1208 1618 
2455 1147 1311 1230 1349 
2456 1125 1315 1209 1588 
2457 1181 1236 1138 1541 
2458 1208 1373 1157 1618 
2459 521 1377 1372 1608 
2460 115 1273 116 1426 
2461 1331 1387 682 1626 
2462 981 1308 1219 1363 
2463 1462 1156 1400 1248 
2464 1462 1156 1248 1514 
2465 1179 1273 1217 1426 
2466 1178 1119 1220 1273 
2467 781 1349 1277 1475 
2468 1331 1387 1626 1163 
2469 1400 1205 1122 1156 
2470 1381 1438 1213 1158 
2471 552 464 1271 1447 
2472 1114 1203 1151 1466 
2473 514 1448 1209 1449 
2474 244 1669 1192 177 
2475 393 1477 1284 1493 
2476 1171 1308 117 1363 
2477 997 1417 1397 1539 
2478 1197 1310 1138 1351 
2479 1170 1237 1225 1358 
2480 24 25 1689 404 
2481 1666 1138 1451 1188 
2482 1209 1238 1144 1315 
2483 1125 1238 1209 1315 
2484 997 1281 1397 1417 
2485 1115 1509 1270 1592 
2486 717 688 1350 1563 
2487 1126 1221 1274 1311 
2488 1627 807 1724 67 
2489 1143 1400 1248 1462 
2490 271 1670 1371 1526 
2491 889 1341 1638 1293 
2492 1709 841 610 1268 
2493 1424 1361 1405 1161 
2494 1147 1274 1221 1311 
2495 1671 199 1268 1322 
2496 1120 1302 1340 1187 
2497 136 1033 1215 1319 
2498 1209 1315 1235 1588 
2499 1207 1291 921 1432 
2500 115 116 1273 1338 
2501 1424 1361 1161 1356 
2502 1063 1557 1198 1650 
2503 1724 68 67 807 
2504 1270 1509 1185 1592 
2505 1187 1199 1119 1536 
2506 1130 1191 1277 1334 
2507 1298 1627 807 1724 
2508 1526 1371 273 1193 
2509 1202 783 1354 1254 
2510 783 1563 1354 1254 
2511 722 717 1350 1559 
2512 1178 1327 1120 1165 
2513 1213 1438 1170 1158 
2514 1371 1526 466 1193 
2515 1125 1209 1204 1588 
2516 1536 1302 1187 1480 
2517 954 1207 921 1432 
2518 1190 1038 1460 142 
2519 1063 1198 1056 1650 
2520 1159 1319 979 1439 
2521 1693 1100 1753 1489 
2522 1693 1100 165 1753 
2523 1199 1339 1119 1536 
2524 1327 1178 1547 1165 
2525 487 1181 1310 1470 
2526 1233 1563 783 1254 
2527 1100 4 165 1753 
2528 1698 1096 1718 1390 
2529 833 1559 722 1507 
2530 1185 1270 933 1397 
2531 1133 1329 1370 1501 
2532 1302 1187 636 1340 
2533 1317 1361 1356 1550 
2534 1137 1181 1310 1351 
2535 791 758 1187 1327 
2536 1285 332 1191 1334 
2537 1123 1378 1180 1642 
2538 70 71 610 1709 
2539 1233 783 1463 1254 
2540 1590 1182 1395 1394 
2541 1233 1394 1442 1139 
2542 1132 1220 1273 1547 
2543 633 1280 1199 1382 
2544 1198 1321 1499 1523 
2545 955 1207 1053 1291 
2546 1698 1096 159 1718 
2547 1189 1399 1350 1648 
2548 123 1225 1170 1276 
2549 1179 1214 1273 1426 
2550 1486 1634 1271 1163 
2551 1219 1363 1308 1496 
2552 1096 160 159 1718 
2553 1292 1718 1390 983 
2554 1179 1220 1132 1558 
2555 1190 1460 1409 1122 
2556 311 1680 1410 1257 
2557 732 1356 1317 1361 
2558 1202 1463 783 1254 
2559 1288 1204 1131 1642 
2560 1118 1276 1237 1625 
2561 1168 1215 135 1425 
2562 443 1208 1384 1249 
2563 1198 1114 1326 1499 
2564 1224 1561 1193 1594 
2565 1538 1279 1323 480 
2566 1307 408 1760 43 
2567 1709 1671 610 70 
2568 1126 1230 1221 1311 
2569 354 1561 1224 1594 
2570 557 1283 1181 1470 
2571 1689 404 25 1526 
2572 502 1258 1266 1352 
2573 514 1238 1209 1448 
2574 1709 1671 1268 610 
2575 1124 1148 1254 1436 
2576 1136 1179 1217 1426 
2577 1394 1575 1340 1182 
2578 923 1408 1184 1471 
2579 458 1262 456 1420 
2580 1233 1394 1139 1359 
2581 780 1399 1350 1495 
2582 1288 1131 1204 1209 
2583 1689 515 24 404 
2584 1156 1409 1205 1122 
2585 564 1760 1673 1275 
2586 311 1680 1257 310 
2587 1115 1421 1270 1509 
2588 1262 1524 1420 1560 
2589 564 1760 1275 408 
2590 1086 1465 1388 1630 
2591 1575 1394 642 644 
2592 1193 1124 1148 1559 
2593 552 1271 1296 1447 
2594 1138 1541 1520 1286 
2595 1002 1198 1326 1499 
2596 979 1159 947 1319 
2597 1350 1399 780 1648 
2598 1178 1120 1415 1165 
2599 42 43 1760 408 
2600 1346 1405 774 1484 
2601 1120 1225 1358 1395 
2602 1648 1559 1350 1189 
2603 1704 550 1712 6 
2604 1136 1214 1179 1426 
2605 1203 1326 1114 1499 
2606 291 1724 1298 1322 
2607 1204 1288 1209 1449 
2608 1500 1653 1278 1647 
2609 1262 1141 1524 1560 
2610 1718 1105 1110 1292 
2611 1424 1361 1356 788 
2612 639 1302 636 1340 
2613 1193 1561 273 1594 
2614 1137 1310 1197 1351 
2615 1208 1290 1147 1618 
2616 791 1220 1187 1502 
2617 1682 416 534 1335 
2618 774 1405 673 1484 
2619 1395 1182 1139 1394 
2620 1147 1259 1208 1373 
2621 1133 1154 1329 1242 
2622 484 1468 1451 1666 
2623 1208 1259 1157 1373 
2624 1640 1127 1447 1188 
2625 1275 521 1377 1372 
2626 354 273 1561 1594 
2627 1640 1127 1188 1232 
2628 464 1324 1271 1447 
2629 1180 1123 1218 1378 
2630 1124 1148 1559 1354 
2631 1124 1148 1354 1254 
2632 722 717 688 1350 
2633 1160 1383 1173 1490 
2634 991 1341 1162 1383 
2635 123 1170 1225 1430 
2636 404 1689 1295 1526 
2637 135 1215 1168 1467 
2638 1395 1139 1182 1225 
2639 1661 1137 1223 1351 
2640 1191 1334 385 1517 
2641 1500 1702 1345 1278 
2642 833 1224 1354 1559 
2643 588 1538 1279 1294 
2644 574 1333 1445 1560 
2645 1429 703 1287 1251 
2646 157 156 1108 1688 
2647 947 1159 979 1512 
2648 933 1270 874 1397 
2649 280 348 263 1216 
2650 1135 1176 1279 1317 
2651 923 1406 1184 1408 
2652 484 1468 1666 432 
2653 1644 1522 1578 1177 
2654 1188 1138 1451 1520 
2655 1137 1351 1197 1429 
2656 1086 1388 1243 1630 
2657 1097 157 1108 1688 
2658 1204 1180 1378 1642 
2659 933 1270 1185 1592 
2660 560 1192 406 1283 
2661 408 1760 1275 1307 
2662 717 1559 1354 1563 
2663 909 1162 1469 991 
2664 1180 1194 1123 1403 
2665 1378 1180 1314 1218 
2666 1270 1421 1185 1509 
2667 1159 1439 979 1512 
2668 1639 1117 1330 1389 
2669 587 552 464 1271 
2670 278 1738 23 1689 
2671 1267 1122 1114 1400 
2672 824 1429 1223 1440 
2673 628 1446 1301 1342 
2674 840 733 1444 1644 
2675 1249 1606 1647 1392 
2676 1499 1321 1114 1240 
2677 1251 1429 767 1440 
2678 1383 1443 1173 1490 
2679 1262 1411 1141 1560 
2680 1317 1356 732 1545 
2681 1178 1165 1309 1547 
2682 1325 1412 1151 1207 
2683 1300 1344 1162 1383 
2684 1130 1212 1285 1334 
2685 1147 1280 1166 1566 
2686 1279 1332 437 1200 
2687 911 1184 923 1406 
2688 278 1738 1689 1295 
2689 1491 1738 1513 1295 
2690 458 1420 455 1560 
2691 1233 1394 1359 644 
2692 1661 1137 1351 1181 
2693 1033 1215 1308 1584 
2694 333 1186 284 1640 
2695 1323 1472 1279 1550 
2696 121 1395 1225 1464 
2697 833 1507 1224 1559 
2698 651 1314 648 1378 
2699 333 1232 1186 1640 
2700 1268 1322 199 1525 
2701 1236 1451 1138 1520 
2702 1236 1451 526 1468 
2703 223 1360 1353 1600 
2704 1249 1647 1606 1239 
2705 1319 1509 1115 1592 
2706 1491 515 1738 1295 
2707 1155 1306 1177 1362 
2708 1421 1456 1215 1467 
2709 1133 1242 1214 1328 
2710 1012 1300 1365 1613 
2711 1727 145 146 1078 
2712 1491 515 1295 498 
2713 1170 1430 1213 1158 
2714 1147 1166 1280 1336 
2715 1248 1292 1465 1390 
2716 263 1216 348 1500 
2717 1157 1290 1208 1618 
2718 1135 1317 1279 1200 
2719 1639 1330 1117 1234 
2720 1179 1214 1136 1459 
2721 1727 1699 145 1078 
2722 1270 1421 1215 1467 
2723 1147 1166 1311 1566 
2724 1163 1252 1247 1634 
2725 1214 1242 1136 1459 
2726 997 1397 877 1539 
2727 1053 1325 1207 1460 
2728 1745 1275 231 1372 
2729 877 1397 1343 1539 
2730 1046 1514 1248 1292 
2731 1727 1699 1078 1369 
2732 560 541 406 1192 
2733 1708 5 550 545 
2734 909 1162 991 1341 
2735 1217 1273 1119 1338 
2736 1063 1056 1198 1002 
2737 1248 1465 1292 1156 
2738 635 791 758 1187 
2739 843 1317 1545 1316 
2740 1018 1365 1374 1471 
2741 1666 1138 1188 1296 
2742 1619 1346 1258 1257 
2743 1012 1365 1300 1497 
2744 1176 1356 1317 1545 
2745 648 1314 1218 1378 
2746 1121 1213 1438 1479 
2747 1736 1708 61 1299 
2748 375 228 1330 1624 
2749 168 1353 223 1360 
2750 1760 235 1275 1307 
2751 921 1207 955 1291 
2752 998 1184 1379 1365 
2753 911 923 1184 1471 
2754 550 1708 545 1299 
2755 1707 93 92 847 
2756 971 1196 1246 1539 
2757 1257 1346 1258 1405 
2758 888 1341 1413 1604 
2759 1707 1701 350 1528 
2760 1156 1190 1260 1409 
2761 1424 1361 788 1405 
2762 999 1379 1184 1432 
2763 889 1341 1293 888 
2764 1105 1465 1292 1390 
2765 1213 1170 1438 1479 
2766 1260 1409 1039 1514 
2767 1131 1204 1209 1235 
2768 1123 1194 1180 1416 
2769 985 1246 1196 1376 
2770 130 1194 1180 1403 
2771 1144 1235 1209 1315 
2772 1274 1453 1364 1553 
2773 1582 1255 1377 1131 
2774 1087 1106 1086 1388 
2775 1168 1338 1215 1425 
2776 1678 1268 314 1410 
2777 782 1233 644 1442 
2778 1221 1155 1580 1375 
2779 1209 1235 1204 1588 
2780 1174 1140 1258 1346 
2781 656 1442 1394 1201 
2782 1208 1259 1147 1597 
2783 1538 1279 1294 1176 
2784 985 971 1196 1246 
2785 1004 1203 1326 1367 
2786 1231 1287 658 1457 
2787 791 1187 635 1502 
2788 1378 1314 1180 1204 
2789 824 767 1429 1440 
2790 574 1445 1269 1560 
2791 1640 1127 1232 1186 
2792 1550 1538 1279 1323 
2793 1513 1189 386 1399 
2794 842 1297 1391 1494 
2795 936 1039 1409 1514 
2796 955 921 954 1207 
2797 1640 1127 1186 1447 
2798 1223 1351 1137 1429 
2799 1138 1188 1297 1391 
2800 1217 1179 1301 1623 
2801 1679 401 1736 1222 
2802 1126 1166 1274 1364 
2803 93 1707 806 847 
2804 223 1353 1522 1600 
2805 135 1467 1168 1595 
2806 1135 1495 1317 1200 
2807 1160 1173 1466 1490 
2808 1596 874 1270 1343 
2809 1301 1446 1166 1342 
2810 121 1332 1395 1464 
2811 673 1405 1272 1484 
2812 1317 1356 1176 1550 
2813 1214 1328 1242 1459 
2814 1018 1374 1365 1497 
2815 651 1204 1314 1378 
2816 1287 1251 1137 1429 
2817 1156 1409 1260 1514 
2818 1105 1465 1390 1094 
2819 1258 1346 1140 1405 
2820 1121 1469 1246 1498 
2821 1138 1391 1297 1494 
2822 1271 1324 586 1506 
2823 1187 1327 758 1340 
2824 1394 1340 1575 642 
2825 1707 1701 92 350 
2826 1123 1180 1288 1642 
2827 1207 1151 1325 1291 
2828 1128 1201 1332 1200 
2829 1462 1156 1514 1205 
2830 118 1363 1178 1529 
2831 1180 1123 1288 1403 
2832 1266 1472 1323 1550 
2833 1486 1634 1163 1247 
2834 1213 1381 1121 1438 
2835 833 1354 717 1559 
2836 1239 1435 1474 1125 
2837 557 1181 487 1470 
2838 1119 1339 1385 1536 
2839 135 1168 1425 1595 
2840 1480 1355 1164 1632 
2841 1246 1121 1498 1555 
2842 1480 1355 1632 637 
2843 408 1307 1275 1485 
2844 1190 1409 1156 1122 
2845 941 1260 1190 1409 
2846 758 636 1187 1340 
2847 1266 490 1323 1472 
2848 1212 1334 1130 1475 
2849 1317 1135 1316 1495 
2850 1033 1308 1215 1319 
2851 245 1192 1372 1546 
2852 1679 401 57 1736 
2853 1361 1405 1266 1272 
2854 1491 1738 485 1294 
2855 502 1258 1352 513 
2856 1184 1365 1146 1443 
2857 383 1234 1482 1330 
2858 1435 1125 1239 1249 
2859 1126 1166 1311 1274 
2860 502 1266 1323 1352 
2861 1317 1316 1135 1176 
2862 1480 1355 637 1382 
2863 806 847 1707 1528 
2864 791 1187 1220 1327 
2865 568 1209 514 1485 
2866 601 94 1440 835 
2867 1735 338 1685 1537 
2868 1108 1754 1388 1688 
2869 1240 1321 977 1499 
2870 933 958 1270 1592 
2871 909 1162 1341 1604 
2872 1486 1634 1247 428 
2873 874 1270 1343 1397 
2874 1118 1396 1428 1303 
2875 1164 1237 1302 1396 
2876 1118 1302 1237 1396 
2877 981 117 1308 1363 
2878 1119 1273 1217 1623 
2879 1595 1166 1147 1336 
2880 1536 1302 1480 1164 
2881 1723 1216 202 1427 
2882 1493 1660 128 1303 
2883 1596 874 1343 866 
2884 1230 1212 1475 1610 
2885 1178 1273 1220 1547 
2886 833 722 1559 717 
2887 1136 1242 1214 1329 
2888 1146 1380 1184 1443 
2889 1751 310 1257 1680 
2890 1612 1141 1269 1174 
2891 1223 1429 1251 1440 
2892 1480 1355 1382 1164 
2893 123 1276 1170 1479 
2894 671 774 673 1484 
2895 902 1365 1379 1611 
2896 911 924 923 1471 
2897 1246 1498 1478 1555 
2898 210 1186 1747 1357 
2899 977 1499 1321 1523 
2900 1217 1273 1179 1623 
2901 947 1319 1159 1408 
2902 1602 177 1192 1283 
2903 737 1239 1345 1455 
2904 1582 1255 1131 1348 
2905 1364 1425 1274 1553 
2906 1683 321 1285 1360 
2907 1000 1326 1203 1499 
2908 1221 1155 1375 1230 
2909 118 1529 1178 1552 
2910 655 644 1394 1442 
2911 675 658 1287 1457 
2912 574 1333 1560 504 
2913 1000 1326 1499 1002 
2914 1242 1570 1136 1459 
2915 57 1 1736 401 
2916 1220 1623 1273 1119 
2917 1181 1283 1137 1470 
2918 1156 1205 1409 1514 
2919 1253 1298 1183 1591 
2920 1169 1428 1396 1303 
2921 129 1493 1288 393 
2922 136 137 1033 1319 
2923 1166 1274 1147 1311 
2924 900 1365 902 1611 
2925 1388 1465 1175 1630 
2926 1365 1443 1184 1503 
2927 464 586 1271 1324 
2928 1582 1255 1348 1152 
2929 1183 1298 370 1591 
2930 1159 947 1406 1512 
2931 636 1302 638 1480 
2932 1140 1266 1258 1405 
2933 570 1736 1222 1299 
2934 1526 26 271 1670 
2935 508 1191 1437 1565 
2936 1396 1428 1169 1237 
2937 1000 1326 1002 1004 
2938 842 1297 1494 751 
2939 130 1180 1288 1403 
2940 1462 1156 1205 1400 
2941 386 1295 1594 1189 
2942 214 1679 1222 1353 
2943 1181 1137 1310 1470 
2944 1123 1180 1218 1416 
2945 1693 1095 1732 164 
2946 1221 1155 1230 1126 
2947 386 1594 1295 277 
2948 1712 230 1299 1330 
2949 84 83 1706 612 
2950 1367 1004 919 1326 
2951 1621 1638 1227 1293 
2952 1231 1287 1284 1544 
2953 1266 1361 1161 1405 
2954 1621 1638 1293 918 
2955 1732 163 164 1095 
2956 517 1186 596 1357 
2957 1570 708 794 1459 
2958 1105 1465 1094 1088 
2959 1046 1292 1248 1390 
2960 1267 1114 1122 1151 
2961 1693 1095 1260 1732 
2962 1119 1273 1178 1529 
2963 1097 1688 1108 1573 
2964 1353 1522 1177 1578 
2965 123 1225 1276 1289 
2966 1325 1412 1207 1460 
2967 992 1344 1300 1383 
2968 778 642 1340 1394 
2969 836 1399 780 1495 
2970 1706 1756 376 1507 
2971 508 1191 1384 1437 
2972 954 1406 1207 1432 
2973 1000 1326 1004 1203 
2974 1118 1428 1396 1237 
2975 1125 1204 1209 1449 
2976 26 1526 537 1670 
2977 409 20 19 1735 
2978 888 1293 887 1413 
2979 1133 1328 1214 1567 
2980 737 1239 1455 705 
2981 1234 1330 1154 1639 
2982 1227 1400 1293 1587 
2983 393 1284 128 1493 
2984 1229 1264 1117 1639 
2985 1190 1260 941 1489 
2986 227 1522 1353 1578 
2987 264 1702 1500 1278 
2988 1293 1175 1508 1400 
2989 1590 1182 1394 1340 
2990 629 1446 628 1342 
2991 1258 1266 1161 1405 
2992 639 1340 642 1575 
2993 638 1480 1302 1632 
2994 843 1317 1316 1495 
2995 1155 1177 1353 1522 
2996 1155 1353 1177 1306 
2997 1201 1228 1128 1332 
2998 462 1553 1453 1274 
2999 1198 1114 1243 1326 
3000 1718 1105 1292 1390 
3001 1716 1735 20 409 
3002 1052 1467 1270 1215 
3003 475 1284 1483 1660 
3004 458 456 455 1420 
3005 1688 1388 1108 1573 
3006 1522 1696 1444 1644 
3007 1087 1388 1086 1465 
3008 676 1429 703 1287 
3009 1740 612 84 1706 
3010 745 1280 1382 1454 
3011 888 887 1293 889 
3012 1184 1443 1380 1503 
3013 1740 612 1706 1645 
3014 1105 1465 1088 1292 
3015 1190 1038 142 870 
3016 612 1224 1706 1645 
3017 1115 1215 1421 1456 
3018 1088 1292 1465 1605 
3019 904 1379 999 1432 
3020 1716 1735 409 1538 
3021 1724 617 68 807 
3022 297 1671 1268 1709 
3023 639 1302 1340 1575 
3024 1685 338 1352 1537 
3025 1150 1456 1421 1467 
3026 1179 1328 1214 1459 
3027 1666 1138 1296 1468 
3028 1680 1749 180 1410 
3029 1732 1260 972 1292 
3030 1388 1465 1573 1175 
3031 177 244 286 1192 
3032 1304 127 1574 1376 
3033 1393 1208 1157 1290 
3034 900 1365 1611 1613 
3035 1452 418 1723 49 
3036 123 1289 1276 1506 
3037 49 48 418 1723 
3038 1367 919 1004 897 
3039 1172 1413 1341 1604 
3040 703 1287 1251 1348 
3041 1246 1469 1162 1498 
3042 1144 1534 1434 1654 
3043 1115 1261 1282 1421 
3044 1115 1282 1261 1381 
3045 128 127 1303 1660 
3046 998 1184 1365 1471 
3047 1012 1014 1365 1497 
3048 1397 1417 1145 1539 
3049 1131 1284 1231 1287 
3050 124 1276 123 1479 
3051 1675 516 517 1492 
3052 1273 1338 116 1529 
3053 1039 1260 941 1409 
3054 587 1296 1271 1634 
3055 1248 934 1462 1514 
3056 1231 1284 1129 1544 
3057 122 121 1225 1464 
3058 1222 1353 1177 1578 
3059 1197 1252 1138 1310 
3060 1293 1175 1400 1227 
3061 1429 703 1251 767 
3062 1171 1115 1308 1496 
3063 1171 1115 1496 1456 
3064 297 1671 1709 70 
3065 1314 1474 1435 1125 
3066 676 703 1429 773 
3067 1664 1426 1273 1214 
3068 418 1723 1216 1452 
3069 1154 1330 1234 1624 
3070 1706 1756 83 376 
3071 1138 1188 1391 1520 
3072 1195 1144 1434 1654 
3073 1473 1107 148 1741 
3074 1304 1574 127 1303 
3075 692 1206 690 1328 
3076 888 1413 886 1604 
3077 1585 1672 1305 1234 
3078 1120 1225 1395 1182 
3079 655 782 644 1442 
3080 1130 1334 1277 1475 
3081 187 1675 1492 1710 
3082 1718 1105 1390 1096 
3083 1754 1020 854 1388 
3084 1149 1606 1392 1647 
3085 516 1186 1492 1586 
3086 1212 1230 1444 1610 
3087 1138 1620 1252 1631 
3088 1303 1396 1211 1118 
3089 195 1546 1313 1440 
3090 123 1276 124 1506 
3091 235 197 1673 1275 
3092 210 284 1186 1357 
3093 1264 1329 1136 1426 
3094 612 1706 1224 1507 
3095 1120 1225 1182 1237 
3096 1180 1194 130 1657 
3097 1349 1277 1130 1568 
3098 1304 127 1376 1030 
3099 1279 588 471 480 
3100 1052 1467 1215 135 
3101 1393 1448 391 1449 
3102 1125 1180 1204 1449 
3103 1016 1344 1213 1497 
3104 1322 1419 807 1298 
3105 1190 994 1589 1369 
3106 1288 1209 448 1477 
3107 837 1714 832 100 
3108 1147 1290 1336 1618 
3109 328 1696 1522 1644 
3110 476 116 1273 1426 
3111 168 1674 1353 1360 
3112 1741 148 149 1107 
3113 1388 1573 1465 1087 
3114 1705 151 152 1104 
3115 1392 1448 1249 1606 
3116 1138 1387 1620 1631 
3117 1505 1396 1211 1632 
3118 1200 1139 1442 1201 
3119 1622 1385 1119 1339 
3120 1220 1547 1327 1178 
3121 385 1653 1191 1517 
3122 599 1195 734 1434 
3123 1209 1238 1125 1448 
3124 1732 1111 1260 1292 
3125 709 1230 1311 1349 
3126 1204 1180 1288 1449 
3127 1144 1307 1534 1654 
3128 1112 1509 1380 1607 
3129 1003 151 1705 1523 
3130 807 617 1322 1724 
3131 1200 1350 686 1442 
3132 1277 1349 1259 1568 
3133 1159 1406 947 1408 
3134 1526 273 1371 271 
3135 465 1366 1402 1436 
3136 909 1162 1604 1469 
3137 992 991 990 1344 
3138 1147 1336 1290 1595 
3139 1152 1372 1275 1377 
3140 1104 1746 1074 152 
3141 1337 1413 884 1572 
3142 1644 1578 1522 328 
3143 1222 60 1482 1299 
3144 1226 1133 1370 1533 
3145 1219 1408 931 1471 
3146 1282 1421 1261 1555 
3147 1719 1528 1223 806 
3148 1443 1466 1173 1490 
3149 1242 1570 1459 708 
3150 1276 1428 1170 1479 
3151 291 1724 1322 293 
3152 644 1233 782 1359 
3153 1102 1741 1473 1321 
3154 1585 1639 1234 1305 
3155 332 1334 385 1191 
3156 1119 1199 1187 1502 
3157 1186 1447 1357 1640 
3158 1302 1120 1536 1187 
3159 1104 1746 1650 1074 
3160 389 1712 1299 1708 
3161 1293 1175 1227 1621 
3162 124 1428 1276 1479 
3163 79 80 819 1759 
3164 1371 466 1526 537 
3165 1119 1338 1273 1529 
3166 118 1363 119 1415 
3167 692 1206 1328 1419 
3168 1622 1385 1339 1168 
3169 1179 1132 1273 1567 
3170 1162 1478 1246 1498 
3171 1115 1380 1219 1381 
3172 1523 1650 1705 1003 
3173 602 1759 80 1687 
3174 1132 1179 1431 1567 
3175 120 1395 1228 1415 
3176 1193 1371 273 1561 
3177 756 682 1387 1626 
3178 1171 1115 1456 1215 
3179 1171 1115 1215 1308 
3180 1154 1234 1398 1624 
3181 1704 550 6 411 
3182 413 1353 1360 1659 
3183 1585 1639 1305 1229 
3184 295 1268 199 1525 
3185 1196 1343 1150 1555 
3186 1261 1381 1282 1555 
3187 120 1358 1395 1415 
3188 850 765 1313 1599 
3189 906 904 999 1432 
3190 781 1259 698 704 
3191 657 1231 658 1457 
3192 1384 1249 1647 1392 
3193 1491 1738 1294 1513 
3194 227 328 1522 1578 
3195 1259 1349 696 1373 
3196 1505 1396 1632 1302 
3197 1123 1303 1211 1493 
3198 1622 1385 1168 1338 
3199 1461 1612 1141 1268 
3200 1621 1638 918 1010 
3201 886 1172 1023 1604 
3202 1115 1215 1270 1421 
3203 118 119 1309 1415 
3204 501 1266 1258 1583 
3205 231 1275 232 1372 
3206 1675 516 1492 414 
3207 142 1190 994 1325 
3208 1229 625 1362 1652 
3209 1225 1289 122 1464 
3210 227 1353 1222 1578 
3211 1343 1421 1150 1555 
3212 1251 1599 765 1348 
3213 716 1354 783 1563 
3214 657 1378 1231 1457 
3215 516 1186 517 1492 
3216 1582 1255 1152 1377 
3217 1648 1559 1594 1507 
3218 1039 941 939 1409 
3219 402 517 596 1357 
3220 758 636 635 1187 
3221 1115 1381 1219 1496 
3222 1380 1443 1112 1503 
3223 1759 1728 819 79 
3224 1308 1363 1171 1496 
3225 1247 1634 1252 1660 
3226 1137 1251 1223 1429 
3227 217 1533 1226 1624 
3228 776 1405 1257 1424 
3229 1116 1416 1194 1530 
3230 1129 1211 1303 1493 
3231 1198 1326 1243 1557 
3232 1211 1303 1123 1396 
3233 936 930 1205 1409 
3234 1167 927 1368 1543 
3235 1176 1316 316 1545 
3236 1251 1348 1287 1255 
3237 1144 1238 1209 1485 
3238 1180 1416 1194 1531 
3239 1226 1242 1133 1576 
3240 332 385 1334 301 
3241 1736 60 1222 1299 
3242 331 1212 1285 226 
3243 1349 1130 1277 1475 
3244 1127 1188 1297 1620 
3245 1251 1599 1348 1152 
3246 528 1330 1389 1615 
3247 1152 1251 1192 1255 
3248 562 437 1279 1332 
3249 1759 1728 1316 819 
3250 1180 1393 131 1449 
3251 1602 177 1283 259 
3252 570 1389 1299 1487 
3253 308 1424 1527 1537 
3254 1031 1213 1569 1479 
3255 1590 1182 1340 1120 
3256 1114 1263 1400 1122 
3257 1130 1285 1212 1375 
3258 1533 1370 1624 1554 
3259 1034 1190 1369 994 
3260 1217 1301 1179 1136 
3261 1155 1362 1177 1444 
3262 1034 1190 994 143 
3263 1244 1346 684 1484 
3264 1199 1119 1339 1622 
3265 1212 226 300 373 
3266 971 1246 1417 1539 
3267 662 1331 682 1626 
3268 720 1317 732 1545 
3269 1140 1174 1258 1333 
3270 1590 1182 1120 1395 
3271 1023 1172 886 1581 
3272 670 686 1350 1442 
3273 602 80 81 1687 
3274 602 1759 1687 1399 
3275 696 1259 698 1349 
3276 1128 1228 1201 1272 
3277 886 1413 1172 1604 
3278 921 1432 1291 1518 
3279 1120 1302 1237 1182 
3280 136 1033 1067 1215 
3281 683 1354 1202 783 
3282 753 1391 1297 1549 
3283 1619 1333 1445 1510 
3284 1179 1273 1214 1567 
3285 1116 1339 1416 1530 
3286 732 788 1356 1361 
3287 228 1672 213 1234 
3288 1254 1271 1506 1324 
3289 1138 1286 1391 1494 
3290 1223 1251 1137 1602 
3291 1127 1296 1188 1620 
3292 1119 1187 1536 1178 
3293 465 1193 1366 1436 
3294 1222 60 325 1578 
3295 1138 1391 1286 1520 
3296 1288 448 1209 1449 
3297 1505 1396 1302 1118 
3298 1112 1509 1607 1617 
3299 1139 1201 1332 1395 
3300 788 1405 776 1424 
3301 1486 1163 1271 1134 
3302 465 1193 1436 466 
3303 1140 1405 1346 1484 
3304 985 1196 984 1376 
3305 562 1332 1279 1472 
3306 1140 1266 1405 1272 
3307 709 1311 1230 1652 
3308 1166 1280 1342 1566 
3309 1639 1330 1615 1389 
3310 123 122 1225 1289 
3311 1168 1116 1530 1339 
3312 1448 1449 1393 1125 
3313 1262 1141 1183 1641 
3314 674 1474 1315 1481 
3315 1161 1266 1258 1352 
3316 1173 1160 1367 1383 
3317 756 754 1347 1387 
3318 696 1349 699 1373 
3319 1328 1431 1179 1567 
3320 1320 1336 1168 1595 
3321 1196 1150 1407 1555 
3322 232 231 197 1275 
3323 484 1468 432 526 
3324 1717 214 1353 1679 
3325 1203 1240 1151 1556 
3326 6 7 1704 411 
3327 1086 1106 1243 1388 
3328 836 1759 1399 1316 
3329 1270 1397 1185 1421 
3330 1176 316 304 1545 
3331 1056 1499 1198 1002 
3332 911 1184 999 1471 
3333 1357 1447 1188 1640 
3334 822 82 1756 1748 
3335 1198 1243 1114 1663 
3336 1145 1397 1281 1417 
3337 736 1434 734 1519 
3338 649 1204 651 1378 
3339 490 1279 480 1323 
3340 1337 884 1462 1572 
3341 1133 1206 1328 1567 
3342 228 1672 1234 1398 
3343 650 1231 657 1378 
3344 884 1413 1337 1581 
3345 739 1177 620 1423 
3346 843 1317 1495 720 
3347 321 1711 1683 1285 
3348 1209 1448 1125 1449 
3349 1005 1326 1557 1616 
3350 1027 1291 1053 1325 
3351 1118 1247 1428 1486 
3352 1254 1324 1148 1202 
3353 1017 1213 1031 1479 
3354 820 1268 831 1322 
3355 930 926 936 1205 
3356 865 981 117 1308 
3357 1176 304 316 364 
3358 566 1445 1333 1510 
3359 587 1296 1634 431 
3360 592 1307 1238 1335 
3361 1654 1149 1238 1335 
3362 1129 1231 1211 1493 
3363 1293 1175 1621 1508 
3364 842 1391 1286 1494 
3365 7 1704 411 573 
3366 60 166 325 1578 
3367 1567 1641 1206 1524 
3368 10 533 405 1591 
3369 378 93 1707 1719 
3370 120 1358 1363 1662 
3371 1602 1137 1661 1283 
3372 1173 1365 1300 1613 
3373 1116 1168 1336 1339 
3374 1257 1346 801 1410 
3375 443 1392 1249 1384 
3376 1653 281 1191 1452 
3377 919 1367 1326 1542 
3378 1205 1368 930 1543 
3379 222 223 1353 1522 
3380 1393 1208 1290 394 
3381 587 1296 431 552 
3382 306 1527 1537 308 
3383 1622 1385 1338 1119 
3384 699 696 698 1349 
3385 579 436 589 1402 
3386 587 464 586 1271 
3387 561 468 1183 1593 
3388 1131 1209 1377 1582 
3389 573 1704 411 1422 
3390 1131 1235 1209 1582 
3391 1536 1120 1237 1265 
3392 691 690 692 1206 
3393 1383 1542 894 1638 
3394 1193 1295 1189 1594 
3395 1213 1479 1121 1569 
3396 930 1368 1205 1409 
3397 1308 1380 1319 1408 
3398 1222 1306 1177 1353 
3399 1177 1222 1117 1511 
3400 1603 1495 1350 1399 
3401 668 1386 1598 1658 
3402 931 1308 1219 981 
3403 484 1468 526 1451 
3404 1222 60 1578 1482 
3405 1144 1238 1195 1315 
3406 1240 1499 1203 1114 
3407 941 1190 870 1409 
3408 1139 1225 1395 1464 
3409 120 1363 1219 1662 
3410 1450 1489 1090 1605 
3411 331 1212 226 300 
3412 1180 1531 1194 1657 
3413 1194 1123 1403 1551 
3414 675 657 658 1457 
3415 990 991 909 1469 
3416 1120 1225 1237 1358 
3417 686 669 1200 1442 
3418 1536 1120 1265 1178 
3419 1130 1230 1221 1375 
3420 874 933 958 1270 
3421 1121 1438 1304 1479 
3422 292 1298 1253 1591 
3423 1229 1362 625 1423 
3424 607 1758 1702 105 
3425 1204 651 1474 1588 
3426 676 1429 1287 1458 
3427 1126 1166 1364 1446 
3428 1302 1480 1164 1632 
3429 1157 1125 1435 1249 
3430 1146 1374 1365 1471 
3431 739 1362 1177 1423 
3432 1253 1298 1133 1641 
3433 1396 1403 1123 1551 
3434 998 1184 1471 999 
3435 411 1704 1330 1422 
3436 984 1656 1574 1196 
3437 557 1181 1283 1646 
3438 1135 1279 1176 1294 
3439 1219 1374 1158 1381 
3440 1146 1374 1219 1381 
3441 1682 1307 416 1335 
3442 1274 1364 1166 1425 
3443 1191 1285 1130 1437 
3444 383 1299 230 1330 
3445 1598 784 1201 1272 
3446 306 1527 308 334 
3447 1297 1391 1188 1549 
3448 435 586 1324 1506 
3449 1231 1458 1287 1544 
3450 700 1230 709 1349 
3451 795 1459 1179 1636 
3452 1736 60 1299 61 
3453 1712 206 230 1330 
3454 1126 1166 1446 1311 
3455 999 1184 911 1432 
3456 1151 1412 1267 1503 
3457 1117 1222 1177 1578 
3458 1204 1474 651 1314 
3459 692 1419 1328 1576 
3460 1086 1630 1243 1663 
3461 1185 1421 1145 1509 
3462 1218 1416 1180 1665 
3463 1142 1157 1208 1259 
3464 1218 1355 648 1378 
3465 272 284 333 1186 
3466 1112 1466 1443 1490 
3467 328 1696 1644 229 
3468 1114 1400 1263 1630 
3469 1282 1407 1150 1555 
3470 1138 1252 1197 1631 
3471 168 222 223 1353 
3472 1190 1460 1122 1325 
3473 838 1419 807 1322 
3474 1253 1370 1133 1533 
3475 1703 1731 208 1549 
3476 1757 169 1195 1434 
3477 1120 1237 1265 1358 
3478 843 1317 720 1545 
3479 90 1703 614 89 
3480 1524 1641 1141 1262 
3481 634 1199 632 1502 
3482 1129 1284 1231 1493 
3483 734 1315 1195 1481 
3484 624 623 1229 1423 
3485 1316 1399 836 1495 
3486 1145 1185 1397 1421 
3487 389 230 324 1299 
3488 842 1297 751 753 
3489 1416 1531 1180 1665 
3490 692 1328 693 1576 
3491 549 1683 1360 520 
3492 3 135 1215 1425 
3493 1028 971 1246 1417 
3494 1204 1378 649 1457 
3495 1183 370 1298 1322 
3496 1402 1516 1289 1254 
3497 636 635 1187 1480 
3498 1209 1288 1131 1477 
3499 1513 1176 1135 1316 
3500 1161 1323 1266 1352 
3501 829 610 841 1268 
3502 1112 1380 1503 1607 
3503 1264 1136 1329 1639 
3504 1747 272 1492 1186 
3505 217 1676 1398 1226 
3506 1212 1285 226 1600 
3507 1046 1514 1292 973 
3508 814 1697 1278 1758 
3509 588 1538 1294 531 
3510 814 1697 1758 106 
3511 255 1188 1357 1451 
3512 784 1272 1361 1201 
3513 1708 61 1 1736 
3514 1123 1211 1231 1493 
3515 614 1744 1391 1703 
3516 1491 579 1366 1241 
3517 623 1229 1423 1585 
3518 1129 1458 1231 1544 
3519 3 1215 1338 1425 
3520 1619 1333 1510 1258 
3521 1201 1228 1332 1395 
3522 1213 1121 1344 1569 
3523 1249 1448 1393 1125 
3524 1368 1409 1038 1460 
3525 1365 1374 1146 1497 
3526 1342 633 1199 632 
3527 579 1366 1241 1402 
3528 911 999 924 1471 
3529 1598 784 1272 667 
3530 511 521 509 1377 
3531 1338 1425 1168 1622 
3532 305 1176 1537 1538 
3533 1115 1319 1380 1509 
3534 106 1758 814 105 
3535 1166 1342 1311 1566 
3536 829 1268 841 1410 
3537 491 1222 1306 1487 
3538 1491 579 1241 438 
3539 508 1437 559 1565 
3540 1603 1495 1399 1135 
3541 1215 1270 1052 1592 
3542 1242 1570 708 1305 
3543 802 1680 1410 1749 
3544 1053 1207 980 1460 
3545 543 1183 468 1488 
3546 1118 1428 1276 1486 
3547 473 490 590 1472 
3548 1120 1590 1395 1165 
3549 1583 1210 457 1404 
3550 607 1758 105 814 
3551 461 1266 1404 1472 
3552 668 1386 1484 1598 
3553 874 1343 875 1397 
3554 1231 1284 1131 1493 
3555 1485 514 482 1238 
3556 1308 1380 1408 1219 
3557 1148 1224 1193 1559 
3558 187 1675 1710 28 
3559 1156 1190 1450 1605 
3560 783 1233 782 1563 
3561 634 1480 1199 1502 
3562 638 637 1480 1632 
3563 1429 703 767 773 
3564 931 1308 981 996 
3565 808 720 732 1545 
3566 1146 1219 1380 1381 
3567 683 1331 1202 1414 
3568 795 741 1459 1636 
3569 294 199 293 1322 
3570 984 985 971 1196 
3571 1744 361 173 1391 
3572 1183 1298 1253 1641 
3573 673 1361 1272 1405 
3574 1196 1555 1407 1667 
3575 1661 1137 1181 1283 
3576 210 258 284 1357 
3577 976 1741 1321 1473 
3578 1308 1319 1057 1408 
3579 652 1218 648 1314 
3580 983 1292 1046 1390 
3581 476 399 116 1426 
3582 1208 1290 394 1433 
3583 1251 1599 1152 1313 
3584 1257 1410 311 1619 
3585 280 1216 265 1452 
3586 1319 1380 1159 1408 
3587 1040 1190 941 1489 
3588 1260 1090 1489 1605 
3589 1163 1620 1387 1631 
3590 706 674 1315 1481 
3591 1690 599 1757 1441 
3592 1163 1252 1620 1631 
3593 1690 599 102 1757 
3594 988 1469 909 1604 
3595 1757 1195 169 1441 
3596 117 1171 1529 1584 
3597 1170 1430 123 1479 
3598 255 1357 1188 1640 
3599 1197 1351 1138 1494 
3600 1239 1249 1125 1606 
3601 1255 1284 450 1477 
3602 1192 1137 1251 1602 
3603 923 931 1408 1471 
3604 760 1204 649 1457 
3605 1152 1372 1377 1608 
3606 1195 1238 1149 1606 
3607 1159 1380 1319 1509 
3608 129 1493 393 128 
3609 680 1429 676 1458 
3610 936 1409 1205 1514 
3611 685 1315 674 1474 
3612 1308 1380 1219 1115 
3613 648 1218 646 1355 
3614 1127 1271 1324 1447 
3615 1193 1124 1559 1366 
3616 1178 1265 1363 1415 
3617 936 1039 939 1409 
3618 837 1757 1681 101 
3619 587 1296 552 1271 
3620 1392 1564 1448 1606 
3621 1126 1364 1274 1453 
3622 636 639 638 1302 
3623 196 1312 98 1313 
3624 1536 1199 1164 1480 
3625 557 487 523 1470 
3626 837 1757 101 599 
3627 710 709 700 1230 
3628 131 1180 130 1657 
3629 1156 1292 1248 1514 
3630 1173 1379 1365 1611 
3631 999 904 998 1379 
3632 1190 1038 870 1409 
3633 1133 1328 1206 1419 
3634 955 1053 1027 1291 
3635 1311 1446 629 1342 
3636 468 1411 1183 1593 
3637 1016 1031 1213 1344 
3638 1040 1190 1489 143 
3639 1703 1731 89 208 
3640 1188 1232 1127 1297 
3641 782 1359 1233 1463 
3642 599 102 1757 101 
3643 1717 569 1679 1353 
3644 869 979 947 1319 
3645 460 1228 120 1332 
3646 1153 1151 1325 1122 
3647 228 216 1398 1624 
3648 1018 1374 944 1471 
3649 1193 1295 1594 1526 
3650 1233 1289 1516 1254 
3651 1321 1663 1548 1523 
3652 700 1230 1475 1610 
3653 543 1183 1488 1591 
3654 1243 1388 1106 1637 
3655 1486 1163 1134 1118 
3656 570 1389 1487 469 
3657 1736 60 61 325 
3658 262 1216 263 1500 
3659 232 1372 1275 1562 
3660 129 1493 128 1403 
3661 327 375 228 1330 
3662 756 713 754 1387 
3663 262 1216 1500 1427 
3664 1331 1626 1463 1134 
3665 1160 1173 1367 1466 
3666 647 648 1355 1378 
3667 305 1176 1538 364 
3668 1138 1296 1252 1620 
3669 1112 1380 1261 1443 
3670 290 1253 1298 1533 
3671 435 1324 1254 1506 
3672 863 1325 1053 1460 
3673 1621 1638 1010 1227 
3674 1533 1676 1226 1627 
3675 1201 1272 1165 1598 
3676 1120 1265 1178 1415 
3677 465 1193 466 554 
3678 645 644 642 1394 
3679 1083 1630 1086 1663 
3680 599 1195 1757 1441 
3681 1592 933 1515 1185 
3682 1493 1660 1303 1129 
3683 1067 1215 1033 1584 
3684 1350 1399 1189 1603 
3685 1353 1360 1155 1600 
3686 1229 1305 623 1570 
3687 599 1757 1195 1434 
3688 1706 821 1756 1507 
3689 462 1425 3 1553 
3690 1706 821 83 1756 
3691 487 1470 1310 486 
3692 1093 1548 1663 1523 
3693 1156 1260 1190 1605 
3694 1212 1444 1230 1155 
3695 579 1241 436 1402 
3696 1211 1129 1303 1118 
3697 781 1259 704 1277 
3698 1751 600 1680 1257 
3699 599 734 736 1434 
3700 623 1305 1229 1585 
3701 1343 1397 1270 1421 
3702 715 1197 1351 1429 
3703 1756 83 82 821 
3704 1024 913 1337 1543 
3705 1199 1280 633 1342 
3706 1263 1156 1400 1122 
3707 1596 874 866 873 
3708 842 1286 750 1494 
3709 700 1349 781 1475 
3710 423 1426 424 1553 
3711 1114 1151 1267 1466 
3712 1703 1391 614 1549 
3713 1016 1031 1017 1213 
3714 1758 351 1278 1702 
3715 212 1751 1257 1424 
3716 1220 1547 1132 1558 
3717 653 1359 782 1463 
3718 875 874 866 1343 
3719 1012 1014 908 1365 
3720 652 1218 1314 1454 
3721 1702 1729 181 1441 
3722 1193 554 1295 1526 
3723 1463 1626 1245 1134 
3724 1284 1287 1131 1255 
3725 1152 1255 1192 1608 
3726 1672 213 1234 1651 
3727 1328 1419 1133 1576 
3728 1165 1598 1386 1658 
3729 683 681 1331 1414 
3730 1485 482 514 568 
3731 1159 1607 1509 1617 
3732 1175 1243 1227 1616 
3733 1302 1164 1396 1632 
3734 465 1402 434 1436 
3735 268 273 1371 1561 
3736 1179 1214 1328 1567 
3737 984 1656 1196 970 
3738 1486 1634 428 1271 
3739 1748 1507 1756 822 
3740 1147 1336 1280 1618 
3741 624 622 623 1423 
3742 117 1529 116 1584 
3743 1024 1337 1205 1543 
3744 1153 1291 1325 1151 
3745 1272 1405 1140 1484 
3746 1192 1251 1152 1546 
3747 1723 505 1216 1427 
3748 1190 1460 1325 142 
3749 1275 521 1372 417 
3750 1026 1374 1213 1430 
3751 1213 1497 1344 1498 
3752 1026 1015 1213 1374 
3753 497 1393 1249 1448 
3754 1226 724 1398 1305 
3755 228 375 216 1624 
3756 1172 1413 886 1581 
3757 117 1171 1363 1529 
3758 1138 1351 1286 1494 
3759 1505 1396 1118 1211 
3760 1217 1166 1364 1425 
3761 1119 1536 1385 1178 
3762 82 356 1756 1748 
3763 698 781 700 1349 
3764 1015 1213 1374 1497 
3765 1112 1443 1466 1503 
3766 1133 1298 1253 1533 
3767 394 1290 133 1433 
3768 588 1538 531 480 
3769 1130 1277 1191 1568 
3770 1742 1522 1444 1601 
3771 128 1284 475 1660 
3772 1504 412 1755 34 
3773 1161 1356 1361 1550 
3774 1204 1288 1180 1642 
3775 551 1755 1677 1451 
3776 1116 1194 1320 1530 
3777 512 482 592 1238 
3778 1192 1283 560 1470 
3779 1177 1362 1306 1511 
3780 1262 1183 1141 1411 
3781 1710 187 1371 1492 
3782 1142 1249 1239 1647 
3783 721 784 1361 1201 
3784 651 649 760 1204 
3785 1123 1194 1416 1551 
3786 1596 874 873 1270 
3787 1188 1296 1127 1447 
3788 490 502 1266 1323 
3789 1182 1340 1302 1575 
3790 134 1467 135 1595 
3791 1057 1308 1033 1319 
3792 119 1309 1228 1404 
3793 1079 1473 1369 1548 
3794 511 564 417 1275 
3795 1251 1599 1313 765 
3796 773 824 767 1429 
3797 1165 1228 1309 1404 
3798 745 1382 792 1454 
3799 1461 1612 1268 1410 
3800 551 1755 1451 412 
3801 202 265 263 1216 
3802 624 1229 623 1570 
3803 947 1406 1512 937 
3804 592 512 1238 1307 
3805 1596 1421 1270 1467 
3806 1199 1187 1480 1536 
3807 1116 1199 1280 1382 
3808 1536 1164 1199 1339 
3809 706 674 685 1315 
3810 1194 1530 1416 1551 
3811 346 1690 169 1441 
3812 128 475 127 1660 
3813 461 1404 392 1472 
3814 709 1230 796 1652 
3815 1185 1145 1401 1509 
3816 1285 1360 226 1600 
3817 1416 1530 1339 1551 
3818 715 1351 1223 1429 
3819 1156 1400 1248 1465 
3820 1248 1400 1175 1465 
3821 142 994 1190 143 
3822 1344 1497 1300 1498 
3823 1204 1314 1180 1125 
3824 316 364 318 1176 
3825 1187 1220 1119 1502 
3826 625 1229 624 1446 
3827 1199 1339 1164 1382 
3828 1136 1264 1229 1639 
3829 1165 1228 1404 1272 
3830 892 1383 894 1638 
3831 434 1289 1254 1402 
3832 1193 1295 1366 1189 
3833 1124 1402 1366 1436 
3834 550 1299 483 1330 
3835 1083 1630 1663 1263 
3836 497 394 1249 1393 
3837 1252 1296 1138 1468 
3838 428 1634 1247 1660 
3839 1690 599 1441 813 
3840 708 1242 693 1459 
3841 1502 1623 1636 1220 
3842 549 1683 520 571 
3843 364 1294 1176 1538 
3844 1704 550 411 1330 
3845 1220 1179 1623 1636 
3846 705 1435 1239 1455 
3847 783 782 1233 1463 
3848 1434 343 1195 1654 
3849 1370 1533 1253 1554 
3850 1603 1200 1491 1241 
3851 426 423 424 1553 
3852 836 780 1399 1648 
3853 1380 1509 1159 1607 
3854 752 1331 1297 682 
3855 1266 1361 1128 1550 
3856 737 1239 705 761 
3857 1123 1231 1211 1635 
3858 838 1419 1322 1535 
3859 1193 1295 554 1366 
3860 1755 33 34 412 
3861 700 710 1230 1610 
3862 894 1542 893 1638 
3863 304 1537 1176 1356 
3864 1353 1155 1522 1600 
3865 1139 1289 1225 1464 
3866 1034 1190 143 1489 
3867 675 1287 1348 1457 
3868 795 1179 1431 1558 
3869 395 437 1332 1464 
3870 1307 1275 1144 1534 
3871 1175 1388 1243 1616 
3872 1167 927 1543 1540 
3873 1211 1231 1129 1629 
3874 580 1537 536 1352 
3875 1330 1422 375 1624 
3876 514 1209 556 1449 
3877 1180 1314 1218 1665 
3878 1132 1309 1210 1571 
3879 364 1294 1538 192 
3880 1161 1527 1424 1537 
3881 142 870 143 1190 
3882 1755 412 1236 1451 
3883 1217 1425 1364 1553 
3884 1501 1426 1664 1214 
3885 1227 1243 1114 1326 
3886 657 649 1378 1457 
3887 554 1193 466 1526 
3888 1148 1202 1354 1254 
3889 1112 1261 1380 1509 
3890 1252 1620 1296 1634 
3891 1112 1267 1466 1490 
3892 235 1307 236 1534 
3893 1245 1359 654 1463 
3894 1048 1718 983 1390 
3895 1533 1624 1370 1226 
3896 118 117 1529 1552 
3897 936 1205 1044 1514 
3898 295 199 294 1525 
3899 1044 1462 1514 1205 
3900 1187 1327 1120 1178 
3901 412 1755 1236 1504 
3902 1173 1443 1365 1503 
3903 493 1306 1222 1353 
3904 831 1322 1268 1535 
3905 1275 1377 510 1485 
3906 1024 1205 1337 1462 
3907 494 1252 1310 1468 
3908 516 1492 414 1586 
3909 967 1024 913 1337 
3910 1502 1623 1220 1119 
3911 795 1328 1179 1459 
3912 1369 1450 1079 1548 
3913 984 1376 1196 1574 
3914 1203 1379 1151 1466 
3915 1184 1408 1380 1471 
3916 709 1349 1311 1566 
3917 570 1389 469 483 
3918 386 277 276 1594 
3919 1242 1328 1133 1576 
3920 570 1389 483 1299 
3921 1266 1128 1361 1272 
3922 1148 1354 1224 1559 
3923 792 1218 652 1454 
3924 1023 1172 1417 1604 
3925 692 691 1206 1419 
3926 1434 343 1654 238 
3927 669 1442 656 1201 
3928 1237 1164 1536 1551 
3929 1331 1202 1271 1134 
3930 1127 1232 1186 1643 
3931 735 734 1315 1519 
3932 648 652 792 1218 
3933 351 264 191 1278 
3934 1254 1324 435 1436 
3935 1531 131 132 1657 
3936 984 1656 970 129 
3937 693 1328 1242 1576 
3938 1151 1291 1207 1432 
3939 386 1399 1189 1648 
3940 571 53 52 1683 
3941 1165 1484 1386 1598 
3942 733 620 739 1177 
3943 737 1239 761 1345 
3944 1723 265 1216 1452 
3945 1175 1616 1227 1621 
3946 1165 1404 1571 1272 
3947 321 1711 1285 204 
3948 1108 1754 1688 156 
3949 1179 1132 1431 1558 
3950 1233 1134 1289 1254 
3951 1190 1156 1450 1122 
3952 769 1348 1599 1235 
3953 944 1471 1374 1219 
3954 1155 1230 1362 1444 
3955 980 1460 1207 1512 
3956 493 491 1222 1306 
3957 1321 1663 1523 1198 
3958 1131 1348 1235 1582 
3959 1637 1071 155 1754 
3960 1276 1428 1118 1237 
3961 1227 1326 1008 1616 
3962 1592 1515 933 957 
3963 1189 1366 1193 1559 
3964 1127 1296 1271 1447 
3965 1005 1326 1063 1557 
3966 882 1281 997 1417 
3967 578 1221 1375 1579 
3968 156 155 1071 1754 
3969 1693 1041 1260 1489 
3970 629 1311 1342 1566 
3971 1190 1325 1153 1589 
3972 1160 1466 1267 1490 
3973 1271 1620 1163 1634 
3974 1184 1406 911 1432 
3975 1116 1336 1199 1339 
3976 1737 825 1318 1232 
3977 1031 1569 1213 1344 
3978 1176 1317 1316 1545 
3979 1153 1325 1190 1122 
3980 1351 1541 1528 1661 
3981 1175 1388 1616 1621 
3982 607 105 1702 104 
3983 867 1479 1031 1569 
3984 1146 1365 1300 1443 
3985 1300 1365 1173 1443 
3986 1204 1235 1131 1457 
3987 756 1387 1347 1626 
3988 607 1758 1278 1702 
3989 686 670 669 1442 
3990 1187 1220 1327 1178 
3991 759 701 1347 1505 
3992 325 1679 1222 214 
3993 317 1176 1513 1316 
3994 831 1268 1461 1535 
3995 472 1186 516 1586 
3996 1170 1428 1276 1237 
3997 1513 1189 1399 1603 
3998 647 648 646 1355 
3999 1057 1319 947 1408 
4000 696 1259 1373 1435 
4001 1034 1190 1489 1369 
4002 560 406 593 1283 
4003 1229 1446 625 1652 
4004 735 1519 1315 1588 
4005 1422 528 1615 1330 
4006 833 1224 789 1354 
4007 714 1197 713 1387 
4008 1281 1478 1418 1401 
4009 414 1492 1371 1586 
4010 1702 1729 104 181 
4011 1202 1331 683 1463 
4012 1187 1220 1178 1119 
4013 991 892 1341 1383 
4014 1758 351 191 1278 
4015 1071 1388 1754 1637 
4016 910 954 921 1432 
4017 1287 1137 1251 1255 
4018 778 645 642 1394 
4019 467 1192 560 1470 
4020 1345 812 607 1702 
4021 118 117 1363 1529 
4022 704 1277 1259 1455 
4023 280 265 1216 263 
4024 1232 1318 1186 1643 
4025 1167 927 1540 1515 
4026 383 1234 1330 228 
4027 1108 1754 156 1071 
4028 1699 1100 1753 4 
4029 1259 1435 697 1455 
4030 1264 1329 1389 1639 
4031 1228 1309 119 1415 
4032 904 905 1379 1432 
4033 1333 513 1510 1258 
4034 1702 1278 607 1345 
4035 721 1361 1317 1201 
4036 1252 1310 1197 1544 
4037 1296 1468 1252 1634 
4038 930 926 1205 1543 
4039 569 493 1222 1353 
4040 1079 1080 1473 1548 
4041 1687 822 81 602 
4042 1138 1310 1468 1181 
4043 1420 1524 1210 1560 
4044 1239 1474 674 1481 
4045 882 879 997 1281 
4046 454 1420 396 1552 
4047 1523 150 151 1103 
4048 715 1197 1429 680 
4049 1052 1467 135 872 
4050 1023 1417 1172 1581 
4051 304 1356 1176 1545 
4052 675 1287 703 1348 
4053 1122 1267 1151 1412 
4054 1261 1380 1115 1381 
4055 508 1452 1191 1565 
4056 602 1759 819 80 
4057 768 1519 735 1588 
4058 1533 1676 1627 288 
4059 378 249 1223 1528 
4060 1282 1158 1381 1496 
4061 1149 1564 1392 1606 
4062 1282 1438 1381 1158 
4063 1699 1100 1489 1753 
4064 1393 1208 394 1249 
4065 1161 1361 1266 1550 
4066 1611 1000 1004 1203 
4067 759 772 701 1505 
4068 1325 1412 1460 1122 
4069 1252 1544 1197 1631 
4070 1570 708 1305 740 
4071 592 1335 1238 1564 
4072 436 1241 437 1464 
4073 1145 1417 1281 1478 
4074 634 633 632 1199 
4075 1179 1558 795 1636 
4076 1154 1242 1226 1305 
4077 844 1752 1686 1545 
4078 1590 656 664 1394 
4079 881 880 1281 1337 
4080 1702 181 1500 1441 
4081 1024 1337 967 1462 
4082 393 1288 448 1477 
4083 1178 1363 1265 1529 
4084 1175 1390 1248 1465 
4085 1166 1446 1311 1342 
4086 1024 1205 926 1543 
4087 1407 1555 1282 1667 
4088 1243 1630 1114 1663 
4089 844 1752 1545 609 
4090 1172 1281 1417 1478 
4091 1308 1380 1115 1319 
4092 408 512 1307 1485 
4093 264 348 1278 1500 
4094 658 1287 1231 1458 
4095 455 1420 1210 1560 
4096 1723 505 1427 565 
4097 654 1245 1463 1626 
4098 1136 1301 1179 1459 
4099 1160 1490 1267 1614 
4100 786 783 716 1354 
4101 1585 1672 1234 1651 
4102 810 1752 1668 76 
4103 792 646 1218 1382 
4104 1164 1237 1396 1551 
4105 825 1318 1232 1414 
4106 1193 1224 1148 1561 
4107 120 1358 121 1395 
4108 716 783 782 1563 
4109 1138 1310 1252 1468 
4110 523 1470 487 486 
4111 1120 1302 1182 1340 
4112 714 1197 1387 1494 
4113 466 1371 1193 1436 
4114 490 1279 1323 1472 
4115 602 1399 1687 1648 
4116 1190 1589 994 1325 
4117 1116 1339 1199 1382 
4118 1116 1280 1199 1336 
4119 450 1284 1255 486 
4120 1227 1008 1326 1542 
4121 528 1330 483 1389 
4122 1145 1281 1401 1478 
4123 1564 514 1448 1238 
4124 1143 1400 1293 1508 
4125 1422 528 1330 411 
4126 1215 1308 1115 1319 
4127 1223 1528 249 1661 
4128 1256 1460 140 1512 
4129 1279 1317 1128 1200 
4130 1345 812 1702 1441 
4131 1279 1472 1128 1550 
4132 1752 77 76 609 
4133 596 1357 1186 1447 
4134 1351 1528 1223 1661 
4135 392 1404 1228 1472 
4136 810 1752 76 609 
4137 751 842 750 1494 
4138 588 1538 480 1279 
4139 938 1046 1248 1390 
4140 1752 609 1356 1545 
4141 1177 1444 733 1644 
4142 1169 1403 1396 1551 
4143 1358 1363 1265 1415 
4144 904 906 905 1432 
4145 977 1069 1240 1499 
4146 508 1384 506 1437 
4147 1189 1295 1366 1603 
4148 129 1493 1403 1288 
4149 1010 1542 1227 1638 
4150 130 1288 1180 1449 
4151 1123 1396 1303 1403 
4152 1747 272 1186 210 
4153 737 1345 1278 1455 
4154 734 1195 849 1481 
4155 1056 1499 1002 1001 
4156 1681 1757 169 101 
4157 1751 600 1257 811 
4158 1239 1435 785 1474 
4159 564 1760 408 42 
4160 1150 1343 1196 1476 
4161 1226 1370 1154 1624 
4162 810 1751 1668 1424 
4163 483 1330 1299 1389 
4164 1168 1530 1116 1320 
4165 1177 1306 1222 1511 
4166 1242 1328 693 1459 
4167 1387 751 1494 1297 
4168 1227 1243 1175 1630 
4169 648 649 651 1378 
4170 1732 1111 1292 1109 
4171 381 1482 1234 1651 
4172 123 1225 122 1430 
4173 1130 1349 1230 1475 
4174 696 1435 1373 1633 
4175 1544 1255 1137 1287 
4176 836 1759 1316 819 
4177 1286 1391 353 1520 
4178 1241 1200 1516 1603 
4179 1309 1132 1547 1571 
4180 617 820 838 1322 
4181 150 1523 1073 1103 
4182 1387 751 1297 682 
4183 1114 1243 1227 1630 
4184 496 1306 493 1353 
4185 443 1208 442 1384 
4186 1121 1376 1246 1469 
4187 119 1228 392 1404 
4188 473 562 1279 1472 
4189 461 1404 1266 1583 
4190 785 1239 705 1435 
4191 333 1232 182 1318 
4192 1590 656 1394 1201 
4193 702 1348 1235 1457 
4194 680 713 1197 1458 
4195 1156 1465 1292 1605 
4196 1201 1395 1394 1590 
4197 673 784 1272 1361 
4198 1531 131 1657 1180 
4199 1251 1440 1313 1546 
4200 309 212 310 1257 
4201 810 1751 1424 811 
4202 1283 1137 1192 1602 
4203 121 1358 1225 1395 
4204 650 657 649 1378 
4205 182 1232 1737 1318 
4206 1301 1136 1229 1570 
4207 1008 1326 1542 919 
4208 74 75 811 1751 
4209 1590 656 1201 665 
4210 498 1366 1295 1491 
4211 1523 1650 1104 1705 
4212 911 923 915 1406 
4213 1415 1363 120 1358 
4214 472 596 1186 1447 
4215 1192 1251 1137 1255 
4216 1219 1381 1158 1496 
4217 1212 1444 1155 1600 
4218 687 1317 1200 1201 
4219 666 1598 1327 1658 
4220 1178 1309 118 1552 
4221 1239 1435 1142 1455 
4222 700 1475 1230 1349 
4223 1138 1197 1387 1631 
4224 1379 1432 905 1518 
4225 674 1239 785 1474 
4226 1751 600 811 74 
4227 458 459 1262 1411 
4228 96 97 613 1313 
4229 1578 60 59 1482 
4230 958 933 957 1592 
4231 1116 1382 1280 1454 
4232 512 1238 1307 1485 
4233 1120 1327 1187 1340 
4234 1151 1207 1412 1607 
4235 1350 1516 1200 1603 
4236 1544 1255 1287 1284 
4237 1751 811 1257 1424 
4238 690 1328 1206 1431 
4239 236 1654 1534 1307 
4240 255 1357 171 1451 
4241 687 1200 669 1201 
4242 1182 1276 1225 1139 
4243 1191 1277 1334 1517 
4244 1117 1234 1330 1482 
4245 1183 1411 468 1488 
4246 467 541 560 1192 
4247 724 798 1226 1398 
4248 697 704 1259 1455 
4249 1210 1309 1132 1552 
4250 1083 1630 1263 1465 
4251 1190 1153 1369 1589 
4252 1116 1336 1290 1618 
4253 1168 1336 1339 1622 
4254 520 1683 1360 1750 
4255 262 1216 1427 202 
4256 715 1223 824 1429 
4257 806 1223 715 1351 
4258 1167 1368 1412 1521 
4259 1191 1437 1130 1568 
4260 1562 1599 1312 1313 
4261 1196 1539 1343 1555 
4262 413 1750 1674 54 
4263 1013 1300 1037 1497 
4264 1116 1339 1382 1416 
4265 878 877 879 1397 
4266 984 1656 129 1574 
4267 262 1216 202 263 
4268 520 1683 1750 53 
4269 1192 1137 1470 1255 
4270 690 1206 691 1431 
4271 1477 452 1255 1377 
4272 933 952 951 1515 
4273 889 1341 888 890 
4274 937 947 1050 1512 
4275 182 1692 1737 1232 
4276 1595 1166 1336 1425 
4277 151 1104 1705 1523 
4278 482 1238 512 1485 
4279 520 54 53 1750 
4280 731 1305 623 1585 
4281 1533 1676 288 217 
4282 892 894 893 1638 
4283 756 662 682 1626 
4284 1124 1516 1402 1254 
4285 1199 1342 632 1502 
4286 1461 1612 1410 1174 
4287 836 1759 819 602 
4288 1191 1277 1517 1653 
4289 1279 1332 1128 1472 
4290 440 1436 1324 1586 
4291 1255 1470 453 486 
4292 1165 1404 1309 1571 
4293 651 663 1474 1588 
4294 413 1750 54 520 
4295 1147 1349 1259 1373 
4296 510 1275 511 1377 
4297 683 1354 783 786 
4298 235 200 236 1307 
4299 1301 1229 1136 1364 
4300 214 1222 227 1353 
4301 1221 1230 1130 1597 
4302 1136 1242 1329 1639 
4303 1263 1400 1465 1630 
4304 131 130 1180 1449 
4305 845 1672 731 611 
4306 1215 1338 1168 1456 
4307 1171 1338 1215 1456 
4308 1653 281 1452 280 
4309 1681 837 101 100 
4310 1320 1336 1595 1290 
4311 1265 1363 1171 1529 
4312 1514 972 1260 1292 
4313 467 1192 1470 1608 
4314 385 1653 1517 282 
4315 1199 1382 1164 1480 
4316 1738 205 1294 1513 
4317 1136 1264 1426 1553 
4318 1154 1329 1242 1639 
4319 1195 1315 1238 1606 
4320 763 666 1327 1658 
4321 195 1546 1440 336 
4322 1341 1383 892 1638 
4323 454 457 1210 1404 
4324 1395 1590 1201 1165 
4325 979 1319 138 1439 
4326 1654 1149 1335 1628 
4327 1306 1453 492 1487 
4328 734 706 1315 1481 
4329 336 1546 1440 1602 
4330 1303 1396 1169 1403 
4331 1026 1374 1430 1662 
4332 802 1680 1749 73 
4333 212 1257 309 1424 
4334 1544 1255 1284 486 
4335 1125 1238 1315 1606 
4336 1209 1235 1144 1582 
4337 1142 1435 1259 1455 
4338 758 639 636 1340 
4339 389 1712 1708 5 
4340 802 1680 73 600 
4341 440 435 1324 1436 
4342 1136 1217 1301 1364 
4343 1303 1403 1169 1574 
4344 282 1697 1278 1517 
4345 1715 1269 179 1488 
4346 574 1333 504 566 
4347 1151 1466 1379 1503 
4348 1164 1382 1339 1416 
4349 708 693 794 1459 
4350 752 1331 682 681 
4351 1115 1421 1282 1456 
4352 1167 927 1515 1368 
4353 980 140 1460 1512 
4354 1249 1448 1125 1606 
4355 451 1377 1209 1485 
4356 817 1313 1251 1440 
4357 284 1186 1357 1640 
4358 607 1278 737 1345 
4359 669 687 686 1200 
4360 1128 1317 1279 1550 
4361 1176 1279 1317 1550 
4362 1312 1313 196 1562 
4363 1603 1495 1135 1200 
4364 1246 1376 986 1469 
4365 1343 1539 1145 1555 
4366 177 1713 1669 1283 
4367 1173 1466 1443 1503 
4368 1299 1330 1117 1389 
4369 1514 972 1292 973 
4370 995 1363 981 1219 
4371 1259 1349 1147 1597 
4372 608 92 1701 91 
4373 1223 1351 806 1528 
4374 841 1749 1678 72 
4375 907 1432 921 1518 
4376 670 1442 1350 1563 
4377 451 1209 1377 1477 
4378 1196 1476 970 1656 
4379 652 1454 1314 1633 
4380 1113 1237 1536 1551 
4381 430 1310 1252 1483 
4382 1032 992 1300 1383 
4383 980 1053 960 1207 
4384 217 1676 288 174 
4385 1015 851 1026 1213 
4386 626 625 624 1446 
4387 1386 1132 1547 1558 
4388 1305 1672 731 845 
4389 850 766 765 1599 
4390 775 1410 1346 1461 
4391 360 1188 1549 1640 
4392 608 1744 809 91 
4393 880 1540 1337 1543 
4394 1026 1213 851 1430 
4395 459 1411 468 1593 
4396 1204 1314 1125 1474 
4397 549 1437 578 1375 
4398 1406 1380 1607 1184 
4399 1167 1418 1412 1617 
4400 73 72 1749 802 
4401 1654 1149 1628 1195 
4402 675 1348 702 1457 
4403 841 1749 72 802 
4404 1199 1623 1342 1502 
4405 1145 1397 1343 1421 
4406 680 1197 1429 1458 
4407 1052 1467 872 1270 
4408 1307 1144 1275 1485 
4409 1477 452 1377 449 
4410 949 1368 927 1543 
4411 1252 1163 1620 1634 
4412 1412 1512 1159 1607 
4413 1444 1600 1212 1601 
4414 985 1028 971 1246 
4415 344 1223 249 1661 
4416 1161 1257 1258 1405 
4417 880 1281 1337 1540 
4418 628 1342 1301 1636 
4419 629 746 1311 1566 
4420 1415 120 1363 119 
4421 1720 193 1335 1427 
4422 946 1374 1018 1497 
4423 881 1337 1281 1581 
4424 1493 1660 1129 1284 
4425 117 116 865 1584 
4426 822 81 82 1748 
4427 125 1428 124 1479 
4428 1306 1362 1126 1511 
4429 120 1363 119 1219 
4430 1122 1412 1368 1521 
4431 1367 1326 1542 1655 
4432 426 424 427 1389 
4433 1183 1141 1322 1641 
4434 1556 1000 1203 1499 
4435 286 1192 1546 1602 
4436 434 1289 1402 433 
4437 1440 1546 1251 1602 
4438 1247 1303 1129 1118 
4439 1183 1322 1141 1525 
4440 289 288 1533 1627 
4441 1016 1013 1037 1497 
4442 1211 1396 1355 1632 
4443 1687 822 1748 81 
4444 1341 1413 1172 1614 
4445 1261 1145 1421 1509 
4446 906 999 911 1432 
4447 1687 822 1648 1748 
4448 629 1342 743 1566 
4449 1147 1290 1208 1433 
4450 683 783 1202 1463 
4451 450 1255 453 486 
4452 714 1351 1197 1494 
4453 1406 1380 1184 1408 
4454 1113 1265 1237 1158 
4455 1138 1520 1541 1236 
4456 568 556 514 1209 
4457 209 1236 253 1451 
4458 1041 941 1260 1489 
4459 1113 1237 1265 1536 
4460 244 245 286 1192 
4461 1146 1219 1374 1471 
4462 752 1331 681 1414 
4463 1046 934 929 1248 
4464 1163 1331 1271 1134 
4465 434 1402 1254 1436 
4466 1193 1124 1366 1436 
4467 1748 1507 822 1648 
4468 628 631 1342 1636 
4469 876 933 874 1397 
4470 283 1452 50 1565 
4471 386 362 1295 1513 
4472 1593 1370 489 1501 
4473 1167 1401 1418 1617 
4474 651 1204 760 1588 
4475 391 131 1393 1449 
4476 1377 1485 1275 1582 
4477 1143 1248 1400 1508 
4478 1759 1316 319 1399 
4479 1094 1573 1465 1390 
4480 1186 1324 472 1447 
4481 1167 1368 1256 1412 
4482 778 1394 1340 1590 
4483 1619 1346 1257 1410 
4484 1711 1285 204 1565 
4485 691 1206 1419 1535 
4486 1189 1366 1559 1603 
4487 1701 847 92 608 
4488 1556 1000 1499 920 
4489 811 776 1257 1424 
4490 135 1425 1274 1595 
4491 1155 1360 1353 1659 
4492 843 1316 836 1495 
4493 1707 1701 847 92 
4494 1049 1573 1390 1508 
4495 1044 1462 1205 1024 
4496 1748 1507 1648 356 
4497 1675 517 1747 1492 
4498 826 1334 1277 1517 
4499 1736 60 325 1222 
4500 686 1200 687 1495 
4501 1160 1542 1383 1638 
4502 1357 517 1747 30 
4503 585 1552 1420 1664 
4504 1217 1166 1301 1364 
4505 978 1293 1508 1572 
4506 1304 1121 1479 1569 
4507 1127 1331 1271 1620 
4508 561 1183 1591 1593 
4509 1752 302 1356 1668 
4510 1434 343 238 169 
4511 1166 1425 1217 1622 
4512 659 1435 1314 1474 
4513 210 284 272 1186 
4514 1171 1308 1215 1584 
4515 775 801 1346 1410 
4516 697 1259 696 1435 
4517 625 1362 739 1423 
4518 761 1239 674 1481 
4519 1089 1090 1260 1605 
4520 980 1207 960 1512 
4521 1675 517 29 1747 
4522 921 1291 961 1518 
4523 1175 1400 1227 1630 
4524 428 1247 126 1660 
4525 317 1176 1316 316 
4526 513 1258 1352 1510 
4527 496 1306 1353 1659 
4528 1736 325 61 387 
4529 1117 1264 1389 1639 
4530 1248 1508 1143 1572 
4531 561 459 468 1593 
4532 1380 1408 1219 1471 
4533 1183 1141 1411 1525 
4534 608 1744 1286 809 
4535 608 1286 1701 1528 
4536 1492 517 1747 1186 
4537 960 1207 954 1406 
4538 1689 279 1295 1526 
4539 517 30 29 1747 
4540 1173 1379 1466 1503 
4541 1346 1410 1174 1461 
4542 1123 1416 1396 1551 
4543 1157 1314 1435 1125 
4544 1501 1426 1214 1329 
4545 1747 1186 517 1357 
4546 494 1310 1181 1468 
4547 1146 1184 1380 1471 
4548 437 473 562 1279 
4549 1629 1505 1211 757 
4550 929 1248 934 1462 
4551 489 1370 1329 1501 
4552 110 804 1700 111 
4553 1182 1394 1359 1139 
4554 889 1341 890 1638 
4555 894 1383 1367 1542 
4556 1050 947 979 1512 
4557 286 1546 336 1602 
4558 998 1184 999 1379 
4559 1406 1380 1408 1159 
4560 1583 1210 1404 1140 
4561 513 1352 420 1510 
4562 152 153 1746 1074 
4563 1117 1177 1250 1578 
4564 1271 1331 1127 1202 
4565 1131 1287 1231 1457 
4566 1104 1746 152 1705 
4567 801 1346 1257 1405 
4568 1166 1217 1301 1623 
4569 1139 1395 1332 1464 
4570 1074 1557 1746 1650 
4571 1246 1162 1469 1604 
4572 607 737 1278 814 
4573 1210 1309 454 1404 
4574 978 1508 974 1572 
4575 508 539 1452 1565 
4576 1585 1639 1229 1117 
4577 629 743 746 1566 
4578 1271 1331 1163 1620 
4579 1165 1309 1228 1415 
4580 720 808 843 1545 
4581 217 219 1533 1624 
4582 516 472 517 1186 
4583 408 1275 510 1485 
4584 1074 153 1746 1557 
4585 1161 1352 1527 1537 
4586 1213 1430 1170 1479 
4587 1519 832 1434 1312 
4588 761 1345 1239 1481 
4589 1491 579 438 498 
4590 1267 1490 1418 1614 
4591 1282 1421 1150 1456 
4592 1104 1746 1705 1650 
4593 1133 1214 1501 1567 
4594 578 1221 1579 499 
4595 1002 1063 1005 1326 
4596 987 1246 986 1469 
4597 610 831 820 1268 
4598 1147 1433 1274 1595 
4599 1154 1305 1234 1639 
4600 592 1238 482 1564 
4601 549 1375 1285 1437 
4602 177 1713 1283 246 
4603 1258 1266 1140 1583 
4604 1112 1418 1267 1490 
4605 669 1200 1442 1201 
4606 646 1355 1218 1382 
4607 1123 1355 1211 1396 
4608 564 1745 1673 41 
4609 1040 1190 143 870 
4610 564 1745 41 417 
4611 300 1334 1212 1609 
4612 1372 417 40 1745 
4613 1143 1413 1337 1572 
4614 654 1245 643 1359 
4615 1246 1376 1121 1555 
4616 1181 1541 1351 1661 
4617 228 1672 1398 215 
4618 1283 1192 1137 1470 
4619 525 1269 1411 1560 
4620 715 1197 680 714 
4621 705 785 761 1239 
4622 255 256 1357 1640 
4623 613 817 96 1313 
4624 1532 1151 1291 1153 
4625 791 1327 1220 1658 
4626 918 891 1010 1638 
4627 950 927 1368 1515 
4628 661 683 1331 1463 
4629 130 1194 1403 1656 
4630 438 436 579 1241 
4631 1132 1547 1273 1552 
4632 1287 1458 1429 1544 
4633 1199 1623 1502 1119 
4634 1273 1547 1178 1552 
4635 111 804 1700 1601 
4636 1264 1389 469 1487 
4637 1131 1377 1209 1477 
4638 1392 595 1564 1427 
4639 1612 314 1268 1410 
4640 417 41 40 1745 
4641 1412 1512 1607 1207 
4642 1470 1544 1255 1137 
4643 644 645 655 1394 
4644 1246 1469 987 1604 
4645 1367 919 895 1542 
4646 1024 1044 926 1205 
4647 1243 1557 1326 1616 
4648 1117 1250 1177 1423 
4649 1491 579 498 1366 
4650 1049 1573 1508 1060 
4651 236 1654 1307 237 
4652 362 1738 1295 1513 
4653 948 1308 1057 1408 
4654 1218 792 1382 1454 
4655 957 1515 862 1592 
4656 170 1312 1714 99 
4657 1178 1309 1165 1415 
4658 1146 1380 1261 1381 
4659 986 1246 985 1376 
4660 417 1275 1745 1372 
4661 1676 797 798 1226 
4662 462 1425 1553 1274 
4663 1229 1364 1301 1446 
4664 426 469 1264 1389 
4665 758 1327 711 1340 
4666 1124 1254 1402 1436 
4667 125 1304 1428 1479 
4668 1700 804 110 846 
4669 132 1320 1531 1657 
4670 960 1207 1406 1512 
4671 607 1758 814 1278 
4672 1092 1243 1106 1637 
4673 614 1744 1703 90 
4674 765 703 1251 1348 
4675 960 955 954 1207 
4676 428 125 1247 1486 
4677 1223 1440 1251 1602 
4678 1337 1413 1143 1418 
4679 1513 1176 318 1294 
4680 381 323 167 1482 
4681 1151 1412 1503 1607 
4682 887 1413 1293 1572 
4683 916 886 1023 1604 
4684 1199 1339 1336 1622 
4685 1167 1185 1515 1540 
4686 1162 1443 1383 1490 
4687 1127 1324 1271 1202 
4688 673 787 1361 1405 
4689 1368 1412 1460 1256 
4690 593 560 1283 1470 
4691 717 833 789 1354 
4692 90 809 1744 91 
4693 894 1367 895 1542 
4694 1434 343 169 1195 
4695 1750 168 1360 1674 
4696 1700 799 846 1609 
4697 646 648 792 1218 
4698 1305 1672 845 1398 
4699 795 1431 1179 1328 
4700 1700 799 804 846 
4701 228 1672 215 213 
4702 1413 1418 1337 1581 
4703 1679 401 1222 569 
4704 1148 1324 1254 1436 
4705 699 1373 1349 1566 
4706 472 1324 1186 1586 
4707 1173 1383 1300 1443 
4708 793 1373 1280 1454 
4709 931 1308 996 1408 
4710 1478 1498 1261 1555 
4711 441 1208 394 1433 
4712 1262 1411 459 1593 
4713 1570 708 740 794 
4714 1132 1552 1273 1567 
4715 1008 1326 919 1006 
4716 220 289 288 1533 
4717 1175 1508 1390 1573 
4718 1132 1420 1552 1567 
4719 829 1268 1410 1461 
4720 1184 1146 1365 1471 
4721 241 1335 193 1427 
4722 608 1744 91 1701 
4723 1580 1453 492 1306 
4724 625 739 622 1423 
4725 342 1434 1312 1534 
4726 219 1554 1533 1624 
4727 1148 1354 1202 1577 
4728 1439 1515 1185 1592 
4729 1146 1497 1213 1498 
4730 797 724 798 1226 
4731 1193 1124 1436 1148 
4732 824 715 806 1223 
4733 278 1689 279 1295 
4734 862 1515 1439 1592 
4735 733 620 1177 1644 
4736 1299 1389 1117 1487 
4737 880 879 881 1281 
4738 1005 1557 1007 1616 
4739 382 227 1222 1578 
4740 1276 1289 1225 1139 
4741 1491 515 498 485 
4742 448 556 1209 1449 
4743 1701 1286 379 1528 
4744 826 1277 1334 1475 
4745 1126 1229 1362 1652 
4746 286 1192 245 1546 
4747 793 1280 745 1454 
4748 614 1744 90 809 
4749 209 254 1677 1451 
4750 1233 1442 782 1563 
4751 239 1307 1682 1335 
4752 1347 1247 1163 1631 
4753 183 1726 1352 1510 
4754 1406 923 932 1408 
4755 1693 1041 864 1260 
4756 1239 1142 1435 1249 
4757 659 785 1435 1474 
4758 1034 1699 1369 1489 
4759 1066 1727 1369 1699 
4760 728 1362 1230 1444 
4761 1386 1431 1132 1558 
4762 960 1053 955 1207 
4763 1141 1269 1174 1560 
4764 1603 1495 1200 1350 
4765 595 1427 1335 1564 
4766 1744 1286 809 1391 
4767 281 332 1191 1565 
4768 1017 1430 1213 1479 
4769 1326 1367 1203 1655 
4770 127 1376 855 1574 
4771 800 2 62 1651 
4772 62 827 800 1651 
4773 558 1253 1370 1593 
4774 1012 1300 1013 1497 
4775 525 574 1269 1560 
4776 188 1759 1399 1687 
4777 1227 1400 1114 1630 
4778 1167 1185 1540 1401 
4779 132 1531 1320 1290 
4780 1444 1601 1212 1610 
4781 1162 1478 1341 1604 
4782 1136 1229 1305 1639 
4783 448 1209 451 1477 
4784 465 1193 554 1366 
4785 128 1303 1403 1493 
4786 1040 1190 870 941 
4787 686 1350 1200 1495 
4788 474 492 1453 1487 
4789 1200 1317 687 1495 
4790 944 942 1471 1219 
4791 757 755 759 1505 
4792 1438 1479 1428 1304 
4793 863 1053 980 1460 
4794 1295 1491 1366 1603 
4795 121 460 120 1332 
4796 709 699 1349 1566 
4797 97 815 613 1313 
4798 491 1306 492 1487 
4799 1156 1450 1263 1605 
4800 1583 1210 1140 1333 
4801 1030 855 127 1376 
4802 248 1504 1646 1661 
4803 1145 1421 1343 1555 
4804 721 1317 687 1201 
4805 1222 570 1299 1487 
4806 1145 1539 1246 1555 
4807 608 1744 1701 1286 
4808 624 1446 1229 1570 
4809 1215 1338 1171 1584 
4810 1502 1623 1342 1636 
4811 769 1348 1235 702 
4812 679 754 713 1458 
4813 874 875 876 1397 
4814 1177 620 1250 1644 
4815 448 1288 130 1449 
4816 615 1743 1697 107 
4817 1264 1453 1364 1511 
4818 1150 1421 1282 1555 
4819 1254 1271 1324 1202 
4820 1229 1126 1362 1511 
4821 382 227 214 1222 
4822 724 1305 1226 1576 
4823 1393 1208 1249 1157 
4824 1161 1258 1257 1527 
4825 615 1743 107 823 
4826 1564 514 1238 482 
4827 179 1269 1715 1445 
4828 1556 1611 1203 1000 
4829 1585 1639 1117 1234 
4830 1169 1194 1403 1551 
4831 1742 207 1696 1522 
4832 646 637 1355 1382 
4833 1267 1466 1151 1503 
4834 253 1451 1236 1520 
4835 1261 1498 1381 1555 
4836 691 1431 1206 1649 
4837 1253 1593 1183 1641 
4838 290 1253 1533 371 
4839 825 1232 828 1414 
4840 437 1241 438 1491 
4841 1743 107 823 108 
4842 714 680 713 1197 
4843 1261 1401 1145 1509 
4844 493 492 491 1306 
4845 255 1188 360 1640 
4846 677 1431 1386 1558 
4847 1343 1397 1145 1539 
4848 121 1225 1358 1430 
4849 709 710 796 1230 
4850 533 1253 594 1591 
4851 670 782 1442 1563 
4852 441 394 133 1433 
4853 1136 1229 1264 1364 
4854 1252 1483 1310 1544 
4855 894 896 895 1367 
4856 1743 1694 108 823 
4857 1117 1330 1299 1482 
4858 1273 1552 117 1664 
4859 527 1646 1504 1181 
4860 458 459 456 1262 
4861 1386 1558 1547 1658 
4862 880 912 1540 1543 
4863 1132 1524 1386 1571 
4864 1377 521 452 1608 
4865 1364 1453 1126 1511 
4866 823 1743 1334 1517 
4867 1755 209 1236 1504 
4868 1038 1368 940 1409 
4869 1133 1593 1253 1641 
4870 1406 1380 1159 1607 
4871 255 257 360 1188 
4872 454 583 457 1404 
4873 1743 1694 823 1334 
4874 931 1308 1408 1219 
4875 1143 1337 1462 1572 
4876 683 1354 786 1577 
4877 1159 1256 1412 1617 
4878 1229 1446 1301 1570 
4879 661 1463 1331 1626 
4880 1140 1346 1244 1484 
4881 651 652 648 1314 
4882 1246 1539 1196 1555 
4883 943 999 998 1471 
4884 977 1240 963 1321 
4885 728 1444 1230 1610 
4886 1333 513 1258 503 
4887 1230 1475 1212 1130 
4888 1030 1376 1304 1569 
4889 896 1367 894 1383 
4890 1226 1398 217 1624 
4891 1090 1076 1260 1489 
4892 1112 1267 1412 1503 
4893 1544 1252 1129 1631 
4894 255 257 1188 1520 
4895 1501 1426 1329 425 
4896 1281 1418 1478 1172 
4897 950 1368 1256 1515 
4898 502 501 490 1266 
4899 1611 1000 901 899 
4900 527 1468 1181 1236 
4901 580 1323 480 1538 
4902 1230 1311 1126 1652 
4903 1711 571 1285 403 
4904 796 1230 728 1362 
4905 1713 406 37 1669 
4906 63 62 1672 827 
4907 1619 1346 1410 1174 
4908 654 1463 661 1626 
4909 1128 1361 1272 1201 
4910 1044 1462 1024 934 
4911 1401 1418 1112 1478 
4912 1648 1559 1507 722 
4913 1500 1653 1647 1216 
4914 1191 1452 281 1565 
4915 1412 1512 1256 1159 
4916 658 657 650 1231 
4917 1714 1312 170 1434 
4918 1347 1247 1631 1129 
4919 182 1692 1232 357 
4920 1631 1629 1458 754 
4921 235 233 1275 1534 
4922 1477 452 449 450 
4923 950 927 949 1368 
4924 1517 1653 1455 1278 
4925 691 1419 725 1535 
4926 192 1716 1294 1538 
4927 497 394 443 1249 
4928 264 348 191 1278 
4929 597 2 1651 1695 
4930 1222 570 1487 491 
4931 1598 784 667 665 
4932 132 133 1290 1320 
4933 1256 1439 1042 1515 
4934 1629 1505 757 759 
4935 1590 656 665 664 
4936 1265 1237 1158 1358 
4937 1070 145 4 1699 
4938 683 707 681 1414 
4939 807 1322 617 838 
4940 1267 1400 1143 1521 
4941 1146 1300 1497 1498 
4942 255 1188 1451 1520 
4943 1152 1192 1372 1608 
4944 1131 1284 1477 1493 
4945 1338 1385 1168 1456 
4946 248 1541 1504 1661 
4947 1083 1630 1465 1086 
4948 719 843 836 1495 
4949 917 1248 1462 1572 
4950 298 314 297 1268 
4951 1593 489 488 1501 
4952 683 1414 1202 1577 
4953 1567 1641 1262 1133 
4954 1355 1396 1164 1632 
4955 1612 314 1410 313 
4956 1564 514 482 478 
4957 1086 1106 1092 1243 
4958 1585 1672 1651 731 
4959 179 1445 1715 14 
4960 1562 1599 1313 1152 
4961 549 1360 1285 1375 
4962 1676 797 1226 1627 
4963 938 983 1046 1390 
4964 1102 1523 1321 1548 
4965 1008 1326 1006 1616 
4966 1228 1332 460 1472 
4967 1406 932 923 915 
4968 1177 1155 1444 1522 
4969 677 1558 1386 1658 
4970 1519 1534 1582 1312 
4971 1279 588 1294 1491 
4972 667 673 1272 1484 
4973 126 428 125 1247 
4974 730 826 1277 1517 
4975 548 1371 466 1436 
4976 1184 1503 1380 1607 
4977 192 1294 1716 21 
4978 980 857 140 1512 
4979 724 1226 797 1576 
4980 1094 1573 1390 1075 
4981 768 1235 1519 1588 
4982 1368 1460 1412 1122 
4983 1171 1385 1265 1529 
4984 1556 1000 920 901 
4985 1195 1441 849 1481 
4986 705 697 1435 1455 
4987 434 1506 1254 1289 
4988 257 1391 1188 1520 
4989 796 1230 1362 1652 
4990 430 1310 1483 486 
4991 1121 1344 1469 1498 
4992 1070 1078 145 1699 
4993 298 1525 1612 1268 
4994 1347 1247 1129 1118 
4995 1534 1582 1312 1562 
4996 1131 1284 1255 1477 
4997 1556 1611 1000 901 
4998 457 455 1210 1560 
4999 1275 1534 233 1562 
5000 115 116 399 1426 
5001 1392 595 1427 505 
5002 1201 1590 665 1598 
5003 171 255 256 1357 
5004 1270 1467 873 1596 
5005 970 1196 971 1539 
5006 741 1301 1459 1636 
5007 785 674 761 1239 
5008 381 323 1482 1651 
5009 132 1290 394 1393 
5010 1171 1385 1338 1456 
5011 592 416 1307 1335 
5012 636 638 637 1480 
5013 495 1329 489 1370 
5014 1117 1423 1177 1511 
5015 1513 1189 1603 1295 
5016 1513 1189 1295 386 
5017 413 1750 520 1360 
5018 1713 406 532 37 
5019 1620 1331 1387 1297 
5020 432 1296 1468 1666 
5021 1196 1407 1150 1656 
5022 1133 1501 1262 1567 
5023 554 1295 1526 404 
5024 970 1476 1196 1539 
5025 650 1231 1378 1635 
5026 1404 1472 1266 1272 
5027 947 1406 937 932 
5028 1651 1117 1250 1482 
5029 1133 1298 1533 1627 
5030 1367 895 919 897 
5031 1222 1487 1117 1511 
5032 1192 1251 1546 1602 
5033 748 712 791 1220 
5034 1185 1401 1397 1540 
5035 1231 1457 1378 1642 
5036 1651 1672 62 827 
5037 467 560 453 1470 
5038 509 510 511 1377 
5039 1381 1498 1121 1555 
5040 909 991 892 1341 
5041 154 155 1637 1101 
5042 995 981 931 1219 
5043 1699 1100 4 1070 
5044 1719 1528 806 1707 
5045 976 1741 1473 1068 
5046 424 1329 427 1389 
5047 549 571 403 1285 
5048 457 1210 1333 1560 
5049 247 248 1646 1661 
5050 702 675 764 1348 
5051 528 411 483 1330 
5052 578 1221 499 1580 
5053 1245 643 1359 1575 
5054 921 961 907 1518 
5055 1159 1412 1607 1617 
5056 1021 1508 1621 1573 
5057 950 856 1256 1368 
5058 1247 1252 1129 1660 
5059 959 1052 1270 1592 
5060 655 1394 656 1442 
5061 298 1525 1268 295 
5062 1153 1190 1369 1450 
5063 869 947 1057 1319 
5064 467 1470 453 1608 
5065 3 1338 1215 1584 
5066 1255 1377 1131 1477 
5067 709 1311 746 1566 
5068 845 1672 611 1398 
5069 1265 1529 1385 1178 
5070 1119 1217 1622 1623 
5071 1247 1252 1163 1631 
5072 1129 1252 1247 1631 
5073 766 815 605 1312 
5074 1101 1637 154 1099 
5075 721 732 1317 1361 
5076 503 1258 1333 1583 
5077 1318 1492 1186 1643 
5078 978 1293 918 1621 
5079 297 199 295 1268 
5080 1649 684 1244 1461 
5081 188 1759 1687 80 
5082 496 492 493 1306 
5083 658 1458 1231 1629 
5084 731 1672 1651 827 
5085 1341 1478 1172 1604 
5086 1567 1641 1524 1262 
5087 1148 1224 1354 1577 
5088 271 268 273 1371 
5089 635 1187 1480 1502 
5090 1603 1491 1200 1135 
5091 1093 1548 1523 1102 
5092 1598 784 665 1201 
5093 1683 1750 322 1360 
5094 1112 1478 1418 1490 
5095 872 873 1270 1467 
5096 628 627 1301 1446 
5097 1315 1481 1474 1606 
5098 1699 1753 144 4 
5099 238 1434 1534 1654 
5100 1139 1516 1464 1200 
5101 1134 1463 1331 1202 
5102 1199 1623 1119 1622 
5103 791 711 758 1327 
5104 1247 125 1428 1486 
5105 398 1252 1634 1660 
5106 879 1281 880 1540 
5107 923 924 931 1471 
5108 1699 1070 1078 1369 
5109 325 1679 214 387 
5110 791 748 1220 1502 
5111 1194 1116 1320 1531 
5112 273 1526 1193 1594 
5113 910 1406 954 1432 
5114 1222 1117 1482 1578 
5115 654 1359 653 1463 
5116 1345 1500 1278 1647 
5117 984 971 970 1196 
5118 1293 1143 1508 1572 
5119 1692 1232 357 1549 
5120 495 1329 1370 1615 
5121 1392 595 505 477 
5122 1132 1210 1524 1571 
5123 863 142 1325 1460 
5124 1347 1387 1163 1626 
5125 125 126 1247 1428 
5126 840 1742 1696 1444 
5127 395 436 437 1464 
5128 1089 1090 1076 1260 
5129 1276 1289 1134 1506 
5130 763 666 711 1327 
5131 630 629 628 1342 
5132 1142 1157 1259 1435 
5133 985 986 987 1246 
5134 1737 341 1318 1691 
5135 840 1742 1444 606 
5136 1230 1349 1130 1597 
5137 378 1719 1223 194 
5138 1275 521 417 511 
5139 1320 1336 1116 1168 
5140 917 1248 1572 935 
5141 139 1256 140 1512 
5142 976 1532 962 1064 
5143 447 1249 443 1392 
5144 525 1411 1269 1488 
5145 1241 1366 1491 1603 
5146 1016 1017 851 1213 
5147 683 1354 1577 1202 
5148 1116 1218 1382 1454 
5149 1476 953 1343 1539 
5150 1474 1481 1239 1606 
5151 1147 1290 1433 1595 
5152 1476 953 1539 852 
5153 502 1323 580 1352 
5154 1070 1369 1699 1489 
5155 1304 127 1030 126 
5156 737 1278 729 1455 
5157 1721 171 1357 1451 
5158 481 595 1335 1564 
5159 606 111 112 1742 
5160 302 1356 1668 1424 
5161 1446 624 627 1570 
5162 132 1290 1393 1531 
5163 783 653 782 1463 
5164 665 1590 666 1598 
5165 1185 1145 1397 1401 
5166 1222 570 491 401 
5167 120 1228 119 1415 
5168 736 837 599 1434 
5169 243 241 193 1427 
5170 1279 1491 1135 1200 
5171 1602 177 259 286 
5172 1153 1325 1291 1589 
5173 130 1194 1656 1657 
5174 1222 1117 1299 1482 
5175 532 1283 1713 1646 
5176 978 1508 1293 1621 
5177 734 706 685 1315 
5178 1387 751 682 749 
5179 1143 1293 1400 1587 
5180 982 1033 1308 1584 
5181 508 506 559 1437 
5182 1191 1384 1437 1568 
5183 1264 1364 1229 1511 
5184 1232 1188 1549 1297 
5185 730 1277 1455 1517 
5186 1056 1198 1003 1650 
5187 1221 1274 1147 1433 
5188 1508 1573 1175 1621 
5189 291 1724 293 198 
5190 494 1252 1468 429 
5191 1133 1419 1298 1627 
5192 599 849 734 1195 
5193 666 1590 1327 1598 
5194 1314 1435 659 1633 
5195 111 1742 606 1601 
5196 774 1346 801 1405 
5197 988 987 1469 1604 
5198 508 539 540 1452 
5199 1176 1356 1537 1550 
5200 1214 1136 1329 1426 
5201 1114 1326 1203 1655 
5202 1651 1117 1482 1234 
5203 1121 1213 1344 1498 
5204 1742 1444 606 1601 
5205 1146 1380 1219 1471 
5206 628 626 627 1446 
5207 639 641 1302 1575 
5208 281 332 385 1191 
5209 290 1627 1533 1298 
5210 1271 1296 1127 1620 
5211 1189 1559 1193 1594 
5212 1196 1150 1476 1656 
5213 1210 1132 1420 1552 
5214 949 927 925 1543 
5215 1172 1478 1341 1490 
5216 1166 1280 1622 1342 
5217 696 660 1435 1633 
5218 209 251 253 1236 
5219 676 1287 658 1458 
5220 1629 1505 759 1347 
5221 979 138 1319 869 
5222 149 150 1741 1073 
5223 1259 1142 1277 1568 
5224 952 933 876 1397 
5225 121 122 1225 1430 
5226 1341 1478 1162 1490 
5227 1112 1466 1267 1503 
5228 1166 1622 1217 1623 
5229 1384 1647 1249 1142 
5230 1322 1535 1419 1641 
5231 133 1320 1467 1595 
5232 282 1697 1517 349 
5233 721 687 779 1201 
5234 1386 1547 1132 1571 
5235 836 1759 602 1399 
5236 373 1212 226 1600 
5237 1390 1465 1175 1573 
5238 1158 1363 1358 1662 
5239 1195 1149 1441 1481 
5240 1221 1433 582 1274 
5241 1117 1264 1229 1511 
5242 159 158 1075 1698 
5243 1150 1194 1320 1657 
5244 922 1240 1518 1532 
5245 1629 1505 1347 1211 
5246 1150 1320 1194 1530 
5247 1151 1432 1207 1607 
5248 680 679 713 1458 
5249 838 1419 1535 725 
5250 1220 748 1558 1636 
5251 1698 1718 1048 1390 
5252 1335 1427 241 1628 
5253 1016 1213 1015 1497 
5254 752 1331 1414 1297 
5255 1681 1757 1434 169 
5256 1734 1075 158 1698 
5257 1287 1429 1137 1544 
5258 1152 1372 1192 1546 
5259 1300 1365 1146 1497 
5260 1734 1075 1698 1573 
5261 711 1340 1327 1590 
5262 383 1234 228 381 
5263 1259 1277 1142 1455 
5264 543 1183 1591 561 
5265 1143 1462 1337 1521 
5266 1219 1308 1115 1496 
5267 1115 1456 1282 1496 
5268 1120 1358 1265 1415 
5269 195 1546 336 261 
5270 1203 1151 1379 1556 
5271 1233 1289 1134 1139 
5272 856 1256 1368 1460 
5273 666 711 1327 1590 
5274 317 1176 316 318 
5275 1133 1533 1226 1627 
5276 936 1044 1205 926 
5277 1017 1430 1479 123 
5278 1255 1377 452 1608 
5279 818 828 825 1232 
5280 574 419 1269 1445 
5281 910 911 1406 1432 
5282 1205 1337 1462 1521 
5283 233 197 235 1275 
5284 1532 1151 1153 1240 
5285 988 909 1029 1604 
5286 796 710 728 1230 
5287 1144 1275 1485 1582 
5288 1131 1477 1288 1493 
5289 1075 1390 1698 1573 
5290 505 1392 1216 1427 
5291 1532 1151 1240 1518 
5292 817 765 1251 1313 
5293 950 856 1042 1256 
5294 1347 1247 1118 1163 
5295 769 1348 702 764 
5296 1056 1499 1001 1003 
5297 1276 1428 124 1486 
5298 1501 1426 425 1664 
5299 1160 1267 1587 1614 
5300 311 309 310 1257 
5301 1197 1310 1137 1544 
5302 1197 1429 1458 1544 
5303 1084 1263 1450 1605 
5304 735 736 734 1519 
5305 1438 1428 1169 1304 
5306 1034 1699 1489 144 
5307 286 245 336 1546 
5308 569 547 493 1353 
5309 1184 1379 1365 1503 
5310 715 1197 714 1351 
5311 1162 1246 1478 1604 
5312 643 654 772 1245 
5313 1149 1195 1441 1628 
5314 1524 1641 1206 1535 
5315 36 532 1713 1646 
5316 856 1368 1038 1460 
5317 698 697 704 1259 
5318 268 354 273 1561 
5319 1191 1568 1277 1653 
5320 1136 1217 1364 1553 
5321 1695 1651 597 1250 
5322 966 1727 1473 1369 
5323 829 1410 775 1461 
5324 879 880 878 1540 
5325 461 500 1404 1583 
5326 1266 1128 1472 1550 
5327 640 1355 637 1632 
5328 1205 1368 1122 1409 
5329 1392 595 477 1564 
5330 1229 1117 1423 1585 
5331 844 77 78 1686 
5332 1173 1300 1383 1613 
5333 1125 1204 1474 1588 
5334 1017 1430 123 851 
5335 584 128 393 1284 
5336 712 1220 748 1558 
5337 1291 1432 1151 1518 
5338 438 437 436 1241 
5339 1161 1537 1356 1550 
5340 453 1470 1255 1608 
5341 1213 1374 1158 1430 
5342 1126 1229 1364 1511 
5343 120 392 119 1228 
5344 1158 1374 1213 1381 
5345 1213 1374 1146 1381 
5346 1146 1261 1380 1443 
5347 927 1540 912 1543 
5348 183 1510 1352 1527 
5349 1741 1107 149 1073 
5350 1194 1150 1656 1657 
5351 1301 1446 627 1570 
5352 169 1195 242 1441 
5353 1698 1718 159 1048 
5354 1471 998 1018 1365 
5355 1257 1405 1161 1424 
5356 735 734 685 1315 
5357 947 1406 932 1408 
5358 1596 1421 1467 1150 
5359 1217 1426 115 1553 
5360 306 1527 183 1352 
5361 1741 1523 1073 150 
5362 884 967 1337 1462 
5363 506 1579 444 1437 
5364 472 596 517 1186 
5365 628 1301 741 1636 
5366 1580 492 1453 463 
5367 1028 1417 1246 1604 
5368 128 1403 1303 1574 
5369 1008 1009 1010 1227 
5370 1131 1348 1287 1457 
5371 1093 1548 1102 1082 
5372 1133 1226 1576 1627 
5373 1519 832 1312 803 
5374 1049 1248 1390 938 
5375 1154 1422 1330 1624 
5376 425 489 1329 1501 
5377 291 1724 198 1298 
5378 1689 515 404 1295 
5379 325 382 214 1222 
5380 264 1702 1278 351 
5381 418 1216 522 1452 
5382 217 219 220 1533 
5383 209 1755 1236 1451 
5384 765 764 1348 1599 
5385 543 1183 561 468 
5386 296 1488 1269 1525 
5387 1279 588 1491 471 
5388 434 1254 435 1436 
5389 1491 515 485 1738 
5390 1196 1376 1246 1555 
5391 1649 684 1461 770 
5392 1199 1336 1280 1622 
5393 1719 1223 194 1440 
5394 732 787 788 1361 
5395 772 643 1245 1575 
5396 550 483 411 1330 
5397 917 1248 935 929 
5398 1476 1656 1150 1657 
5399 615 1743 1517 1697 
5400 793 695 1373 1454 
5401 1141 1535 1322 1641 
5402 1602 177 286 1192 
5403 743 633 745 1280 
5404 1116 1280 1336 1618 
5405 955 1027 956 1291 
5406 345 181 1441 1500 
5407 465 434 439 1436 
5408 1298 1627 1724 198 
5409 1242 1305 708 1576 
5410 124 1276 1486 1506 
5411 780 722 688 1350 
5412 1651 1117 1234 1585 
5413 221 214 227 1353 
5414 810 1752 609 1356 
5415 1477 452 450 1255 
5416 1016 851 1015 1213 
5417 1376 1574 1304 1667 
5418 1345 1455 1239 1647 
5419 1123 1211 1355 1635 
5420 1112 1401 1261 1509 
5421 1194 1169 1407 1551 
5422 778 642 639 1340 
5423 1123 1378 1231 1635 
5424 639 642 641 1575 
5425 140 1256 856 1460 
5426 915 910 911 1406 
5427 616 844 78 1686 
5428 1122 1409 1368 1460 
5429 306 1527 1352 1537 
5430 592 482 481 1564 
5431 1321 1663 1198 1114 
5432 1194 1169 1403 1656 
5433 842 1297 753 1391 
5434 807 1322 1298 1724 
5435 1233 1516 1289 1139 
5436 1653 348 1278 282 
5437 1737 618 1691 1318 
5438 826 781 1277 1475 
5439 439 434 435 1436 
5440 1365 1379 1173 1503 
5441 635 1480 634 1502 
5442 743 633 1280 1342 
5443 590 490 461 1472 
5444 809 1286 842 1391 
5445 745 792 1382 747 
5446 1523 1741 1102 1321 
5447 1645 354 1561 1224 
5448 290 1627 1298 198 
5449 1200 1317 1128 1201 
5450 1556 1611 901 1379 
5451 658 1231 650 1629 
5452 852 1476 970 1539 
5453 1084 1465 1263 1605 
5454 1523 1102 1741 1073 
5455 595 534 1335 1427 
5456 1544 1129 1252 1483 
5457 1116 1531 1416 1665 
5458 303 1424 308 1537 
5459 744 795 1558 1636 
5460 319 1728 1316 1759 
5461 1184 1432 1379 1503 
5462 760 649 657 1457 
5463 1276 1139 1182 1625 
5464 1227 1616 1009 1621 
5465 1009 1227 1008 1616 
5466 1645 354 1224 201 
5467 319 1728 1759 79 
5468 1691 816 1740 1645 
5469 592 481 1335 1564 
5470 584 1284 450 486 
5471 362 1738 1513 205 
5472 738 708 740 1305 
5473 1222 1306 1487 1511 
5474 1194 1407 1169 1656 
5475 779 687 669 1201 
5476 692 693 694 1576 
5477 1550 1538 1323 1537 
5478 242 1195 343 1654 
5479 917 1248 929 1462 
5480 662 681 682 1331 
5481 1193 1148 1371 1561 
5482 905 1379 1518 1556 
5483 884 1413 885 1572 
5484 1386 1524 1244 1571 
5485 1202 1331 1127 1414 
5486 106 615 1697 107 
5487 1057 982 1033 1308 
5488 1023 1417 1028 1604 
5489 793 745 695 1454 
5490 1090 1450 1369 1489 
5491 1134 1359 1245 1463 
5492 1682 193 1335 1720 
5493 1168 1425 1336 1622 
5494 1321 1663 1114 1548 
5495 1048 983 938 1390 
5496 1438 1428 1479 1170 
5497 1697 1758 191 1278 
5498 1612 1141 1268 1525 
5499 474 1264 469 1487 
5500 570 1736 1299 545 
5501 1018 1365 1014 1497 
5502 309 1424 1257 1527 
5503 1139 1394 1201 1395 
5504 353 1286 1520 1541 
5505 661 683 681 1331 
5506 1691 816 85 1740 
5507 922 1518 961 1532 
5508 492 1580 1306 1659 
5509 1169 1574 1304 1303 
5510 1743 349 203 1517 
5511 1166 1622 1280 1336 
5512 1188 1296 1447 1666 
5513 728 1230 710 1610 
5514 976 1532 1473 1321 
5515 1387 751 749 1494 
5516 1169 1304 1574 1667 
5517 1265 1358 1158 1363 
5518 85 84 1740 816 
5519 714 713 749 1387 
5520 1461 1612 1174 1141 
5521 170 1312 342 1434 
5522 1307 1335 239 1654 
5523 253 1236 251 1520 
5524 1012 1013 1014 1497 
5525 1697 1758 106 191 
5526 236 1654 237 238 
5527 1158 1430 1374 1662 
5528 921 955 956 1291 
5529 1564 514 478 1448 
5530 1227 1114 1400 1587 
5531 221 1674 1717 1353 
5532 139 140 857 1512 
5533 855 1376 984 1574 
5534 799 1475 1609 1610 
5535 325 382 1222 1578 
5536 238 169 347 1434 
5537 400 1289 123 1506 
5538 877 875 1343 1397 
5539 795 1431 689 1558 
5540 327 206 375 1330 
5541 1113 1438 1237 1551 
5542 321 226 1285 1360 
5543 842 809 750 1286 
5544 1055 1260 1039 1514 
5545 1156 1263 1450 1122 
5546 697 696 660 1435 
5547 1114 1203 1466 1655 
5548 1249 1392 447 1448 
5549 684 1346 1244 1461 
5550 379 1744 1286 1701 
5551 1154 1226 1398 1305 
5552 1593 489 1370 558 
5553 451 1377 449 1477 
5554 1160 1293 1227 1638 
5555 1212 1601 373 1609 
5556 615 1278 1697 1517 
5557 1281 882 881 1581 
5558 1142 1239 1455 1647 
5559 1234 1154 1398 1305 
5560 1116 1416 1218 1665 
5561 1136 1305 1229 1570 
5562 454 118 1309 1552 
5563 840 1742 112 1696 
5564 140 1042 856 1256 
5565 1220 1502 748 1636 
5566 706 734 849 1481 
5567 795 1328 690 1431 
5568 976 1473 1532 1064 
5569 1183 370 1488 1591 
5570 1154 1398 1226 1624 
5571 139 1439 1256 1512 
5572 485 576 421 1294 
5573 443 394 442 1208 
5574 239 1307 44 1682 
5575 712 791 1220 1658 
5576 176 10 1591 1725 
5577 1139 1464 1332 1200 
5578 221 1674 1353 168 
5579 913 1024 926 1543 
5580 1136 1426 1217 1553 
5581 971 1417 1025 1539 
5582 1379 1432 1151 1503 
5583 880 1337 913 1543 
5584 447 1448 1392 1564 
5585 1693 1095 1076 1260 
5586 195 1313 96 1440 
5587 662 661 1331 1626 
5588 568 451 1209 1485 
5589 361 1391 1703 1549 
5590 269 1561 1318 1645 
5591 731 1672 827 611 
5592 405 533 594 1591 
5593 443 446 1392 1384 
5594 714 1387 749 1494 
5595 536 502 580 1352 
5596 1740 612 1645 816 
5597 116 1529 1338 1584 
5598 353 1520 251 1541 
5599 1740 612 816 84 
5600 863 141 142 1460 
5601 1684 573 1739 8 
5602 112 840 1696 113 
5603 303 1356 1424 1537 
5604 765 764 703 1348 
5605 406 532 593 1283 
5606 1158 1219 1363 1662 
5607 1536 1302 1164 1237 
5608 1233 1463 1134 1254 
5609 721 779 784 1201 
5610 1260 1292 1111 1605 
5611 833 612 1224 1507 
5612 1742 1522 1696 1444 
5613 1194 1150 1407 1656 
5614 1281 881 882 879 
5615 1134 1289 1276 1139 
5616 1228 1128 1332 1472 
5617 573 8 7 1739 
5618 1035 1479 1304 125 
5619 888 886 916 1604 
5620 1035 1479 125 867 
5621 961 1518 1291 1532 
5622 1325 1412 1122 1151 
5623 1136 1305 1242 1639 
5624 370 1298 1322 291 
5625 1134 1289 1254 1506 
5626 1300 1383 1162 1443 
5627 442 1384 1208 1579 
5628 1126 1580 1453 1274 
5629 1172 1418 1478 1490 
5630 1306 1453 1126 1580 
5631 451 510 1377 1485 
5632 434 1289 433 400 
5633 1138 1468 1236 1181 
5634 1545 732 609 1356 
5635 1083 1548 1263 1663 
5636 242 1628 1195 1654 
5637 1112 1412 1267 1418 
5638 1224 1148 1561 1645 
5639 840 1730 1644 1696 
5640 242 1441 1195 1628 
5641 1684 573 1554 1739 
5642 1156 1263 1465 1605 
5643 1161 1257 1424 1527 
5644 983 1292 1718 161 
5645 1109 1072 1111 1292 
5646 1279 1128 1332 1200 
5647 1221 1580 1126 1274 
5648 768 1457 1235 1588 
5649 1438 1428 1170 1237 
5650 801 1257 776 1405 
5651 1438 1428 1237 1169 
5652 1183 1411 1262 1593 
5653 1711 571 1683 1285 
5654 574 530 419 1445 
5655 840 1730 619 1644 
5656 558 489 524 1593 
5657 1307 416 44 1682 
5658 1227 1293 1160 1587 
5659 738 731 845 1305 
5660 1136 1364 1264 1553 
5661 133 1467 1320 1596 
5662 819 836 843 1316 
5663 1035 1479 867 1569 
5664 1121 1469 1344 1569 
5665 1114 1630 1263 1663 
5666 469 474 426 1264 
5667 831 1268 829 1461 
5668 1446 627 624 626 
5669 1228 1472 1404 1272 
5670 505 522 418 1216 
5671 1028 1025 971 1417 
5672 386 362 277 1295 
5673 882 1281 1417 1581 
5674 1153 1369 1473 1548 
5675 1342 633 632 630 
5676 673 787 784 1361 
5677 585 117 1552 1664 
5678 708 1305 724 1576 
5679 1291 1325 1027 1589 
5680 938 1046 929 1248 
5681 1191 1452 1384 1653 
5682 1739 1704 7 573 
5683 803 605 832 1312 
5684 1138 1387 1297 1620 
5685 1224 1577 1148 1645 
5686 522 1452 1216 1384 
5687 549 519 1360 1375 
5688 866 968 1343 1596 
5689 864 1732 1260 972 
5690 1121 1282 1381 1555 
5691 1113 1407 1438 1551 
5692 628 741 631 1636 
5693 778 1340 711 1590 
5694 1198 1557 1243 1663 
5695 304 1356 303 1537 
5696 1739 1704 573 1422 
5697 1318 1691 352 1645 
5698 764 675 703 1348 
5699 1114 1227 1326 1655 
5700 686 780 1350 1495 
5701 317 1399 1316 1513 
5702 224 1742 1601 1522 
5703 1243 1326 1227 1616 
5704 840 1444 1696 1644 
5705 1224 789 1354 1577 
5706 1238 1335 1307 1654 
5707 1153 1190 1450 1122 
5708 549 578 1437 507 
5709 1214 1567 1273 1664 
5710 1315 1519 1235 1588 
5711 1739 1422 573 1554 
5712 409 580 480 1538 
5713 576 23 22 1738 
5714 1317 1361 1128 1201 
5715 494 1252 429 430 
5716 768 1457 1588 760 
5717 475 128 584 1284 
5718 640 646 637 1355 
5719 1738 1294 22 576 
5720 693 1328 795 1459 
5721 296 1269 368 1525 
5722 307 1752 1545 1686 
5723 1738 576 23 515 
5724 1202 1134 1463 1254 
5725 1163 1387 1347 1631 
5726 522 1392 1384 1216 
5727 820 831 838 1322 
5728 309 1257 311 1619 
5729 1278 1455 1647 1653 
5730 1442 1516 1350 1563 
5731 1112 1261 1401 1478 
5732 1351 1286 805 1528 
5733 701 756 1347 1626 
5734 852 970 969 1539 
5735 169 343 242 1195 
5736 828 1414 1232 1297 
5737 274 1295 1526 1594 
5738 490 1266 461 1472 
5739 959 1052 872 1270 
5740 1309 1547 1132 1552 
5741 1035 1479 1569 1304 
5742 1123 1403 1303 1493 
5743 806 835 824 1223 
5744 1304 1428 1169 1303 
5745 1172 1418 1413 1581 
5746 1177 1250 620 1423 
5747 653 644 782 1359 
5748 1041 941 864 1260 
5749 1153 1450 1369 1548 
5750 249 344 194 1223 
5751 254 1721 1677 1451 
5752 741 1301 627 1459 
5753 373 1212 1600 1601 
5754 767 817 1251 1440 
5755 133 873 1467 1596 
5756 1302 1505 1118 1625 
5757 1751 600 74 1680 
5758 1179 1459 1301 1636 
5759 454 396 118 1552 
5760 709 746 699 1566 
5761 1282 1381 1115 1496 
5762 378 1719 194 93 
5763 362 1738 205 278 
5764 1210 1404 1140 1571 
5765 758 711 778 1340 
5766 1199 1480 1187 1502 
5767 1123 1355 1396 1416 
5768 1164 1396 1355 1416 
5769 1413 884 883 1581 
5770 1035 1030 1304 1569 
5771 1193 1371 1148 1436 
5772 946 944 1018 1374 
5773 1235 1315 1144 1519 
5774 1150 1282 1456 1530 
5775 437 471 1279 1491 
5776 1274 582 134 1433 
5777 1513 1603 1399 1135 
5778 1236 251 1520 1541 
5779 1302 1575 1505 1625 
5780 1738 485 1294 576 
5781 694 708 724 1576 
5782 492 1306 496 1659 
5783 1006 1326 1005 1616 
5784 309 308 1424 1527 
5785 1738 485 576 515 
5786 1199 1280 1342 1622 
5787 1142 1647 1455 1653 
5788 1090 1369 1070 1489 
5789 169 242 346 1441 
5790 1686 616 844 1545 
5791 1350 1124 1559 1563 
5792 692 690 693 1328 
5793 929 928 917 1462 
5794 1470 1544 1137 1310 
5795 1229 1362 1423 1511 
5796 837 1714 1434 832 
5797 1245 1163 1347 1118 
5798 1123 1231 1378 1642 
5799 290 1627 198 289 
5800 992 1037 1300 1344 
5801 1170 1158 1237 1358 
5802 901 902 1379 1611 
5803 1595 1166 1425 1274 
5804 1619 1346 1174 1258 
5805 1126 1446 1229 1652 
5806 1161 1352 1258 1527 
5807 1350 1442 1200 1516 
5808 1710 1675 414 28 
5809 522 508 1452 1384 
5810 1694 846 1700 109 
5811 742 629 1311 1446 
5812 1240 1151 1153 1114 
5813 475 1483 1284 486 
5814 1230 1126 1362 1652 
5815 985 984 855 1376 
5816 1412 1418 1167 1521 
5817 1197 1138 1387 1494 
5818 478 1448 447 1564 
5819 135 1274 134 1595 
5820 675 676 703 1287 
5821 1010 893 1542 1638 
5822 912 880 913 1543 
5823 1654 1149 1195 1238 
5824 141 1038 142 1460 
5825 1160 1383 1341 1638 
5826 499 1221 582 1274 
5827 506 1579 1437 1384 
5828 1649 684 770 672 
5829 551 1755 412 33 
5830 381 1234 213 1651 
5831 1191 1384 1568 1653 
5832 228 213 381 1234 
5833 1122 1368 1205 1521 
5834 109 1700 110 846 
5835 425 489 495 1329 
5836 905 903 1379 1556 
5837 625 1446 742 1652 
5838 1116 1382 1218 1416 
5839 1150 1194 1407 1530 
5840 414 1710 1371 1492 
5841 757 1632 1211 1635 
5842 1534 1582 1562 1275 
5843 1504 1541 1181 1661 
5844 704 730 1277 1455 
5845 769 768 1235 1519 
5846 545 483 550 1299 
5847 168 223 322 1360 
5848 1083 1263 1084 1465 
5849 522 1392 1216 505 
5850 701 756 754 1347 
5851 1167 1185 1401 1617 
5852 948 1057 947 1408 
5853 1167 1185 1617 1515 
5854 1513 1603 1135 1491 
5855 292 291 290 1298 
5856 1327 1598 1165 1658 
5857 1460 1412 1512 1256 
5858 1649 684 672 1244 
5859 457 1404 500 1583 
5860 1263 1465 1400 1156 
5861 501 1258 503 1583 
5862 1210 1140 1333 1174 
5863 1121 1381 1282 1438 
5864 697 698 696 1259 
5865 781 730 826 1277 
5866 1712 206 1330 1704 
5867 643 644 1359 1575 
5868 918 1293 889 1638 
5869 326 166 59 1578 
5870 1008 1227 1010 1542 
5871 750 1286 805 1494 
5872 136 1067 3 1215 
5873 344 1602 1223 1661 
5874 594 1253 558 1593 
5875 673 784 667 1272 
5876 307 1752 1686 77 
5877 643 642 644 1575 
5878 234 1534 1312 1562 
5879 788 810 1356 1424 
5880 128 127 1574 1303 
5881 689 1431 677 1558 
5882 1556 1611 1379 1203 
5883 582 1221 499 1579 
5884 1226 1305 1242 1576 
5885 129 130 1288 1403 
5886 1464 1516 1241 1200 
5887 1694 846 1609 1700 
5888 319 1316 317 1399 
5889 554 1295 404 498 
5890 651 659 1314 1474 
5891 323 58 59 1651 
5892 1277 1568 1142 1653 
5893 866 968 875 1343 
5894 1129 1211 1347 1118 
5895 1710 537 1371 1670 
5896 355 1612 1445 1619 
5897 236 1654 238 1534 
5898 1460 1512 1412 1207 
5899 1119 1385 1529 1178 
5900 1118 1625 1245 1134 
5901 1476 953 852 968 
5902 1737 825 1232 818 
5903 963 977 1069 1240 
5904 1360 1375 519 1659 
5905 903 901 1379 1556 
5906 676 675 658 1287 
5907 543 12 11 1488 
5908 383 1299 1330 1482 
5909 1318 1561 1148 1645 
5910 270 1492 1318 1561 
5911 1251 1313 1152 1546 
5912 421 531 588 1294 
5913 1341 1383 1160 1490 
5914 1278 1455 1345 1647 
5915 283 281 1452 1565 
5916 1208 1147 1433 1597 
5917 963 1321 1240 1532 
5918 630 628 631 1342 
5919 1145 1417 1246 1539 
5920 1248 1390 1175 1508 
5921 862 1042 1439 1515 
5922 11 543 1488 1591 
5923 1209 1485 1377 1582 
5924 1105 1072 1110 1292 
5925 1737 87 86 818 
5926 1476 953 968 1343 
5927 1267 1418 1412 1521 
5928 1596 1421 1150 1343 
5929 1413 883 884 885 
5930 1737 1692 87 818 
5931 1049 1248 938 935 
5932 534 481 595 1335 
5933 1531 131 1180 1393 
5934 903 904 905 1379 
5935 1751 310 212 1257 
5936 125 124 1428 1486 
5937 1682 193 1720 45 
5938 307 1752 77 186 
5939 667 671 673 1484 
5940 1313 1546 337 1562 
5941 427 1389 1329 1615 
5942 673 776 787 1405 
5943 472 1324 464 1447 
5944 368 1525 1269 1612 
5945 1713 1283 246 1646 
5946 1737 618 818 86 
5947 1112 1443 1261 1478 
5948 1157 1373 1259 1435 
5949 1311 1349 1147 1566 
5950 1170 1225 1430 1358 
5951 1016 1037 1031 1344 
5952 1218 1454 1116 1665 
5953 1079 1369 1090 1450 
5954 400 123 124 1506 
5955 1397 1401 1281 1540 
5956 1419 1535 1206 1641 
5957 1173 1383 1367 1613 
5958 1126 1364 1229 1446 
5959 525 577 574 1560 
5960 1121 1381 1213 1498 
5961 1130 1349 1568 1597 
5962 228 383 327 1330 
5963 1517 1455 1653 1277 
5964 1162 1383 1341 1490 
5965 276 1594 1507 1648 
5966 917 1462 884 1572 
5967 1393 1449 1180 1125 
5968 325 166 382 1578 
5969 1318 1148 1577 1645 
5970 968 1476 1343 1596 
5971 463 591 492 1453 
5972 559 1437 1285 1565 
5973 589 434 465 1402 
5974 795 744 741 1636 
5975 651 760 663 1588 
5976 1514 972 973 1055 
5977 234 233 1534 1562 
5978 772 1245 654 1626 
5979 992 1032 991 1383 
5980 254 1721 1451 171 
5981 1648 1594 1559 1189 
5982 1042 1256 139 1439 
5983 656 655 645 1394 
5984 1339 1536 1164 1551 
5985 794 693 795 1459 
5986 903 901 902 1379 
5987 956 1291 1027 1589 
5988 331 1212 300 1334 
5989 298 1525 295 368 
5990 909 1341 1029 1604 
5991 1514 972 1055 1260 
5992 1143 1400 1267 1587 
5993 1113 1385 1456 1530 
5994 1255 1470 1192 1608 
5995 1351 805 1286 1494 
5996 562 395 437 1332 
5997 1240 1203 1499 1556 
5998 1127 1186 1324 1643 
5999 1281 1337 1167 1418 
6000 582 1433 1221 1579 
6001 1146 1213 1381 1498 
6002 1243 1557 1092 1663 
6003 805 1286 608 1528 
6004 1021 1508 1573 1060 
6005 1150 1407 1282 1530 
6006 1004 1002 1005 1326 
6007 1649 1132 1206 1524 
6008 1034 1699 144 1066 
6009 1275 1372 1152 1562 
6010 672 1386 1244 1484 
6011 1148 1577 1202 1643 
6012 461 500 392 1404 
6013 1277 1142 1455 1653 
6014 206 375 1330 1422 
6015 1486 1163 1118 1247 
6016 436 1402 1241 1464 
6017 1112 1401 1509 1617 
6018 434 1506 1289 400 
6019 1261 1421 1115 1509 
6020 1130 1375 1221 1579 
6021 1066 1727 1699 145 
6022 1149 1441 1345 1500 
6023 1534 1582 1275 1144 
6024 1046 1514 973 934 
6025 1240 1321 1153 1532 
6026 232 1275 233 1562 
6027 658 650 790 1629 
6028 635 634 632 1502 
6029 1044 1462 934 1514 
6030 1123 1493 1231 1642 
6031 232 197 233 1275 
6032 1367 1383 1160 1542 
6033 1195 1149 1481 1606 
6034 1245 1163 1118 1134 
6035 1120 1395 1358 1415 
6036 1144 1485 1209 1582 
6037 1695 2 114 597 
6038 578 507 444 1437 
6039 1113 1456 1282 1530 
6040 1261 1478 1443 1498 
6041 448 556 451 1209 
6042 321 331 204 1285 
6043 814 729 737 1278 
6044 1152 1377 1275 1582 
6045 1550 1538 1537 1176 
6046 390 58 1695 1250 
6047 742 1311 709 1652 
6048 770 1535 1461 1649 
6049 1280 1373 793 1566 
6050 1123 1355 1218 1378 
6051 1055 1039 936 1514 
6052 1499 1114 1321 1198 
6053 1153 1321 1240 1114 
6054 867 1017 1031 1479 
6055 960 1406 937 1512 
6056 1168 1456 1385 1530 
6057 1127 1414 1331 1297 
6058 1160 1267 1466 1587 
6059 881 884 1337 1581 
6060 1352 1510 1258 1527 
6061 326 59 1250 1578 
6062 1236 1504 251 1541 
6063 553 408 512 1307 
6064 1247 1129 1303 1660 
6065 1651 1117 1585 1250 
6066 1157 1393 1290 1665 
6067 678 1431 691 1649 
6068 678 1386 677 1431 
6069 917 928 884 1462 
6070 757 1211 1629 1635 
6071 1086 1243 1092 1663 
6072 1355 1632 640 1635 
6073 122 1289 433 1464 
6074 1443 1478 1162 1498 
6075 1710 271 1670 1371 
6076 1113 1282 1407 1530 
6077 403 559 1285 1565 
6078 1143 1587 1267 1614 
6079 836 848 780 1648 
6080 1144 1307 1238 1485 
6081 526 1236 412 1451 
6082 453 1255 452 1608 
6083 1231 1493 1131 1642 
6084 324 383 167 1482 
6085 680 676 679 1458 
6086 449 509 452 1377 
6087 395 1332 121 1464 
6088 1090 1079 1070 1369 
6089 678 690 691 1431 
6090 591 474 492 1453 
6091 654 643 653 1359 
6092 1737 1692 818 1232 
6093 795 690 689 1431 
6094 1737 825 818 618 
6095 1140 1272 1484 1571 
6096 868 1068 976 1473 
6097 1151 1503 1432 1607 
6098 660 659 1435 1633 
6099 935 1508 1248 1572 
6100 725 838 726 1535 
6101 1165 1484 1272 1571 
6102 958 873 874 1270 
6103 95 96 817 1440 
6104 1260 1292 1156 1514 
6105 757 640 1632 1635 
6106 937 960 954 1406 
6107 96 1313 817 1440 
6108 950 1256 1042 1515 
6109 1649 1132 1524 1386 
6110 1117 1389 1264 1487 
6111 1274 134 582 397 
6112 309 1527 1257 1619 
6113 1222 1299 1117 1487 
6114 1314 1454 1218 1665 
6115 545 1708 1736 1299 
6116 729 730 1455 1517 
6117 941 870 939 1409 
6118 1752 302 1668 76 
6119 752 753 751 1297 
6120 130 1656 1476 1657 
6121 479 1271 586 1506 
6122 814 1697 106 615 
6123 964 1291 1589 1532 
6124 398 1634 428 1660 
6125 347 1714 1434 1681 
6126 300 1212 373 1609 
6127 193 46 243 1427 
6128 1708 1736 1 545 
6129 775 802 801 1410 
6130 958 959 872 1270 
6131 1216 1392 1149 1427 
6132 620 1250 621 1423 
6133 836 1399 602 1648 
6134 475 1284 584 486 
6135 1704 206 1330 1422 
6136 1388 1573 1021 1621 
6137 133 394 132 1290 
6138 1471 1018 998 943 
6139 1620 1387 1331 1163 
6140 1241 1366 1124 1402 
6141 669 656 779 1201 
6142 1394 778 664 1590 
6143 1345 1441 1149 1481 
6144 189 1316 1728 1545 
6145 877 875 953 1343 
6146 1163 1626 1331 1134 
6147 831 829 777 1461 
6148 131 391 130 1449 
6149 1168 1385 1339 1530 
6150 1378 1457 1204 1642 
6151 1264 474 1453 1487 
6152 1322 1419 1298 1641 
6153 31 1357 171 258 
6154 1143 1418 1413 1614 
6155 179 1269 296 1488 
6156 1134 1139 1276 1625 
6157 1157 1373 1435 1633 
6158 1010 891 893 1638 
6159 1149 1392 1216 1647 
6160 1523 1650 1198 1663 
6161 729 1455 1278 1517 
6162 961 921 956 1291 
6163 679 754 1458 1629 
6164 119 1404 454 1309 
6165 374 328 207 1522 
6166 1285 1437 1191 1565 
6167 777 831 1461 1535 
6168 466 548 537 1371 
6169 1030 126 1035 1304 
6170 476 1273 117 1664 
6171 1218 1355 1123 1416 
6172 209 253 254 1451 
6173 545 1736 1 401 
6174 1267 1400 1114 1587 
6175 784 779 665 1201 
6176 1213 1146 1374 1497 
6177 1567 1641 1133 1206 
6178 1135 1399 1316 1495 
6179 552 1296 470 1447 
6180 244 1669 177 38 
6181 1526 271 26 190 
6182 1619 1333 1258 1174 
6183 678 1386 1431 1649 
6184 1648 1559 722 1350 
6185 1032 992 1037 1300 
6186 1245 1347 1163 1626 
6187 1116 1194 1416 1531 
6188 1235 1348 1131 1457 
6189 1160 1227 1542 1638 
6190 1664 1426 425 476 
6191 1372 244 172 39 
6192 173 353 1286 1391 
6193 444 499 578 1579 
6194 1154 1242 1305 1639 
6195 465 439 466 1436 
6196 1220 1547 1558 1658 
6197 298 1525 368 1612 
6198 365 1725 1554 1684 
6199 1198 1523 1003 1650 
6200 570 1736 545 401 
6201 888 887 886 1413 
6202 768 702 769 1235 
6203 1212 1609 1475 1610 
6204 882 1417 1023 1581 
6205 964 1291 1532 961 
6206 596 567 1357 1447 
6207 1602 1661 1137 1223 
6208 1735 19 536 1685 
6209 454 457 455 1210 
6210 358 305 1537 1538 
6211 967 881 884 1337 
6212 1007 1006 1005 1616 
6213 2 58 1651 1695 
6214 1081 1079 1450 1548 
6215 597 114 1695 619 
6216 133 1467 134 1595 
6217 1336 1425 1168 1595 
6218 342 1312 234 1534 
6219 677 712 1558 1658 
6220 922 1240 993 1518 
6221 234 1312 196 1562 
6222 546 1451 1357 1666 
6223 1172 1413 1418 1614 
6224 3 1338 1217 1425 
6225 976 1532 1321 963 
6226 1113 1339 1385 1530 
6227 672 677 678 1386 
6228 464 435 586 1324 
6229 1710 537 1670 27 
6230 1320 1336 1290 1116 
6231 672 1386 678 1649 
6232 718 1475 799 1610 
6233 119 454 1404 583 
6234 1026 946 1015 1374 
6235 1737 825 618 1318 
6236 864 941 1039 1260 
6237 1133 1576 1419 1627 
6238 1437 1568 1384 1579 
6239 979 1439 139 1512 
6240 743 745 793 1280 
6241 536 1735 1685 1537 
6242 1432 1503 1184 1607 
6243 719 836 780 1495 
6244 1081 1450 1263 1548 
6245 776 801 811 1257 
6246 1211 1129 1347 1629 
6247 59 1482 323 1651 
6248 58 1250 59 1651 
6249 1143 1267 1418 1614 
6250 1145 1401 1261 1478 
6251 299 1743 1334 1694 
6252 536 409 19 1735 
6253 333 285 1232 1640 
6254 139 1042 140 1256 
6255 650 1629 1231 1635 
6256 1279 1294 1135 1491 
6257 290 1253 371 292 
6258 970 1476 130 1656 
6259 747 637 1382 1480 
6260 1735 580 1537 536 
6261 1735 580 536 409 
6262 940 1368 930 1409 
6263 837 1714 1681 1434 
6264 1678 314 180 1410 
6265 249 194 378 1223 
6266 793 1373 699 1566 
6267 176 1253 1725 1591 
6268 115 1217 3 1338 
6269 247 248 175 1646 
6270 1145 1261 1421 1555 
6271 177 1713 246 37 
6272 789 1577 1224 1645 
6273 1441 1500 1149 1628 
6274 248 1504 175 1646 
6275 1077 1369 1079 1473 
6276 463 1453 1580 1274 
6277 556 568 451 1209 
6278 792 747 646 1382 
6279 3 1052 136 1215 
6280 133 1290 1320 1595 
6281 696 699 793 1373 
6282 501 503 1258 513 
6283 3 1215 1067 1584 
6284 1018 944 943 1471 
6285 224 1742 1522 207 
6286 408 510 512 1485 
6287 1297 1387 1138 1494 
6288 1210 1140 1244 1571 
6289 597 619 1695 1644 
6290 659 674 785 1474 
6291 651 663 659 1474 
6292 1244 1141 1524 1535 
6293 942 1219 931 1471 
6294 1304 127 126 1303 
6295 1162 1469 1344 1498 
6296 1167 1337 1281 1540 
6297 1127 1202 1414 1643 
6298 1224 1193 1559 1594 
6299 425 1329 424 1426 
6300 940 1038 856 1368 
6301 1668 212 302 1424 
6302 1239 1125 1474 1606 
6303 1081 1084 1263 1450 
6304 1096 1094 1105 1390 
6305 257 353 1391 1520 
6306 1233 1359 1134 1463 
6307 441 442 1208 1579 
6308 1528 1541 249 1661 
6309 440 439 435 1436 
6310 679 1458 658 1629 
6311 627 1459 1301 1570 
6312 1091 1557 1650 1663 
6313 769 1348 764 1599 
6314 1251 1152 1348 1255 
6315 767 817 765 1251 
6316 1349 1373 1147 1566 
6317 723 1414 683 1577 
6318 274 1526 273 1594 
6319 1032 1383 1300 1613 
6320 1159 1319 1439 1509 
6321 1276 1134 1486 1506 
6322 1318 352 1691 341 
6323 852 969 953 1539 
6324 452 453 450 1255 
6325 1083 1082 1548 1663 
6326 1357 546 402 31 
6327 158 157 1097 1734 
6328 490 580 502 1323 
6329 1372 244 39 1722 
6330 1114 1466 1267 1587 
6331 1734 1075 1573 1097 
6332 839 1318 825 1577 
6333 376 1224 1507 275 
6334 1500 1653 1216 348 
6335 656 645 664 1394 
6336 115 116 1338 1584 
6337 1188 1447 1357 1666 
6338 1165 1309 1547 1571 
6339 282 1697 349 191 
6340 1268 1141 1322 1525 
6341 195 1546 261 1313 
6342 1314 1633 1454 1665 
6343 302 303 1356 1424 
6344 1208 1433 441 1579 
6345 578 1221 1580 1375 
6346 597 1695 1250 1644 
6347 495 427 1329 1615 
6348 1196 1376 1555 1667 
6349 1121 1555 1376 1667 
6350 1133 1419 1206 1641 
6351 269 1318 352 1645 
6352 1113 1438 1282 1158 
6353 1285 332 204 1565 
6354 1734 1688 157 1097 
6355 123 433 122 1289 
6356 1687 1399 188 1648 
6357 1695 1651 1250 58 
6358 134 872 135 1467 
6359 1081 1263 1083 1548 
6360 1023 886 883 1581 
6361 1248 1175 1400 1508 
6362 1124 1559 1366 1603 
6363 1152 1275 1562 1582 
6364 1377 452 521 509 
6365 922 963 1240 1532 
6366 1510 16 17 535 
6367 320 1399 317 1513 
6368 1734 1075 1097 158 
6369 1734 1688 1097 1573 
6370 1012 914 1013 1300 
6371 811 788 776 1424 
6372 1131 1457 1231 1642 
6373 1113 1158 1282 1496 
6374 196 234 359 1312 
6375 930 925 926 1543 
6376 227 328 374 1522 
6377 680 773 676 1429 
6378 1733 15 16 410 
6379 355 313 1612 1619 
6380 946 1015 1374 1497 
6381 1733 1445 15 410 
6382 430 1252 398 1483 
6383 729 1278 615 1517 
6384 1244 1461 1141 1535 
6385 907 910 921 1432 
6386 1102 1321 1473 1548 
6387 64 215 174 1398 
6388 691 1206 1535 1649 
6389 1133 1298 1419 1641 
6390 761 674 706 1481 
6391 530 15 14 1445 
6392 884 928 967 1462 
6393 27 28 1710 414 
6394 1164 1416 1339 1551 
6395 1733 1510 410 16 
6396 1337 1521 1205 1543 
6397 244 1669 38 1722 
6398 1093 1650 1523 1663 
6399 586 479 587 1271 
6400 760 1204 1457 1588 
6401 518 1580 492 1659 
6402 1121 1376 1469 1569 
6403 423 115 1426 1553 
6404 1733 1445 410 1510 
6405 843 616 1316 1545 
6406 1297 1331 1127 1620 
6407 126 1247 1428 1303 
6408 1238 1335 1149 1564 
6409 872 873 958 1270 
6410 1327 1340 1120 1590 
6411 337 196 1313 1562 
6412 1125 1474 1315 1588 
6413 376 1224 275 201 
6414 325 1679 387 1736 
6415 845 1398 724 1305 
6416 1198 1650 1557 1663 
6417 1145 1246 1478 1555 
6418 1710 271 1371 187 
6419 1130 1568 1437 1579 
6420 620 597 1250 1644 
6421 1197 1137 1429 1544 
6422 1023 1028 916 1604 
6423 1233 1134 1359 1139 
6424 679 658 790 1629 
6425 572 35 34 1504 
6426 1179 1220 1558 1636 
6427 558 1370 1253 1554 
6428 430 486 487 1310 
6429 743 1280 793 1566 
6430 922 962 963 1532 
6431 129 970 130 1656 
6432 1086 1085 1087 1465 
6433 1393 1531 1290 1665 
6434 1154 1330 1422 1615 
6435 447 443 446 1392 
6436 1725 558 1253 1554 
6437 1478 1417 1604 1246 
6438 316 1316 189 1545 
6439 1265 1363 1158 1496 
6440 554 1295 498 1366 
6441 763 711 791 1327 
6442 768 1457 760 702 
6443 531 409 480 1538 
6444 1150 1456 1467 1530 
6445 1148 1492 1318 1643 
6446 1337 1418 1281 1581 
6447 1259 1568 1349 1597 
6448 1256 1368 1167 1515 
6449 511 510 408 1275 
6450 978 887 889 1293 
6451 1012 914 1300 1613 
6452 1078 1079 1077 1369 
6453 967 913 880 1337 
6454 1583 1210 1333 457 
6455 1252 1483 1129 1660 
6456 320 319 317 1399 
6457 419 530 14 1445 
6458 428 1271 479 1486 
6459 471 480 473 1279 
6460 219 1253 1533 1554 
6461 774 801 776 1405 
6462 1112 1443 1478 1490 
6463 1121 1376 1304 1667 
6464 392 1228 460 1472 
6465 1139 1200 1442 1516 
6466 509 451 510 1377 
6467 837 1714 100 1681 
6468 535 1510 16 410 
6469 818 598 828 1232 
6470 457 583 500 1404 
6471 672 1244 1386 1649 
6472 935 938 929 1248 
6473 1141 1269 1411 1525 
6474 559 549 403 1285 
6475 987 1028 1246 1604 
6476 1161 1266 1323 1550 
6477 533 558 594 1253 
6478 177 1713 37 1669 
6479 1139 1289 1464 1516 
6480 1140 1244 1346 1174 
6481 763 1327 791 1658 
6482 246 1646 1283 1661 
6483 1089 1260 1111 1605 
6484 1369 1450 1190 1489 
6485 237 1307 239 1654 
6486 184 283 281 1452 
6487 1324 1436 1148 1586 
6488 988 987 986 1469 
6489 1350 1559 1124 1603 
6490 685 1315 1474 1588 
6491 844 1752 609 77 
6492 701 772 654 1626 
6493 662 654 661 1626 
6494 779 656 665 1201 
6495 1243 1388 1175 1630 
6496 1081 1080 1079 1548 
6497 377 317 318 1513 
6498 119 392 583 1404 
6499 959 1270 958 1592 
6500 283 1452 184 50 
6501 154 1557 1099 1637 
6502 1504 412 34 572 
6503 1172 1281 1418 1581 
6504 1256 1167 1412 1617 
6505 994 1369 1043 1589 
6506 918 889 891 1638 
6507 132 133 1320 1596 
6508 1510 183 312 1527 
6509 1476 1596 968 1657 
6510 1156 1292 1260 1605 
6511 594 1591 1253 1593 
6512 154 153 1099 1557 
6513 1337 1540 1167 1543 
6514 1504 1181 1646 1661 
6515 1420 1524 1262 1567 
6516 1595 1166 1274 1147 
6517 1281 1397 1145 1401 
6518 313 1410 1612 1619 
6519 720 687 1317 1495 
6520 1109 163 162 1732 
6521 1088 1111 1105 1292 
6522 296 179 368 1269 
6523 964 1291 961 956 
6524 1732 1292 162 1109 
6525 610 829 831 1268 
6526 246 1283 259 1661 
6527 1454 1618 1116 1665 
6528 679 676 658 1458 
6529 789 833 612 1224 
6530 426 427 469 1389 
6531 260 1372 232 1562 
6532 1283 532 557 1646 
6533 1368 1521 1167 1543 
6534 504 574 577 1560 
6535 747 634 637 1480 
6536 923 931 996 1408 
6537 285 357 1232 1549 
6538 727 799 1601 1610 
6539 40 1372 231 172 
6540 386 1399 320 1513 
6541 1121 1304 1376 1569 
6542 1285 1375 1130 1437 
6543 925 927 912 1543 
6544 1453 1487 1306 1511 
6545 825 1318 1414 1577 
6546 740 623 1305 1570 
6547 1710 537 414 1371 
6548 1478 1604 1417 1172 
6549 670 686 688 1350 
6550 996 981 865 1308 
6551 1513 1603 1491 1295 
6552 966 1727 1369 871 
6553 1142 1568 1384 1653 
6554 1336 1425 1166 1622 
6555 1162 1344 1300 1498 
6556 1197 1544 1458 1631 
6557 1124 1366 1241 1603 
6558 762 1345 761 1481 
6559 1545 609 732 808 
6560 274 1295 1594 277 
6561 163 1109 1095 1732 
6562 1510 1726 17 183 
6563 1189 1559 1350 1603 
6564 1458 1544 1129 1631 
6565 1152 1377 1255 1608 
6566 825 828 707 1414 
6567 1710 537 27 414 
6568 415 36 35 1646 
6569 1631 1629 754 1347 
6570 1018 908 1014 1365 
6571 1134 1245 1359 1625 
6572 1149 1216 1427 1500 
6573 631 632 1342 1502 
6574 297 1671 70 199 
6575 215 64 1672 1398 
6576 840 619 733 1644 
6577 549 1683 571 1285 
6578 326 59 58 1250 
6579 447 1392 477 1564 
6580 117 476 116 1273 
6581 670 1350 688 1563 
6582 1562 1599 1152 1582 
6583 817 613 765 1313 
6584 1167 1401 1281 1418 
6585 975 1049 935 1508 
6586 888 1029 1341 1604 
6587 260 337 1546 1562 
6588 1208 1142 1568 1384 
6589 1054 978 918 1621 
6590 497 391 131 1393 
6591 1205 1521 1368 1543 
6592 647 1355 640 1635 
6593 344 259 1602 1661 
6594 1560 457 504 1333 
6595 1703 830 1549 614 
6596 1208 1142 1384 1249 
6597 885 1413 887 1572 
6598 700 1475 718 1610 
6599 324 60 61 1299 
6600 1168 1467 1320 1595 
6601 494 1310 430 487 
6602 268 1371 267 1561 
6603 1123 1355 1378 1635 
6604 408 564 511 1275 
6605 1372 417 542 40 
6606 1119 1385 1338 1529 
6607 305 1176 364 304 
6608 588 485 1294 1491 
6609 1032 1300 914 1613 
6610 1131 1204 1457 1642 
6611 721 787 732 1361 
6612 987 1028 985 1246 
6613 709 742 746 1311 
6614 1258 1140 1333 1583 
6615 1149 1216 1500 1647 
6616 860 1374 1219 944 
6617 499 1580 1221 1274 
6618 276 1507 356 1648 
6619 1017 1430 851 1213 
6620 587 1271 428 1634 
6621 133 873 134 1467 
6622 1167 1521 1337 1543 
6623 1578 59 60 166 
6624 631 1502 1342 1636 
6625 1081 1084 1083 1263 
6626 1196 1476 1343 1539 
6627 172 260 245 1372 
6628 769 735 768 1519 
6629 1560 525 458 1411 
6630 1263 1548 1114 1663 
6631 1167 1281 1401 1540 
6632 231 232 260 1372 
6633 457 577 455 1560 
6634 267 1371 187 1492 
6635 1452 184 49 265 
6636 918 978 889 1293 
6637 1682 193 45 239 
6638 245 1372 260 1546 
6639 1402 1464 1289 1516 
6640 1087 1085 1094 1465 
6641 1257 1527 1258 1619 
6642 1371 1492 267 1561 
6643 504 503 566 1333 
6644 287 1223 344 1602 
6645 125 1304 126 1428 
6646 297 1671 199 1268 
6647 1155 1353 1306 1659 
6648 995 931 942 1219 
6649 1102 1473 1080 1548 
6650 1649 1132 1386 1431 
6651 1318 1492 1148 1561 
6652 686 719 780 1495 
6653 176 1725 1253 1554 
6654 1058 918 1010 1621 
6655 1131 1287 1348 1255 
6656 267 268 187 1371 
6657 237 200 239 1307 
6658 1263 1153 1122 1114 
6659 1745 197 1673 41 
6660 1123 1288 1403 1493 
6661 1445 530 15 410 
6662 1750 168 1674 54 
6663 1208 1384 1568 1579 
6664 885 887 974 1572 
6665 35 1504 415 1646 
6666 1427 534 46 407 
6667 1174 1524 1560 1210 
6668 1131 1493 1288 1642 
6669 1171 1363 1265 1496 
6670 1711 571 52 1683 
6671 629 626 628 1446 
6672 1700 373 1601 1609 
6673 697 705 704 1455 
6674 1732 1111 1109 1095 
6675 749 751 750 1494 
6676 641 1302 1505 1632 
6677 564 1745 417 1275 
6678 549 1683 1285 1360 
6679 1020 1021 1388 1573 
6680 1732 1111 1095 1260 
6681 183 1685 1352 1726 
6682 1703 830 1731 1549 
6683 1703 830 89 1731 
6684 472 575 596 1447 
6685 59 1250 1482 1651 
6686 1157 1290 1618 1665 
6687 668 1386 672 1484 
6688 478 447 477 1564 
6689 1210 1420 1132 1524 
6690 1147 1280 1373 1618 
6691 1280 1116 1454 1618 
6692 996 1308 948 1408 
6693 1748 1507 356 1756 
6694 1207 1432 1406 1607 
6695 807 1298 1419 1627 
6696 515 498 404 1295 
6697 3 135 1052 1215 
6698 1166 1301 1342 1623 
6699 1519 1534 1312 1434 
6700 1057 1033 869 1319 
6701 830 89 1731 88 
6702 285 357 182 1232 
6703 3 1425 1217 1553 
6704 1221 1433 1147 1597 
6705 1232 1414 1318 1643 
6706 398 430 429 1252 
6707 981 118 117 1363 
6708 1694 108 604 109 
6709 952 1397 878 1540 
6710 1132 1431 1206 1567 
6711 770 777 684 1461 
6712 59 1482 1250 1578 
6713 495 427 424 1329 
6714 186 1752 1356 1545 
6715 1264 1487 1453 1511 
6716 598 1731 1692 88 
6717 1250 1482 1117 1578 
6718 1694 846 109 604 
6719 1146 1443 1300 1498 
6720 1162 1300 1443 1498 
6721 1532 1151 1518 1291 
6722 3 1217 115 1553 
6723 1089 1095 1111 1260 
6724 957 951 862 1515 
6725 594 558 524 1593 
6726 1694 1700 185 109 
6727 1034 1699 1066 1369 
6728 1170 1430 1158 1358 
6729 1311 742 1446 1652 
6730 1470 1544 1310 486 
6731 1290 1320 1116 1531 
6732 598 1731 88 830 
6733 881 967 880 1337 
6734 1055 972 864 1260 
6735 1686 189 1728 1545 
6736 217 1398 216 1624 
6737 1747 266 29 1675 
6738 823 1694 108 604 
6739 274 190 273 1526 
6740 777 726 831 1535 
6741 263 348 264 1500 
6742 1086 1083 1085 1465 
6743 328 1578 384 1644 
6744 1102 1741 1073 1107 
6745 1146 1381 1261 1498 
6746 1169 1438 1304 1667 
6747 1127 1414 1232 1643 
6748 1562 1599 1582 1312 
6749 768 1457 702 1235 
6750 888 1029 890 1341 
6751 621 620 597 1250 
6752 684 775 1346 1461 
6753 1183 1298 1641 1322 
6754 989 1376 1030 1569 
6755 794 741 627 1459 
6756 1151 1432 1379 1518 
6757 1157 1435 1314 1633 
6758 619 114 1730 113 
6759 1246 1417 1145 1478 
6760 766 1312 803 1599 
6761 345 264 181 1500 
6762 333 285 182 1232 
6763 1323 1537 1161 1550 
6764 64 174 1676 1398 
6765 170 234 342 1312 
6766 1730 1695 114 619 
6767 733 606 840 1444 
6768 667 668 1484 1598 
6769 1166 1301 1364 1446 
6770 1174 1560 1524 1141 
6771 746 742 629 1311 
6772 1750 168 54 322 
6773 1713 36 37 532 
6774 1309 1404 1210 1571 
6775 721 732 720 1317 
6776 217 174 216 1398 
6777 1070 1079 1078 1369 
6778 390 326 58 1250 
6779 1005 1006 919 1326 
6780 776 673 774 1405 
6781 1210 1244 1140 1174 
6782 1519 832 803 736 
6783 1231 1458 1129 1629 
6784 714 805 1351 1494 
6785 1145 1478 1261 1555 
6786 1686 189 1545 307 
6787 429 398 1252 1634 
6788 122 395 121 1464 
6789 1228 1395 1201 1165 
6790 744 1558 748 1636 
6791 1370 1554 1422 1624 
6792 1694 604 1334 1609 
6793 1130 1437 1375 1579 
6794 655 670 782 1442 
6795 826 799 1475 1609 
6796 508 445 506 1384 
6797 1054 1508 978 1621 
6798 1315 1474 1125 1606 
6799 1730 1695 619 1644 
6800 126 1428 1304 1303 
6801 513 420 535 1510 
6802 683 661 783 1463 
6803 1124 1516 1350 1603 
6804 432 1468 1296 1634 
6805 966 1532 964 1589 
6806 311 1410 313 1619 
6807 1113 1265 1385 1536 
6808 595 407 534 1427 
6809 929 934 928 1462 
6810 997 1025 1417 1539 
6811 262 241 1427 1628 
6812 976 1532 963 962 
6813 315 368 1269 1612 
6814 1140 1484 1244 1571 
6815 1519 832 736 1434 
6816 1165 1547 1386 1571 
6817 993 1518 1240 1556 
6818 1596 1421 1343 1270 
6819 596 575 567 1447 
6820 270 1318 269 1561 
6821 669 655 656 1442 
6822 448 130 556 1449 
6823 1167 1418 1337 1521 
6824 186 1356 304 1545 
6825 784 787 721 1361 
6826 991 894 892 1383 
6827 1524 1641 1535 1141 
6828 1223 287 1440 1602 
6829 600 811 801 1257 
6830 1032 1037 914 1300 
6831 1367 1383 896 1613 
6832 247 246 259 1661 
6833 1113 1237 1438 1158 
6834 255 1451 253 1520 
6835 295 298 297 1268 
6836 1154 1370 1329 1615 
6837 877 876 875 1397 
6838 935 974 1508 1572 
6839 823 1334 826 1517 
6840 840 1730 1696 113 
6841 631 748 1502 1636 
6842 1206 1524 1132 1567 
6843 248 251 1504 1541 
6844 226 331 321 1285 
6845 437 471 473 1279 
6846 1077 1079 1080 1473 
6847 724 845 798 1398 
6848 739 1362 728 1444 
6849 252 248 251 1504 
6850 1215 1456 1168 1467 
6851 474 563 1264 1453 
6852 638 1302 641 1632 
6853 451 509 449 1377 
6854 131 1476 968 1657 
6855 1186 1492 1586 1643 
6856 668 677 1386 1658 
6857 60 1299 324 1482 
6858 952 878 1397 876 
6859 222 1353 227 1522 
6860 719 720 843 1495 
6861 1369 1473 966 1589 
6862 759 1347 754 1629 
6863 386 320 362 1513 
6864 966 1473 1532 1589 
6865 413 1360 519 1659 
6866 442 394 441 1208 
6867 431 432 1296 1634 
6868 30 1357 258 210 
6869 989 1469 1376 1569 
6870 267 1492 270 1561 
6871 841 1749 802 1410 
6872 173 1286 1744 1391 
6873 840 1730 113 619 
6874 1140 1266 1404 1583 
6875 346 1729 1690 1441 
6876 1143 1293 1587 1614 
6877 1221 1130 1579 1597 
6878 1702 812 1729 1441 
6879 1124 1241 1516 1603 
6880 750 809 805 1286 
6881 527 1646 1181 557 
6882 1370 1422 1154 1624 
6883 1269 1445 315 1612 
6884 1694 604 823 1334 
6885 922 961 962 1532 
6886 575 472 464 1447 
6887 627 741 628 1301 
6888 1702 812 104 1729 
6889 1296 1620 1271 1634 
6890 247 1646 246 1661 
6891 518 492 496 1659 
6892 1752 302 76 186 
6893 493 401 569 1222 
6894 1639 1615 1330 1154 
6895 262 1427 1500 1628 
6896 1285 204 332 331 
6897 470 1296 432 1666 
6898 369 179 296 1488 
6899 1386 1244 1524 1649 
6900 345 1500 1441 1628 
6901 1182 1575 1302 1625 
6902 1111 1292 1088 1605 
6903 989 986 1376 1469 
6904 256 284 258 1357 
6905 638 639 641 1302 
6906 254 1677 33 209 
6907 284 1357 256 1640 
6908 1283 557 532 593 
6909 757 647 640 1635 
6910 898 897 1367 1611 
6911 179 315 1269 1445 
6912 72 314 180 1678 
6913 327 230 206 1330 
6914 472 440 1324 1586 
6915 863 1027 1053 1325 
6916 740 624 623 1570 
6917 1021 1508 1060 1054 
6918 767 765 703 1251 
6919 1218 1382 1355 1416 
6920 1631 1629 1347 1129 
6921 385 1334 203 1517 
6922 812 104 1729 103 
6923 293 1671 69 1724 
6924 255 171 254 1451 
6925 1159 1509 1439 1617 
6926 277 278 279 1295 
6927 1112 1607 1412 1617 
6928 813 1729 1690 103 
6929 631 748 632 1502 
6930 766 605 803 1312 
6931 883 886 1413 1581 
6932 936 939 930 1409 
6933 1355 1382 1164 1416 
6934 549 578 519 1375 
6935 641 1505 755 1632 
6936 548 1436 440 1586 
6937 954 910 915 1406 
6938 1115 1380 1261 1509 
6939 1519 1534 1434 1144 
6940 1206 1431 1328 1567 
6941 998 904 902 1379 
6942 806 1351 805 1528 
6943 361 1703 208 1549 
6944 946 1018 1014 1497 
6945 522 1392 505 446 
6946 1177 1423 1362 1511 
6947 785 660 659 1435 
6948 598 828 1232 1549 
6949 785 705 697 1435 
6950 798 611 64 1398 
6951 260 1546 1372 1562 
6952 134 135 397 1274 
6953 134 1274 1433 1595 
6954 1134 1359 1139 1625 
6955 731 623 1305 738 
6956 1348 1582 1152 1599 
6957 756 682 749 1387 
6958 302 308 303 1424 
6959 1439 1509 1185 1617 
6960 290 1253 292 1298 
6961 667 1484 1272 1598 
6962 376 1224 201 1706 
6963 1709 841 1678 71 
6964 479 428 587 1271 
6965 813 1729 103 812 
6966 743 1342 1280 1566 
6967 1560 504 457 577 
6968 712 748 744 1558 
6969 872 134 873 1467 
6970 448 129 130 1288 
6971 1180 1125 1314 1665 
6972 843 808 616 1545 
6973 990 909 988 1469 
6974 197 42 235 1673 
6975 742 626 629 1446 
6976 527 1468 1236 526 
6977 1091 1092 1557 1663 
6978 1271 1486 1134 1506 
6979 1335 1427 1149 1564 
6980 1627 288 1676 66 
6981 1728 79 78 616 
6982 980 960 857 1512 
6983 860 1374 944 945 
6984 447 497 443 1249 
6985 1122 1267 1412 1521 
6986 1210 1524 1244 1174 
6987 1252 1468 429 1634 
6988 1084 1450 1090 1605 
6989 574 419 525 1269 
6990 1754 1020 1388 1688 
6991 1717 214 1679 56 
6992 1323 1352 1161 1537 
6993 21 22 1294 421 
6994 609 788 810 1356 
6995 421 588 485 1294 
6996 1645 354 201 269 
6997 576 1294 22 421 
6998 1055 864 1039 1260 
6999 1235 1457 1204 1588 
7000 1695 390 1250 1644 
7001 359 234 170 1312 
7002 1133 1262 1593 1641 
7003 133 1433 1290 1595 
7004 964 1291 956 1589 
7005 1751 310 1680 74 
7006 781 704 730 1277 
7007 975 1060 1049 1508 
7008 772 1245 1505 1575 
7009 501 461 490 1266 
7010 704 729 730 1455 
7011 1686 1728 78 616 
7012 548 1371 1436 1586 
7013 461 1266 501 1583 
7014 592 416 512 1307 
7015 431 470 552 1296 
7016 578 1375 1580 1659 
7017 491 492 474 1487 
7018 1672 827 611 63 
7019 179 367 315 1445 
7020 398 428 126 1660 
7021 531 21 1294 421 
7022 67 198 1627 289 
7023 1337 1418 1143 1521 
7024 810 1751 811 75 
7025 1020 1388 1688 1573 
7026 393 448 1288 129 
7027 373 1600 225 1601 
7028 129 1403 1574 1656 
7029 1504 1755 209 34 
7030 177 259 246 1283 
7031 1698 1096 1390 1075 
7032 1612 314 313 298 
7033 752 1414 681 707 
7034 1143 1418 1267 1521 
7035 1691 839 1645 1318 
7036 293 1671 1724 1322 
7037 470 1447 1296 1666 
7038 613 850 765 1313 
7039 99 1714 100 832 
7040 138 1439 1319 1592 
7041 618 825 839 1318 
7042 355 1445 1510 1619 
7043 414 1371 548 1586 
7044 1693 1753 1065 1489 
7045 1149 1427 1392 1564 
7046 805 809 608 1286 
7047 1316 1399 1135 1513 
7048 1344 1469 1036 1569 
7049 1557 1616 1243 1637 
7050 239 1335 240 1654 
7051 237 236 200 1307 
7052 34 209 1504 252 
7053 1347 1505 1245 1118 
7054 789 1224 612 1645 
7055 227 384 328 1578 
7056 661 681 662 1331 
7057 1093 1548 1082 1663 
7058 1121 1282 1555 1667 
7059 1244 1535 1524 1649 
7060 1728 819 79 616 
7061 1265 1385 1171 1496 
7062 347 1714 1681 100 
7063 770 777 1461 1535 
7064 434 1506 400 435 
7065 806 715 805 1351 
7066 221 1674 168 55 
7067 364 1294 192 318 
7068 1089 1076 1095 1260 
7069 1126 1311 1446 1652 
7070 977 1321 853 1523 
7071 1568 1579 1130 1597 
7072 795 741 794 1459 
7073 1612 314 298 1268 
7074 180 313 311 1410 
7075 647 1378 1355 1635 
7076 1327 1590 1120 1165 
7077 455 577 458 1560 
7078 1224 1559 1507 1594 
7079 807 1419 771 1627 
7080 691 725 726 1535 
7081 1686 1728 616 1545 
7082 285 1549 1232 1640 
7083 689 677 712 1558 
7084 843 616 819 1316 
7085 117 1273 1529 1552 
7086 1211 1632 1355 1635 
7087 1127 1232 1414 1297 
7088 431 432 470 1296 
7089 425 424 399 1426 
7090 520 1683 53 571 
7091 1728 1316 616 1545 
7092 1682 193 239 1335 
7093 1202 1577 1414 1643 
7094 1327 1598 1590 1165 
7095 129 130 1403 1656 
7096 1012 900 898 1613 
7097 379 1744 1701 91 
7098 1709 314 71 1678 
7099 439 548 466 1436 
7100 460 392 120 1228 
7101 235 236 233 1534 
7102 994 1034 1043 1369 
7103 1241 1402 1124 1516 
7104 193 241 240 1335 
7105 1232 1549 1188 1640 
7106 647 649 648 1378 
7107 3 115 1338 1584 
7108 679 790 754 1629 
7109 337 234 196 1562 
7110 814 615 729 1278 
7111 797 1576 1226 1627 
7112 819 616 1728 1316 
7113 1114 1466 1587 1655 
7114 1113 1536 1339 1551 
7115 520 519 413 1360 
7116 1141 1411 1269 1560 
7117 692 725 691 1419 
7118 1744 361 1391 1703 
7119 1148 1318 1577 1643 
7120 434 1506 435 1254 
7121 1645 354 269 1561 
7122 646 747 637 1382 
7123 561 1591 594 1593 
7124 1680 180 73 310 
7125 650 649 647 1378 
7126 574 1333 566 1445 
7127 867 1031 1036 1569 
7128 1263 1153 1450 1122 
7129 622 739 620 1423 
7130 714 805 715 1351 
7131 1152 1546 1313 1562 
7132 1522 1600 1444 1601 
7133 1693 164 165 1076 
7134 897 896 898 1367 
7135 341 352 270 1318 
7136 1113 1407 1282 1438 
7137 514 391 1448 1449 
7138 796 1362 625 1652 
7139 321 1683 53 322 
7140 723 839 825 1577 
7141 1148 1586 1492 1643 
7142 1007 1616 1557 1637 
7143 443 442 445 1384 
7144 857 979 139 1512 
7145 358 305 338 1537 
7146 456 1420 1262 1664 
7147 995 118 981 1363 
7148 1369 1078 1727 1077 
7149 1133 1262 1501 1593 
7150 333 182 270 1318 
7151 1228 1128 1472 1272 
7152 488 1501 1262 1593 
7153 333 284 285 1640 
7154 168 221 222 1353 
7155 1693 1095 164 1076 
7156 1113 1385 1265 1496 
7157 527 412 1236 1504 
7158 1293 1413 1143 1572 
7159 790 757 759 1629 
7160 1256 1439 1159 1512 
7161 1264 1117 1487 1511 
7162 927 1515 952 1540 
7163 940 949 930 1368 
7164 1162 1478 1443 1490 
7165 1445 1612 1174 1619 
7166 1117 1229 1423 1511 
7167 989 986 1030 1376 
7168 882 997 1025 1417 
7169 685 1474 663 1588 
7170 1210 1244 1524 1571 
7171 650 1378 647 1635 
7172 563 1264 1453 1553 
7173 221 1674 55 1717 
7174 1046 1514 934 1248 
7175 1394 664 778 645 
7176 652 1314 659 1633 
7177 189 316 317 1316 
7178 1516 1254 1563 1233 
7179 274 1295 277 279 
7180 1501 1567 1214 1664 
7181 1262 1567 1501 1664 
7182 621 1423 1250 1585 
7183 309 334 308 1527 
7184 548 440 1436 439 
7185 1031 1344 1036 1569 
7186 1700 799 1609 1601 
7187 1195 1481 1315 1606 
7188 398 1483 1252 1660 
7189 1232 1549 828 1297 
7190 712 1220 1558 1658 
7191 825 1414 723 1577 
7192 625 796 739 1362 
7193 1094 1085 1088 1465 
7194 1627 288 66 289 
7195 580 490 480 1323 
7196 1510 312 183 335 
7197 1036 1344 990 1469 
7198 365 1725 1684 9 
7199 1087 1108 1106 1388 
7200 1259 1208 1568 1597 
7201 389 324 61 1299 
7202 1151 1122 1153 1114 
7203 146 147 1727 1077 
7204 1240 1518 1151 1556 
7205 488 1262 459 1593 
7206 1717 214 56 221 
7207 1158 1496 1363 1219 
7208 839 1318 1577 1645 
7209 183 1685 1726 18 
7210 1227 1542 1326 1655 
7211 826 1475 1334 1609 
7212 1550 1538 1176 1279 
7213 968 1596 132 1657 
7214 1108 1754 1071 1388 
7215 723 707 683 1414 
7216 192 363 318 1294 
7217 1092 1557 1243 1637 
7218 850 613 815 1313 
7219 1338 1385 1171 1529 
7220 1000 1001 1002 1499 
7221 1174 1612 1410 1619 
7222 224 1600 1522 1601 
7223 1077 1727 146 1078 
7224 1708 389 61 1299 
7225 966 1727 871 1061 
7226 261 340 195 1313 
7227 1364 1453 1264 1553 
7228 287 194 1223 1440 
7229 132 1596 1320 1657 
7230 1714 1312 832 99 
7231 915 932 937 1406 
7232 1175 1573 1388 1621 
7233 365 1725 9 176 
7234 1700 373 1609 185 
7235 789 786 1354 1577 
7236 1261 1443 1146 1498 
7237 898 1367 896 1613 
7238 1004 1005 919 1326 
7239 1619 1333 1174 1445 
7240 241 240 1335 1628 
7241 299 1694 1334 1609 
7242 661 654 653 1463 
7243 525 468 1411 1488 
7244 700 699 698 1349 
7245 1693 1753 165 1065 
7246 1094 1573 1075 1087 
7247 762 1441 1345 1481 
7248 1321 1114 1153 1548 
7249 1461 1535 1244 1649 
7250 727 1601 1444 1610 
7251 1727 1473 1077 147 
7252 1727 1369 1077 1473 
7253 1367 1466 1173 1611 
7254 1203 1466 1367 1611 
7255 519 1375 578 1659 
7256 473 590 562 1472 
7257 1175 1465 1400 1630 
7258 988 1029 987 1604 
7259 117 1273 116 1529 
7260 224 374 207 1522 
7261 1693 1732 864 164 
7262 700 709 699 1349 
7263 1706 1224 201 1645 
7264 1151 1518 1379 1556 
7265 1286 1528 1351 1541 
7266 1076 1693 1260 1489 
7267 563 426 474 1264 
7268 88 598 87 1692 
7269 668 763 677 1658 
7270 869 1033 137 1319 
7271 598 818 87 1692 
7272 528 483 427 1389 
7273 266 267 187 1492 
7274 412 526 527 1236 
7275 1675 517 581 29 
7276 1321 1473 1153 1532 
7277 253 255 254 1451 
7278 900 1611 898 1613 
7279 752 751 682 1297 
7280 1064 868 976 1473 
7281 528 1389 427 1615 
7282 488 1501 425 1664 
7283 898 899 897 1611 
7284 638 641 755 1632 
7285 683 786 723 1577 
7286 895 896 897 1367 
7287 307 1752 186 1545 
7288 892 890 1341 1638 
7289 144 1034 143 1489 
7290 1290 1665 1116 1618 
7291 1022 1616 1388 1621 
7292 1088 1465 1084 1605 
7293 965 964 956 1589 
7294 416 553 512 1307 
7295 742 709 796 1652 
7296 1343 1476 1150 1596 
7297 290 291 198 1298 
7298 1168 1467 1456 1530 
7299 1091 1557 1074 1650 
7300 1123 1288 1493 1642 
7301 400 433 123 1289 
7302 1147 1373 1280 1566 
7303 227 382 384 1578 
7304 305 304 303 1537 
7305 1139 1442 1233 1516 
7306 516 414 548 1586 
7307 1407 1656 1196 1667 
7308 326 1250 390 1644 
7309 464 472 440 1324 
7310 721 720 687 1317 
7311 1128 1361 1317 1550 
7312 1085 1083 1084 1465 
7313 1307 44 416 553 
7314 196 1313 98 97 
7315 522 445 508 1384 
7316 1142 1157 1435 1249 
7317 692 771 1419 1576 
7318 1113 1456 1385 1496 
7319 370 1298 291 292 
7320 186 302 303 1356 
7321 592 534 416 1335 
7322 368 179 315 1269 
7323 1113 1282 1456 1496 
7324 601 767 824 1440 
7325 506 1579 1384 442 
7326 357 1731 1692 1549 
7327 1121 1304 1438 1667 
7328 1183 1411 1488 1525 
7329 1171 1338 1529 1584 
7330 1427 565 407 47 
7331 534 592 481 1335 
7332 720 719 687 1495 
7333 555 514 391 1448 
7334 337 1313 261 1546 
7335 769 1519 1235 1599 
7336 329 1422 1739 1554 
7337 354 275 273 1594 
7338 44 43 553 1307 
7339 609 732 788 1356 
7340 795 693 690 1328 
7341 717 1354 716 1563 
7342 856 1038 141 1460 
7343 1519 1534 1144 1582 
7344 718 826 799 1475 
7345 1127 1324 1186 1447 
7346 529 1370 558 1554 
7347 552 575 464 1447 
7348 1112 1503 1412 1607 
7349 1019 1688 1734 1573 
7350 502 420 513 1352 
7351 458 468 459 1411 
7352 1516 1563 1254 1124 
7353 1678 1749 1410 180 
7354 1245 1505 1575 1625 
7355 1021 1508 1054 1621 
7356 188 1759 80 319 
7357 1124 1350 1516 1563 
7358 464 440 435 1324 
7359 860 1374 945 1662 
7360 1140 1571 1404 1272 
7361 433 1289 1402 1464 
7362 362 1738 278 1295 
7363 1114 1587 1227 1655 
7364 1247 1303 126 1660 
7365 282 1697 191 1278 
7366 1186 1586 1324 1643 
7367 229 1696 1644 1730 
7368 1384 1647 1142 1653 
7369 554 466 538 1526 
7370 138 1319 137 1592 
7371 1161 1424 1356 1537 
7372 1307 408 43 553 
7373 457 503 1333 1583 
7374 1211 1505 1347 1118 
7375 397 499 582 1274 
7376 240 239 193 1335 
7377 1094 1573 1087 1465 
7378 1560 458 525 577 
7379 876 877 878 1397 
7380 262 241 243 1427 
7381 527 572 412 1504 
7382 1244 1524 1141 1174 
7383 269 270 352 1318 
7384 969 970 971 1539 
7385 1307 1760 235 43 
7386 98 1313 815 97 
7387 1121 1438 1282 1667 
7388 950 949 856 1368 
7389 794 1459 627 1570 
7390 1283 1602 259 1661 
7391 1448 1564 1238 1606 
7392 255 360 256 1640 
7393 1102 1098 1080 1473 
7394 179 1445 14 367 
7395 1706 821 1507 612 
7396 1248 1143 1462 1572 
7397 1235 1582 1348 1599 
7398 19 18 536 1685 
7399 527 1504 1236 1181 
7400 885 883 886 1413 
7401 126 125 1035 1304 
7402 917 884 885 1572 
7403 1167 1256 1515 1617 
7404 1125 1448 1238 1606 
7405 1254 1271 1202 1134 
7406 762 737 761 1345 
7407 598 1731 830 1549 
7408 670 716 782 1563 
7409 739 728 733 1444 
7410 319 189 317 1316 
7411 196 1313 97 340 
7412 413 496 1353 1659 
7413 759 754 790 1629 
7414 1027 1325 994 1589 
7415 901 900 902 1611 
7416 1307 43 235 200 
7417 1160 1542 1227 1655 
7418 1172 1417 1281 1581 
7419 182 341 270 1318 
7420 1312 1519 803 1599 
7421 479 1486 1271 1506 
7422 578 1580 518 1659 
7423 1233 1516 1442 1563 
7424 426 1264 563 1553 
7425 545 570 483 1299 
7426 1269 1488 1411 1525 
7427 1155 1306 1580 1659 
7428 692 694 771 1576 
7429 677 672 668 1386 
7430 1719 1528 1707 378 
7431 449 450 393 1477 
7432 1185 1515 1439 1617 
7433 506 1579 442 444 
7434 754 759 701 1347 
7435 59 167 323 1482 
7436 1629 650 757 1635 
7437 60 324 167 1482 
7438 302 1668 75 212 
7439 1754 1020 1688 156 
7440 1170 1438 1237 1158 
7441 482 478 481 1564 
7442 212 309 308 1424 
7443 853 1321 1741 1523 
7444 122 851 123 1430 
7445 497 132 394 1393 
7446 131 968 132 1657 
7447 1152 1372 1546 1562 
7448 1531 131 1393 132 
7449 461 392 460 1472 
7450 1357 1451 1188 1666 
7451 529 1422 1370 1554 
7452 689 678 677 1431 
7453 823 604 826 1334 
7454 215 63 213 1672 
7455 1612 1141 1525 1269 
7456 892 890 909 1341 
7457 279 278 24 1689 
7458 1041 1040 941 1489 
7459 1178 1529 1273 1552 
7460 98 1312 815 1313 
7461 993 922 963 1240 
7462 355 315 1445 1612 
7463 1141 1461 1244 1174 
7464 544 12 543 1488 
7465 344 287 194 1223 
7466 476 117 585 1664 
7467 665 666 1590 664 
7468 1160 1227 1587 1655 
7469 1041 1693 1065 1489 
7470 124 867 125 1479 
7471 651 659 652 1314 
7472 598 1731 1549 1692 
7473 598 1232 1692 1549 
7474 632 630 631 1342 
7475 1294 1135 1491 1513 
7476 219 1253 1554 176 
7477 1061 1473 1727 147 
7478 765 766 764 1599 
7479 1716 358 1735 1538 
7480 730 823 826 1517 
7481 722 822 1507 1648 
7482 1510 420 17 1726 
7483 495 1370 529 1615 
7484 1700 373 185 366 
7485 1726 17 18 420 
7486 307 316 189 1545 
7487 307 186 304 1545 
7488 1043 1369 966 1589 
7489 1150 1467 1320 1530 
7490 1136 1301 1459 1570 
7491 525 544 468 1488 
7492 860 120 1219 1662 
7493 1684 573 422 1554 
7494 778 639 758 1340 
7495 319 1728 79 189 
7496 183 1685 18 338 
7497 943 924 999 1471 
7498 696 1373 695 1633 
7499 1159 1439 1256 1617 
7500 1726 1685 420 18 
7501 1649 1132 1431 1206 
7502 688 686 780 1350 
7503 1023 1025 1028 1417 
7504 527 1468 526 494 
7505 318 363 205 1294 
7506 1324 1202 1127 1643 
7507 326 1578 1250 1644 
7508 863 980 141 1460 
7509 1037 1013 914 1300 
7510 1140 1404 1266 1272 
7511 1444 1522 1155 1600 
7512 462 563 1453 1553 
7513 646 640 647 1355 
7514 1142 1157 1249 1208 
7515 870 1038 940 1409 
7516 566 410 1445 1510 
7517 1726 1685 1352 420 
7518 1178 1547 1309 1552 
7519 598 818 1692 1232 
7520 1396 1416 1164 1551 
7521 483 469 427 1389 
7522 224 1742 207 330 
7523 1144 1235 1519 1582 
7524 1216 1647 1384 1653 
7525 865 982 1308 1584 
7526 623 738 740 1305 
7527 1691 86 85 618 
7528 593 523 560 1470 
7529 319 1728 189 1316 
7530 1087 1108 1388 1573 
7531 543 11 405 1591 
7532 186 303 304 1356 
7533 1126 1453 1306 1511 
7534 262 1500 345 1628 
7535 1327 1165 1547 1658 
7536 1153 1473 1321 1548 
7537 789 786 717 1354 
7538 188 1759 319 1399 
7539 928 1024 967 1462 
7540 120 119 860 1219 
7541 488 456 459 1262 
7542 463 1580 499 1274 
7543 1272 1484 1165 1598 
7544 1111 1072 1105 1292 
7545 1153 1263 1450 1548 
7546 1250 1423 1117 1585 
7547 942 931 924 1471 
7548 1266 1472 1128 1272 
7549 1149 1427 1335 1628 
7550 1691 1740 352 1645 
7551 636 634 635 1480 
7552 1153 1473 1369 1589 
7553 773 715 824 1429 
7554 1726 420 1352 1510 
7555 875 968 953 1343 
7556 1208 1579 1568 1597 
7557 1181 1504 1236 1541 
7558 1174 1445 1269 1612 
7559 1725 558 1554 422 
7560 342 234 233 1534 
7561 969 997 953 1539 
7562 521 1372 542 1608 
7563 1026 945 1374 1662 
7564 1263 1153 1114 1548 
7565 614 1744 809 1391 
7566 1756 822 1507 821 
7567 1439 1515 1256 1617 
7568 1061 1473 147 868 
7569 641 1505 1302 1575 
7570 1716 358 1538 192 
7571 221 227 222 1353 
7572 401 493 491 1222 
7573 1651 597 800 2 
7574 456 1262 488 1664 
7575 360 1549 285 1640 
7576 1231 1629 1211 1635 
7577 347 1714 100 170 
7578 801 1680 1410 802 
7579 142 994 863 1325 
7580 379 1286 250 1528 
7581 849 1441 762 1481 
7582 1183 370 1322 1525 
7583 807 725 771 1419 
7584 861 972 973 1292 
7585 526 412 484 1451 
7586 66 65 1676 834 
7587 170 1312 99 359 
7588 346 1729 1441 181 
7589 684 777 775 1461 
7590 321 1711 204 52 
7591 460 121 562 1332 
7592 1743 203 1334 1517 
7593 1166 1342 1622 1623 
7594 1208 1142 1259 1568 
7595 1005 1063 1007 1557 
7596 353 250 1286 1541 
7597 983 1292 161 861 
7598 963 1069 993 1240 
7599 883 882 1023 1581 
7600 527 1646 557 415 
7601 477 446 505 1392 
7602 346 1729 181 103 
7603 752 1414 707 828 
7604 791 635 748 1502 
7605 1159 1512 1406 1607 
7606 496 547 413 1353 
7607 920 1069 1499 1556 
7608 1406 1432 1184 1607 
7609 551 1755 33 1677 
7610 278 277 362 1295 
7611 777 829 775 1461 
7612 1155 1375 1360 1659 
7613 898 1611 1367 1613 
7614 219 1253 176 371 
7615 494 1252 430 1310 
7616 1168 1320 1467 1530 
7617 713 756 749 1387 
7618 1754 1020 156 854 
7619 1627 1676 834 66 
7620 176 292 1253 1591 
7621 871 1034 1066 1369 
7622 131 130 1476 1657 
7623 293 1724 68 198 
7624 935 974 975 1508 
7625 1737 618 86 1691 
7626 229 1696 1730 113 
7627 555 447 478 1448 
7628 1057 948 982 1308 
7629 905 1518 993 1556 
7630 948 996 865 1308 
7631 621 1585 1250 1651 
7632 383 230 327 1330 
7633 911 910 906 1432 
7634 833 821 612 1507 
7635 433 1402 436 1464 
7636 1113 1385 1339 1536 
7637 1160 1341 1293 1638 
7638 253 251 353 1520 
7639 1693 1100 1489 1076 
7640 695 1454 652 1633 
7641 1220 1327 1547 1658 
7642 138 869 137 1319 
7643 894 895 893 1542 
7644 202 243 47 1427 
7645 640 637 638 1632 
7646 1593 488 489 524 
7647 1676 797 1627 834 
7648 428 479 125 1486 
7649 1737 341 1691 86 
7650 1357 1447 567 1666 
7651 1048 858 1698 1390 
7652 896 1383 1032 1613 
7653 328 1696 229 207 
7654 1022 1009 1616 1621 
7655 1019 1688 1573 1020 
7656 171 256 258 1357 
7657 173 257 353 1391 
7658 299 1743 1694 108 
7659 1143 1413 1293 1614 
7660 1686 189 307 78 
7661 1585 1672 731 1305 
7662 1751 310 74 212 
7663 1149 1238 1564 1606 
7664 1725 9 10 533 
7665 216 215 228 1398 
7666 357 1731 1549 208 
7667 625 742 1446 626 
7668 686 687 719 1495 
7669 1414 1577 1318 1643 
7670 1735 338 19 1685 
7671 652 659 660 1633 
7672 402 596 567 1357 
7673 854 1616 1637 1388 
7674 376 1224 1706 1507 
7675 844 1752 77 1686 
7676 262 243 202 1427 
7677 1183 1593 1262 1641 
7678 1129 1284 1483 1544 
7679 960 937 1050 1512 
7680 1254 1271 1134 1506 
7681 562 460 1332 1472 
7682 564 1760 42 1673 
7683 565 407 505 1427 
7684 945 946 1026 1374 
7685 694 724 797 1576 
7686 792 652 695 1454 
7687 1194 1407 1530 1551 
7688 370 1525 294 1322 
7689 603 66 67 1627 
7690 579 465 554 1366 
7691 430 475 486 1483 
7692 249 1541 248 1661 
7693 862 1042 139 1439 
7694 18 536 1685 420 
7695 422 1725 9 1684 
7696 1725 558 422 533 
7697 559 539 508 1565 
7698 1290 1116 1665 1531 
7699 290 1627 289 1533 
7700 1335 1628 240 1654 
7701 498 579 554 1366 
7702 262 345 241 1628 
7703 1406 1512 1207 1607 
7704 862 950 1042 1515 
7705 1334 1475 1212 1609 
7706 696 793 695 1373 
7707 1453 463 462 1274 
7708 685 674 663 1474 
7709 1163 1245 1626 1134 
7710 346 1690 102 169 
7711 140 856 141 1460 
7712 287 344 259 1602 
7713 668 672 671 1484 
7714 370 178 1488 1591 
7715 268 271 187 1371 
7716 826 1334 604 1609 
7717 1691 1740 85 352 
7718 1241 1464 1402 1516 
7719 1154 1422 1370 1615 
7720 1691 839 1318 618 
7721 1737 341 182 1318 
7722 667 666 668 1598 
7723 1711 571 403 52 
7724 717 786 716 1354 
7725 338 306 1352 1537 
7726 992 990 1036 1344 
7727 567 546 1357 1666 
7728 864 1732 972 163 
7729 1488 12 13 544 
7730 1312 1582 1519 1599 
7731 1160 1587 1293 1614 
7732 1699 1100 1070 1489 
7733 403 1285 1711 1565 
7734 952 927 951 1515 
7735 1488 1715 13 179 
7736 1221 1579 1433 1597 
7737 666 664 711 1590 
7738 903 902 904 1379 
7739 1329 1615 1389 1639 
7740 540 522 508 1452 
7741 976 1741 1068 853 
7742 1725 1253 533 1591 
7743 211 1445 367 15 
7744 853 977 963 1321 
7745 1258 1527 1510 1619 
7746 700 718 710 1610 
7747 1341 1172 1490 1614 
7748 700 781 718 1475 
7749 920 993 1069 1556 
7750 1208 1433 1579 1597 
7751 287 339 194 1440 
7752 1686 189 78 1728 
7753 934 1024 928 1462 
7754 119 1363 995 1219 
7755 422 1725 1684 1554 
7756 239 44 1307 200 
7757 1454 1633 1618 1665 
7758 1523 1104 1103 151 
7759 582 499 444 1579 
7760 1041 864 164 1693 
7761 1169 1396 1237 1551 
7762 1093 1091 1650 1663 
7763 1725 10 1591 533 
7764 11 372 10 1591 
7765 622 620 621 1423 
7766 948 947 932 1408 
7767 644 653 643 1359 
7768 775 801 774 1346 
7769 135 462 397 1274 
7770 837 736 832 1434 
7771 588 471 485 1491 
7772 1329 1154 1615 1639 
7773 617 68 69 1724 
7774 131 852 968 1476 
7775 1724 1671 617 1322 
7776 1026 851 122 1430 
7777 997 969 1025 1539 
7778 762 607 737 1345 
7779 357 1731 208 88 
7780 1691 839 618 816 
7781 1113 1339 1530 1551 
7782 1685 420 536 1352 
7783 1228 1415 1395 1165 
7784 1385 1456 1171 1496 
7785 1292 161 162 1072 
7786 1341 1490 1160 1614 
7787 1358 1430 1158 1662 
7788 173 353 250 1286 
7789 1183 370 1525 1488 
7790 281 283 332 1565 
7791 858 1734 1698 1573 
7792 770 726 777 1535 
7793 494 1310 487 1181 
7794 137 1052 959 1592 
7795 292 371 176 1253 
7796 267 270 269 1561 
7797 562 121 395 1332 
7798 1393 1157 1125 1665 
7799 121 1430 1358 1662 
7800 1179 1301 1623 1636 
7801 1342 1623 1301 1636 
7802 1385 1536 1265 1178 
7803 1148 1436 1371 1586 
7804 1132 1524 1420 1567 
7805 775 774 684 1346 
7806 727 606 1444 1601 
7807 909 890 1029 1341 
7808 183 1685 338 1352 
7809 488 459 524 1593 
7810 222 227 374 1522 
7811 211 1445 1733 1510 
7812 1153 1532 1473 1589 
7813 437 438 471 1491 
7814 882 1025 1023 1417 
7815 1091 1086 1092 1663 
7816 1592 862 138 1439 
7817 923 996 932 1408 
7818 306 183 1527 334 
7819 385 301 203 1334 
7820 1282 1438 1407 1667 
7821 195 1313 340 96 
7822 232 233 234 1562 
7823 940 856 949 1368 
7824 1698 1390 858 1573 
7825 520 549 519 1360 
7826 400 586 435 1506 
7827 35 175 252 1504 
7828 192 1294 21 363 
7829 95 817 601 1440 
7830 320 188 319 1399 
7831 919 1008 895 1542 
7832 1113 1265 1158 1496 
7833 1049 1573 1060 858 
7834 992 1031 1037 1344 
7835 260 337 261 1546 
7836 422 529 558 1554 
7837 1737 341 86 182 
7838 1149 1500 1345 1647 
7839 1045 957 862 1592 
7840 1262 1501 488 1664 
7841 364 1294 318 1176 
7842 828 1549 753 1297 
7843 1016 1015 1013 1497 
7844 321 1711 52 1683 
7845 675 702 657 1457 
7846 203 349 282 1517 
7847 810 1751 75 1668 
7848 299 1743 108 203 
7849 204 51 1711 1565 
7850 521 542 467 1608 
7851 858 1734 1573 1019 
7852 1320 1596 1150 1657 
7853 547 496 493 1353 
7854 1157 1618 1633 1665 
7855 1684 365 329 1554 
7856 1019 1688 1020 157 
7857 717 716 688 1563 
7858 169 347 1681 101 
7859 396 455 456 1420 
7860 982 1067 1033 1584 
7861 944 860 942 1219 
7862 1629 757 650 790 
7863 1088 1084 1465 1085 
7864 536 1685 1352 1537 
7865 355 1445 211 1510 
7866 1082 1091 1093 1663 
7867 433 589 436 1402 
7868 173 250 379 1286 
7869 242 240 1628 1654 
7870 457 500 503 1583 
7871 521 417 542 1372 
7872 35 572 415 1504 
7873 1062 153 154 1557 
7874 1153 1291 1532 1589 
7875 825 707 723 1414 
7876 355 313 315 1612 
7877 1109 1292 162 1072 
7878 191 348 282 1278 
7879 570 1736 401 1222 
7880 390 1730 1644 1695 
7881 908 1018 998 1365 
7882 948 865 982 1308 
7883 211 1510 1733 16 
7884 865 116 982 1584 
7885 1049 1573 858 1390 
7886 474 591 563 1453 
7887 425 495 424 1329 
7888 1089 1084 1090 1605 
7889 1373 1454 695 1633 
7890 1324 1586 1148 1643 
7891 986 985 855 1376 
7892 498 485 438 1491 
7893 1210 1174 1333 1560 
7894 365 1725 176 1554 
7895 696 695 660 1633 
7896 1724 1671 69 617 
7897 1120 1395 1415 1165 
7898 1216 1392 1384 1647 
7899 537 548 414 1371 
7900 1165 1386 1484 1571 
7901 205 1294 363 22 
7902 552 470 575 1447 
7903 1370 1422 529 1615 
7904 1106 1388 1071 1637 
7905 3 1067 115 1584 
7906 303 308 306 1537 
7907 449 448 451 1477 
7908 128 129 1403 1574 
7909 893 1008 1010 1542 
7910 836 602 848 1648 
7911 237 239 240 1654 
7912 529 495 489 1370 
7913 211 1510 16 335 
7914 1244 1484 1386 1571 
7915 1043 871 966 1369 
7916 838 1419 725 807 
7917 484 1451 546 1666 
7918 463 492 518 1580 
7919 727 1444 728 1610 
7920 886 887 885 1413 
7921 614 1391 753 1549 
7922 1743 349 1517 1697 
7923 275 1224 1507 1594 
7924 321 322 226 1360 
7925 1155 1580 1375 1659 
7926 1407 1438 1169 1667 
7927 1407 1169 1656 1667 
7928 691 1535 770 1649 
7929 1062 1557 154 1637 
7930 1036 1469 989 1569 
7931 304 316 307 1545 
7932 1250 1578 1177 1644 
7933 500 461 501 1583 
7934 50 539 51 1565 
7935 188 1399 386 1648 
7936 922 907 961 1518 
7937 381 213 323 1651 
7938 50 1452 539 1565 
7939 863 994 1027 1325 
7940 211 1445 15 1733 
7941 772 1505 641 1575 
7942 51 539 403 1565 
7943 280 265 184 1452 
7944 1690 599 813 102 
7945 267 272 270 1492 
7946 1314 1125 1157 1665 
7947 377 320 317 1513 
7948 1194 1531 1320 1657 
7949 881 883 884 1581 
7950 336 1440 287 1602 
7951 1253 1591 1183 1593 
7952 942 943 944 1471 
7953 1150 1596 1476 1657 
7954 744 795 689 1558 
7955 1427 565 47 1723 
7956 1403 1169 1574 1656 
7957 1693 1732 1260 864 
7958 669 670 655 1442 
7959 1022 1388 1021 1621 
7960 1754 1388 854 1637 
7961 1019 1688 157 1734 
7962 1419 1576 771 1627 
7963 1160 1293 1341 1614 
7964 668 671 667 1484 
7965 739 796 728 1362 
7966 829 802 775 1410 
7967 1519 1582 1235 1599 
7968 1091 1092 1074 1557 
7969 1244 1461 1346 1174 
7970 975 1054 1060 1508 
7971 1700 799 1601 804 
7972 504 457 503 1333 
7973 390 1730 1695 114 
7974 963 976 853 1321 
7975 860 1374 1662 1219 
7976 518 519 578 1659 
7977 731 1585 621 1651 
7978 350 1701 379 1528 
7979 1526 26 538 25 
7980 429 428 398 1634 
7981 201 1740 1706 1645 
7982 1081 1083 1082 1548 
7983 561 405 594 1591 
7984 1590 1598 1201 1165 
7985 479 124 1486 1506 
7986 1524 1535 1206 1649 
7987 1723 47 48 565 
7988 1180 1393 1125 1665 
7989 1574 1656 1169 1667 
7990 176 10 372 1591 
7991 357 1731 88 1692 
7992 896 894 1032 1383 
7993 1081 1079 1090 1450 
7994 1026 1430 121 1662 
7995 204 283 51 1565 
7996 250 1528 1286 1541 
7997 138 139 979 1439 
7998 279 25 190 1526 
7999 289 220 290 1533 
8000 966 964 965 1589 
8001 797 771 1576 1627 
8002 329 1704 1739 1422 
8003 1723 505 565 418 
8004 905 922 993 1518 
8005 937 954 915 1406 
8006 905 993 903 1556 
8007 1172 1418 1490 1614 
8008 1180 1531 1393 1665 
8009 714 750 805 1494 
8010 1149 1500 1427 1628 
8011 380 276 356 1648 
8012 119 454 118 1309 
8013 423 3 115 1553 
8014 616 808 844 1545 
8015 442 506 445 1384 
8016 380 356 1748 1648 
8017 118 995 119 1363 
8018 1320 1467 1150 1596 
8019 972 1292 861 162 
8020 1592 138 862 1045 
8021 640 755 757 1632 
8022 1700 373 366 1601 
8023 231 260 172 1372 
8024 920 901 903 1556 
8025 567 546 402 1357 
8026 804 727 799 1601 
8027 138 137 1045 1592 
8028 418 1723 48 565 
8029 854 1616 1388 1022 
8030 267 266 272 1492 
8031 429 1468 432 1634 
8032 991 1032 894 1383 
8033 1386 1547 1165 1658 
8034 614 842 753 1391 
8035 858 1734 1019 158 
8036 1510 420 535 17 
8037 1081 1090 1084 1450 
8038 346 1729 103 1690 
8039 1072 1292 161 1110 
8040 986 855 1030 1376 
8041 980 140 141 1460 
8042 1314 1157 1633 1665 
8043 335 17 183 1510 
8044 956 1027 965 1589 
8045 399 423 115 1426 
8046 712 763 791 1658 
8047 484 412 551 1451 
8048 441 1433 582 1579 
8049 502 536 420 1352 
8050 854 1616 1022 1011 
8051 932 996 948 1408 
8052 247 249 248 1661 
8053 1453 462 463 591 
8054 195 95 339 1440 
8055 1216 1384 1452 1653 
8056 283 50 51 1565 
8057 722 848 822 1648 
8058 218 1422 1554 1624 
8059 390 1730 114 229 
8060 178 11 1488 1591 
8061 342 238 1434 1534 
8062 155 854 1059 1637 
8063 1735 338 358 19 
8064 1041 1065 1040 1489 
8065 857 1050 979 1512 
8066 130 970 852 1476 
8067 347 1714 170 1434 
8068 432 494 526 1468 
8069 983 861 1046 1292 
8070 276 380 386 1648 
8071 906 910 907 1432 
8072 486 453 523 1470 
8073 1367 1466 1203 1655 
8074 467 453 452 1608 
8075 935 917 974 1572 
8076 522 1392 446 1384 
8077 527 1646 415 1504 
8078 226 1360 223 1600 
8079 443 445 446 1384 
8080 892 893 891 1638 
8081 837 1757 599 1434 
8082 798 845 611 1398 
8083 11 12 178 1488 
8084 329 1704 1422 206 
8085 1684 8 9 422 
8086 373 225 366 1601 
8087 568 510 451 1485 
8088 182 1692 357 87 
8089 1160 1466 1367 1655 
8090 615 1743 823 1517 
8091 423 399 424 1426 
8092 1280 1454 1373 1618 
8093 1736 387 61 1 
8094 808 609 844 1545 
8095 614 809 842 1391 
8096 527 487 557 1181 
8097 1470 1544 486 1255 
8098 940 930 939 1409 
8099 1182 1139 1359 1625 
8100 566 530 574 1445 
8101 279 1689 25 1526 
8102 731 621 800 1651 
8103 603 797 834 1627 
8104 229 1696 113 207 
8105 1723 505 418 1216 
8106 912 927 952 1540 
8107 880 912 878 1540 
8108 1035 989 1030 1569 
8109 191 1697 349 106 
8110 371 220 219 1533 
8111 771 694 797 1576 
8112 959 958 957 1592 
8113 1113 1530 1407 1551 
8114 1701 847 608 1528 
8115 972 1292 162 1732 
8116 541 39 38 1722 
8117 223 1522 224 1600 
8118 1283 1646 1181 1661 
8119 762 849 813 1441 
8120 858 1734 158 1698 
8121 118 396 117 1552 
8122 595 505 407 1427 
8123 1680 1749 73 180 
8124 568 482 512 1485 
8125 176 372 292 1591 
8126 840 1742 606 112 
8127 1043 1027 994 1589 
8128 312 1527 309 1619 
8129 755 772 759 1505 
8130 390 1730 229 1644 
8131 1722 1669 38 541 
8132 134 1433 133 1595 
8133 1372 1722 39 541 
8134 987 916 1028 1604 
8135 4 144 1699 1066 
8136 447 446 477 1392 
8137 556 130 391 1449 
8138 507 506 444 1437 
8139 133 866 873 1596 
8140 1185 1509 1401 1617 
8141 992 1036 1031 1344 
8142 603 834 66 1627 
8143 299 1334 300 1609 
8144 338 305 306 1537 
8145 1684 573 8 422 
8146 203 282 385 1517 
8147 1716 358 192 20 
8148 735 803 736 1519 
8149 384 1578 326 1644 
8150 803 1519 769 1599 
8151 1022 1020 1021 1388 
8152 546 484 551 1451 
8153 1022 1058 1009 1621 
8154 360 208 285 1549 
8155 830 614 753 1549 
8156 1157 1618 1373 1633 
8157 1026 122 121 1430 
8158 977 1001 1069 1499 
8159 274 1295 279 1526 
8160 944 946 945 1374 
8161 1684 1739 329 8 
8162 1651 58 2 388 
8163 305 1176 304 1537 
8164 896 1032 914 1613 
8165 476 488 425 1664 
8166 1705 1047 1003 1650 
8167 1103 1093 1104 1523 
8168 969 971 1025 1539 
8169 768 685 663 1588 
8170 889 890 891 1638 
8171 1699 1753 1489 144 
8172 392 500 583 1404 
8173 1245 1575 1359 1625 
8174 1006 1009 1008 1616 
8175 312 309 311 1619 
8176 1447 470 567 1666 
8177 538 25 404 1526 
8178 431 429 432 1634 
8179 939 870 940 1409 
8180 418 522 540 1452 
8181 566 410 530 1445 
8182 223 226 322 1360 
8183 913 926 925 1543 
8184 541 1722 1192 1372 
8185 224 1742 330 1601 
8186 1196 1574 1376 1667 
8187 641 772 755 1505 
8188 839 1577 789 1645 
8189 328 1696 207 1522 
8190 785 697 660 1435 
8191 913 925 912 1543 
8192 1243 1616 1388 1637 
8193 973 1046 861 1292 
8194 661 653 783 1463 
8195 369 178 12 1488 
8196 353 251 250 1541 
8197 173 361 257 1391 
8198 770 691 726 1535 
8199 989 1036 990 1469 
8200 216 174 215 1398 
8201 1074 1099 153 1557 
8202 740 794 627 1570 
8203 821 722 822 1507 
8204 1182 1359 1575 1625 
8205 965 1043 966 1589 
8206 229 328 384 1644 
8207 637 634 636 1480 
8208 185 1700 366 110 
8209 778 711 664 1590 
8210 1722 1669 541 1192 
8211 788 811 810 1424 
8212 760 657 702 1457 
8213 1373 1618 1454 1633 
8214 285 208 357 1549 
8215 773 680 715 1429 
8216 792 695 745 1454 
8217 1627 807 67 603 
8218 182 1692 87 1737 
8219 1160 1587 1466 1655 
8220 705 737 729 1455 
8221 295 296 368 1525 
8222 1020 1019 1021 1573 
8223 938 858 1048 1390 
8224 733 619 620 1644 
8225 1735 338 1537 358 
8226 514 556 391 1449 
8227 111 1700 366 1601 
8228 1049 858 938 1390 
8229 854 1616 1011 1637 
8230 390 58 2 1695 
8231 1371 1492 1148 1586 
8232 11 178 372 1591 
8233 378 1707 350 1528 
8234 1447 567 470 575 
8235 123 1017 124 1479 
8236 456 585 1420 1664 
8237 352 201 269 1645 
8238 529 489 558 1370 
8239 1374 1219 1158 1662 
8240 1148 1492 1371 1561 
8241 859 1557 1063 1650 
8242 1011 1022 1009 1616 
8243 1716 358 20 1735 
8244 224 223 222 1522 
8245 689 690 678 1431 
8246 750 714 749 1494 
8247 722 821 833 1507 
8248 252 175 248 1504 
8249 180 314 313 1410 
8250 218 375 1422 1624 
8251 1725 558 533 1253 
8252 95 195 96 1440 
8253 1199 1623 1622 1342 
8254 1698 1096 1075 159 
8255 286 336 287 1602 
8256 188 320 386 1399 
8257 989 988 986 1469 
8258 716 670 688 1563 
8259 1160 1367 1542 1655 
8260 543 405 561 1591 
8261 973 1044 934 1514 
8262 630 743 629 1342 
8263 293 291 294 1322 
8264 312 183 334 1527 
8265 44 45 1682 416 
8266 463 499 397 1274 
8267 463 518 499 1580 
8268 978 975 974 1508 
8269 242 343 240 1654 
8270 345 1441 242 1628 
8271 355 1510 312 1619 
8272 1091 1083 1086 1663 
8273 302 212 308 1424 
8274 729 615 730 1517 
8275 350 92 379 1701 
8276 1357 546 31 1721 
8277 839 723 789 1577 
8278 1051 151 1003 1523 
8279 772 641 643 1575 
8280 1106 1108 1071 1388 
8281 194 1440 339 94 
8282 255 253 257 1520 
8283 143 1040 144 1489 
8284 31 32 1721 546 
8285 881 882 883 1581 
8286 591 462 563 1453 
8287 1094 1096 1075 1390 
8288 102 813 1690 103 
8289 746 743 793 1566 
8290 128 984 129 1574 
8291 1707 1701 1528 847 
8292 789 723 786 1577 
8293 379 1744 91 173 
8294 370 1298 292 1591 
8295 422 1725 533 9 
8296 478 514 555 1448 
8297 543 468 544 1488 
8298 667 665 666 1598 
8299 470 432 484 1666 
8300 111 606 804 1601 
8301 712 677 763 1658 
8302 841 802 829 1410 
8303 727 606 728 1444 
8304 578 499 518 1580 
8305 1056 859 1063 1650 
8306 1758 351 1702 105 
8307 888 916 1029 1604 
8308 936 1044 1055 1514 
8309 1690 1757 169 1441 
8310 127 855 128 1574 
8311 1091 1082 1083 1663 
8312 513 535 566 1510 
8313 943 942 924 1471 
8314 813 812 762 1441 
8315 131 130 852 1476 
8316 1744 361 1703 90 
8317 294 296 295 1525 
8318 561 594 524 1593 
8319 743 630 633 1342 
8320 752 828 753 1297 
8321 218 1554 219 1624 
8322 814 1697 615 1278 
8323 551 1721 1677 32 
8324 441 444 442 1579 
8325 573 411 529 1422 
8326 892 891 890 1638 
8327 692 771 725 1419 
8328 337 260 232 1562 
8329 462 3 563 1553 
8330 433 434 589 1402 
8331 525 468 458 1411 
8332 718 799 727 1610 
8333 1077 1080 1098 1473 
8334 320 377 362 1513 
8335 659 663 674 1474 
8336 277 274 276 1594 
8337 920 903 993 1556 
8338 1691 839 816 1645 
8339 376 1756 356 1507 
8340 378 350 249 1528 
8341 566 535 410 1510 
8342 995 942 860 1219 
8343 962 961 964 1532 
8344 433 436 395 1464 
8345 803 735 769 1519 
8346 570 491 469 1487 
8347 329 1704 206 7 
8348 761 706 762 1481 
8349 1065 1753 144 1489 
8350 826 604 799 1609 
8351 175 1504 35 1646 
8352 748 635 632 1502 
8353 862 951 950 1515 
8354 701 662 756 1626 
8355 1048 159 1698 858 
8356 866 132 968 1596 
8357 813 1729 812 1441 
8358 1310 1544 1483 486 
8359 1420 1567 1262 1664 
8360 311 313 355 1619 
8361 341 85 352 1691 
8362 813 1729 1441 1690 
8363 1043 965 1027 1589 
8364 1483 1544 1284 486 
8365 196 261 337 1313 
8366 1367 1611 1173 1613 
8367 342 236 238 1534 
8368 329 1704 7 1739 
8369 917 885 974 1572 
8370 472 516 440 1586 
8371 1043 1034 871 1369 
8372 1000 920 1001 1499 
8373 523 453 560 1470 
8374 559 506 507 1437 
8375 1473 1107 1098 148 
8376 132 497 131 1393 
8377 590 461 460 1472 
8378 587 428 431 1634 
8379 120 121 1358 1662 
8380 489 425 488 1501 
8381 326 384 166 1578 
8382 738 724 708 1305 
8383 423 426 563 1553 
8384 1099 1557 1092 1637 
8385 205 1294 22 1738 
8386 642 643 641 1575 
8387 1075 1097 1087 1573 
8388 867 124 1017 1479 
8389 1756 822 821 82 
8390 201 1740 1645 352 
8391 36 1713 246 1646 
8392 959 1045 137 1592 
8393 1073 1102 1093 1523 
8394 259 286 287 1602 
8395 190 274 279 1526 
8396 1719 1528 378 1223 
8397 1684 1739 1554 329 
8398 793 699 746 1566 
8399 323 388 58 1651 
8400 281 280 184 1452 
8401 495 528 427 1615 
8402 203 301 299 1334 
8403 111 366 330 1601 
8404 343 238 237 1654 
8405 853 1523 1741 150 
8406 767 601 817 1440 
8407 1196 1656 1574 1667 
8408 631 744 748 1636 
8409 706 849 762 1481 
8410 1099 1074 1092 1557 
8411 1651 213 388 62 
8412 134 441 133 1433 
8413 217 218 219 1624 
8414 1093 1104 1523 1650 
8415 595 481 477 1564 
8416 871 1727 146 1061 
8417 691 770 678 1649 
8418 1093 1091 1074 1650 
8419 620 619 597 1644 
8420 731 800 827 1651 
8421 128 855 984 1574 
8422 1694 846 604 1609 
8423 1690 1757 102 169 
8424 728 606 733 1444 
8425 1066 1727 145 871 
8426 122 433 395 1464 
8427 1679 387 57 214 
8428 1687 822 602 1648 
8429 1092 1106 1071 1637 
8430 1691 816 618 85 
8431 1744 361 90 173 
8432 1047 1746 1650 1705 
8433 261 196 340 1313 
8434 826 718 781 1475 
8435 946 1014 1015 1497 
8436 375 206 218 1422 
8437 205 362 377 1513 
8438 1062 859 153 1557 
8439 901 899 900 1611 
8440 868 1473 148 1068 
8441 860 119 995 1219 
8442 1684 365 8 329 
8443 396 456 585 1420 
8444 218 1422 329 1554 
8445 479 124 125 1486 
8446 269 268 267 1561 
8447 860 945 120 1662 
8448 111 330 1742 1601 
8449 663 760 768 1588 
8450 475 430 398 1483 
8451 1089 1111 1088 1605 
8452 219 1253 371 1533 
8453 1651 213 62 1672 
8454 278 205 23 1738 
8455 1758 351 105 191 
8456 59 60 167 1482 
8457 1012 898 914 1613 
8458 264 262 263 1500 
8459 138 862 139 1439 
8460 1679 401 569 57 
8461 355 211 312 1510 
8462 567 484 546 1666 
8463 444 441 582 1579 
8464 224 225 1600 1601 
8465 350 379 250 1528 
8466 306 183 338 1352 
8467 900 899 898 1611 
8468 238 170 342 1434 
8469 175 36 246 1646 
8470 432 429 494 1468 
8471 242 345 181 1441 
8472 660 695 652 1633 
8473 598 753 828 1549 
8474 300 299 301 1334 
8475 249 1528 250 1541 
8476 744 631 741 1636 
8477 1062 1007 1557 1637 
8478 35 36 175 1646 
8479 1047 1746 1705 152 
8480 960 1050 857 1512 
8481 299 1743 203 1334 
8482 268 269 354 1561 
8483 624 740 627 1570 
8484 201 1740 352 84 
8485 347 170 238 1434 
8486 905 907 922 1518 
8487 246 247 175 1646 
8488 766 803 769 1599 
8489 1047 1003 151 1705 
8490 478 477 481 1564 
8491 1011 1616 1007 1637 
8492 299 185 1694 1609 
8493 1019 1060 1021 1573 
8494 1087 1097 1108 1573 
8495 895 1008 893 1542 
8496 413 519 496 1659 
8497 524 459 561 1593 
8498 403 539 559 1565 
8499 789 612 816 1645 
8500 389 1712 5 230 
8501 712 744 689 1558 
8502 678 770 672 1649 
8503 344 247 259 1661 
8504 241 242 240 1628 
8505 729 704 705 1455 
8506 346 242 181 1441 
8507 1054 975 978 1508 
8508 474 469 491 1487 
8509 157 156 1688 1020 
8510 365 176 219 1554 
8511 1061 868 966 1473 
8512 1068 1741 149 853 
8513 1510 1527 312 1619 
8514 1015 1014 1013 1497 
8515 26 27 271 1670 
8516 404 554 538 1526 
8517 370 292 178 1591 
8518 1372 40 39 172 
8519 1100 1090 1070 1489 
8520 562 590 460 1472 
8521 976 1741 853 1321 
8522 1694 1700 1609 185 
8523 1062 1637 154 1059 
8524 582 441 134 1433 
8525 342 233 236 1534 
8526 384 382 166 1578 
8527 415 532 36 1646 
8528 127 126 1303 1660 
8529 951 927 950 1515 
8530 701 654 662 1626 
8531 1100 1076 1090 1489 
8532 1066 1727 871 1369 
8533 229 384 326 1644 
8534 168 54 55 1674 
8535 336 195 287 1440 
8536 479 400 124 1506 
8537 1526 26 25 190 
8538 1064 966 868 1473 
8539 1711 51 403 1565 
8540 380 188 386 1648 
8541 49 50 184 1452 
8542 315 211 355 1445 
8543 1722 39 38 244 
8544 37 38 177 1669 
8545 650 647 757 1635 
8546 219 329 365 1554 
8547 512 510 568 1485 
8548 371 290 220 1533 
8549 229 326 390 1644 
8550 275 356 276 1507 
8551 898 896 914 1613 
8552 854 1020 1022 1388 
8553 379 1744 173 1286 
8554 1745 41 40 231 
8555 261 336 245 1546 
8556 796 625 742 1652 
8557 312 211 335 1510 
8558 276 275 1507 1594 
8559 479 586 400 1506 
8560 920 1069 1001 1499 
8561 527 1468 494 1181 
8562 1746 153 859 1557 
8563 225 330 366 1601 
8564 1720 46 45 193 
8565 1676 64 65 174 
8566 752 1414 828 1297 
8567 912 952 878 1540 
8568 132 866 133 1596 
8569 475 1483 398 1660 
8570 990 988 989 1469 
8571 753 598 830 1549 
8572 516 548 440 1586 
8573 987 1029 916 1604 
8574 370 178 296 1488 
8575 1706 821 612 83 
8576 1747 30 29 210 
8577 356 1748 82 380 
8578 1019 858 1060 1573 
8579 73 72 180 1749 
8580 339 287 195 1440 
8581 93 806 1707 1719 
8582 766 769 764 1599 
8583 982 116 115 1584 
8584 1750 54 53 322 
8585 640 638 755 1632 
8586 1099 1092 1101 1637 
8587 246 36 37 1713 
8588 727 728 710 1610 
8589 27 28 187 1710 
8590 853 1523 150 1051 
8591 471 438 485 1491 
8592 380 1687 188 1648 
8593 456 488 585 1664 
8594 389 1712 230 1299 
8595 315 367 211 1445 
8596 31 32 171 1721 
8597 1102 1080 1082 1548 
8598 373 226 225 1600 
8599 218 206 329 1422 
8600 194 1440 94 1719 
8601 867 1036 1035 1569 
8602 257 253 353 1520 
8603 74 75 1751 212 
8604 1730 114 229 113 
8605 1051 977 853 1523 
8606 623 621 731 1585 
8607 1062 1059 1007 1637 
8608 1065 144 1040 1489 
8609 218 217 216 1624 
8610 1357 31 30 258 
8611 224 330 225 1601 
8612 49 48 1723 265 
8613 1064 962 964 1532 
8614 1746 1557 859 1650 
8615 186 77 76 1752 
8616 1687 1748 1648 380 
8617 350 250 249 1528 
8618 300 373 185 1609 
8619 292 372 178 1591 
8620 284 256 285 1640 
8621 69 70 1671 199 
8622 973 1055 1044 1514 
8623 1753 144 4 1065 
8624 1101 1092 1071 1637 
8625 345 262 264 1500 
8626 261 245 260 1546 
8627 79 80 1759 319 
8628 1011 1006 1007 1616 
8629 1003 977 1051 1523 
8630 1687 1748 380 81 
8631 449 393 448 1477 
8632 198 68 67 1724 
8633 823 730 615 1517 
8634 551 1721 32 546 
8635 1080 1081 1082 1548 
8636 24 25 279 1689 
8637 156 155 1754 854 
8638 215 64 63 1672 
8639 358 192 305 1538 
8640 213 388 323 1651 
8641 1694 185 299 109 
8642 389 61 1 1708 
8643 189 79 78 1728 
8644 738 845 724 1305 
8645 296 178 369 1488 
8646 807 771 603 1627 
8647 42 43 235 1760 
8648 546 1721 1357 1451 
8649 797 603 771 1627 
8650 209 33 34 1755 
8651 604 846 799 1609 
8652 273 275 274 1594 
8653 1427 534 1720 46 
8654 218 216 375 1624 
8655 1073 1093 1103 1523 
8656 861 161 162 1292 
8657 501 503 500 1583 
8658 1047 1746 152 859 
8659 70 71 1709 297 
8660 1093 1074 1104 1650 
8661 423 563 3 1553 
8662 415 572 527 1504 
8663 241 345 242 1628 
8664 467 452 521 1608 
8665 1047 859 1056 1650 
8666 234 337 232 1562 
8667 63 62 213 1672 
8668 527 494 487 1181 
8669 864 163 164 1732 
8670 299 300 185 1609 
8671 201 1740 84 1706 
8672 57 56 1679 214 
8673 374 224 222 1522 
8674 312 334 309 1527 
8675 1711 52 51 204 
8676 202 47 48 1723 
8677 364 305 192 1538 
8678 23 24 278 1689 
8679 983 160 161 1718 
8680 315 298 368 1612 
8681 306 305 303 1537 
8682 313 298 315 1612 
8683 299 108 1694 109 
8684 959 957 1045 1592 
8685 369 12 13 1488 
8686 44 45 239 1682 
8687 528 495 529 1615 
8688 847 806 805 1528 
8689 344 249 247 1661 
8690 380 1687 81 188 
8691 1732 163 162 972 
8692 390 2 114 1695 
8693 1717 56 55 221 
8694 376 201 83 1706 
8695 1026 121 945 1662 
8696 522 446 445 1384 
8697 839 789 816 1645 
8698 397 462 463 1274 
8699 96 97 1313 340 
8700 370 294 291 1322 
8701 1683 53 52 321 
8702 1047 1746 859 1650 
8703 1 5 1708 545 
8704 1699 145 4 1066 
8705 41 42 197 1673 
8706 120 945 121 1662 
8707 519 518 496 1659 
8708 1627 66 67 289 
8709 21 22 363 1294 
8710 243 46 47 1427 
8711 248 250 251 1541 
8712 237 240 343 1654 
8713 1677 33 32 254 
8714 1675 29 28 266 
8715 1056 1003 1047 1650 
8716 75 76 1668 302 
8717 727 804 606 1601 
8718 982 115 1067 1584 
8719 148 147 1473 868 
8720 1504 35 34 252 
8721 57 1 387 1736 
8722 376 356 275 1507 
8723 183 17 18 1726 
8724 534 46 45 1720 
8725 219 218 329 1554 
8726 1756 82 376 356 
8727 1312 99 359 98 
8728 1686 77 78 307 
8729 339 95 94 1440 
8730 6 5 1712 230 
8731 92 350 378 1707 
8732 859 1007 1063 1557 
8733 226 223 225 1600 
8734 1682 1720 534 45 
8735 204 332 283 1565 
8736 718 727 710 1610 
8737 1687 80 81 188 
8738 44 43 1307 200 
8739 20 21 192 1716 
8740 1757 102 169 101 
8741 1062 1007 859 1557 
8742 1445 15 14 367 
8743 106 191 1758 105 
8744 1715 14 13 179 
8745 66 65 288 1676 
8746 1682 1720 1335 534 
8747 1054 918 1058 1621 
8748 832 1312 1714 1434 
8749 72 71 314 1678 
8750 355 312 311 1619 
8751 1054 1058 1021 1621 
8752 557 532 415 1646 
8753 158 157 1734 1019 
8754 1651 2 62 388 
8755 847 805 608 1528 
8756 73 74 1680 310 
8757 285 256 360 1640 
8758 1748 81 82 380 
8759 475 398 127 1660 
8760 341 86 85 1691 
8761 159 158 1698 858 
8762 1724 68 69 293 
8763 248 249 250 1541 
8764 88 1692 87 357 
8765 484 567 470 1666 
8766 102 1690 346 103 
8767 1041 164 165 1693 
8768 182 87 86 1737 
8769 431 428 429 1634 
8770 534 1720 1335 1427 
8771 1035 1036 989 1569 
8772 127 398 126 1660 
8773 176 9 10 1725 
8774 1059 854 1011 1637 
8775 1729 104 181 103 
8776 602 822 848 1648 
8777 871 145 146 1727 
8778 365 8 9 1684 
8779 1735 20 19 358 
8780 99 170 100 1714 
8781 1701 92 379 91 
8782 90 1744 173 91 
8783 152 153 859 1746 
8784 1088 1084 1089 1605 
8785 90 361 1703 89 
8786 1731 89 208 88 
8787 211 15 16 1733 
8788 84 83 201 1706 
8789 203 107 1743 108 
8790 1718 160 159 1048 
8791 19 18 1685 338 
8792 1021 1058 1022 1621 
8793 106 1697 349 107 
8794 225 223 224 1600 
8795 6 7 206 1704 
8796 1011 1009 1006 1616 
8797 149 150 853 1741 
8798 109 185 110 1700 
8799 488 476 585 1664 
8800 276 274 275 1594 
8801 146 147 1061 1727 
8802 1738 23 22 205 
8803 335 16 17 1510 
8804 347 1681 101 100 
8805 1051 150 151 1523 
8806 1047 151 152 1705 
8807 1059 1011 1007 1637 
8808 1702 105 351 104 
8809 1742 111 112 330 
8810 85 84 352 1740 
8811 93 194 94 1719 
8812 1 5 389 1708 
8813 112 1696 207 113 
8814 1739 8 7 329 
8815 1068 148 149 1741 
8816 378 93 92 1707 
8817 1627 1724 198 67 
8818 110 1700 366 111 
8819 1753 4 165 1065 
8820 154 155 1059 1637 
8821 376 83 82 1756 
8822 1458 1387 1197 1631 
8823 1458 1387 1631 754 
8824 1597 1230 1147 1221 
8825 1597 1147 1230 1349 
8826 1315 1434 1195 1144 
8827 1315 1434 1144 1519 
8828 1747 272 210 266 
8829 605 99 1312 98 
8830 1331 1387 1297 682 
8831 1318 272 270 333 
8832 1318 272 333 1186 
8833 1458 1387 754 713 
8834 1387 1631 754 1347 
8835 1458 1387 713 1197 
8836 1631 1629 1129 1458 
8837 1415 118 1178 1309 
8838 1415 1178 118 1363 
8839 1648 722 780 1350 
8840 1648 780 722 848 
8841 832 99 1312 605 
8842 403 52 51 1711 
8843 1012 1365 900 1613 
8844 1560 1262 458 1420 
8845 1560 458 1262 1411 
8846 1012 900 1365 908 
8847 1611 1613 1365 1173 
8848 1592 1115 1215 1270 
8849 1592 1215 1115 1319 
8850 1293 1341 1614 1413 
8851 1293 1341 1413 888 
8852 93 1719 94 835 
8853 550 1712 1299 1330 
8854 1719 1440 94 835 
8855 443 1249 394 1208 
8856 1354 1124 1254 1563 
8857 1354 1124 1563 1559 
8858 1344 991 1383 992 
8859 1344 1383 991 1162 
8860 1372 244 245 172 
8861 1372 245 244 1192 
8862 1493 1660 1284 128 
8863 1660 1129 1284 1483 
8864 311 1680 310 180 
8865 311 1680 180 1410 
8866 1469 991 1344 990 
8867 1469 1344 991 1162 
8868 1445 1560 1174 1269 
8869 1174 1560 1445 1333 
8870 117 1308 1584 865 
8871 1584 1308 117 1171 
8872 148 147 1098 1473 
8873 1526 273 271 190 
8874 1303 1118 1247 1428 
8875 806 1719 93 835 
8876 424 1553 1264 426 
8877 1264 1553 424 1426 
8878 424 1329 1264 1426 
8879 1441 599 849 813 
8880 1441 849 599 1195 
8881 490 1279 1472 473 
8882 490 1279 473 480 
8883 1624 1234 228 1330 
8884 1624 228 1234 1398 
8885 264 1702 351 181 
8886 1708 1712 1299 550 
8887 1653 348 282 280 
8888 1216 280 1653 1452 
8889 1653 348 280 1216 
8890 1653 281 280 282 
8891 1592 1319 1052 1215 
8892 1592 1052 1319 137 
8893 136 1052 1319 1215 
8894 136 1319 1052 137 
8895 1526 537 466 538 
8896 147 1077 1098 1473 
8897 877 1539 953 997 
8898 953 1539 877 1343 
8899 502 1258 513 501 
8900 502 1258 501 1266 
8901 1201 1394 1139 1442 
8902 835 1223 1719 1440 
8903 1155 1600 1375 1212 
8904 1155 1375 1600 1360 
8905 1285 1375 1600 1212 
8906 1285 1600 1375 1360 
8907 1322 199 1525 294 
8908 806 1719 835 1223 
8909 1499 1003 1198 1523 
8910 1499 1003 1523 977 
8911 1499 1003 977 1001 
8912 1056 1499 1003 1198 
8913 264 1702 181 1500 
8914 1500 1702 1441 1345 
8915 902 1365 908 998 
8916 902 1365 998 1379 
8917 331 1212 1334 1285 
8918 300 331 1334 301 
8919 332 331 1334 1285 
8920 332 1334 331 301 
8921 1448 497 391 555 
8922 1448 391 497 1393 
8923 1345 812 1441 762 
8924 1345 812 762 607 
8925 462 1425 1274 135 
8926 462 1425 135 3 
8927 1484 774 684 671 
8928 1484 684 774 1346 
8929 383 1482 381 167 
8930 383 1234 381 1482 
8931 317 1176 318 1513 
8932 1513 1176 1294 1135 
8933 1620 1188 1138 1296 
8934 1620 1138 1188 1297 
8935 6 5 550 1712 
8936 900 1365 908 902 
8937 1237 1625 1302 1118 
8938 1302 1625 1237 1182 
8939 1536 1120 1178 1187 
8940 1682 45 534 416 
8941 1605 1190 1489 1260 
8942 1605 1489 1190 1450 
8943 801 1680 802 600 
8944 801 1680 600 1257 
8945 217 1676 174 1398 
8946 1676 288 174 65 
8947 120 1332 1395 121 
8948 1395 1332 120 1228 
8949 1552 1210 454 1420 
8950 1552 454 1210 1309 
8951 160 1718 1096 1110 
8952 1718 160 161 1110 
8953 1201 1165 1272 1228 
8954 1718 1292 1110 161 
8955 1333 513 503 566 
8956 1333 513 566 1510 
8957 1540 1185 952 1397 
8958 1540 952 1185 1515 
8959 933 952 1185 1397 
8960 933 1185 952 1515 
8961 1622 1338 1217 1119 
8962 1622 1217 1338 1425 
8963 11 10 405 1591 
8964 1643 1202 1148 1324 
8965 1384 1191 508 1452 
8966 1718 1105 1096 1110 
8967 1488 419 525 544 
8968 1488 525 419 1269 
8969 815 1599 1313 1312 
8970 815 1599 1312 766 
8971 815 1599 766 850 
8972 815 1599 850 1313 
8973 1654 1144 1238 1195 
8974 1654 1238 1144 1307 
8975 1405 787 788 776 
8976 1405 788 787 1361 
8977 1423 624 625 1229 
8978 1423 625 624 622 
8979 1049 1248 935 1508 
8980 1049 1248 1508 1390 
8981 1037 1497 1344 1016 
8982 1344 1497 1037 1300 
8983 1515 933 957 951 
8984 1708 1712 550 5 
8985 385 1653 282 281 
8986 282 1653 1517 1278 
8987 1444 739 1177 733 
8988 1444 1177 739 1362 
8989 1397 879 997 877 
8990 1397 997 879 1281 
8991 1402 579 465 589 
8992 1402 465 579 1366 
8993 1448 497 447 1249 
8994 1448 447 497 555 
8995 735 1588 685 768 
8996 685 1588 735 1315 
8997 1192 1608 541 1372 
8998 1192 541 1608 467 
8999 542 541 1608 1372 
9000 542 1608 541 467 
9001 1440 835 824 601 
9002 1440 824 835 1223 
9003 1572 978 887 974 
9004 1572 887 978 1293 
9005 1504 209 251 252 
9006 1504 251 209 1236 
9007 1647 1345 1481 1239 
9008 1481 1345 1647 1149 
9009 1481 1606 1647 1239 
9010 1647 1606 1481 1149 
9011 1576 708 693 694 
9012 1576 693 708 1242 
9013 1664 1426 476 1273 
9014 1426 425 476 399 
9015 1464 1200 437 1332 
9016 437 1200 1464 1241 
9017 1533 217 288 220 
9018 1533 1676 217 1226 
9019 1418 1617 1112 1412 
9020 1112 1617 1418 1401 
9021 1575 1394 644 1359 
9022 1575 1394 1359 1182 
9023 393 1284 450 584 
9024 450 1284 393 1477 
9025 1505 757 1632 1211 
9026 1505 1632 757 755 
9027 1134 1276 1118 1625 
9028 1134 1118 1276 1486 
9029 1473 1107 1102 1098 
9030 1102 1741 1107 1473 
9031 1658 666 668 763 
9032 1658 668 666 1598 
9033 383 1299 1482 324 
9034 383 1299 324 230 
9035 1484 684 672 671 
9036 1484 672 684 1244 
9037 1470 557 593 523 
9038 1470 593 557 1283 
9039 1423 623 621 622 
9040 1423 621 623 1585 
9041 1420 454 455 1210 
9042 1420 455 454 396 
9043 1437 549 559 1285 
9044 1437 559 549 507 
9045 1242 1570 1305 1136 
9046 1473 1741 148 1068 
9047 1480 747 1199 1382 
9048 1480 1199 747 634 
9049 633 1199 747 1382 
9050 633 747 1199 634 
9051 322 1683 1360 321 
9052 1683 1750 53 322 
9053 1347 1626 1505 701 
9054 1347 1505 1626 1245 
9055 772 1505 1626 701 
9056 772 1626 1505 1245 
9057 1488 179 13 369 
9058 1488 419 544 13 
9059 1747 266 1675 1492 
9060 1747 272 266 1492 
9061 1552 1664 1567 1420 
9062 1567 1664 1552 1273 
9063 1312 815 605 98 
9064 196 98 1312 359 
9065 1509 1592 1439 1185 
9066 1439 1592 1509 1319 
9067 1551 1438 1169 1407 
9068 1551 1169 1438 1237 
9069 1709 314 1678 1268 
9070 1709 314 1268 297 
9071 1535 1268 1141 1322 
9072 1535 1141 1268 1461 
9073 1717 569 1353 547 
9074 547 56 55 1717 
9075 1735 580 409 1538 
9076 580 1537 1352 1323 
9077 1462 1521 1400 1205 
9078 1400 1521 1462 1143 
9079 293 1671 1322 199 
9080 293 1671 199 69 
9081 1540 879 1397 878 
9082 1540 1397 879 1281 
9083 1593 1370 1133 1253 
9084 1593 1133 1370 1501 
9085 1717 569 547 56 
9086 1674 1717 547 55 
9087 1611 1000 899 1004 
9088 1203 1004 1611 1367 
9089 897 1004 1611 899 
9090 897 1611 1004 1367 
9091 187 1675 28 266 
9092 187 1675 266 1492 
9093 1648 1594 386 276 
9094 1648 386 1594 1189 
9095 265 1723 1216 202 
9096 265 1723 202 48 
9097 1543 949 930 925 
9098 1543 930 949 1368 
9099 564 1745 1275 1673 
9100 1745 197 41 231 
9101 1702 812 607 104 
9102 181 104 1702 351 
9103 1609 1610 1601 799 
9104 1601 1610 1609 1212 
9105 1422 528 411 529 
9106 1422 528 529 1615 
9107 578 1579 1437 444 
9108 1437 1579 578 1375 
9109 1010 1621 1009 1058 
9110 1009 1621 1010 1227 
9111 1554 573 529 1422 
9112 1554 529 573 422 
9113 275 1224 1594 354 
9114 275 1224 354 201 
9115 254 1721 171 32 
9116 254 1721 32 1677 
9117 1712 206 1704 6 
9118 1712 206 6 230 
9119 1491 1200 437 1241 
9120 437 1200 1491 1279 
9121 1611 1466 1379 1203 
9122 1611 1379 1466 1173 
9123 1535 838 831 1322 
9124 1535 831 838 726 
9125 1432 905 907 906 
9126 1432 907 905 1518 
9127 1556 1069 1240 993 
9128 1556 1240 1069 1499 
9129 1532 966 1064 1473 
9130 1532 1064 966 964 
9131 1552 585 396 117 
9132 1552 396 585 1420 
9133 360 1549 257 208 
9134 361 257 1549 208 
9135 361 1549 257 1391 
9136 1703 208 89 361 
9137 1703 830 614 89 
9138 1651 597 621 800 
9139 1651 621 597 1250 
9140 1637 155 1071 1101 
9141 1637 1754 155 854 
9142 318 1513 205 377 
9143 205 1513 318 1294 
9144 966 1727 1061 1473 
9145 1674 1717 1353 547 
9146 370 1525 1488 296 
9147 370 1525 296 294 
9148 1718 983 160 1048 
9149 20 21 1716 531 
9150 1249 1125 1393 1157 
9151 531 1716 20 409 
9152 1716 409 531 1538 
9153 1625 1505 1118 1245 
9154 1681 169 1434 347 
9155 837 1757 1434 1681 
9156 1693 1065 165 1041 
9157 1693 1100 1076 165 
9158 1743 349 1697 107 
9159 1743 349 107 203 
9160 1742 207 330 112 
9161 1742 207 112 1696 
9162 1382 745 633 1280 
9163 1382 633 745 747 
9164 1264 424 1389 1329 
9165 1389 424 1264 426 
9166 1549 257 1188 360 
9167 1549 1188 257 1391 
9168 1752 302 186 1356 
9169 1668 1356 810 1424 
9170 810 1752 1356 1668 
9171 1668 1751 75 212 
9172 1668 1751 212 1424 
9173 75 76 810 1668 
9174 1716 1294 531 21 
9175 1427 1723 47 202 
9176 1716 531 1294 1538 
9177 1427 46 47 407 
9178 1427 1720 193 46 
9179 1357 1747 210 30 
9180 1357 1721 31 171 
9181 73 74 600 1680 
9182 1357 517 30 402 
9183 402 31 30 1357 
9184 1669 406 541 1192 
9185 406 1192 1669 1283 
9186 1713 406 1669 1283 
9187 38 1669 406 541 
9188 1713 406 1283 532 
9189 37 38 1669 406 
9190 1670 537 1371 1526 
9191 26 537 1526 538 
9192 1710 271 187 27 
9193 1440 95 94 601 
9194 1710 271 27 1670 
9195 26 27 1670 537 
9196 1488 419 13 1715 
9197 1372 1745 40 231 
9198 541 542 39 1372 
9199 419 14 13 1715 
9200 542 40 39 1372 
9201 1715 1445 419 14 
9202 539 1452 50 540 
9203 1452 1723 265 49 
9204 1452 418 49 540 
9205 49 50 1452 540 
9206 820 1671 1268 1322 
9207 820 1671 610 1268 
9208 70 610 820 1671 
9209 69 820 617 1671 
9210 69 70 820 1671 
9211 1322 1671 617 820 
9212 1715 1269 419 1445 
9213 1305 1672 1398 1234 
9214 1672 64 611 1398 
9215 419 1269 1715 1488 
9216 1672 64 63 611 
9217 1673 1760 42 235 
9218 1745 197 231 1275 
9219 1673 1760 235 1275 
9220 41 42 1673 564 
9221 1745 197 1275 1673 
9222 1674 413 1353 1360 
9223 1750 168 322 1360 
9224 413 547 1674 1353 
9225 413 1750 1360 1674 
9226 55 547 1674 413 
9227 1674 54 55 413 
9228 1675 516 414 581 
9229 1747 266 210 29 
9230 581 29 28 1675 
9231 1675 516 581 517 
9232 1675 414 28 581 
9233 1676 1226 798 1398 
9234 64 1676 798 1398 
9235 1676 65 798 834 
9236 798 64 65 1676 
9237 1676 797 834 798 
9238 1677 1755 33 209 
9239 551 1721 546 1451 
9240 1677 1755 209 1451 
9241 551 33 32 1677 
9242 551 1721 1451 1677 
9243 841 1268 1678 1410 
9244 1678 1749 180 72 
9245 841 1749 1410 1678 
9246 1709 314 297 71 
9247 72 71 1678 841 
9248 1709 841 71 610 
9249 1679 569 1222 1353 
9250 1717 214 221 1353 
9251 1679 1736 57 387 
9252 1717 569 56 1679 
9253 325 1679 1736 1222 
9254 57 56 569 1679 
9255 801 1680 1257 1410 
$EndElements
